Model: Seq2Seq Transformer
Source index: <Seq2Seq Index with 45 items>
Target index: <Seq2Seq Index with 34 items>
Max sequence length: 800
Embedding dimension: 64
Feedforward dimension: 64
Encoder layers: 4
Decoder layers: 3
Attention heads: 2
Activation: relu
Dropout: 0.1
Trainable parameters: 285,538

Training started
X_train.shape: torch.Size([3048, 649])
Y_train.shape: torch.Size([3048, 7])
X_dev.shape: torch.Size([541, 337])
Y_dev.shape: torch.Size([541, 7])
Epochs: 500
Learning rate: 0.001
Weight decay: 1e-05
Epoch | Train                 | Development           | Minutes
      | Loss     | Error Rate | Loss     | Error Rate |
---------------------------------------------------------------
    1 |   1.7747 |     50.705 |   1.3938 |     46.303 |     0.1
    2 |   1.3675 |     46.079 |   1.3364 |     46.888 |     0.2
    3 |   1.3039 |     44.663 |   1.2574 |     43.469 |     0.3
    4 |   1.2547 |     43.739 |   1.2101 |     42.021 |     0.4
    5 |   1.2138 |     42.279 |   1.1884 |     41.867 |     0.5
    6 |   1.1832 |     41.322 |   1.1463 |     39.803 |     0.6
    7 |   1.1559 |     40.507 |   1.1397 |     39.710 |     0.7
    8 |   1.1293 |     39.507 |   1.1136 |     38.293 |     0.8
    9 |   1.1054 |     38.872 |   1.1076 |     39.372 |     0.9
   10 |   1.0865 |     38.446 |   1.0722 |     37.092 |     1.0
   11 |   1.0570 |     37.194 |   1.0492 |     37.338 |     1.1
   12 |   1.0333 |     36.450 |   1.0608 |     36.815 |     1.2
   13 |   1.0194 |     35.767 |   1.0394 |     36.352 |     1.3
   14 |   0.9905 |     35.187 |   1.0193 |     35.059 |     1.4
   15 |   0.9752 |     34.394 |   1.0326 |     35.860 |     1.5
   16 |   0.9547 |     33.743 |   1.0255 |     34.627 |     1.6
   17 |   0.9277 |     32.196 |   1.0128 |     34.658 |     1.7
   18 |   0.9097 |     32.043 |   1.0233 |     33.949 |     1.8
   19 |   0.8905 |     31.173 |   1.0404 |     35.059 |     1.9
   20 |   0.8800 |     31.026 |   1.0098 |     33.087 |     2.0
   21 |   0.8596 |     30.337 |   1.0499 |     34.750 |     2.1
   22 |   0.8366 |     29.653 |   1.0257 |     33.580 |     2.2
   23 |   0.8241 |     29.035 |   1.0297 |     33.580 |     2.3
   24 |   0.8022 |     28.680 |   1.0371 |     33.857 |     2.4
Early stopping

Model: Seq2Seq Transformer
Source index: <Seq2Seq Index with 45 items>
Target index: <Seq2Seq Index with 34 items>
Max sequence length: 800
Embedding dimension: 128
Feedforward dimension: 256
Encoder layers: 4
Decoder layers: 3
Attention heads: 2
Activation: relu
Dropout: 0.1
Trainable parameters: 1,243,682

Training started
X_train.shape: torch.Size([3048, 649])
Y_train.shape: torch.Size([3048, 7])
X_dev.shape: torch.Size([541, 337])
Y_dev.shape: torch.Size([541, 7])
Epochs: 500
Learning rate: 0.0001
Weight decay: 0.0001
Epoch | Train                 | Development           | Minutes
      | Loss     | Error Rate | Loss     | Error Rate |
---------------------------------------------------------------
    1 |   2.1292 |     53.521 |   1.5239 |     46.642 |     0.1
    2 |   1.4989 |     45.997 |   1.4110 |     46.057 |     0.3
    3 |   1.4060 |     45.144 |   1.3421 |     43.685 |     0.4
    4 |   1.3536 |     44.237 |   1.3132 |     43.253 |     0.6
    5 |   1.3115 |     43.460 |   1.2843 |     43.346 |     0.7
    6 |   1.2738 |     42.580 |   1.2418 |     42.575 |     0.9
    7 |   1.2405 |     41.672 |   1.2354 |     42.606 |     1.0
    8 |   1.2168 |     41.328 |   1.2192 |     41.744 |     1.1
    9 |   1.1921 |     40.480 |   1.1747 |     40.049 |     1.3
   10 |   1.1721 |     40.119 |   1.1770 |     41.343 |     1.4
   11 |   1.1532 |     39.414 |   1.1584 |     39.402 |     1.6
   12 |   1.1340 |     38.648 |   1.1317 |     38.971 |     1.7
   13 |   1.1111 |     38.052 |   1.1373 |     39.094 |     1.9
   14 |   1.0964 |     37.462 |   1.0912 |     38.139 |     2.0
   15 |   1.0768 |     36.844 |   1.1001 |     38.016 |     2.1
   16 |   1.0631 |     36.171 |   1.0983 |     37.246 |     2.3
   17 |   1.0473 |     35.805 |   1.0614 |     36.383 |     2.4
   18 |   1.0379 |     35.624 |   1.0577 |     36.445 |     2.6
   19 |   1.0153 |     34.837 |   1.0608 |     36.168 |     2.7
   20 |   1.0007 |     33.984 |   1.0655 |     36.383 |     2.9
   21 |   0.9792 |     33.295 |   1.0775 |     36.691 |     3.0
   22 |   0.9707 |     33.175 |   1.0604 |     35.675 |     3.1
   23 |   0.9559 |     32.453 |   1.0351 |     34.442 |     3.3
   24 |   0.9418 |     32.218 |   1.0337 |     34.258 |     3.4
   25 |   0.9300 |     31.425 |   1.0327 |     33.795 |     3.6
   26 |   0.9092 |     30.889 |   1.0469 |     34.196 |     3.7
   27 |   0.9025 |     30.840 |   1.0591 |     34.935 |     3.9
   28 |   0.8865 |     29.970 |   1.0351 |     34.011 |     4.0
   29 |   0.8761 |     30.107 |   1.0708 |     35.336 |     4.1
   30 |   0.8648 |     29.610 |   1.0170 |     33.395 |     4.3
   31 |   0.8441 |     28.685 |   1.0343 |     34.227 |     4.4
   32 |   0.8421 |     28.560 |   1.0642 |     34.288 |     4.6
   33 |   0.8351 |     28.352 |   1.0315 |     33.426 |     4.7
   34 |   0.8175 |     27.909 |   1.0575 |     33.426 |     4.9
   35 |   0.8069 |     27.226 |   1.0035 |     32.594 |     5.0
   36 |   0.7903 |     27.001 |   1.0367 |     33.734 |     5.1
   37 |   0.7872 |     26.914 |   1.0485 |     33.672 |     5.3
   38 |   0.7708 |     26.274 |   1.0473 |     33.210 |     5.4
   39 |   0.7575 |     26.033 |   1.0215 |     32.286 |     5.6
Early stopping

Model: Seq2Seq Transformer
Source index: <Seq2Seq Index with 45 items>
Target index: <Seq2Seq Index with 34 items>
Max sequence length: 800
Embedding dimension: 128
Feedforward dimension: 256
Encoder layers: 2
Decoder layers: 4
Attention heads: 2
Activation: relu
Dropout: 0.2
Trainable parameters: 1,177,506

Training started
X_train.shape: torch.Size([3048, 649])
Y_train.shape: torch.Size([3048, 7])
X_dev.shape: torch.Size([541, 337])
Y_dev.shape: torch.Size([541, 7])
Epochs: 500
Learning rate: 0.001
Weight decay: 1e-05
Epoch | Train                 | Development           | Minutes
      | Loss     | Error Rate | Loss     | Error Rate |
---------------------------------------------------------------
    1 |   1.7023 |     51.115 |   1.3778 |     46.149 |     0.1
    2 |   1.3535 |     45.658 |   1.2917 |     44.455 |     0.2
    3 |   1.2948 |     44.155 |   1.2624 |     43.161 |     0.3
    4 |   1.2588 |     43.477 |   1.2390 |     43.038 |     0.4
    5 |   1.2334 |     42.624 |   1.2054 |     42.237 |     0.5
    6 |   1.2050 |     41.716 |   1.1958 |     40.819 |     0.6
    7 |   1.1758 |     40.639 |   1.1773 |     40.357 |     0.7
    8 |   1.1431 |     39.709 |   1.1520 |     40.049 |     0.8
    9 |   1.1298 |     39.255 |   1.1413 |     38.293 |     0.9
   10 |   1.1065 |     38.495 |   1.1360 |     37.954 |     1.0
   11 |   1.0923 |     37.653 |   1.1474 |     37.954 |     1.1
   12 |   1.0662 |     36.718 |   1.1510 |     38.817 |     1.1
   13 |   1.0426 |     36.242 |   1.1084 |     37.215 |     1.2
   14 |   1.0247 |     35.466 |   1.1276 |     38.971 |     1.3
   15 |   1.0082 |     34.843 |   1.1322 |     37.924 |     1.4
   16 |   0.9905 |     34.225 |   1.1313 |     37.400 |     1.5
   17 |   0.9925 |     34.378 |   1.1494 |     38.540 |     1.6
Early stopping

Model: Seq2Seq Transformer
Source index: <Seq2Seq Index with 45 items>
Target index: <Seq2Seq Index with 34 items>
Max sequence length: 800
Embedding dimension: 128
Feedforward dimension: 64
Encoder layers: 2
Decoder layers: 4
Attention heads: 2
Activation: relu
Dropout: 0.2
Trainable parameters: 881,442

Training started
X_train.shape: torch.Size([3048, 649])
Y_train.shape: torch.Size([3048, 7])
X_dev.shape: torch.Size([541, 337])
Y_dev.shape: torch.Size([541, 7])
Epochs: 500
Learning rate: 0.0001
Weight decay: 0.0001
Epoch | Train                 | Development           | Minutes
      | Loss     | Error Rate | Loss     | Error Rate |
---------------------------------------------------------------
    1 |   2.5830 |     65.207 |   1.8399 |     48.799 |     0.1
    2 |   1.7377 |     46.987 |   1.4950 |     46.580 |     0.2
    3 |   1.5207 |     46.320 |   1.4185 |     46.550 |     0.3
    4 |   1.4441 |     45.986 |   1.3683 |     45.872 |     0.4
    5 |   1.3932 |     45.308 |   1.3339 |     44.855 |     0.5
    6 |   1.3569 |     44.860 |   1.3086 |     43.685 |     0.5
    7 |   1.3322 |     44.160 |   1.2879 |     43.315 |     0.6
    8 |   1.3071 |     43.887 |   1.2918 |     43.654 |     0.7
    9 |   1.2905 |     43.395 |   1.2654 |     42.237 |     0.8
   10 |   1.2711 |     42.651 |   1.2468 |     43.561 |     0.9
   11 |   1.2562 |     42.574 |   1.2394 |     42.483 |     1.0
   12 |   1.2401 |     42.224 |   1.2349 |     42.853 |     1.1
   13 |   1.2269 |     42.000 |   1.2130 |     42.329 |     1.2
   14 |   1.2153 |     41.432 |   1.2188 |     42.144 |     1.3
   15 |   1.2020 |     40.967 |   1.2116 |     41.898 |     1.4
   16 |   1.1906 |     40.868 |   1.2008 |     40.604 |     1.5
   17 |   1.1799 |     40.240 |   1.2129 |     41.312 |     1.6
   18 |   1.1646 |     39.769 |   1.2018 |     40.943 |     1.6
   19 |   1.1582 |     39.808 |   1.1987 |     40.881 |     1.7
   20 |   1.1483 |     39.447 |   1.1780 |     39.680 |     1.8
   21 |   1.1412 |     39.233 |   1.1871 |     40.018 |     1.9
   22 |   1.1283 |     38.676 |   1.1833 |     40.265 |     2.0
   23 |   1.1195 |     38.282 |   1.1996 |     40.357 |     2.1
   24 |   1.1102 |     38.145 |   1.1911 |     40.481 |     2.2
Early stopping

Model: Seq2Seq Transformer
Source index: <Seq2Seq Index with 45 items>
Target index: <Seq2Seq Index with 34 items>
Max sequence length: 800
Embedding dimension: 128
Feedforward dimension: 256
Encoder layers: 4
Decoder layers: 2
Attention heads: 2
Activation: relu
Dropout: 0.2
Trainable parameters: 1,044,898

Training started
X_train.shape: torch.Size([3048, 649])
Y_train.shape: torch.Size([3048, 7])
X_dev.shape: torch.Size([541, 337])
Y_dev.shape: torch.Size([541, 7])
Epochs: 500
Learning rate: 0.001
Weight decay: 1e-05
Epoch | Train                 | Development           | Minutes
      | Loss     | Error Rate | Loss     | Error Rate |
---------------------------------------------------------------
    1 |   1.5642 |     48.185 |   1.3541 |     45.441 |     0.1
    2 |   1.3409 |     45.751 |   1.3052 |     45.132 |     0.3
    3 |   1.3006 |     45.462 |   1.2803 |     46.734 |     0.4
    4 |   1.2692 |     44.849 |   1.2307 |     43.222 |     0.5
    5 |   1.2431 |     43.974 |   1.2072 |     42.791 |     0.7
    6 |   1.2265 |     43.755 |   1.1824 |     41.990 |     0.8
    7 |   1.2073 |     43.198 |   1.1762 |     41.867 |     0.9
    8 |   1.1885 |     42.460 |   1.1629 |     41.898 |     1.1
    9 |   1.1791 |     42.334 |   1.1550 |     42.175 |     1.2
   10 |   1.1740 |     42.028 |   1.1626 |     41.744 |     1.3
   11 |   1.1650 |     41.880 |   1.1401 |     40.296 |     1.5
   12 |   1.1548 |     41.464 |   1.1340 |     41.004 |     1.6
   13 |   1.1472 |     41.607 |   1.1269 |     41.004 |     1.7
   14 |   1.1415 |     41.355 |   1.1291 |     41.158 |     1.9
   15 |   1.1311 |     41.322 |   1.1364 |     41.343 |     2.0
   16 |   1.1395 |     41.065 |   1.1184 |     40.265 |     2.1
   17 |   1.1289 |     41.240 |   1.1101 |     41.251 |     2.3
   18 |   1.1237 |     41.005 |   1.1567 |     41.898 |     2.4
   19 |   1.1278 |     41.224 |   1.1470 |     41.466 |     2.6
   20 |   1.1135 |     40.453 |   1.1825 |     42.791 |     2.7
   21 |   1.1170 |     40.491 |   1.1240 |     41.466 |     2.8
   22 |   1.1157 |     40.524 |   1.1082 |     41.158 |     3.0
   23 |   1.1160 |     40.819 |   1.1032 |     40.049 |     3.1
   24 |   1.1099 |     40.677 |   1.1641 |     41.343 |     3.2
   25 |   1.1072 |     40.529 |   1.1269 |     40.819 |     3.4
   26 |   1.1107 |     40.486 |   1.0990 |     39.741 |     3.5
   27 |   1.1044 |     40.633 |   1.1127 |     40.881 |     3.6
   28 |   1.1021 |     40.409 |   1.0932 |     39.772 |     3.8
   29 |   1.0980 |     40.179 |   1.0912 |     39.864 |     3.9
   30 |   1.0906 |     40.103 |   1.1012 |     40.080 |     4.0
   31 |   1.0864 |     39.753 |   1.0868 |     40.080 |     4.2
   32 |   1.0840 |     39.726 |   1.0895 |     39.618 |     4.3
   33 |   1.0822 |     39.709 |   1.0798 |     39.988 |     4.4
   34 |   1.0799 |     39.594 |   1.0889 |     40.111 |     4.6
   35 |   1.0891 |     40.234 |   1.0972 |     40.265 |     4.7
   36 |   1.1014 |     40.557 |   1.1187 |     40.696 |     4.8
   37 |   1.0978 |     40.294 |   1.1299 |     41.682 |     5.0
Early stopping

Model: Seq2Seq Transformer
Source index: <Seq2Seq Index with 45 items>
Target index: <Seq2Seq Index with 34 items>
Max sequence length: 800
Embedding dimension: 64
Feedforward dimension: 64
Encoder layers: 4
Decoder layers: 4
Attention heads: 4
Activation: relu
Dropout: 0.2
Trainable parameters: 327,522

Training started
X_train.shape: torch.Size([3048, 649])
Y_train.shape: torch.Size([3048, 7])
X_dev.shape: torch.Size([541, 337])
Y_dev.shape: torch.Size([541, 7])
Epochs: 500
Learning rate: 0.001
Weight decay: 0.0001
Epoch | Train                 | Development           | Minutes
      | Loss     | Error Rate | Loss     | Error Rate |
---------------------------------------------------------------
    1 |   1.8697 |     52.012 |   1.4237 |     46.550 |     0.2
    2 |   1.3990 |     46.074 |   1.3464 |     45.964 |     0.3
    3 |   1.3425 |     45.762 |   1.3164 |     44.732 |     0.5
    4 |   1.3157 |     45.576 |   1.2775 |     44.301 |     0.6
    5 |   1.2812 |     44.499 |   1.2592 |     44.054 |     0.8
    6 |   1.2513 |     43.739 |   1.2298 |     42.360 |     0.9
    7 |   1.2310 |     43.099 |   1.2152 |     41.220 |     1.1
    8 |   1.2109 |     42.203 |   1.1898 |     40.974 |     1.2
    9 |   1.1951 |     41.847 |   1.1885 |     41.651 |     1.4
   10 |   1.1788 |     41.388 |   1.1838 |     41.158 |     1.6
   11 |   1.1602 |     40.650 |   1.1506 |     39.402 |     1.7
   12 |   1.1400 |     39.890 |   1.1577 |     41.004 |     1.9
   13 |   1.1236 |     39.239 |   1.1303 |     39.649 |     2.0
   14 |   1.1131 |     38.982 |   1.1275 |     38.324 |     2.2
   15 |   1.1020 |     38.719 |   1.1454 |     38.786 |     2.3
   16 |   1.0830 |     38.058 |   1.1104 |     38.355 |     2.5
   17 |   1.0736 |     37.402 |   1.1207 |     38.016 |     2.6
   18 |   1.0583 |     37.320 |   1.1073 |     37.954 |     2.8
   19 |   1.0456 |     37.002 |   1.0943 |     37.954 |     3.0
   20 |   1.0376 |     36.811 |   1.0970 |     37.431 |     3.1
   21 |   1.0193 |     35.947 |   1.0733 |     37.092 |     3.3
   22 |   1.0110 |     35.324 |   1.0847 |     38.940 |     3.4
   23 |   1.0049 |     35.264 |   1.0897 |     37.277 |     3.6
   24 |   0.9900 |     34.897 |   1.0642 |     37.277 |     3.7
   25 |   0.9793 |     34.607 |   1.0964 |     38.078 |     3.9
   26 |   0.9695 |     34.186 |   1.1069 |     37.431 |     4.0
   27 |   0.9564 |     33.869 |   1.1060 |     38.170 |     4.2
   28 |   0.9451 |     33.672 |   1.1019 |     37.646 |     4.4
Early stopping

Model: Seq2Seq Transformer
Source index: <Seq2Seq Index with 45 items>
Target index: <Seq2Seq Index with 34 items>
Max sequence length: 800
Embedding dimension: 128
Feedforward dimension: 128
Encoder layers: 2
Decoder layers: 3
Attention heads: 4
Activation: relu
Dropout: 0.1
Trainable parameters: 814,242

Training started
X_train.shape: torch.Size([3048, 649])
Y_train.shape: torch.Size([3048, 7])
X_dev.shape: torch.Size([541, 337])
Y_dev.shape: torch.Size([541, 7])
Epochs: 500
Learning rate: 0.001
Weight decay: 1e-05
Epoch | Train                 | Development           | Minutes
      | Loss     | Error Rate | Loss     | Error Rate |
---------------------------------------------------------------
    1 |   1.5540 |     47.966 |   1.3129 |     44.486 |     0.1
    2 |   1.2594 |     43.088 |   1.2104 |     42.329 |     0.2
    3 |   1.1878 |     40.704 |   1.1431 |     40.173 |     0.3
    4 |   1.1214 |     39.212 |   1.0957 |     36.999 |     0.4
    5 |   1.0785 |     37.106 |   1.0663 |     36.661 |     0.5
    6 |   1.0287 |     35.575 |   1.0201 |     35.367 |     0.6
    7 |   0.9837 |     34.000 |   1.0369 |     35.243 |     0.7
    8 |   0.9441 |     33.065 |   1.0335 |     35.767 |     0.8
    9 |   0.9104 |     31.660 |   1.0119 |     34.011 |     0.9
   10 |   0.8700 |     30.435 |   1.0303 |     34.504 |     1.1
   11 |   0.8431 |     29.238 |   1.0051 |     32.994 |     1.2
   12 |   0.8028 |     27.997 |   1.0207 |     33.765 |     1.3
   13 |   0.7708 |     26.706 |   1.0265 |     33.272 |     1.4
   14 |   0.7400 |     25.541 |   1.0410 |     32.625 |     1.5
   15 |   0.7104 |     24.639 |   1.0709 |     33.148 |     1.6
Early stopping

Model: Seq2Seq Transformer
Source index: <Seq2Seq Index with 45 items>
Target index: <Seq2Seq Index with 34 items>
Max sequence length: 800
Embedding dimension: 128
Feedforward dimension: 128
Encoder layers: 4
Decoder layers: 2
Attention heads: 4
Activation: relu
Dropout: 0.1
Trainable parameters: 847,522

Training started
X_train.shape: torch.Size([3048, 649])
Y_train.shape: torch.Size([3048, 7])
X_dev.shape: torch.Size([541, 337])
Y_dev.shape: torch.Size([541, 7])
Epochs: 500
Learning rate: 0.0001
Weight decay: 0.0001
Epoch | Train                 | Development           | Minutes
      | Loss     | Error Rate | Loss     | Error Rate |
---------------------------------------------------------------
    1 |   2.2706 |     55.375 |   1.6274 |     46.426 |     0.2
    2 |   1.5664 |     45.921 |   1.4358 |     46.396 |     0.3
    3 |   1.4366 |     45.582 |   1.3616 |     45.287 |     0.5
    4 |   1.3725 |     45.106 |   1.3267 |     45.132 |     0.7
    5 |   1.3268 |     43.854 |   1.2872 |     43.222 |     0.8
    6 |   1.2901 |     43.231 |   1.2637 |     43.315 |     1.0
    7 |   1.2598 |     42.350 |   1.2451 |     42.206 |     1.2
    8 |   1.2364 |     42.104 |   1.2310 |     42.945 |     1.3
    9 |   1.2180 |     41.514 |   1.2170 |     41.836 |     1.5
   10 |   1.1938 |     40.896 |   1.1986 |     41.251 |     1.7
   11 |   1.1732 |     40.065 |   1.1770 |     40.665 |     1.8
   12 |   1.1535 |     39.310 |   1.1697 |     39.741 |     2.0
   13 |   1.1425 |     38.987 |   1.1575 |     39.279 |     2.2
   14 |   1.1134 |     37.910 |   1.1670 |     39.495 |     2.3
   15 |   1.0972 |     37.385 |   1.1622 |     38.571 |     2.5
   16 |   1.0859 |     37.101 |   1.1273 |     37.893 |     2.7
   17 |   1.0651 |     36.051 |   1.1322 |     38.509 |     2.8
   18 |   1.0495 |     35.608 |   1.1163 |     36.753 |     3.0
   19 |   1.0308 |     34.990 |   1.1093 |     37.030 |     3.1
   20 |   1.0187 |     34.596 |   1.1180 |     37.215 |     3.3
   21 |   1.0029 |     34.082 |   1.0895 |     36.322 |     3.5
   22 |   0.9883 |     33.574 |   1.0918 |     36.291 |     3.6
   23 |   0.9710 |     32.754 |   1.1146 |     36.784 |     3.8
   24 |   0.9560 |     32.311 |   1.1059 |     36.352 |     4.0
   25 |   0.9411 |     32.021 |   1.1025 |     36.229 |     4.1
Early stopping

Model: Seq2Seq Transformer
Source index: <Seq2Seq Index with 45 items>
Target index: <Seq2Seq Index with 34 items>
Max sequence length: 800
Embedding dimension: 128
Feedforward dimension: 128
Encoder layers: 2
Decoder layers: 4
Attention heads: 2
Activation: relu
Dropout: 0.0
Trainable parameters: 980,130

Training started
X_train.shape: torch.Size([3048, 649])
Y_train.shape: torch.Size([3048, 7])
X_dev.shape: torch.Size([541, 337])
Y_dev.shape: torch.Size([541, 7])
Epochs: 500
Learning rate: 0.0001
Weight decay: 1e-05
Epoch | Train                 | Development           | Minutes
      | Loss     | Error Rate | Loss     | Error Rate |
---------------------------------------------------------------
    1 |   2.0710 |     53.308 |   1.5116 |     46.396 |     0.1
    2 |   1.4152 |     44.543 |   1.3617 |     44.301 |     0.2
    3 |   1.3160 |     42.820 |   1.3060 |     43.746 |     0.3
    4 |   1.2518 |     41.295 |   1.2724 |     43.407 |     0.3
    5 |   1.1982 |     40.218 |   1.2271 |     41.805 |     0.4
    6 |   1.1567 |     39.015 |   1.1893 |     40.419 |     0.5
    7 |   1.1233 |     38.069 |   1.1519 |     39.002 |     0.6
    8 |   1.0820 |     36.620 |   1.1418 |     39.310 |     0.7
    9 |   1.0534 |     35.586 |   1.1031 |     37.400 |     0.8
   10 |   1.0222 |     34.148 |   1.0853 |     37.030 |     0.9
   11 |   0.9972 |     33.650 |   1.0807 |     36.537 |     1.0
   12 |   0.9731 |     32.677 |   1.0533 |     35.705 |     1.0
   13 |   0.9404 |     31.381 |   1.0445 |     35.367 |     1.1
   14 |   0.9160 |     30.796 |   1.0345 |     35.089 |     1.2
   15 |   0.8940 |     30.102 |   1.0270 |     34.165 |     1.3
   16 |   0.8673 |     29.216 |   1.0043 |     33.210 |     1.4
   17 |   0.8417 |     28.215 |   0.9994 |     33.518 |     1.5
   18 |   0.8210 |     27.428 |   0.9950 |     33.025 |     1.6
   19 |   0.7979 |     26.602 |   1.0172 |     32.994 |     1.7
   20 |   0.7767 |     26.012 |   0.9944 |     32.286 |     1.7
   21 |   0.7539 |     25.049 |   0.9948 |     32.440 |     1.8
   22 |   0.7342 |     24.743 |   1.0109 |     33.148 |     1.9
   23 |   0.7113 |     23.513 |   1.0014 |     31.731 |     2.0
   24 |   0.6924 |     23.064 |   0.9991 |     31.577 |     2.1
Early stopping

Model: Seq2Seq Transformer
Source index: <Seq2Seq Index with 45 items>
Target index: <Seq2Seq Index with 34 items>
Max sequence length: 800
Embedding dimension: 64
Feedforward dimension: 128
Encoder layers: 4
Decoder layers: 3
Attention heads: 4
Activation: relu
Dropout: 0.0
Trainable parameters: 343,330

Training started
X_train.shape: torch.Size([3048, 649])
Y_train.shape: torch.Size([3048, 7])
X_dev.shape: torch.Size([541, 337])
Y_dev.shape: torch.Size([541, 7])
Epochs: 500
Learning rate: 0.0001
Weight decay: 0.0001
Epoch | Train                 | Development           | Minutes
      | Loss     | Error Rate | Loss     | Error Rate |
---------------------------------------------------------------
    1 |   2.5748 |     63.654 |   1.9265 |     47.659 |     0.1
    2 |   1.7024 |     46.041 |   1.5987 |     46.272 |     0.3
    3 |   1.5183 |     45.232 |   1.4911 |     45.656 |     0.4
    4 |   1.4331 |     44.269 |   1.4232 |     44.824 |     0.5
    5 |   1.3769 |     43.723 |   1.3779 |     44.301 |     0.7
    6 |   1.3324 |     42.733 |   1.3380 |     43.438 |     0.8
    7 |   1.2981 |     42.148 |   1.3078 |     43.007 |     1.0
    8 |   1.2697 |     41.552 |   1.2878 |     42.914 |     1.1
    9 |   1.2420 |     41.377 |   1.2705 |     42.175 |     1.2
   10 |   1.2159 |     40.764 |   1.2370 |     40.635 |     1.4
   11 |   1.1965 |     40.043 |   1.2275 |     40.173 |     1.5
   12 |   1.1739 |     39.589 |   1.2196 |     40.881 |     1.6
   13 |   1.1539 |     38.785 |   1.2076 |     40.881 |     1.8
   14 |   1.1360 |     38.419 |   1.1769 |     39.957 |     1.9
   15 |   1.1204 |     37.691 |   1.1763 |     39.094 |     2.0
   16 |   1.1048 |     37.631 |   1.1560 |     39.217 |     2.2
   17 |   1.0855 |     36.937 |   1.1486 |     39.063 |     2.3
   18 |   1.0719 |     36.292 |   1.1263 |     38.293 |     2.5
   19 |   1.0552 |     35.838 |   1.1397 |     38.940 |     2.6
   20 |   1.0382 |     35.149 |   1.1164 |     37.924 |     2.7
   21 |   1.0262 |     34.908 |   1.1135 |     38.232 |     2.9
   22 |   1.0129 |     34.580 |   1.1056 |     36.599 |     3.0
   23 |   1.0023 |     34.055 |   1.1122 |     37.030 |     3.1
   24 |   0.9827 |     33.350 |   1.1118 |     37.646 |     3.3
   25 |   0.9768 |     33.240 |   1.0870 |     36.630 |     3.4
   26 |   0.9635 |     32.781 |   1.1092 |     37.277 |     3.5
   27 |   0.9499 |     32.283 |   1.0747 |     35.890 |     3.7
   28 |   0.9376 |     31.846 |   1.0652 |     36.168 |     3.8
   29 |   0.9256 |     31.277 |   1.0824 |     36.229 |     4.0
   30 |   0.9166 |     31.064 |   1.0639 |     35.613 |     4.1
   31 |   0.9018 |     30.474 |   1.0509 |     36.291 |     4.2
   32 |   0.8941 |     30.337 |   1.0435 |     35.890 |     4.4
   33 |   0.8854 |     29.806 |   1.0385 |     35.582 |     4.5
   34 |   0.8691 |     29.451 |   1.0354 |     35.028 |     4.6
   35 |   0.8679 |     29.435 |   1.0496 |     35.336 |     4.8
   36 |   0.8504 |     29.008 |   1.0233 |     34.843 |     4.9
   37 |   0.8422 |     28.483 |   1.0374 |     34.812 |     5.0
   38 |   0.8273 |     27.980 |   1.0486 |     35.089 |     5.2
   39 |   0.8196 |     27.734 |   1.0669 |     35.829 |     5.3
   40 |   0.8138 |     27.625 |   1.0286 |     34.658 |     5.5
   41 |   0.8021 |     26.794 |   1.0134 |     33.857 |     5.6
   42 |   0.7943 |     26.925 |   1.0124 |     34.442 |     5.7
   43 |   0.7843 |     26.515 |   1.0226 |     34.904 |     5.9
   44 |   0.7786 |     26.372 |   1.0253 |     34.874 |     6.0
   45 |   0.7718 |     26.236 |   1.0008 |     33.487 |     6.1
   46 |   0.7612 |     25.722 |   1.0361 |     34.781 |     6.3
   47 |   0.7481 |     25.219 |   1.0162 |     33.210 |     6.4
   48 |   0.7396 |     25.087 |   1.0316 |     34.227 |     6.5
   49 |   0.7331 |     24.869 |   1.0179 |     33.641 |     6.7
Early stopping

Model: Seq2Seq Transformer
Source index: <Seq2Seq Index with 45 items>
Target index: <Seq2Seq Index with 34 items>
Max sequence length: 800
Embedding dimension: 64
Feedforward dimension: 256
Encoder layers: 2
Decoder layers: 4
Attention heads: 2
Activation: relu
Dropout: 0.0
Trainable parameters: 425,698

Training started
X_train.shape: torch.Size([3048, 649])
Y_train.shape: torch.Size([3048, 7])
X_dev.shape: torch.Size([541, 337])
Y_dev.shape: torch.Size([541, 7])
Epochs: 500
Learning rate: 0.0001
Weight decay: 1e-05
Epoch | Train                 | Development           | Minutes
      | Loss     | Error Rate | Loss     | Error Rate |
---------------------------------------------------------------
    1 |   2.2557 |     55.430 |   1.7206 |     46.303 |     0.1
    2 |   1.6024 |     46.019 |   1.5382 |     46.303 |     0.1
    3 |   1.4784 |     45.281 |   1.4472 |     44.855 |     0.2
    4 |   1.4070 |     44.073 |   1.3836 |     44.177 |     0.3
    5 |   1.3542 |     43.247 |   1.3604 |     44.609 |     0.3
    6 |   1.3180 |     42.974 |   1.3124 |     42.884 |     0.4
    7 |   1.2807 |     41.885 |   1.2930 |     44.208 |     0.5
    8 |   1.2441 |     41.224 |   1.2569 |     42.267 |     0.6
    9 |   1.2154 |     40.584 |   1.2438 |     40.419 |     0.6
   10 |   1.1895 |     39.348 |   1.2146 |     40.018 |     0.7
   11 |   1.1621 |     38.872 |   1.2049 |     39.587 |     0.8
   12 |   1.1402 |     38.222 |   1.2092 |     39.803 |     0.8
   13 |   1.1219 |     37.598 |   1.1942 |     40.080 |     0.9
   14 |   1.1029 |     36.844 |   1.1437 |     38.601 |     1.0
   15 |   1.0863 |     36.302 |   1.1278 |     37.800 |     1.0
   16 |   1.0620 |     35.630 |   1.1237 |     37.461 |     1.1
   17 |   1.0469 |     34.870 |   1.1208 |     36.506 |     1.2
   18 |   1.0266 |     34.520 |   1.1137 |     36.722 |     1.2
   19 |   1.0086 |     34.170 |   1.0844 |     36.476 |     1.3
   20 |   0.9933 |     33.333 |   1.0690 |     34.966 |     1.4
   21 |   0.9733 |     32.530 |   1.0585 |     34.658 |     1.5
   22 |   0.9531 |     31.862 |   1.0593 |     34.504 |     1.5
   23 |   0.9398 |     31.594 |   1.0688 |     35.551 |     1.6
   24 |   0.9266 |     31.179 |   1.0873 |     35.798 |     1.7
   25 |   0.9081 |     30.326 |   1.0477 |     34.535 |     1.7
   26 |   0.8947 |     29.735 |   1.0478 |     34.412 |     1.8
   27 |   0.8761 |     29.079 |   1.0240 |     33.795 |     1.9
   28 |   0.8620 |     28.636 |   1.0079 |     33.241 |     1.9
   29 |   0.8493 |     28.472 |   1.0203 |     33.457 |     2.0
   30 |   0.8326 |     27.521 |   1.0320 |     33.949 |     2.1
   31 |   0.8233 |     27.226 |   1.0460 |     34.104 |     2.2
   32 |   0.8110 |     27.198 |   0.9952 |     32.840 |     2.2
   33 |   0.7989 |     26.362 |   1.0448 |     33.487 |     2.3
   34 |   0.7819 |     25.973 |   1.0216 |     33.025 |     2.4
   35 |   0.7736 |     25.826 |   0.9961 |     32.625 |     2.4
   36 |   0.7563 |     25.011 |   1.0027 |     32.964 |     2.5
Early stopping

Model: Seq2Seq Transformer
Source index: <Seq2Seq Index with 45 items>
Target index: <Seq2Seq Index with 34 items>
Max sequence length: 800
Embedding dimension: 128
Feedforward dimension: 128
Encoder layers: 2
Decoder layers: 3
Attention heads: 2
Activation: relu
Dropout: 0.0
Trainable parameters: 814,242

Training started
X_train.shape: torch.Size([3048, 649])
Y_train.shape: torch.Size([3048, 7])
X_dev.shape: torch.Size([541, 337])
Y_dev.shape: torch.Size([541, 7])
Epochs: 500
Learning rate: 0.001
Weight decay: 0.0001
Epoch | Train                 | Development           | Minutes
      | Loss     | Error Rate | Loss     | Error Rate |
---------------------------------------------------------------
    1 |   1.5208 |     47.572 |   1.2963 |     44.886 |     0.1
    2 |   1.2172 |     41.940 |   1.1942 |     41.867 |     0.2
    3 |   1.1277 |     39.129 |   1.1266 |     39.033 |     0.2
    4 |   1.0678 |     37.511 |   1.1174 |     37.616 |     0.3
    5 |   1.0104 |     35.471 |   1.0580 |     36.691 |     0.4
    6 |   0.9689 |     34.203 |   1.0132 |     34.812 |     0.5
    7 |   0.9129 |     31.857 |   1.0358 |     34.812 |     0.6
    8 |   0.8847 |     31.184 |   1.0386 |     34.750 |     0.6
    9 |   0.8298 |     29.063 |   1.0218 |     33.364 |     0.7
   10 |   0.7907 |     27.313 |   0.9906 |     33.272 |     0.8
   11 |   0.7443 |     25.820 |   1.0476 |     34.535 |     0.9
   12 |   0.7090 |     24.891 |   1.0186 |     33.179 |     0.9
   13 |   0.6640 |     23.157 |   1.0471 |     32.563 |     1.0
   14 |   0.6387 |     22.146 |   1.0439 |     33.303 |     1.1
Early stopping

Model: Seq2Seq Transformer
Source index: <Seq2Seq Index with 45 items>
Target index: <Seq2Seq Index with 34 items>
Max sequence length: 800
Embedding dimension: 64
Feedforward dimension: 128
Encoder layers: 4
Decoder layers: 3
Attention heads: 4
Activation: relu
Dropout: 0.1
Trainable parameters: 343,330

Training started
X_train.shape: torch.Size([3048, 649])
Y_train.shape: torch.Size([3048, 7])
X_dev.shape: torch.Size([541, 337])
Y_dev.shape: torch.Size([541, 7])
Epochs: 500
Learning rate: 0.001
Weight decay: 0.0001
Epoch | Train                 | Development           | Minutes
      | Loss     | Error Rate | Loss     | Error Rate |
---------------------------------------------------------------
    1 |   1.7322 |     49.295 |   1.3507 |     45.379 |     0.1
    2 |   1.3315 |     45.276 |   1.2808 |     44.455 |     0.3
    3 |   1.2704 |     44.330 |   1.2288 |     43.869 |     0.4
    4 |   1.2343 |     43.854 |   1.2164 |     43.038 |     0.6
    5 |   1.2090 |     43.149 |   1.1882 |     42.021 |     0.7
    6 |   1.1918 |     42.793 |   1.1670 |     42.267 |     0.9
    7 |   1.1724 |     42.799 |   1.1511 |     41.805 |     1.0
    8 |   1.1559 |     42.197 |   1.1378 |     42.021 |     1.2
    9 |   1.1500 |     41.732 |   1.1292 |     41.312 |     1.4
   10 |   1.1412 |     41.956 |   1.1312 |     41.343 |     1.5
   11 |   1.1354 |     41.541 |   1.1267 |     41.466 |     1.7
   12 |   1.1282 |     41.574 |   1.1257 |     41.436 |     1.8
   13 |   1.1221 |     41.328 |   1.1222 |     42.206 |     2.0
   14 |   1.1211 |     41.514 |   1.1111 |     40.881 |     2.1
   15 |   1.1136 |     41.300 |   1.1175 |     41.312 |     2.3
   16 |   1.1088 |     41.131 |   1.1078 |     41.189 |     2.4
   17 |   1.1035 |     40.874 |   1.1113 |     40.450 |     2.6
   18 |   1.1065 |     41.180 |   1.1061 |     41.097 |     2.7
   19 |   1.1009 |     40.863 |   1.0990 |     41.004 |     2.9
   20 |   1.0943 |     40.764 |   1.1028 |     41.128 |     3.0
   21 |   1.0962 |     41.273 |   1.0978 |     41.343 |     3.1
   22 |   1.0947 |     40.759 |   1.0921 |     40.881 |     3.3
   23 |   1.0934 |     40.912 |   1.1020 |     40.943 |     3.4
   24 |   1.0893 |     40.650 |   1.0936 |     41.312 |     3.6
   25 |   1.0830 |     40.436 |   1.0945 |     41.158 |     3.8
   26 |   1.0829 |     40.770 |   1.0953 |     40.635 |     3.9
Early stopping

Model: Seq2Seq Transformer
Source index: <Seq2Seq Index with 45 items>
Target index: <Seq2Seq Index with 34 items>
Max sequence length: 800
Embedding dimension: 128
Feedforward dimension: 128
Encoder layers: 2
Decoder layers: 2
Attention heads: 4
Activation: relu
Dropout: 0.2
Trainable parameters: 648,354

Training started
X_train.shape: torch.Size([3048, 649])
Y_train.shape: torch.Size([3048, 7])
X_dev.shape: torch.Size([541, 337])
Y_dev.shape: torch.Size([541, 7])
Epochs: 500
Learning rate: 0.0001
Weight decay: 1e-05
Epoch | Train                 | Development           | Minutes
      | Loss     | Error Rate | Loss     | Error Rate |
---------------------------------------------------------------
    1 |   2.4047 |     57.797 |   1.6816 |     46.488 |     0.1
    2 |   1.6477 |     46.752 |   1.4482 |     46.519 |     0.2
    3 |   1.4749 |     46.014 |   1.3717 |     45.194 |     0.3
    4 |   1.3993 |     45.423 |   1.3230 |     44.670 |     0.4
    5 |   1.3563 |     44.111 |   1.2939 |     45.595 |     0.5
    6 |   1.3212 |     43.706 |   1.2742 |     43.777 |     0.6
    7 |   1.2923 |     43.159 |   1.2492 |     43.500 |     0.7
    8 |   1.2734 |     42.531 |   1.2318 |     43.346 |     0.8
    9 |   1.2508 |     42.164 |   1.2155 |     42.514 |     0.9
   10 |   1.2279 |     41.935 |   1.2095 |     42.637 |     1.0
   11 |   1.2124 |     41.175 |   1.1888 |     41.282 |     1.1
   12 |   1.1980 |     40.639 |   1.1896 |     41.158 |     1.2
   13 |   1.1790 |     40.294 |   1.1631 |     40.203 |     1.2
   14 |   1.1683 |     39.786 |   1.1684 |     40.635 |     1.3
   15 |   1.1516 |     39.250 |   1.1393 |     38.879 |     1.4
   16 |   1.1342 |     38.785 |   1.1452 |     39.495 |     1.5
   17 |   1.1255 |     38.654 |   1.1369 |     39.094 |     1.6
   18 |   1.1116 |     38.101 |   1.1214 |     38.694 |     1.7
   19 |   1.0984 |     37.937 |   1.1315 |     39.433 |     1.8
   20 |   1.0875 |     37.210 |   1.0906 |     37.554 |     1.9
   21 |   1.0780 |     37.002 |   1.1187 |     38.632 |     2.0
   22 |   1.0627 |     36.428 |   1.1101 |     37.585 |     2.1
   23 |   1.0456 |     35.712 |   1.0942 |     37.554 |     2.2
   24 |   1.0386 |     35.357 |   1.0976 |     36.630 |     2.3
Early stopping

Model: Seq2Seq Transformer
Source index: <Seq2Seq Index with 45 items>
Target index: <Seq2Seq Index with 34 items>
Max sequence length: 800
Embedding dimension: 128
Feedforward dimension: 128
Encoder layers: 2
Decoder layers: 4
Attention heads: 2
Activation: relu
Dropout: 0.1
Trainable parameters: 980,130

Training started
X_train.shape: torch.Size([3048, 649])
Y_train.shape: torch.Size([3048, 7])
X_dev.shape: torch.Size([541, 337])
Y_dev.shape: torch.Size([541, 7])
Epochs: 500
Learning rate: 0.001
Weight decay: 0.0001
Epoch | Train                 | Development           | Minutes
      | Loss     | Error Rate | Loss     | Error Rate |
---------------------------------------------------------------
    1 |   1.6041 |     49.152 |   1.3350 |     45.595 |     0.1
    2 |   1.3082 |     44.444 |   1.2612 |     42.791 |     0.2
    3 |   1.2476 |     42.831 |   1.2074 |     41.744 |     0.3
    4 |   1.1892 |     41.196 |   1.1986 |     41.867 |     0.4
    5 |   1.1472 |     39.851 |   1.1350 |     39.988 |     0.5
    6 |   1.1098 |     38.397 |   1.0984 |     38.355 |     0.5
    7 |   1.0644 |     36.975 |   1.0721 |     36.815 |     0.6
    8 |   1.0222 |     35.745 |   1.0516 |     36.537 |     0.7
    9 |   0.9881 |     34.208 |   1.0528 |     35.798 |     0.8
   10 |   0.9508 |     32.978 |   1.0237 |     34.566 |     0.9
   11 |   0.9210 |     32.273 |   1.0325 |     34.812 |     1.0
   12 |   0.8855 |     30.665 |   1.0249 |     33.980 |     1.1
   13 |   0.8567 |     29.861 |   1.0102 |     33.549 |     1.2
   14 |   0.8363 |     29.041 |   0.9952 |     33.272 |     1.3
   15 |   0.7949 |     27.854 |   1.0417 |     33.549 |     1.4
   16 |   0.7736 |     26.958 |   1.0151 |     33.795 |     1.5
   17 |   0.7298 |     25.547 |   1.0425 |     33.426 |     1.6
   18 |   0.7108 |     24.787 |   1.0599 |     33.641 |     1.7
Early stopping

Model: Seq2Seq Transformer
Source index: <Seq2Seq Index with 45 items>
Target index: <Seq2Seq Index with 34 items>
Max sequence length: 800
Embedding dimension: 64
Feedforward dimension: 128
Encoder layers: 4
Decoder layers: 4
Attention heads: 2
Activation: relu
Dropout: 0.0
Trainable parameters: 393,570

Training started
X_train.shape: torch.Size([3048, 649])
Y_train.shape: torch.Size([3048, 7])
X_dev.shape: torch.Size([541, 337])
Y_dev.shape: torch.Size([541, 7])
Epochs: 500
Learning rate: 0.001
Weight decay: 1e-05
Epoch | Train                 | Development           | Minutes
      | Loss     | Error Rate | Loss     | Error Rate |
---------------------------------------------------------------
    1 |   1.6397 |     47.813 |   1.3423 |     44.670 |     0.1
    2 |   1.2840 |     44.297 |   1.2413 |     42.668 |     0.2
    3 |   1.2090 |     42.755 |   1.2105 |     42.822 |     0.3
    4 |   1.1560 |     41.273 |   1.1627 |     39.772 |     0.4
    5 |   1.1239 |     40.294 |   1.1536 |     41.497 |     0.5
    6 |   1.0902 |     39.140 |   1.1170 |     39.618 |     0.6
    7 |   1.0708 |     37.959 |   1.0797 |     39.279 |     0.7
    8 |   1.0389 |     37.303 |   1.0557 |     37.492 |     0.8
    9 |   1.0176 |     36.724 |   1.0681 |     38.663 |     0.9
   10 |   1.0057 |     35.985 |   1.0549 |     37.123 |     1.0
   11 |   0.9730 |     34.640 |   1.0577 |     38.047 |     1.1
   12 |   0.9531 |     34.476 |   1.0435 |     36.845 |     1.2
   13 |   0.9366 |     33.765 |   1.0291 |     35.736 |     1.3
   14 |   0.9118 |     32.601 |   1.0184 |     36.876 |     1.4
   15 |   0.8885 |     31.835 |   1.0392 |     35.582 |     1.5
   16 |   0.8732 |     31.425 |   1.0264 |     35.551 |     1.6
   17 |   0.8530 |     30.217 |   1.0074 |     35.120 |     1.7
   18 |   0.8307 |     29.785 |   1.0015 |     34.104 |     1.8
   19 |   0.8016 |     28.953 |   1.0052 |     34.935 |     1.9
   20 |   0.7954 |     28.166 |   1.0306 |     35.059 |     2.0
   21 |   0.7640 |     27.198 |   1.0175 |     34.596 |     2.1
   22 |   0.7375 |     26.351 |   1.0317 |     34.011 |     2.2
Early stopping

Model: Seq2Seq Transformer
Source index: <Seq2Seq Index with 45 items>
Target index: <Seq2Seq Index with 34 items>
Max sequence length: 800
Embedding dimension: 64
Feedforward dimension: 64
Encoder layers: 2
Decoder layers: 2
Attention heads: 2
Activation: relu
Dropout: 0.0
Trainable parameters: 193,122

Training started
X_train.shape: torch.Size([3048, 649])
Y_train.shape: torch.Size([3048, 7])
X_dev.shape: torch.Size([541, 337])
Y_dev.shape: torch.Size([541, 7])
Epochs: 500
Learning rate: 0.0001
Weight decay: 0.0001
Epoch | Train                 | Development           | Minutes
      | Loss     | Error Rate | Loss     | Error Rate |
---------------------------------------------------------------
    1 |   2.6337 |     64.829 |   2.1126 |     49.291 |     0.1
    2 |   1.8177 |     46.490 |   1.6605 |     45.872 |     0.1
    3 |   1.5575 |     46.063 |   1.5157 |     46.087 |     0.2
    4 |   1.4597 |     45.221 |   1.4471 |     45.595 |     0.2
    5 |   1.4047 |     44.773 |   1.4064 |     44.208 |     0.3
    6 |   1.3645 |     43.673 |   1.3692 |     44.054 |     0.3
    7 |   1.3312 |     43.099 |   1.3396 |     43.438 |     0.4
    8 |   1.3063 |     42.706 |   1.3164 |     43.161 |     0.4
    9 |   1.2795 |     42.301 |   1.2963 |     43.993 |     0.5
   10 |   1.2581 |     41.984 |   1.2728 |     43.253 |     0.5
   11 |   1.2392 |     41.508 |   1.2576 |     42.914 |     0.6
   12 |   1.2208 |     41.191 |   1.2449 |     42.514 |     0.6
   13 |   1.2035 |     41.021 |   1.2276 |     41.189 |     0.7
   14 |   1.1907 |     40.343 |   1.2188 |     41.097 |     0.7
   15 |   1.1730 |     40.010 |   1.2122 |     40.974 |     0.8
   16 |   1.1619 |     39.769 |   1.1990 |     40.727 |     0.8
   17 |   1.1486 |     39.665 |   1.1936 |     40.635 |     0.9
   18 |   1.1386 |     39.337 |   1.1797 |     39.864 |     1.0
   19 |   1.1273 |     38.894 |   1.1715 |     39.895 |     1.0
   20 |   1.1148 |     38.419 |   1.1808 |     40.481 |     1.1
   21 |   1.1041 |     37.817 |   1.1618 |     39.033 |     1.1
   22 |   1.0955 |     37.527 |   1.1529 |     39.495 |     1.2
   23 |   1.0846 |     36.986 |   1.1500 |     38.601 |     1.2
   24 |   1.0744 |     36.538 |   1.1550 |     39.125 |     1.3
   25 |   1.0656 |     36.406 |   1.1302 |     38.417 |     1.3
   26 |   1.0569 |     35.898 |   1.1432 |     38.879 |     1.4
   27 |   1.0466 |     35.630 |   1.1301 |     37.585 |     1.4
   28 |   1.0398 |     35.466 |   1.1317 |     37.800 |     1.5
   29 |   1.0291 |     34.897 |   1.1139 |     37.677 |     1.5
   30 |   1.0198 |     34.564 |   1.1045 |     37.184 |     1.6
   31 |   1.0099 |     34.334 |   1.1096 |     37.862 |     1.6
   32 |   1.0087 |     34.093 |   1.1042 |     37.030 |     1.7
   33 |   0.9925 |     33.607 |   1.0882 |     36.445 |     1.8
   34 |   0.9839 |     33.322 |   1.1047 |     37.061 |     1.8
   35 |   0.9789 |     32.983 |   1.0920 |     35.490 |     1.9
   36 |   0.9714 |     32.901 |   1.0814 |     35.767 |     1.9
   37 |   0.9611 |     32.530 |   1.0885 |     36.506 |     2.0
   38 |   0.9532 |     32.130 |   1.0982 |     36.753 |     2.0
   39 |   0.9456 |     31.786 |   1.0778 |     35.860 |     2.1
   40 |   0.9381 |     31.808 |   1.0843 |     35.551 |     2.1
   41 |   0.9311 |     31.502 |   1.0756 |     35.367 |     2.2
   42 |   0.9215 |     31.108 |   1.0685 |     35.490 |     2.2
   43 |   0.9152 |     30.621 |   1.0784 |     35.305 |     2.3
   44 |   0.9096 |     30.506 |   1.0722 |     35.397 |     2.3
   45 |   0.9003 |     30.299 |   1.0696 |     35.490 |     2.4
   46 |   0.8919 |     30.238 |   1.0624 |     35.059 |     2.4
   47 |   0.8858 |     29.921 |   1.0626 |     34.750 |     2.5
   48 |   0.8787 |     29.582 |   1.0934 |     35.952 |     2.6
   49 |   0.8728 |     29.249 |   1.0668 |     35.305 |     2.6
   50 |   0.8635 |     29.221 |   1.0486 |     34.442 |     2.7
   51 |   0.8610 |     28.855 |   1.0596 |     34.442 |     2.7
   52 |   0.8491 |     28.603 |   1.0472 |     34.011 |     2.8
   53 |   0.8451 |     28.232 |   1.0606 |     34.966 |     2.8
   54 |   0.8379 |     27.931 |   1.0490 |     34.381 |     2.9
   55 |   0.8309 |     27.964 |   1.0482 |     34.073 |     2.9
   56 |   0.8258 |     27.750 |   1.0667 |     34.442 |     3.0
Early stopping

Model: Seq2Seq Transformer
Source index: <Seq2Seq Index with 45 items>
Target index: <Seq2Seq Index with 34 items>
Max sequence length: 800
Embedding dimension: 128
Feedforward dimension: 64
Encoder layers: 2
Decoder layers: 2
Attention heads: 2
Activation: relu
Dropout: 0.2
Trainable parameters: 582,562

Training started
X_train.shape: torch.Size([3048, 649])
Y_train.shape: torch.Size([3048, 7])
X_dev.shape: torch.Size([541, 337])
Y_dev.shape: torch.Size([541, 7])
Epochs: 500
Learning rate: 0.001
Weight decay: 1e-05
Epoch | Train                 | Development           | Minutes
      | Loss     | Error Rate | Loss     | Error Rate |
---------------------------------------------------------------
    1 |   1.6606 |     49.475 |   1.3459 |     46.149 |     0.1
    2 |   1.3314 |     45.035 |   1.2654 |     41.682 |     0.1
    3 |   1.2624 |     43.280 |   1.2243 |     42.606 |     0.2
    4 |   1.2194 |     42.071 |   1.2053 |     43.253 |     0.3
    5 |   1.1904 |     41.656 |   1.1732 |     40.357 |     0.4
    6 |   1.1631 |     40.420 |   1.1353 |     40.511 |     0.4
    7 |   1.1416 |     39.704 |   1.1476 |     39.464 |     0.5
    8 |   1.1168 |     38.818 |   1.1128 |     39.094 |     0.6
    9 |   1.0954 |     38.244 |   1.1380 |     39.495 |     0.7
   10 |   1.0742 |     37.259 |   1.1030 |     37.924 |     0.7
   11 |   1.0577 |     36.991 |   1.1066 |     36.999 |     0.8
   12 |   1.0413 |     36.215 |   1.1067 |     37.307 |     0.9
   13 |   1.0232 |     35.433 |   1.1125 |     36.168 |     1.0
   14 |   1.0032 |     34.739 |   1.1060 |     36.506 |     1.0
Early stopping

Model: Seq2Seq Transformer
Source index: <Seq2Seq Index with 45 items>
Target index: <Seq2Seq Index with 34 items>
Max sequence length: 800
Embedding dimension: 128
Feedforward dimension: 128
Encoder layers: 2
Decoder layers: 2
Attention heads: 2
Activation: relu
Dropout: 0.2
Trainable parameters: 648,354

Training started
X_train.shape: torch.Size([3048, 649])
Y_train.shape: torch.Size([3048, 7])
X_dev.shape: torch.Size([541, 337])
Y_dev.shape: torch.Size([541, 7])
Epochs: 500
Learning rate: 0.0001
Weight decay: 1e-05
Epoch | Train                 | Development           | Minutes
      | Loss     | Error Rate | Loss     | Error Rate |
---------------------------------------------------------------
    1 |   2.3368 |     54.642 |   1.6688 |     46.488 |     0.1
    2 |   1.6406 |     46.189 |   1.4604 |     45.872 |     0.2
    3 |   1.4734 |     45.773 |   1.3919 |     46.334 |     0.2
    4 |   1.4090 |     45.188 |   1.3542 |     45.749 |     0.3
    5 |   1.3667 |     44.680 |   1.3221 |     45.256 |     0.4
    6 |   1.3350 |     44.094 |   1.2975 |     45.194 |     0.5
    7 |   1.3083 |     43.531 |   1.2924 |     44.670 |     0.5
    8 |   1.2857 |     42.957 |   1.2446 |     43.376 |     0.6
    9 |   1.2676 |     42.547 |   1.2453 |     43.469 |     0.7
   10 |   1.2443 |     41.749 |   1.2428 |     42.884 |     0.8
   11 |   1.2328 |     41.853 |   1.2383 |     42.575 |     0.9
   12 |   1.2130 |     41.082 |   1.2318 |     42.421 |     0.9
   13 |   1.1998 |     40.606 |   1.1981 |     41.405 |     1.0
   14 |   1.1846 |     40.338 |   1.1711 |     40.481 |     1.1
   15 |   1.1702 |     40.152 |   1.2007 |     41.497 |     1.2
   16 |   1.1532 |     39.594 |   1.1820 |     40.511 |     1.2
   17 |   1.1458 |     38.916 |   1.1816 |     40.573 |     1.3
   18 |   1.1340 |     39.195 |   1.1717 |     40.018 |     1.4
   19 |   1.1242 |     38.490 |   1.1685 |     39.864 |     1.5
   20 |   1.1092 |     37.451 |   1.1710 |     39.772 |     1.5
   21 |   1.1059 |     37.932 |   1.1471 |     39.217 |     1.6
   22 |   1.0942 |     37.484 |   1.1664 |     39.372 |     1.7
   23 |   1.0877 |     37.243 |   1.1571 |     39.495 |     1.8
   24 |   1.0778 |     36.882 |   1.1327 |     37.554 |     1.8
   25 |   1.0664 |     36.745 |   1.1327 |     37.770 |     1.9
   26 |   1.0569 |     36.302 |   1.1100 |     36.938 |     2.0
   27 |   1.0483 |     36.067 |   1.1029 |     37.307 |     2.1
   28 |   1.0426 |     35.734 |   1.1215 |     37.369 |     2.1
   29 |   1.0259 |     35.406 |   1.1208 |     37.400 |     2.2
   30 |   1.0177 |     34.700 |   1.1158 |     37.153 |     2.3
   31 |   1.0165 |     34.771 |   1.1104 |     36.907 |     2.4
   32 |   1.0078 |     34.640 |   1.0748 |     36.014 |     2.5
   33 |   0.9984 |     34.361 |   1.0895 |     35.921 |     2.5
   34 |   0.9899 |     33.842 |   1.1289 |     37.246 |     2.6
   35 |   0.9813 |     33.585 |   1.0895 |     36.168 |     2.7
   36 |   0.9727 |     33.705 |   1.1085 |     36.537 |     2.8
Early stopping

Model: Seq2Seq Transformer
Source index: <Seq2Seq Index with 45 items>
Target index: <Seq2Seq Index with 34 items>
Max sequence length: 800
Embedding dimension: 128
Feedforward dimension: 256
Encoder layers: 4
Decoder layers: 4
Attention heads: 2
Activation: relu
Dropout: 0.0
Trainable parameters: 1,442,466

Training started
X_train.shape: torch.Size([3048, 649])
Y_train.shape: torch.Size([3048, 7])
X_dev.shape: torch.Size([541, 337])
Y_dev.shape: torch.Size([541, 7])
Epochs: 500
Learning rate: 0.001
Weight decay: 1e-05
Epoch | Train                 | Development           | Minutes
      | Loss     | Error Rate | Loss     | Error Rate |
---------------------------------------------------------------
    1 |   1.5706 |     48.841 |   1.3329 |     45.040 |     0.1
    2 |   1.2687 |     44.931 |   1.2391 |     43.654 |     0.3
    3 |   1.2119 |     43.296 |   1.2035 |     42.237 |     0.4
    4 |   1.1807 |     42.443 |   1.1892 |     42.391 |     0.6
    5 |   1.1726 |     42.383 |   1.1716 |     42.267 |     0.7
    6 |   1.1478 |     42.066 |   1.1492 |     41.466 |     0.8
    7 |   1.1289 |     41.470 |   1.1423 |     41.436 |     1.0
    8 |   1.1278 |     41.415 |   1.1567 |     41.744 |     1.1
    9 |   1.1281 |     41.683 |   1.1444 |     42.021 |     1.3
   10 |   1.1084 |     40.945 |   1.1343 |     41.805 |     1.4
   11 |   1.1012 |     40.961 |   1.1205 |     41.128 |     1.5
   12 |   1.0875 |     40.666 |   1.1159 |     40.727 |     1.7
   13 |   1.0782 |     39.922 |   1.0855 |     39.187 |     1.8
   14 |   1.0699 |     39.337 |   1.0984 |     39.710 |     2.0
   15 |   1.0621 |     39.370 |   1.0895 |     39.803 |     2.1
   16 |   1.0599 |     39.168 |   1.0826 |     39.587 |     2.3
   17 |   1.0520 |     38.933 |   1.0922 |     40.018 |     2.4
   18 |   1.0461 |     39.042 |   1.1026 |     40.696 |     2.5
   19 |   1.0422 |     38.769 |   1.0742 |     38.940 |     2.7
   20 |   1.0458 |     39.157 |   1.1012 |     40.943 |     2.8
   21 |   1.0519 |     39.682 |   1.1302 |     42.267 |     3.0
   22 |   1.0762 |     40.945 |   1.0982 |     41.867 |     3.1
   23 |   1.0677 |     40.507 |   1.0905 |     40.881 |     3.2
Early stopping

Model: Seq2Seq Transformer
Source index: <Seq2Seq Index with 45 items>
Target index: <Seq2Seq Index with 34 items>
Max sequence length: 800
Embedding dimension: 128
Feedforward dimension: 128
Encoder layers: 2
Decoder layers: 4
Attention heads: 4
Activation: relu
Dropout: 0.0
Trainable parameters: 980,130

Training started
X_train.shape: torch.Size([3048, 649])
Y_train.shape: torch.Size([3048, 7])
X_dev.shape: torch.Size([541, 337])
Y_dev.shape: torch.Size([541, 7])
Epochs: 500
Learning rate: 0.001
Weight decay: 0.0001
Epoch | Train                 | Development           | Minutes
      | Loss     | Error Rate | Loss     | Error Rate |
---------------------------------------------------------------
    1 |   1.5952 |     48.994 |   1.3055 |     44.670 |     0.1
    2 |   1.2441 |     43.045 |   1.2150 |     42.483 |     0.2
    3 |   1.1665 |     40.447 |   1.1659 |     39.402 |     0.3
    4 |   1.1175 |     38.583 |   1.1225 |     38.447 |     0.4
    5 |   1.0622 |     36.981 |   1.0714 |     36.691 |     0.5
    6 |   1.0031 |     35.094 |   1.0455 |     35.983 |     0.6
    7 |   0.9641 |     33.486 |   1.0291 |     34.227 |     0.7
    8 |   0.9221 |     32.387 |   1.0245 |     34.689 |     0.8
    9 |   0.8812 |     30.441 |   1.0032 |     33.025 |     1.0
   10 |   0.8543 |     30.167 |   1.0214 |     33.487 |     1.1
   11 |   0.8141 |     28.554 |   0.9879 |     33.703 |     1.2
   12 |   0.7653 |     27.149 |   0.9812 |     32.224 |     1.3
   13 |   0.7297 |     25.273 |   0.9937 |     32.348 |     1.4
   14 |   0.6746 |     23.611 |   0.9871 |     31.054 |     1.5
   15 |   0.6509 |     22.539 |   0.9988 |     32.163 |     1.6
   16 |   0.6187 |     21.894 |   1.0371 |     31.978 |     1.7
Early stopping

Model: Seq2Seq Transformer
Source index: <Seq2Seq Index with 45 items>
Target index: <Seq2Seq Index with 34 items>
Max sequence length: 800
Embedding dimension: 128
Feedforward dimension: 64
Encoder layers: 4
Decoder layers: 2
Attention heads: 4
Activation: relu
Dropout: 0.2
Trainable parameters: 748,834

Training started
X_train.shape: torch.Size([3048, 649])
Y_train.shape: torch.Size([3048, 7])
X_dev.shape: torch.Size([541, 337])
Y_dev.shape: torch.Size([541, 7])
Epochs: 500
Learning rate: 0.0001
Weight decay: 1e-05
Epoch | Train                 | Development           | Minutes
      | Loss     | Error Rate | Loss     | Error Rate |
---------------------------------------------------------------
    1 |   2.4823 |     60.455 |   1.7461 |     48.860 |     0.2
    2 |   1.6966 |     46.725 |   1.4791 |     46.426 |     0.3
    3 |   1.5013 |     46.260 |   1.4003 |     46.396 |     0.5
    4 |   1.4220 |     45.822 |   1.3541 |     45.841 |     0.6
    5 |   1.3777 |     44.876 |   1.3175 |     44.208 |     0.8
    6 |   1.3431 |     44.187 |   1.2989 |     43.376 |     1.0
    7 |   1.3153 |     43.559 |   1.2713 |     42.945 |     1.1
    8 |   1.2928 |     42.809 |   1.2694 |     43.469 |     1.3
    9 |   1.2708 |     42.312 |   1.2377 |     42.360 |     1.5
   10 |   1.2541 |     41.732 |   1.2231 |     41.929 |     1.6
   11 |   1.2338 |     41.399 |   1.2393 |     42.730 |     1.8
   12 |   1.2188 |     40.803 |   1.2165 |     41.466 |     2.0
   13 |   1.1997 |     40.240 |   1.1806 |     40.296 |     2.1
   14 |   1.1801 |     40.043 |   1.1953 |     40.974 |     2.3
   15 |   1.1664 |     39.403 |   1.1857 |     40.450 |     2.4
   16 |   1.1499 |     38.615 |   1.1651 |     39.618 |     2.6
   17 |   1.1338 |     38.309 |   1.1848 |     40.080 |     2.8
   18 |   1.1211 |     38.112 |   1.1701 |     39.556 |     2.9
   19 |   1.1095 |     37.620 |   1.1572 |     39.125 |     3.1
   20 |   1.0931 |     36.784 |   1.1554 |     39.033 |     3.3
   21 |   1.0785 |     36.390 |   1.1455 |     38.478 |     3.4
   22 |   1.0664 |     36.193 |   1.1466 |     38.386 |     3.6
   23 |   1.0564 |     35.871 |   1.1687 |     39.988 |     3.8
   24 |   1.0455 |     35.384 |   1.1289 |     37.646 |     3.9
   25 |   1.0287 |     34.968 |   1.1458 |     38.078 |     4.1
   26 |   1.0201 |     34.646 |   1.1061 |     36.691 |     4.2
   27 |   1.0091 |     34.432 |   1.1406 |     37.739 |     4.4
   28 |   0.9951 |     33.984 |   1.1503 |     38.324 |     4.6
   29 |   0.9840 |     33.749 |   1.1354 |     37.307 |     4.7
   30 |   0.9728 |     33.383 |   1.1619 |     37.862 |     4.9
Early stopping

Model: Seq2Seq Transformer
Source index: <Seq2Seq Index with 45 items>
Target index: <Seq2Seq Index with 34 items>
Max sequence length: 800
Embedding dimension: 64
Feedforward dimension: 128
Encoder layers: 4
Decoder layers: 3
Attention heads: 4
Activation: relu
Dropout: 0.2
Trainable parameters: 343,330

Training started
X_train.shape: torch.Size([3048, 649])
Y_train.shape: torch.Size([3048, 7])
X_dev.shape: torch.Size([541, 337])
Y_dev.shape: torch.Size([541, 7])
Epochs: 500
Learning rate: 0.001
Weight decay: 0.0001
Epoch | Train                 | Development           | Minutes
      | Loss     | Error Rate | Loss     | Error Rate |
---------------------------------------------------------------
    1 |   1.7904 |     50.159 |   1.3846 |     46.519 |     0.1
    2 |   1.3686 |     45.522 |   1.3019 |     44.609 |     0.3
    3 |   1.3057 |     44.472 |   1.2519 |     42.976 |     0.4
    4 |   1.2650 |     44.056 |   1.2205 |     43.561 |     0.6
    5 |   1.2391 |     43.548 |   1.1957 |     42.822 |     0.7
    6 |   1.2187 |     42.968 |   1.1903 |     41.836 |     0.9
    7 |   1.1969 |     42.268 |   1.1755 |     41.220 |     1.0
    8 |   1.1826 |     42.022 |   1.1649 |     42.206 |     1.2
    9 |   1.1707 |     41.869 |   1.1420 |     40.696 |     1.3
   10 |   1.1627 |     41.699 |   1.1297 |     40.357 |     1.5
   11 |   1.1482 |     41.158 |   1.1253 |     40.080 |     1.6
   12 |   1.1403 |     40.759 |   1.1292 |     40.080 |     1.8
   13 |   1.1322 |     40.332 |   1.1072 |     39.495 |     1.9
   14 |   1.1264 |     40.136 |   1.0989 |     39.803 |     2.1
   15 |   1.1109 |     39.808 |   1.0869 |     39.156 |     2.2
   16 |   1.1022 |     39.370 |   1.0834 |     38.663 |     2.4
   17 |   1.0932 |     39.162 |   1.0732 |     38.232 |     2.5
   18 |   1.0769 |     38.654 |   1.0795 |     38.355 |     2.7
   19 |   1.0718 |     37.954 |   1.0566 |     37.030 |     2.8
   20 |   1.0620 |     37.828 |   1.0532 |     37.492 |     3.0
   21 |   1.0535 |     37.762 |   1.0584 |     37.400 |     3.1
   22 |   1.0450 |     37.538 |   1.0588 |     37.770 |     3.3
   23 |   1.0358 |     37.041 |   1.0434 |     37.307 |     3.4
   24 |   1.0276 |     36.756 |   1.0368 |     36.630 |     3.6
   25 |   1.0202 |     36.346 |   1.0190 |     35.736 |     3.7
   26 |   1.0100 |     35.772 |   1.0367 |     36.476 |     3.9
   27 |   1.0047 |     35.881 |   1.0237 |     35.367 |     4.0
   28 |   1.0003 |     35.756 |   1.0095 |     34.904 |     4.2
   29 |   0.9961 |     35.203 |   1.0116 |     35.182 |     4.3
   30 |   0.9788 |     35.061 |   1.0210 |     36.014 |     4.5
   31 |   0.9721 |     34.476 |   1.0048 |     35.428 |     4.6
   32 |   0.9707 |     34.252 |   1.0323 |     35.305 |     4.8
   33 |   0.9658 |     34.230 |   1.0129 |     34.935 |     4.9
   34 |   0.9536 |     33.858 |   0.9978 |     34.935 |     5.1
   35 |   0.9494 |     33.547 |   1.0103 |     34.319 |     5.2
   36 |   0.9439 |     33.771 |   1.0072 |     35.028 |     5.4
   37 |   0.9383 |     33.229 |   0.9906 |     33.703 |     5.5
   38 |   0.9291 |     32.907 |   0.9964 |     34.566 |     5.7
   39 |   0.9189 |     32.710 |   0.9773 |     33.333 |     5.8
   40 |   0.9135 |     32.229 |   1.0034 |     33.426 |     6.0
   41 |   0.9000 |     31.884 |   0.9660 |     32.902 |     6.1
   42 |   0.8994 |     31.655 |   0.9787 |     32.502 |     6.3
   43 |   0.8935 |     31.584 |   0.9577 |     32.532 |     6.4
   44 |   0.8838 |     31.086 |   0.9642 |     31.824 |     6.6
   45 |   0.8737 |     30.873 |   0.9669 |     33.118 |     6.7
   46 |   0.8704 |     30.610 |   0.9588 |     31.362 |     6.9
   47 |   0.8614 |     30.299 |   0.9577 |     31.947 |     7.0
   48 |   0.8589 |     30.096 |   0.9563 |     32.348 |     7.2
   49 |   0.8511 |     30.151 |   0.9487 |     32.132 |     7.3
   50 |   0.8434 |     29.664 |   0.9454 |     31.115 |     7.5
   51 |   0.8428 |     29.763 |   0.9444 |     31.978 |     7.6
   52 |   0.8287 |     29.385 |   0.9413 |     31.516 |     7.8
   53 |   0.8234 |     29.134 |   0.9567 |     32.193 |     7.9
   54 |   0.8172 |     28.751 |   0.9881 |     32.348 |     8.1
   55 |   0.8135 |     28.483 |   0.9490 |     31.423 |     8.2
   56 |   0.8077 |     28.461 |   0.9473 |     31.639 |     8.4
Early stopping

Model: Seq2Seq Transformer
Source index: <Seq2Seq Index with 45 items>
Target index: <Seq2Seq Index with 34 items>
Max sequence length: 800
Embedding dimension: 64
Feedforward dimension: 256
Encoder layers: 4
Decoder layers: 3
Attention heads: 2
Activation: relu
Dropout: 0.0
Trainable parameters: 458,914

Training started
X_train.shape: torch.Size([3048, 649])
Y_train.shape: torch.Size([3048, 7])
X_dev.shape: torch.Size([541, 337])
Y_dev.shape: torch.Size([541, 7])
Epochs: 500
Learning rate: 0.001
Weight decay: 0.0001
Epoch | Train                 | Development           | Minutes
      | Loss     | Error Rate | Loss     | Error Rate |
---------------------------------------------------------------
    1 |   1.6036 |     47.862 |   1.3300 |     45.317 |     0.1
    2 |   1.2678 |     43.788 |   1.2629 |     44.147 |     0.2
    3 |   1.2063 |     42.695 |   1.2058 |     42.421 |     0.3
    4 |   1.1657 |     41.689 |   1.1708 |     40.727 |     0.4
    5 |   1.1310 |     40.398 |   1.1603 |     41.282 |     0.5
    6 |   1.1086 |     39.649 |   1.1403 |     40.635 |     0.6
    7 |   1.0816 |     39.097 |   1.1064 |     39.526 |     0.7
    8 |   1.0687 |     39.058 |   1.0884 |     39.926 |     0.8
    9 |   1.0572 |     38.473 |   1.0790 |     38.571 |     0.9
   10 |   1.0349 |     37.861 |   1.0838 |     39.402 |     1.0
   11 |   1.0193 |     37.287 |   1.0660 |     38.324 |     1.1
   12 |   1.0091 |     36.855 |   1.0524 |     37.616 |     1.2
   13 |   1.0019 |     36.417 |   1.0509 |     37.924 |     1.3
   14 |   0.9864 |     35.832 |   1.0394 |     37.369 |     1.4
   15 |   0.9713 |     35.154 |   1.0527 |     37.585 |     1.5
   16 |   0.9614 |     35.045 |   1.0344 |     37.277 |     1.6
   17 |   0.9517 |     34.744 |   1.0297 |     37.123 |     1.7
   18 |   0.9451 |     34.175 |   1.0157 |     36.106 |     1.8
   19 |   0.9322 |     33.733 |   1.0212 |     36.938 |     1.9
   20 |   0.9190 |     33.716 |   1.0141 |     35.582 |     2.0
   21 |   0.9044 |     33.169 |   1.0374 |     37.431 |     2.1
   22 |   0.9002 |     32.989 |   1.0173 |     35.890 |     2.1
   23 |   0.8831 |     32.229 |   1.0071 |     35.305 |     2.2
   24 |   0.8760 |     31.638 |   1.0056 |     34.904 |     2.3
   25 |   0.8662 |     31.294 |   0.9989 |     33.734 |     2.4
   26 |   0.8537 |     31.179 |   1.0075 |     34.165 |     2.5
   27 |   0.8406 |     30.572 |   0.9994 |     32.994 |     2.6
   28 |   0.8274 |     29.856 |   1.0016 |     34.720 |     2.7
   29 |   0.8135 |     29.495 |   0.9694 |     34.011 |     2.8
   30 |   0.8060 |     29.046 |   0.9841 |     32.840 |     2.9
   31 |   0.7929 |     28.893 |   0.9794 |     32.902 |     3.0
   32 |   0.7787 |     28.472 |   0.9826 |     33.179 |     3.1
   33 |   0.7672 |     27.997 |   0.9928 |     32.502 |     3.2
Early stopping

Model: Seq2Seq Transformer
Source index: <Seq2Seq Index with 45 items>
Target index: <Seq2Seq Index with 34 items>
Max sequence length: 800
Embedding dimension: 64
Feedforward dimension: 256
Encoder layers: 4
Decoder layers: 2
Attention heads: 4
Activation: relu
Dropout: 0.0
Trainable parameters: 392,162

Training started
X_train.shape: torch.Size([3048, 649])
Y_train.shape: torch.Size([3048, 7])
X_dev.shape: torch.Size([541, 337])
Y_dev.shape: torch.Size([541, 7])
Epochs: 500
Learning rate: 0.0001
Weight decay: 0.0001
Epoch | Train                 | Development           | Minutes
      | Loss     | Error Rate | Loss     | Error Rate |
---------------------------------------------------------------
    1 |   2.5474 |     60.253 |   1.9441 |     46.888 |     0.1
    2 |   1.7312 |     46.298 |   1.6266 |     46.426 |     0.3
    3 |   1.5481 |     45.582 |   1.5084 |     45.841 |     0.4
    4 |   1.4622 |     45.133 |   1.4362 |     44.701 |     0.5
    5 |   1.4052 |     44.598 |   1.3871 |     44.455 |     0.7
    6 |   1.3609 |     43.969 |   1.3524 |     43.561 |     0.8
    7 |   1.3253 |     43.668 |   1.3249 |     43.900 |     0.9
    8 |   1.2957 |     42.902 |   1.2936 |     42.175 |     1.1
    9 |   1.2666 |     42.142 |   1.2726 |     42.144 |     1.2
   10 |   1.2442 |     41.295 |   1.2530 |     41.682 |     1.3
   11 |   1.2212 |     40.715 |   1.2381 |     40.234 |     1.4
   12 |   1.2032 |     40.513 |   1.2143 |     40.049 |     1.6
   13 |   1.1826 |     39.862 |   1.2036 |     40.080 |     1.7
   14 |   1.1600 |     39.321 |   1.1787 |     40.049 |     1.8
   15 |   1.1440 |     38.719 |   1.1898 |     40.511 |     2.0
   16 |   1.1252 |     38.397 |   1.1765 |     40.111 |     2.1
   17 |   1.1070 |     37.834 |   1.1557 |     38.909 |     2.2
   18 |   1.0949 |     37.238 |   1.1352 |     38.848 |     2.4
   19 |   1.0754 |     36.226 |   1.1529 |     38.879 |     2.5
   20 |   1.0626 |     35.827 |   1.1310 |     37.831 |     2.6
   21 |   1.0482 |     35.674 |   1.1091 |     37.153 |     2.8
   22 |   1.0350 |     35.138 |   1.1178 |     37.770 |     2.9
   23 |   1.0207 |     34.875 |   1.1147 |     36.907 |     3.0
   24 |   1.0067 |     33.979 |   1.0875 |     36.106 |     3.2
   25 |   0.9960 |     33.918 |   1.1094 |     37.862 |     3.3
   26 |   0.9790 |     33.186 |   1.1010 |     37.246 |     3.4
   27 |   0.9696 |     32.759 |   1.1020 |     36.784 |     3.6
   28 |   0.9565 |     32.568 |   1.0743 |     36.291 |     3.7
   29 |   0.9433 |     31.906 |   1.0851 |     35.860 |     3.8
   30 |   0.9296 |     31.485 |   1.0826 |     36.137 |     3.9
   31 |   0.9217 |     31.157 |   1.0492 |     35.521 |     4.1
   32 |   0.9058 |     30.627 |   1.0703 |     35.490 |     4.2
   33 |   0.8940 |     30.408 |   1.0811 |     35.767 |     4.3
   34 |   0.8846 |     29.845 |   1.0794 |     36.198 |     4.5
   35 |   0.8687 |     29.424 |   1.0643 |     35.952 |     4.6
   36 |   0.8641 |     29.473 |   1.0274 |     34.227 |     4.7
   37 |   0.8526 |     29.030 |   1.0593 |     34.904 |     4.9
   38 |   0.8393 |     28.281 |   1.0348 |     34.812 |     5.0
   39 |   0.8309 |     28.445 |   1.0740 |     35.921 |     5.1
   40 |   0.8180 |     27.586 |   1.0389 |     34.350 |     5.3
Early stopping

Model: Seq2Seq Transformer
Source index: <Seq2Seq Index with 45 items>
Target index: <Seq2Seq Index with 34 items>
Max sequence length: 800
Embedding dimension: 64
Feedforward dimension: 64
Encoder layers: 4
Decoder layers: 2
Attention heads: 4
Activation: relu
Dropout: 0.0
Trainable parameters: 243,554

Training started
X_train.shape: torch.Size([3048, 649])
Y_train.shape: torch.Size([3048, 7])
X_dev.shape: torch.Size([541, 337])
Y_dev.shape: torch.Size([541, 7])
Epochs: 500
Learning rate: 0.001
Weight decay: 1e-05
Epoch | Train                 | Development           | Minutes
      | Loss     | Error Rate | Loss     | Error Rate |
---------------------------------------------------------------
    1 |   1.6370 |     48.053 |   1.3626 |     44.886 |     0.1
    2 |   1.3073 |     44.461 |   1.2741 |     43.407 |     0.3
    3 |   1.2305 |     43.077 |   1.2140 |     41.774 |     0.4
    4 |   1.1803 |     42.038 |   1.1925 |     41.774 |     0.5
    5 |   1.1347 |     40.081 |   1.1345 |     40.296 |     0.6
    6 |   1.0958 |     38.626 |   1.1095 |     39.741 |     0.8
    7 |   1.0733 |     38.304 |   1.0796 |     38.571 |     0.9
    8 |   1.0470 |     37.046 |   1.0620 |     38.201 |     1.0
    9 |   1.0162 |     36.182 |   1.0584 |     37.061 |     1.1
   10 |   0.9968 |     35.362 |   1.0418 |     36.044 |     1.3
   11 |   0.9691 |     34.285 |   1.0339 |     35.829 |     1.4
   12 |   0.9343 |     32.792 |   1.0246 |     36.383 |     1.5
   13 |   0.9180 |     32.327 |   1.0094 |     33.857 |     1.6
   14 |   0.8910 |     31.119 |   0.9951 |     33.795 |     1.8
   15 |   0.8703 |     30.534 |   1.0184 |     34.165 |     1.9
   16 |   0.8547 |     30.484 |   0.9742 |     33.303 |     2.0
   17 |   0.8214 |     29.008 |   0.9891 |     32.563 |     2.2
   18 |   0.7971 |     27.750 |   1.0021 |     33.148 |     2.3
   19 |   0.7801 |     27.444 |   0.9870 |     32.193 |     2.4
   20 |   0.7460 |     26.378 |   0.9918 |     32.471 |     2.5
   21 |   0.7319 |     25.776 |   0.9641 |     31.947 |     2.7
   22 |   0.6953 |     24.409 |   0.9767 |     33.518 |     2.8
   23 |   0.6826 |     23.863 |   1.0071 |     31.762 |     2.9
   24 |   0.6530 |     22.900 |   0.9945 |     32.440 |     3.0
   25 |   0.6353 |     22.605 |   1.0420 |     32.994 |     3.2
Early stopping

Model: Seq2Seq Transformer
Source index: <Seq2Seq Index with 45 items>
Target index: <Seq2Seq Index with 34 items>
Max sequence length: 800
Embedding dimension: 64
Feedforward dimension: 256
Encoder layers: 4
Decoder layers: 3
Attention heads: 4
Activation: relu
Dropout: 0.0
Trainable parameters: 458,914

Training started
X_train.shape: torch.Size([3048, 649])
Y_train.shape: torch.Size([3048, 7])
X_dev.shape: torch.Size([541, 337])
Y_dev.shape: torch.Size([541, 7])
Epochs: 500
Learning rate: 0.001
Weight decay: 0.0001
Epoch | Train                 | Development           | Minutes
      | Loss     | Error Rate | Loss     | Error Rate |
---------------------------------------------------------------
    1 |   1.5953 |     47.496 |   1.3368 |     44.886 |     0.1
    2 |   1.2781 |     44.078 |   1.2432 |     43.346 |     0.3
    3 |   1.2157 |     43.083 |   1.2129 |     43.469 |     0.4
    4 |   1.1699 |     41.885 |   1.1616 |     41.744 |     0.6
    5 |   1.1448 |     41.590 |   1.1420 |     40.850 |     0.7
    6 |   1.1255 |     41.475 |   1.1276 |     41.189 |     0.8
    7 |   1.1139 |     40.661 |   1.1273 |     41.128 |     1.0
    8 |   1.1047 |     40.803 |   1.1247 |     41.066 |     1.1
    9 |   1.0975 |     40.644 |   1.1195 |     41.035 |     1.3
   10 |   1.0896 |     40.836 |   1.1141 |     41.590 |     1.4
   11 |   1.0847 |     40.316 |   1.1097 |     40.943 |     1.5
   12 |   1.0814 |     40.250 |   1.1065 |     40.850 |     1.7
   13 |   1.0781 |     40.267 |   1.1070 |     41.374 |     1.8
   14 |   1.0749 |     40.469 |   1.1027 |     40.819 |     1.9
   15 |   1.0734 |     40.431 |   1.0970 |     40.511 |     2.1
   16 |   1.0728 |     40.480 |   1.1028 |     40.758 |     2.2
   17 |   1.0689 |     40.212 |   1.0965 |     40.850 |     2.4
   18 |   1.0673 |     40.152 |   1.0939 |     40.789 |     2.5
   19 |   1.0638 |     40.250 |   1.0872 |     40.758 |     2.6
   20 |   1.0625 |     40.108 |   1.0912 |     40.388 |     2.8
   21 |   1.0605 |     40.032 |   1.0887 |     41.374 |     2.9
   22 |   1.0601 |     39.977 |   1.0854 |     40.881 |     3.1
   23 |   1.0559 |     40.223 |   1.0973 |     41.374 |     3.2
   24 |   1.0423 |     38.801 |   1.0993 |     41.374 |     3.3
   25 |   1.0277 |     38.222 |   1.1067 |     40.789 |     3.5
   26 |   1.0185 |     37.970 |   1.0862 |     40.018 |     3.6
   27 |   1.0093 |     37.495 |   1.0740 |     38.786 |     3.8
   28 |   1.0042 |     37.670 |   1.0947 |     40.357 |     3.9
   29 |   0.9928 |     37.035 |   1.0941 |     39.957 |     4.0
   30 |   0.9874 |     36.827 |   1.1262 |     40.727 |     4.2
   31 |   0.9756 |     36.445 |   1.0994 |     39.587 |     4.3
Early stopping

Model: Seq2Seq Transformer
Source index: <Seq2Seq Index with 45 items>
Target index: <Seq2Seq Index with 34 items>
Max sequence length: 800
Embedding dimension: 64
Feedforward dimension: 256
Encoder layers: 2
Decoder layers: 3
Attention heads: 2
Activation: relu
Dropout: 0.1
Trainable parameters: 358,946

Training started
X_train.shape: torch.Size([3048, 649])
Y_train.shape: torch.Size([3048, 7])
X_dev.shape: torch.Size([541, 337])
Y_dev.shape: torch.Size([541, 7])
Epochs: 500
Learning rate: 0.0001
Weight decay: 0.0001
Epoch | Train                 | Development           | Minutes
      | Loss     | Error Rate | Loss     | Error Rate |
---------------------------------------------------------------
    1 |   2.5023 |     61.510 |   1.8474 |     46.611 |     0.1
    2 |   1.7440 |     46.386 |   1.5814 |     46.488 |     0.1
    3 |   1.5668 |     46.150 |   1.4918 |     46.396 |     0.2
    4 |   1.4835 |     45.587 |   1.4309 |     46.057 |     0.3
    5 |   1.4287 |     45.401 |   1.3937 |     45.410 |     0.3
    6 |   1.3872 |     44.816 |   1.3528 |     44.824 |     0.4
    7 |   1.3566 |     43.865 |   1.3231 |     43.962 |     0.5
    8 |   1.3334 |     43.214 |   1.3047 |     43.500 |     0.5
    9 |   1.3086 |     42.793 |   1.2878 |     43.500 |     0.6
   10 |   1.2879 |     42.290 |   1.2770 |     43.592 |     0.7
   11 |   1.2720 |     42.246 |   1.2642 |     43.315 |     0.7
   12 |   1.2528 |     41.792 |   1.2524 |     43.038 |     0.8
   13 |   1.2386 |     41.114 |   1.2319 |     42.206 |     0.9
   14 |   1.2256 |     41.289 |   1.2181 |     41.220 |     0.9
   15 |   1.2117 |     40.814 |   1.2113 |     42.113 |     1.0
   16 |   1.2008 |     40.529 |   1.1937 |     40.974 |     1.1
   17 |   1.1915 |     40.579 |   1.1916 |     40.912 |     1.2
   18 |   1.1777 |     40.147 |   1.1771 |     40.696 |     1.2
   19 |   1.1658 |     39.769 |   1.1787 |     40.943 |     1.3
   20 |   1.1578 |     39.556 |   1.1669 |     40.296 |     1.4
   21 |   1.1487 |     39.458 |   1.1640 |     39.864 |     1.4
   22 |   1.1381 |     39.069 |   1.1519 |     39.710 |     1.5
   23 |   1.1287 |     38.883 |   1.1406 |     39.372 |     1.6
   24 |   1.1196 |     38.441 |   1.1454 |     39.464 |     1.6
   25 |   1.1132 |     38.107 |   1.1278 |     38.786 |     1.7
   26 |   1.1034 |     37.598 |   1.1292 |     38.663 |     1.8
   27 |   1.0935 |     37.593 |   1.1259 |     39.341 |     1.8
   28 |   1.0908 |     37.544 |   1.1147 |     38.417 |     1.9
   29 |   1.0859 |     37.407 |   1.1148 |     37.646 |     2.0
   30 |   1.0775 |     36.937 |   1.0904 |     36.907 |     2.0
   31 |   1.0713 |     37.123 |   1.0916 |     37.554 |     2.1
   32 |   1.0584 |     36.406 |   1.0836 |     36.999 |     2.2
   33 |   1.0521 |     36.401 |   1.0818 |     37.246 |     2.2
   34 |   1.0474 |     36.084 |   1.0869 |     37.369 |     2.3
   35 |   1.0408 |     35.854 |   1.0809 |     36.907 |     2.4
   36 |   1.0401 |     35.761 |   1.0785 |     36.938 |     2.4
   37 |   1.0263 |     35.231 |   1.0667 |     36.537 |     2.5
   38 |   1.0192 |     35.007 |   1.0705 |     36.815 |     2.6
   39 |   1.0169 |     35.209 |   1.0800 |     36.568 |     2.6
   40 |   1.0148 |     34.985 |   1.0606 |     36.845 |     2.7
   41 |   1.0076 |     34.580 |   1.0524 |     36.137 |     2.8
   42 |   0.9985 |     34.312 |   1.0538 |     36.198 |     2.8
   43 |   0.9943 |     34.274 |   1.0571 |     36.229 |     2.9
   44 |   0.9903 |     34.099 |   1.0386 |     35.613 |     3.0
   45 |   0.9826 |     34.082 |   1.0527 |     36.722 |     3.1
   46 |   0.9766 |     33.683 |   1.0375 |     36.137 |     3.1
   47 |   0.9693 |     33.224 |   1.0519 |     35.675 |     3.2
   48 |   0.9672 |     33.459 |   1.0444 |     35.705 |     3.3
   49 |   0.9620 |     33.219 |   1.0328 |     34.874 |     3.3
   50 |   0.9562 |     33.011 |   1.0321 |     35.397 |     3.4
   51 |   0.9534 |     33.022 |   1.0385 |     35.582 |     3.5
   52 |   0.9456 |     32.710 |   1.0232 |     35.151 |     3.5
   53 |   0.9386 |     32.355 |   1.0206 |     34.535 |     3.6
   54 |   0.9368 |     32.486 |   1.0168 |     34.874 |     3.7
   55 |   0.9332 |     32.409 |   1.0285 |     34.966 |     3.7
   56 |   0.9314 |     32.283 |   1.0154 |     34.227 |     3.8
   57 |   0.9186 |     31.846 |   1.0109 |     34.319 |     3.9
   58 |   0.9131 |     31.365 |   1.0146 |     34.227 |     3.9
   59 |   0.9139 |     31.584 |   1.0098 |     34.073 |     4.0
   60 |   0.9091 |     31.212 |   1.0093 |     34.504 |     4.1
   61 |   0.9074 |     31.365 |   1.0100 |     34.473 |     4.1
   62 |   0.8985 |     30.731 |   1.0268 |     34.350 |     4.2
   63 |   0.8935 |     30.906 |   1.0212 |     33.949 |     4.3
   64 |   0.8889 |     30.353 |   1.0229 |     34.381 |     4.3
   65 |   0.8905 |     30.670 |   1.0074 |     34.412 |     4.4
   66 |   0.8778 |     29.932 |   1.0071 |     33.949 |     4.5
   67 |   0.8780 |     30.386 |   1.0215 |     33.980 |     4.5
   68 |   0.8698 |     29.981 |   1.0052 |     34.042 |     4.6
   69 |   0.8642 |     29.538 |   1.0185 |     34.350 |     4.7
   70 |   0.8624 |     30.031 |   1.0256 |     34.535 |     4.8
   71 |   0.8584 |     29.555 |   1.0144 |     34.350 |     4.8
   72 |   0.8544 |     29.785 |   1.0130 |     33.765 |     4.9
Early stopping

Model: Seq2Seq Transformer
Source index: <Seq2Seq Index with 45 items>
Target index: <Seq2Seq Index with 34 items>
Max sequence length: 800
Embedding dimension: 128
Feedforward dimension: 256
Encoder layers: 4
Decoder layers: 3
Attention heads: 4
Activation: relu
Dropout: 0.0
Trainable parameters: 1,243,682

Training started
X_train.shape: torch.Size([3048, 649])
Y_train.shape: torch.Size([3048, 7])
X_dev.shape: torch.Size([541, 337])
Y_dev.shape: torch.Size([541, 7])
Epochs: 500
Learning rate: 0.001
Weight decay: 0.0001
Epoch | Train                 | Development           | Minutes
      | Loss     | Error Rate | Loss     | Error Rate |
---------------------------------------------------------------
    1 |   1.4897 |     47.239 |   1.3213 |     46.580 |     0.2
    2 |   1.2351 |     43.974 |   1.2010 |     42.884 |     0.3
    3 |   1.1823 |     42.744 |   1.1793 |     42.575 |     0.5
    4 |   1.1496 |     41.864 |   1.1697 |     42.914 |     0.7
    5 |   1.1306 |     41.410 |   1.1489 |     42.267 |     0.8
    6 |   1.1182 |     41.235 |   1.1415 |     42.237 |     1.0
    7 |   1.1093 |     41.366 |   1.1176 |     40.450 |     1.2
    8 |   1.0972 |     40.852 |   1.1168 |     40.789 |     1.3
    9 |   1.0895 |     40.846 |   1.1165 |     41.189 |     1.5
   10 |   1.0835 |     40.857 |   1.1159 |     40.758 |     1.7
   11 |   1.0808 |     40.852 |   1.1029 |     41.312 |     1.8
   12 |   1.0802 |     40.557 |   1.1090 |     41.097 |     2.0
   13 |   1.0774 |     40.600 |   1.0984 |     42.298 |     2.2
   14 |   1.0796 |     40.704 |   1.1151 |     41.035 |     2.3
   15 |   1.0699 |     40.371 |   1.1039 |     42.237 |     2.5
   16 |   1.0698 |     40.666 |   1.1085 |     40.173 |     2.6
   17 |   1.0692 |     40.021 |   1.0925 |     40.542 |     2.8
   18 |   1.0641 |     40.507 |   1.0997 |     41.220 |     3.0
   19 |   1.0655 |     40.245 |   1.0966 |     40.696 |     3.1
   20 |   1.0641 |     40.453 |   1.0920 |     40.080 |     3.3
   21 |   1.0599 |     39.857 |   1.0910 |     41.682 |     3.5
   22 |   1.0484 |     39.075 |   1.1348 |     41.528 |     3.6
   23 |   1.0390 |     38.801 |   1.0917 |     40.481 |     3.8
   24 |   1.0294 |     38.326 |   1.0783 |     39.803 |     4.0
   25 |   1.0202 |     37.686 |   1.1033 |     41.220 |     4.1
   26 |   1.0066 |     37.505 |   1.1088 |     40.511 |     4.3
   27 |   0.9964 |     37.145 |   1.0935 |     39.988 |     4.5
   28 |   0.9881 |     36.368 |   1.0751 |     38.971 |     4.6
   29 |   0.9767 |     36.242 |   1.0691 |     38.971 |     4.8
   30 |   0.9664 |     36.166 |   1.0990 |     40.542 |     5.0
   31 |   0.9565 |     35.690 |   1.1009 |     39.310 |     5.1
   32 |   0.9497 |     35.433 |   1.0649 |     37.924 |     5.3
   33 |   0.9478 |     35.247 |   1.1068 |     39.680 |     5.5
   34 |   0.9419 |     34.624 |   1.1135 |     40.542 |     5.6
   35 |   0.9314 |     34.815 |   1.0912 |     40.080 |     5.8
   36 |   0.9233 |     34.301 |   1.1138 |     39.341 |     6.0
Early stopping

Model: Seq2Seq Transformer
Source index: <Seq2Seq Index with 45 items>
Target index: <Seq2Seq Index with 34 items>
Max sequence length: 800
Embedding dimension: 64
Feedforward dimension: 256
Encoder layers: 2
Decoder layers: 2
Attention heads: 4
Activation: relu
Dropout: 0.0
Trainable parameters: 292,194

Training started
X_train.shape: torch.Size([3048, 649])
Y_train.shape: torch.Size([3048, 7])
X_dev.shape: torch.Size([541, 337])
Y_dev.shape: torch.Size([541, 7])
Epochs: 500
Learning rate: 0.0001
Weight decay: 1e-05
Epoch | Train                 | Development           | Minutes
      | Loss     | Error Rate | Loss     | Error Rate |
---------------------------------------------------------------
    1 |   2.4909 |     58.164 |   1.9006 |     46.704 |     0.1
    2 |   1.7072 |     45.719 |   1.6070 |     45.964 |     0.2
    3 |   1.5351 |     45.472 |   1.5034 |     45.410 |     0.2
    4 |   1.4528 |     44.559 |   1.4318 |     44.886 |     0.3
    5 |   1.3946 |     43.766 |   1.3835 |     43.715 |     0.4
    6 |   1.3501 |     43.187 |   1.3500 |     43.592 |     0.5
    7 |   1.3117 |     42.274 |   1.3227 |     43.376 |     0.5
    8 |   1.2777 |     41.557 |   1.3015 |     43.592 |     0.6
    9 |   1.2472 |     40.912 |   1.2585 |     41.651 |     0.7
   10 |   1.2187 |     40.174 |   1.2397 |     40.881 |     0.8
   11 |   1.1899 |     39.715 |   1.2209 |     41.405 |     0.8
   12 |   1.1703 |     39.370 |   1.1860 |     39.895 |     0.9
   13 |   1.1471 |     38.834 |   1.1676 |     39.402 |     1.0
   14 |   1.1269 |     38.162 |   1.1777 |     39.495 |     1.1
   15 |   1.1062 |     37.484 |   1.1424 |     38.016 |     1.1
   16 |   1.0876 |     36.833 |   1.1374 |     37.369 |     1.2
   17 |   1.0700 |     36.100 |   1.1475 |     38.047 |     1.3
   18 |   1.0548 |     35.794 |   1.1186 |     36.845 |     1.4
   19 |   1.0355 |     35.028 |   1.1169 |     37.061 |     1.5
   20 |   1.0205 |     34.602 |   1.1062 |     36.476 |     1.5
   21 |   1.0058 |     34.082 |   1.0866 |     36.229 |     1.6
   22 |   0.9880 |     33.383 |   1.0877 |     35.860 |     1.7
   23 |   0.9756 |     33.076 |   1.0882 |     36.075 |     1.8
   24 |   0.9595 |     32.327 |   1.0717 |     36.044 |     1.8
   25 |   0.9465 |     31.895 |   1.0859 |     35.336 |     1.9
   26 |   0.9362 |     31.529 |   1.0705 |     35.089 |     2.0
   27 |   0.9209 |     31.042 |   1.0636 |     35.059 |     2.1
   28 |   0.9044 |     30.534 |   1.0604 |     34.627 |     2.1
   29 |   0.8927 |     30.370 |   1.0539 |     35.089 |     2.2
   30 |   0.8832 |     29.970 |   1.0530 |     35.059 |     2.3
   31 |   0.8701 |     29.522 |   1.0506 |     34.319 |     2.4
   32 |   0.8543 |     29.019 |   1.0509 |     34.442 |     2.5
   33 |   0.8459 |     28.680 |   1.0649 |     35.582 |     2.5
   34 |   0.8301 |     28.232 |   1.0504 |     34.442 |     2.6
   35 |   0.8200 |     27.860 |   1.0577 |     35.089 |     2.7
   36 |   0.8054 |     27.493 |   1.0377 |     33.734 |     2.8
   37 |   0.7981 |     27.160 |   1.0653 |     34.843 |     2.8
   38 |   0.7881 |     26.826 |   1.0402 |     34.011 |     2.9
   39 |   0.7721 |     26.132 |   1.0468 |     34.227 |     3.0
   40 |   0.7599 |     25.645 |   1.0447 |     33.672 |     3.1
Early stopping

Model: Seq2Seq Transformer
Source index: <Seq2Seq Index with 45 items>
Target index: <Seq2Seq Index with 34 items>
Max sequence length: 800
Embedding dimension: 128
Feedforward dimension: 256
Encoder layers: 2
Decoder layers: 4
Attention heads: 2
Activation: relu
Dropout: 0.2
Trainable parameters: 1,177,506

Training started
X_train.shape: torch.Size([3048, 649])
Y_train.shape: torch.Size([3048, 7])
X_dev.shape: torch.Size([541, 337])
Y_dev.shape: torch.Size([541, 7])
Epochs: 500
Learning rate: 0.0001
Weight decay: 0.0001
Epoch | Train                 | Development           | Minutes
      | Loss     | Error Rate | Loss     | Error Rate |
---------------------------------------------------------------
    1 |   2.4420 |     61.745 |   1.6282 |     47.043 |     0.1
    2 |   1.6028 |     46.440 |   1.4425 |     46.396 |     0.2
    3 |   1.4656 |     46.172 |   1.3898 |     46.242 |     0.3
    4 |   1.4055 |     45.494 |   1.3463 |     46.087 |     0.4
    5 |   1.3687 |     44.619 |   1.3132 |     43.993 |     0.5
    6 |   1.3425 |     44.198 |   1.2989 |     44.085 |     0.6
    7 |   1.3150 |     43.914 |   1.2820 |     43.746 |     0.7
    8 |   1.2958 |     43.433 |   1.2686 |     43.315 |     0.8
    9 |   1.2744 |     42.968 |   1.2642 |     43.900 |     0.9
   10 |   1.2548 |     42.449 |   1.2331 |     42.791 |     1.0
   11 |   1.2409 |     41.995 |   1.2282 |     42.606 |     1.0
   12 |   1.2220 |     41.541 |   1.2232 |     42.545 |     1.1
   13 |   1.2075 |     40.890 |   1.2155 |     42.083 |     1.2
   14 |   1.1982 |     41.224 |   1.2203 |     42.545 |     1.3
   15 |   1.1872 |     40.475 |   1.1897 |     41.436 |     1.4
   16 |   1.1713 |     40.218 |   1.1732 |     41.128 |     1.5
   17 |   1.1575 |     39.824 |   1.1778 |     41.220 |     1.6
   18 |   1.1475 |     39.589 |   1.1672 |     40.727 |     1.7
   19 |   1.1330 |     38.780 |   1.1701 |     41.004 |     1.8
   20 |   1.1187 |     38.430 |   1.1589 |     40.080 |     1.9
   21 |   1.1039 |     37.834 |   1.1705 |     39.834 |     2.0
   22 |   1.1045 |     38.003 |   1.1588 |     40.111 |     2.1
   23 |   1.0839 |     37.309 |   1.1293 |     38.909 |     2.2
   24 |   1.0748 |     36.795 |   1.1617 |     39.402 |     2.3
   25 |   1.0687 |     36.412 |   1.1762 |     40.234 |     2.4
   26 |   1.0558 |     36.494 |   1.1494 |     38.355 |     2.5
   27 |   1.0434 |     35.810 |   1.1062 |     36.938 |     2.6
   28 |   1.0401 |     35.280 |   1.1505 |     39.310 |     2.7
   29 |   1.0260 |     35.105 |   1.1403 |     38.232 |     2.8
   30 |   1.0192 |     35.023 |   1.1384 |     37.924 |     2.9
   31 |   1.0080 |     34.110 |   1.1447 |     37.831 |     3.0
Early stopping

Model: Seq2Seq Transformer
Source index: <Seq2Seq Index with 45 items>
Target index: <Seq2Seq Index with 34 items>
Max sequence length: 800
Embedding dimension: 64
Feedforward dimension: 256
Encoder layers: 2
Decoder layers: 4
Attention heads: 4
Activation: relu
Dropout: 0.0
Trainable parameters: 425,698

Training started
X_train.shape: torch.Size([3048, 649])
Y_train.shape: torch.Size([3048, 7])
X_dev.shape: torch.Size([541, 337])
Y_dev.shape: torch.Size([541, 7])
Epochs: 500
Learning rate: 0.001
Weight decay: 1e-05
Epoch | Train                 | Development           | Minutes
      | Loss     | Error Rate | Loss     | Error Rate |
---------------------------------------------------------------
    1 |   1.6442 |     48.808 |   1.3327 |     43.777 |     0.1
    2 |   1.2743 |     43.794 |   1.2704 |     43.592 |     0.2
    3 |   1.1799 |     40.923 |   1.1640 |     41.066 |     0.3
    4 |   1.1109 |     38.867 |   1.1254 |     39.125 |     0.4
    5 |   1.0552 |     36.871 |   1.0634 |     37.954 |     0.5
    6 |   0.9976 |     35.061 |   1.0531 |     36.291 |     0.6
    7 |   0.9503 |     32.923 |   1.0477 |     36.168 |     0.6
    8 |   0.9076 |     31.633 |   1.0281 |     34.381 |     0.7
    9 |   0.8582 |     29.752 |   1.0017 |     33.056 |     0.8
   10 |   0.8268 |     28.800 |   1.0298 |     34.904 |     0.9
   11 |   0.7781 |     27.220 |   0.9999 |     33.487 |     1.0
   12 |   0.7204 |     24.945 |   1.0049 |     33.703 |     1.1
   13 |   0.6942 |     24.131 |   1.0274 |     33.672 |     1.2
   14 |   0.6405 |     22.075 |   1.0323 |     33.148 |     1.3
   15 |   0.5934 |     20.587 |   1.0584 |     32.871 |     1.4
Early stopping

Model: Seq2Seq Transformer
Source index: <Seq2Seq Index with 45 items>
Target index: <Seq2Seq Index with 34 items>
Max sequence length: 800
Embedding dimension: 64
Feedforward dimension: 128
Encoder layers: 2
Decoder layers: 4
Attention heads: 2
Activation: relu
Dropout: 0.0
Trainable parameters: 326,626

Training started
X_train.shape: torch.Size([3048, 649])
Y_train.shape: torch.Size([3048, 7])
X_dev.shape: torch.Size([541, 337])
Y_dev.shape: torch.Size([541, 7])
Epochs: 500
Learning rate: 0.0001
Weight decay: 1e-05
Epoch | Train                 | Development           | Minutes
      | Loss     | Error Rate | Loss     | Error Rate |
---------------------------------------------------------------
    1 |   2.4366 |     60.761 |   1.8028 |     47.012 |     0.1
    2 |   1.6570 |     46.041 |   1.5881 |     47.043 |     0.1
    3 |   1.5159 |     45.576 |   1.4834 |     45.810 |     0.2
    4 |   1.4360 |     44.395 |   1.4300 |     45.595 |     0.3
    5 |   1.3784 |     43.602 |   1.3736 |     44.116 |     0.3
    6 |   1.3354 |     42.804 |   1.3382 |     43.777 |     0.4
    7 |   1.2985 |     42.219 |   1.3110 |     44.085 |     0.5
    8 |   1.2670 |     41.918 |   1.2945 |     43.530 |     0.5
    9 |   1.2405 |     41.213 |   1.2724 |     43.284 |     0.6
   10 |   1.2148 |     40.748 |   1.2710 |     43.500 |     0.7
   11 |   1.1916 |     40.300 |   1.2267 |     41.590 |     0.7
   12 |   1.1733 |     39.654 |   1.2107 |     41.497 |     0.8
   13 |   1.1513 |     39.299 |   1.2047 |     41.282 |     0.9
   14 |   1.1300 |     38.424 |   1.2043 |     41.189 |     0.9
   15 |   1.1100 |     37.713 |   1.1954 |     40.974 |     1.0
   16 |   1.0905 |     36.893 |   1.1724 |     40.542 |     1.1
   17 |   1.0762 |     36.609 |   1.1399 |     38.971 |     1.1
   18 |   1.0566 |     35.663 |   1.1346 |     39.063 |     1.2
   19 |   1.0436 |     35.231 |   1.1445 |     39.094 |     1.3
   20 |   1.0277 |     34.771 |   1.1218 |     38.601 |     1.3
   21 |   1.0123 |     34.323 |   1.1040 |     38.047 |     1.4
   22 |   0.9989 |     33.640 |   1.1080 |     37.862 |     1.5
   23 |   0.9822 |     33.197 |   1.0804 |     38.047 |     1.5
   24 |   0.9692 |     32.808 |   1.0863 |     37.338 |     1.6
   25 |   0.9584 |     32.551 |   1.1043 |     37.585 |     1.7
   26 |   0.9448 |     31.862 |   1.0804 |     36.537 |     1.7
   27 |   0.9329 |     31.616 |   1.0722 |     36.229 |     1.8
   28 |   0.9234 |     31.321 |   1.0715 |     35.736 |     1.9
   29 |   0.9090 |     30.856 |   1.0540 |     35.983 |     1.9
   30 |   0.8992 |     30.517 |   1.0643 |     35.151 |     2.0
   31 |   0.8811 |     29.949 |   1.0598 |     36.106 |     2.1
   32 |   0.8711 |     29.801 |   1.0676 |     35.613 |     2.2
   33 |   0.8565 |     29.380 |   1.0470 |     35.890 |     2.2
   34 |   0.8480 |     28.647 |   1.0478 |     35.490 |     2.3
   35 |   0.8372 |     28.330 |   1.0541 |     34.997 |     2.4
   36 |   0.8312 |     28.363 |   1.0614 |     35.675 |     2.4
   37 |   0.8166 |     27.532 |   1.0353 |     34.350 |     2.5
   38 |   0.8051 |     27.291 |   1.0202 |     34.596 |     2.6
   39 |   0.7961 |     26.974 |   1.0495 |     34.997 |     2.6
   40 |   0.7801 |     26.290 |   1.0320 |     34.442 |     2.7
   41 |   0.7726 |     25.990 |   1.0668 |     35.089 |     2.8
   42 |   0.7583 |     25.826 |   1.0692 |     35.921 |     2.8
Early stopping

Model: Seq2Seq Transformer
Source index: <Seq2Seq Index with 45 items>
Target index: <Seq2Seq Index with 34 items>
Max sequence length: 800
Embedding dimension: 128
Feedforward dimension: 64
Encoder layers: 2
Decoder layers: 4
Attention heads: 2
Activation: relu
Dropout: 0.1
Trainable parameters: 881,442

Training started
X_train.shape: torch.Size([3048, 649])
Y_train.shape: torch.Size([3048, 7])
X_dev.shape: torch.Size([541, 337])
Y_dev.shape: torch.Size([541, 7])
Epochs: 500
Learning rate: 0.001
Weight decay: 0.0001
Epoch | Train                 | Development           | Minutes
      | Loss     | Error Rate | Loss     | Error Rate |
---------------------------------------------------------------
    1 |   1.6029 |     48.458 |   1.3919 |     45.718 |     0.1
    2 |   1.3189 |     44.838 |   1.2547 |     42.637 |     0.2
    3 |   1.2424 |     43.034 |   1.2212 |     42.206 |     0.3
    4 |   1.1954 |     41.453 |   1.1818 |     39.988 |     0.4
    5 |   1.1515 |     39.780 |   1.1379 |     40.234 |     0.5
    6 |   1.1072 |     38.386 |   1.1213 |     37.985 |     0.5
    7 |   1.0661 |     36.888 |   1.1080 |     38.725 |     0.6
    8 |   1.0248 |     35.335 |   1.0854 |     36.568 |     0.7
    9 |   0.9915 |     34.126 |   1.0785 |     36.106 |     0.8
   10 |   0.9557 |     33.071 |   1.0450 |     35.120 |     0.9
   11 |   0.9269 |     31.977 |   1.0482 |     35.151 |     1.0
   12 |   0.8871 |     30.851 |   1.0289 |     33.919 |     1.1
   13 |   0.8540 |     29.440 |   1.0321 |     33.795 |     1.2
   14 |   0.8280 |     28.642 |   1.0250 |     33.426 |     1.3
   15 |   0.7983 |     28.210 |   1.0468 |     33.734 |     1.4
   16 |   0.7900 |     27.258 |   1.0483 |     34.134 |     1.5
   17 |   0.7429 |     25.995 |   1.0503 |     33.056 |     1.5
   18 |   0.7188 |     24.869 |   1.0559 |     33.487 |     1.6
Early stopping

Model: Seq2Seq Transformer
Source index: <Seq2Seq Index with 45 items>
Target index: <Seq2Seq Index with 34 items>
Max sequence length: 800
Embedding dimension: 64
Feedforward dimension: 64
Encoder layers: 4
Decoder layers: 3
Attention heads: 2
Activation: relu
Dropout: 0.2
Trainable parameters: 285,538

Training started
X_train.shape: torch.Size([3048, 649])
Y_train.shape: torch.Size([3048, 7])
X_dev.shape: torch.Size([541, 337])
Y_dev.shape: torch.Size([541, 7])
Epochs: 500
Learning rate: 0.001
Weight decay: 1e-05
Epoch | Train                 | Development           | Minutes
      | Loss     | Error Rate | Loss     | Error Rate |
---------------------------------------------------------------
    1 |   1.9010 |     52.745 |   1.4091 |     46.734 |     0.1
    2 |   1.3942 |     46.222 |   1.3558 |     45.933 |     0.2
    3 |   1.3421 |     45.598 |   1.3057 |     45.163 |     0.3
    4 |   1.3053 |     44.805 |   1.2899 |     44.301 |     0.4
    5 |   1.2785 |     44.477 |   1.2740 |     44.331 |     0.5
    6 |   1.2506 |     43.652 |   1.2512 |     45.163 |     0.6
    7 |   1.2360 |     43.307 |   1.2154 |     41.744 |     0.7
    8 |   1.2188 |     42.941 |   1.1971 |     42.175 |     0.8
    9 |   1.2025 |     42.279 |   1.1767 |     40.758 |     0.9
   10 |   1.1894 |     42.071 |   1.1773 |     41.189 |     1.0
   11 |   1.1768 |     41.656 |   1.1788 |     41.590 |     1.1
   12 |   1.1643 |     41.574 |   1.1625 |     41.436 |     1.2
   13 |   1.1591 |     41.010 |   1.1429 |     40.142 |     1.3
   14 |   1.1470 |     40.814 |   1.1340 |     41.282 |     1.4
   15 |   1.1333 |     40.245 |   1.1216 |     40.727 |     1.5
   16 |   1.1206 |     39.808 |   1.1133 |     40.203 |     1.6
   17 |   1.1142 |     40.086 |   1.0922 |     38.879 |     1.7
   18 |   1.0968 |     39.332 |   1.0913 |     38.386 |     1.8
   19 |   1.0885 |     38.998 |   1.0905 |     39.310 |     1.9
   20 |   1.0755 |     38.758 |   1.1056 |     38.725 |     2.0
   21 |   1.0685 |     38.473 |   1.0838 |     38.540 |     2.1
   22 |   1.0596 |     37.516 |   1.0788 |     38.355 |     2.2
   23 |   1.0559 |     37.855 |   1.0905 |     38.293 |     2.3
   24 |   1.0414 |     37.112 |   1.0671 |     37.708 |     2.4
   25 |   1.0287 |     36.784 |   1.0780 |     37.800 |     2.5
   26 |   1.0186 |     36.652 |   1.0741 |     38.108 |     2.6
   27 |   1.0122 |     36.450 |   1.0732 |     36.753 |     2.7
   28 |   0.9967 |     35.378 |   1.0778 |     38.108 |     2.8
Early stopping

Model: Seq2Seq Transformer
Source index: <Seq2Seq Index with 45 items>
Target index: <Seq2Seq Index with 34 items>
Max sequence length: 800
Embedding dimension: 128
Feedforward dimension: 128
Encoder layers: 4
Decoder layers: 2
Attention heads: 4
Activation: relu
Dropout: 0.2
Trainable parameters: 847,522

Training started
X_train.shape: torch.Size([3048, 649])
Y_train.shape: torch.Size([3048, 7])
X_dev.shape: torch.Size([541, 337])
Y_dev.shape: torch.Size([541, 7])
Epochs: 500
Learning rate: 0.001
Weight decay: 0.0001
Epoch | Train                 | Development           | Minutes
      | Loss     | Error Rate | Loss     | Error Rate |
---------------------------------------------------------------
    1 |   1.6516 |     49.508 |   1.3665 |     45.656 |     0.2
    2 |   1.3563 |     45.773 |   1.2938 |     44.331 |     0.3
    3 |   1.3010 |     44.948 |   1.2843 |     44.794 |     0.5
    4 |   1.2761 |     44.565 |   1.2276 |     43.469 |     0.7
    5 |   1.2448 |     44.023 |   1.2232 |     44.732 |     0.8
    6 |   1.2280 |     43.788 |   1.1935 |     42.853 |     1.0
    7 |   1.2130 |     43.493 |   1.1739 |     42.083 |     1.2
    8 |   1.1988 |     43.340 |   1.1656 |     41.836 |     1.3
    9 |   1.1863 |     42.596 |   1.1527 |     41.620 |     1.5
   10 |   1.1718 |     42.536 |   1.1539 |     41.867 |     1.6
   11 |   1.1642 |     42.285 |   1.1315 |     41.374 |     1.8
   12 |   1.1609 |     42.208 |   1.1366 |     40.758 |     2.0
   13 |   1.1537 |     41.984 |   1.1274 |     40.943 |     2.1
   14 |   1.1453 |     42.131 |   1.1236 |     41.035 |     2.3
   15 |   1.1393 |     41.781 |   1.1115 |     40.943 |     2.5
   16 |   1.1357 |     41.388 |   1.1214 |     41.497 |     2.6
   17 |   1.1329 |     41.656 |   1.1105 |     40.604 |     2.8
   18 |   1.1273 |     41.956 |   1.1231 |     40.604 |     3.0
   19 |   1.1283 |     41.497 |   1.1138 |     41.559 |     3.1
   20 |   1.1251 |     41.579 |   1.1073 |     40.819 |     3.3
   21 |   1.1167 |     41.360 |   1.1104 |     41.189 |     3.5
   22 |   1.1161 |     41.514 |   1.1057 |     40.481 |     3.6
   23 |   1.1160 |     41.065 |   1.1087 |     40.542 |     3.8
   24 |   1.1140 |     41.399 |   1.1096 |     40.696 |     4.0
   25 |   1.1100 |     40.939 |   1.1064 |     41.035 |     4.1
   26 |   1.1080 |     41.213 |   1.1069 |     40.727 |     4.3
   27 |   1.1062 |     41.120 |   1.0991 |     40.912 |     4.5
   28 |   1.1063 |     40.989 |   1.1023 |     41.158 |     4.6
   29 |   1.1062 |     41.027 |   1.0987 |     40.758 |     4.8
   30 |   1.1046 |     41.235 |   1.0973 |     41.590 |     4.9
   31 |   1.0996 |     40.972 |   1.1031 |     40.912 |     5.1
   32 |   1.0983 |     40.699 |   1.0803 |     39.310 |     5.3
   33 |   1.0920 |     40.283 |   1.0870 |     39.464 |     5.4
   34 |   1.0869 |     39.813 |   1.0873 |     39.402 |     5.6
   35 |   1.0778 |     39.731 |   1.0902 |     39.864 |     5.8
   36 |   1.0717 |     39.469 |   1.0781 |     39.895 |     5.9
   37 |   1.0692 |     39.244 |   1.0732 |     39.372 |     6.1
   38 |   1.0644 |     39.097 |   1.0738 |     39.217 |     6.3
   39 |   1.0636 |     38.752 |   1.0664 |     39.310 |     6.4
   40 |   1.0559 |     38.971 |   1.0899 |     39.680 |     6.6
   41 |   1.0525 |     38.555 |   1.0783 |     40.203 |     6.8
   42 |   1.0506 |     38.769 |   1.0873 |     40.173 |     6.9
   43 |   1.0472 |     38.583 |   1.0591 |     38.571 |     7.1
   44 |   1.0439 |     38.162 |   1.0754 |     39.464 |     7.2
   45 |   1.0380 |     38.167 |   1.0752 |     39.988 |     7.4
   46 |   1.0342 |     38.140 |   1.0782 |     39.094 |     7.6
   47 |   1.0349 |     37.724 |   1.0833 |     39.495 |     7.7
Early stopping

Model: Seq2Seq Transformer
Source index: <Seq2Seq Index with 45 items>
Target index: <Seq2Seq Index with 34 items>
Max sequence length: 800
Embedding dimension: 128
Feedforward dimension: 64
Encoder layers: 4
Decoder layers: 3
Attention heads: 2
Activation: relu
Dropout: 0.0
Trainable parameters: 898,274

Training started
X_train.shape: torch.Size([3048, 649])
Y_train.shape: torch.Size([3048, 7])
X_dev.shape: torch.Size([541, 337])
Y_dev.shape: torch.Size([541, 7])
Epochs: 500
Learning rate: 0.001
Weight decay: 0.0001
Epoch | Train                 | Development           | Minutes
      | Loss     | Error Rate | Loss     | Error Rate |
---------------------------------------------------------------
    1 |   1.5257 |     47.151 |   1.3151 |     43.777 |     0.1
    2 |   1.2623 |     44.062 |   1.2437 |     42.853 |     0.2
    3 |   1.2020 |     42.580 |   1.2015 |     42.206 |     0.4
    4 |   1.1648 |     41.410 |   1.1652 |     40.665 |     0.5
    5 |   1.1311 |     40.398 |   1.1584 |     40.696 |     0.6
    6 |   1.1039 |     39.386 |   1.1350 |     40.542 |     0.7
    7 |   1.0815 |     38.927 |   1.1163 |     40.511 |     0.9
    8 |   1.0553 |     37.719 |   1.1332 |     41.959 |     1.0
    9 |   1.0498 |     37.839 |   1.0782 |     38.324 |     1.1
   10 |   1.0236 |     36.631 |   1.0870 |     38.848 |     1.3
   11 |   1.0182 |     36.286 |   1.0691 |     37.985 |     1.4
   12 |   0.9935 |     35.553 |   1.0632 |     38.108 |     1.5
   13 |   0.9880 |     35.351 |   1.0784 |     38.971 |     1.6
   14 |   0.9587 |     34.400 |   1.0317 |     37.061 |     1.8
   15 |   0.9511 |     33.968 |   1.0116 |     35.952 |     1.9
   16 |   0.9295 |     33.284 |   1.0013 |     35.028 |     2.0
   17 |   0.9217 |     32.994 |   1.0068 |     34.843 |     2.1
   18 |   0.9066 |     32.448 |   0.9921 |     35.028 |     2.3
   19 |   0.8883 |     31.687 |   0.9931 |     35.274 |     2.4
   20 |   0.8899 |     31.649 |   0.9942 |     35.182 |     2.5
   21 |   0.8722 |     31.343 |   0.9760 |     33.826 |     2.6
   22 |   0.8521 |     30.479 |   0.9808 |     34.288 |     2.8
   23 |   0.8442 |     29.659 |   0.9714 |     33.949 |     2.9
   24 |   0.8235 |     29.024 |   0.9619 |     33.549 |     3.0
   25 |   0.7993 |     28.325 |   0.9494 |     32.810 |     3.1
   26 |   0.7979 |     28.368 |   0.9568 |     33.087 |     3.3
   27 |   0.7877 |     27.953 |   0.9569 |     32.656 |     3.4
   28 |   0.7585 |     26.810 |   0.9423 |     32.286 |     3.5
   29 |   0.7410 |     26.427 |   0.9383 |     31.485 |     3.6
   30 |   0.7284 |     25.662 |   0.9549 |     31.824 |     3.8
   31 |   0.7147 |     25.235 |   0.9682 |     32.502 |     3.9
   32 |   0.7090 |     24.913 |   0.9707 |     32.009 |     4.0
   33 |   0.6902 |     24.475 |   0.9385 |     31.054 |     4.1
Early stopping

Model: Seq2Seq Transformer
Source index: <Seq2Seq Index with 45 items>
Target index: <Seq2Seq Index with 34 items>
Max sequence length: 800
Embedding dimension: 64
Feedforward dimension: 128
Encoder layers: 2
Decoder layers: 4
Attention heads: 2
Activation: relu
Dropout: 0.1
Trainable parameters: 326,626

Training started
X_train.shape: torch.Size([3048, 649])
Y_train.shape: torch.Size([3048, 7])
X_dev.shape: torch.Size([541, 337])
Y_dev.shape: torch.Size([541, 7])
Epochs: 500
Learning rate: 0.001
Weight decay: 0.0001
Epoch | Train                 | Development           | Minutes
      | Loss     | Error Rate | Loss     | Error Rate |
---------------------------------------------------------------
    1 |   1.7916 |     50.180 |   1.3750 |     45.441 |     0.1
    2 |   1.3360 |     44.849 |   1.2968 |     43.222 |     0.1
    3 |   1.2694 |     43.170 |   1.2292 |     42.206 |     0.2
    4 |   1.2111 |     41.612 |   1.2073 |     42.329 |     0.3
    5 |   1.1775 |     40.650 |   1.1761 |     39.834 |     0.4
    6 |   1.1436 |     39.463 |   1.1398 |     39.372 |     0.4
    7 |   1.1125 |     38.419 |   1.1087 |     37.831 |     0.5
    8 |   1.0796 |     37.117 |   1.1064 |     37.338 |     0.6
    9 |   1.0479 |     36.215 |   1.0541 |     36.414 |     0.7
   10 |   1.0182 |     34.963 |   1.0550 |     35.983 |     0.7
   11 |   0.9923 |     34.503 |   1.0372 |     34.874 |     0.8
   12 |   0.9769 |     33.984 |   1.0432 |     34.966 |     0.9
   13 |   0.9432 |     32.409 |   1.0355 |     34.720 |     0.9
   14 |   0.9303 |     32.283 |   1.0295 |     34.381 |     1.0
   15 |   0.9031 |     31.458 |   1.0131 |     33.980 |     1.1
   16 |   0.8846 |     31.179 |   1.0085 |     33.641 |     1.2
   17 |   0.8555 |     29.686 |   1.0178 |     33.611 |     1.2
   18 |   0.8473 |     29.456 |   1.0035 |     33.703 |     1.3
   19 |   0.8227 |     28.500 |   1.0065 |     34.381 |     1.4
   20 |   0.8057 |     28.139 |   0.9905 |     33.087 |     1.5
   21 |   0.7857 |     27.351 |   0.9874 |     32.717 |     1.5
   22 |   0.7713 |     26.783 |   1.0267 |     33.703 |     1.6
   23 |   0.7454 |     25.858 |   1.0240 |     32.039 |     1.7
   24 |   0.7261 |     25.476 |   1.0225 |     33.056 |     1.7
   25 |   0.7117 |     24.885 |   1.0546 |     33.025 |     1.8
Early stopping

Model: Seq2Seq Transformer
Source index: <Seq2Seq Index with 45 items>
Target index: <Seq2Seq Index with 34 items>
Max sequence length: 800
Embedding dimension: 64
Feedforward dimension: 256
Encoder layers: 2
Decoder layers: 2
Attention heads: 2
Activation: relu
Dropout: 0.0
Trainable parameters: 292,194

Training started
X_train.shape: torch.Size([3048, 649])
Y_train.shape: torch.Size([3048, 7])
X_dev.shape: torch.Size([541, 337])
Y_dev.shape: torch.Size([541, 7])
Epochs: 500
Learning rate: 0.0001
Weight decay: 1e-05
Epoch | Train                 | Development           | Minutes
      | Loss     | Error Rate | Loss     | Error Rate |
---------------------------------------------------------------
    1 |   2.4979 |     59.219 |   1.8528 |     46.858 |     0.1
    2 |   1.6597 |     45.937 |   1.5696 |     46.242 |     0.1
    3 |   1.5047 |     45.593 |   1.4786 |     45.163 |     0.2
    4 |   1.4323 |     44.641 |   1.4261 |     45.502 |     0.2
    5 |   1.3816 |     43.914 |   1.3855 |     44.948 |     0.3
    6 |   1.3411 |     42.848 |   1.3427 |     43.746 |     0.3
    7 |   1.3059 |     42.028 |   1.3169 |     42.853 |     0.4
    8 |   1.2752 |     41.760 |   1.2895 |     42.760 |     0.4
    9 |   1.2465 |     40.803 |   1.2842 |     41.682 |     0.5
   10 |   1.2193 |     40.185 |   1.2448 |     40.357 |     0.6
   11 |   1.1936 |     39.600 |   1.2215 |     39.710 |     0.6
   12 |   1.1698 |     38.960 |   1.2057 |     39.710 |     0.7
   13 |   1.1506 |     38.572 |   1.1808 |     38.663 |     0.7
   14 |   1.1286 |     37.861 |   1.1705 |     38.170 |     0.8
   15 |   1.1091 |     37.347 |   1.1461 |     37.831 |     0.8
   16 |   1.0921 |     36.833 |   1.1571 |     38.478 |     0.9
   17 |   1.0733 |     36.264 |   1.1394 |     36.784 |     0.9
   18 |   1.0567 |     35.488 |   1.1189 |     37.153 |     1.0
   19 |   1.0425 |     35.214 |   1.1250 |     36.753 |     1.1
   20 |   1.0252 |     34.635 |   1.0942 |     36.322 |     1.1
   21 |   1.0080 |     33.957 |   1.1216 |     36.907 |     1.2
   22 |   0.9992 |     33.552 |   1.0908 |     36.414 |     1.2
   23 |   0.9831 |     32.787 |   1.0849 |     36.014 |     1.3
   24 |   0.9692 |     32.469 |   1.0728 |     35.705 |     1.3
   25 |   0.9521 |     31.923 |   1.0964 |     36.229 |     1.4
   26 |   0.9419 |     31.584 |   1.0657 |     35.305 |     1.4
   27 |   0.9272 |     30.747 |   1.0747 |     35.860 |     1.5
   28 |   0.9182 |     30.834 |   1.0683 |     35.521 |     1.6
   29 |   0.9013 |     30.135 |   1.0646 |     35.182 |     1.6
   30 |   0.8885 |     29.675 |   1.0441 |     35.028 |     1.7
   31 |   0.8755 |     29.287 |   1.0507 |     34.781 |     1.7
   32 |   0.8649 |     29.189 |   1.0424 |     34.412 |     1.8
   33 |   0.8518 |     28.303 |   1.0407 |     34.165 |     1.8
   34 |   0.8444 |     28.221 |   1.0599 |     34.627 |     1.9
   35 |   0.8325 |     27.734 |   1.0477 |     34.658 |     1.9
   36 |   0.8182 |     27.417 |   1.0355 |     34.104 |     2.0
   37 |   0.8066 |     26.979 |   1.0295 |     33.210 |     2.1
   38 |   0.7919 |     26.394 |   1.0426 |     33.765 |     2.1
   39 |   0.7852 |     26.148 |   1.0505 |     33.549 |     2.2
   40 |   0.7729 |     25.733 |   1.0432 |     33.826 |     2.2
   41 |   0.7616 |     25.120 |   1.0455 |     33.611 |     2.3
Early stopping

Model: Seq2Seq Transformer
Source index: <Seq2Seq Index with 45 items>
Target index: <Seq2Seq Index with 34 items>
Max sequence length: 800
Embedding dimension: 128
Feedforward dimension: 64
Encoder layers: 4
Decoder layers: 2
Attention heads: 2
Activation: relu
Dropout: 0.2
Trainable parameters: 748,834

Training started
X_train.shape: torch.Size([3048, 649])
Y_train.shape: torch.Size([3048, 7])
X_dev.shape: torch.Size([541, 337])
Y_dev.shape: torch.Size([541, 7])
Epochs: 500
Learning rate: 0.0001
Weight decay: 1e-05
Epoch | Train                 | Development           | Minutes
      | Loss     | Error Rate | Loss     | Error Rate |
---------------------------------------------------------------
    1 |   2.4709 |     61.275 |   1.7377 |     46.765 |     0.1
    2 |   1.6989 |     46.960 |   1.4995 |     46.180 |     0.2
    3 |   1.5088 |     46.331 |   1.4123 |     45.779 |     0.4
    4 |   1.4381 |     45.932 |   1.3742 |     44.978 |     0.5
    5 |   1.3899 |     45.314 |   1.3379 |     45.040 |     0.6
    6 |   1.3564 |     44.953 |   1.3118 |     43.376 |     0.8
    7 |   1.3304 |     43.909 |   1.2893 |     42.206 |     0.9
    8 |   1.3080 |     43.482 |   1.2737 |     42.791 |     1.0
    9 |   1.2890 |     43.367 |   1.2575 |     42.083 |     1.1
   10 |   1.2653 |     42.558 |   1.2436 |     41.836 |     1.3
   11 |   1.2511 |     42.410 |   1.2291 |     41.312 |     1.4
   12 |   1.2305 |     41.639 |   1.2342 |     41.620 |     1.5
   13 |   1.2225 |     41.328 |   1.2098 |     41.312 |     1.6
   14 |   1.2110 |     41.388 |   1.2018 |     41.466 |     1.8
   15 |   1.1922 |     40.781 |   1.1898 |     40.758 |     1.9
   16 |   1.1845 |     40.584 |   1.1928 |     40.111 |     2.0
   17 |   1.1678 |     40.147 |   1.1806 |     39.741 |     2.1
   18 |   1.1553 |     39.496 |   1.1585 |     39.002 |     2.3
   19 |   1.1437 |     39.277 |   1.1573 |     38.725 |     2.4
   20 |   1.1399 |     39.168 |   1.1416 |     38.355 |     2.5
   21 |   1.1174 |     38.550 |   1.1574 |     38.909 |     2.7
   22 |   1.1155 |     38.561 |   1.1485 |     38.355 |     2.8
   23 |   1.1078 |     37.888 |   1.1597 |     38.509 |     2.9
   24 |   1.0947 |     37.757 |   1.1302 |     37.770 |     3.0
   25 |   1.0856 |     37.429 |   1.1568 |     38.694 |     3.2
   26 |   1.0743 |     36.816 |   1.1408 |     38.540 |     3.3
   27 |   1.0690 |     37.183 |   1.1494 |     37.985 |     3.4
   28 |   1.0538 |     35.925 |   1.1320 |     37.800 |     3.5
   29 |   1.0427 |     35.887 |   1.1214 |     37.523 |     3.7
   30 |   1.0427 |     35.936 |   1.1462 |     38.509 |     3.8
   31 |   1.0286 |     35.488 |   1.1323 |     37.153 |     3.9
   32 |   1.0194 |     34.744 |   1.1175 |     37.153 |     4.0
   33 |   1.0071 |     34.378 |   1.1537 |     38.355 |     4.2
   34 |   1.0060 |     34.482 |   1.1307 |     36.722 |     4.3
   35 |   0.9923 |     34.175 |   1.1211 |     36.815 |     4.4
   36 |   0.9877 |     33.765 |   1.1361 |     36.722 |     4.5
Early stopping

Model: Seq2Seq Transformer
Source index: <Seq2Seq Index with 45 items>
Target index: <Seq2Seq Index with 34 items>
Max sequence length: 800
Embedding dimension: 128
Feedforward dimension: 64
Encoder layers: 4
Decoder layers: 2
Attention heads: 4
Activation: relu
Dropout: 0.0
Trainable parameters: 748,834

Training started
X_train.shape: torch.Size([3048, 649])
Y_train.shape: torch.Size([3048, 7])
X_dev.shape: torch.Size([541, 337])
Y_dev.shape: torch.Size([541, 7])
Epochs: 500
Learning rate: 0.0001
Weight decay: 1e-05
Epoch | Train                 | Development           | Minutes
      | Loss     | Error Rate | Loss     | Error Rate |
---------------------------------------------------------------
    1 |   2.2871 |     57.305 |   1.6631 |     46.519 |     0.1
    2 |   1.5082 |     45.647 |   1.4332 |     45.040 |     0.3
    3 |   1.3755 |     44.177 |   1.3494 |     43.592 |     0.4
    4 |   1.3063 |     42.596 |   1.2971 |     42.791 |     0.6
    5 |   1.2571 |     41.579 |   1.2599 |     42.699 |     0.7
    6 |   1.2176 |     40.693 |   1.2285 |     41.805 |     0.9
    7 |   1.1808 |     39.561 |   1.2043 |     40.327 |     1.0
    8 |   1.1521 |     38.872 |   1.1856 |     40.450 |     1.2
    9 |   1.1216 |     38.019 |   1.1677 |     39.618 |     1.3
   10 |   1.0898 |     36.527 |   1.1453 |     38.632 |     1.5
   11 |   1.0657 |     35.679 |   1.1231 |     38.447 |     1.6
   12 |   1.0345 |     34.635 |   1.1087 |     37.246 |     1.8
   13 |   1.0069 |     33.579 |   1.1036 |     36.506 |     1.9
   14 |   0.9876 |     33.224 |   1.0698 |     35.274 |     2.1
   15 |   0.9532 |     31.616 |   1.0564 |     35.305 |     2.2
   16 |   0.9351 |     30.988 |   1.0490 |     35.151 |     2.4
   17 |   0.9071 |     30.025 |   1.0530 |     35.336 |     2.5
   18 |   0.8867 |     29.374 |   1.0349 |     34.689 |     2.7
   19 |   0.8590 |     28.423 |   1.0514 |     34.904 |     2.8
   20 |   0.8362 |     27.554 |   1.0284 |     33.734 |     3.0
   21 |   0.8092 |     26.859 |   1.0516 |     34.689 |     3.1
   22 |   0.7943 |     26.460 |   1.0645 |     34.750 |     3.3
   23 |   0.7684 |     25.109 |   1.0560 |     34.596 |     3.4
   24 |   0.7442 |     24.448 |   1.0483 |     33.826 |     3.6
Early stopping

Model: Seq2Seq Transformer
Source index: <Seq2Seq Index with 45 items>
Target index: <Seq2Seq Index with 34 items>
Max sequence length: 800
Embedding dimension: 128
Feedforward dimension: 128
Encoder layers: 4
Decoder layers: 4
Attention heads: 4
Activation: relu
Dropout: 0.0
Trainable parameters: 1,179,298

Training started
X_train.shape: torch.Size([3048, 649])
Y_train.shape: torch.Size([3048, 7])
X_dev.shape: torch.Size([541, 337])
Y_dev.shape: torch.Size([541, 7])
Epochs: 500
Learning rate: 0.0001
Weight decay: 1e-05
Epoch | Train                 | Development           | Minutes
      | Loss     | Error Rate | Loss     | Error Rate |
---------------------------------------------------------------
    1 |   2.0700 |     52.756 |   1.5249 |     45.471 |     0.2
    2 |   1.4148 |     44.215 |   1.3768 |     44.023 |     0.3
    3 |   1.3199 |     43.586 |   1.3024 |     43.284 |     0.5
    4 |   1.2591 |     42.208 |   1.2691 |     42.206 |     0.7
    5 |   1.2171 |     41.114 |   1.2326 |     42.514 |     0.8
    6 |   1.1795 |     40.065 |   1.2018 |     40.542 |     1.0
    7 |   1.1422 |     38.900 |   1.1489 |     38.879 |     1.2
    8 |   1.1106 |     38.380 |   1.1612 |     39.710 |     1.3
    9 |   1.0837 |     37.139 |   1.1335 |     38.262 |     1.5
   10 |   1.0577 |     36.182 |   1.1144 |     37.307 |     1.7
   11 |   1.0229 |     34.657 |   1.1148 |     37.677 |     1.9
   12 |   0.9964 |     33.831 |   1.0904 |     36.168 |     2.0
   13 |   0.9644 |     32.431 |   1.0605 |     35.675 |     2.2
   14 |   0.9399 |     32.180 |   1.0551 |     35.336 |     2.4
   15 |   0.9041 |     30.528 |   1.0296 |     33.919 |     2.5
   16 |   0.8791 |     29.932 |   1.0208 |     35.089 |     2.7
   17 |   0.8538 |     29.019 |   0.9979 |     32.686 |     2.9
   18 |   0.8219 |     27.592 |   1.0276 |     34.196 |     3.0
   19 |   0.7986 |     26.903 |   1.0414 |     34.658 |     3.2
   20 |   0.7761 |     26.192 |   1.0262 |     34.781 |     3.4
   21 |   0.7446 |     24.776 |   1.0144 |     33.241 |     3.5
Early stopping

Model: Seq2Seq Transformer
Source index: <Seq2Seq Index with 45 items>
Target index: <Seq2Seq Index with 34 items>
Max sequence length: 800
Embedding dimension: 64
Feedforward dimension: 128
Encoder layers: 2
Decoder layers: 4
Attention heads: 4
Activation: relu
Dropout: 0.1
Trainable parameters: 326,626

Training started
X_train.shape: torch.Size([3048, 649])
Y_train.shape: torch.Size([3048, 7])
X_dev.shape: torch.Size([541, 337])
Y_dev.shape: torch.Size([541, 7])
Epochs: 500
Learning rate: 0.0001
Weight decay: 0.0001
Epoch | Train                 | Development           | Minutes
      | Loss     | Error Rate | Loss     | Error Rate |
---------------------------------------------------------------
    1 |   2.7094 |     65.830 |   1.9513 |     47.104 |     0.1
    2 |   1.8677 |     46.768 |   1.6346 |     47.073 |     0.2
    3 |   1.6406 |     46.276 |   1.5220 |     46.765 |     0.3
    4 |   1.5390 |     46.052 |   1.4613 |     46.272 |     0.4
    5 |   1.4772 |     45.904 |   1.4187 |     46.272 |     0.5
    6 |   1.4339 |     45.205 |   1.3902 |     45.071 |     0.6
    7 |   1.4005 |     45.150 |   1.3524 |     45.040 |     0.7
    8 |   1.3725 |     44.805 |   1.3292 |     43.192 |     0.8
    9 |   1.3488 |     44.215 |   1.3147 |     43.715 |     0.9
   10 |   1.3299 |     44.056 |   1.3020 |     43.438 |     1.0
   11 |   1.3097 |     43.559 |   1.2779 |     43.099 |     1.1
   12 |   1.2924 |     43.345 |   1.2723 |     43.253 |     1.2
   13 |   1.2763 |     42.935 |   1.2557 |     43.315 |     1.3
   14 |   1.2667 |     42.706 |   1.2436 |     42.267 |     1.4
   15 |   1.2544 |     42.547 |   1.2366 |     42.637 |     1.5
   16 |   1.2412 |     42.060 |   1.2178 |     41.220 |     1.6
   17 |   1.2276 |     41.776 |   1.2182 |     41.867 |     1.7
   18 |   1.2166 |     41.399 |   1.2070 |     41.805 |     1.8
   19 |   1.2061 |     41.060 |   1.1925 |     40.173 |     1.9
   20 |   1.1966 |     41.054 |   1.1753 |     40.111 |     2.0
   21 |   1.1834 |     40.305 |   1.1725 |     40.327 |     2.1
   22 |   1.1743 |     40.152 |   1.1636 |     39.556 |     2.2
   23 |   1.1662 |     40.075 |   1.1649 |     40.173 |     2.3
   24 |   1.1569 |     39.452 |   1.1484 |     38.879 |     2.4
   25 |   1.1487 |     39.184 |   1.1410 |     38.601 |     2.5
   26 |   1.1379 |     38.955 |   1.1509 |     39.587 |     2.6
   27 |   1.1320 |     38.648 |   1.1434 |     39.248 |     2.7
   28 |   1.1256 |     38.615 |   1.1334 |     38.879 |     2.8
   29 |   1.1148 |     37.855 |   1.1454 |     39.002 |     2.9
   30 |   1.1101 |     38.167 |   1.1295 |     38.170 |     3.0
   31 |   1.1041 |     37.905 |   1.1149 |     37.554 |     3.1
   32 |   1.0960 |     37.888 |   1.1479 |     39.803 |     3.1
   33 |   1.0909 |     37.817 |   1.1268 |     38.355 |     3.2
   34 |   1.0832 |     37.123 |   1.1288 |     38.694 |     3.3
   35 |   1.0732 |     36.833 |   1.0920 |     37.184 |     3.4
   36 |   1.0702 |     36.713 |   1.1155 |     37.554 |     3.5
   37 |   1.0655 |     36.554 |   1.0906 |     37.215 |     3.6
   38 |   1.0600 |     36.379 |   1.0814 |     37.400 |     3.7
   39 |   1.0543 |     36.253 |   1.0883 |     37.554 |     3.8
   40 |   1.0493 |     35.887 |   1.1141 |     37.708 |     3.9
   41 |   1.0397 |     35.531 |   1.0758 |     36.907 |     4.0
   42 |   1.0340 |     35.307 |   1.1024 |     37.431 |     4.1
   43 |   1.0315 |     35.428 |   1.0768 |     36.784 |     4.2
   44 |   1.0232 |     35.324 |   1.0833 |     36.198 |     4.3
   45 |   1.0197 |     34.821 |   1.0570 |     35.983 |     4.4
   46 |   1.0156 |     34.925 |   1.0907 |     37.338 |     4.5
   47 |   1.0102 |     34.618 |   1.0946 |     37.431 |     4.6
   48 |   1.0072 |     34.520 |   1.0634 |     36.476 |     4.7
   49 |   1.0018 |     34.438 |   1.0821 |     37.184 |     4.8
Early stopping

Model: Seq2Seq Transformer
Source index: <Seq2Seq Index with 45 items>
Target index: <Seq2Seq Index with 34 items>
Max sequence length: 800
Embedding dimension: 64
Feedforward dimension: 128
Encoder layers: 2
Decoder layers: 2
Attention heads: 4
Activation: relu
Dropout: 0.1
Trainable parameters: 226,146

Training started
X_train.shape: torch.Size([3048, 649])
Y_train.shape: torch.Size([3048, 7])
X_dev.shape: torch.Size([541, 337])
Y_dev.shape: torch.Size([541, 7])
Epochs: 500
Learning rate: 0.001
Weight decay: 1e-05
Epoch | Train                 | Development           | Minutes
      | Loss     | Error Rate | Loss     | Error Rate |
---------------------------------------------------------------
    1 |   1.6991 |     48.644 |   1.3673 |     44.393 |     0.1
    2 |   1.3183 |     44.111 |   1.2686 |     44.085 |     0.2
    3 |   1.2530 |     43.001 |   1.2225 |     42.483 |     0.2
    4 |   1.2015 |     41.475 |   1.1637 |     40.819 |     0.3
    5 |   1.1572 |     40.289 |   1.1630 |     40.819 |     0.4
    6 |   1.1175 |     38.933 |   1.1124 |     38.016 |     0.5
    7 |   1.0823 |     37.648 |   1.0857 |     37.400 |     0.6
    8 |   1.0506 |     36.576 |   1.0641 |     36.506 |     0.7
    9 |   1.0109 |     35.296 |   1.0524 |     35.983 |     0.7
   10 |   0.9832 |     34.323 |   1.0412 |     35.829 |     0.8
   11 |   0.9597 |     33.279 |   1.0278 |     34.781 |     0.9
   12 |   0.9257 |     32.207 |   1.0448 |     35.305 |     1.0
   13 |   0.9002 |     31.004 |   1.0308 |     35.151 |     1.1
   14 |   0.8727 |     30.463 |   1.0166 |     34.381 |     1.1
   15 |   0.8520 |     29.582 |   1.0174 |     34.442 |     1.2
   16 |   0.8312 |     28.953 |   1.0209 |     34.966 |     1.3
   17 |   0.8108 |     28.418 |   1.0340 |     33.765 |     1.4
   18 |   0.7892 |     27.767 |   1.0393 |     34.750 |     1.5
Early stopping

Model: Seq2Seq Transformer
Source index: <Seq2Seq Index with 45 items>
Target index: <Seq2Seq Index with 34 items>
Max sequence length: 800
Embedding dimension: 64
Feedforward dimension: 64
Encoder layers: 4
Decoder layers: 2
Attention heads: 4
Activation: relu
Dropout: 0.2
Trainable parameters: 243,554

Training started
X_train.shape: torch.Size([3048, 649])
Y_train.shape: torch.Size([3048, 7])
X_dev.shape: torch.Size([541, 337])
Y_dev.shape: torch.Size([541, 7])
Epochs: 500
Learning rate: 0.001
Weight decay: 0.0001
Epoch | Train                 | Development           | Minutes
      | Loss     | Error Rate | Loss     | Error Rate |
---------------------------------------------------------------
    1 |   1.8353 |     51.187 |   1.3988 |     46.519 |     0.1
    2 |   1.3762 |     46.074 |   1.3282 |     45.410 |     0.3
    3 |   1.3183 |     45.434 |   1.2837 |     45.225 |     0.4
    4 |   1.2841 |     44.762 |   1.2400 |     43.777 |     0.6
    5 |   1.2537 |     44.018 |   1.2240 |     42.329 |     0.7
    6 |   1.2277 |     43.848 |   1.1915 |     42.391 |     0.8
    7 |   1.2127 |     43.077 |   1.1838 |     42.360 |     1.0
    8 |   1.1950 |     42.531 |   1.1769 |     41.929 |     1.1
    9 |   1.1801 |     42.049 |   1.1693 |     41.466 |     1.3
   10 |   1.1683 |     41.628 |   1.1513 |     41.929 |     1.4
   11 |   1.1616 |     41.371 |   1.1450 |     40.635 |     1.5
   12 |   1.1502 |     41.377 |   1.1163 |     39.248 |     1.7
   13 |   1.1284 |     40.540 |   1.1101 |     39.926 |     1.8
   14 |   1.1270 |     40.278 |   1.1240 |     39.803 |     1.9
   15 |   1.1125 |     40.125 |   1.1003 |     39.217 |     2.1
   16 |   1.1074 |     39.676 |   1.0851 |     38.971 |     2.2
   17 |   1.0969 |     39.540 |   1.0832 |     38.293 |     2.4
   18 |   1.0829 |     38.605 |   1.0889 |     38.971 |     2.5
   19 |   1.0747 |     38.266 |   1.1130 |     39.341 |     2.6
   20 |   1.0698 |     38.200 |   1.0841 |     38.355 |     2.8
   21 |   1.0556 |     37.648 |   1.0884 |     39.187 |     2.9
   22 |   1.0505 |     37.462 |   1.0707 |     39.002 |     3.1
   23 |   1.0378 |     37.199 |   1.0783 |     38.447 |     3.2
   24 |   1.0294 |     36.888 |   1.0666 |     37.523 |     3.3
   25 |   1.0255 |     36.625 |   1.0699 |     38.755 |     3.5
   26 |   1.0188 |     36.521 |   1.0446 |     36.815 |     3.6
   27 |   1.0094 |     35.969 |   1.0651 |     38.324 |     3.8
   28 |   0.9990 |     35.559 |   1.0523 |     37.030 |     3.9
   29 |   0.9978 |     35.728 |   1.0516 |     36.568 |     4.0
   30 |   0.9854 |     35.296 |   1.0584 |     36.876 |     4.2
Early stopping

Model: Seq2Seq Transformer
Source index: <Seq2Seq Index with 45 items>
Target index: <Seq2Seq Index with 34 items>
Max sequence length: 800
Embedding dimension: 128
Feedforward dimension: 64
Encoder layers: 4
Decoder layers: 4
Attention heads: 4
Activation: relu
Dropout: 0.1
Trainable parameters: 1,047,714

Training started
X_train.shape: torch.Size([3048, 649])
Y_train.shape: torch.Size([3048, 7])
X_dev.shape: torch.Size([541, 337])
Y_dev.shape: torch.Size([541, 7])
Epochs: 500
Learning rate: 0.001
Weight decay: 1e-05
Epoch | Train                 | Development           | Minutes
      | Loss     | Error Rate | Loss     | Error Rate |
---------------------------------------------------------------
    1 |   1.6427 |     49.852 |   1.3246 |     44.177 |     0.2
    2 |   1.3105 |     45.172 |   1.2707 |     44.208 |     0.4
    3 |   1.2535 |     44.226 |   1.2143 |     42.206 |     0.5
    4 |   1.2153 |     42.711 |   1.1820 |     42.452 |     0.7
    5 |   1.1920 |     42.487 |   1.1668 |     41.805 |     0.9
    6 |   1.1647 |     41.492 |   1.1527 |     41.097 |     1.1
    7 |   1.1418 |     40.983 |   1.1365 |     40.265 |     1.3
    8 |   1.1271 |     40.507 |   1.1193 |     39.618 |     1.4
    9 |   1.1099 |     39.671 |   1.1027 |     39.402 |     1.6
   10 |   1.0992 |     39.452 |   1.1036 |     39.187 |     1.8
   11 |   1.0854 |     38.998 |   1.0957 |     39.310 |     2.0
   12 |   1.0690 |     38.566 |   1.0736 |     38.725 |     2.2
   13 |   1.0619 |     38.594 |   1.0701 |     38.694 |     2.4
   14 |   1.0556 |     38.107 |   1.0653 |     39.372 |     2.5
   15 |   1.0463 |     37.910 |   1.0669 |     38.817 |     2.7
   16 |   1.0376 |     37.566 |   1.0565 |     39.587 |     2.9
   17 |   1.0242 |     37.002 |   1.0575 |     38.940 |     3.1
   18 |   1.0179 |     36.904 |   1.0664 |     39.341 |     3.3
   19 |   1.0047 |     36.521 |   1.0644 |     39.895 |     3.4
   20 |   1.0176 |     37.150 |   1.0531 |     39.156 |     3.6
   21 |   0.9981 |     36.341 |   1.0524 |     38.447 |     3.8
   22 |   0.9872 |     35.887 |   1.0780 |     39.433 |     4.0
   23 |   0.9711 |     35.007 |   1.0478 |     38.108 |     4.2
   24 |   0.9685 |     35.160 |   1.0539 |     39.217 |     4.4
   25 |   0.9607 |     34.892 |   1.0456 |     37.924 |     4.5
   26 |   0.9566 |     35.028 |   1.0419 |     37.800 |     4.7
   27 |   0.9641 |     34.892 |   1.0303 |     38.262 |     4.9
   28 |   0.9544 |     34.350 |   1.0513 |     39.094 |     5.1
   29 |   0.9449 |     33.929 |   1.0652 |     39.433 |     5.3
   30 |   0.9276 |     33.295 |   1.0576 |     38.571 |     5.4
   31 |   0.9237 |     33.175 |   1.0489 |     38.139 |     5.6
Early stopping

Model: Seq2Seq Transformer
Source index: <Seq2Seq Index with 45 items>
Target index: <Seq2Seq Index with 34 items>
Max sequence length: 800
Embedding dimension: 128
Feedforward dimension: 64
Encoder layers: 2
Decoder layers: 2
Attention heads: 2
Activation: relu
Dropout: 0.1
Trainable parameters: 582,562

Training started
X_train.shape: torch.Size([3048, 649])
Y_train.shape: torch.Size([3048, 7])
X_dev.shape: torch.Size([541, 337])
Y_dev.shape: torch.Size([541, 7])
Epochs: 500
Learning rate: 0.001
Weight decay: 1e-05
Epoch | Train                 | Development           | Minutes
      | Loss     | Error Rate | Loss     | Error Rate |
---------------------------------------------------------------
    1 |   1.6021 |     48.245 |   1.3422 |     44.424 |     0.1
    2 |   1.2962 |     43.870 |   1.2539 |     42.976 |     0.1
    3 |   1.2315 |     42.224 |   1.1986 |     40.789 |     0.2
    4 |   1.1780 |     40.934 |   1.1553 |     40.265 |     0.3
    5 |   1.1271 |     39.179 |   1.1423 |     38.293 |     0.4
    6 |   1.0958 |     38.129 |   1.1274 |     38.879 |     0.4
    7 |   1.0600 |     36.981 |   1.1053 |     38.201 |     0.5
    8 |   1.0270 |     35.504 |   1.1049 |     37.153 |     0.6
    9 |   0.9973 |     34.618 |   1.0973 |     36.568 |     0.7
   10 |   0.9729 |     34.011 |   1.0785 |     37.277 |     0.7
   11 |   0.9422 |     32.792 |   1.0782 |     36.106 |     0.8
   12 |   0.9230 |     32.136 |   1.0653 |     35.397 |     0.9
   13 |   0.8916 |     31.124 |   1.0851 |     34.720 |     1.0
   14 |   0.8798 |     30.659 |   1.0910 |     35.274 |     1.0
   15 |   0.8605 |     29.905 |   1.0940 |     35.336 |     1.1
   16 |   0.8343 |     29.117 |   1.1035 |     35.798 |     1.2
Early stopping

Model: Seq2Seq Transformer
Source index: <Seq2Seq Index with 45 items>
Target index: <Seq2Seq Index with 34 items>
Max sequence length: 800
Embedding dimension: 128
Feedforward dimension: 128
Encoder layers: 2
Decoder layers: 3
Attention heads: 2
Activation: relu
Dropout: 0.1
Trainable parameters: 814,242

Training started
X_train.shape: torch.Size([3048, 649])
Y_train.shape: torch.Size([3048, 7])
X_dev.shape: torch.Size([541, 337])
Y_dev.shape: torch.Size([541, 7])
Epochs: 500
Learning rate: 0.001
Weight decay: 1e-05
Epoch | Train                 | Development           | Minutes
      | Loss     | Error Rate | Loss     | Error Rate |
---------------------------------------------------------------
    1 |   1.5329 |     47.102 |   1.3175 |     44.516 |     0.1
    2 |   1.2760 |     43.209 |   1.2497 |     42.483 |     0.2
    3 |   1.2024 |     41.546 |   1.1762 |     40.234 |     0.2
    4 |   1.1612 |     40.218 |   1.1177 |     38.016 |     0.3
    5 |   1.1122 |     38.435 |   1.1020 |     38.201 |     0.4
    6 |   1.0761 |     37.008 |   1.0777 |     37.153 |     0.5
    7 |   1.0275 |     35.373 |   1.0652 |     36.876 |     0.6
    8 |   1.0054 |     34.607 |   1.0619 |     35.860 |     0.7
    9 |   0.9742 |     33.990 |   1.0336 |     34.042 |     0.8
   10 |   0.9351 |     32.311 |   1.0227 |     34.412 |     0.8
   11 |   0.8975 |     31.403 |   1.0347 |     34.720 |     0.9
   12 |   0.8683 |     29.998 |   1.0373 |     34.442 |     1.0
   13 |   0.8468 |     29.440 |   1.0779 |     35.059 |     1.1
   14 |   0.8165 |     28.270 |   1.0478 |     34.750 |     1.2
Early stopping

Model: Seq2Seq Transformer
Source index: <Seq2Seq Index with 45 items>
Target index: <Seq2Seq Index with 34 items>
Max sequence length: 800
Embedding dimension: 64
Feedforward dimension: 64
Encoder layers: 2
Decoder layers: 2
Attention heads: 4
Activation: relu
Dropout: 0.2
Trainable parameters: 193,122

Training started
X_train.shape: torch.Size([3048, 649])
Y_train.shape: torch.Size([3048, 7])
X_dev.shape: torch.Size([541, 337])
Y_dev.shape: torch.Size([541, 7])
Epochs: 500
Learning rate: 0.001
Weight decay: 1e-05
Epoch | Train                 | Development           | Minutes
      | Loss     | Error Rate | Loss     | Error Rate |
---------------------------------------------------------------
    1 |   1.8673 |     50.815 |   1.4098 |     46.303 |     0.1
    2 |   1.3786 |     45.369 |   1.2987 |     43.346 |     0.2
    3 |   1.3017 |     43.963 |   1.2319 |     42.575 |     0.2
    4 |   1.2519 |     43.094 |   1.2343 |     43.007 |     0.3
    5 |   1.2141 |     41.732 |   1.1646 |     40.542 |     0.4
    6 |   1.1800 |     40.901 |   1.1315 |     40.450 |     0.5
    7 |   1.1514 |     39.906 |   1.1161 |     39.094 |     0.6
    8 |   1.1211 |     38.878 |   1.1223 |     39.125 |     0.6
    9 |   1.1020 |     38.173 |   1.1082 |     37.924 |     0.7
   10 |   1.0767 |     37.352 |   1.0790 |     37.338 |     0.8
   11 |   1.0477 |     36.204 |   1.0646 |     36.352 |     0.9
   12 |   1.0310 |     35.624 |   1.0524 |     35.767 |     1.0
   13 |   1.0103 |     34.673 |   1.0894 |     36.291 |     1.1
   14 |   0.9884 |     34.203 |   1.0617 |     36.137 |     1.1
   15 |   0.9640 |     33.508 |   1.0561 |     34.566 |     1.2
   16 |   0.9505 |     33.054 |   1.0589 |     34.566 |     1.3
Early stopping

Model: Seq2Seq Transformer
Source index: <Seq2Seq Index with 45 items>
Target index: <Seq2Seq Index with 34 items>
Max sequence length: 800
Embedding dimension: 64
Feedforward dimension: 128
Encoder layers: 2
Decoder layers: 3
Attention heads: 4
Activation: relu
Dropout: 0.0
Trainable parameters: 276,386

Training started
X_train.shape: torch.Size([3048, 649])
Y_train.shape: torch.Size([3048, 7])
X_dev.shape: torch.Size([541, 337])
Y_dev.shape: torch.Size([541, 7])
Epochs: 500
Learning rate: 0.001
Weight decay: 0.0001
Epoch | Train                 | Development           | Minutes
      | Loss     | Error Rate | Loss     | Error Rate |
---------------------------------------------------------------
    1 |   1.6130 |     48.097 |   1.3193 |     43.962 |     0.1
    2 |   1.2546 |     43.121 |   1.2415 |     44.147 |     0.2
    3 |   1.1759 |     41.060 |   1.1866 |     41.620 |     0.2
    4 |   1.1134 |     39.037 |   1.1246 |     39.495 |     0.3
    5 |   1.0643 |     37.238 |   1.0940 |     37.739 |     0.4
    6 |   1.0291 |     35.953 |   1.0478 |     36.383 |     0.5
    7 |   0.9844 |     34.077 |   1.0346 |     36.383 |     0.6
    8 |   0.9449 |     32.874 |   1.0185 |     35.490 |     0.7
    9 |   0.9035 |     31.157 |   1.0001 |     34.627 |     0.7
   10 |   0.8682 |     29.938 |   1.0354 |     35.274 |     0.8
   11 |   0.8300 |     28.746 |   0.9963 |     33.364 |     0.9
   12 |   0.7938 |     27.674 |   0.9771 |     32.840 |     1.0
   13 |   0.7643 |     26.717 |   1.0151 |     33.549 |     1.1
   14 |   0.7238 |     25.476 |   0.9839 |     33.056 |     1.2
   15 |   0.6876 |     23.830 |   1.0430 |     33.395 |     1.2
   16 |   0.6663 |     23.567 |   1.0447 |     33.025 |     1.3
Early stopping

