Model: Seq2Seq Transformer
Source index: <Seq2Seq Index with 44 items>
Target index: <Seq2Seq Index with 34 items>
Max sequence length: 800
Embedding dimension: 128
Feedforward dimension: 64
Encoder layers: 4
Decoder layers: 4
Attention heads: 2
Activation: relu
Dropout: 0.1
Trainable parameters: 1,047,586

Training started
X_train.shape: torch.Size([3052, 702])
Y_train.shape: torch.Size([3052, 7])
X_dev.shape: torch.Size([533, 266])
Y_dev.shape: torch.Size([533, 7])
Epochs: 500
Learning rate: 0.001
Weight decay: 0.0001
Epoch | Train                 | Development           | Minutes
      | Loss     | Error Rate | Loss     | Error Rate |
---------------------------------------------------------------
    1 |   1.6618 |     49.640 |   1.3268 |     43.934 |     0.1
    2 |   1.3271 |     45.440 |   1.2547 |     43.621 |     0.3
    3 |   1.2663 |     43.889 |   1.2046 |     41.557 |     0.4
    4 |   1.2289 |     43.097 |   1.1945 |     42.245 |     0.6
    5 |   1.1979 |     42.191 |   1.1779 |     41.151 |     0.7
    6 |   1.1760 |     42.049 |   1.1676 |     40.807 |     0.9
    7 |   1.1592 |     41.426 |   1.1364 |     39.712 |     1.0
    8 |   1.1435 |     40.929 |   1.1477 |     40.244 |     1.2
    9 |   1.1284 |     40.345 |   1.1442 |     41.026 |     1.3
   10 |   1.1211 |     40.198 |   1.1294 |     40.119 |     1.5
   11 |   1.1065 |     39.772 |   1.1030 |     38.962 |     1.6
   12 |   1.0935 |     39.078 |   1.0878 |     38.587 |     1.8
   13 |   1.0872 |     39.002 |   1.0997 |     38.680 |     1.9
   14 |   1.0796 |     39.089 |   1.1134 |     39.368 |     2.1
   15 |   1.0733 |     38.576 |   1.0847 |     37.774 |     2.2
   16 |   1.0645 |     38.461 |   1.1051 |     39.149 |     2.4
   17 |   1.0600 |     38.314 |   1.1073 |     39.181 |     2.5
   18 |   1.0538 |     37.970 |   1.0709 |     38.211 |     2.7
   19 |   1.0454 |     37.691 |   1.0834 |     38.493 |     2.8
   20 |   1.0409 |     37.571 |   1.0924 |     38.837 |     3.0
   21 |   1.0327 |     37.303 |   1.0644 |     37.555 |     3.1
   22 |   1.0248 |     36.692 |   1.0752 |     38.868 |     3.3
   23 |   1.0154 |     36.501 |   1.0941 |     38.524 |     3.4
   24 |   1.0029 |     36.080 |   1.0623 |     37.617 |     3.5
   25 |   1.0020 |     35.818 |   1.0365 |     36.648 |     3.7
   26 |   0.9907 |     35.791 |   1.0697 |     36.898 |     3.8
   27 |   0.9863 |     35.840 |   1.0286 |     36.992 |     4.0
   28 |   0.9748 |     34.873 |   1.0420 |     36.148 |     4.1
   29 |   0.9656 |     34.333 |   1.0461 |     36.148 |     4.3
   30 |   0.9580 |     34.518 |   1.0382 |     36.273 |     4.4
   31 |   0.9479 |     34.152 |   1.0236 |     36.554 |     4.6
   32 |   0.9351 |     33.393 |   1.0214 |     35.116 |     4.7
   33 |   0.9232 |     32.951 |   1.0150 |     35.210 |     4.9
   34 |   0.9212 |     32.574 |   1.0098 |     35.772 |     5.0
   35 |   0.9142 |     32.536 |   1.0227 |     35.929 |     5.2
   36 |   0.9005 |     31.848 |   1.0343 |     34.647 |     5.3
   37 |   0.8909 |     31.881 |   1.0150 |     34.772 |     5.5
   38 |   0.8852 |     31.498 |   1.0096 |     34.959 |     5.6
   39 |   0.8819 |     31.520 |   1.0283 |     35.053 |     5.8
   40 |   0.8714 |     31.034 |   1.0218 |     34.897 |     5.9
   41 |   0.8570 |     30.357 |   1.0218 |     34.365 |     6.1
   42 |   0.8463 |     30.226 |   1.0229 |     34.959 |     6.2
Early stopping

Model: Seq2Seq Transformer
Source index: <Seq2Seq Index with 44 items>
Target index: <Seq2Seq Index with 34 items>
Max sequence length: 800
Embedding dimension: 64
Feedforward dimension: 256
Encoder layers: 2
Decoder layers: 2
Attention heads: 4
Activation: relu
Dropout: 0.1
Trainable parameters: 292,130

Training started
X_train.shape: torch.Size([3052, 702])
Y_train.shape: torch.Size([3052, 7])
X_dev.shape: torch.Size([533, 266])
Y_dev.shape: torch.Size([533, 7])
Epochs: 500
Learning rate: 0.0001
Weight decay: 0.0001
Epoch | Train                 | Development           | Minutes
      | Loss     | Error Rate | Loss     | Error Rate |
---------------------------------------------------------------
    1 |   2.4655 |     55.832 |   1.8509 |     45.716 |     0.1
    2 |   1.7854 |     46.248 |   1.5788 |     45.184 |     0.2
    3 |   1.5922 |     46.052 |   1.4751 |     45.122 |     0.3
    4 |   1.5012 |     45.822 |   1.4107 |     43.996 |     0.3
    5 |   1.4430 |     45.156 |   1.3665 |     42.964 |     0.4
    6 |   1.4044 |     44.463 |   1.3349 |     42.996 |     0.5
    7 |   1.3713 |     44.239 |   1.3138 |     43.465 |     0.6
    8 |   1.3450 |     43.840 |   1.2880 |     42.464 |     0.7
    9 |   1.3199 |     43.392 |   1.2696 |     42.214 |     0.8
   10 |   1.2981 |     42.901 |   1.2489 |     42.183 |     0.9
   11 |   1.2771 |     42.377 |   1.2457 |     42.183 |     1.0
   12 |   1.2597 |     42.082 |   1.2373 |     42.308 |     1.0
   13 |   1.2469 |     41.596 |   1.2174 |     41.213 |     1.1
   14 |   1.2314 |     41.334 |   1.2094 |     40.682 |     1.2
   15 |   1.2159 |     40.651 |   1.2231 |     41.432 |     1.3
   16 |   1.1990 |     40.394 |   1.2037 |     41.213 |     1.4
   17 |   1.1868 |     40.438 |   1.2061 |     41.213 |     1.5
   18 |   1.1795 |     40.307 |   1.1912 |     40.432 |     1.6
   19 |   1.1672 |     40.132 |   1.1881 |     40.869 |     1.6
   20 |   1.1595 |     39.641 |   1.1819 |     40.869 |     1.7
   21 |   1.1519 |     39.548 |   1.1822 |     40.213 |     1.8
   22 |   1.1377 |     39.340 |   1.1814 |     40.463 |     1.9
   23 |   1.1308 |     39.051 |   1.1820 |     40.744 |     2.0
   24 |   1.1232 |     38.614 |   1.1556 |     39.775 |     2.1
   25 |   1.1187 |     38.461 |   1.1716 |     40.181 |     2.2
   26 |   1.1026 |     38.330 |   1.1767 |     40.432 |     2.3
   27 |   1.0990 |     38.013 |   1.1577 |     39.744 |     2.3
   28 |   1.0890 |     37.505 |   1.1529 |     39.869 |     2.4
   29 |   1.0864 |     37.571 |   1.1388 |     39.681 |     2.5
   30 |   1.0761 |     36.856 |   1.1492 |     39.243 |     2.6
   31 |   1.0664 |     36.659 |   1.1392 |     38.524 |     2.7
   32 |   1.0611 |     36.457 |   1.1395 |     38.587 |     2.8
   33 |   1.0493 |     36.053 |   1.1356 |     38.618 |     2.9
   34 |   1.0455 |     35.862 |   1.1208 |     37.805 |     2.9
   35 |   1.0426 |     35.736 |   1.1039 |     37.211 |     3.0
   36 |   1.0298 |     35.403 |   1.1150 |     37.711 |     3.1
   37 |   1.0301 |     35.059 |   1.1316 |     37.492 |     3.2
   38 |   1.0206 |     35.190 |   1.1148 |     37.492 |     3.3
   39 |   1.0123 |     34.797 |   1.1066 |     37.086 |     3.4
Early stopping

Model: Seq2Seq Transformer
Source index: <Seq2Seq Index with 44 items>
Target index: <Seq2Seq Index with 34 items>
Max sequence length: 800
Embedding dimension: 64
Feedforward dimension: 64
Encoder layers: 2
Decoder layers: 2
Attention heads: 4
Activation: relu
Dropout: 0.2
Trainable parameters: 193,058

Training started
X_train.shape: torch.Size([3052, 702])
Y_train.shape: torch.Size([3052, 7])
X_dev.shape: torch.Size([533, 266])
Y_dev.shape: torch.Size([533, 7])
Epochs: 500
Learning rate: 0.001
Weight decay: 0.0001
Epoch | Train                 | Development           | Minutes
      | Loss     | Error Rate | Loss     | Error Rate |
---------------------------------------------------------------
    1 |   1.8311 |     50.431 |   1.3572 |     45.560 |     0.1
    2 |   1.3720 |     45.189 |   1.2591 |     43.402 |     0.2
    3 |   1.2968 |     43.960 |   1.2295 |     43.183 |     0.2
    4 |   1.2539 |     43.087 |   1.2114 |     41.682 |     0.3
    5 |   1.2102 |     41.689 |   1.1619 |     40.432 |     0.4
    6 |   1.1751 |     40.722 |   1.1772 |     39.900 |     0.5
    7 |   1.1496 |     39.717 |   1.1447 |     39.306 |     0.6
    8 |   1.1247 |     39.040 |   1.1324 |     39.056 |     0.7
    9 |   1.1043 |     38.150 |   1.1230 |     37.649 |     0.7
   10 |   1.0759 |     37.489 |   1.1461 |     39.118 |     0.8
   11 |   1.0562 |     36.752 |   1.1592 |     39.337 |     0.9
   12 |   1.0343 |     36.086 |   1.1240 |     38.399 |     1.0
   13 |   1.0148 |     35.239 |   1.0998 |     37.117 |     1.1
   14 |   0.9979 |     34.759 |   1.1279 |     38.149 |     1.2
   15 |   0.9793 |     33.939 |   1.1467 |     37.742 |     1.2
   16 |   0.9616 |     33.514 |   1.1487 |     38.399 |     1.3
   17 |   0.9495 |     33.197 |   1.1657 |     39.306 |     1.4
Early stopping

Model: Seq2Seq Transformer
Source index: <Seq2Seq Index with 44 items>
Target index: <Seq2Seq Index with 34 items>
Max sequence length: 800
Embedding dimension: 64
Feedforward dimension: 64
Encoder layers: 4
Decoder layers: 4
Attention heads: 4
Activation: relu
Dropout: 0.1
Trainable parameters: 327,458

Training started
X_train.shape: torch.Size([3052, 702])
Y_train.shape: torch.Size([3052, 7])
X_dev.shape: torch.Size([533, 266])
Y_dev.shape: torch.Size([533, 7])
Epochs: 500
Learning rate: 0.0001
Weight decay: 1e-05
Epoch | Train                 | Development           | Minutes
      | Loss     | Error Rate | Loss     | Error Rate |
---------------------------------------------------------------
    1 |   2.8018 |     71.767 |   2.1221 |     48.749 |     0.2
    2 |   1.9959 |     48.280 |   1.6630 |     45.059 |     0.3
    3 |   1.6786 |     46.106 |   1.5179 |     44.903 |     0.5
    4 |   1.5581 |     45.637 |   1.4506 |     45.059 |     0.6
    5 |   1.4958 |     45.844 |   1.4082 |     44.184 |     0.8
    6 |   1.4511 |     45.380 |   1.3694 |     43.621 |     1.0
    7 |   1.4142 |     44.981 |   1.3465 |     44.090 |     1.1
    8 |   1.3872 |     44.643 |   1.3285 |     43.809 |     1.3
    9 |   1.3659 |     44.348 |   1.3037 |     42.714 |     1.4
   10 |   1.3447 |     43.835 |   1.2879 |     43.246 |     1.6
   11 |   1.3237 |     43.562 |   1.2863 |     42.871 |     1.7
   12 |   1.3061 |     43.431 |   1.2711 |     42.558 |     1.9
   13 |   1.2928 |     42.671 |   1.2574 |     41.870 |     2.1
   14 |   1.2775 |     42.671 |   1.2366 |     41.901 |     2.2
   15 |   1.2625 |     42.175 |   1.2335 |     41.714 |     2.4
   16 |   1.2484 |     41.809 |   1.2258 |     41.714 |     2.5
   17 |   1.2395 |     41.530 |   1.2173 |     41.307 |     2.7
   18 |   1.2285 |     41.514 |   1.2073 |     40.588 |     2.9
   19 |   1.2140 |     41.246 |   1.2062 |     40.306 |     3.0
   20 |   1.2022 |     40.858 |   1.2007 |     40.432 |     3.2
   21 |   1.1963 |     40.372 |   1.1938 |     40.119 |     3.3
   22 |   1.1856 |     40.394 |   1.2019 |     41.213 |     3.5
   23 |   1.1751 |     40.159 |   1.1786 |     39.931 |     3.7
   24 |   1.1661 |     39.679 |   1.1653 |     40.088 |     3.8
   25 |   1.1591 |     39.668 |   1.1584 |     39.931 |     4.0
   26 |   1.1528 |     39.663 |   1.1607 |     40.213 |     4.1
   27 |   1.1411 |     39.045 |   1.1519 |     39.775 |     4.3
   28 |   1.1336 |     38.909 |   1.1470 |     39.368 |     4.5
   29 |   1.1266 |     38.630 |   1.1391 |     38.618 |     4.6
   30 |   1.1194 |     38.363 |   1.1309 |     38.211 |     4.8
   31 |   1.1162 |     38.041 |   1.1185 |     38.524 |     4.9
   32 |   1.1047 |     38.128 |   1.1309 |     38.649 |     5.1
   33 |   1.0971 |     37.478 |   1.1380 |     39.149 |     5.3
   34 |   1.0915 |     37.642 |   1.1135 |     38.243 |     5.4
   35 |   1.0884 |     37.516 |   1.1200 |     37.930 |     5.6
   36 |   1.0797 |     37.260 |   1.1288 |     38.587 |     5.7
   37 |   1.0725 |     36.938 |   1.1068 |     37.805 |     5.9
   38 |   1.0668 |     36.533 |   1.1031 |     38.587 |     6.0
   39 |   1.0617 |     36.370 |   1.1136 |     38.399 |     6.2
   40 |   1.0539 |     36.206 |   1.1100 |     38.086 |     6.4
   41 |   1.0531 |     36.528 |   1.1127 |     37.805 |     6.5
   42 |   1.0435 |     35.965 |   1.1054 |     38.211 |     6.7
Early stopping

Model: Seq2Seq Transformer
Source index: <Seq2Seq Index with 44 items>
Target index: <Seq2Seq Index with 34 items>
Max sequence length: 800
Embedding dimension: 128
Feedforward dimension: 256
Encoder layers: 4
Decoder layers: 2
Attention heads: 2
Activation: relu
Dropout: 0.0
Trainable parameters: 1,044,770

Training started
X_train.shape: torch.Size([3052, 702])
Y_train.shape: torch.Size([3052, 7])
X_dev.shape: torch.Size([533, 266])
Y_dev.shape: torch.Size([533, 7])
Epochs: 500
Learning rate: 0.001
Weight decay: 0.0001
Epoch | Train                 | Development           | Minutes
      | Loss     | Error Rate | Loss     | Error Rate |
---------------------------------------------------------------
    1 |   1.4843 |     46.696 |   1.2739 |     43.527 |     0.1
    2 |   1.2549 |     44.233 |   1.2192 |     43.996 |     0.3
    3 |   1.2031 |     43.190 |   1.2044 |     43.402 |     0.4
    4 |   1.1802 |     42.759 |   1.1900 |     44.215 |     0.5
    5 |   1.1530 |     42.180 |   1.1468 |     41.088 |     0.7
    6 |   1.1372 |     41.623 |   1.1399 |     40.650 |     0.8
    7 |   1.1260 |     41.465 |   1.1510 |     41.932 |     0.9
    8 |   1.1172 |     41.623 |   1.1180 |     40.963 |     1.0
    9 |   1.1127 |     41.383 |   1.1275 |     41.119 |     1.2
   10 |   1.1037 |     41.246 |   1.1148 |     40.588 |     1.3
   11 |   1.1020 |     41.208 |   1.1247 |     42.339 |     1.4
   12 |   1.0915 |     40.553 |   1.1057 |     40.963 |     1.6
   13 |   1.0892 |     40.695 |   1.0962 |     40.807 |     1.7
   14 |   1.0865 |     40.716 |   1.1029 |     40.619 |     1.8
   15 |   1.0850 |     40.711 |   1.1095 |     41.307 |     2.0
   16 |   1.0815 |     40.645 |   1.1026 |     40.338 |     2.1
   17 |   1.0758 |     40.553 |   1.1139 |     41.026 |     2.2
   18 |   1.0774 |     40.858 |   1.0954 |     40.275 |     2.4
   19 |   1.0731 |     40.613 |   1.1083 |     40.901 |     2.5
   20 |   1.0731 |     40.438 |   1.0952 |     40.525 |     2.6
   21 |   1.0744 |     40.607 |   1.1145 |     42.464 |     2.8
   22 |   1.0761 |     40.629 |   1.0953 |     41.151 |     2.9
   23 |   1.0705 |     40.662 |   1.1017 |     40.369 |     3.0
   24 |   1.0676 |     40.291 |   1.0928 |     40.682 |     3.1
   25 |   1.0691 |     40.635 |   1.0965 |     41.213 |     3.3
   26 |   1.0698 |     40.689 |   1.0860 |     40.901 |     3.4
   27 |   1.0665 |     40.536 |   1.0877 |     40.713 |     3.5
   28 |   1.0649 |     40.247 |   1.0857 |     39.431 |     3.7
   29 |   1.0542 |     39.897 |   1.0844 |     40.588 |     3.8
   30 |   1.0397 |     38.707 |   1.0783 |     39.243 |     3.9
   31 |   1.0314 |     38.024 |   1.0765 |     38.868 |     4.1
   32 |   1.0301 |     38.275 |   1.0552 |     38.430 |     4.2
   33 |   1.0184 |     38.024 |   1.0580 |     38.806 |     4.3
   34 |   1.0100 |     37.997 |   1.0923 |     39.243 |     4.5
   35 |   1.0026 |     37.538 |   1.0709 |     39.056 |     4.6
   36 |   1.0003 |     37.298 |   1.0760 |     38.399 |     4.7
Early stopping

Model: Seq2Seq Transformer
Source index: <Seq2Seq Index with 44 items>
Target index: <Seq2Seq Index with 34 items>
Max sequence length: 800
Embedding dimension: 128
Feedforward dimension: 64
Encoder layers: 2
Decoder layers: 3
Attention heads: 4
Activation: relu
Dropout: 0.0
Trainable parameters: 731,874

Training started
X_train.shape: torch.Size([3052, 702])
Y_train.shape: torch.Size([3052, 7])
X_dev.shape: torch.Size([533, 266])
Y_dev.shape: torch.Size([533, 7])
Epochs: 500
Learning rate: 0.001
Weight decay: 0.0001
Epoch | Train                 | Development           | Minutes
      | Loss     | Error Rate | Loss     | Error Rate |
---------------------------------------------------------------
    1 |   1.5782 |     48.487 |   1.2692 |     41.588 |     0.1
    2 |   1.2408 |     42.753 |   1.1757 |     39.525 |     0.2
    3 |   1.1489 |     40.307 |   1.1561 |     38.837 |     0.3
    4 |   1.0837 |     37.789 |   1.1000 |     37.555 |     0.4
    5 |   1.0401 |     36.266 |   1.0866 |     37.367 |     0.5
    6 |   0.9797 |     34.065 |   1.0629 |     36.679 |     0.6
    7 |   0.9351 |     32.623 |   1.0132 |     35.428 |     0.7
    8 |   0.8842 |     31.187 |   1.0372 |     35.491 |     0.8
    9 |   0.8418 |     29.352 |   1.0106 |     34.396 |     0.9
   10 |   0.8010 |     27.982 |   1.0353 |     34.084 |     1.0
   11 |   0.7644 |     26.409 |   1.0139 |     33.802 |     1.1
   12 |   0.7247 |     25.191 |   0.9992 |     33.146 |     1.2
   13 |   0.6831 |     23.788 |   1.0046 |     33.021 |     1.3
   14 |   0.6382 |     22.324 |   1.0119 |     32.677 |     1.4
   15 |   0.6066 |     20.992 |   1.0202 |     32.051 |     1.5
   16 |   0.5715 |     19.894 |   1.0531 |     33.177 |     1.6
Early stopping

Model: Seq2Seq Transformer
Source index: <Seq2Seq Index with 44 items>
Target index: <Seq2Seq Index with 34 items>
Max sequence length: 800
Embedding dimension: 64
Feedforward dimension: 64
Encoder layers: 2
Decoder layers: 4
Attention heads: 2
Activation: relu
Dropout: 0.1
Trainable parameters: 277,026

Training started
X_train.shape: torch.Size([3052, 702])
Y_train.shape: torch.Size([3052, 7])
X_dev.shape: torch.Size([533, 266])
Y_dev.shape: torch.Size([533, 7])
Epochs: 500
Learning rate: 0.0001
Weight decay: 0.0001
Epoch | Train                 | Development           | Minutes
      | Loss     | Error Rate | Loss     | Error Rate |
---------------------------------------------------------------
    1 |   2.8278 |     68.119 |   2.1397 |     47.749 |     0.1
    2 |   2.0049 |     48.018 |   1.6383 |     45.059 |     0.1
    3 |   1.6725 |     46.216 |   1.5138 |     45.059 |     0.2
    4 |   1.5584 |     46.095 |   1.4449 |     45.528 |     0.3
    5 |   1.4935 |     46.085 |   1.4040 |     45.591 |     0.4
    6 |   1.4534 |     45.888 |   1.3690 |     45.403 |     0.4
    7 |   1.4197 |     45.730 |   1.3446 |     44.434 |     0.5
    8 |   1.3983 |     45.571 |   1.3262 |     44.590 |     0.6
    9 |   1.3774 |     45.511 |   1.3102 |     43.996 |     0.7
   10 |   1.3581 |     45.189 |   1.2874 |     42.339 |     0.7
   11 |   1.3450 |     44.998 |   1.2729 |     42.527 |     0.8
   12 |   1.3276 |     44.681 |   1.2608 |     42.683 |     0.9
   13 |   1.3147 |     44.637 |   1.2510 |     42.527 |     1.0
   14 |   1.3005 |     44.501 |   1.2403 |     42.370 |     1.0
   15 |   1.2891 |     43.851 |   1.2351 |     42.370 |     1.1
   16 |   1.2737 |     43.289 |   1.2250 |     42.589 |     1.2
   17 |   1.2615 |     42.945 |   1.2190 |     41.901 |     1.2
   18 |   1.2574 |     43.119 |   1.2059 |     40.932 |     1.3
   19 |   1.2440 |     42.775 |   1.2081 |     41.338 |     1.4
   20 |   1.2345 |     42.661 |   1.2059 |     42.245 |     1.5
   21 |   1.2228 |     42.022 |   1.1919 |     41.182 |     1.5
   22 |   1.2111 |     41.710 |   1.1890 |     41.495 |     1.6
   23 |   1.2046 |     41.415 |   1.1834 |     40.525 |     1.7
   24 |   1.1919 |     40.662 |   1.1755 |     41.213 |     1.8
   25 |   1.1822 |     40.624 |   1.1665 |     40.744 |     1.8
   26 |   1.1792 |     40.433 |   1.1640 |     40.775 |     1.9
   27 |   1.1709 |     39.886 |   1.1659 |     41.307 |     2.0
   28 |   1.1613 |     39.952 |   1.1629 |     41.213 |     2.1
   29 |   1.1511 |     39.417 |   1.1714 |     41.588 |     2.1
   30 |   1.1496 |     39.581 |   1.1567 |     40.869 |     2.2
   31 |   1.1442 |     39.335 |   1.1539 |     40.869 |     2.3
   32 |   1.1363 |     38.849 |   1.1537 |     40.244 |     2.4
   33 |   1.1288 |     38.696 |   1.1472 |     40.025 |     2.4
   34 |   1.1210 |     38.445 |   1.1448 |     40.650 |     2.5
   35 |   1.1152 |     38.215 |   1.1408 |     40.244 |     2.6
   36 |   1.1113 |     38.166 |   1.1421 |     40.432 |     2.7
   37 |   1.1069 |     38.046 |   1.1410 |     40.306 |     2.7
   38 |   1.0982 |     37.953 |   1.1467 |     40.494 |     2.8
   39 |   1.0923 |     37.336 |   1.1314 |     39.619 |     2.9
   40 |   1.0880 |     37.429 |   1.1403 |     40.588 |     2.9
   41 |   1.0855 |     37.271 |   1.1378 |     39.962 |     3.0
   42 |   1.0796 |     37.325 |   1.1349 |     40.056 |     3.1
   43 |   1.0732 |     36.801 |   1.1292 |     39.681 |     3.2
   44 |   1.0634 |     36.517 |   1.1347 |     39.900 |     3.2
   45 |   1.0635 |     36.708 |   1.1279 |     39.337 |     3.3
   46 |   1.0562 |     36.604 |   1.1282 |     39.556 |     3.4
   47 |   1.0542 |     36.517 |   1.1309 |     39.556 |     3.5
   48 |   1.0494 |     36.228 |   1.1340 |     39.931 |     3.5
   49 |   1.0426 |     35.911 |   1.1208 |     38.962 |     3.6
   50 |   1.0413 |     36.266 |   1.1112 |     39.024 |     3.7
   51 |   1.0326 |     35.720 |   1.1136 |     38.774 |     3.8
   52 |   1.0254 |     35.376 |   1.1250 |     38.274 |     3.8
   53 |   1.0224 |     35.010 |   1.1117 |     38.243 |     3.9
   54 |   1.0198 |     35.277 |   1.1077 |     38.587 |     4.0
   55 |   1.0160 |     34.977 |   1.1140 |     38.587 |     4.1
   56 |   1.0100 |     34.944 |   1.1120 |     38.024 |     4.1
   57 |   1.0113 |     34.944 |   1.1262 |     38.336 |     4.2
   58 |   1.0022 |     34.655 |   1.1178 |     38.149 |     4.3
Early stopping

Model: Seq2Seq Transformer
Source index: <Seq2Seq Index with 44 items>
Target index: <Seq2Seq Index with 34 items>
Max sequence length: 800
Embedding dimension: 64
Feedforward dimension: 64
Encoder layers: 4
Decoder layers: 3
Attention heads: 2
Activation: relu
Dropout: 0.2
Trainable parameters: 285,474

Training started
X_train.shape: torch.Size([3052, 702])
Y_train.shape: torch.Size([3052, 7])
X_dev.shape: torch.Size([533, 266])
Y_dev.shape: torch.Size([533, 7])
Epochs: 500
Learning rate: 0.001
Weight decay: 0.0001
Epoch | Train                 | Development           | Minutes
      | Loss     | Error Rate | Loss     | Error Rate |
---------------------------------------------------------------
    1 |   1.8704 |     51.715 |   1.3848 |     45.059 |     0.1
    2 |   1.3934 |     45.872 |   1.2929 |     43.590 |     0.2
    3 |   1.3391 |     45.254 |   1.2654 |     43.183 |     0.3
    4 |   1.3069 |     45.183 |   1.2421 |     42.933 |     0.4
    5 |   1.2779 |     44.561 |   1.2134 |     42.433 |     0.5
    6 |   1.2618 |     44.637 |   1.2101 |     43.308 |     0.6
    7 |   1.2441 |     44.157 |   1.2111 |     42.433 |     0.7
    8 |   1.2317 |     43.971 |   1.1784 |     42.151 |     0.8
    9 |   1.2190 |     43.611 |   1.1711 |     41.745 |     0.9
   10 |   1.2139 |     43.649 |   1.1642 |     41.932 |     1.0
   11 |   1.1964 |     42.710 |   1.1636 |     41.995 |     1.1
   12 |   1.1916 |     42.977 |   1.1510 |     41.807 |     1.2
   13 |   1.1928 |     43.010 |   1.1502 |     40.682 |     1.3
   14 |   1.1838 |     43.179 |   1.1507 |     40.963 |     1.4
   15 |   1.1781 |     42.737 |   1.1375 |     41.432 |     1.5
   16 |   1.1711 |     42.573 |   1.1293 |     41.151 |     1.7
   17 |   1.1651 |     42.409 |   1.1340 |     41.964 |     1.8
   18 |   1.1610 |     42.661 |   1.1241 |     41.432 |     1.9
   19 |   1.1525 |     42.311 |   1.1262 |     41.182 |     2.0
   20 |   1.1498 |     42.005 |   1.1143 |     40.369 |     2.1
   21 |   1.1461 |     41.983 |   1.1323 |     42.902 |     2.2
   22 |   1.1454 |     41.934 |   1.1126 |     40.619 |     2.3
   23 |   1.1425 |     42.093 |   1.1049 |     41.088 |     2.4
   24 |   1.1370 |     41.628 |   1.1142 |     40.682 |     2.5
   25 |   1.1250 |     41.044 |   1.1482 |     42.902 |     2.6
   26 |   1.1170 |     40.553 |   1.1427 |     42.339 |     2.7
   27 |   1.1105 |     40.296 |   1.1340 |     41.057 |     2.8
Early stopping

Model: Seq2Seq Transformer
Source index: <Seq2Seq Index with 44 items>
Target index: <Seq2Seq Index with 34 items>
Max sequence length: 800
Embedding dimension: 128
Feedforward dimension: 256
Encoder layers: 4
Decoder layers: 3
Attention heads: 2
Activation: relu
Dropout: 0.1
Trainable parameters: 1,243,554

Training started
X_train.shape: torch.Size([3052, 702])
Y_train.shape: torch.Size([3052, 7])
X_dev.shape: torch.Size([533, 266])
Y_dev.shape: torch.Size([533, 7])
Epochs: 500
Learning rate: 0.0001
Weight decay: 1e-05
Epoch | Train                 | Development           | Minutes
      | Loss     | Error Rate | Loss     | Error Rate |
---------------------------------------------------------------
    1 |   2.1237 |     55.090 |   1.5212 |     44.809 |     0.1
    2 |   1.5038 |     46.117 |   1.3761 |     44.528 |     0.3
    3 |   1.4060 |     45.129 |   1.3182 |     42.996 |     0.4
    4 |   1.3499 |     43.878 |   1.2881 |     43.183 |     0.6
    5 |   1.3034 |     43.119 |   1.2655 |     42.683 |     0.7
    6 |   1.2696 |     42.349 |   1.2713 |     42.808 |     0.9
    7 |   1.2366 |     41.492 |   1.2259 |     41.964 |     1.0
    8 |   1.2096 |     41.142 |   1.2134 |     41.682 |     1.2
    9 |   1.1827 |     40.269 |   1.2190 |     41.964 |     1.3
   10 |   1.1599 |     39.870 |   1.1868 |     40.619 |     1.5
   11 |   1.1404 |     38.893 |   1.1697 |     40.119 |     1.6
   12 |   1.1162 |     38.128 |   1.1301 |     38.680 |     1.8
   13 |   1.0958 |     37.085 |   1.1519 |     39.087 |     1.9
   14 |   1.0741 |     36.796 |   1.1375 |     38.931 |     2.1
   15 |   1.0573 |     36.064 |   1.1329 |     38.712 |     2.2
   16 |   1.0380 |     35.185 |   1.1165 |     37.930 |     2.4
   17 |   1.0247 |     34.977 |   1.1059 |     37.930 |     2.5
   18 |   1.0037 |     34.311 |   1.1067 |     37.742 |     2.7
   19 |   0.9923 |     33.929 |   1.0783 |     36.023 |     2.8
   20 |   0.9737 |     33.066 |   1.0766 |     36.085 |     3.0
   21 |   0.9570 |     32.290 |   1.0947 |     36.961 |     3.1
   22 |   0.9387 |     31.766 |   1.1060 |     37.086 |     3.3
   23 |   0.9238 |     31.422 |   1.1174 |     36.867 |     3.4
   24 |   0.9094 |     30.920 |   1.0913 |     35.710 |     3.6
   25 |   0.8943 |     30.406 |   1.0689 |     35.366 |     3.7
   26 |   0.8788 |     29.680 |   1.0801 |     35.679 |     3.9
   27 |   0.8639 |     29.161 |   1.0911 |     35.522 |     4.0
   28 |   0.8460 |     28.670 |   1.1226 |     36.773 |     4.2
   29 |   0.8322 |     28.380 |   1.1013 |     36.148 |     4.3
Early stopping

Model: Seq2Seq Transformer
Source index: <Seq2Seq Index with 44 items>
Target index: <Seq2Seq Index with 34 items>
Max sequence length: 800
Embedding dimension: 64
Feedforward dimension: 64
Encoder layers: 4
Decoder layers: 2
Attention heads: 4
Activation: relu
Dropout: 0.1
Trainable parameters: 243,490

Training started
X_train.shape: torch.Size([3052, 702])
Y_train.shape: torch.Size([3052, 7])
X_dev.shape: torch.Size([533, 266])
Y_dev.shape: torch.Size([533, 7])
Epochs: 500
Learning rate: 0.0001
Weight decay: 1e-05
Epoch | Train                 | Development           | Minutes
      | Loss     | Error Rate | Loss     | Error Rate |
---------------------------------------------------------------
    1 |   2.9119 |     71.063 |   2.2811 |     52.439 |     0.1
    2 |   2.0941 |     49.164 |   1.7371 |     45.622 |     0.3
    3 |   1.7289 |     46.423 |   1.5588 |     44.778 |     0.4
    4 |   1.5789 |     45.801 |   1.4711 |     44.778 |     0.6
    5 |   1.4967 |     45.724 |   1.4098 |     44.684 |     0.7
    6 |   1.4466 |     45.424 |   1.3781 |     44.153 |     0.9
    7 |   1.4126 |     45.003 |   1.3563 |     44.809 |     1.0
    8 |   1.3863 |     45.194 |   1.3380 |     43.840 |     1.1
    9 |   1.3638 |     44.648 |   1.3194 |     43.902 |     1.3
   10 |   1.3419 |     44.206 |   1.3047 |     44.090 |     1.4
   11 |   1.3249 |     43.960 |   1.2972 |     43.433 |     1.6
   12 |   1.3067 |     43.627 |   1.2867 |     43.246 |     1.7
   13 |   1.2944 |     43.147 |   1.2833 |     43.308 |     1.9
   14 |   1.2747 |     42.671 |   1.2810 |     43.089 |     2.0
   15 |   1.2648 |     42.606 |   1.2586 |     42.808 |     2.1
   16 |   1.2519 |     42.551 |   1.2501 |     42.527 |     2.3
   17 |   1.2431 |     42.011 |   1.2428 |     42.276 |     2.4
   18 |   1.2281 |     41.650 |   1.2376 |     42.589 |     2.6
   19 |   1.2165 |     41.497 |   1.2582 |     42.464 |     2.7
   20 |   1.2125 |     41.525 |   1.2609 |     42.683 |     2.9
   21 |   1.2010 |     41.339 |   1.2375 |     41.463 |     3.0
   22 |   1.1941 |     40.569 |   1.2252 |     41.370 |     3.1
   23 |   1.1844 |     40.476 |   1.2564 |     42.402 |     3.3
   24 |   1.1750 |     40.154 |   1.2226 |     41.870 |     3.4
   25 |   1.1667 |     40.263 |   1.2122 |     41.245 |     3.6
   26 |   1.1604 |     39.663 |   1.2232 |     41.620 |     3.7
   27 |   1.1530 |     39.286 |   1.2022 |     40.838 |     3.9
   28 |   1.1439 |     39.176 |   1.1873 |     40.025 |     4.0
   29 |   1.1368 |     38.964 |   1.2124 |     40.432 |     4.1
   30 |   1.1323 |     39.187 |   1.1993 |     40.557 |     4.3
   31 |   1.1218 |     38.576 |   1.1958 |     40.338 |     4.4
   32 |   1.1170 |     38.483 |   1.1758 |     38.993 |     4.6
   33 |   1.1072 |     37.871 |   1.1843 |     38.993 |     4.7
   34 |   1.1013 |     37.833 |   1.1766 |     38.931 |     4.9
   35 |   1.1027 |     37.997 |   1.1603 |     38.368 |     5.0
   36 |   1.0930 |     37.713 |   1.1692 |     38.712 |     5.2
   37 |   1.0859 |     37.593 |   1.1384 |     37.805 |     5.3
   38 |   1.0795 |     37.216 |   1.1525 |     38.430 |     5.4
   39 |   1.0724 |     36.856 |   1.1596 |     38.524 |     5.6
   40 |   1.0713 |     36.812 |   1.1451 |     38.368 |     5.7
   41 |   1.0637 |     36.561 |   1.1521 |     38.149 |     5.9
Early stopping

Model: Seq2Seq Transformer
Source index: <Seq2Seq Index with 44 items>
Target index: <Seq2Seq Index with 34 items>
Max sequence length: 800
Embedding dimension: 64
Feedforward dimension: 128
Encoder layers: 4
Decoder layers: 4
Attention heads: 4
Activation: relu
Dropout: 0.0
Trainable parameters: 393,506

Training started
X_train.shape: torch.Size([3052, 702])
Y_train.shape: torch.Size([3052, 7])
X_dev.shape: torch.Size([533, 266])
Y_dev.shape: torch.Size([533, 7])
Epochs: 500
Learning rate: 0.0001
Weight decay: 1e-05
Epoch | Train                 | Development           | Minutes
      | Loss     | Error Rate | Loss     | Error Rate |
---------------------------------------------------------------
    1 |   2.5173 |     61.042 |   1.7841 |     44.809 |     0.1
    2 |   1.6317 |     45.904 |   1.5274 |     44.966 |     0.3
    3 |   1.4914 |     45.298 |   1.4432 |     45.216 |     0.4
    4 |   1.4210 |     44.222 |   1.3874 |     43.121 |     0.6
    5 |   1.3720 |     43.534 |   1.3513 |     43.433 |     0.7
    6 |   1.3338 |     42.999 |   1.3342 |     43.871 |     0.9
    7 |   1.3006 |     42.284 |   1.3049 |     43.121 |     1.0
    8 |   1.2698 |     41.623 |   1.2865 |     42.464 |     1.2
    9 |   1.2436 |     40.793 |   1.2677 |     41.870 |     1.3
   10 |   1.2161 |     40.110 |   1.2462 |     41.714 |     1.5
   11 |   1.1958 |     39.848 |   1.2084 |     40.619 |     1.6
   12 |   1.1762 |     39.018 |   1.2398 |     41.276 |     1.8
   13 |   1.1513 |     38.467 |   1.1997 |     40.650 |     1.9
   14 |   1.1312 |     37.773 |   1.1978 |     39.806 |     2.1
   15 |   1.1127 |     37.221 |   1.1970 |     39.869 |     2.2
   16 |   1.0911 |     36.708 |   1.1975 |     39.837 |     2.4
   17 |   1.0738 |     36.064 |   1.1723 |     38.931 |     2.5
   18 |   1.0571 |     35.059 |   1.1893 |     39.243 |     2.7
   19 |   1.0401 |     34.846 |   1.1566 |     38.493 |     2.8
   20 |   1.0192 |     33.918 |   1.1596 |     38.055 |     3.0
   21 |   1.0015 |     33.213 |   1.1422 |     37.805 |     3.1
   22 |   0.9874 |     32.984 |   1.1458 |     37.461 |     3.3
   23 |   0.9720 |     32.460 |   1.1468 |     37.430 |     3.4
   24 |   0.9534 |     32.012 |   1.1702 |     37.899 |     3.6
   25 |   0.9378 |     31.630 |   1.1436 |     37.586 |     3.7
   26 |   0.9226 |     30.931 |   1.1377 |     36.867 |     3.9
   27 |   0.8986 |     30.068 |   1.1025 |     36.273 |     4.0
   28 |   0.8876 |     29.576 |   1.1127 |     36.054 |     4.2
   29 |   0.8716 |     28.948 |   1.1298 |     37.023 |     4.3
   30 |   0.8576 |     28.490 |   1.1454 |     37.242 |     4.5
   31 |   0.8446 |     28.014 |   1.1499 |     36.366 |     4.6
Early stopping

Model: Seq2Seq Transformer
Source index: <Seq2Seq Index with 44 items>
Target index: <Seq2Seq Index with 34 items>
Max sequence length: 800
Embedding dimension: 64
Feedforward dimension: 64
Encoder layers: 2
Decoder layers: 3
Attention heads: 4
Activation: relu
Dropout: 0.1
Trainable parameters: 235,042

Training started
X_train.shape: torch.Size([3052, 702])
Y_train.shape: torch.Size([3052, 7])
X_dev.shape: torch.Size([533, 266])
Y_dev.shape: torch.Size([533, 7])
Epochs: 500
Learning rate: 0.001
Weight decay: 1e-05
Epoch | Train                 | Development           | Minutes
      | Loss     | Error Rate | Loss     | Error Rate |
---------------------------------------------------------------
    1 |   1.8052 |     51.130 |   1.3471 |     44.934 |     0.1
    2 |   1.3576 |     45.244 |   1.2708 |     42.964 |     0.2
    3 |   1.2917 |     44.075 |   1.2284 |     41.370 |     0.3
    4 |   1.2340 |     42.224 |   1.1675 |     40.275 |     0.4
    5 |   1.1814 |     40.913 |   1.1525 |     40.119 |     0.5
    6 |   1.1473 |     39.848 |   1.1366 |     39.306 |     0.5
    7 |   1.1017 |     38.385 |   1.1061 |     38.149 |     0.6
    8 |   1.0664 |     36.888 |   1.0798 |     36.617 |     0.7
    9 |   1.0327 |     35.725 |   1.0608 |     35.929 |     0.8
   10 |   1.0020 |     34.775 |   1.0519 |     36.335 |     0.9
   11 |   0.9756 |     33.716 |   1.0582 |     36.679 |     1.0
   12 |   0.9499 |     33.066 |   1.0526 |     35.804 |     1.1
   13 |   0.9241 |     32.208 |   1.0489 |     36.179 |     1.2
   14 |   0.9001 |     31.389 |   1.0194 |     34.647 |     1.3
   15 |   0.8760 |     30.445 |   1.0476 |     35.147 |     1.4
   16 |   0.8497 |     29.238 |   1.0440 |     35.178 |     1.5
   17 |   0.8328 |     29.030 |   1.0257 |     33.646 |     1.6
   18 |   0.8069 |     28.118 |   1.0596 |     35.303 |     1.6
Early stopping

Model: Seq2Seq Transformer
Source index: <Seq2Seq Index with 44 items>
Target index: <Seq2Seq Index with 34 items>
Max sequence length: 800
Embedding dimension: 128
Feedforward dimension: 128
Encoder layers: 4
Decoder layers: 2
Attention heads: 2
Activation: relu
Dropout: 0.1
Trainable parameters: 847,394

Training started
X_train.shape: torch.Size([3052, 702])
Y_train.shape: torch.Size([3052, 7])
X_dev.shape: torch.Size([533, 266])
Y_dev.shape: torch.Size([533, 7])
Epochs: 500
Learning rate: 0.001
Weight decay: 1e-05
Epoch | Train                 | Development           | Minutes
      | Loss     | Error Rate | Loss     | Error Rate |
---------------------------------------------------------------
    1 |   1.5487 |     47.690 |   1.2925 |     45.059 |     0.1
    2 |   1.3044 |     44.938 |   1.2299 |     42.777 |     0.3
    3 |   1.2486 |     43.693 |   1.2056 |     42.495 |     0.4
    4 |   1.2169 |     43.070 |   1.1814 |     42.120 |     0.5
    5 |   1.1942 |     42.038 |   1.1484 |     40.463 |     0.7
    6 |   1.1699 |     41.563 |   1.1340 |     40.713 |     0.8
    7 |   1.1481 |     40.853 |   1.1153 |     40.056 |     0.9
    8 |   1.1299 |     40.203 |   1.1077 |     38.868 |     1.1
    9 |   1.1103 |     39.592 |   1.0858 |     38.712 |     1.2
   10 |   1.1005 |     39.471 |   1.0974 |     38.493 |     1.3
   11 |   1.1064 |     39.586 |   1.1141 |     39.712 |     1.5
   12 |   1.1024 |     39.848 |   1.0927 |     38.931 |     1.6
   13 |   1.0942 |     39.652 |   1.0882 |     39.431 |     1.7
Early stopping

Model: Seq2Seq Transformer
Source index: <Seq2Seq Index with 44 items>
Target index: <Seq2Seq Index with 34 items>
Max sequence length: 800
Embedding dimension: 64
Feedforward dimension: 128
Encoder layers: 4
Decoder layers: 3
Attention heads: 4
Activation: relu
Dropout: 0.2
Trainable parameters: 343,266

Training started
X_train.shape: torch.Size([3052, 702])
Y_train.shape: torch.Size([3052, 7])
X_dev.shape: torch.Size([533, 266])
Y_dev.shape: torch.Size([533, 7])
Epochs: 500
Learning rate: 0.001
Weight decay: 1e-05
Epoch | Train                 | Development           | Minutes
      | Loss     | Error Rate | Loss     | Error Rate |
---------------------------------------------------------------
    1 |   1.8955 |     53.304 |   1.3653 |     45.059 |     0.2
    2 |   1.3837 |     45.866 |   1.2706 |     43.496 |     0.3
    3 |   1.3152 |     45.162 |   1.2318 |     42.370 |     0.5
    4 |   1.2768 |     44.812 |   1.2051 |     42.214 |     0.6
    5 |   1.2545 |     44.195 |   1.1952 |     42.339 |     0.8
    6 |   1.2351 |     44.015 |   1.1788 |     42.151 |     0.9
    7 |   1.2235 |     44.108 |   1.1639 |     41.807 |     1.1
    8 |   1.2088 |     43.250 |   1.1583 |     41.870 |     1.2
    9 |   1.2029 |     43.409 |   1.1522 |     42.214 |     1.4
   10 |   1.1870 |     42.994 |   1.1388 |     41.182 |     1.5
   11 |   1.1747 |     42.246 |   1.1323 |     40.994 |     1.7
   12 |   1.1685 |     42.295 |   1.1349 |     41.401 |     1.8
   13 |   1.1589 |     41.760 |   1.1161 |     41.213 |     2.0
   14 |   1.1505 |     41.574 |   1.1242 |     41.057 |     2.1
   15 |   1.1439 |     41.503 |   1.1069 |     40.275 |     2.3
   16 |   1.1331 |     41.508 |   1.1160 |     40.775 |     2.5
   17 |   1.1319 |     41.175 |   1.1056 |     40.119 |     2.6
   18 |   1.1197 |     40.656 |   1.0909 |     39.087 |     2.8
   19 |   1.1181 |     40.367 |   1.0959 |     40.306 |     2.9
   20 |   1.1169 |     40.629 |   1.0942 |     39.744 |     3.1
   21 |   1.1075 |     40.760 |   1.0914 |     39.869 |     3.2
   22 |   1.1033 |     40.733 |   1.0940 |     39.837 |     3.4
   23 |   1.1035 |     40.280 |   1.0789 |     39.056 |     3.5
   24 |   1.0985 |     40.252 |   1.0956 |     39.931 |     3.7
   25 |   1.0947 |     40.078 |   1.0817 |     39.837 |     3.8
   26 |   1.0837 |     39.777 |   1.0753 |     38.931 |     4.0
   27 |   1.0836 |     39.804 |   1.0783 |     39.118 |     4.1
   28 |   1.0787 |     39.422 |   1.0743 |     38.993 |     4.3
   29 |   1.0705 |     39.444 |   1.0836 |     39.900 |     4.4
   30 |   1.0664 |     38.729 |   1.0708 |     39.400 |     4.6
   31 |   1.0586 |     38.505 |   1.1123 |     40.994 |     4.8
   32 |   1.0550 |     38.254 |   1.0915 |     39.806 |     4.9
   33 |   1.0448 |     37.768 |   1.0808 |     38.524 |     5.1
   34 |   1.0402 |     37.642 |   1.0771 |     38.899 |     5.2
Early stopping

Model: Seq2Seq Transformer
Source index: <Seq2Seq Index with 44 items>
Target index: <Seq2Seq Index with 34 items>
Max sequence length: 800
Embedding dimension: 64
Feedforward dimension: 256
Encoder layers: 4
Decoder layers: 2
Attention heads: 2
Activation: relu
Dropout: 0.2
Trainable parameters: 392,098

Training started
X_train.shape: torch.Size([3052, 702])
Y_train.shape: torch.Size([3052, 7])
X_dev.shape: torch.Size([533, 266])
Y_dev.shape: torch.Size([533, 7])
Epochs: 500
Learning rate: 0.001
Weight decay: 0.0001
Epoch | Train                 | Development           | Minutes
      | Loss     | Error Rate | Loss     | Error Rate |
---------------------------------------------------------------
    1 |   1.7385 |     49.170 |   1.3556 |     45.153 |     0.1
    2 |   1.3682 |     46.177 |   1.2873 |     44.340 |     0.2
    3 |   1.3178 |     45.702 |   1.2283 |     43.183 |     0.3
    4 |   1.2797 |     44.932 |   1.2116 |     43.371 |     0.4
    5 |   1.2579 |     44.430 |   1.1937 |     42.589 |     0.5
    6 |   1.2428 |     44.561 |   1.1999 |     43.277 |     0.6
    7 |   1.2231 |     43.851 |   1.1625 |     42.026 |     0.7
    8 |   1.2174 |     43.715 |   1.1673 |     43.246 |     0.8
    9 |   1.2036 |     42.961 |   1.1449 |     41.151 |     0.9
   10 |   1.1897 |     42.628 |   1.1419 |     40.932 |     1.0
   11 |   1.1886 |     43.021 |   1.1531 |     41.057 |     1.1
   12 |   1.1755 |     42.398 |   1.1253 |     39.806 |     1.2
   13 |   1.1668 |     42.093 |   1.1316 |     40.369 |     1.3
   14 |   1.1572 |     41.694 |   1.1315 |     41.245 |     1.5
   15 |   1.1536 |     41.383 |   1.1214 |     40.306 |     1.6
   16 |   1.1485 |     41.519 |   1.1191 |     39.994 |     1.7
   17 |   1.1413 |     41.432 |   1.1260 |     40.775 |     1.8
   18 |   1.1337 |     41.159 |   1.1081 |     40.369 |     1.9
   19 |   1.1304 |     41.170 |   1.1066 |     40.650 |     2.0
   20 |   1.1276 |     41.126 |   1.1088 |     40.181 |     2.1
   21 |   1.1209 |     40.706 |   1.1054 |     40.181 |     2.2
   22 |   1.1145 |     40.667 |   1.1086 |     40.213 |     2.3
   23 |   1.1112 |     40.662 |   1.0977 |     39.962 |     2.4
   24 |   1.1070 |     40.618 |   1.1155 |     40.088 |     2.5
   25 |   1.1104 |     40.362 |   1.0951 |     40.181 |     2.6
   26 |   1.1006 |     40.214 |   1.1043 |     40.619 |     2.7
   27 |   1.1000 |     40.291 |   1.1147 |     41.557 |     2.8
   28 |   1.0972 |     39.996 |   1.1292 |     41.745 |     2.9
   29 |   1.0794 |     39.133 |   1.0937 |     39.744 |     3.0
   30 |   1.0809 |     38.822 |   1.1299 |     41.088 |     3.1
   31 |   1.0776 |     39.362 |   1.1388 |     40.713 |     3.2
   32 |   1.0641 |     38.538 |   1.1536 |     41.620 |     3.3
   33 |   1.0639 |     38.658 |   1.1865 |     41.714 |     3.4
Early stopping

Model: Seq2Seq Transformer
Source index: <Seq2Seq Index with 44 items>
Target index: <Seq2Seq Index with 34 items>
Max sequence length: 800
Embedding dimension: 128
Feedforward dimension: 64
Encoder layers: 2
Decoder layers: 2
Attention heads: 4
Activation: relu
Dropout: 0.1
Trainable parameters: 582,434

Training started
X_train.shape: torch.Size([3052, 702])
Y_train.shape: torch.Size([3052, 7])
X_dev.shape: torch.Size([533, 266])
Y_dev.shape: torch.Size([533, 7])
Epochs: 500
Learning rate: 0.0001
Weight decay: 0.0001
Epoch | Train                 | Development           | Minutes
      | Loss     | Error Rate | Loss     | Error Rate |
---------------------------------------------------------------
    1 |   2.2857 |     55.352 |   1.6163 |     44.903 |     0.1
    2 |   1.5760 |     46.232 |   1.4228 |     45.310 |     0.2
    3 |   1.4421 |     45.462 |   1.3473 |     44.622 |     0.3
    4 |   1.3800 |     44.856 |   1.3033 |     42.370 |     0.4
    5 |   1.3368 |     44.190 |   1.2772 |     43.809 |     0.5
    6 |   1.3035 |     43.174 |   1.2718 |     43.558 |     0.6
    7 |   1.2759 |     42.453 |   1.2375 |     41.776 |     0.7
    8 |   1.2489 |     41.869 |   1.2378 |     42.183 |     0.8
    9 |   1.2221 |     41.481 |   1.2192 |     41.964 |     0.9
   10 |   1.2018 |     40.946 |   1.1963 |     41.651 |     1.0
   11 |   1.1834 |     40.280 |   1.1792 |     40.994 |     1.1
   12 |   1.1635 |     39.897 |   1.1729 |     40.775 |     1.2
   13 |   1.1425 |     38.887 |   1.1671 |     40.494 |     1.3
   14 |   1.1336 |     38.658 |   1.1479 |     39.525 |     1.4
   15 |   1.1152 |     38.002 |   1.1538 |     39.744 |     1.5
   16 |   1.1016 |     37.757 |   1.1746 |     41.213 |     1.6
   17 |   1.0866 |     37.566 |   1.1435 |     39.056 |     1.7
   18 |   1.0742 |     36.735 |   1.1143 |     38.305 |     1.8
   19 |   1.0638 |     36.512 |   1.1412 |     39.619 |     1.9
   20 |   1.0502 |     35.747 |   1.1155 |     37.992 |     2.0
   21 |   1.0356 |     35.266 |   1.1140 |     37.899 |     2.1
   22 |   1.0237 |     34.895 |   1.1123 |     37.680 |     2.1
   23 |   1.0137 |     34.529 |   1.1298 |     38.055 |     2.2
   24 |   1.0023 |     34.382 |   1.1138 |     37.742 |     2.3
   25 |   0.9890 |     33.885 |   1.0933 |     36.898 |     2.4
   26 |   0.9776 |     33.279 |   1.1026 |     37.242 |     2.5
   27 |   0.9627 |     32.940 |   1.1004 |     37.148 |     2.6
   28 |   0.9544 |     32.722 |   1.0891 |     36.492 |     2.7
   29 |   0.9376 |     31.979 |   1.0925 |     36.460 |     2.8
   30 |   0.9341 |     31.701 |   1.1025 |     36.773 |     2.9
   31 |   0.9265 |     31.531 |   1.0817 |     36.304 |     3.0
   32 |   0.9104 |     31.302 |   1.0928 |     36.304 |     3.1
   33 |   0.9026 |     30.931 |   1.0893 |     36.085 |     3.2
   34 |   0.8878 |     30.275 |   1.0860 |     36.554 |     3.3
   35 |   0.8769 |     29.795 |   1.1040 |     36.273 |     3.4
Early stopping

Model: Seq2Seq Transformer
Source index: <Seq2Seq Index with 44 items>
Target index: <Seq2Seq Index with 34 items>
Max sequence length: 800
Embedding dimension: 64
Feedforward dimension: 128
Encoder layers: 4
Decoder layers: 4
Attention heads: 2
Activation: relu
Dropout: 0.1
Trainable parameters: 393,506

Training started
X_train.shape: torch.Size([3052, 702])
Y_train.shape: torch.Size([3052, 7])
X_dev.shape: torch.Size([533, 266])
Y_dev.shape: torch.Size([533, 7])
Epochs: 500
Learning rate: 0.0001
Weight decay: 1e-05
Epoch | Train                 | Development           | Minutes
      | Loss     | Error Rate | Loss     | Error Rate |
---------------------------------------------------------------
    1 |   2.6131 |     61.643 |   1.8258 |     45.997 |     0.1
    2 |   1.8021 |     46.778 |   1.5794 |     45.059 |     0.2
    3 |   1.6126 |     46.161 |   1.4954 |     45.091 |     0.3
    4 |   1.5275 |     45.735 |   1.4413 |     45.059 |     0.4
    5 |   1.4714 |     45.615 |   1.3980 |     44.622 |     0.6
    6 |   1.4296 |     45.025 |   1.3731 |     44.090 |     0.7
    7 |   1.3945 |     44.545 |   1.3450 |     43.684 |     0.8
    8 |   1.3724 |     44.424 |   1.3320 |     43.590 |     0.9
    9 |   1.3460 |     43.807 |   1.3114 |     43.621 |     1.0
   10 |   1.3283 |     43.616 |   1.3035 |     43.996 |     1.1
   11 |   1.3091 |     43.474 |   1.2860 |     42.933 |     1.2
   12 |   1.2945 |     42.950 |   1.2747 |     42.183 |     1.4
   13 |   1.2764 |     42.508 |   1.2558 |     41.338 |     1.5
   14 |   1.2619 |     42.338 |   1.2507 |     41.088 |     1.6
   15 |   1.2509 |     42.136 |   1.2287 |     40.869 |     1.7
   16 |   1.2388 |     41.994 |   1.2224 |     40.901 |     1.8
   17 |   1.2253 |     41.530 |   1.2103 |     40.713 |     1.9
   18 |   1.2169 |     41.192 |   1.2125 |     40.338 |     2.0
   19 |   1.2019 |     40.979 |   1.2202 |     41.119 |     2.1
   20 |   1.1940 |     40.804 |   1.1968 |     40.775 |     2.3
   21 |   1.1828 |     40.405 |   1.1927 |     40.744 |     2.4
   22 |   1.1763 |     40.214 |   1.1749 |     40.119 |     2.5
   23 |   1.1685 |     40.061 |   1.1734 |     40.119 |     2.6
   24 |   1.1599 |     39.941 |   1.1747 |     39.869 |     2.7
   25 |   1.1474 |     39.521 |   1.1745 |     40.088 |     2.8
   26 |   1.1465 |     39.400 |   1.1500 |     39.431 |     2.9
   27 |   1.1344 |     38.914 |   1.1481 |     39.275 |     3.1
   28 |   1.1228 |     38.756 |   1.1399 |     38.868 |     3.2
   29 |   1.1193 |     38.417 |   1.1563 |     39.337 |     3.3
   30 |   1.1118 |     38.237 |   1.1394 |     39.337 |     3.4
   31 |   1.1002 |     37.910 |   1.1249 |     38.399 |     3.5
   32 |   1.0954 |     37.779 |   1.1317 |     39.024 |     3.6
   33 |   1.0845 |     37.238 |   1.1327 |     38.680 |     3.7
   34 |   1.0816 |     37.407 |   1.1235 |     38.368 |     3.8
   35 |   1.0737 |     36.823 |   1.1189 |     37.617 |     4.0
   36 |   1.0636 |     36.785 |   1.1081 |     38.024 |     4.1
   37 |   1.0588 |     36.397 |   1.1016 |     37.586 |     4.2
   38 |   1.0481 |     35.796 |   1.1186 |     37.805 |     4.3
   39 |   1.0409 |     35.747 |   1.1049 |     37.023 |     4.4
   40 |   1.0322 |     35.212 |   1.1053 |     37.305 |     4.5
   41 |   1.0292 |     35.392 |   1.1149 |     37.273 |     4.6
Early stopping

Model: Seq2Seq Transformer
Source index: <Seq2Seq Index with 44 items>
Target index: <Seq2Seq Index with 34 items>
Max sequence length: 800
Embedding dimension: 128
Feedforward dimension: 64
Encoder layers: 4
Decoder layers: 4
Attention heads: 2
Activation: relu
Dropout: 0.0
Trainable parameters: 1,047,586

Training started
X_train.shape: torch.Size([3052, 702])
Y_train.shape: torch.Size([3052, 7])
X_dev.shape: torch.Size([533, 266])
Y_dev.shape: torch.Size([533, 7])
Epochs: 500
Learning rate: 0.0001
Weight decay: 1e-05
Epoch | Train                 | Development           | Minutes
      | Loss     | Error Rate | Loss     | Error Rate |
---------------------------------------------------------------
    1 |   2.0855 |     53.790 |   1.5337 |     43.746 |     0.1
    2 |   1.4484 |     44.616 |   1.3847 |     43.558 |     0.3
    3 |   1.3511 |     43.562 |   1.3150 |     41.870 |     0.4
    4 |   1.2918 |     42.464 |   1.2733 |     42.464 |     0.6
    5 |   1.2351 |     41.383 |   1.2361 |     41.370 |     0.7
    6 |   1.1946 |     39.952 |   1.2039 |     41.119 |     0.8
    7 |   1.1489 |     39.067 |   1.1946 |     39.431 |     1.0
    8 |   1.1178 |     37.926 |   1.1775 |     40.432 |     1.1
    9 |   1.0878 |     37.325 |   1.1434 |     39.650 |     1.3
   10 |   1.0498 |     35.458 |   1.1603 |     39.337 |     1.4
   11 |   1.0208 |     34.491 |   1.1290 |     38.430 |     1.5
   12 |   0.9942 |     33.639 |   1.1302 |     37.805 |     1.7
   13 |   0.9614 |     32.405 |   1.0928 |     37.117 |     1.8
   14 |   0.9338 |     31.285 |   1.0938 |     36.460 |     2.0
   15 |   0.9063 |     30.204 |   1.0817 |     35.835 |     2.1
   16 |   0.8843 |     29.593 |   1.0951 |     36.210 |     2.2
   17 |   0.8586 |     28.577 |   1.0795 |     35.460 |     2.4
   18 |   0.8281 |     27.665 |   1.0856 |     35.804 |     2.5
   19 |   0.8058 |     26.813 |   1.0756 |     35.303 |     2.7
   20 |   0.7887 |     26.207 |   1.0620 |     34.959 |     2.8
   21 |   0.7624 |     24.951 |   1.1318 |     36.460 |     2.9
   22 |   0.7383 |     24.427 |   1.0920 |     35.522 |     3.1
   23 |   0.7153 |     23.345 |   1.0854 |     34.709 |     3.2
   24 |   0.6851 |     22.422 |   1.0678 |     34.240 |     3.4
Early stopping

Model: Seq2Seq Transformer
Source index: <Seq2Seq Index with 44 items>
Target index: <Seq2Seq Index with 34 items>
Max sequence length: 800
Embedding dimension: 128
Feedforward dimension: 128
Encoder layers: 2
Decoder layers: 4
Attention heads: 2
Activation: relu
Dropout: 0.2
Trainable parameters: 980,002

Training started
X_train.shape: torch.Size([3052, 702])
Y_train.shape: torch.Size([3052, 7])
X_dev.shape: torch.Size([533, 266])
Y_dev.shape: torch.Size([533, 7])
Epochs: 500
Learning rate: 0.001
Weight decay: 1e-05
Epoch | Train                 | Development           | Minutes
      | Loss     | Error Rate | Loss     | Error Rate |
---------------------------------------------------------------
    1 |   1.7322 |     51.502 |   1.3908 |     45.184 |     0.1
    2 |   1.4001 |     46.374 |   1.3325 |     44.590 |     0.2
    3 |   1.3445 |     44.687 |   1.2939 |     43.402 |     0.3
    4 |   1.3017 |     44.124 |   1.2327 |     41.651 |     0.4
    5 |   1.2541 |     42.628 |   1.2106 |     41.714 |     0.5
    6 |   1.2251 |     41.956 |   1.1917 |     40.963 |     0.6
    7 |   1.2009 |     41.437 |   1.1830 |     40.432 |     0.7
    8 |   1.1744 |     40.580 |   1.1600 |     40.244 |     0.8
    9 |   1.1533 |     39.630 |   1.1561 |     39.775 |     0.9
   10 |   1.1304 |     39.187 |   1.1516 |     39.869 |     1.0
   11 |   1.1204 |     38.669 |   1.1628 |     40.275 |     1.1
   12 |   1.0966 |     38.161 |   1.1456 |     39.931 |     1.1
   13 |   1.0625 |     36.757 |   1.1181 |     39.056 |     1.2
   14 |   1.0492 |     36.228 |   1.1141 |     38.149 |     1.3
   15 |   1.0287 |     35.802 |   1.1165 |     37.899 |     1.4
   16 |   1.0051 |     35.157 |   1.1386 |     38.868 |     1.5
   17 |   0.9909 |     34.797 |   1.1138 |     37.680 |     1.6
   18 |   0.9684 |     33.606 |   1.1405 |     39.087 |     1.7
   19 |   0.9582 |     33.388 |   1.1401 |     39.118 |     1.8
   20 |   0.9353 |     32.372 |   1.1072 |     37.211 |     1.9
   21 |   0.9134 |     31.881 |   1.1272 |     37.586 |     2.0
   22 |   0.9000 |     31.466 |   1.1230 |     37.649 |     2.1
   23 |   0.8867 |     31.154 |   1.1211 |     36.961 |     2.2
   24 |   0.8646 |     30.455 |   1.1438 |     36.335 |     2.3
Early stopping

Model: Seq2Seq Transformer
Source index: <Seq2Seq Index with 44 items>
Target index: <Seq2Seq Index with 34 items>
Max sequence length: 800
Embedding dimension: 64
Feedforward dimension: 256
Encoder layers: 2
Decoder layers: 4
Attention heads: 4
Activation: relu
Dropout: 0.0
Trainable parameters: 425,634

Training started
X_train.shape: torch.Size([3052, 702])
Y_train.shape: torch.Size([3052, 7])
X_dev.shape: torch.Size([533, 266])
Y_dev.shape: torch.Size([533, 7])
Epochs: 500
Learning rate: 0.0001
Weight decay: 1e-05
Epoch | Train                 | Development           | Minutes
      | Loss     | Error Rate | Loss     | Error Rate |
---------------------------------------------------------------
    1 |   2.3961 |     59.125 |   1.8029 |     45.028 |     0.1
    2 |   1.6714 |     45.599 |   1.5612 |     43.996 |     0.2
    3 |   1.5133 |     44.665 |   1.4599 |     43.402 |     0.3
    4 |   1.4274 |     44.102 |   1.3847 |     42.308 |     0.4
    5 |   1.3680 |     43.157 |   1.3578 |     42.683 |     0.5
    6 |   1.3191 |     42.371 |   1.3133 |     42.120 |     0.6
    7 |   1.2757 |     41.383 |   1.2904 |     42.245 |     0.7
    8 |   1.2410 |     40.738 |   1.2655 |     41.557 |     0.8
    9 |   1.2107 |     39.985 |   1.2392 |     40.713 |     0.9
   10 |   1.1841 |     39.460 |   1.2353 |     40.369 |     1.0
   11 |   1.1603 |     38.964 |   1.2357 |     40.525 |     1.0
   12 |   1.1382 |     38.450 |   1.2169 |     41.245 |     1.1
   13 |   1.1127 |     37.413 |   1.1826 |     39.775 |     1.2
   14 |   1.0928 |     36.746 |   1.1717 |     39.056 |     1.3
   15 |   1.0722 |     36.124 |   1.1540 |     39.181 |     1.4
   16 |   1.0520 |     35.561 |   1.1622 |     39.024 |     1.5
   17 |   1.0354 |     34.988 |   1.1600 |     38.837 |     1.6
   18 |   1.0137 |     34.081 |   1.1488 |     38.243 |     1.7
   19 |   1.0030 |     33.863 |   1.1343 |     37.680 |     1.8
   20 |   0.9837 |     33.153 |   1.1324 |     38.430 |     1.9
   21 |   0.9653 |     32.394 |   1.1328 |     37.586 |     2.0
   22 |   0.9498 |     31.892 |   1.1383 |     37.617 |     2.1
   23 |   0.9313 |     31.138 |   1.1452 |     37.523 |     2.2
   24 |   0.9180 |     30.876 |   1.1295 |     37.273 |     2.3
   25 |   0.8981 |     30.303 |   1.0992 |     35.960 |     2.4
   26 |   0.8817 |     29.451 |   1.1316 |     36.273 |     2.5
   27 |   0.8686 |     29.391 |   1.1006 |     35.929 |     2.6
   28 |   0.8518 |     28.626 |   1.1503 |     36.836 |     2.7
   29 |   0.8415 |     28.326 |   1.1359 |     36.335 |     2.8
Early stopping

Model: Seq2Seq Transformer
Source index: <Seq2Seq Index with 44 items>
Target index: <Seq2Seq Index with 34 items>
Max sequence length: 800
Embedding dimension: 64
Feedforward dimension: 256
Encoder layers: 4
Decoder layers: 4
Attention heads: 4
Activation: relu
Dropout: 0.2
Trainable parameters: 525,602

Training started
X_train.shape: torch.Size([3052, 702])
Y_train.shape: torch.Size([3052, 7])
X_dev.shape: torch.Size([533, 266])
Y_dev.shape: torch.Size([533, 7])
Epochs: 500
Learning rate: 0.001
Weight decay: 1e-05
Epoch | Train                 | Development           | Minutes
      | Loss     | Error Rate | Loss     | Error Rate |
---------------------------------------------------------------
    1 |   1.7899 |     50.437 |   1.3555 |     45.184 |     0.2
    2 |   1.3758 |     45.888 |   1.2883 |     42.933 |     0.3
    3 |   1.3229 |     45.467 |   1.2519 |     43.465 |     0.5
    4 |   1.2925 |     44.872 |   1.2183 |     43.402 |     0.7
    5 |   1.2656 |     44.867 |   1.1963 |     42.026 |     0.8
    6 |   1.2486 |     44.173 |   1.1895 |     42.714 |     1.0
    7 |   1.2296 |     44.102 |   1.1798 |     41.932 |     1.2
    8 |   1.2164 |     43.305 |   1.1784 |     42.808 |     1.3
    9 |   1.2078 |     43.715 |   1.1638 |     41.964 |     1.5
   10 |   1.1996 |     43.365 |   1.1556 |     42.527 |     1.7
   11 |   1.1913 |     42.950 |   1.1466 |     41.776 |     1.8
   12 |   1.1846 |     43.163 |   1.1464 |     41.432 |     2.0
   13 |   1.1719 |     42.497 |   1.1355 |     40.901 |     2.2
   14 |   1.1674 |     42.497 |   1.1400 |     41.870 |     2.3
   15 |   1.1629 |     42.273 |   1.1340 |     41.307 |     2.5
   16 |   1.1526 |     41.705 |   1.1177 |     41.839 |     2.7
   17 |   1.1505 |     41.972 |   1.1268 |     42.339 |     2.8
   18 |   1.1470 |     42.109 |   1.1091 |     40.838 |     3.0
   19 |   1.1427 |     42.098 |   1.1103 |     40.369 |     3.2
   20 |   1.1396 |     42.076 |   1.1077 |     40.400 |     3.3
   21 |   1.1264 |     41.224 |   1.0976 |     39.712 |     3.5
   22 |   1.1146 |     40.372 |   1.0881 |     39.525 |     3.7
   23 |   1.1030 |     39.750 |   1.0903 |     40.119 |     3.8
   24 |   1.0965 |     39.734 |   1.0789 |     38.837 |     4.0
   25 |   1.0912 |     39.384 |   1.0837 |     39.619 |     4.2
   26 |   1.0834 |     39.395 |   1.0766 |     38.899 |     4.3
   27 |   1.0818 |     39.318 |   1.0649 |     39.431 |     4.5
   28 |   1.0757 |     39.024 |   1.0649 |     38.618 |     4.7
   29 |   1.0686 |     39.111 |   1.0699 |     38.868 |     4.8
   30 |   1.0624 |     38.838 |   1.0606 |     38.899 |     5.0
   31 |   1.0574 |     38.428 |   1.0555 |     37.742 |     5.2
   32 |   1.0574 |     38.478 |   1.0580 |     38.618 |     5.3
   33 |   1.0512 |     38.527 |   1.0473 |     37.930 |     5.5
   34 |   1.0396 |     37.997 |   1.0518 |     38.524 |     5.7
   35 |   1.0384 |     37.959 |   1.0509 |     38.806 |     5.8
   36 |   1.0321 |     37.888 |   1.0632 |     37.992 |     6.0
   37 |   1.0245 |     37.549 |   1.0498 |     37.961 |     6.2
   38 |   1.0247 |     37.811 |   1.0414 |     37.336 |     6.3
   39 |   1.0152 |     37.424 |   1.0490 |     37.430 |     6.5
   40 |   1.0137 |     36.932 |   1.0453 |     38.055 |     6.7
   41 |   1.0068 |     36.948 |   1.0441 |     38.336 |     6.8
   42 |   1.0005 |     36.861 |   1.0579 |     39.056 |     7.0
Early stopping

Model: Seq2Seq Transformer
Source index: <Seq2Seq Index with 44 items>
Target index: <Seq2Seq Index with 34 items>
Max sequence length: 800
Embedding dimension: 128
Feedforward dimension: 256
Encoder layers: 4
Decoder layers: 2
Attention heads: 4
Activation: relu
Dropout: 0.2
Trainable parameters: 1,044,770

Training started
X_train.shape: torch.Size([3052, 702])
Y_train.shape: torch.Size([3052, 7])
X_dev.shape: torch.Size([533, 266])
Y_dev.shape: torch.Size([533, 7])
Epochs: 500
Learning rate: 0.001
Weight decay: 1e-05
Epoch | Train                 | Development           | Minutes
      | Loss     | Error Rate | Loss     | Error Rate |
---------------------------------------------------------------
    1 |   1.5646 |     48.127 |   1.2810 |     43.652 |     0.2
    2 |   1.3240 |     45.768 |   1.2457 |     43.340 |     0.4
    3 |   1.2753 |     45.031 |   1.2076 |     42.245 |     0.5
    4 |   1.2451 |     44.381 |   1.1662 |     40.994 |     0.7
    5 |   1.2201 |     43.922 |   1.1761 |     41.651 |     0.9
    6 |   1.2094 |     43.545 |   1.1504 |     41.182 |     1.1
    7 |   1.1896 |     43.026 |   1.1419 |     41.526 |     1.2
    8 |   1.1771 |     42.737 |   1.1484 |     40.744 |     1.4
    9 |   1.1681 |     42.562 |   1.1346 |     41.370 |     1.6
   10 |   1.1597 |     42.082 |   1.1329 |     41.432 |     1.8
   11 |   1.1543 |     42.207 |   1.1167 |     41.119 |     1.9
   12 |   1.1488 |     41.874 |   1.1188 |     41.557 |     2.1
   13 |   1.1420 |     42.147 |   1.1217 |     41.651 |     2.3
   14 |   1.1405 |     41.989 |   1.1045 |     41.088 |     2.5
   15 |   1.1353 |     41.760 |   1.0987 |     39.931 |     2.7
   16 |   1.1321 |     41.978 |   1.1066 |     41.245 |     2.8
   17 |   1.1207 |     41.497 |   1.1007 |     40.119 |     3.0
   18 |   1.1212 |     41.410 |   1.1025 |     40.432 |     3.2
   19 |   1.1210 |     41.383 |   1.0978 |     41.276 |     3.4
   20 |   1.1140 |     41.170 |   1.0998 |     42.120 |     3.5
   21 |   1.1155 |     41.514 |   1.1009 |     41.182 |     3.7
   22 |   1.1130 |     41.197 |   1.1047 |     41.682 |     3.9
   23 |   1.1116 |     41.273 |   1.0921 |     40.807 |     4.1
   24 |   1.1133 |     41.601 |   1.0926 |     40.650 |     4.3
   25 |   1.1018 |     41.028 |   1.0873 |     39.587 |     4.4
   26 |   1.1035 |     41.077 |   1.0993 |     40.400 |     4.6
   27 |   1.1032 |     41.181 |   1.0873 |     40.807 |     4.8
   28 |   1.0976 |     41.164 |   1.0823 |     40.619 |     5.0
   29 |   1.0965 |     40.782 |   1.0943 |     40.713 |     5.1
   30 |   1.0964 |     40.869 |   1.0961 |     41.151 |     5.3
   31 |   1.0952 |     41.159 |   1.0936 |     41.432 |     5.5
   32 |   1.0952 |     41.268 |   1.0810 |     39.712 |     5.7
   33 |   1.0923 |     40.995 |   1.0839 |     41.182 |     5.8
   34 |   1.0908 |     41.110 |   1.0827 |     40.400 |     6.0
   35 |   1.0937 |     41.033 |   1.0891 |     40.494 |     6.2
   36 |   1.0925 |     40.940 |   1.0832 |     40.056 |     6.4
Early stopping

Model: Seq2Seq Transformer
Source index: <Seq2Seq Index with 44 items>
Target index: <Seq2Seq Index with 34 items>
Max sequence length: 800
Embedding dimension: 64
Feedforward dimension: 64
Encoder layers: 2
Decoder layers: 3
Attention heads: 2
Activation: relu
Dropout: 0.1
Trainable parameters: 235,042

Training started
X_train.shape: torch.Size([3052, 702])
Y_train.shape: torch.Size([3052, 7])
X_dev.shape: torch.Size([533, 266])
Y_dev.shape: torch.Size([533, 7])
Epochs: 500
Learning rate: 0.0001
Weight decay: 1e-05
Epoch | Train                 | Development           | Minutes
      | Loss     | Error Rate | Loss     | Error Rate |
---------------------------------------------------------------
    1 |   2.7864 |     67.901 |   2.0052 |     47.342 |     0.1
    2 |   1.9386 |     48.089 |   1.6478 |     45.184 |     0.1
    3 |   1.6723 |     46.068 |   1.5230 |     45.091 |     0.2
    4 |   1.5632 |     46.106 |   1.4555 |     45.153 |     0.3
    5 |   1.4940 |     45.762 |   1.4135 |     45.028 |     0.3
    6 |   1.4508 |     45.615 |   1.3763 |     43.715 |     0.4
    7 |   1.4153 |     45.183 |   1.3407 |     43.684 |     0.5
    8 |   1.3899 |     44.823 |   1.3211 |     43.465 |     0.5
    9 |   1.3644 |     44.381 |   1.3062 |     43.152 |     0.6
   10 |   1.3480 |     44.266 |   1.2912 |     42.464 |     0.7
   11 |   1.3285 |     43.829 |   1.2811 |     42.683 |     0.7
   12 |   1.3120 |     43.638 |   1.2707 |     42.527 |     0.8
   13 |   1.2993 |     43.108 |   1.2661 |     42.996 |     0.9
   14 |   1.2829 |     42.928 |   1.2679 |     42.558 |     0.9
   15 |   1.2729 |     42.819 |   1.2454 |     41.651 |     1.0
   16 |   1.2627 |     42.377 |   1.2392 |     41.745 |     1.1
   17 |   1.2529 |     42.191 |   1.2406 |     41.620 |     1.1
   18 |   1.2400 |     41.874 |   1.2348 |     41.245 |     1.2
   19 |   1.2328 |     41.830 |   1.2293 |     41.276 |     1.3
   20 |   1.2261 |     41.678 |   1.2183 |     40.650 |     1.3
   21 |   1.2097 |     41.372 |   1.2124 |     41.026 |     1.4
   22 |   1.1992 |     40.858 |   1.2124 |     40.838 |     1.5
   23 |   1.1949 |     40.722 |   1.1981 |     40.682 |     1.5
   24 |   1.1827 |     40.487 |   1.2053 |     40.713 |     1.6
   25 |   1.1766 |     40.400 |   1.2022 |     41.182 |     1.7
   26 |   1.1684 |     39.815 |   1.1890 |     40.682 |     1.7
   27 |   1.1582 |     39.673 |   1.1893 |     40.432 |     1.8
   28 |   1.1511 |     39.608 |   1.1780 |     39.994 |     1.9
   29 |   1.1433 |     39.368 |   1.1755 |     40.119 |     1.9
   30 |   1.1339 |     38.991 |   1.1998 |     40.619 |     2.0
   31 |   1.1283 |     39.035 |   1.1787 |     39.994 |     2.1
   32 |   1.1237 |     38.843 |   1.1714 |     39.525 |     2.1
   33 |   1.1130 |     38.232 |   1.1715 |     39.775 |     2.2
   34 |   1.1122 |     38.226 |   1.1803 |     39.837 |     2.3
   35 |   1.1049 |     38.286 |   1.1622 |     39.525 |     2.3
   36 |   1.0962 |     37.849 |   1.1687 |     39.681 |     2.4
   37 |   1.0935 |     37.953 |   1.1762 |     39.462 |     2.5
   38 |   1.0865 |     37.609 |   1.1523 |     38.868 |     2.5
   39 |   1.0819 |     37.325 |   1.1589 |     38.868 |     2.6
   40 |   1.0768 |     37.134 |   1.1489 |     38.837 |     2.7
   41 |   1.0708 |     36.801 |   1.1581 |     39.118 |     2.7
   42 |   1.0696 |     37.014 |   1.1610 |     38.774 |     2.8
   43 |   1.0627 |     36.402 |   1.1567 |     38.524 |     2.9
   44 |   1.0536 |     36.446 |   1.1342 |     38.712 |     2.9
   45 |   1.0499 |     36.495 |   1.1414 |     38.962 |     3.0
   46 |   1.0429 |     36.157 |   1.1487 |     38.712 |     3.1
   47 |   1.0353 |     35.572 |   1.1241 |     38.743 |     3.1
   48 |   1.0395 |     35.927 |   1.1445 |     38.555 |     3.2
   49 |   1.0281 |     35.245 |   1.1402 |     38.524 |     3.3
   50 |   1.0263 |     35.518 |   1.1303 |     38.399 |     3.3
   51 |   1.0243 |     35.660 |   1.1430 |     38.774 |     3.4
Early stopping

Model: Seq2Seq Transformer
Source index: <Seq2Seq Index with 44 items>
Target index: <Seq2Seq Index with 34 items>
Max sequence length: 800
Embedding dimension: 128
Feedforward dimension: 256
Encoder layers: 2
Decoder layers: 3
Attention heads: 4
Activation: relu
Dropout: 0.2
Trainable parameters: 978,594

Training started
X_train.shape: torch.Size([3052, 702])
Y_train.shape: torch.Size([3052, 7])
X_dev.shape: torch.Size([533, 266])
Y_dev.shape: torch.Size([533, 7])
Epochs: 500
Learning rate: 0.001
Weight decay: 1e-05
Epoch | Train                 | Development           | Minutes
      | Loss     | Error Rate | Loss     | Error Rate |
---------------------------------------------------------------
    1 |   1.6213 |     48.990 |   1.3170 |     44.121 |     0.1
    2 |   1.3323 |     45.309 |   1.2464 |     42.402 |     0.2
    3 |   1.2598 |     43.447 |   1.2080 |     40.588 |     0.3
    4 |   1.2139 |     42.273 |   1.1990 |     41.057 |     0.4
    5 |   1.1860 |     41.394 |   1.1537 |     40.306 |     0.6
    6 |   1.1543 |     40.662 |   1.1420 |     39.931 |     0.7
    7 |   1.1347 |     39.739 |   1.1183 |     39.962 |     0.8
    8 |   1.1130 |     39.035 |   1.0914 |     37.742 |     0.9
    9 |   1.0829 |     38.084 |   1.0984 |     38.430 |     1.0
   10 |   1.0666 |     37.467 |   1.1028 |     38.118 |     1.1
   11 |   1.0451 |     36.659 |   1.0838 |     37.992 |     1.2
   12 |   1.0178 |     36.015 |   1.0835 |     37.398 |     1.3
   13 |   0.9903 |     34.715 |   1.0759 |     37.586 |     1.5
   14 |   0.9753 |     34.300 |   1.0707 |     35.897 |     1.6
   15 |   0.9617 |     33.464 |   1.0652 |     36.836 |     1.7
   16 |   0.9403 |     32.689 |   1.0517 |     36.179 |     1.8
   17 |   0.9121 |     31.832 |   1.0657 |     36.179 |     1.9
   18 |   0.8930 |     31.466 |   1.0638 |     36.554 |     2.0
   19 |   0.8671 |     30.237 |   1.0648 |     36.398 |     2.1
   20 |   0.8551 |     29.969 |   1.0606 |     35.866 |     2.2
Early stopping

Model: Seq2Seq Transformer
Source index: <Seq2Seq Index with 44 items>
Target index: <Seq2Seq Index with 34 items>
Max sequence length: 800
Embedding dimension: 128
Feedforward dimension: 256
Encoder layers: 2
Decoder layers: 3
Attention heads: 4
Activation: relu
Dropout: 0.0
Trainable parameters: 978,594

Training started
X_train.shape: torch.Size([3052, 702])
Y_train.shape: torch.Size([3052, 7])
X_dev.shape: torch.Size([533, 266])
Y_dev.shape: torch.Size([533, 7])
Epochs: 500
Learning rate: 0.0001
Weight decay: 1e-05
Epoch | Train                 | Development           | Minutes
      | Loss     | Error Rate | Loss     | Error Rate |
---------------------------------------------------------------
    1 |   2.0208 |     53.402 |   1.4930 |     45.403 |     0.1
    2 |   1.4121 |     44.676 |   1.3491 |     44.090 |     0.2
    3 |   1.3151 |     43.289 |   1.2974 |     42.527 |     0.3
    4 |   1.2540 |     41.896 |   1.2581 |     42.214 |     0.4
    5 |   1.2034 |     40.585 |   1.2479 |     42.120 |     0.5
    6 |   1.1605 |     39.302 |   1.1890 |     39.587 |     0.6
    7 |   1.1272 |     38.439 |   1.1630 |     38.555 |     0.7
    8 |   1.0947 |     37.019 |   1.1292 |     37.179 |     0.8
    9 |   1.0611 |     36.189 |   1.1234 |     37.680 |     0.9
   10 |   1.0286 |     34.759 |   1.1618 |     38.712 |     1.0
   11 |   0.9971 |     33.453 |   1.1103 |     37.336 |     1.1
   12 |   0.9681 |     32.716 |   1.0912 |     36.773 |     1.2
   13 |   0.9425 |     31.722 |   1.1135 |     37.867 |     1.3
   14 |   0.9145 |     30.767 |   1.0632 |     36.148 |     1.5
   15 |   0.8826 |     29.478 |   1.0771 |     36.460 |     1.6
   16 |   0.8571 |     28.779 |   1.0690 |     35.897 |     1.7
   17 |   0.8303 |     27.883 |   1.0776 |     35.772 |     1.8
   18 |   0.8004 |     26.715 |   1.0690 |     35.553 |     1.9
   19 |   0.7746 |     26.114 |   1.0621 |     35.022 |     2.0
   20 |   0.7464 |     25.060 |   1.0602 |     34.522 |     2.1
   21 |   0.7233 |     24.235 |   1.0808 |     35.116 |     2.2
   22 |   0.6953 |     22.969 |   1.0958 |     35.084 |     2.3
   23 |   0.6720 |     22.078 |   1.1056 |     36.179 |     2.4
   24 |   0.6470 |     21.439 |   1.0876 |     34.396 |     2.5
Early stopping

Model: Seq2Seq Transformer
Source index: <Seq2Seq Index with 44 items>
Target index: <Seq2Seq Index with 34 items>
Max sequence length: 800
Embedding dimension: 64
Feedforward dimension: 128
Encoder layers: 4
Decoder layers: 4
Attention heads: 2
Activation: relu
Dropout: 0.0
Trainable parameters: 393,506

Training started
X_train.shape: torch.Size([3052, 702])
Y_train.shape: torch.Size([3052, 7])
X_dev.shape: torch.Size([533, 266])
Y_dev.shape: torch.Size([533, 7])
Epochs: 500
Learning rate: 0.001
Weight decay: 0.0001
Epoch | Train                 | Development           | Minutes
      | Loss     | Error Rate | Loss     | Error Rate |
---------------------------------------------------------------
    1 |   1.7051 |     49.547 |   1.3235 |     43.902 |     0.1
    2 |   1.3021 |     44.583 |   1.2596 |     43.465 |     0.2
    3 |   1.2387 |     43.927 |   1.2129 |     41.901 |     0.3
    4 |   1.1901 |     42.677 |   1.1847 |     42.652 |     0.4
    5 |   1.1618 |     42.027 |   1.1557 |     42.058 |     0.5
    6 |   1.1363 |     40.968 |   1.1503 |     41.276 |     0.6
    7 |   1.1127 |     39.936 |   1.1297 |     40.525 |     0.7
    8 |   1.0955 |     39.417 |   1.1164 |     40.213 |     0.8
    9 |   1.0774 |     39.269 |   1.0996 |     39.181 |     0.9
   10 |   1.0686 |     39.040 |   1.0841 |     39.024 |     1.0
   11 |   1.0596 |     38.685 |   1.0887 |     39.243 |     1.2
   12 |   1.0525 |     38.308 |   1.0909 |     39.368 |     1.3
   13 |   1.0450 |     38.363 |   1.0734 |     38.587 |     1.4
   14 |   1.0365 |     37.997 |   1.0633 |     38.899 |     1.5
   15 |   1.0340 |     38.024 |   1.0776 |     39.462 |     1.6
   16 |   1.0275 |     37.609 |   1.0910 |     39.525 |     1.7
   17 |   1.0261 |     37.839 |   1.0821 |     39.181 |     1.8
   18 |   1.0212 |     37.675 |   1.0687 |     39.587 |     1.9
   19 |   1.0204 |     37.757 |   1.0633 |     38.211 |     2.0
   20 |   1.0169 |     37.631 |   1.0501 |     37.836 |     2.1
   21 |   1.0076 |     37.342 |   1.0532 |     38.555 |     2.2
   22 |   1.0045 |     37.353 |   1.0496 |     38.368 |     2.3
   23 |   1.0011 |     37.751 |   1.0507 |     38.774 |     2.4
   24 |   1.0042 |     37.276 |   1.0535 |     38.336 |     2.5
   25 |   0.9953 |     36.774 |   1.0403 |     37.398 |     2.6
   26 |   0.9920 |     36.817 |   1.0351 |     38.399 |     2.7
   27 |   0.9926 |     36.872 |   1.0434 |     38.618 |     2.8
   28 |   0.9834 |     36.539 |   1.0403 |     37.805 |     2.9
   29 |   0.9822 |     36.741 |   1.0352 |     38.086 |     3.0
   30 |   0.9764 |     36.320 |   1.0547 |     38.399 |     3.2
   31 |   0.9755 |     36.151 |   1.0324 |     37.398 |     3.3
   32 |   0.9615 |     35.878 |   1.0387 |     38.149 |     3.4
   33 |   0.9617 |     35.665 |   1.0439 |     38.962 |     3.5
   34 |   0.9537 |     35.501 |   1.0432 |     37.523 |     3.6
   35 |   0.9463 |     35.075 |   1.0375 |     37.649 |     3.7
Early stopping

Model: Seq2Seq Transformer
Source index: <Seq2Seq Index with 44 items>
Target index: <Seq2Seq Index with 34 items>
Max sequence length: 800
Embedding dimension: 64
Feedforward dimension: 256
Encoder layers: 2
Decoder layers: 3
Attention heads: 2
Activation: relu
Dropout: 0.1
Trainable parameters: 358,882

Training started
X_train.shape: torch.Size([3052, 702])
Y_train.shape: torch.Size([3052, 7])
X_dev.shape: torch.Size([533, 266])
Y_dev.shape: torch.Size([533, 7])
Epochs: 500
Learning rate: 0.001
Weight decay: 1e-05
Epoch | Train                 | Development           | Minutes
      | Loss     | Error Rate | Loss     | Error Rate |
---------------------------------------------------------------
    1 |   1.6815 |     48.706 |   1.3425 |     43.809 |     0.1
    2 |   1.3295 |     44.495 |   1.2406 |     41.932 |     0.1
    3 |   1.2514 |     42.808 |   1.2115 |     42.245 |     0.2
    4 |   1.1952 |     41.607 |   1.1705 |     40.838 |     0.3
    5 |   1.1514 |     40.514 |   1.1399 |     38.618 |     0.4
    6 |   1.1162 |     38.603 |   1.1134 |     38.931 |     0.4
    7 |   1.0769 |     37.347 |   1.0917 |     37.805 |     0.5
    8 |   1.0413 |     36.293 |   1.0892 |     38.305 |     0.6
    9 |   1.0140 |     35.043 |   1.0797 |     37.117 |     0.6
   10 |   0.9853 |     34.273 |   1.0490 |     36.836 |     0.7
   11 |   0.9516 |     32.700 |   1.0372 |     34.897 |     0.8
   12 |   0.9174 |     31.706 |   1.0390 |     35.303 |     0.8
   13 |   0.8956 |     31.067 |   1.0116 |     34.709 |     0.9
   14 |   0.8706 |     29.931 |   1.0239 |     34.084 |     1.0
   15 |   0.8522 |     29.434 |   0.9865 |     32.927 |     1.1
   16 |   0.8281 |     28.353 |   0.9850 |     32.989 |     1.1
   17 |   0.7973 |     27.479 |   0.9937 |     33.834 |     1.2
   18 |   0.7791 |     26.846 |   0.9874 |     32.239 |     1.3
   19 |   0.7554 |     26.141 |   0.9984 |     33.490 |     1.3
   20 |   0.7462 |     26.048 |   0.9844 |     32.864 |     1.4
   21 |   0.7139 |     24.481 |   1.0049 |     31.895 |     1.5
   22 |   0.6978 |     23.891 |   0.9829 |     32.239 |     1.5
   23 |   0.6801 |     23.646 |   1.0122 |     31.770 |     1.6
   24 |   0.6565 |     22.663 |   1.0321 |     32.864 |     1.7
   25 |   0.6427 |     22.155 |   1.0201 |     31.832 |     1.8
   26 |   0.6226 |     21.729 |   1.0042 |     31.176 |     1.8
Early stopping

Model: Seq2Seq Transformer
Source index: <Seq2Seq Index with 44 items>
Target index: <Seq2Seq Index with 34 items>
Max sequence length: 800
Embedding dimension: 128
Feedforward dimension: 128
Encoder layers: 4
Decoder layers: 4
Attention heads: 4
Activation: relu
Dropout: 0.2
Trainable parameters: 1,179,170

Training started
X_train.shape: torch.Size([3052, 702])
Y_train.shape: torch.Size([3052, 7])
X_dev.shape: torch.Size([533, 266])
Y_dev.shape: torch.Size([533, 7])
Epochs: 500
Learning rate: 0.0001
Weight decay: 1e-05
Epoch | Train                 | Development           | Minutes
      | Loss     | Error Rate | Loss     | Error Rate |
---------------------------------------------------------------
    1 |   2.5492 |     65.176 |   1.7101 |     44.934 |     0.2
    2 |   1.6910 |     46.674 |   1.4422 |     45.059 |     0.4
    3 |   1.5030 |     46.057 |   1.3697 |     44.528 |     0.6
    4 |   1.4362 |     46.014 |   1.3296 |     44.309 |     0.8
    5 |   1.3917 |     45.407 |   1.2920 |     42.808 |     0.9
    6 |   1.3583 |     44.392 |   1.2683 |     42.245 |     1.1
    7 |   1.3260 |     43.693 |   1.2544 |     40.932 |     1.3
    8 |   1.3018 |     43.103 |   1.2347 |     41.276 |     1.5
    9 |   1.2814 |     42.742 |   1.2103 |     40.650 |     1.7
   10 |   1.2610 |     42.491 |   1.2073 |     40.838 |     1.9
   11 |   1.2430 |     42.114 |   1.2147 |     41.526 |     2.1
   12 |   1.2226 |     41.235 |   1.2016 |     40.932 |     2.3
   13 |   1.2095 |     40.837 |   1.1764 |     40.400 |     2.5
   14 |   1.1885 |     40.165 |   1.1680 |     39.900 |     2.7
   15 |   1.1691 |     39.766 |   1.1896 |     39.869 |     2.8
   16 |   1.1540 |     39.029 |   1.1641 |     39.181 |     3.0
   17 |   1.1410 |     38.942 |   1.1681 |     39.462 |     3.2
   18 |   1.1300 |     38.521 |   1.1531 |     38.899 |     3.4
   19 |   1.1148 |     38.073 |   1.1369 |     39.368 |     3.6
   20 |   1.0998 |     37.587 |   1.1171 |     37.961 |     3.8
   21 |   1.0851 |     36.806 |   1.1430 |     38.868 |     4.0
   22 |   1.0760 |     36.681 |   1.1385 |     38.462 |     4.2
   23 |   1.0680 |     36.675 |   1.1435 |     38.086 |     4.4
   24 |   1.0574 |     36.233 |   1.1441 |     38.149 |     4.6
Early stopping

Model: Seq2Seq Transformer
Source index: <Seq2Seq Index with 44 items>
Target index: <Seq2Seq Index with 34 items>
Max sequence length: 800
Embedding dimension: 128
Feedforward dimension: 256
Encoder layers: 4
Decoder layers: 2
Attention heads: 4
Activation: relu
Dropout: 0.0
Trainable parameters: 1,044,770

Training started
X_train.shape: torch.Size([3052, 702])
Y_train.shape: torch.Size([3052, 7])
X_dev.shape: torch.Size([533, 266])
Y_dev.shape: torch.Size([533, 7])
Epochs: 500
Learning rate: 0.0001
Weight decay: 1e-05
Epoch | Train                 | Development           | Minutes
      | Loss     | Error Rate | Loss     | Error Rate |
---------------------------------------------------------------
    1 |   1.9819 |     52.141 |   1.4888 |     45.122 |     0.2
    2 |   1.4286 |     45.309 |   1.3581 |     43.058 |     0.3
    3 |   1.3404 |     43.960 |   1.3028 |     43.684 |     0.5
    4 |   1.2861 |     43.032 |   1.2647 |     43.215 |     0.7
    5 |   1.2405 |     41.841 |   1.2469 |     42.026 |     0.8
    6 |   1.2038 |     40.826 |   1.2287 |     41.588 |     1.0
    7 |   1.1614 |     39.460 |   1.2040 |     40.306 |     1.1
    8 |   1.1221 |     38.002 |   1.1555 |     39.900 |     1.3
    9 |   1.0854 |     36.834 |   1.1617 |     39.462 |     1.5
   10 |   1.0548 |     35.813 |   1.1447 |     38.149 |     1.6
   11 |   1.0106 |     34.027 |   1.1114 |     38.149 |     1.8
   12 |   0.9778 |     32.771 |   1.0980 |     37.242 |     2.0
   13 |   0.9491 |     32.017 |   1.1470 |     38.680 |     2.1
   14 |   0.9164 |     30.936 |   1.1475 |     39.024 |     2.3
   15 |   0.8764 |     29.363 |   1.1050 |     38.149 |     2.4
   16 |   0.8492 |     28.429 |   1.0786 |     36.648 |     2.6
   17 |   0.8180 |     27.255 |   1.0950 |     36.241 |     2.8
   18 |   0.7875 |     26.087 |   1.0967 |     37.305 |     2.9
   19 |   0.7511 |     24.678 |   1.0860 |     36.335 |     3.1
   20 |   0.7263 |     23.973 |   1.1128 |     36.617 |     3.3
Early stopping

Model: Seq2Seq Transformer
Source index: <Seq2Seq Index with 44 items>
Target index: <Seq2Seq Index with 34 items>
Max sequence length: 800
Embedding dimension: 128
Feedforward dimension: 64
Encoder layers: 4
Decoder layers: 2
Attention heads: 4
Activation: relu
Dropout: 0.2
Trainable parameters: 748,706

Training started
X_train.shape: torch.Size([3052, 702])
Y_train.shape: torch.Size([3052, 7])
X_dev.shape: torch.Size([533, 266])
Y_dev.shape: torch.Size([533, 7])
Epochs: 500
Learning rate: 0.001
Weight decay: 0.0001
Epoch | Train                 | Development           | Minutes
      | Loss     | Error Rate | Loss     | Error Rate |
---------------------------------------------------------------
    1 |   1.6102 |     48.394 |   1.3034 |     43.527 |     0.2
    2 |   1.3164 |     45.364 |   1.2370 |     42.464 |     0.3
    3 |   1.2693 |     44.512 |   1.2138 |     42.777 |     0.5
    4 |   1.2421 |     44.157 |   1.1835 |     42.214 |     0.7
    5 |   1.2158 |     43.693 |   1.1915 |     41.776 |     0.8
    6 |   1.2011 |     43.502 |   1.1798 |     42.339 |     1.0
    7 |   1.1894 |     43.136 |   1.1589 |     41.995 |     1.2
    8 |   1.1782 |     42.792 |   1.1574 |     42.183 |     1.3
    9 |   1.1696 |     42.595 |   1.1697 |     41.276 |     1.5
   10 |   1.1620 |     42.606 |   1.1585 |     42.151 |     1.7
   11 |   1.1597 |     42.382 |   1.1501 |     42.683 |     1.8
   12 |   1.1537 |     42.322 |   1.1405 |     41.682 |     2.0
   13 |   1.1507 |     42.120 |   1.1490 |     42.183 |     2.2
   14 |   1.1472 |     42.191 |   1.1336 |     41.245 |     2.3
   15 |   1.1364 |     42.071 |   1.1502 |     42.245 |     2.5
   16 |   1.1357 |     41.656 |   1.1526 |     41.151 |     2.7
   17 |   1.1284 |     41.672 |   1.1281 |     41.245 |     2.9
   18 |   1.1306 |     41.858 |   1.1264 |     41.995 |     3.0
   19 |   1.1269 |     41.880 |   1.1513 |     41.057 |     3.2
   20 |   1.1277 |     41.754 |   1.1380 |     41.026 |     3.4
   21 |   1.1232 |     41.405 |   1.1528 |     41.495 |     3.5
   22 |   1.1192 |     41.208 |   1.1462 |     40.557 |     3.7
Early stopping

Model: Seq2Seq Transformer
Source index: <Seq2Seq Index with 44 items>
Target index: <Seq2Seq Index with 34 items>
Max sequence length: 800
Embedding dimension: 64
Feedforward dimension: 64
Encoder layers: 4
Decoder layers: 2
Attention heads: 4
Activation: relu
Dropout: 0.2
Trainable parameters: 243,490

Training started
X_train.shape: torch.Size([3052, 702])
Y_train.shape: torch.Size([3052, 7])
X_dev.shape: torch.Size([533, 266])
Y_dev.shape: torch.Size([533, 7])
Epochs: 500
Learning rate: 0.0001
Weight decay: 0.0001
Epoch | Train                 | Development           | Minutes
      | Loss     | Error Rate | Loss     | Error Rate |
---------------------------------------------------------------
    1 |   2.8973 |     69.419 |   2.2701 |     53.283 |     0.1
    2 |   2.2111 |     52.223 |   1.7930 |     47.655 |     0.3
    3 |   1.8355 |     47.346 |   1.5742 |     45.028 |     0.4
    4 |   1.6450 |     46.303 |   1.4880 |     45.122 |     0.6
    5 |   1.5549 |     46.216 |   1.4401 |     44.966 |     0.7
    6 |   1.5035 |     46.161 |   1.4000 |     44.340 |     0.9
    7 |   1.4666 |     46.035 |   1.3768 |     44.215 |     1.0
    8 |   1.4394 |     45.746 |   1.3527 |     44.278 |     1.1
    9 |   1.4161 |     45.757 |   1.3360 |     44.309 |     1.3
   10 |   1.3958 |     45.544 |   1.3180 |     43.496 |     1.4
   11 |   1.3796 |     45.227 |   1.3039 |     42.527 |     1.6
   12 |   1.3668 |     45.162 |   1.2954 |     43.183 |     1.7
   13 |   1.3521 |     44.801 |   1.2805 |     42.652 |     1.9
   14 |   1.3365 |     44.654 |   1.2704 |     42.871 |     2.0
   15 |   1.3269 |     44.430 |   1.2614 |     42.370 |     2.1
   16 |   1.3162 |     44.173 |   1.2586 |     43.152 |     2.3
   17 |   1.3069 |     43.775 |   1.2511 |     42.902 |     2.4
   18 |   1.3011 |     44.097 |   1.2530 |     42.871 |     2.6
   19 |   1.2902 |     43.600 |   1.2294 |     41.839 |     2.7
   20 |   1.2802 |     43.512 |   1.2328 |     41.620 |     2.9
   21 |   1.2722 |     43.245 |   1.2291 |     42.214 |     3.0
   22 |   1.2633 |     43.349 |   1.2240 |     41.588 |     3.1
   23 |   1.2540 |     42.579 |   1.2268 |     42.089 |     3.3
   24 |   1.2480 |     42.595 |   1.2130 |     41.588 |     3.4
   25 |   1.2416 |     42.262 |   1.2281 |     41.651 |     3.6
   26 |   1.2309 |     41.880 |   1.2218 |     41.870 |     3.7
   27 |   1.2271 |     41.841 |   1.2099 |     41.870 |     3.9
   28 |   1.2231 |     41.983 |   1.2025 |     41.057 |     4.0
   29 |   1.2184 |     41.678 |   1.1987 |     40.932 |     4.1
   30 |   1.2106 |     41.547 |   1.1997 |     40.963 |     4.3
   31 |   1.2058 |     41.383 |   1.2021 |     41.338 |     4.4
   32 |   1.1957 |     40.744 |   1.1913 |     40.932 |     4.6
   33 |   1.1904 |     40.558 |   1.1898 |     40.338 |     4.7
   34 |   1.1920 |     40.919 |   1.1818 |     40.306 |     4.9
   35 |   1.1838 |     40.564 |   1.1804 |     40.338 |     5.0
   36 |   1.1786 |     39.985 |   1.1844 |     40.369 |     5.1
   37 |   1.1733 |     40.236 |   1.1816 |     39.931 |     5.3
   38 |   1.1670 |     40.154 |   1.1761 |     39.931 |     5.4
   39 |   1.1609 |     39.635 |   1.1705 |     40.150 |     5.6
   40 |   1.1578 |     39.548 |   1.1558 |     39.493 |     5.7
   41 |   1.1515 |     39.515 |   1.1585 |     39.337 |     5.9
   42 |   1.1501 |     39.286 |   1.1674 |     40.275 |     6.0
   43 |   1.1451 |     39.302 |   1.1737 |     39.556 |     6.1
   44 |   1.1354 |     38.734 |   1.1660 |     39.525 |     6.3
Early stopping

Model: Seq2Seq Transformer
Source index: <Seq2Seq Index with 44 items>
Target index: <Seq2Seq Index with 34 items>
Max sequence length: 800
Embedding dimension: 128
Feedforward dimension: 256
Encoder layers: 2
Decoder layers: 4
Attention heads: 4
Activation: relu
Dropout: 0.0
Trainable parameters: 1,177,378

Training started
X_train.shape: torch.Size([3052, 702])
Y_train.shape: torch.Size([3052, 7])
X_dev.shape: torch.Size([533, 266])
Y_dev.shape: torch.Size([533, 7])
Epochs: 500
Learning rate: 0.0001
Weight decay: 0.0001
Epoch | Train                 | Development           | Minutes
      | Loss     | Error Rate | Loss     | Error Rate |
---------------------------------------------------------------
    1 |   1.8480 |     50.502 |   1.4362 |     43.621 |     0.1
    2 |   1.3774 |     44.179 |   1.3177 |     42.527 |     0.2
    3 |   1.2893 |     42.617 |   1.2941 |     42.871 |     0.3
    4 |   1.2286 |     41.006 |   1.2564 |     42.433 |     0.5
    5 |   1.1836 |     39.750 |   1.1992 |     40.713 |     0.6
    6 |   1.1421 |     38.636 |   1.1958 |     39.681 |     0.7
    7 |   1.1069 |     37.473 |   1.2067 |     41.026 |     0.8
    8 |   1.0744 |     36.430 |   1.1658 |     39.525 |     0.9
    9 |   1.0432 |     35.463 |   1.1517 |     38.899 |     1.0
   10 |   1.0127 |     34.136 |   1.1216 |     37.805 |     1.1
   11 |   0.9851 |     33.006 |   1.1097 |     36.898 |     1.2
   12 |   0.9566 |     32.105 |   1.0918 |     36.023 |     1.4
   13 |   0.9208 |     30.712 |   1.0957 |     36.366 |     1.5
   14 |   0.8994 |     30.346 |   1.0774 |     36.085 |     1.6
   15 |   0.8702 |     29.440 |   1.0852 |     35.679 |     1.7
   16 |   0.8408 |     28.233 |   1.0462 |     35.084 |     1.8
   17 |   0.8207 |     27.474 |   1.1236 |     36.523 |     1.9
   18 |   0.8009 |     26.884 |   1.0452 |     34.522 |     2.0
   19 |   0.7725 |     25.857 |   1.0494 |     35.366 |     2.1
   20 |   0.7494 |     25.038 |   1.0551 |     34.522 |     2.3
   21 |   0.7170 |     23.782 |   1.0252 |     33.271 |     2.4
   22 |   0.7056 |     23.536 |   1.0552 |     34.897 |     2.5
   23 |   0.6782 |     22.515 |   1.0224 |     34.021 |     2.6
   24 |   0.6518 |     21.467 |   1.0435 |     32.927 |     2.7
   25 |   0.6270 |     20.768 |   1.1002 |     34.490 |     2.8
   26 |   0.6066 |     20.063 |   1.0631 |     34.115 |     2.9
   27 |   0.5900 |     19.397 |   1.0578 |     32.927 |     3.1
Early stopping

Model: Seq2Seq Transformer
Source index: <Seq2Seq Index with 44 items>
Target index: <Seq2Seq Index with 34 items>
Max sequence length: 800
Embedding dimension: 128
Feedforward dimension: 256
Encoder layers: 4
Decoder layers: 3
Attention heads: 2
Activation: relu
Dropout: 0.2
Trainable parameters: 1,243,554

Training started
X_train.shape: torch.Size([3052, 702])
Y_train.shape: torch.Size([3052, 7])
X_dev.shape: torch.Size([533, 266])
Y_dev.shape: torch.Size([533, 7])
Epochs: 500
Learning rate: 0.001
Weight decay: 1e-05
Epoch | Train                 | Development           | Minutes
      | Loss     | Error Rate | Loss     | Error Rate |
---------------------------------------------------------------
    1 |   1.6212 |     49.306 |   1.3168 |     44.371 |     0.1
    2 |   1.3585 |     45.981 |   1.2926 |     44.184 |     0.3
    3 |   1.3097 |     45.407 |   1.2347 |     42.933 |     0.4
    4 |   1.2724 |     45.222 |   1.2194 |     43.089 |     0.6
    5 |   1.2540 |     44.916 |   1.1978 |     44.340 |     0.7
    6 |   1.2383 |     44.430 |   1.1796 |     43.308 |     0.9
    7 |   1.2112 |     43.589 |   1.1650 |     43.277 |     1.0
    8 |   1.1976 |     42.906 |   1.1442 |     41.370 |     1.2
    9 |   1.1874 |     42.671 |   1.1510 |     42.652 |     1.3
   10 |   1.1730 |     41.880 |   1.1519 |     40.807 |     1.5
   11 |   1.1643 |     41.978 |   1.1323 |     41.901 |     1.6
   12 |   1.1518 |     41.290 |   1.1186 |     41.026 |     1.8
   13 |   1.1526 |     41.765 |   1.1130 |     41.401 |     1.9
   14 |   1.1447 |     41.568 |   1.1208 |     41.714 |     2.1
   15 |   1.1376 |     41.454 |   1.1136 |     40.119 |     2.2
   16 |   1.1344 |     41.388 |   1.1143 |     40.744 |     2.4
   17 |   1.1223 |     40.951 |   1.1392 |     41.526 |     2.5
Early stopping

Model: Seq2Seq Transformer
Source index: <Seq2Seq Index with 44 items>
Target index: <Seq2Seq Index with 34 items>
Max sequence length: 800
Embedding dimension: 128
Feedforward dimension: 64
Encoder layers: 4
Decoder layers: 2
Attention heads: 2
Activation: relu
Dropout: 0.2
Trainable parameters: 748,706

Training started
X_train.shape: torch.Size([3052, 702])
Y_train.shape: torch.Size([3052, 7])
X_dev.shape: torch.Size([533, 266])
Y_dev.shape: torch.Size([533, 7])
Epochs: 500
Learning rate: 0.001
Weight decay: 1e-05
Epoch | Train                 | Development           | Minutes
      | Loss     | Error Rate | Loss     | Error Rate |
---------------------------------------------------------------
    1 |   1.6342 |     49.012 |   1.3258 |     44.434 |     0.1
    2 |   1.3509 |     46.221 |   1.2583 |     44.559 |     0.3
    3 |   1.3055 |     45.511 |   1.2436 |     44.278 |     0.4
    4 |   1.2739 |     44.594 |   1.2244 |     42.933 |     0.5
    5 |   1.2518 |     43.829 |   1.2005 |     42.464 |     0.7
    6 |   1.2316 |     43.469 |   1.2001 |     42.933 |     0.8
    7 |   1.2251 |     42.988 |   1.1846 |     42.433 |     0.9
    8 |   1.2056 |     42.622 |   1.1699 |     41.182 |     1.0
    9 |   1.1898 |     42.049 |   1.1479 |     40.838 |     1.2
   10 |   1.1818 |     41.983 |   1.1502 |     40.619 |     1.3
   11 |   1.1673 |     41.399 |   1.1421 |     40.994 |     1.4
   12 |   1.1569 |     41.181 |   1.1410 |     41.182 |     1.6
   13 |   1.1464 |     41.022 |   1.1454 |     40.557 |     1.7
   14 |   1.1391 |     40.826 |   1.1455 |     40.088 |     1.8
   15 |   1.1265 |     39.826 |   1.1236 |     40.400 |     2.0
   16 |   1.1129 |     39.400 |   1.1150 |     39.681 |     2.1
   17 |   1.1008 |     39.198 |   1.1152 |     39.149 |     2.2
   18 |   1.0957 |     38.756 |   1.1047 |     39.744 |     2.4
   19 |   1.0903 |     38.565 |   1.1063 |     39.056 |     2.5
   20 |   1.0889 |     38.456 |   1.1048 |     39.056 |     2.6
   21 |   1.0863 |     38.521 |   1.0980 |     39.024 |     2.8
   22 |   1.0812 |     38.548 |   1.1065 |     40.525 |     2.9
   23 |   1.0739 |     37.926 |   1.1007 |     39.775 |     3.0
   24 |   1.0662 |     37.893 |   1.1074 |     39.462 |     3.2
   25 |   1.0560 |     37.991 |   1.0836 |     38.336 |     3.3
   26 |   1.0516 |     37.112 |   1.0877 |     38.524 |     3.4
   27 |   1.0451 |     37.314 |   1.0894 |     39.024 |     3.5
   28 |   1.0318 |     36.533 |   1.1039 |     38.899 |     3.7
   29 |   1.0313 |     36.675 |   1.1072 |     39.368 |     3.8
Early stopping

Model: Seq2Seq Transformer
Source index: <Seq2Seq Index with 44 items>
Target index: <Seq2Seq Index with 34 items>
Max sequence length: 800
Embedding dimension: 64
Feedforward dimension: 128
Encoder layers: 2
Decoder layers: 4
Attention heads: 2
Activation: relu
Dropout: 0.1
Trainable parameters: 326,562

Training started
X_train.shape: torch.Size([3052, 702])
Y_train.shape: torch.Size([3052, 7])
X_dev.shape: torch.Size([533, 266])
Y_dev.shape: torch.Size([533, 7])
Epochs: 500
Learning rate: 0.0001
Weight decay: 0.0001
Epoch | Train                 | Development           | Minutes
      | Loss     | Error Rate | Loss     | Error Rate |
---------------------------------------------------------------
    1 |   2.6606 |     66.137 |   1.9466 |     50.188 |     0.1
    2 |   1.8608 |     47.166 |   1.6097 |     44.841 |     0.1
    3 |   1.6288 |     45.948 |   1.5054 |     45.059 |     0.2
    4 |   1.5366 |     46.063 |   1.4470 |     45.059 |     0.3
    5 |   1.4784 |     45.839 |   1.3970 |     44.059 |     0.4
    6 |   1.4344 |     45.380 |   1.3661 |     43.871 |     0.5
    7 |   1.4016 |     45.134 |   1.3380 |     43.684 |     0.5
    8 |   1.3757 |     44.321 |   1.3168 |     42.839 |     0.6
    9 |   1.3521 |     44.386 |   1.2960 |     43.121 |     0.7
   10 |   1.3334 |     44.195 |   1.2884 |     43.058 |     0.8
   11 |   1.3160 |     43.829 |   1.2792 |     43.996 |     0.8
   12 |   1.2987 |     43.332 |   1.2691 |     43.777 |     0.9
   13 |   1.2841 |     42.759 |   1.2552 |     43.121 |     1.0
   14 |   1.2669 |     42.808 |   1.2553 |     42.777 |     1.1
   15 |   1.2570 |     42.322 |   1.2476 |     42.339 |     1.1
   16 |   1.2443 |     42.054 |   1.2354 |     42.652 |     1.2
   17 |   1.2328 |     41.754 |   1.2463 |     42.777 |     1.3
   18 |   1.2220 |     41.852 |   1.2481 |     42.652 |     1.4
   19 |   1.2139 |     41.623 |   1.2249 |     42.495 |     1.4
   20 |   1.2037 |     41.110 |   1.2410 |     42.683 |     1.5
   21 |   1.1932 |     41.050 |   1.2290 |     42.120 |     1.6
   22 |   1.1858 |     41.033 |   1.2243 |     42.652 |     1.7
   23 |   1.1758 |     40.536 |   1.2113 |     41.839 |     1.7
   24 |   1.1679 |     40.427 |   1.2392 |     42.871 |     1.8
   25 |   1.1633 |     40.269 |   1.2047 |     42.089 |     1.9
   26 |   1.1542 |     40.045 |   1.1825 |     41.213 |     2.0
   27 |   1.1459 |     39.832 |   1.1869 |     41.745 |     2.0
   28 |   1.1377 |     39.531 |   1.1797 |     41.182 |     2.1
   29 |   1.1318 |     39.340 |   1.1798 |     40.682 |     2.2
   30 |   1.1248 |     39.308 |   1.1702 |     40.932 |     2.3
   31 |   1.1170 |     39.062 |   1.1832 |     41.651 |     2.3
   32 |   1.1124 |     38.794 |   1.1655 |     40.619 |     2.4
   33 |   1.1055 |     38.390 |   1.1649 |     40.494 |     2.5
   34 |   1.1016 |     38.254 |   1.1712 |     40.619 |     2.5
   35 |   1.0928 |     37.899 |   1.1676 |     40.869 |     2.6
   36 |   1.0882 |     37.735 |   1.1642 |     40.400 |     2.7
   37 |   1.0811 |     37.544 |   1.1562 |     40.525 |     2.8
   38 |   1.0770 |     37.342 |   1.1734 |     41.245 |     2.9
   39 |   1.0732 |     37.549 |   1.1614 |     40.525 |     2.9
   40 |   1.0692 |     37.156 |   1.1461 |     39.462 |     3.0
   41 |   1.0604 |     37.085 |   1.1407 |     39.806 |     3.1
   42 |   1.0524 |     36.550 |   1.1649 |     40.338 |     3.2
   43 |   1.0504 |     36.331 |   1.1499 |     40.088 |     3.2
   44 |   1.0472 |     36.348 |   1.1577 |     40.463 |     3.3
   45 |   1.0411 |     36.080 |   1.1451 |     39.275 |     3.4
   46 |   1.0376 |     36.058 |   1.1396 |     39.462 |     3.5
   47 |   1.0373 |     36.151 |   1.1565 |     39.400 |     3.5
   48 |   1.0278 |     35.660 |   1.1346 |     38.962 |     3.6
   49 |   1.0202 |     35.398 |   1.1446 |     39.806 |     3.7
   50 |   1.0214 |     35.305 |   1.1514 |     39.306 |     3.7
   51 |   1.0160 |     34.884 |   1.1287 |     39.149 |     3.8
   52 |   1.0068 |     34.819 |   1.1427 |     39.306 |     3.9
   53 |   1.0047 |     35.130 |   1.1411 |     39.212 |     4.0
   54 |   0.9987 |     34.720 |   1.1326 |     39.024 |     4.0
   55 |   0.9964 |     34.606 |   1.1463 |     39.056 |     4.1
Early stopping

Model: Seq2Seq Transformer
Source index: <Seq2Seq Index with 44 items>
Target index: <Seq2Seq Index with 34 items>
Max sequence length: 800
Embedding dimension: 64
Feedforward dimension: 128
Encoder layers: 4
Decoder layers: 3
Attention heads: 4
Activation: relu
Dropout: 0.2
Trainable parameters: 343,266

Training started
X_train.shape: torch.Size([3052, 702])
Y_train.shape: torch.Size([3052, 7])
X_dev.shape: torch.Size([533, 266])
Y_dev.shape: torch.Size([533, 7])
Epochs: 500
Learning rate: 0.0001
Weight decay: 0.0001
Epoch | Train                 | Development           | Minutes
      | Loss     | Error Rate | Loss     | Error Rate |
---------------------------------------------------------------
    1 |   2.8858 |     70.353 |   2.1887 |     48.030 |     0.1
    2 |   2.1449 |     49.612 |   1.7226 |     45.310 |     0.3
    3 |   1.7831 |     46.631 |   1.5573 |     44.997 |     0.5
    4 |   1.6291 |     46.068 |   1.4824 |     45.059 |     0.6
    5 |   1.5461 |     46.019 |   1.4413 |     45.059 |     0.8
    6 |   1.4970 |     45.943 |   1.4003 |     44.934 |     0.9
    7 |   1.4586 |     46.003 |   1.4051 |     45.028 |     1.1
    8 |   1.4329 |     45.893 |   1.3656 |     44.809 |     1.2
    9 |   1.4141 |     45.724 |   1.3428 |     44.090 |     1.4
   10 |   1.3918 |     45.642 |   1.3165 |     43.809 |     1.5
   11 |   1.3740 |     45.309 |   1.3105 |     43.684 |     1.7
   12 |   1.3583 |     44.916 |   1.2882 |     43.152 |     1.8
   13 |   1.3454 |     45.107 |   1.2732 |     41.901 |     2.0
   14 |   1.3341 |     44.534 |   1.2721 |     42.276 |     2.1
   15 |   1.3229 |     44.375 |   1.2626 |     42.151 |     2.3
   16 |   1.3093 |     43.818 |   1.2590 |     42.464 |     2.5
   17 |   1.2986 |     43.698 |   1.2401 |     41.307 |     2.6
   18 |   1.2901 |     43.425 |   1.2364 |     41.557 |     2.8
   19 |   1.2770 |     43.458 |   1.2298 |     41.401 |     2.9
   20 |   1.2674 |     42.868 |   1.2261 |     41.182 |     3.1
   21 |   1.2569 |     42.622 |   1.2168 |     40.994 |     3.2
   22 |   1.2473 |     42.306 |   1.2257 |     41.401 |     3.4
   23 |   1.2416 |     42.295 |   1.2174 |     41.401 |     3.5
   24 |   1.2349 |     42.333 |   1.2115 |     41.213 |     3.7
   25 |   1.2241 |     41.749 |   1.2089 |     40.869 |     3.8
   26 |   1.2205 |     41.525 |   1.1879 |     40.932 |     4.0
   27 |   1.2106 |     41.164 |   1.2210 |     41.307 |     4.1
   28 |   1.2032 |     41.099 |   1.2252 |     41.557 |     4.3
   29 |   1.1951 |     40.897 |   1.2030 |     41.026 |     4.4
   30 |   1.1931 |     40.766 |   1.2029 |     40.619 |     4.6
Early stopping

Model: Seq2Seq Transformer
Source index: <Seq2Seq Index with 44 items>
Target index: <Seq2Seq Index with 34 items>
Max sequence length: 800
Embedding dimension: 128
Feedforward dimension: 64
Encoder layers: 4
Decoder layers: 4
Attention heads: 2
Activation: relu
Dropout: 0.1
Trainable parameters: 1,047,586

Training started
X_train.shape: torch.Size([3052, 702])
Y_train.shape: torch.Size([3052, 7])
X_dev.shape: torch.Size([533, 266])
Y_dev.shape: torch.Size([533, 7])
Epochs: 500
Learning rate: 0.0001
Weight decay: 1e-05
Epoch | Train                 | Development           | Minutes
      | Loss     | Error Rate | Loss     | Error Rate |
---------------------------------------------------------------
    1 |   2.3887 |     59.759 |   1.6245 |     45.184 |     0.1
    2 |   1.5914 |     46.199 |   1.4157 |     44.934 |     0.3
    3 |   1.4461 |     45.730 |   1.3457 |     44.153 |     0.4
    4 |   1.3813 |     45.304 |   1.3033 |     44.684 |     0.6
    5 |   1.3410 |     44.577 |   1.2692 |     43.558 |     0.7
    6 |   1.3018 |     43.474 |   1.2541 |     43.340 |     0.9
    7 |   1.2709 |     42.753 |   1.2569 |     43.371 |     1.0
    8 |   1.2440 |     42.415 |   1.2393 |     42.183 |     1.2
    9 |   1.2227 |     41.787 |   1.2495 |     42.745 |     1.3
   10 |   1.1998 |     40.946 |   1.2315 |     41.870 |     1.5
   11 |   1.1790 |     40.307 |   1.2086 |     41.964 |     1.6
   12 |   1.1664 |     40.045 |   1.2265 |     41.932 |     1.8
   13 |   1.1527 |     39.477 |   1.1752 |     40.963 |     1.9
   14 |   1.1350 |     39.035 |   1.1877 |     40.557 |     2.1
   15 |   1.1173 |     38.532 |   1.1919 |     40.744 |     2.2
   16 |   1.1060 |     38.068 |   1.1962 |     40.775 |     2.4
   17 |   1.0867 |     37.287 |   1.1787 |     39.587 |     2.5
   18 |   1.0653 |     36.479 |   1.1639 |     39.869 |     2.7
   19 |   1.0507 |     35.447 |   1.1794 |     40.056 |     2.8
   20 |   1.0364 |     35.245 |   1.1937 |     39.775 |     3.0
   21 |   1.0126 |     34.338 |   1.1818 |     39.681 |     3.1
   22 |   1.0048 |     33.819 |   1.1867 |     39.806 |     3.2
   23 |   0.9887 |     33.705 |   1.1409 |     38.118 |     3.4
   24 |   0.9740 |     33.246 |   1.1708 |     38.618 |     3.5
   25 |   0.9602 |     32.683 |   1.1651 |     38.899 |     3.7
   26 |   0.9413 |     31.690 |   1.1448 |     37.523 |     3.8
   27 |   0.9332 |     31.324 |   1.1314 |     37.054 |     4.0
   28 |   0.9202 |     31.100 |   1.1237 |     36.210 |     4.1
   29 |   0.9104 |     30.466 |   1.1205 |     36.804 |     4.3
   30 |   0.8845 |     29.647 |   1.1438 |     36.710 |     4.4
   31 |   0.8743 |     29.724 |   1.1565 |     37.211 |     4.6
   32 |   0.8590 |     29.112 |   1.1313 |     36.054 |     4.7
   33 |   0.8475 |     28.533 |   1.1373 |     36.304 |     4.9
Early stopping

Model: Seq2Seq Transformer
Source index: <Seq2Seq Index with 44 items>
Target index: <Seq2Seq Index with 34 items>
Max sequence length: 800
Embedding dimension: 64
Feedforward dimension: 64
Encoder layers: 4
Decoder layers: 3
Attention heads: 4
Activation: relu
Dropout: 0.0
Trainable parameters: 285,474

Training started
X_train.shape: torch.Size([3052, 702])
Y_train.shape: torch.Size([3052, 7])
X_dev.shape: torch.Size([533, 266])
Y_dev.shape: torch.Size([533, 7])
Epochs: 500
Learning rate: 0.001
Weight decay: 0.0001
Epoch | Train                 | Development           | Minutes
      | Loss     | Error Rate | Loss     | Error Rate |
---------------------------------------------------------------
    1 |   1.7042 |     49.246 |   1.3388 |     43.746 |     0.1
    2 |   1.2978 |     44.599 |   1.2398 |     44.184 |     0.3
    3 |   1.2205 |     42.874 |   1.2005 |     43.183 |     0.4
    4 |   1.1774 |     42.120 |   1.1583 |     40.244 |     0.6
    5 |   1.1415 |     40.438 |   1.1586 |     41.276 |     0.7
    6 |   1.1036 |     38.761 |   1.1108 |     39.243 |     0.8
    7 |   1.0802 |     38.292 |   1.1095 |     39.024 |     1.0
    8 |   1.0497 |     37.533 |   1.0791 |     36.961 |     1.1
    9 |   1.0279 |     36.555 |   1.0478 |     36.210 |     1.2
   10 |   0.9957 |     35.534 |   1.0408 |     35.522 |     1.4
   11 |   0.9773 |     34.606 |   1.0446 |     37.117 |     1.5
   12 |   0.9580 |     33.901 |   1.0556 |     37.555 |     1.7
   13 |   0.9456 |     33.388 |   1.0187 |     35.178 |     1.8
   14 |   0.9242 |     32.498 |   1.0345 |     37.179 |     1.9
   15 |   0.9027 |     31.815 |   1.0066 |     34.803 |     2.1
   16 |   0.8850 |     31.247 |   1.0129 |     34.615 |     2.2
   17 |   0.8640 |     30.619 |   0.9968 |     33.927 |     2.4
   18 |   0.8508 |     30.002 |   1.0176 |     35.679 |     2.5
   19 |   0.8313 |     29.178 |   1.0299 |     35.741 |     2.6
   20 |   0.8203 |     29.118 |   1.0115 |     34.240 |     2.8
   21 |   0.8003 |     28.326 |   1.0146 |     34.740 |     2.9
   22 |   0.7897 |     27.965 |   0.9893 |     33.240 |     3.0
   23 |   0.7675 |     27.108 |   1.0142 |     33.990 |     3.2
   24 |   0.7590 |     26.676 |   1.0002 |     34.584 |     3.3
   25 |   0.7410 |     26.043 |   1.0212 |     34.678 |     3.5
   26 |   0.7222 |     25.568 |   1.0015 |     33.740 |     3.6
Early stopping

Model: Seq2Seq Transformer
Source index: <Seq2Seq Index with 44 items>
Target index: <Seq2Seq Index with 34 items>
Max sequence length: 800
Embedding dimension: 64
Feedforward dimension: 64
Encoder layers: 4
Decoder layers: 3
Attention heads: 4
Activation: relu
Dropout: 0.1
Trainable parameters: 285,474

Training started
X_train.shape: torch.Size([3052, 702])
Y_train.shape: torch.Size([3052, 7])
X_dev.shape: torch.Size([533, 266])
Y_dev.shape: torch.Size([533, 7])
Epochs: 500
Learning rate: 0.001
Weight decay: 1e-05
Epoch | Train                 | Development           | Minutes
      | Loss     | Error Rate | Loss     | Error Rate |
---------------------------------------------------------------
    1 |   1.7979 |     51.251 |   1.3524 |     43.871 |     0.1
    2 |   1.3499 |     45.244 |   1.2572 |     43.558 |     0.3
    3 |   1.2794 |     44.654 |   1.2075 |     43.183 |     0.5
    4 |   1.2482 |     44.059 |   1.1901 |     44.028 |     0.6
    5 |   1.2095 |     43.065 |   1.1643 |     41.964 |     0.8
    6 |   1.1932 |     42.404 |   1.1499 |     41.839 |     0.9
    7 |   1.1733 |     41.912 |   1.1425 |     40.369 |     1.1
    8 |   1.1521 |     41.022 |   1.1289 |     39.806 |     1.2
    9 |   1.1340 |     40.181 |   1.1012 |     39.212 |     1.4
   10 |   1.1132 |     39.482 |   1.0916 |     39.087 |     1.5
   11 |   1.0926 |     38.827 |   1.0932 |     38.086 |     1.7
   12 |   1.0849 |     38.450 |   1.0922 |     39.118 |     1.8
   13 |   1.0684 |     37.795 |   1.0632 |     37.774 |     2.0
   14 |   1.0527 |     37.631 |   1.0647 |     37.305 |     2.1
   15 |   1.0393 |     36.943 |   1.0555 |     37.086 |     2.3
   16 |   1.0249 |     36.457 |   1.0508 |     37.555 |     2.4
   17 |   1.0139 |     36.091 |   1.0463 |     36.898 |     2.6
   18 |   0.9988 |     35.474 |   1.0235 |     35.710 |     2.7
   19 |   0.9871 |     34.972 |   1.0443 |     36.867 |     2.9
   20 |   0.9704 |     34.606 |   1.0321 |     36.961 |     3.0
   21 |   0.9628 |     34.191 |   1.0289 |     36.398 |     3.2
   22 |   0.9418 |     33.268 |   1.0019 |     35.178 |     3.3
   23 |   0.9305 |     33.235 |   1.0235 |     36.241 |     3.5
   24 |   0.9124 |     32.673 |   1.0077 |     34.928 |     3.6
   25 |   0.8933 |     31.438 |   1.0407 |     37.148 |     3.8
   26 |   0.8763 |     31.253 |   1.0176 |     36.179 |     3.9
Early stopping

Model: Seq2Seq Transformer
Source index: <Seq2Seq Index with 44 items>
Target index: <Seq2Seq Index with 34 items>
Max sequence length: 800
Embedding dimension: 128
Feedforward dimension: 64
Encoder layers: 2
Decoder layers: 3
Attention heads: 4
Activation: relu
Dropout: 0.0
Trainable parameters: 731,874

Training started
X_train.shape: torch.Size([3052, 702])
Y_train.shape: torch.Size([3052, 7])
X_dev.shape: torch.Size([533, 266])
Y_dev.shape: torch.Size([533, 7])
Epochs: 500
Learning rate: 0.001
Weight decay: 1e-05
Epoch | Train                 | Development           | Minutes
      | Loss     | Error Rate | Loss     | Error Rate |
---------------------------------------------------------------
    1 |   1.5666 |     48.313 |   1.3009 |     43.465 |     0.1
    2 |   1.2517 |     42.710 |   1.1873 |     40.744 |     0.2
    3 |   1.1565 |     40.061 |   1.1182 |     38.055 |     0.3
    4 |   1.0779 |     37.467 |   1.0949 |     36.929 |     0.4
    5 |   1.0132 |     35.348 |   1.0527 |     36.148 |     0.5
    6 |   0.9699 |     33.574 |   1.0519 |     35.772 |     0.6
    7 |   0.9164 |     31.974 |   1.0262 |     35.147 |     0.7
    8 |   0.8628 |     29.784 |   1.0283 |     34.553 |     0.8
    9 |   0.8102 |     27.905 |   1.0422 |     35.647 |     0.9
   10 |   0.7591 |     26.038 |   1.0464 |     34.396 |     1.0
   11 |   0.7123 |     24.634 |   1.0448 |     34.115 |     1.1
Early stopping

Model: Seq2Seq Transformer
Source index: <Seq2Seq Index with 44 items>
Target index: <Seq2Seq Index with 34 items>
Max sequence length: 800
Embedding dimension: 128
Feedforward dimension: 64
Encoder layers: 2
Decoder layers: 2
Attention heads: 2
Activation: relu
Dropout: 0.2
Trainable parameters: 582,434

Training started
X_train.shape: torch.Size([3052, 702])
Y_train.shape: torch.Size([3052, 7])
X_dev.shape: torch.Size([533, 266])
Y_dev.shape: torch.Size([533, 7])
Epochs: 500
Learning rate: 0.0001
Weight decay: 1e-05
Epoch | Train                 | Development           | Minutes
      | Loss     | Error Rate | Loss     | Error Rate |
---------------------------------------------------------------
    1 |   2.5031 |     59.824 |   1.7014 |     45.904 |     0.1
    2 |   1.6920 |     46.904 |   1.4338 |     45.779 |     0.2
    3 |   1.4991 |     46.112 |   1.3682 |     45.091 |     0.2
    4 |   1.4296 |     45.675 |   1.3231 |     44.153 |     0.3
    5 |   1.3845 |     44.971 |   1.2965 |     44.246 |     0.4
    6 |   1.3580 |     44.708 |   1.2780 |     43.183 |     0.5
    7 |   1.3358 |     44.266 |   1.2549 |     41.370 |     0.5
    8 |   1.3133 |     43.556 |   1.2508 |     42.902 |     0.6
    9 |   1.2924 |     43.245 |   1.2502 |     42.745 |     0.7
   10 |   1.2771 |     42.895 |   1.2196 |     41.338 |     0.8
   11 |   1.2593 |     42.628 |   1.2184 |     40.869 |     0.9
   12 |   1.2401 |     41.907 |   1.2012 |     40.901 |     0.9
   13 |   1.2246 |     41.405 |   1.2003 |     40.369 |     1.0
   14 |   1.2135 |     41.082 |   1.1998 |     40.400 |     1.1
   15 |   1.2026 |     40.924 |   1.2124 |     40.869 |     1.2
   16 |   1.1889 |     40.378 |   1.1813 |     39.931 |     1.2
   17 |   1.1739 |     40.165 |   1.1717 |     39.431 |     1.3
   18 |   1.1637 |     39.777 |   1.1832 |     39.837 |     1.4
   19 |   1.1504 |     39.204 |   1.1973 |     40.244 |     1.5
   20 |   1.1405 |     39.138 |   1.1601 |     39.118 |     1.6
   21 |   1.1323 |     38.920 |   1.1662 |     39.306 |     1.6
   22 |   1.1228 |     38.565 |   1.1707 |     39.243 |     1.7
   23 |   1.1103 |     38.128 |   1.1760 |     39.431 |     1.8
   24 |   1.0968 |     37.844 |   1.1664 |     39.368 |     1.9
Early stopping

Model: Seq2Seq Transformer
Source index: <Seq2Seq Index with 44 items>
Target index: <Seq2Seq Index with 34 items>
Max sequence length: 800
Embedding dimension: 128
Feedforward dimension: 64
Encoder layers: 4
Decoder layers: 2
Attention heads: 4
Activation: relu
Dropout: 0.0
Trainable parameters: 748,706

Training started
X_train.shape: torch.Size([3052, 702])
Y_train.shape: torch.Size([3052, 7])
X_dev.shape: torch.Size([533, 266])
Y_dev.shape: torch.Size([533, 7])
Epochs: 500
Learning rate: 0.001
Weight decay: 1e-05
Epoch | Train                 | Development           | Minutes
      | Loss     | Error Rate | Loss     | Error Rate |
---------------------------------------------------------------
    1 |   1.5076 |     47.117 |   1.2773 |     44.340 |     0.2
    2 |   1.2395 |     43.474 |   1.1873 |     41.432 |     0.3
    3 |   1.1884 |     41.945 |   1.1747 |     42.245 |     0.5
    4 |   1.1354 |     40.656 |   1.1456 |     40.463 |     0.6
    5 |   1.1027 |     39.313 |   1.1301 |     40.619 |     0.8
    6 |   1.0740 |     38.352 |   1.0788 |     39.400 |     0.9
    7 |   1.0523 |     37.931 |   1.0796 |     38.086 |     1.1
    8 |   1.0281 |     37.129 |   1.0905 |     38.555 |     1.2
    9 |   1.0077 |     36.479 |   1.0473 |     36.961 |     1.4
   10 |   0.9833 |     35.452 |   1.0436 |     37.805 |     1.6
   11 |   0.9744 |     35.174 |   1.0586 |     36.116 |     1.7
   12 |   0.9662 |     34.950 |   1.0521 |     37.930 |     1.9
   13 |   0.9543 |     34.311 |   1.0561 |     37.961 |     2.0
   14 |   0.9477 |     34.262 |   1.0278 |     35.866 |     2.2
   15 |   0.9325 |     33.410 |   1.0083 |     35.710 |     2.3
   16 |   0.9142 |     32.711 |   1.0199 |     35.585 |     2.5
   17 |   0.9042 |     32.749 |   1.0252 |     36.116 |     2.6
   18 |   0.8929 |     32.001 |   0.9933 |     34.647 |     2.8
   19 |   0.8823 |     31.777 |   1.0070 |     35.553 |     3.0
   20 |   0.8724 |     30.794 |   1.0006 |     34.084 |     3.1
   21 |   0.8629 |     31.171 |   1.0032 |     34.866 |     3.3
   22 |   0.8603 |     30.969 |   1.0103 |     34.209 |     3.4
Early stopping

Model: Seq2Seq Transformer
Source index: <Seq2Seq Index with 44 items>
Target index: <Seq2Seq Index with 34 items>
Max sequence length: 800
Embedding dimension: 64
Feedforward dimension: 256
Encoder layers: 2
Decoder layers: 2
Attention heads: 4
Activation: relu
Dropout: 0.0
Trainable parameters: 292,130

Training started
X_train.shape: torch.Size([3052, 702])
Y_train.shape: torch.Size([3052, 7])
X_dev.shape: torch.Size([533, 266])
Y_dev.shape: torch.Size([533, 7])
Epochs: 500
Learning rate: 0.0001
Weight decay: 0.0001
Epoch | Train                 | Development           | Minutes
      | Loss     | Error Rate | Loss     | Error Rate |
---------------------------------------------------------------
    1 |   2.3426 |     53.391 |   1.8468 |     45.997 |     0.1
    2 |   1.7022 |     46.030 |   1.5867 |     44.622 |     0.2
    3 |   1.5304 |     45.287 |   1.4790 |     43.996 |     0.2
    4 |   1.4476 |     44.572 |   1.4088 |     43.371 |     0.3
    5 |   1.3913 |     43.605 |   1.3699 |     43.340 |     0.4
    6 |   1.3499 |     42.934 |   1.3398 |     42.902 |     0.5
    7 |   1.3159 |     42.508 |   1.3088 |     42.433 |     0.6
    8 |   1.2860 |     41.847 |   1.3111 |     42.308 |     0.6
    9 |   1.2612 |     41.290 |   1.2720 |     41.682 |     0.7
   10 |   1.2382 |     40.924 |   1.2781 |     41.807 |     0.8
   11 |   1.2162 |     40.744 |   1.2610 |     42.058 |     0.9
   12 |   1.1953 |     40.127 |   1.2384 |     41.401 |     1.0
   13 |   1.1766 |     39.739 |   1.2259 |     41.307 |     1.0
   14 |   1.1569 |     39.362 |   1.2191 |     41.682 |     1.1
   15 |   1.1380 |     38.707 |   1.2084 |     41.119 |     1.2
   16 |   1.1194 |     38.002 |   1.1804 |     39.587 |     1.3
   17 |   1.1005 |     37.232 |   1.1926 |     39.962 |     1.4
   18 |   1.0861 |     36.959 |   1.1708 |     38.899 |     1.4
   19 |   1.0680 |     36.086 |   1.1787 |     39.056 |     1.5
   20 |   1.0517 |     35.682 |   1.1296 |     37.680 |     1.6
   21 |   1.0326 |     35.103 |   1.1442 |     37.242 |     1.7
   22 |   1.0206 |     34.693 |   1.1485 |     37.930 |     1.7
   23 |   1.0078 |     34.284 |   1.1326 |     36.992 |     1.8
   24 |   0.9893 |     33.295 |   1.1296 |     36.836 |     1.9
   25 |   0.9764 |     32.929 |   1.1230 |     36.617 |     2.0
   26 |   0.9635 |     32.318 |   1.1065 |     36.085 |     2.1
   27 |   0.9519 |     31.995 |   1.1172 |     36.210 |     2.1
   28 |   0.9382 |     31.717 |   1.1167 |     35.772 |     2.2
   29 |   0.9268 |     31.138 |   1.1036 |     35.929 |     2.3
   30 |   0.9180 |     30.810 |   1.1064 |     36.460 |     2.4
   31 |   0.9015 |     30.308 |   1.1007 |     35.616 |     2.5
   32 |   0.8942 |     30.330 |   1.0994 |     35.647 |     2.5
   33 |   0.8850 |     29.844 |   1.0984 |     35.272 |     2.6
   34 |   0.8690 |     29.194 |   1.1207 |     35.960 |     2.7
   35 |   0.8594 |     29.052 |   1.1105 |     35.460 |     2.8
   36 |   0.8505 |     28.631 |   1.1066 |     34.866 |     2.9
   37 |   0.8368 |     27.938 |   1.1124 |     35.835 |     2.9
   38 |   0.8292 |     27.572 |   1.0896 |     34.615 |     3.0
   39 |   0.8168 |     27.408 |   1.1176 |     35.866 |     3.1
   40 |   0.8093 |     27.075 |   1.0968 |     34.678 |     3.2
   41 |   0.7985 |     26.797 |   1.1082 |     35.084 |     3.3
   42 |   0.7915 |     26.660 |   1.0979 |     34.834 |     3.3
Early stopping

Model: Seq2Seq Transformer
Source index: <Seq2Seq Index with 44 items>
Target index: <Seq2Seq Index with 34 items>
Max sequence length: 800
Embedding dimension: 128
Feedforward dimension: 256
Encoder layers: 4
Decoder layers: 4
Attention heads: 2
Activation: relu
Dropout: 0.0
Trainable parameters: 1,442,338

Training started
X_train.shape: torch.Size([3052, 702])
Y_train.shape: torch.Size([3052, 7])
X_dev.shape: torch.Size([533, 266])
Y_dev.shape: torch.Size([533, 7])
Epochs: 500
Learning rate: 0.001
Weight decay: 0.0001
Epoch | Train                 | Development           | Minutes
      | Loss     | Error Rate | Loss     | Error Rate |
---------------------------------------------------------------
    1 |   1.5325 |     48.225 |   1.2823 |     44.528 |     0.1
    2 |   1.2530 |     44.091 |   1.2066 |     42.808 |     0.3
    3 |   1.1945 |     42.682 |   1.1765 |     41.151 |     0.4
    4 |   1.1609 |     41.689 |   1.1540 |     41.651 |     0.6
    5 |   1.1337 |     40.760 |   1.1216 |     39.869 |     0.7
    6 |   1.1118 |     40.427 |   1.1194 |     39.775 |     0.9
    7 |   1.0958 |     39.389 |   1.1109 |     39.400 |     1.0
    8 |   1.0740 |     39.428 |   1.0870 |     39.212 |     1.2
    9 |   1.0544 |     38.363 |   1.1131 |     39.931 |     1.3
   10 |   1.0430 |     38.062 |   1.0646 |     38.024 |     1.5
   11 |   1.0294 |     37.560 |   1.0714 |     38.649 |     1.6
   12 |   1.0230 |     37.587 |   1.0605 |     37.617 |     1.8
   13 |   1.0109 |     36.959 |   1.0682 |     39.087 |     1.9
   14 |   1.0008 |     36.522 |   1.1048 |     39.337 |     2.1
   15 |   0.9851 |     35.556 |   1.0376 |     37.461 |     2.2
   16 |   0.9789 |     35.660 |   1.0768 |     39.400 |     2.3
   17 |   0.9627 |     35.283 |   1.0630 |     38.649 |     2.5
   18 |   0.9582 |     35.288 |   1.0640 |     38.399 |     2.6
   19 |   0.9483 |     34.404 |   1.0259 |     36.898 |     2.8
   20 |   0.9420 |     34.382 |   1.0612 |     38.180 |     2.9
   21 |   0.9232 |     33.530 |   1.0394 |     36.335 |     3.1
   22 |   0.9166 |     33.301 |   1.0253 |     35.491 |     3.2
   23 |   0.9034 |     32.694 |   1.0338 |     35.647 |     3.4
   24 |   0.8977 |     32.055 |   1.0332 |     35.897 |     3.5
   25 |   0.8844 |     32.148 |   1.0858 |     37.961 |     3.7
   26 |   0.8824 |     32.001 |   0.9961 |     34.021 |     3.8
   27 |   0.8636 |     31.335 |   1.0585 |     36.992 |     4.0
   28 |   0.8477 |     30.723 |   1.0569 |     36.116 |     4.1
   29 |   0.8440 |     30.384 |   1.0622 |     36.085 |     4.3
   30 |   0.8352 |     30.292 |   1.0384 |     36.023 |     4.4
Early stopping

Model: Seq2Seq Transformer
Source index: <Seq2Seq Index with 44 items>
Target index: <Seq2Seq Index with 34 items>
Max sequence length: 800
Embedding dimension: 64
Feedforward dimension: 128
Encoder layers: 2
Decoder layers: 3
Attention heads: 4
Activation: relu
Dropout: 0.0
Trainable parameters: 276,322

Training started
X_train.shape: torch.Size([3052, 702])
Y_train.shape: torch.Size([3052, 7])
X_dev.shape: torch.Size([533, 266])
Y_dev.shape: torch.Size([533, 7])
Epochs: 500
Learning rate: 0.0001
Weight decay: 1e-05
Epoch | Train                 | Development           | Minutes
      | Loss     | Error Rate | Loss     | Error Rate |
---------------------------------------------------------------
    1 |   2.5450 |     59.748 |   1.9498 |     46.029 |     0.1
    2 |   1.7474 |     46.041 |   1.6040 |     45.153 |     0.2
    3 |   1.5457 |     45.675 |   1.4818 |     44.246 |     0.3
    4 |   1.4554 |     44.621 |   1.4068 |     43.433 |     0.3
    5 |   1.4002 |     43.938 |   1.3833 |     43.215 |     0.4
    6 |   1.3563 |     43.534 |   1.3680 |     43.652 |     0.5
    7 |   1.3213 |     42.704 |   1.3435 |     42.839 |     0.6
    8 |   1.2882 |     42.125 |   1.3133 |     42.464 |     0.7
    9 |   1.2640 |     41.727 |   1.3204 |     42.214 |     0.8
   10 |   1.2338 |     41.050 |   1.2928 |     41.745 |     0.9
   11 |   1.2110 |     40.482 |   1.2673 |     41.745 |     0.9
   12 |   1.1865 |     39.821 |   1.2670 |     41.307 |     1.0
   13 |   1.1637 |     39.155 |   1.2366 |     40.775 |     1.1
   14 |   1.1450 |     38.871 |   1.2211 |     40.463 |     1.2
   15 |   1.1250 |     38.286 |   1.2188 |     40.775 |     1.3
   16 |   1.1081 |     37.849 |   1.2010 |     40.244 |     1.4
   17 |   1.0963 |     37.566 |   1.1785 |     40.150 |     1.5
   18 |   1.0795 |     36.714 |   1.1950 |     40.338 |     1.5
   19 |   1.0641 |     36.315 |   1.1896 |     39.775 |     1.6
   20 |   1.0532 |     36.009 |   1.1721 |     39.806 |     1.7
   21 |   1.0359 |     35.398 |   1.1487 |     38.993 |     1.8
   22 |   1.0262 |     34.933 |   1.1620 |     38.680 |     1.9
   23 |   1.0084 |     34.245 |   1.1293 |     37.711 |     2.0
   24 |   0.9997 |     34.027 |   1.1458 |     38.086 |     2.0
   25 |   0.9832 |     33.339 |   1.1211 |     37.305 |     2.1
   26 |   0.9705 |     32.924 |   1.1218 |     37.836 |     2.2
   27 |   0.9567 |     32.296 |   1.1322 |     37.492 |     2.3
   28 |   0.9433 |     32.083 |   1.1147 |     37.680 |     2.4
   29 |   0.9330 |     31.848 |   1.1025 |     36.804 |     2.5
   30 |   0.9226 |     31.400 |   1.1054 |     36.836 |     2.6
   31 |   0.9109 |     30.969 |   1.1390 |     37.492 |     2.6
   32 |   0.8974 |     30.559 |   1.1115 |     36.554 |     2.7
   33 |   0.8810 |     29.811 |   1.1253 |     37.086 |     2.8
   34 |   0.8725 |     29.543 |   1.0834 |     36.335 |     2.9
   35 |   0.8619 |     29.101 |   1.0930 |     36.648 |     3.0
   36 |   0.8538 |     28.921 |   1.1018 |     36.366 |     3.1
   37 |   0.8382 |     28.047 |   1.0995 |     36.585 |     3.2
   38 |   0.8321 |     28.189 |   1.1053 |     36.617 |     3.2
Early stopping

Model: Seq2Seq Transformer
Source index: <Seq2Seq Index with 44 items>
Target index: <Seq2Seq Index with 34 items>
Max sequence length: 800
Embedding dimension: 64
Feedforward dimension: 256
Encoder layers: 4
Decoder layers: 3
Attention heads: 2
Activation: relu
Dropout: 0.1
Trainable parameters: 458,850

Training started
X_train.shape: torch.Size([3052, 702])
Y_train.shape: torch.Size([3052, 7])
X_dev.shape: torch.Size([533, 266])
Y_dev.shape: torch.Size([533, 7])
Epochs: 500
Learning rate: 0.0001
Weight decay: 0.0001
Epoch | Train                 | Development           | Minutes
      | Loss     | Error Rate | Loss     | Error Rate |
---------------------------------------------------------------
    1 |   2.4485 |     59.087 |   1.7445 |     45.184 |     0.1
    2 |   1.7185 |     46.358 |   1.5366 |     45.278 |     0.2
    3 |   1.5630 |     45.932 |   1.4633 |     44.966 |     0.3
    4 |   1.4903 |     45.932 |   1.4095 |     43.965 |     0.4
    5 |   1.4390 |     44.927 |   1.3715 |     42.839 |     0.5
    6 |   1.4047 |     44.501 |   1.3430 |     43.871 |     0.7
    7 |   1.3697 |     44.020 |   1.3280 |     44.497 |     0.8
    8 |   1.3455 |     43.644 |   1.3061 |     43.965 |     0.9
    9 |   1.3220 |     43.316 |   1.2817 |     43.183 |     1.0
   10 |   1.3030 |     43.016 |   1.2698 |     42.527 |     1.1
   11 |   1.2858 |     42.808 |   1.2606 |     42.464 |     1.2
   12 |   1.2714 |     42.682 |   1.2492 |     42.527 |     1.3
   13 |   1.2541 |     42.344 |   1.2570 |     43.058 |     1.4
   14 |   1.2420 |     42.109 |   1.2373 |     42.370 |     1.5
   15 |   1.2283 |     41.432 |   1.2427 |     42.933 |     1.7
   16 |   1.2128 |     41.208 |   1.2329 |     42.745 |     1.8
   17 |   1.2050 |     40.979 |   1.2171 |     41.620 |     1.9
   18 |   1.1969 |     40.733 |   1.2019 |     41.620 |     2.0
   19 |   1.1870 |     40.405 |   1.2051 |     41.901 |     2.1
   20 |   1.1752 |     40.356 |   1.2066 |     41.307 |     2.2
   21 |   1.1647 |     39.684 |   1.2254 |     41.370 |     2.3
   22 |   1.1532 |     39.379 |   1.1688 |     40.306 |     2.4
   23 |   1.1412 |     39.089 |   1.1686 |     40.056 |     2.5
   24 |   1.1370 |     39.182 |   1.1642 |     40.275 |     2.6
   25 |   1.1216 |     38.527 |   1.1775 |     40.244 |     2.8
   26 |   1.1177 |     38.368 |   1.1641 |     39.681 |     2.9
   27 |   1.1109 |     38.248 |   1.1574 |     39.650 |     3.0
   28 |   1.1010 |     37.860 |   1.1374 |     38.649 |     3.1
   29 |   1.0898 |     37.609 |   1.1541 |     39.087 |     3.2
   30 |   1.0825 |     37.282 |   1.1567 |     40.181 |     3.3
   31 |   1.0752 |     36.938 |   1.1663 |     40.306 |     3.4
   32 |   1.0678 |     36.905 |   1.1523 |     39.400 |     3.5
   33 |   1.0595 |     36.413 |   1.1289 |     38.555 |     3.6
   34 |   1.0519 |     36.097 |   1.1487 |     39.525 |     3.8
   35 |   1.0472 |     36.178 |   1.1325 |     38.899 |     3.9
   36 |   1.0396 |     35.862 |   1.1204 |     38.399 |     4.0
   37 |   1.0325 |     35.665 |   1.1140 |     38.712 |     4.1
   38 |   1.0337 |     35.834 |   1.1200 |     38.430 |     4.2
   39 |   1.0211 |     35.381 |   1.1394 |     39.024 |     4.3
   40 |   1.0140 |     34.922 |   1.1159 |     38.086 |     4.4
   41 |   1.0049 |     34.611 |   1.0993 |     37.805 |     4.5
   42 |   1.0046 |     34.606 |   1.1384 |     38.712 |     4.6
   43 |   0.9954 |     34.043 |   1.1076 |     36.929 |     4.7
   44 |   0.9843 |     33.983 |   1.1137 |     37.649 |     4.9
   45 |   0.9801 |     33.710 |   1.0988 |     37.649 |     5.0
   46 |   0.9779 |     33.743 |   1.1093 |     38.180 |     5.1
   47 |   0.9736 |     33.628 |   1.1198 |     38.368 |     5.2
   48 |   0.9649 |     33.153 |   1.1143 |     38.180 |     5.3
   49 |   0.9623 |     33.208 |   1.1201 |     38.430 |     5.4
   50 |   0.9559 |     33.093 |   1.0982 |     37.742 |     5.5
   51 |   0.9461 |     32.678 |   1.0974 |     36.898 |     5.6
   52 |   0.9406 |     32.793 |   1.0867 |     37.086 |     5.7
   53 |   0.9360 |     32.438 |   1.0959 |     37.961 |     5.9
   54 |   0.9297 |     32.001 |   1.0979 |     37.148 |     6.0
   55 |   0.9261 |     32.039 |   1.0913 |     37.242 |     6.1
   56 |   0.9179 |     31.706 |   1.1080 |     37.805 |     6.2
Early stopping

Model: Seq2Seq Transformer
Source index: <Seq2Seq Index with 44 items>
Target index: <Seq2Seq Index with 34 items>
Max sequence length: 800
Embedding dimension: 64
Feedforward dimension: 256
Encoder layers: 4
Decoder layers: 3
Attention heads: 2
Activation: relu
Dropout: 0.2
Trainable parameters: 458,850

Training started
X_train.shape: torch.Size([3052, 702])
Y_train.shape: torch.Size([3052, 7])
X_dev.shape: torch.Size([533, 266])
Y_dev.shape: torch.Size([533, 7])
Epochs: 500
Learning rate: 0.001
Weight decay: 0.0001
Epoch | Train                 | Development           | Minutes
      | Loss     | Error Rate | Loss     | Error Rate |
---------------------------------------------------------------
    1 |   1.7160 |     49.394 |   1.3619 |     45.059 |     0.1
    2 |   1.3681 |     45.751 |   1.2627 |     43.277 |     0.2
    3 |   1.3150 |     45.358 |   1.2357 |     42.495 |     0.3
    4 |   1.2699 |     44.829 |   1.2093 |     43.246 |     0.4
    5 |   1.2515 |     44.419 |   1.1971 |     42.652 |     0.6
    6 |   1.2335 |     44.293 |   1.1984 |     42.558 |     0.7
    7 |   1.2220 |     43.753 |   1.1715 |     43.027 |     0.8
    8 |   1.2086 |     43.715 |   1.1725 |     42.276 |     0.9
    9 |   1.1993 |     43.174 |   1.1511 |     41.057 |     1.0
   10 |   1.1902 |     42.950 |   1.1631 |     41.682 |     1.1
   11 |   1.1857 |     43.026 |   1.1434 |     41.370 |     1.2
   12 |   1.1784 |     42.846 |   1.1327 |     40.306 |     1.3
   13 |   1.1682 |     42.256 |   1.1372 |     41.213 |     1.5
   14 |   1.1598 |     42.333 |   1.1273 |     40.807 |     1.6
   15 |   1.1582 |     42.584 |   1.1207 |     41.463 |     1.7
   16 |   1.1502 |     42.267 |   1.1168 |     40.588 |     1.8
   17 |   1.1493 |     42.147 |   1.1221 |     41.870 |     1.9
   18 |   1.1429 |     41.858 |   1.1090 |     41.182 |     2.0
   19 |   1.1385 |     41.912 |   1.1090 |     41.026 |     2.1
   20 |   1.1360 |     41.585 |   1.1074 |     39.900 |     2.2
   21 |   1.1375 |     41.885 |   1.1066 |     40.494 |     2.4
   22 |   1.1260 |     41.579 |   1.1074 |     41.870 |     2.5
   23 |   1.1271 |     41.787 |   1.1046 |     40.869 |     2.6
   24 |   1.1235 |     41.405 |   1.1121 |     41.745 |     2.7
   25 |   1.1262 |     41.792 |   1.1022 |     40.963 |     2.8
   26 |   1.1192 |     41.388 |   1.1023 |     40.588 |     2.9
   27 |   1.1156 |     41.295 |   1.1123 |     41.245 |     3.0
   28 |   1.1149 |     41.508 |   1.0994 |     40.400 |     3.1
   29 |   1.1108 |     41.142 |   1.1129 |     40.713 |     3.3
   30 |   1.1127 |     41.443 |   1.0943 |     41.057 |     3.4
   31 |   1.1070 |     41.721 |   1.0975 |     39.900 |     3.5
   32 |   1.1107 |     41.344 |   1.0910 |     40.713 |     3.6
   33 |   1.1061 |     41.383 |   1.0856 |     40.150 |     3.7
   34 |   1.1023 |     41.044 |   1.0884 |     39.994 |     3.8
   35 |   1.0983 |     40.640 |   1.0965 |     40.807 |     3.9
   36 |   1.0888 |     40.050 |   1.0802 |     39.744 |     4.0
   37 |   1.0839 |     39.794 |   1.0840 |     39.712 |     4.1
   38 |   1.0831 |     40.007 |   1.0761 |     39.275 |     4.3
   39 |   1.0780 |     39.739 |   1.0830 |     39.900 |     4.4
   40 |   1.0776 |     39.521 |   1.0677 |     38.899 |     4.5
   41 |   1.0705 |     39.335 |   1.0735 |     38.712 |     4.6
   42 |   1.0686 |     39.493 |   1.0797 |     38.743 |     4.7
   43 |   1.0635 |     39.062 |   1.0792 |     39.243 |     4.8
   44 |   1.0593 |     38.843 |   1.0712 |     38.462 |     4.9
   45 |   1.0624 |     39.111 |   1.0643 |     38.399 |     5.0
   46 |   1.0554 |     38.499 |   1.0771 |     38.931 |     5.1
   47 |   1.0507 |     38.854 |   1.0679 |     38.618 |     5.3
   48 |   1.0467 |     38.603 |   1.0714 |     38.743 |     5.4
   49 |   1.0434 |     38.057 |   1.0622 |     38.680 |     5.5
   50 |   1.0427 |     38.510 |   1.0691 |     38.368 |     5.6
   51 |   1.0405 |     38.144 |   1.0839 |     38.806 |     5.7
   52 |   1.0329 |     37.970 |   1.0695 |     38.211 |     5.8
   53 |   1.0338 |     37.702 |   1.0682 |     37.867 |     5.9
Early stopping

Model: Seq2Seq Transformer
Source index: <Seq2Seq Index with 44 items>
Target index: <Seq2Seq Index with 34 items>
Max sequence length: 800
Embedding dimension: 128
Feedforward dimension: 64
Encoder layers: 4
Decoder layers: 2
Attention heads: 4
Activation: relu
Dropout: 0.1
Trainable parameters: 748,706

Training started
X_train.shape: torch.Size([3052, 702])
Y_train.shape: torch.Size([3052, 7])
X_dev.shape: torch.Size([533, 266])
Y_dev.shape: torch.Size([533, 7])
Epochs: 500
Learning rate: 0.0001
Weight decay: 1e-05
Epoch | Train                 | Development           | Minutes
      | Loss     | Error Rate | Loss     | Error Rate |
---------------------------------------------------------------
    1 |   2.3519 |     60.791 |   1.6368 |     45.122 |     0.2
    2 |   1.5988 |     46.620 |   1.4282 |     45.184 |     0.3
    3 |   1.4538 |     45.915 |   1.3583 |     43.715 |     0.5
    4 |   1.3902 |     45.085 |   1.3252 |     44.153 |     0.7
    5 |   1.3479 |     44.381 |   1.2925 |     43.746 |     0.8
    6 |   1.3174 |     44.097 |   1.2705 |     42.839 |     1.0
    7 |   1.2848 |     43.087 |   1.2677 |     42.558 |     1.2
    8 |   1.2579 |     42.540 |   1.2217 |     41.057 |     1.3
    9 |   1.2286 |     41.792 |   1.2092 |     40.744 |     1.5
   10 |   1.2084 |     41.039 |   1.2138 |     40.994 |     1.7
   11 |   1.1921 |     40.367 |   1.2242 |     41.682 |     1.9
   12 |   1.1680 |     39.450 |   1.2159 |     41.213 |     2.0
   13 |   1.1482 |     38.974 |   1.1765 |     40.494 |     2.2
   14 |   1.1345 |     38.876 |   1.1674 |     39.806 |     2.4
   15 |   1.1109 |     37.751 |   1.1654 |     39.619 |     2.5
   16 |   1.0947 |     37.172 |   1.1457 |     38.837 |     2.7
   17 |   1.0767 |     36.664 |   1.1738 |     39.525 |     2.9
   18 |   1.0597 |     35.955 |   1.1357 |     38.336 |     3.0
   19 |   1.0491 |     35.496 |   1.1331 |     37.805 |     3.2
   20 |   1.0336 |     35.004 |   1.1419 |     38.243 |     3.4
   21 |   1.0144 |     34.251 |   1.1308 |     37.711 |     3.5
   22 |   1.0001 |     33.929 |   1.1357 |     37.430 |     3.7
   23 |   0.9844 |     33.295 |   1.1475 |     37.211 |     3.9
   24 |   0.9741 |     32.957 |   1.1466 |     37.649 |     4.0
   25 |   0.9590 |     32.760 |   1.1267 |     37.523 |     4.2
   26 |   0.9417 |     31.761 |   1.1267 |     36.617 |     4.4
   27 |   0.9373 |     31.597 |   1.1314 |     36.961 |     4.6
   28 |   0.9158 |     30.756 |   1.1114 |     35.866 |     4.7
   29 |   0.9068 |     30.477 |   1.1100 |     35.553 |     4.9
   30 |   0.8949 |     30.144 |   1.1394 |     36.460 |     5.1
   31 |   0.8800 |     29.860 |   1.1335 |     36.116 |     5.2
   32 |   0.8742 |     29.647 |   1.1478 |     36.804 |     5.4
   33 |   0.8612 |     29.172 |   1.1711 |     37.461 |     5.6
Early stopping

Model: Seq2Seq Transformer
Source index: <Seq2Seq Index with 44 items>
Target index: <Seq2Seq Index with 34 items>
Max sequence length: 800
Embedding dimension: 64
Feedforward dimension: 256
Encoder layers: 4
Decoder layers: 2
Attention heads: 2
Activation: relu
Dropout: 0.1
Trainable parameters: 392,098

Training started
X_train.shape: torch.Size([3052, 702])
Y_train.shape: torch.Size([3052, 7])
X_dev.shape: torch.Size([533, 266])
Y_dev.shape: torch.Size([533, 7])
Epochs: 500
Learning rate: 0.001
Weight decay: 0.0001
Epoch | Train                 | Development           | Minutes
      | Loss     | Error Rate | Loss     | Error Rate |
---------------------------------------------------------------
    1 |   1.6937 |     48.689 |   1.3320 |     44.590 |     0.1
    2 |   1.3322 |     45.440 |   1.2676 |     43.027 |     0.2
    3 |   1.2697 |     44.599 |   1.2218 |     42.777 |     0.3
    4 |   1.2382 |     44.097 |   1.1840 |     41.776 |     0.4
    5 |   1.2172 |     43.485 |   1.1682 |     42.026 |     0.5
    6 |   1.1934 |     43.048 |   1.1570 |     43.340 |     0.6
    7 |   1.1809 |     42.644 |   1.1482 |     41.651 |     0.7
    8 |   1.1636 |     42.240 |   1.1478 |     41.870 |     0.8
    9 |   1.1579 |     42.033 |   1.1326 |     40.807 |     0.9
   10 |   1.1520 |     42.196 |   1.1232 |     41.526 |     1.0
   11 |   1.1429 |     42.180 |   1.1240 |     41.432 |     1.1
   12 |   1.1348 |     41.639 |   1.1163 |     42.339 |     1.2
   13 |   1.1296 |     41.678 |   1.1118 |     40.775 |     1.3
   14 |   1.1291 |     41.607 |   1.1215 |     41.776 |     1.5
   15 |   1.1192 |     41.470 |   1.1052 |     41.151 |     1.6
   16 |   1.1203 |     41.574 |   1.1124 |     41.557 |     1.7
   17 |   1.1145 |     41.099 |   1.1039 |     40.463 |     1.8
   18 |   1.1109 |     41.066 |   1.0922 |     40.244 |     1.9
   19 |   1.1086 |     41.235 |   1.1009 |     40.432 |     2.0
   20 |   1.1046 |     41.257 |   1.0971 |     40.744 |     2.1
   21 |   1.1032 |     41.093 |   1.0974 |     40.557 |     2.2
   22 |   1.1020 |     41.263 |   1.0890 |     40.557 |     2.3
   23 |   1.0999 |     41.306 |   1.0912 |     40.213 |     2.4
   24 |   1.0968 |     40.875 |   1.0933 |     40.369 |     2.5
   25 |   1.0984 |     41.000 |   1.0914 |     40.338 |     2.6
   26 |   1.0947 |     40.673 |   1.1024 |     40.494 |     2.7
   27 |   1.0934 |     41.033 |   1.0853 |     40.869 |     2.8
   28 |   1.0970 |     41.241 |   1.0953 |     40.088 |     2.9
   29 |   1.0894 |     40.957 |   1.0853 |     40.557 |     3.0
   30 |   1.0903 |     40.815 |   1.1011 |     41.714 |     3.1
   31 |   1.0892 |     40.957 |   1.0779 |     40.619 |     3.2
   32 |   1.0826 |     40.924 |   1.0802 |     39.368 |     3.3
   33 |   1.0803 |     40.149 |   1.0769 |     39.712 |     3.4
   34 |   1.0714 |     39.455 |   1.0830 |     40.713 |     3.5
   35 |   1.0621 |     39.324 |   1.0855 |     38.993 |     3.6
   36 |   1.0566 |     38.838 |   1.0757 |     39.525 |     3.7
   37 |   1.0493 |     38.603 |   1.0815 |     39.118 |     3.8
   38 |   1.0443 |     38.461 |   1.0821 |     39.431 |     3.9
   39 |   1.0416 |     38.112 |   1.0839 |     40.150 |     4.0
   40 |   1.0371 |     38.057 |   1.0764 |     39.431 |     4.1
Early stopping

Model: Seq2Seq Transformer
Source index: <Seq2Seq Index with 44 items>
Target index: <Seq2Seq Index with 34 items>
Max sequence length: 800
Embedding dimension: 64
Feedforward dimension: 64
Encoder layers: 4
Decoder layers: 4
Attention heads: 2
Activation: relu
Dropout: 0.0
Trainable parameters: 327,458

Training started
X_train.shape: torch.Size([3052, 702])
Y_train.shape: torch.Size([3052, 7])
X_dev.shape: torch.Size([533, 266])
Y_dev.shape: torch.Size([533, 7])
Epochs: 500
Learning rate: 0.0001
Weight decay: 0.0001
Epoch | Train                 | Development           | Minutes
      | Loss     | Error Rate | Loss     | Error Rate |
---------------------------------------------------------------
    1 |   2.6289 |     63.226 |   1.9546 |     47.936 |     0.1
    2 |   1.7478 |     46.090 |   1.6100 |     45.153 |     0.2
    3 |   1.5567 |     45.773 |   1.4968 |     45.122 |     0.3
    4 |   1.4699 |     45.424 |   1.4359 |     45.091 |     0.4
    5 |   1.4139 |     45.134 |   1.3911 |     44.246 |     0.5
    6 |   1.3673 |     44.069 |   1.3552 |     44.309 |     0.6
    7 |   1.3279 |     43.048 |   1.3292 |     43.340 |     0.7
    8 |   1.2964 |     42.557 |   1.3165 |     43.871 |     0.8
    9 |   1.2721 |     42.098 |   1.2943 |     43.308 |     0.9
   10 |   1.2487 |     41.732 |   1.2734 |     41.839 |     1.0
   11 |   1.2202 |     40.624 |   1.2646 |     42.245 |     1.1
   12 |   1.2007 |     40.329 |   1.2270 |     41.151 |     1.2
   13 |   1.1845 |     39.897 |   1.2403 |     41.995 |     1.3
   14 |   1.1624 |     39.187 |   1.2358 |     40.932 |     1.4
   15 |   1.1493 |     39.051 |   1.1941 |     39.619 |     1.5
   16 |   1.1313 |     38.723 |   1.2343 |     40.807 |     1.7
   17 |   1.1185 |     37.888 |   1.2346 |     40.775 |     1.8
   18 |   1.1012 |     37.385 |   1.2203 |     40.994 |     1.9
   19 |   1.0900 |     37.161 |   1.1936 |     39.431 |     2.0
   20 |   1.0724 |     36.468 |   1.1996 |     38.899 |     2.1
   21 |   1.0614 |     36.102 |   1.1823 |     39.275 |     2.2
   22 |   1.0452 |     35.283 |   1.1723 |     39.869 |     2.3
   23 |   1.0338 |     34.999 |   1.1679 |     39.118 |     2.4
   24 |   1.0162 |     34.464 |   1.1738 |     39.243 |     2.5
   25 |   1.0047 |     34.131 |   1.1524 |     38.618 |     2.6
   26 |   0.9942 |     33.830 |   1.1586 |     38.618 |     2.7
   27 |   0.9862 |     33.415 |   1.1650 |     39.024 |     2.8
   28 |   0.9729 |     32.815 |   1.1268 |     37.086 |     2.9
   29 |   0.9555 |     32.394 |   1.1899 |     39.056 |     3.0
   30 |   0.9534 |     32.503 |   1.1376 |     37.961 |     3.1
   31 |   0.9406 |     31.913 |   1.1292 |     38.118 |     3.2
   32 |   0.9338 |     31.832 |   1.1470 |     38.243 |     3.3
Early stopping

