Model: Seq2Seq Transformer
Source index: <Seq2Seq Index with 45 items>
Target index: <Seq2Seq Index with 34 items>
Max sequence length: 800
Embedding dimension: 64
Feedforward dimension: 64
Encoder layers: 2
Decoder layers: 2
Attention heads: 4
Activation: relu
Dropout: 0.2
Trainable parameters: 193,122

Training started
X_train.shape: torch.Size([3034, 702])
Y_train.shape: torch.Size([3034, 7])
X_dev.shape: torch.Size([542, 350])
Y_dev.shape: torch.Size([542, 7])
Epochs: 500
Learning rate: 0.001
Weight decay: 1e-05
Epoch | Train                 | Development           | Minutes
      | Loss     | Error Rate | Loss     | Error Rate |
---------------------------------------------------------------
    1 |   1.7788 |     49.160 |   1.3914 |     46.556 |     0.1
    2 |   1.3722 |     45.567 |   1.3055 |     44.957 |     0.2
    3 |   1.3009 |     44.441 |   1.2466 |     43.727 |     0.2
    4 |   1.2538 |     43.078 |   1.2149 |     43.481 |     0.3
    5 |   1.2155 |     42.123 |   1.1847 |     40.775 |     0.4
    6 |   1.1956 |     41.397 |   1.1865 |     41.421 |     0.5
    7 |   1.1651 |     40.255 |   1.1502 |     40.191 |     0.6
    8 |   1.1392 |     39.491 |   1.1449 |     39.545 |     0.7
    9 |   1.1167 |     38.980 |   1.1309 |     38.684 |     0.7
   10 |   1.0898 |     37.360 |   1.1352 |     39.483 |     0.8
   11 |   1.0724 |     37.360 |   1.1190 |     38.161 |     0.9
   12 |   1.0494 |     36.217 |   1.1251 |     38.315 |     1.0
   13 |   1.0308 |     35.503 |   1.1233 |     38.223 |     1.1
   14 |   1.0042 |     34.586 |   1.1299 |     37.454 |     1.2
   15 |   0.9866 |     33.822 |   1.0961 |     37.515 |     1.2
   16 |   0.9668 |     33.328 |   1.0959 |     37.331 |     1.3
   17 |   0.9442 |     32.735 |   1.1357 |     38.530 |     1.4
   18 |   0.9257 |     31.867 |   1.1267 |     37.116 |     1.5
   19 |   0.9167 |     31.625 |   1.1071 |     36.039 |     1.6
   20 |   0.8898 |     30.806 |   1.1104 |     37.392 |     1.7
Early stopping

Model: Seq2Seq Transformer
Source index: <Seq2Seq Index with 45 items>
Target index: <Seq2Seq Index with 34 items>
Max sequence length: 800
Embedding dimension: 128
Feedforward dimension: 128
Encoder layers: 2
Decoder layers: 4
Attention heads: 4
Activation: relu
Dropout: 0.1
Trainable parameters: 980,130

Training started
X_train.shape: torch.Size([3034, 702])
Y_train.shape: torch.Size([3034, 7])
X_dev.shape: torch.Size([542, 350])
Y_dev.shape: torch.Size([542, 7])
Epochs: 500
Learning rate: 0.0001
Weight decay: 0.0001
Epoch | Train                 | Development           | Minutes
      | Loss     | Error Rate | Loss     | Error Rate |
---------------------------------------------------------------
    1 |   2.1623 |     54.746 |   1.5515 |     46.587 |     0.1
    2 |   1.5184 |     46.116 |   1.4109 |     45.572 |     0.2
    3 |   1.4101 |     44.930 |   1.3509 |     44.803 |     0.4
    4 |   1.3563 |     44.369 |   1.3212 |     43.850 |     0.5
    5 |   1.3127 |     43.326 |   1.2791 |     43.911 |     0.6
    6 |   1.2811 |     42.941 |   1.2597 |     43.235 |     0.7
    7 |   1.2526 |     42.194 |   1.2324 |     43.050 |     0.8
    8 |   1.2241 |     40.958 |   1.2087 |     41.421 |     1.0
    9 |   1.1973 |     40.326 |   1.1765 |     41.482 |     1.1
   10 |   1.1767 |     39.788 |   1.1642 |     40.806 |     1.2
   11 |   1.1556 |     39.288 |   1.1633 |     40.713 |     1.3
   12 |   1.1332 |     38.376 |   1.1463 |     39.699 |     1.4
   13 |   1.1128 |     37.799 |   1.1364 |     39.668 |     1.6
   14 |   1.0997 |     37.530 |   1.1039 |     38.684 |     1.7
   15 |   1.0753 |     36.459 |   1.1073 |     38.745 |     1.8
   16 |   1.0582 |     36.047 |   1.0923 |     37.884 |     1.9
   17 |   1.0437 |     35.355 |   1.0776 |     37.239 |     2.0
   18 |   1.0302 |     35.152 |   1.0657 |     36.654 |     2.2
   19 |   1.0145 |     34.498 |   1.0813 |     36.654 |     2.3
   20 |   0.9992 |     33.701 |   1.0684 |     37.269 |     2.4
   21 |   0.9781 |     33.020 |   1.0782 |     36.900 |     2.5
   22 |   0.9640 |     32.910 |   1.0657 |     36.224 |     2.7
Early stopping

Model: Seq2Seq Transformer
Source index: <Seq2Seq Index with 45 items>
Target index: <Seq2Seq Index with 34 items>
Max sequence length: 800
Embedding dimension: 128
Feedforward dimension: 128
Encoder layers: 4
Decoder layers: 4
Attention heads: 4
Activation: relu
Dropout: 0.2
Trainable parameters: 1,179,298

Training started
X_train.shape: torch.Size([3034, 702])
Y_train.shape: torch.Size([3034, 7])
X_dev.shape: torch.Size([542, 350])
Y_dev.shape: torch.Size([542, 7])
Epochs: 500
Learning rate: 0.001
Weight decay: 1e-05
Epoch | Train                 | Development           | Minutes
      | Loss     | Error Rate | Loss     | Error Rate |
---------------------------------------------------------------
    1 |   1.6984 |     50.357 |   1.3728 |     46.494 |     0.2
    2 |   1.3626 |     45.831 |   1.3140 |     47.817 |     0.4
    3 |   1.3129 |     45.820 |   1.2904 |     46.125 |     0.6
    4 |   1.2704 |     44.721 |   1.2337 |     44.004 |     0.8
    5 |   1.2576 |     44.485 |   1.2422 |     44.188 |     1.0
    6 |   1.2318 |     43.957 |   1.2045 |     42.097 |     1.2
    7 |   1.2172 |     43.683 |   1.1879 |     42.589 |     1.4
    8 |   1.2022 |     43.029 |   1.1699 |     41.667 |     1.6
    9 |   1.1905 |     42.326 |   1.1858 |     41.759 |     1.8
   10 |   1.1748 |     41.485 |   1.1611 |     42.066 |     2.0
   11 |   1.1589 |     40.920 |   1.1413 |     41.113 |     2.1
   12 |   1.1458 |     40.771 |   1.1475 |     41.175 |     2.4
   13 |   1.1353 |     40.617 |   1.1279 |     40.590 |     2.5
   14 |   1.1305 |     40.513 |   1.1324 |     41.974 |     2.7
   15 |   1.1167 |     40.118 |   1.1114 |     40.406 |     2.9
   16 |   1.1099 |     39.332 |   1.1155 |     41.021 |     3.1
   17 |   1.0959 |     39.085 |   1.1207 |     40.621 |     3.3
   18 |   1.0929 |     39.167 |   1.1114 |     40.560 |     3.5
   19 |   1.0803 |     38.843 |   1.1061 |     39.576 |     3.7
   20 |   1.0685 |     38.420 |   1.1098 |     40.437 |     3.9
   21 |   1.0701 |     38.222 |   1.0840 |     40.498 |     4.1
   22 |   1.0628 |     37.964 |   1.0804 |     39.576 |     4.3
   23 |   1.0545 |     38.189 |   1.1015 |     39.945 |     4.5
   24 |   1.0476 |     37.876 |   1.0927 |     38.776 |     4.7
   25 |   1.0368 |     37.382 |   1.0789 |     39.453 |     4.9
   26 |   1.0262 |     37.135 |   1.0620 |     37.761 |     5.1
   27 |   1.0196 |     37.113 |   1.0802 |     38.284 |     5.3
   28 |   1.0103 |     36.717 |   1.0987 |     39.945 |     5.5
   29 |   1.0083 |     36.245 |   1.0847 |     39.053 |     5.7
   30 |   0.9997 |     35.998 |   1.0873 |     39.084 |     5.9
Early stopping

Model: Seq2Seq Transformer
Source index: <Seq2Seq Index with 45 items>
Target index: <Seq2Seq Index with 34 items>
Max sequence length: 800
Embedding dimension: 64
Feedforward dimension: 64
Encoder layers: 4
Decoder layers: 3
Attention heads: 4
Activation: relu
Dropout: 0.2
Trainable parameters: 285,538

Training started
X_train.shape: torch.Size([3034, 702])
Y_train.shape: torch.Size([3034, 7])
X_dev.shape: torch.Size([542, 350])
Y_dev.shape: torch.Size([542, 7])
Epochs: 500
Learning rate: 0.0001
Weight decay: 1e-05
Epoch | Train                 | Development           | Minutes
      | Loss     | Error Rate | Loss     | Error Rate |
---------------------------------------------------------------
    1 |   2.9184 |     72.594 |   2.2805 |     51.722 |     0.2
    2 |   2.1837 |     49.138 |   1.7588 |     46.556 |     0.3
    3 |   1.8019 |     46.237 |   1.5764 |     46.556 |     0.5
    4 |   1.6354 |     46.204 |   1.4962 |     46.248 |     0.6
    5 |   1.5531 |     45.897 |   1.4517 |     45.726 |     0.8
    6 |   1.5028 |     46.034 |   1.4208 |     45.941 |     0.9
    7 |   1.4603 |     45.682 |   1.3949 |     45.633 |     1.1
    8 |   1.4367 |     45.490 |   1.3707 |     45.972 |     1.2
    9 |   1.4103 |     45.347 |   1.3521 |     45.326 |     1.4
   10 |   1.3851 |     44.930 |   1.3332 |     44.957 |     1.5
   11 |   1.3730 |     44.869 |   1.3206 |     44.680 |     1.7
   12 |   1.3593 |     45.007 |   1.3094 |     44.188 |     1.9
   13 |   1.3442 |     44.463 |   1.3022 |     44.157 |     2.0
   14 |   1.3286 |     44.155 |   1.2950 |     44.434 |     2.2
   15 |   1.3253 |     44.199 |   1.2826 |     44.465 |     2.3
   16 |   1.3134 |     43.809 |   1.2872 |     44.342 |     2.5
   17 |   1.2967 |     43.271 |   1.2718 |     44.219 |     2.6
   18 |   1.2925 |     43.436 |   1.2609 |     43.512 |     2.8
   19 |   1.2837 |     42.952 |   1.2622 |     44.127 |     2.9
   20 |   1.2730 |     42.606 |   1.2585 |     43.911 |     3.1
   21 |   1.2663 |     42.458 |   1.2482 |     43.327 |     3.3
   22 |   1.2526 |     42.079 |   1.2344 |     42.651 |     3.4
   23 |   1.2471 |     42.216 |   1.2386 |     43.266 |     3.6
   24 |   1.2428 |     42.051 |   1.2328 |     42.866 |     3.7
   25 |   1.2325 |     41.612 |   1.2389 |     43.112 |     3.9
   26 |   1.2230 |     41.397 |   1.2351 |     42.774 |     4.0
   27 |   1.2182 |     41.315 |   1.2341 |     42.558 |     4.2
   28 |   1.2134 |     41.447 |   1.2330 |     42.497 |     4.3
Early stopping

Model: Seq2Seq Transformer
Source index: <Seq2Seq Index with 45 items>
Target index: <Seq2Seq Index with 34 items>
Max sequence length: 800
Embedding dimension: 128
Feedforward dimension: 64
Encoder layers: 4
Decoder layers: 3
Attention heads: 2
Activation: relu
Dropout: 0.1
Trainable parameters: 898,274

Training started
X_train.shape: torch.Size([3034, 702])
Y_train.shape: torch.Size([3034, 7])
X_dev.shape: torch.Size([542, 350])
Y_dev.shape: torch.Size([542, 7])
Epochs: 500
Learning rate: 0.0001
Weight decay: 1e-05
Epoch | Train                 | Development           | Minutes
      | Loss     | Error Rate | Loss     | Error Rate |
---------------------------------------------------------------
    1 |   2.4160 |     61.009 |   1.6583 |     47.263 |     0.1
    2 |   1.5838 |     45.924 |   1.4454 |     45.018 |     0.3
    3 |   1.4426 |     45.380 |   1.3688 |     45.203 |     0.4
    4 |   1.3759 |     44.358 |   1.3295 |     43.911 |     0.6
    5 |   1.3348 |     43.771 |   1.3088 |     44.803 |     0.7
    6 |   1.2946 |     42.617 |   1.2712 |     43.973 |     0.9
    7 |   1.2679 |     41.914 |   1.2546 |     43.266 |     1.0
    8 |   1.2410 |     41.178 |   1.2212 |     41.267 |     1.2
    9 |   1.2171 |     41.079 |   1.2147 |     42.036 |     1.3
   10 |   1.1954 |     40.167 |   1.2173 |     41.820 |     1.5
   11 |   1.1818 |     40.074 |   1.1961 |     41.390 |     1.6
   12 |   1.1649 |     39.601 |   1.1801 |     40.467 |     1.7
   13 |   1.1481 |     39.189 |   1.1686 |     40.775 |     1.9
   14 |   1.1324 |     38.459 |   1.1543 |     39.514 |     2.0
   15 |   1.1185 |     38.134 |   1.1439 |     39.299 |     2.2
   16 |   1.0981 |     37.217 |   1.1748 |     40.406 |     2.3
   17 |   1.0831 |     36.827 |   1.1518 |     39.822 |     2.5
   18 |   1.0747 |     36.536 |   1.1289 |     38.253 |     2.6
   19 |   1.0585 |     35.794 |   1.1249 |     38.130 |     2.8
   20 |   1.0421 |     35.168 |   1.0919 |     36.839 |     2.9
   21 |   1.0375 |     34.915 |   1.1087 |     37.146 |     3.1
   22 |   1.0191 |     34.668 |   1.1249 |     37.854 |     3.2
   23 |   1.0045 |     33.965 |   1.0877 |     36.101 |     3.4
   24 |   0.9894 |     33.399 |   1.0878 |     37.085 |     3.5
   25 |   0.9812 |     33.075 |   1.0947 |     36.685 |     3.6
   26 |   0.9670 |     32.696 |   1.0860 |     37.208 |     3.8
   27 |   0.9573 |     32.498 |   1.0700 |     35.793 |     3.9
   28 |   0.9472 |     32.202 |   1.0467 |     34.686 |     4.1
   29 |   0.9330 |     31.663 |   1.0818 |     35.732 |     4.2
   30 |   0.9200 |     31.317 |   1.0940 |     36.132 |     4.4
   31 |   0.9106 |     30.570 |   1.0596 |     34.994 |     4.5
   32 |   0.8971 |     30.307 |   1.0751 |     36.162 |     4.7
Early stopping

Model: Seq2Seq Transformer
Source index: <Seq2Seq Index with 45 items>
Target index: <Seq2Seq Index with 34 items>
Max sequence length: 800
Embedding dimension: 128
Feedforward dimension: 128
Encoder layers: 4
Decoder layers: 4
Attention heads: 2
Activation: relu
Dropout: 0.0
Trainable parameters: 1,179,298

Training started
X_train.shape: torch.Size([3034, 702])
Y_train.shape: torch.Size([3034, 7])
X_dev.shape: torch.Size([542, 350])
Y_dev.shape: torch.Size([542, 7])
Epochs: 500
Learning rate: 0.001
Weight decay: 1e-05
Epoch | Train                 | Development           | Minutes
      | Loss     | Error Rate | Loss     | Error Rate |
---------------------------------------------------------------
    1 |   1.5789 |     48.819 |   1.3344 |     47.232 |     0.1
    2 |   1.2676 |     44.512 |   1.2546 |     43.850 |     0.3
    3 |   1.2153 |     43.304 |   1.2136 |     43.512 |     0.4
    4 |   1.1876 |     43.024 |   1.1892 |     43.081 |     0.6
    5 |   1.1572 |     42.007 |   1.1718 |     43.020 |     0.7
    6 |   1.1421 |     41.799 |   1.1590 |     42.097 |     0.9
    7 |   1.1330 |     41.408 |   1.1316 |     41.298 |     1.0
    8 |   1.1216 |     41.403 |   1.1516 |     43.112 |     1.2
    9 |   1.1132 |     41.018 |   1.1321 |     41.236 |     1.3
   10 |   1.1046 |     41.156 |   1.1195 |     41.544 |     1.5
   11 |   1.1437 |     42.090 |   1.1813 |     42.312 |     1.6
   12 |   1.1310 |     42.139 |   1.1243 |     41.759 |     1.8
   13 |   1.1001 |     41.452 |   1.1204 |     41.636 |     1.9
   14 |   1.0905 |     41.343 |   1.1067 |     41.851 |     2.1
   15 |   1.0838 |     40.639 |   1.1136 |     41.728 |     2.2
   16 |   1.0793 |     40.705 |   1.1156 |     42.374 |     2.4
   17 |   1.0739 |     40.595 |   1.1014 |     41.175 |     2.5
   18 |   1.0751 |     40.744 |   1.1087 |     42.343 |     2.7
   19 |   1.0770 |     40.920 |   1.0992 |     41.359 |     2.8
   20 |   1.0720 |     40.716 |   1.0910 |     41.113 |     3.0
   21 |   1.0692 |     40.519 |   1.1027 |     41.759 |     3.1
   22 |   1.0651 |     40.414 |   1.1091 |     40.959 |     3.3
   23 |   1.0673 |     40.387 |   1.1054 |     42.159 |     3.4
   24 |   1.0711 |     40.601 |   1.1070 |     42.159 |     3.5
Early stopping

Model: Seq2Seq Transformer
Source index: <Seq2Seq Index with 45 items>
Target index: <Seq2Seq Index with 34 items>
Max sequence length: 800
Embedding dimension: 64
Feedforward dimension: 128
Encoder layers: 4
Decoder layers: 3
Attention heads: 2
Activation: relu
Dropout: 0.0
Trainable parameters: 343,330

Training started
X_train.shape: torch.Size([3034, 702])
Y_train.shape: torch.Size([3034, 7])
X_dev.shape: torch.Size([542, 350])
Y_dev.shape: torch.Size([542, 7])
Epochs: 500
Learning rate: 0.0001
Weight decay: 0.0001
Epoch | Train                 | Development           | Minutes
      | Loss     | Error Rate | Loss     | Error Rate |
---------------------------------------------------------------
    1 |   2.4579 |     58.081 |   1.8610 |     47.448 |     0.1
    2 |   1.6848 |     45.875 |   1.6041 |     46.525 |     0.2
    3 |   1.5318 |     45.501 |   1.5007 |     46.464 |     0.3
    4 |   1.4500 |     44.996 |   1.4428 |     45.879 |     0.4
    5 |   1.3956 |     44.864 |   1.3956 |     45.664 |     0.5
    6 |   1.3517 |     43.683 |   1.3614 |     45.111 |     0.6
    7 |   1.3159 |     42.991 |   1.3286 |     43.635 |     0.7
    8 |   1.2881 |     42.557 |   1.3204 |     44.096 |     0.8
    9 |   1.2630 |     41.930 |   1.2790 |     43.266 |     0.9
   10 |   1.2390 |     41.518 |   1.2703 |     42.528 |     1.0
   11 |   1.2197 |     41.244 |   1.2502 |     42.497 |     1.1
   12 |   1.2011 |     40.689 |   1.2281 |     41.851 |     1.3
   13 |   1.1796 |     39.920 |   1.2234 |     41.882 |     1.4
   14 |   1.1617 |     39.370 |   1.2159 |     41.451 |     1.5
   15 |   1.1447 |     38.827 |   1.2146 |     41.544 |     1.6
   16 |   1.1328 |     38.519 |   1.1712 |     40.283 |     1.7
   17 |   1.1147 |     37.865 |   1.1837 |     40.621 |     1.8
   18 |   1.1005 |     37.217 |   1.1802 |     39.914 |     1.9
   19 |   1.0896 |     36.871 |   1.1615 |     39.637 |     2.0
   20 |   1.0741 |     36.750 |   1.1682 |     40.068 |     2.1
   21 |   1.0611 |     35.915 |   1.1843 |     39.883 |     2.2
   22 |   1.0513 |     36.085 |   1.1499 |     38.499 |     2.3
   23 |   1.0378 |     35.168 |   1.1580 |     39.514 |     2.4
   24 |   1.0224 |     34.707 |   1.1407 |     39.237 |     2.5
   25 |   1.0126 |     34.317 |   1.1392 |     39.237 |     2.6
   26 |   1.0033 |     33.932 |   1.1173 |     38.499 |     2.7
   27 |   0.9914 |     33.685 |   1.1390 |     39.514 |     2.8
   28 |   0.9850 |     33.465 |   1.1274 |     39.022 |     2.9
   29 |   0.9695 |     32.784 |   1.1177 |     37.608 |     3.0
   30 |   0.9633 |     32.553 |   1.1288 |     38.684 |     3.1
   31 |   0.9515 |     32.048 |   1.1093 |     38.499 |     3.2
   32 |   0.9367 |     31.834 |   1.1024 |     38.038 |     3.3
   33 |   0.9263 |     31.422 |   1.0987 |     37.116 |     3.4
   34 |   0.9176 |     31.229 |   1.0945 |     37.638 |     3.5
   35 |   0.9104 |     30.642 |   1.0948 |     37.423 |     3.6
   36 |   0.9004 |     30.576 |   1.0829 |     37.300 |     3.7
   37 |   0.8892 |     30.224 |   1.0897 |     36.593 |     3.8
   38 |   0.8815 |     30.015 |   1.0971 |     37.208 |     3.9
   39 |   0.8752 |     29.537 |   1.0772 |     36.685 |     4.0
   40 |   0.8636 |     29.395 |   1.0715 |     36.162 |     4.1
   41 |   0.8615 |     29.345 |   1.0635 |     36.562 |     4.2
   42 |   0.8492 |     28.829 |   1.0384 |     35.455 |     4.3
   43 |   0.8399 |     28.428 |   1.0832 |     36.716 |     4.4
   44 |   0.8303 |     28.258 |   1.1035 |     36.224 |     4.5
   45 |   0.8242 |     28.038 |   1.0738 |     35.517 |     4.6
   46 |   0.8155 |     27.461 |   1.0652 |     35.670 |     4.7
Early stopping

Model: Seq2Seq Transformer
Source index: <Seq2Seq Index with 45 items>
Target index: <Seq2Seq Index with 34 items>
Max sequence length: 800
Embedding dimension: 64
Feedforward dimension: 256
Encoder layers: 2
Decoder layers: 4
Attention heads: 4
Activation: relu
Dropout: 0.0
Trainable parameters: 425,698

Training started
X_train.shape: torch.Size([3034, 702])
Y_train.shape: torch.Size([3034, 7])
X_dev.shape: torch.Size([542, 350])
Y_dev.shape: torch.Size([542, 7])
Epochs: 500
Learning rate: 0.001
Weight decay: 0.0001
Epoch | Train                 | Development           | Minutes
      | Loss     | Error Rate | Loss     | Error Rate |
---------------------------------------------------------------
    1 |   1.5995 |     47.935 |   1.3419 |     44.619 |     0.1
    2 |   1.2609 |     43.408 |   1.2220 |     42.620 |     0.2
    3 |   1.1833 |     41.205 |   1.1505 |     39.945 |     0.3
    4 |   1.1201 |     39.151 |   1.1490 |     40.098 |     0.4
    5 |   1.0659 |     37.761 |   1.0883 |     39.391 |     0.5
    6 |   1.0233 |     36.129 |   1.0496 |     36.624 |     0.6
    7 |   0.9864 |     34.525 |   1.0565 |     36.531 |     0.7
    8 |   0.9425 |     33.020 |   1.0415 |     36.839 |     0.8
    9 |   0.9093 |     31.718 |   1.0319 |     35.455 |     0.9
   10 |   0.8745 |     30.307 |   0.9922 |     33.303 |     1.0
   11 |   0.8432 |     29.477 |   1.0010 |     33.702 |     1.1
   12 |   0.8038 |     27.939 |   1.0603 |     34.686 |     1.2
   13 |   0.7621 |     26.511 |   1.0394 |     33.702 |     1.3
   14 |   0.7241 |     25.170 |   1.0229 |     32.688 |     1.4
Early stopping

Model: Seq2Seq Transformer
Source index: <Seq2Seq Index with 45 items>
Target index: <Seq2Seq Index with 34 items>
Max sequence length: 800
Embedding dimension: 64
Feedforward dimension: 128
Encoder layers: 2
Decoder layers: 3
Attention heads: 2
Activation: relu
Dropout: 0.0
Trainable parameters: 276,386

Training started
X_train.shape: torch.Size([3034, 702])
Y_train.shape: torch.Size([3034, 7])
X_dev.shape: torch.Size([542, 350])
Y_dev.shape: torch.Size([542, 7])
Epochs: 500
Learning rate: 0.0001
Weight decay: 0.0001
Epoch | Train                 | Development           | Minutes
      | Loss     | Error Rate | Loss     | Error Rate |
---------------------------------------------------------------
    1 |   2.4979 |     59.795 |   1.8809 |     47.294 |     0.1
    2 |   1.6861 |     45.940 |   1.5951 |     46.556 |     0.1
    3 |   1.5293 |     45.622 |   1.5098 |     46.556 |     0.2
    4 |   1.4475 |     44.611 |   1.4345 |     45.080 |     0.2
    5 |   1.3921 |     43.765 |   1.3931 |     45.018 |     0.3
    6 |   1.3485 |     43.265 |   1.3620 |     45.387 |     0.4
    7 |   1.3129 |     42.320 |   1.3186 |     42.774 |     0.4
    8 |   1.2811 |     41.579 |   1.2923 |     42.220 |     0.5
    9 |   1.2533 |     40.925 |   1.2888 |     43.389 |     0.6
   10 |   1.2270 |     40.381 |   1.2492 |     42.159 |     0.6
   11 |   1.2046 |     39.876 |   1.2468 |     42.835 |     0.7
   12 |   1.1861 |     39.497 |   1.2338 |     42.097 |     0.8
   13 |   1.1670 |     39.079 |   1.2234 |     42.097 |     0.8
   14 |   1.1511 |     38.530 |   1.2033 |     41.144 |     0.9
   15 |   1.1328 |     38.008 |   1.1972 |     40.560 |     1.0
   16 |   1.1207 |     37.838 |   1.1923 |     41.205 |     1.0
   17 |   1.1052 |     37.069 |   1.1535 |     39.945 |     1.1
   18 |   1.0897 |     36.613 |   1.1610 |     39.330 |     1.2
   19 |   1.0782 |     36.151 |   1.1417 |     38.899 |     1.2
   20 |   1.0653 |     35.761 |   1.1450 |     39.514 |     1.3
   21 |   1.0534 |     35.536 |   1.1126 |     38.038 |     1.4
   22 |   1.0399 |     35.091 |   1.1040 |     37.977 |     1.4
   23 |   1.0263 |     34.663 |   1.1048 |     37.977 |     1.5
   24 |   1.0128 |     34.069 |   1.0923 |     37.392 |     1.6
   25 |   1.0049 |     34.047 |   1.0925 |     36.747 |     1.6
   26 |   0.9926 |     33.465 |   1.1154 |     37.884 |     1.7
   27 |   0.9819 |     33.059 |   1.0925 |     37.915 |     1.8
   28 |   0.9716 |     32.542 |   1.0748 |     36.993 |     1.8
   29 |   0.9589 |     32.350 |   1.0771 |     37.085 |     1.9
   30 |   0.9503 |     32.141 |   1.0582 |     36.439 |     2.0
   31 |   0.9429 |     31.779 |   1.0837 |     37.300 |     2.0
   32 |   0.9329 |     31.658 |   1.0661 |     36.285 |     2.1
   33 |   0.9207 |     31.021 |   1.0618 |     36.070 |     2.2
   34 |   0.9107 |     30.603 |   1.0694 |     36.224 |     2.2
Early stopping

Model: Seq2Seq Transformer
Source index: <Seq2Seq Index with 45 items>
Target index: <Seq2Seq Index with 34 items>
Max sequence length: 800
Embedding dimension: 128
Feedforward dimension: 256
Encoder layers: 4
Decoder layers: 3
Attention heads: 4
Activation: relu
Dropout: 0.2
Trainable parameters: 1,243,682

Training started
X_train.shape: torch.Size([3034, 702])
Y_train.shape: torch.Size([3034, 7])
X_dev.shape: torch.Size([542, 350])
Y_dev.shape: torch.Size([542, 7])
Epochs: 500
Learning rate: 0.0001
Weight decay: 1e-05
Epoch | Train                 | Development           | Minutes
      | Loss     | Error Rate | Loss     | Error Rate |
---------------------------------------------------------------
    1 |   2.2336 |     54.757 |   1.5861 |     46.894 |     0.2
    2 |   1.5793 |     46.116 |   1.4541 |     46.494 |     0.4
    3 |   1.4669 |     46.039 |   1.3978 |     46.218 |     0.6
    4 |   1.4056 |     45.397 |   1.3666 |     46.187 |     0.8
    5 |   1.3626 |     45.083 |   1.3360 |     45.510 |     1.0
    6 |   1.3326 |     44.216 |   1.3063 |     44.895 |     1.2
    7 |   1.3068 |     43.556 |   1.2895 |     44.096 |     1.3
    8 |   1.2816 |     42.969 |   1.2670 |     42.620 |     1.5
    9 |   1.2572 |     42.375 |   1.2655 |     42.497 |     1.7
   10 |   1.2424 |     41.809 |   1.2382 |     41.697 |     1.9
   11 |   1.2213 |     41.518 |   1.2600 |     42.220 |     2.1
   12 |   1.2042 |     41.007 |   1.2236 |     41.421 |     2.3
   13 |   1.1819 |     40.041 |   1.2017 |     41.267 |     2.5
   14 |   1.1707 |     39.914 |   1.2245 |     41.544 |     2.7
   15 |   1.1551 |     39.491 |   1.2485 |     42.528 |     2.9
   16 |   1.1455 |     39.453 |   1.1884 |     41.175 |     3.1
   17 |   1.1264 |     38.788 |   1.2225 |     41.574 |     3.3
   18 |   1.1130 |     38.069 |   1.2105 |     41.359 |     3.5
   19 |   1.0983 |     37.668 |   1.2292 |     41.421 |     3.7
   20 |   1.0858 |     36.964 |   1.2213 |     40.959 |     3.8
Early stopping

Model: Seq2Seq Transformer
Source index: <Seq2Seq Index with 45 items>
Target index: <Seq2Seq Index with 34 items>
Max sequence length: 800
Embedding dimension: 128
Feedforward dimension: 64
Encoder layers: 4
Decoder layers: 2
Attention heads: 2
Activation: relu
Dropout: 0.1
Trainable parameters: 748,834

Training started
X_train.shape: torch.Size([3034, 702])
Y_train.shape: torch.Size([3034, 7])
X_dev.shape: torch.Size([542, 350])
Y_dev.shape: torch.Size([542, 7])
Epochs: 500
Learning rate: 0.0001
Weight decay: 0.0001
Epoch | Train                 | Development           | Minutes
      | Loss     | Error Rate | Loss     | Error Rate |
---------------------------------------------------------------
    1 |   2.3141 |     55.916 |   1.6982 |     48.801 |     0.1
    2 |   1.6169 |     46.281 |   1.4701 |     46.525 |     0.3
    3 |   1.4592 |     45.446 |   1.3957 |     45.572 |     0.4
    4 |   1.3931 |     44.699 |   1.3504 |     43.481 |     0.5
    5 |   1.3432 |     43.996 |   1.3170 |     44.219 |     0.7
    6 |   1.3055 |     42.897 |   1.2835 |     43.327 |     0.8
    7 |   1.2736 |     42.298 |   1.2547 |     42.097 |     0.9
    8 |   1.2437 |     41.507 |   1.2584 |     42.866 |     1.1
    9 |   1.2245 |     41.310 |   1.2353 |     42.312 |     1.2
   10 |   1.1995 |     40.486 |   1.2217 |     41.820 |     1.3
   11 |   1.1853 |     40.112 |   1.2337 |     42.343 |     1.5
   12 |   1.1635 |     39.222 |   1.2229 |     41.697 |     1.6
   13 |   1.1471 |     38.651 |   1.2109 |     41.574 |     1.8
   14 |   1.1332 |     38.750 |   1.1713 |     40.836 |     1.9
   15 |   1.1139 |     38.349 |   1.1785 |     40.375 |     2.0
   16 |   1.1007 |     37.552 |   1.1922 |     41.267 |     2.2
   17 |   1.0865 |     37.250 |   1.1433 |     39.391 |     2.3
   18 |   1.0730 |     36.695 |   1.1480 |     39.360 |     2.4
   19 |   1.0584 |     36.223 |   1.1548 |     39.637 |     2.6
   20 |   1.0520 |     35.657 |   1.1525 |     39.453 |     2.7
   21 |   1.0413 |     35.932 |   1.1505 |     39.453 |     2.8
Early stopping

Model: Seq2Seq Transformer
Source index: <Seq2Seq Index with 45 items>
Target index: <Seq2Seq Index with 34 items>
Max sequence length: 800
Embedding dimension: 64
Feedforward dimension: 256
Encoder layers: 4
Decoder layers: 4
Attention heads: 4
Activation: relu
Dropout: 0.2
Trainable parameters: 525,666

Training started
X_train.shape: torch.Size([3034, 702])
Y_train.shape: torch.Size([3034, 7])
X_dev.shape: torch.Size([542, 350])
Y_dev.shape: torch.Size([542, 7])
Epochs: 500
Learning rate: 0.0001
Weight decay: 0.0001
Epoch | Train                 | Development           | Minutes
      | Loss     | Error Rate | Loss     | Error Rate |
---------------------------------------------------------------
    1 |   2.7775 |     69.089 |   2.0988 |     50.646 |     0.2
    2 |   1.9982 |     48.248 |   1.6815 |     46.863 |     0.3
    3 |   1.6964 |     46.122 |   1.5527 |     46.494 |     0.5
    4 |   1.5775 |     45.765 |   1.4923 |     46.464 |     0.7
    5 |   1.5099 |     45.737 |   1.4465 |     46.218 |     0.9
    6 |   1.4638 |     45.605 |   1.4096 |     46.310 |     1.0
    7 |   1.4347 |     45.331 |   1.3871 |     45.818 |     1.2
    8 |   1.4084 |     45.281 |   1.3610 |     45.357 |     1.4
    9 |   1.3780 |     45.138 |   1.3428 |     44.865 |     1.5
   10 |   1.3572 |     44.270 |   1.3190 |     44.772 |     1.7
   11 |   1.3403 |     44.292 |   1.3079 |     44.403 |     1.9
   12 |   1.3235 |     43.853 |   1.2889 |     43.788 |     2.1
   13 |   1.3062 |     43.375 |   1.2862 |     44.403 |     2.2
   14 |   1.2967 |     43.024 |   1.2672 |     42.866 |     2.4
   15 |   1.2813 |     42.661 |   1.2564 |     43.235 |     2.6
   16 |   1.2733 |     42.557 |   1.2671 |     42.927 |     2.7
   17 |   1.2597 |     42.123 |   1.2356 |     41.820 |     2.9
   18 |   1.2486 |     41.727 |   1.2288 |     41.574 |     3.1
   19 |   1.2363 |     41.557 |   1.2241 |     41.636 |     3.3
   20 |   1.2277 |     41.106 |   1.2392 |     42.466 |     3.4
   21 |   1.2193 |     40.859 |   1.2210 |     41.236 |     3.6
   22 |   1.2062 |     40.661 |   1.2040 |     41.359 |     3.8
   23 |   1.1999 |     40.568 |   1.2003 |     40.283 |     3.9
   24 |   1.1943 |     40.370 |   1.2097 |     40.867 |     4.1
   25 |   1.1846 |     39.969 |   1.2086 |     41.082 |     4.3
   26 |   1.1796 |     39.936 |   1.1929 |     40.160 |     4.5
   27 |   1.1693 |     39.815 |   1.2003 |     40.191 |     4.6
   28 |   1.1674 |     39.530 |   1.2146 |     40.929 |     4.8
   29 |   1.1595 |     39.464 |   1.2026 |     40.098 |     5.0
   30 |   1.1465 |     39.376 |   1.1989 |     40.406 |     5.1
   31 |   1.1410 |     38.926 |   1.1690 |     39.145 |     5.3
   32 |   1.1349 |     38.629 |   1.1824 |     39.545 |     5.5
   33 |   1.1304 |     38.596 |   1.1749 |     39.945 |     5.6
   34 |   1.1226 |     38.310 |   1.1771 |     39.699 |     5.8
   35 |   1.1204 |     38.310 |   1.1769 |     39.576 |     6.0
Early stopping

Model: Seq2Seq Transformer
Source index: <Seq2Seq Index with 45 items>
Target index: <Seq2Seq Index with 34 items>
Max sequence length: 800
Embedding dimension: 64
Feedforward dimension: 64
Encoder layers: 2
Decoder layers: 3
Attention heads: 4
Activation: relu
Dropout: 0.0
Trainable parameters: 235,106

Training started
X_train.shape: torch.Size([3034, 702])
Y_train.shape: torch.Size([3034, 7])
X_dev.shape: torch.Size([542, 350])
Y_dev.shape: torch.Size([542, 7])
Epochs: 500
Learning rate: 0.001
Weight decay: 1e-05
Epoch | Train                 | Development           | Minutes
      | Loss     | Error Rate | Loss     | Error Rate |
---------------------------------------------------------------
    1 |   1.6861 |     48.379 |   1.3460 |     44.373 |     0.1
    2 |   1.2695 |     42.754 |   1.2531 |     42.620 |     0.2
    3 |   1.1724 |     40.376 |   1.1601 |     40.560 |     0.3
    4 |   1.0986 |     38.014 |   1.1076 |     39.483 |     0.4
    5 |   1.0418 |     36.074 |   1.0617 |     37.085 |     0.4
    6 |   0.9796 |     34.124 |   1.0250 |     35.793 |     0.5
    7 |   0.9325 |     32.471 |   1.0199 |     35.394 |     0.6
    8 |   0.8772 |     30.180 |   1.0092 |     34.471 |     0.7
    9 |   0.8371 |     28.906 |   1.0190 |     34.932 |     0.8
   10 |   0.7790 |     26.901 |   1.0230 |     34.840 |     0.9
   11 |   0.7424 |     25.714 |   1.0165 |     33.364 |     1.0
   12 |   0.6849 |     23.731 |   1.0314 |     33.241 |     1.1
   13 |   0.6441 |     22.143 |   1.0069 |     31.581 |     1.2
   14 |   0.6036 |     20.754 |   1.0276 |     33.395 |     1.2
   15 |   0.5659 |     19.661 |   1.0802 |     33.856 |     1.3
   16 |   0.5302 |     17.947 |   1.0730 |     32.472 |     1.4
   17 |   0.5003 |     17.057 |   1.1016 |     32.534 |     1.5
Early stopping

Model: Seq2Seq Transformer
Source index: <Seq2Seq Index with 45 items>
Target index: <Seq2Seq Index with 34 items>
Max sequence length: 800
Embedding dimension: 64
Feedforward dimension: 256
Encoder layers: 2
Decoder layers: 2
Attention heads: 4
Activation: relu
Dropout: 0.1
Trainable parameters: 292,194

Training started
X_train.shape: torch.Size([3034, 702])
Y_train.shape: torch.Size([3034, 7])
X_dev.shape: torch.Size([542, 350])
Y_dev.shape: torch.Size([542, 7])
Epochs: 500
Learning rate: 0.0001
Weight decay: 1e-05
Epoch | Train                 | Development           | Minutes
      | Loss     | Error Rate | Loss     | Error Rate |
---------------------------------------------------------------
    1 |   2.6040 |     60.514 |   1.9422 |     47.017 |     0.1
    2 |   1.8208 |     46.550 |   1.6400 |     46.525 |     0.2
    3 |   1.6159 |     45.787 |   1.5318 |     46.556 |     0.3
    4 |   1.5287 |     45.715 |   1.4753 |     46.341 |     0.4
    5 |   1.4702 |     45.386 |   1.4270 |     45.756 |     0.4
    6 |   1.4249 |     45.292 |   1.3893 |     46.125 |     0.5
    7 |   1.3869 |     44.831 |   1.3573 |     45.049 |     0.6
    8 |   1.3544 |     44.045 |   1.3390 |     44.834 |     0.7
    9 |   1.3275 |     43.463 |   1.3106 |     43.942 |     0.8
   10 |   1.3051 |     42.936 |   1.2954 |     44.188 |     0.9
   11 |   1.2845 |     42.463 |   1.2855 |     44.496 |     1.0
   12 |   1.2671 |     42.320 |   1.2756 |     44.065 |     1.1
   13 |   1.2493 |     41.793 |   1.2683 |     43.296 |     1.2
   14 |   1.2330 |     41.079 |   1.2453 |     42.220 |     1.2
   15 |   1.2192 |     40.826 |   1.2269 |     41.820 |     1.3
   16 |   1.2099 |     40.859 |   1.2340 |     41.759 |     1.4
   17 |   1.1971 |     40.497 |   1.2055 |     41.236 |     1.5
   18 |   1.1844 |     40.090 |   1.1941 |     40.744 |     1.6
   19 |   1.1680 |     39.524 |   1.1971 |     40.990 |     1.7
   20 |   1.1595 |     39.123 |   1.1826 |     40.990 |     1.8
   21 |   1.1504 |     39.035 |   1.1635 |     40.191 |     1.9
   22 |   1.1407 |     39.068 |   1.1849 |     40.467 |     2.0
   23 |   1.1318 |     38.838 |   1.1696 |     40.498 |     2.0
   24 |   1.1232 |     38.184 |   1.1690 |     40.590 |     2.1
   25 |   1.1124 |     37.964 |   1.1593 |     39.729 |     2.2
   26 |   1.1046 |     37.997 |   1.1620 |     39.422 |     2.3
   27 |   1.0963 |     37.541 |   1.1351 |     39.422 |     2.4
   28 |   1.0877 |     37.354 |   1.1471 |     39.760 |     2.5
   29 |   1.0807 |     37.173 |   1.1238 |     38.284 |     2.6
   30 |   1.0700 |     36.767 |   1.1179 |     38.376 |     2.7
   31 |   1.0625 |     36.514 |   1.1096 |     38.376 |     2.8
   32 |   1.0554 |     36.217 |   1.1244 |     38.776 |     2.8
   33 |   1.0495 |     36.036 |   1.1153 |     38.161 |     2.9
   34 |   1.0440 |     35.833 |   1.0980 |     37.761 |     3.0
   35 |   1.0314 |     35.459 |   1.1028 |     37.546 |     3.1
   36 |   1.0247 |     35.624 |   1.0894 |     37.638 |     3.2
   37 |   1.0242 |     35.163 |   1.0869 |     37.546 |     3.3
   38 |   1.0129 |     34.987 |   1.0953 |     37.423 |     3.4
   39 |   1.0090 |     34.663 |   1.0974 |     37.269 |     3.5
   40 |   0.9988 |     34.218 |   1.0899 |     37.054 |     3.6
   41 |   0.9947 |     34.284 |   1.0911 |     36.962 |     3.6
   42 |   0.9853 |     33.712 |   1.0770 |     36.808 |     3.7
   43 |   0.9833 |     33.723 |   1.0773 |     36.439 |     3.8
   44 |   0.9746 |     33.795 |   1.0886 |     37.177 |     3.9
   45 |   0.9651 |     33.245 |   1.0798 |     36.501 |     4.0
   46 |   0.9616 |     33.020 |   1.0873 |     36.716 |     4.1
Early stopping

Model: Seq2Seq Transformer
Source index: <Seq2Seq Index with 45 items>
Target index: <Seq2Seq Index with 34 items>
Max sequence length: 800
Embedding dimension: 128
Feedforward dimension: 256
Encoder layers: 2
Decoder layers: 4
Attention heads: 4
Activation: relu
Dropout: 0.0
Trainable parameters: 1,177,506

Training started
X_train.shape: torch.Size([3034, 702])
Y_train.shape: torch.Size([3034, 7])
X_dev.shape: torch.Size([542, 350])
Y_dev.shape: torch.Size([542, 7])
Epochs: 500
Learning rate: 0.0001
Weight decay: 0.0001
Epoch | Train                 | Development           | Minutes
      | Loss     | Error Rate | Loss     | Error Rate |
---------------------------------------------------------------
    1 |   1.9600 |     51.659 |   1.4790 |     45.326 |     0.1
    2 |   1.3836 |     44.007 |   1.3499 |     43.788 |     0.2
    3 |   1.2994 |     42.590 |   1.2952 |     43.204 |     0.3
    4 |   1.2456 |     41.535 |   1.2462 |     41.667 |     0.5
    5 |   1.1923 |     40.052 |   1.2141 |     41.820 |     0.6
    6 |   1.1516 |     39.266 |   1.1981 |     40.744 |     0.7
    7 |   1.1120 |     37.717 |   1.1483 |     39.330 |     0.8
    8 |   1.0733 |     36.085 |   1.1127 |     37.823 |     0.9
    9 |   1.0464 |     35.772 |   1.1229 |     38.469 |     1.0
   10 |   1.0116 |     34.333 |   1.0759 |     36.132 |     1.2
   11 |   0.9773 |     33.031 |   1.0572 |     35.394 |     1.3
   12 |   0.9477 |     31.746 |   1.0502 |     35.209 |     1.4
   13 |   0.9203 |     31.054 |   1.0752 |     36.716 |     1.5
   14 |   0.8862 |     29.675 |   1.0324 |     35.455 |     1.6
   15 |   0.8587 |     28.713 |   1.0351 |     35.148 |     1.7
   16 |   0.8290 |     27.549 |   1.0146 |     34.440 |     1.9
   17 |   0.8038 |     26.681 |   1.0325 |     34.625 |     2.0
   18 |   0.7759 |     25.851 |   0.9784 |     33.395 |     2.1
   19 |   0.7562 |     25.220 |   0.9902 |     33.979 |     2.2
   20 |   0.7320 |     24.269 |   1.0057 |     33.487 |     2.3
   21 |   0.7050 |     23.467 |   1.0121 |     34.379 |     2.4
   22 |   0.6823 |     22.435 |   1.0443 |     34.717 |     2.6
Early stopping

Model: Seq2Seq Transformer
Source index: <Seq2Seq Index with 45 items>
Target index: <Seq2Seq Index with 34 items>
Max sequence length: 800
Embedding dimension: 128
Feedforward dimension: 128
Encoder layers: 4
Decoder layers: 2
Attention heads: 4
Activation: relu
Dropout: 0.1
Trainable parameters: 847,522

Training started
X_train.shape: torch.Size([3034, 702])
Y_train.shape: torch.Size([3034, 7])
X_dev.shape: torch.Size([542, 350])
Y_dev.shape: torch.Size([542, 7])
Epochs: 500
Learning rate: 0.001
Weight decay: 1e-05
Epoch | Train                 | Development           | Minutes
      | Loss     | Error Rate | Loss     | Error Rate |
---------------------------------------------------------------
    1 |   1.5739 |     48.110 |   1.3248 |     45.726 |     0.2
    2 |   1.2940 |     44.721 |   1.2469 |     45.879 |     0.3
    3 |   1.2316 |     43.485 |   1.1995 |     43.911 |     0.5
    4 |   1.1932 |     42.309 |   1.1917 |     43.235 |     0.7
    5 |   1.1575 |     41.343 |   1.1379 |     41.144 |     0.9
    6 |   1.1392 |     40.733 |   1.1139 |     40.160 |     1.0
    7 |   1.1178 |     39.931 |   1.1282 |     41.667 |     1.2
    8 |   1.1000 |     39.277 |   1.1246 |     41.082 |     1.4
    9 |   1.0870 |     39.035 |   1.1094 |     38.868 |     1.6
   10 |   1.0673 |     38.113 |   1.0911 |     38.745 |     1.7
   11 |   1.0543 |     38.162 |   1.0638 |     37.915 |     1.9
   12 |   1.0445 |     37.635 |   1.0849 |     39.453 |     2.1
   13 |   1.0344 |     37.486 |   1.0649 |     39.114 |     2.3
   14 |   1.0200 |     36.794 |   1.0449 |     38.130 |     2.5
   15 |   1.0105 |     36.514 |   1.0724 |     37.485 |     2.6
   16 |   1.0015 |     36.333 |   1.0691 |     37.054 |     2.8
   17 |   0.9899 |     35.855 |   1.0511 |     37.423 |     3.0
   18 |   0.9817 |     35.553 |   1.0674 |     37.485 |     3.2
Early stopping

Model: Seq2Seq Transformer
Source index: <Seq2Seq Index with 45 items>
Target index: <Seq2Seq Index with 34 items>
Max sequence length: 800
Embedding dimension: 64
Feedforward dimension: 128
Encoder layers: 2
Decoder layers: 2
Attention heads: 4
Activation: relu
Dropout: 0.2
Trainable parameters: 226,146

Training started
X_train.shape: torch.Size([3034, 702])
Y_train.shape: torch.Size([3034, 7])
X_dev.shape: torch.Size([542, 350])
Y_dev.shape: torch.Size([542, 7])
Epochs: 500
Learning rate: 0.0001
Weight decay: 0.0001
Epoch | Train                 | Development           | Minutes
      | Loss     | Error Rate | Loss     | Error Rate |
---------------------------------------------------------------
    1 |   2.7092 |     64.453 |   2.0517 |     49.539 |     0.1
    2 |   1.9810 |     47.473 |   1.6732 |     46.710 |     0.2
    3 |   1.7016 |     46.210 |   1.5445 |     46.956 |     0.3
    4 |   1.5875 |     46.061 |   1.4850 |     46.894 |     0.3
    5 |   1.5203 |     46.138 |   1.4449 |     46.771 |     0.4
    6 |   1.4762 |     45.847 |   1.4167 |     46.771 |     0.5
    7 |   1.4445 |     45.759 |   1.3917 |     45.879 |     0.6
    8 |   1.4180 |     45.375 |   1.3705 |     45.879 |     0.7
    9 |   1.3999 |     45.336 |   1.3598 |     45.049 |     0.8
   10 |   1.3799 |     45.188 |   1.3427 |     45.357 |     0.9
   11 |   1.3669 |     44.809 |   1.3302 |     44.680 |     1.0
   12 |   1.3499 |     44.661 |   1.3177 |     44.219 |     1.0
   13 |   1.3361 |     44.309 |   1.3052 |     43.911 |     1.1
   14 |   1.3214 |     44.029 |   1.2898 |     44.250 |     1.2
   15 |   1.3103 |     43.650 |   1.2793 |     44.065 |     1.3
   16 |   1.2970 |     43.337 |   1.2727 |     43.727 |     1.4
   17 |   1.2816 |     42.952 |   1.2620 |     43.758 |     1.5
   18 |   1.2739 |     42.606 |   1.2530 |     43.542 |     1.6
   19 |   1.2645 |     42.623 |   1.2386 |     42.897 |     1.6
   20 |   1.2496 |     42.238 |   1.2380 |     42.835 |     1.7
   21 |   1.2418 |     41.974 |   1.2340 |     42.743 |     1.8
   22 |   1.2320 |     41.584 |   1.2214 |     42.066 |     1.9
   23 |   1.2247 |     41.299 |   1.2125 |     41.820 |     2.0
   24 |   1.2169 |     41.277 |   1.2090 |     41.790 |     2.1
   25 |   1.2083 |     41.178 |   1.2037 |     41.790 |     2.2
   26 |   1.2083 |     41.090 |   1.1985 |     41.882 |     2.3
   27 |   1.1978 |     40.617 |   1.1855 |     41.113 |     2.3
   28 |   1.1963 |     40.887 |   1.1945 |     41.021 |     2.4
   29 |   1.1858 |     40.574 |   1.1873 |     41.421 |     2.5
   30 |   1.1764 |     40.387 |   1.1772 |     40.959 |     2.6
   31 |   1.1745 |     39.700 |   1.1722 |     40.344 |     2.7
   32 |   1.1694 |     39.662 |   1.1812 |     41.082 |     2.8
   33 |   1.1605 |     39.651 |   1.1718 |     40.283 |     2.9
   34 |   1.1585 |     39.557 |   1.1821 |     40.406 |     3.0
   35 |   1.1524 |     39.266 |   1.1697 |     40.098 |     3.0
   36 |   1.1514 |     39.420 |   1.1819 |     40.898 |     3.1
   37 |   1.1440 |     38.964 |   1.1718 |     39.883 |     3.2
   38 |   1.1448 |     39.041 |   1.1733 |     39.914 |     3.3
   39 |   1.1342 |     38.805 |   1.1650 |     39.975 |     3.4
   40 |   1.1340 |     38.854 |   1.1670 |     40.221 |     3.5
   41 |   1.1277 |     38.535 |   1.1626 |     40.098 |     3.6
   42 |   1.1236 |     38.387 |   1.1594 |     39.483 |     3.7
   43 |   1.1214 |     38.552 |   1.1644 |     39.729 |     3.8
   44 |   1.1157 |     38.283 |   1.1613 |     39.545 |     3.8
   45 |   1.1122 |     37.821 |   1.1593 |     39.576 |     3.9
   46 |   1.1080 |     37.843 |   1.1606 |     39.545 |     4.0
   47 |   1.1036 |     38.041 |   1.1495 |     38.899 |     4.1
   48 |   1.1036 |     37.915 |   1.1482 |     38.930 |     4.2
   49 |   1.0974 |     37.299 |   1.1406 |     39.053 |     4.3
   50 |   1.0965 |     37.690 |   1.1609 |     39.391 |     4.4
   51 |   1.0933 |     37.360 |   1.1559 |     39.299 |     4.5
   52 |   1.0895 |     37.360 |   1.1523 |     39.114 |     4.6
   53 |   1.0860 |     37.256 |   1.1500 |     38.868 |     4.7
Early stopping

Model: Seq2Seq Transformer
Source index: <Seq2Seq Index with 45 items>
Target index: <Seq2Seq Index with 34 items>
Max sequence length: 800
Embedding dimension: 64
Feedforward dimension: 128
Encoder layers: 4
Decoder layers: 4
Attention heads: 2
Activation: relu
Dropout: 0.2
Trainable parameters: 393,570

Training started
X_train.shape: torch.Size([3034, 702])
Y_train.shape: torch.Size([3034, 7])
X_dev.shape: torch.Size([542, 350])
Y_dev.shape: torch.Size([542, 7])
Epochs: 500
Learning rate: 0.001
Weight decay: 1e-05
Epoch | Train                 | Development           | Minutes
      | Loss     | Error Rate | Loss     | Error Rate |
---------------------------------------------------------------
    1 |   1.9135 |     52.994 |   1.4343 |     46.556 |     0.1
    2 |   1.4088 |     46.363 |   1.3596 |     46.833 |     0.2
    3 |   1.3523 |     45.732 |   1.3154 |     45.234 |     0.3
    4 |   1.3135 |     44.655 |   1.2728 |     44.250 |     0.5
    5 |   1.2895 |     44.672 |   1.2520 |     43.911 |     0.6
    6 |   1.2592 |     43.848 |   1.2147 |     42.189 |     0.7
    7 |   1.2373 |     42.963 |   1.2045 |     42.866 |     0.8
    8 |   1.2209 |     42.727 |   1.1861 |     42.128 |     0.9
    9 |   1.2071 |     42.254 |   1.1886 |     42.712 |     1.0
   10 |   1.1932 |     41.991 |   1.1650 |     41.574 |     1.2
   11 |   1.1729 |     41.266 |   1.1619 |     41.298 |     1.3
   12 |   1.1582 |     40.552 |   1.1376 |     41.052 |     1.4
   13 |   1.1477 |     40.216 |   1.1315 |     39.852 |     1.5
   14 |   1.1379 |     40.205 |   1.1356 |     40.375 |     1.6
   15 |   1.1200 |     39.601 |   1.1242 |     40.221 |     1.7
   16 |   1.1061 |     39.250 |   1.1072 |     39.637 |     1.9
   17 |   1.0954 |     38.557 |   1.0852 |     39.606 |     2.0
   18 |   1.0818 |     38.113 |   1.0854 |     39.330 |     2.1
   19 |   1.0686 |     37.799 |   1.0861 |     39.576 |     2.2
   20 |   1.0581 |     37.486 |   1.0679 |     38.376 |     2.3
   21 |   1.0443 |     36.953 |   1.0648 |     38.253 |     2.4
   22 |   1.0347 |     36.360 |   1.0886 |     38.192 |     2.6
   23 |   1.0220 |     36.454 |   1.0758 |     38.038 |     2.7
   24 |   1.0169 |     35.871 |   1.0793 |     37.638 |     2.8
   25 |   1.0036 |     35.261 |   1.0804 |     37.485 |     2.9
Early stopping

Model: Seq2Seq Transformer
Source index: <Seq2Seq Index with 45 items>
Target index: <Seq2Seq Index with 34 items>
Max sequence length: 800
Embedding dimension: 64
Feedforward dimension: 128
Encoder layers: 4
Decoder layers: 4
Attention heads: 4
Activation: relu
Dropout: 0.2
Trainable parameters: 393,570

Training started
X_train.shape: torch.Size([3034, 702])
Y_train.shape: torch.Size([3034, 7])
X_dev.shape: torch.Size([542, 350])
Y_dev.shape: torch.Size([542, 7])
Epochs: 500
Learning rate: 0.001
Weight decay: 0.0001
Epoch | Train                 | Development           | Minutes
      | Loss     | Error Rate | Loss     | Error Rate |
---------------------------------------------------------------
    1 |   1.8354 |     51.220 |   1.4165 |     46.740 |     0.2
    2 |   1.3993 |     46.100 |   1.3614 |     46.095 |     0.3
    3 |   1.3504 |     45.732 |   1.3048 |     45.603 |     0.5
    4 |   1.3102 |     44.820 |   1.2752 |     45.756 |     0.7
    5 |   1.2804 |     44.941 |   1.2478 |     44.834 |     0.8
    6 |   1.2564 |     44.336 |   1.2335 |     44.649 |     1.0
    7 |   1.2429 |     44.023 |   1.2133 |     43.327 |     1.2
    8 |   1.2264 |     43.529 |   1.2080 |     43.911 |     1.3
    9 |   1.2153 |     43.611 |   1.2079 |     44.711 |     1.5
   10 |   1.2062 |     43.397 |   1.1866 |     43.020 |     1.7
   11 |   1.1939 |     42.655 |   1.1752 |     42.312 |     1.8
   12 |   1.1888 |     42.628 |   1.1683 |     43.512 |     2.0
   13 |   1.1828 |     42.754 |   1.1589 |     42.681 |     2.2
   14 |   1.1732 |     42.375 |   1.1640 |     42.589 |     2.3
   15 |   1.1700 |     42.584 |   1.1443 |     42.251 |     2.5
   16 |   1.1574 |     42.013 |   1.1444 |     41.882 |     2.7
   17 |   1.1546 |     41.870 |   1.1329 |     42.651 |     2.8
   18 |   1.1481 |     41.897 |   1.1335 |     42.159 |     3.0
   19 |   1.1455 |     41.985 |   1.1259 |     42.097 |     3.2
   20 |   1.1456 |     42.232 |   1.1277 |     41.451 |     3.3
   21 |   1.1360 |     41.914 |   1.1162 |     41.513 |     3.5
   22 |   1.1314 |     41.551 |   1.1174 |     41.482 |     3.7
   23 |   1.1288 |     41.535 |   1.1154 |     41.544 |     3.8
   24 |   1.1234 |     41.447 |   1.1146 |     41.728 |     4.0
   25 |   1.1223 |     41.419 |   1.1192 |     41.236 |     4.1
   26 |   1.1140 |     41.288 |   1.1114 |     40.713 |     4.3
   27 |   1.1104 |     40.903 |   1.1015 |     39.945 |     4.5
   28 |   1.1051 |     40.431 |   1.1008 |     40.713 |     4.6
   29 |   1.0936 |     39.991 |   1.1011 |     40.283 |     4.8
   30 |   1.0929 |     40.002 |   1.0852 |     40.098 |     5.0
   31 |   1.0839 |     39.706 |   1.1085 |     41.175 |     5.1
   32 |   1.0822 |     39.739 |   1.1342 |     41.513 |     5.3
   33 |   1.0737 |     39.277 |   1.0986 |     39.914 |     5.5
   34 |   1.0663 |     39.107 |   1.0884 |     40.098 |     5.6
Early stopping

Model: Seq2Seq Transformer
Source index: <Seq2Seq Index with 45 items>
Target index: <Seq2Seq Index with 34 items>
Max sequence length: 800
Embedding dimension: 128
Feedforward dimension: 128
Encoder layers: 4
Decoder layers: 2
Attention heads: 4
Activation: relu
Dropout: 0.2
Trainable parameters: 847,522

Training started
X_train.shape: torch.Size([3034, 702])
Y_train.shape: torch.Size([3034, 7])
X_dev.shape: torch.Size([542, 350])
Y_dev.shape: torch.Size([542, 7])
Epochs: 500
Learning rate: 0.001
Weight decay: 1e-05
Epoch | Train                 | Development           | Minutes
      | Loss     | Error Rate | Loss     | Error Rate |
---------------------------------------------------------------
    1 |   1.6014 |     48.182 |   1.3481 |     45.972 |     0.2
    2 |   1.3143 |     45.056 |   1.2657 |     43.942 |     0.3
    3 |   1.2647 |     44.424 |   1.2052 |     43.112 |     0.5
    4 |   1.2376 |     43.523 |   1.1818 |     43.788 |     0.7
    5 |   1.2122 |     43.326 |   1.1772 |     42.835 |     0.9
    6 |   1.1948 |     43.084 |   1.1662 |     41.943 |     1.0
    7 |   1.1811 |     42.760 |   1.1395 |     41.513 |     1.2
    8 |   1.1715 |     42.320 |   1.1296 |     40.529 |     1.4
    9 |   1.1551 |     41.634 |   1.1289 |     42.282 |     1.6
   10 |   1.1428 |     41.095 |   1.1158 |     40.929 |     1.8
   11 |   1.1311 |     40.810 |   1.1101 |     40.775 |     1.9
   12 |   1.1284 |     40.925 |   1.1192 |     40.775 |     2.1
   13 |   1.1226 |     40.628 |   1.1053 |     41.574 |     2.3
   14 |   1.1185 |     40.414 |   1.1059 |     41.851 |     2.5
   15 |   1.1089 |     39.969 |   1.0869 |     41.236 |     2.6
   16 |   1.1043 |     40.244 |   1.0983 |     40.375 |     2.8
   17 |   1.1042 |     40.178 |   1.0911 |     40.375 |     3.0
   18 |   1.0945 |     39.909 |   1.0766 |     39.637 |     3.2
   19 |   1.0910 |     39.920 |   1.0852 |     39.514 |     3.3
   20 |   1.0839 |     39.491 |   1.0835 |     39.545 |     3.5
   21 |   1.0832 |     39.634 |   1.0602 |     39.237 |     3.7
   22 |   1.0807 |     39.458 |   1.0775 |     39.945 |     3.9
   23 |   1.0826 |     39.804 |   1.0699 |     38.838 |     4.1
   24 |   1.0793 |     39.327 |   1.0705 |     39.176 |     4.2
   25 |   1.0710 |     39.283 |   1.0900 |     40.744 |     4.4
Early stopping

Model: Seq2Seq Transformer
Source index: <Seq2Seq Index with 45 items>
Target index: <Seq2Seq Index with 34 items>
Max sequence length: 800
Embedding dimension: 64
Feedforward dimension: 64
Encoder layers: 2
Decoder layers: 3
Attention heads: 2
Activation: relu
Dropout: 0.1
Trainable parameters: 235,106

Training started
X_train.shape: torch.Size([3034, 702])
Y_train.shape: torch.Size([3034, 7])
X_dev.shape: torch.Size([542, 350])
Y_dev.shape: torch.Size([542, 7])
Epochs: 500
Learning rate: 0.001
Weight decay: 1e-05
Epoch | Train                 | Development           | Minutes
      | Loss     | Error Rate | Loss     | Error Rate |
---------------------------------------------------------------
    1 |   1.7290 |     49.286 |   1.3835 |     46.371 |     0.1
    2 |   1.3379 |     44.391 |   1.2917 |     43.635 |     0.1
    3 |   1.2596 |     42.661 |   1.2306 |     42.036 |     0.2
    4 |   1.2147 |     41.260 |   1.1812 |     41.298 |     0.3
    5 |   1.1624 |     39.909 |   1.1615 |     40.037 |     0.3
    6 |   1.1225 |     38.750 |   1.1213 |     38.868 |     0.4
    7 |   1.0895 |     37.843 |   1.1064 |     38.622 |     0.5
    8 |   1.0582 |     36.602 |   1.0899 |     38.653 |     0.6
    9 |   1.0357 |     35.893 |   1.0848 |     37.792 |     0.6
   10 |   1.0019 |     34.921 |   1.0747 |     37.915 |     0.7
   11 |   0.9836 |     34.284 |   1.0289 |     35.947 |     0.8
   12 |   0.9557 |     33.234 |   1.0264 |     34.902 |     0.8
   13 |   0.9278 |     31.938 |   1.0479 |     35.609 |     0.9
   14 |   0.9076 |     31.147 |   1.0660 |     36.962 |     1.0
   15 |   0.8868 |     30.697 |   1.0509 |     35.332 |     1.0
   16 |   0.8655 |     30.131 |   1.0366 |     34.902 |     1.1
   17 |   0.8432 |     29.334 |   1.0083 |     33.087 |     1.2
   18 |   0.8168 |     28.472 |   1.0324 |     34.041 |     1.2
   19 |   0.8069 |     28.186 |   1.0414 |     34.717 |     1.3
   20 |   0.7844 |     26.989 |   1.0502 |     34.625 |     1.4
   21 |   0.7671 |     26.714 |   1.0536 |     33.733 |     1.4
Early stopping

Model: Seq2Seq Transformer
Source index: <Seq2Seq Index with 45 items>
Target index: <Seq2Seq Index with 34 items>
Max sequence length: 800
Embedding dimension: 64
Feedforward dimension: 128
Encoder layers: 2
Decoder layers: 4
Attention heads: 2
Activation: relu
Dropout: 0.1
Trainable parameters: 326,626

Training started
X_train.shape: torch.Size([3034, 702])
Y_train.shape: torch.Size([3034, 7])
X_dev.shape: torch.Size([542, 350])
Y_dev.shape: torch.Size([542, 7])
Epochs: 500
Learning rate: 0.0001
Weight decay: 0.0001
Epoch | Train                 | Development           | Minutes
      | Loss     | Error Rate | Loss     | Error Rate |
---------------------------------------------------------------
    1 |   2.6292 |     60.498 |   1.9366 |     49.477 |     0.1
    2 |   1.8717 |     46.578 |   1.6464 |     46.925 |     0.2
    3 |   1.6463 |     46.023 |   1.5347 |     46.925 |     0.2
    4 |   1.5438 |     45.792 |   1.4705 |     46.617 |     0.3
    5 |   1.4787 |     45.886 |   1.4204 |     46.433 |     0.4
    6 |   1.4317 |     45.325 |   1.3911 |     45.910 |     0.5
    7 |   1.3995 |     44.825 |   1.3643 |     45.203 |     0.5
    8 |   1.3697 |     44.446 |   1.3395 |     44.834 |     0.6
    9 |   1.3474 |     44.232 |   1.3193 |     44.157 |     0.7
   10 |   1.3284 |     44.111 |   1.3070 |     44.280 |     0.8
   11 |   1.3084 |     43.375 |   1.2852 |     44.157 |     0.9
   12 |   1.2903 |     43.304 |   1.2768 |     43.573 |     0.9
   13 |   1.2770 |     43.024 |   1.2635 |     43.050 |     1.0
   14 |   1.2609 |     42.480 |   1.2511 |     43.235 |     1.1
   15 |   1.2514 |     42.452 |   1.2483 |     42.435 |     1.2
   16 |   1.2369 |     41.480 |   1.2505 |     42.712 |     1.3
   17 |   1.2244 |     41.667 |   1.2396 |     42.497 |     1.3
   18 |   1.2122 |     41.343 |   1.2320 |     42.927 |     1.4
   19 |   1.2006 |     40.700 |   1.2122 |     41.728 |     1.5
   20 |   1.1913 |     40.453 |   1.2035 |     41.882 |     1.6
   21 |   1.1828 |     40.403 |   1.2028 |     41.820 |     1.6
   22 |   1.1693 |     39.750 |   1.2063 |     41.605 |     1.7
   23 |   1.1635 |     39.673 |   1.2124 |     41.697 |     1.8
   24 |   1.1595 |     39.629 |   1.1933 |     41.298 |     1.9
   25 |   1.1499 |     39.585 |   1.1773 |     40.898 |     2.0
   26 |   1.1413 |     38.942 |   1.1762 |     41.113 |     2.0
   27 |   1.1327 |     38.706 |   1.1869 |     40.898 |     2.1
   28 |   1.1263 |     38.310 |   1.1600 |     40.560 |     2.2
   29 |   1.1159 |     38.464 |   1.1658 |     40.221 |     2.3
   30 |   1.1125 |     38.288 |   1.1502 |     39.576 |     2.3
   31 |   1.0992 |     37.679 |   1.1378 |     38.991 |     2.4
   32 |   1.0969 |     37.893 |   1.1618 |     40.098 |     2.5
   33 |   1.0883 |     37.217 |   1.1341 |     38.930 |     2.6
   34 |   1.0809 |     36.992 |   1.1327 |     38.530 |     2.6
   35 |   1.0774 |     36.931 |   1.1322 |     38.561 |     2.7
   36 |   1.0715 |     36.651 |   1.1031 |     38.223 |     2.8
   37 |   1.0636 |     36.580 |   1.1106 |     37.638 |     2.9
   38 |   1.0589 |     36.470 |   1.1143 |     38.284 |     2.9
   39 |   1.0547 |     36.355 |   1.1029 |     37.946 |     3.0
   40 |   1.0428 |     35.827 |   1.1096 |     37.792 |     3.1
   41 |   1.0379 |     35.470 |   1.0861 |     37.054 |     3.2
   42 |   1.0299 |     35.503 |   1.0970 |     37.239 |     3.2
   43 |   1.0264 |     35.355 |   1.1011 |     37.208 |     3.3
   44 |   1.0183 |     35.108 |   1.0824 |     36.716 |     3.4
   45 |   1.0173 |     34.965 |   1.1195 |     37.823 |     3.5
   46 |   1.0137 |     34.718 |   1.0699 |     36.101 |     3.5
   47 |   1.0110 |     34.558 |   1.0707 |     36.839 |     3.6
   48 |   1.0053 |     34.405 |   1.0667 |     36.531 |     3.7
   49 |   0.9937 |     33.784 |   1.0873 |     36.962 |     3.7
   50 |   0.9958 |     34.245 |   1.0738 |     36.378 |     3.8
   51 |   0.9820 |     33.592 |   1.0652 |     36.316 |     3.9
   52 |   0.9777 |     33.416 |   1.0719 |     36.624 |     4.0
   53 |   0.9807 |     33.350 |   1.0749 |     37.392 |     4.0
   54 |   0.9705 |     33.130 |   1.0595 |     35.547 |     4.1
   55 |   0.9706 |     32.971 |   1.0635 |     36.193 |     4.2
   56 |   0.9620 |     32.779 |   1.0626 |     36.285 |     4.3
   57 |   0.9541 |     32.449 |   1.0457 |     35.855 |     4.3
   58 |   0.9524 |     32.603 |   1.0729 |     35.670 |     4.4
   59 |   0.9447 |     32.432 |   1.0645 |     35.763 |     4.5
   60 |   0.9467 |     32.103 |   1.0532 |     35.271 |     4.6
   61 |   0.9427 |     31.933 |   1.0615 |     36.193 |     4.6
Early stopping

Model: Seq2Seq Transformer
Source index: <Seq2Seq Index with 45 items>
Target index: <Seq2Seq Index with 34 items>
Max sequence length: 800
Embedding dimension: 128
Feedforward dimension: 64
Encoder layers: 4
Decoder layers: 3
Attention heads: 4
Activation: relu
Dropout: 0.2
Trainable parameters: 898,274

Training started
X_train.shape: torch.Size([3034, 702])
Y_train.shape: torch.Size([3034, 7])
X_dev.shape: torch.Size([542, 350])
Y_dev.shape: torch.Size([542, 7])
Epochs: 500
Learning rate: 0.0001
Weight decay: 0.0001
Epoch | Train                 | Development           | Minutes
      | Loss     | Error Rate | Loss     | Error Rate |
---------------------------------------------------------------
    1 |   2.4459 |     61.267 |   1.6895 |     49.016 |     0.2
    2 |   1.6675 |     46.731 |   1.4697 |     46.648 |     0.4
    3 |   1.4972 |     46.094 |   1.4104 |     46.648 |     0.5
    4 |   1.4265 |     45.644 |   1.3584 |     45.510 |     0.7
    5 |   1.3830 |     45.073 |   1.3462 |     45.449 |     0.9
    6 |   1.3509 |     44.661 |   1.3058 |     43.604 |     1.1
    7 |   1.3231 |     43.809 |   1.3052 |     44.096 |     1.2
    8 |   1.3007 |     43.512 |   1.2782 |     43.143 |     1.4
    9 |   1.2806 |     42.705 |   1.2823 |     43.450 |     1.6
   10 |   1.2578 |     42.172 |   1.2501 |     42.435 |     1.8
   11 |   1.2450 |     41.755 |   1.2361 |     42.774 |     1.9
   12 |   1.2287 |     41.370 |   1.2235 |     41.421 |     2.1
   13 |   1.2212 |     41.354 |   1.2303 |     41.943 |     2.3
   14 |   1.2055 |     40.744 |   1.2143 |     41.513 |     2.5
   15 |   1.1878 |     40.145 |   1.2156 |     41.820 |     2.7
   16 |   1.1761 |     39.848 |   1.2048 |     41.390 |     2.8
   17 |   1.1628 |     39.392 |   1.2020 |     41.636 |     3.0
   18 |   1.1519 |     39.167 |   1.2160 |     40.959 |     3.2
   19 |   1.1391 |     38.739 |   1.1901 |     40.221 |     3.4
   20 |   1.1301 |     38.629 |   1.1767 |     40.191 |     3.5
   21 |   1.1200 |     38.134 |   1.1815 |     39.791 |     3.7
   22 |   1.1140 |     38.052 |   1.1980 |     39.975 |     3.9
   23 |   1.1028 |     37.722 |   1.1882 |     39.729 |     4.1
   24 |   1.0901 |     37.036 |   1.1776 |     39.483 |     4.3
Early stopping

Model: Seq2Seq Transformer
Source index: <Seq2Seq Index with 45 items>
Target index: <Seq2Seq Index with 34 items>
Max sequence length: 800
Embedding dimension: 64
Feedforward dimension: 128
Encoder layers: 2
Decoder layers: 3
Attention heads: 4
Activation: relu
Dropout: 0.2
Trainable parameters: 276,386

Training started
X_train.shape: torch.Size([3034, 702])
Y_train.shape: torch.Size([3034, 7])
X_dev.shape: torch.Size([542, 350])
Y_dev.shape: torch.Size([542, 7])
Epochs: 500
Learning rate: 0.0001
Weight decay: 0.0001
Epoch | Train                 | Development           | Minutes
      | Loss     | Error Rate | Loss     | Error Rate |
---------------------------------------------------------------
    1 |   2.8608 |     71.682 |   2.2346 |     54.889 |     0.1
    2 |   2.1052 |     50.374 |   1.7151 |     47.263 |     0.2
    3 |   1.7314 |     46.336 |   1.5453 |     46.279 |     0.3
    4 |   1.5932 |     46.166 |   1.4829 |     46.740 |     0.4
    5 |   1.5210 |     45.809 |   1.4397 |     46.648 |     0.5
    6 |   1.4741 |     45.962 |   1.4173 |     46.464 |     0.6
    7 |   1.4371 |     45.506 |   1.3864 |     46.156 |     0.7
    8 |   1.4118 |     45.539 |   1.3691 |     45.756 |     0.7
    9 |   1.3899 |     45.226 |   1.3515 |     46.156 |     0.8
   10 |   1.3706 |     44.957 |   1.3390 |     45.387 |     0.9
   11 |   1.3517 |     44.617 |   1.3203 |     44.895 |     1.0
   12 |   1.3421 |     44.770 |   1.3114 |     44.250 |     1.1
   13 |   1.3252 |     44.089 |   1.2984 |     44.834 |     1.2
   14 |   1.3166 |     44.100 |   1.2930 |     44.742 |     1.3
   15 |   1.3046 |     43.699 |   1.2837 |     44.895 |     1.4
   16 |   1.2957 |     43.809 |   1.2779 |     43.819 |     1.5
   17 |   1.2839 |     43.293 |   1.2643 |     43.450 |     1.6
   18 |   1.2729 |     43.106 |   1.2644 |     44.004 |     1.7
   19 |   1.2627 |     42.666 |   1.2677 |     44.004 |     1.8
   20 |   1.2538 |     42.381 |   1.2588 |     44.219 |     1.8
   21 |   1.2479 |     42.309 |   1.2596 |     43.911 |     1.9
   22 |   1.2417 |     42.128 |   1.2388 |     42.927 |     2.0
   23 |   1.2305 |     41.886 |   1.2459 |     43.389 |     2.1
   24 |   1.2222 |     41.771 |   1.2477 |     41.974 |     2.2
   25 |   1.2136 |     41.507 |   1.2210 |     42.220 |     2.3
   26 |   1.2083 |     41.123 |   1.2583 |     43.050 |     2.4
   27 |   1.1996 |     40.903 |   1.2283 |     42.343 |     2.5
   28 |   1.1917 |     40.480 |   1.2468 |     42.651 |     2.6
   29 |   1.1856 |     40.508 |   1.2092 |     41.574 |     2.7
   30 |   1.1782 |     40.293 |   1.2148 |     41.820 |     2.8
   31 |   1.1760 |     40.227 |   1.2353 |     42.343 |     2.9
   32 |   1.1698 |     39.596 |   1.2274 |     42.312 |     3.0
   33 |   1.1614 |     39.826 |   1.2234 |     42.128 |     3.0
Early stopping

Model: Seq2Seq Transformer
Source index: <Seq2Seq Index with 45 items>
Target index: <Seq2Seq Index with 34 items>
Max sequence length: 800
Embedding dimension: 64
Feedforward dimension: 64
Encoder layers: 4
Decoder layers: 2
Attention heads: 2
Activation: relu
Dropout: 0.1
Trainable parameters: 243,554

Training started
X_train.shape: torch.Size([3034, 702])
Y_train.shape: torch.Size([3034, 7])
X_dev.shape: torch.Size([542, 350])
Y_dev.shape: torch.Size([542, 7])
Epochs: 500
Learning rate: 0.001
Weight decay: 1e-05
Epoch | Train                 | Development           | Minutes
      | Loss     | Error Rate | Loss     | Error Rate |
---------------------------------------------------------------
    1 |   1.8030 |     50.209 |   1.3858 |     46.556 |     0.1
    2 |   1.3457 |     45.193 |   1.2957 |     45.234 |     0.2
    3 |   1.2884 |     44.413 |   1.2461 |     43.542 |     0.3
    4 |   1.2471 |     43.463 |   1.2134 |     42.989 |     0.4
    5 |   1.2164 |     42.502 |   1.1738 |     41.913 |     0.5
    6 |   1.1877 |     41.755 |   1.1654 |     42.159 |     0.6
    7 |   1.1572 |     40.634 |   1.1327 |     39.975 |     0.7
    8 |   1.1465 |     40.535 |   1.1287 |     40.713 |     0.8
    9 |   1.1239 |     39.815 |   1.1152 |     39.699 |     0.9
   10 |   1.1023 |     39.162 |   1.0927 |     39.330 |     1.0
   11 |   1.0841 |     38.250 |   1.0859 |     39.330 |     1.1
   12 |   1.0741 |     38.162 |   1.0909 |     38.561 |     1.2
   13 |   1.0552 |     37.354 |   1.0877 |     38.930 |     1.2
   14 |   1.0445 |     37.003 |   1.0871 |     38.069 |     1.3
   15 |   1.0293 |     36.316 |   1.0724 |     38.438 |     1.4
   16 |   1.0151 |     35.844 |   1.0684 |     37.761 |     1.5
   17 |   1.0016 |     35.256 |   1.0722 |     38.715 |     1.6
   18 |   0.9909 |     35.020 |   1.0536 |     37.884 |     1.7
   19 |   0.9755 |     34.339 |   1.0590 |     37.761 |     1.8
   20 |   0.9594 |     33.559 |   1.0727 |     38.100 |     1.9
   21 |   0.9533 |     33.548 |   1.0484 |     37.146 |     2.0
   22 |   0.9350 |     33.114 |   1.0548 |     36.224 |     2.1
   23 |   0.9201 |     32.367 |   1.0631 |     37.854 |     2.2
   24 |   0.9083 |     32.119 |   1.0601 |     37.239 |     2.3
   25 |   0.8944 |     31.433 |   1.0427 |     36.685 |     2.4
   26 |   0.8794 |     30.971 |   1.0687 |     37.054 |     2.5
   27 |   0.8640 |     30.570 |   1.0756 |     36.593 |     2.6
   28 |   0.8593 |     30.455 |   1.0662 |     36.378 |     2.7
   29 |   0.8458 |     29.763 |   1.0737 |     37.239 |     2.8
Early stopping

Model: Seq2Seq Transformer
Source index: <Seq2Seq Index with 45 items>
Target index: <Seq2Seq Index with 34 items>
Max sequence length: 800
Embedding dimension: 128
Feedforward dimension: 256
Encoder layers: 4
Decoder layers: 3
Attention heads: 4
Activation: relu
Dropout: 0.0
Trainable parameters: 1,243,682

Training started
X_train.shape: torch.Size([3034, 702])
Y_train.shape: torch.Size([3034, 7])
X_dev.shape: torch.Size([542, 350])
Y_dev.shape: torch.Size([542, 7])
Epochs: 500
Learning rate: 0.001
Weight decay: 0.0001
Epoch | Train                 | Development           | Minutes
      | Loss     | Error Rate | Loss     | Error Rate |
---------------------------------------------------------------
    1 |   1.4878 |     47.050 |   1.2852 |     45.295 |     0.2
    2 |   1.2250 |     43.551 |   1.1965 |     43.235 |     0.3
    3 |   1.1774 |     42.513 |   1.1785 |     43.143 |     0.5
    4 |   1.1430 |     41.996 |   1.1450 |     42.466 |     0.7
    5 |   1.1284 |     41.595 |   1.1344 |     41.544 |     0.9
    6 |   1.1159 |     41.408 |   1.1292 |     41.882 |     1.0
    7 |   1.1073 |     41.310 |   1.1274 |     42.958 |     1.2
    8 |   1.1003 |     40.953 |   1.1227 |     42.589 |     1.4
    9 |   1.0930 |     41.051 |   1.0986 |     41.513 |     1.6
   10 |   1.0830 |     40.711 |   1.1144 |     42.989 |     1.7
   11 |   1.0803 |     41.117 |   1.1018 |     40.990 |     1.9
   12 |   1.0755 |     40.606 |   1.1073 |     42.036 |     2.1
   13 |   1.0776 |     40.826 |   1.1061 |     41.728 |     2.3
Early stopping

Model: Seq2Seq Transformer
Source index: <Seq2Seq Index with 45 items>
Target index: <Seq2Seq Index with 34 items>
Max sequence length: 800
Embedding dimension: 64
Feedforward dimension: 256
Encoder layers: 4
Decoder layers: 4
Attention heads: 4
Activation: relu
Dropout: 0.2
Trainable parameters: 525,666

Training started
X_train.shape: torch.Size([3034, 702])
Y_train.shape: torch.Size([3034, 7])
X_dev.shape: torch.Size([542, 350])
Y_dev.shape: torch.Size([542, 7])
Epochs: 500
Learning rate: 0.001
Weight decay: 1e-05
Epoch | Train                 | Development           | Minutes
      | Loss     | Error Rate | Loss     | Error Rate |
---------------------------------------------------------------
    1 |   1.8057 |     50.939 |   1.4191 |     46.710 |     0.2
    2 |   1.3909 |     46.155 |   1.3412 |     46.033 |     0.3
    3 |   1.3305 |     45.226 |   1.2939 |     45.818 |     0.5
    4 |   1.2982 |     45.419 |   1.2584 |     44.834 |     0.7
    5 |   1.2696 |     44.792 |   1.2307 |     44.096 |     0.9
    6 |   1.2522 |     44.589 |   1.2422 |     45.234 |     1.0
    7 |   1.2291 |     43.457 |   1.1837 |     42.774 |     1.2
    8 |   1.2051 |     42.870 |   1.1656 |     42.435 |     1.4
    9 |   1.1940 |     42.480 |   1.1484 |     41.113 |     1.6
   10 |   1.1824 |     42.123 |   1.1523 |     40.744 |     1.7
   11 |   1.1637 |     41.595 |   1.1481 |     41.697 |     1.9
   12 |   1.1576 |     41.359 |   1.1271 |     41.021 |     2.1
   13 |   1.1432 |     40.502 |   1.1166 |     42.097 |     2.3
   14 |   1.1334 |     40.326 |   1.1049 |     39.791 |     2.4
   15 |   1.1275 |     40.216 |   1.1095 |     40.652 |     2.6
   16 |   1.1195 |     39.793 |   1.0936 |     39.606 |     2.8
   17 |   1.1089 |     39.612 |   1.0757 |     39.483 |     3.0
   18 |   1.0997 |     39.244 |   1.0969 |     39.760 |     3.1
   19 |   1.0943 |     39.403 |   1.0793 |     39.299 |     3.3
   20 |   1.0863 |     38.915 |   1.0662 |     39.975 |     3.5
   21 |   1.0801 |     38.574 |   1.0825 |     38.253 |     3.6
   22 |   1.0683 |     38.371 |   1.0671 |     38.807 |     3.8
   23 |   1.0649 |     38.376 |   1.0670 |     39.914 |     4.0
   24 |   1.0622 |     38.244 |   1.0903 |     39.330 |     4.1
   25 |   1.0534 |     37.739 |   1.0565 |     39.237 |     4.3
   26 |   1.0434 |     37.728 |   1.0539 |     39.022 |     4.5
   27 |   1.0408 |     37.635 |   1.0511 |     38.961 |     4.6
   28 |   1.0367 |     37.690 |   1.0570 |     38.284 |     4.8
   29 |   1.0258 |     37.514 |   1.0621 |     39.022 |     5.0
   30 |   1.0210 |     37.129 |   1.0705 |     38.930 |     5.1
   31 |   1.0194 |     36.937 |   1.0420 |     38.192 |     5.3
   32 |   1.0065 |     36.690 |   1.0538 |     38.868 |     5.5
   33 |   1.0016 |     36.305 |   1.0578 |     38.223 |     5.6
   34 |   0.9922 |     36.173 |   1.0712 |     38.930 |     5.8
   35 |   0.9849 |     35.531 |   1.0569 |     39.360 |     6.0
Early stopping

Model: Seq2Seq Transformer
Source index: <Seq2Seq Index with 45 items>
Target index: <Seq2Seq Index with 34 items>
Max sequence length: 800
Embedding dimension: 128
Feedforward dimension: 256
Encoder layers: 4
Decoder layers: 3
Attention heads: 2
Activation: relu
Dropout: 0.1
Trainable parameters: 1,243,682

Training started
X_train.shape: torch.Size([3034, 702])
Y_train.shape: torch.Size([3034, 7])
X_dev.shape: torch.Size([542, 350])
Y_dev.shape: torch.Size([542, 7])
Epochs: 500
Learning rate: 0.001
Weight decay: 0.0001
Epoch | Train                 | Development           | Minutes
      | Loss     | Error Rate | Loss     | Error Rate |
---------------------------------------------------------------
    1 |   1.5500 |     47.907 |   1.3548 |     45.234 |     0.1
    2 |   1.3101 |     45.259 |   1.2800 |     46.464 |     0.3
    3 |   1.2627 |     44.748 |   1.2565 |     45.449 |     0.4
    4 |   1.2327 |     44.067 |   1.2085 |     43.266 |     0.6
    5 |   1.2126 |     43.359 |   1.2019 |     44.280 |     0.7
    6 |   1.1932 |     42.892 |   1.1757 |     43.081 |     0.9
    7 |   1.1821 |     42.881 |   1.1705 |     43.020 |     1.0
    8 |   1.1644 |     42.194 |   1.1586 |     42.589 |     1.2
    9 |   1.1529 |     42.073 |   1.1666 |     44.526 |     1.3
   10 |   1.1506 |     42.524 |   1.1504 |     42.405 |     1.5
   11 |   1.1418 |     41.694 |   1.1246 |     42.681 |     1.6
   12 |   1.1357 |     41.661 |   1.1231 |     41.082 |     1.8
   13 |   1.1290 |     41.782 |   1.1233 |     41.728 |     1.9
   14 |   1.1224 |     41.562 |   1.1299 |     41.882 |     2.1
   15 |   1.1216 |     41.425 |   1.1262 |     42.005 |     2.2
   16 |   1.1136 |     40.964 |   1.1122 |     41.144 |     2.4
   17 |   1.1139 |     41.480 |   1.1042 |     41.113 |     2.5
   18 |   1.1078 |     41.161 |   1.1212 |     42.497 |     2.7
   19 |   1.1086 |     41.722 |   1.1037 |     41.421 |     2.8
   20 |   1.0994 |     40.942 |   1.1115 |     41.697 |     3.0
   21 |   1.0983 |     41.029 |   1.1090 |     41.667 |     3.1
   22 |   1.0996 |     41.024 |   1.1042 |     41.082 |     3.3
   23 |   1.0987 |     41.183 |   1.0976 |     40.744 |     3.4
   24 |   1.0922 |     40.881 |   1.1062 |     41.759 |     3.6
   25 |   1.0899 |     40.617 |   1.0820 |     39.176 |     3.7
   26 |   1.0817 |     40.035 |   1.0948 |     39.453 |     3.9
   27 |   1.0720 |     39.376 |   1.1111 |     40.467 |     4.0
   28 |   1.0678 |     39.568 |   1.1025 |     40.375 |     4.2
   29 |   1.0584 |     39.112 |   1.0834 |     40.160 |     4.3
Early stopping

Model: Seq2Seq Transformer
Source index: <Seq2Seq Index with 45 items>
Target index: <Seq2Seq Index with 34 items>
Max sequence length: 800
Embedding dimension: 64
Feedforward dimension: 256
Encoder layers: 4
Decoder layers: 3
Attention heads: 4
Activation: relu
Dropout: 0.1
Trainable parameters: 458,914

Training started
X_train.shape: torch.Size([3034, 702])
Y_train.shape: torch.Size([3034, 7])
X_dev.shape: torch.Size([542, 350])
Y_dev.shape: torch.Size([542, 7])
Epochs: 500
Learning rate: 0.0001
Weight decay: 0.0001
Epoch | Train                 | Development           | Minutes
      | Loss     | Error Rate | Loss     | Error Rate |
---------------------------------------------------------------
    1 |   2.3765 |     56.109 |   1.7380 |     46.771 |     0.2
    2 |   1.6919 |     45.918 |   1.5539 |     46.679 |     0.3
    3 |   1.5520 |     45.820 |   1.4758 |     46.833 |     0.5
    4 |   1.4788 |     45.479 |   1.4286 |     45.756 |     0.6
    5 |   1.4302 |     45.062 |   1.4032 |     45.111 |     0.8
    6 |   1.3944 |     44.864 |   1.3673 |     44.311 |     1.0
    7 |   1.3639 |     44.562 |   1.3485 |     45.080 |     1.1
    8 |   1.3374 |     43.655 |   1.3284 |     44.680 |     1.3
    9 |   1.3178 |     43.573 |   1.3148 |     44.619 |     1.4
   10 |   1.2963 |     43.018 |   1.3059 |     44.342 |     1.6
   11 |   1.2787 |     42.985 |   1.2900 |     44.280 |     1.8
   12 |   1.2584 |     42.216 |   1.2916 |     44.096 |     1.9
   13 |   1.2441 |     41.804 |   1.2739 |     43.481 |     2.1
   14 |   1.2315 |     41.315 |   1.2612 |     42.989 |     2.2
   15 |   1.2188 |     41.227 |   1.2294 |     42.282 |     2.4
   16 |   1.2019 |     40.595 |   1.2312 |     42.528 |     2.6
   17 |   1.1904 |     40.557 |   1.2286 |     42.558 |     2.7
   18 |   1.1789 |     39.898 |   1.2132 |     41.544 |     2.9
   19 |   1.1648 |     39.618 |   1.2261 |     42.097 |     3.0
   20 |   1.1568 |     39.107 |   1.2040 |     40.806 |     3.2
   21 |   1.1442 |     38.893 |   1.1919 |     40.160 |     3.3
   22 |   1.1362 |     38.871 |   1.1819 |     40.221 |     3.5
   23 |   1.1240 |     38.178 |   1.2004 |     41.390 |     3.7
   24 |   1.1164 |     38.200 |   1.1716 |     40.529 |     3.8
   25 |   1.1059 |     37.574 |   1.1732 |     40.437 |     4.0
   26 |   1.0916 |     37.607 |   1.1660 |     40.314 |     4.1
   27 |   1.0888 |     37.179 |   1.1676 |     40.283 |     4.3
   28 |   1.0790 |     36.877 |   1.1871 |     40.775 |     4.5
   29 |   1.0675 |     36.580 |   1.1732 |     39.914 |     4.6
   30 |   1.0593 |     36.179 |   1.1581 |     39.053 |     4.8
   31 |   1.0506 |     35.783 |   1.1536 |     39.268 |     4.9
   32 |   1.0450 |     35.547 |   1.1495 |     39.207 |     5.1
   33 |   1.0380 |     35.767 |   1.1094 |     38.038 |     5.3
   34 |   1.0201 |     34.795 |   1.1546 |     39.176 |     5.4
   35 |   1.0183 |     34.696 |   1.1448 |     39.114 |     5.6
   36 |   1.0073 |     34.459 |   1.1349 |     38.807 |     5.7
   37 |   1.0005 |     34.262 |   1.1438 |     38.930 |     5.9
Early stopping

Model: Seq2Seq Transformer
Source index: <Seq2Seq Index with 45 items>
Target index: <Seq2Seq Index with 34 items>
Max sequence length: 800
Embedding dimension: 64
Feedforward dimension: 128
Encoder layers: 4
Decoder layers: 2
Attention heads: 2
Activation: relu
Dropout: 0.2
Trainable parameters: 293,090

Training started
X_train.shape: torch.Size([3034, 702])
Y_train.shape: torch.Size([3034, 7])
X_dev.shape: torch.Size([542, 350])
Y_dev.shape: torch.Size([542, 7])
Epochs: 500
Learning rate: 0.0001
Weight decay: 1e-05
Epoch | Train                 | Development           | Minutes
      | Loss     | Error Rate | Loss     | Error Rate |
---------------------------------------------------------------
    1 |   2.7678 |     64.288 |   2.0562 |     47.509 |     0.1
    2 |   2.0003 |     48.066 |   1.6643 |     47.263 |     0.2
    3 |   1.7041 |     46.479 |   1.5432 |     47.079 |     0.3
    4 |   1.5865 |     46.287 |   1.4882 |     46.771 |     0.4
    5 |   1.5231 |     45.957 |   1.4473 |     46.617 |     0.5
    6 |   1.4815 |     45.770 |   1.4190 |     46.156 |     0.6
    7 |   1.4500 |     45.638 |   1.4083 |     46.925 |     0.7
    8 |   1.4225 |     45.732 |   1.3766 |     46.033 |     0.8
    9 |   1.3980 |     45.517 |   1.3552 |     46.033 |     0.9
   10 |   1.3762 |     45.029 |   1.3481 |     45.726 |     1.0
   11 |   1.3610 |     44.858 |   1.3271 |     45.726 |     1.1
   12 |   1.3443 |     44.584 |   1.3159 |     45.357 |     1.2
   13 |   1.3319 |     44.144 |   1.3021 |     45.357 |     1.3
   14 |   1.3172 |     43.699 |   1.2843 |     44.219 |     1.4
   15 |   1.3030 |     43.446 |   1.2868 |     43.973 |     1.5
   16 |   1.2912 |     42.925 |   1.2684 |     43.143 |     1.6
   17 |   1.2817 |     43.084 |   1.2629 |     43.635 |     1.7
   18 |   1.2737 |     42.908 |   1.2577 |     43.081 |     1.8
   19 |   1.2593 |     42.156 |   1.2585 |     43.020 |     1.9
   20 |   1.2546 |     42.040 |   1.2442 |     42.620 |     2.0
   21 |   1.2435 |     41.678 |   1.2360 |     42.435 |     2.1
   22 |   1.2400 |     41.881 |   1.2341 |     42.651 |     2.2
   23 |   1.2277 |     41.628 |   1.2199 |     41.605 |     2.3
   24 |   1.2234 |     41.343 |   1.2271 |     41.882 |     2.4
   25 |   1.2093 |     40.788 |   1.2055 |     40.621 |     2.5
   26 |   1.2045 |     40.793 |   1.2238 |     42.159 |     2.6
   27 |   1.1961 |     40.293 |   1.2085 |     40.775 |     2.7
   28 |   1.1886 |     40.041 |   1.2158 |     41.328 |     2.8
   29 |   1.1858 |     39.771 |   1.2014 |     41.205 |     2.9
   30 |   1.1741 |     39.739 |   1.1925 |     41.021 |     3.0
   31 |   1.1744 |     39.810 |   1.1876 |     40.590 |     3.1
   32 |   1.1692 |     39.760 |   1.1901 |     40.283 |     3.2
   33 |   1.1647 |     39.447 |   1.1752 |     40.283 |     3.3
   34 |   1.1597 |     39.574 |   1.1906 |     40.590 |     3.4
   35 |   1.1492 |     38.909 |   1.1744 |     40.314 |     3.5
   36 |   1.1465 |     38.947 |   1.1932 |     40.683 |     3.6
   37 |   1.1440 |     39.107 |   1.2014 |     40.406 |     3.7
   38 |   1.1377 |     38.431 |   1.1905 |     40.529 |     3.8
   39 |   1.1327 |     38.530 |   1.1746 |     40.006 |     3.9
   40 |   1.1298 |     38.316 |   1.1680 |     39.852 |     4.0
   41 |   1.1216 |     38.316 |   1.1754 |     40.252 |     4.1
   42 |   1.1152 |     37.849 |   1.1864 |     40.775 |     4.2
   43 |   1.1165 |     38.151 |   1.1832 |     40.406 |     4.3
   44 |   1.1097 |     37.766 |   1.2061 |     41.113 |     4.4
Early stopping

Model: Seq2Seq Transformer
Source index: <Seq2Seq Index with 45 items>
Target index: <Seq2Seq Index with 34 items>
Max sequence length: 800
Embedding dimension: 64
Feedforward dimension: 128
Encoder layers: 2
Decoder layers: 2
Attention heads: 4
Activation: relu
Dropout: 0.1
Trainable parameters: 226,146

Training started
X_train.shape: torch.Size([3034, 702])
Y_train.shape: torch.Size([3034, 7])
X_dev.shape: torch.Size([542, 350])
Y_dev.shape: torch.Size([542, 7])
Epochs: 500
Learning rate: 0.001
Weight decay: 1e-05
Epoch | Train                 | Development           | Minutes
      | Loss     | Error Rate | Loss     | Error Rate |
---------------------------------------------------------------
    1 |   1.7189 |     49.061 |   1.3747 |     46.648 |     0.1
    2 |   1.3258 |     44.721 |   1.2597 |     43.604 |     0.2
    3 |   1.2397 |     42.403 |   1.2110 |     42.435 |     0.3
    4 |   1.1860 |     41.117 |   1.1465 |     39.760 |     0.3
    5 |   1.1437 |     39.980 |   1.1109 |     39.114 |     0.4
    6 |   1.1159 |     39.074 |   1.1048 |     39.268 |     0.5
    7 |   1.0767 |     37.223 |   1.0857 |     38.499 |     0.6
    8 |   1.0516 |     36.822 |   1.0752 |     38.407 |     0.7
    9 |   1.0252 |     35.525 |   1.0667 |     37.239 |     0.8
   10 |   0.9876 |     34.388 |   1.0531 |     36.931 |     0.8
   11 |   0.9639 |     33.756 |   1.0497 |     36.162 |     0.9
   12 |   0.9341 |     32.295 |   1.0399 |     35.670 |     1.0
   13 |   0.9084 |     31.614 |   1.0435 |     36.039 |     1.1
   14 |   0.8872 |     30.922 |   1.0232 |     35.424 |     1.2
   15 |   0.8597 |     29.922 |   1.0484 |     35.394 |     1.3
   16 |   0.8370 |     28.900 |   1.0503 |     35.086 |     1.3
   17 |   0.8122 |     28.131 |   1.0367 |     34.410 |     1.4
   18 |   0.7949 |     27.780 |   1.0983 |     35.363 |     1.5
Early stopping

Model: Seq2Seq Transformer
Source index: <Seq2Seq Index with 45 items>
Target index: <Seq2Seq Index with 34 items>
Max sequence length: 800
Embedding dimension: 64
Feedforward dimension: 64
Encoder layers: 4
Decoder layers: 3
Attention heads: 2
Activation: relu
Dropout: 0.0
Trainable parameters: 285,538

Training started
X_train.shape: torch.Size([3034, 702])
Y_train.shape: torch.Size([3034, 7])
X_dev.shape: torch.Size([542, 350])
Y_dev.shape: torch.Size([542, 7])
Epochs: 500
Learning rate: 0.001
Weight decay: 1e-05
Epoch | Train                 | Development           | Minutes
      | Loss     | Error Rate | Loss     | Error Rate |
---------------------------------------------------------------
    1 |   1.7081 |     48.923 |   1.3493 |     45.510 |     0.1
    2 |   1.2836 |     43.853 |   1.2368 |     42.466 |     0.2
    3 |   1.2121 |     42.507 |   1.2055 |     41.974 |     0.3
    4 |   1.1643 |     40.826 |   1.1575 |     41.513 |     0.4
    5 |   1.1290 |     39.662 |   1.1484 |     41.267 |     0.5
    6 |   1.0972 |     38.766 |   1.1182 |     40.467 |     0.6
    7 |   1.0701 |     37.640 |   1.0857 |     40.129 |     0.7
    8 |   1.0407 |     36.624 |   1.0933 |     39.360 |     0.8
    9 |   1.0170 |     36.190 |   1.1224 |     38.530 |     0.9
   10 |   0.9959 |     35.119 |   1.0792 |     37.731 |     1.0
   11 |   0.9792 |     34.542 |   1.0416 |     36.378 |     1.1
   12 |   0.9529 |     33.795 |   1.0432 |     35.732 |     1.2
   13 |   0.9411 |     33.355 |   1.0303 |     36.808 |     1.2
   14 |   0.9102 |     32.383 |   1.0438 |     35.793 |     1.3
   15 |   0.8872 |     31.032 |   1.0360 |     35.578 |     1.4
   16 |   0.8678 |     30.383 |   1.0213 |     34.686 |     1.5
   17 |   0.8552 |     30.114 |   1.0219 |     34.963 |     1.6
   18 |   0.8302 |     28.889 |   1.0349 |     34.071 |     1.7
   19 |   0.8073 |     28.587 |   1.0195 |     34.779 |     1.8
   20 |   0.7961 |     27.906 |   1.0286 |     33.856 |     1.9
   21 |   0.7840 |     27.642 |   1.0215 |     34.317 |     2.0
   22 |   0.7481 |     26.555 |   1.0644 |     34.379 |     2.1
   23 |   0.7349 |     26.077 |   1.0330 |     33.395 |     2.2
Early stopping

Model: Seq2Seq Transformer
Source index: <Seq2Seq Index with 45 items>
Target index: <Seq2Seq Index with 34 items>
Max sequence length: 800
Embedding dimension: 128
Feedforward dimension: 128
Encoder layers: 2
Decoder layers: 4
Attention heads: 2
Activation: relu
Dropout: 0.0
Trainable parameters: 980,130

Training started
X_train.shape: torch.Size([3034, 702])
Y_train.shape: torch.Size([3034, 7])
X_dev.shape: torch.Size([542, 350])
Y_dev.shape: torch.Size([542, 7])
Epochs: 500
Learning rate: 0.0001
Weight decay: 1e-05
Epoch | Train                 | Development           | Minutes
      | Loss     | Error Rate | Loss     | Error Rate |
---------------------------------------------------------------
    1 |   2.0217 |     52.230 |   1.5126 |     45.818 |     0.1
    2 |   1.4154 |     44.150 |   1.3887 |     45.633 |     0.2
    3 |   1.3244 |     42.776 |   1.3338 |     43.450 |     0.3
    4 |   1.2624 |     41.738 |   1.2721 |     42.343 |     0.4
    5 |   1.2130 |     40.227 |   1.2222 |     40.437 |     0.4
    6 |   1.1619 |     38.711 |   1.2054 |     40.221 |     0.5
    7 |   1.1211 |     37.629 |   1.1504 |     38.776 |     0.6
    8 |   1.0832 |     36.805 |   1.1328 |     37.977 |     0.7
    9 |   1.0538 |     35.717 |   1.1006 |     37.454 |     0.8
   10 |   1.0178 |     34.531 |   1.1057 |     37.485 |     0.9
   11 |   0.9843 |     33.229 |   1.0605 |     36.101 |     1.0
   12 |   0.9562 |     32.064 |   1.0539 |     35.363 |     1.1
   13 |   0.9240 |     31.372 |   1.0538 |     35.363 |     1.2
   14 |   0.8934 |     30.092 |   1.0634 |     35.117 |     1.3
   15 |   0.8598 |     28.746 |   1.0349 |     34.533 |     1.4
   16 |   0.8263 |     27.499 |   1.0299 |     33.856 |     1.4
   17 |   0.8045 |     26.835 |   1.0027 |     32.626 |     1.5
   18 |   0.7714 |     25.577 |   1.0343 |     34.225 |     1.6
   19 |   0.7493 |     24.984 |   1.0181 |     33.887 |     1.7
   20 |   0.7171 |     23.588 |   1.0299 |     33.672 |     1.8
   21 |   0.6868 |     22.753 |   1.0475 |     33.518 |     1.9
Early stopping

Model: Seq2Seq Transformer
Source index: <Seq2Seq Index with 45 items>
Target index: <Seq2Seq Index with 34 items>
Max sequence length: 800
Embedding dimension: 128
Feedforward dimension: 64
Encoder layers: 4
Decoder layers: 2
Attention heads: 2
Activation: relu
Dropout: 0.0
Trainable parameters: 748,834

Training started
X_train.shape: torch.Size([3034, 702])
Y_train.shape: torch.Size([3034, 7])
X_dev.shape: torch.Size([542, 350])
Y_dev.shape: torch.Size([542, 7])
Epochs: 500
Learning rate: 0.0001
Weight decay: 0.0001
Epoch | Train                 | Development           | Minutes
      | Loss     | Error Rate | Loss     | Error Rate |
---------------------------------------------------------------
    1 |   2.1513 |     53.340 |   1.6377 |     46.679 |     0.1
    2 |   1.5088 |     45.474 |   1.4502 |     46.402 |     0.2
    3 |   1.3894 |     44.655 |   1.3668 |     44.895 |     0.4
    4 |   1.3195 |     43.013 |   1.3223 |     44.403 |     0.5
    5 |   1.2756 |     42.238 |   1.2933 |     43.327 |     0.6
    6 |   1.2406 |     41.249 |   1.2581 |     42.866 |     0.7
    7 |   1.2095 |     40.491 |   1.2313 |     41.882 |     0.9
    8 |   1.1784 |     39.750 |   1.2098 |     41.328 |     1.0
    9 |   1.1548 |     38.684 |   1.2175 |     41.482 |     1.1
   10 |   1.1267 |     37.799 |   1.1686 |     40.037 |     1.2
   11 |   1.1013 |     37.080 |   1.1757 |     40.590 |     1.4
   12 |   1.0806 |     36.404 |   1.1394 |     38.776 |     1.5
   13 |   1.0519 |     35.426 |   1.1328 |     38.100 |     1.6
   14 |   1.0339 |     34.811 |   1.1362 |     38.807 |     1.8
   15 |   1.0110 |     33.773 |   1.1172 |     38.499 |     1.9
   16 |   0.9894 |     33.218 |   1.1132 |     37.608 |     2.0
   17 |   0.9699 |     32.811 |   1.1061 |     37.761 |     2.1
   18 |   0.9473 |     31.856 |   1.0874 |     36.777 |     2.3
   19 |   0.9302 |     31.098 |   1.0822 |     37.023 |     2.4
   20 |   0.9054 |     30.378 |   1.0735 |     36.039 |     2.5
   21 |   0.8833 |     29.472 |   1.0671 |     35.824 |     2.7
   22 |   0.8658 |     28.664 |   1.0814 |     36.439 |     2.8
   23 |   0.8499 |     28.373 |   1.0522 |     34.410 |     2.9
   24 |   0.8295 |     27.412 |   1.0530 |     35.055 |     3.1
   25 |   0.8096 |     26.522 |   1.0842 |     35.240 |     3.2
   26 |   0.7906 |     26.209 |   1.0507 |     34.410 |     3.3
   27 |   0.7743 |     25.714 |   1.0505 |     34.379 |     3.5
   28 |   0.7560 |     24.912 |   1.0721 |     34.963 |     3.6
   29 |   0.7430 |     24.610 |   1.0626 |     34.041 |     3.7
   30 |   0.7210 |     23.627 |   1.0357 |     33.825 |     3.9
   31 |   0.7057 |     23.149 |   1.0769 |     33.948 |     4.0
   32 |   0.6876 |     22.561 |   1.0824 |     34.471 |     4.1
   33 |   0.6740 |     22.209 |   1.0787 |     34.379 |     4.3
   34 |   0.6560 |     21.501 |   1.0684 |     34.010 |     4.4
Early stopping

Model: Seq2Seq Transformer
Source index: <Seq2Seq Index with 45 items>
Target index: <Seq2Seq Index with 34 items>
Max sequence length: 800
Embedding dimension: 128
Feedforward dimension: 128
Encoder layers: 4
Decoder layers: 2
Attention heads: 4
Activation: relu
Dropout: 0.1
Trainable parameters: 847,522

Training started
X_train.shape: torch.Size([3034, 702])
Y_train.shape: torch.Size([3034, 7])
X_dev.shape: torch.Size([542, 350])
Y_dev.shape: torch.Size([542, 7])
Epochs: 500
Learning rate: 0.0001
Weight decay: 0.0001
Epoch | Train                 | Development           | Minutes
      | Loss     | Error Rate | Loss     | Error Rate |
---------------------------------------------------------------
    1 |   2.2237 |     54.406 |   1.6116 |     47.202 |     0.2
    2 |   1.5519 |     46.072 |   1.4396 |     46.679 |     0.4
    3 |   1.4328 |     45.649 |   1.3787 |     45.234 |     0.6
    4 |   1.3705 |     44.628 |   1.3477 |     44.588 |     0.8
    5 |   1.3209 |     43.622 |   1.2907 |     44.127 |     1.0
    6 |   1.2844 |     42.771 |   1.2691 |     43.819 |     1.1
    7 |   1.2544 |     42.128 |   1.2411 |     43.020 |     1.3
    8 |   1.2247 |     41.293 |   1.2221 |     42.989 |     1.5
    9 |   1.2020 |     40.733 |   1.1884 |     41.236 |     1.7
   10 |   1.1770 |     39.684 |   1.1807 |     41.667 |     1.9
   11 |   1.1517 |     38.854 |   1.1682 |     41.390 |     2.1
   12 |   1.1338 |     38.459 |   1.1821 |     40.806 |     2.3
   13 |   1.1127 |     37.464 |   1.1731 |     40.621 |     2.4
   14 |   1.0904 |     37.107 |   1.1505 |     39.176 |     2.6
   15 |   1.0754 |     36.327 |   1.1640 |     39.822 |     2.8
   16 |   1.0600 |     35.745 |   1.1220 |     38.346 |     3.0
   17 |   1.0409 |     35.272 |   1.1364 |     38.868 |     3.2
   18 |   1.0255 |     34.866 |   1.1277 |     38.530 |     3.4
   19 |   1.0097 |     34.306 |   1.1100 |     37.239 |     3.6
   20 |   0.9944 |     33.855 |   1.1031 |     37.300 |     3.8
   21 |   0.9820 |     33.624 |   1.1349 |     38.100 |     3.9
   22 |   0.9676 |     32.866 |   1.1142 |     37.577 |     4.1
   23 |   0.9564 |     32.707 |   1.1433 |     38.253 |     4.3
   24 |   0.9394 |     32.147 |   1.1037 |     36.747 |     4.5
Early stopping

Model: Seq2Seq Transformer
Source index: <Seq2Seq Index with 45 items>
Target index: <Seq2Seq Index with 34 items>
Max sequence length: 800
Embedding dimension: 128
Feedforward dimension: 256
Encoder layers: 2
Decoder layers: 2
Attention heads: 4
Activation: relu
Dropout: 0.2
Trainable parameters: 779,938

Training started
X_train.shape: torch.Size([3034, 702])
Y_train.shape: torch.Size([3034, 7])
X_dev.shape: torch.Size([542, 350])
Y_dev.shape: torch.Size([542, 7])
Epochs: 500
Learning rate: 0.0001
Weight decay: 0.0001
Epoch | Train                 | Development           | Minutes
      | Loss     | Error Rate | Loss     | Error Rate |
---------------------------------------------------------------
    1 |   2.1893 |     52.988 |   1.5415 |     46.617 |     0.1
    2 |   1.5498 |     46.171 |   1.4205 |     46.494 |     0.2
    3 |   1.4414 |     45.501 |   1.3720 |     45.664 |     0.3
    4 |   1.3832 |     44.562 |   1.3297 |     45.172 |     0.4
    5 |   1.3416 |     44.122 |   1.2910 |     44.557 |     0.6
    6 |   1.3058 |     42.996 |   1.2691 |     42.958 |     0.7
    7 |   1.2774 |     42.293 |   1.2633 |     42.712 |     0.8
    8 |   1.2540 |     41.579 |   1.2380 |     42.374 |     0.9
    9 |   1.2274 |     40.881 |   1.2222 |     41.421 |     1.0
   10 |   1.2113 |     40.398 |   1.2121 |     41.359 |     1.1
   11 |   1.1906 |     40.096 |   1.1953 |     40.990 |     1.2
   12 |   1.1692 |     39.678 |   1.1797 |     40.191 |     1.3
   13 |   1.1569 |     39.107 |   1.1843 |     41.082 |     1.4
   14 |   1.1423 |     38.585 |   1.1723 |     40.529 |     1.5
   15 |   1.1251 |     38.349 |   1.1718 |     40.621 |     1.7
   16 |   1.1167 |     37.668 |   1.1445 |     40.344 |     1.8
   17 |   1.0974 |     37.146 |   1.1690 |     40.560 |     1.9
   18 |   1.0841 |     36.519 |   1.1406 |     39.360 |     2.0
   19 |   1.0767 |     36.855 |   1.1256 |     38.499 |     2.1
   20 |   1.0647 |     35.888 |   1.1456 |     39.729 |     2.2
   21 |   1.0510 |     35.871 |   1.1375 |     39.545 |     2.3
   22 |   1.0429 |     35.360 |   1.1428 |     39.084 |     2.4
   23 |   1.0348 |     35.294 |   1.1188 |     38.622 |     2.5
   24 |   1.0253 |     35.053 |   1.1424 |     38.807 |     2.7
   25 |   1.0114 |     34.487 |   1.1278 |     38.100 |     2.8
   26 |   1.0085 |     34.646 |   1.1034 |     37.977 |     2.9
   27 |   0.9957 |     33.767 |   1.1022 |     37.608 |     3.0
   28 |   0.9825 |     33.597 |   1.0982 |     37.700 |     3.1
   29 |   0.9723 |     33.300 |   1.1139 |     37.177 |     3.2
   30 |   0.9673 |     32.773 |   1.1537 |     37.577 |     3.3
   31 |   0.9543 |     32.350 |   1.1330 |     37.731 |     3.4
   32 |   0.9466 |     32.301 |   1.1231 |     37.054 |     3.5
Early stopping

Model: Seq2Seq Transformer
Source index: <Seq2Seq Index with 45 items>
Target index: <Seq2Seq Index with 34 items>
Max sequence length: 800
Embedding dimension: 64
Feedforward dimension: 128
Encoder layers: 2
Decoder layers: 4
Attention heads: 4
Activation: relu
Dropout: 0.1
Trainable parameters: 326,626

Training started
X_train.shape: torch.Size([3034, 702])
Y_train.shape: torch.Size([3034, 7])
X_dev.shape: torch.Size([542, 350])
Y_dev.shape: torch.Size([542, 7])
Epochs: 500
Learning rate: 0.0001
Weight decay: 0.0001
Epoch | Train                 | Development           | Minutes
      | Loss     | Error Rate | Loss     | Error Rate |
---------------------------------------------------------------
    1 |   2.6565 |     66.018 |   1.9443 |     48.924 |     0.1
    2 |   1.8309 |     46.775 |   1.6077 |     46.371 |     0.2
    3 |   1.6115 |     45.809 |   1.5128 |     46.279 |     0.3
    4 |   1.5207 |     45.660 |   1.4533 |     46.279 |     0.4
    5 |   1.4652 |     45.644 |   1.4107 |     45.756 |     0.5
    6 |   1.4223 |     44.968 |   1.3788 |     45.418 |     0.6
    7 |   1.3848 |     44.880 |   1.3466 |     45.387 |     0.7
    8 |   1.3561 |     44.100 |   1.3201 |     44.065 |     0.9
    9 |   1.3312 |     43.930 |   1.3022 |     43.727 |     1.0
   10 |   1.3054 |     42.881 |   1.2813 |     44.004 |     1.1
   11 |   1.2916 |     42.787 |   1.2699 |     44.034 |     1.2
   12 |   1.2755 |     42.612 |   1.2519 |     43.020 |     1.3
   13 |   1.2557 |     42.073 |   1.2427 |     42.220 |     1.4
   14 |   1.2468 |     41.919 |   1.2377 |     43.020 |     1.5
   15 |   1.2305 |     41.875 |   1.2195 |     41.667 |     1.6
   16 |   1.2190 |     41.211 |   1.2132 |     41.605 |     1.8
   17 |   1.2078 |     41.101 |   1.2161 |     42.312 |     1.9
   18 |   1.1975 |     40.788 |   1.2013 |     41.697 |     2.0
   19 |   1.1820 |     40.052 |   1.1896 |     41.482 |     2.1
   20 |   1.1800 |     40.321 |   1.1894 |     41.605 |     2.2
   21 |   1.1679 |     40.200 |   1.1715 |     40.959 |     2.3
   22 |   1.1557 |     39.305 |   1.1791 |     41.082 |     2.4
   23 |   1.1472 |     39.453 |   1.1754 |     41.667 |     2.5
   24 |   1.1432 |     39.156 |   1.1662 |     41.451 |     2.6
   25 |   1.1316 |     38.920 |   1.1512 |     40.098 |     2.7
   26 |   1.1252 |     38.590 |   1.1667 |     40.744 |     2.8
   27 |   1.1171 |     38.288 |   1.1428 |     39.668 |     2.9
   28 |   1.1094 |     38.294 |   1.1448 |     40.221 |     3.0
   29 |   1.1034 |     37.871 |   1.1486 |     40.437 |     3.1
   30 |   1.0941 |     37.640 |   1.1412 |     39.975 |     3.2
   31 |   1.0847 |     37.310 |   1.1328 |     39.483 |     3.3
   32 |   1.0805 |     37.234 |   1.1438 |     39.760 |     3.4
   33 |   1.0748 |     37.129 |   1.1440 |     39.391 |     3.5
   34 |   1.0686 |     36.448 |   1.1101 |     38.715 |     3.6
   35 |   1.0572 |     36.497 |   1.1284 |     39.145 |     3.7
   36 |   1.0554 |     36.421 |   1.1236 |     38.622 |     3.8
   37 |   1.0491 |     35.690 |   1.1226 |     39.176 |     3.9
   38 |   1.0419 |     35.987 |   1.0996 |     38.315 |     4.0
   39 |   1.0390 |     35.580 |   1.1038 |     38.315 |     4.1
   40 |   1.0319 |     35.426 |   1.1043 |     37.669 |     4.2
   41 |   1.0220 |     35.091 |   1.0992 |     38.223 |     4.3
   42 |   1.0175 |     34.624 |   1.1155 |     38.376 |     4.4
   43 |   1.0108 |     34.657 |   1.0706 |     37.300 |     4.5
   44 |   1.0103 |     34.817 |   1.0884 |     37.546 |     4.6
   45 |   1.0020 |     34.256 |   1.0890 |     37.731 |     4.7
   46 |   0.9980 |     34.146 |   1.0820 |     37.331 |     4.8
   47 |   0.9899 |     33.740 |   1.0735 |     37.208 |     5.0
Early stopping

Model: Seq2Seq Transformer
Source index: <Seq2Seq Index with 45 items>
Target index: <Seq2Seq Index with 34 items>
Max sequence length: 800
Embedding dimension: 64
Feedforward dimension: 128
Encoder layers: 2
Decoder layers: 2
Attention heads: 2
Activation: relu
Dropout: 0.0
Trainable parameters: 226,146

Training started
X_train.shape: torch.Size([3034, 702])
Y_train.shape: torch.Size([3034, 7])
X_dev.shape: torch.Size([542, 350])
Y_dev.shape: torch.Size([542, 7])
Epochs: 500
Learning rate: 0.001
Weight decay: 1e-05
Epoch | Train                 | Development           | Minutes
      | Loss     | Error Rate | Loss     | Error Rate |
---------------------------------------------------------------
    1 |   1.6259 |     47.490 |   1.3514 |     44.988 |     0.1
    2 |   1.2730 |     43.056 |   1.2408 |     42.036 |     0.1
    3 |   1.1851 |     40.832 |   1.1721 |     40.375 |     0.2
    4 |   1.1174 |     38.415 |   1.1259 |     39.483 |     0.2
    5 |   1.0669 |     36.866 |   1.0818 |     36.531 |     0.3
    6 |   1.0163 |     35.185 |   1.1000 |     37.946 |     0.4
    7 |   0.9775 |     33.817 |   1.0624 |     37.023 |     0.4
    8 |   0.9354 |     32.405 |   1.0567 |     36.255 |     0.5
    9 |   0.8928 |     30.664 |   1.0487 |     36.101 |     0.6
   10 |   0.8512 |     29.735 |   1.0596 |     35.578 |     0.6
   11 |   0.8116 |     28.082 |   1.0648 |     36.255 |     0.7
   12 |   0.7794 |     26.857 |   1.0825 |     34.779 |     0.7
   13 |   0.7416 |     25.978 |   1.0803 |     35.609 |     0.8
Early stopping

Model: Seq2Seq Transformer
Source index: <Seq2Seq Index with 45 items>
Target index: <Seq2Seq Index with 34 items>
Max sequence length: 800
Embedding dimension: 64
Feedforward dimension: 128
Encoder layers: 4
Decoder layers: 3
Attention heads: 4
Activation: relu
Dropout: 0.0
Trainable parameters: 343,330

Training started
X_train.shape: torch.Size([3034, 702])
Y_train.shape: torch.Size([3034, 7])
X_dev.shape: torch.Size([542, 350])
Y_dev.shape: torch.Size([542, 7])
Epochs: 500
Learning rate: 0.0001
Weight decay: 0.0001
Epoch | Train                 | Development           | Minutes
      | Loss     | Error Rate | Loss     | Error Rate |
---------------------------------------------------------------
    1 |   2.3972 |     56.707 |   1.8657 |     46.710 |     0.2
    2 |   1.6790 |     45.649 |   1.5925 |     46.648 |     0.3
    3 |   1.5220 |     45.292 |   1.4936 |     45.018 |     0.5
    4 |   1.4425 |     44.265 |   1.4345 |     45.049 |     0.6
    5 |   1.3873 |     43.633 |   1.3930 |     45.049 |     0.8
    6 |   1.3430 |     43.194 |   1.3573 |     44.711 |     0.9
    7 |   1.3088 |     42.507 |   1.3360 |     43.481 |     1.1
    8 |   1.2760 |     41.749 |   1.2990 |     42.282 |     1.2
    9 |   1.2499 |     41.238 |   1.2895 |     42.097 |     1.4
   10 |   1.2259 |     40.650 |   1.2646 |     41.697 |     1.5
   11 |   1.2042 |     40.337 |   1.2495 |     41.513 |     1.7
   12 |   1.1859 |     39.629 |   1.2313 |     41.421 |     1.8
   13 |   1.1618 |     39.052 |   1.2450 |     41.021 |     2.0
   14 |   1.1486 |     38.772 |   1.2157 |     40.959 |     2.1
   15 |   1.1309 |     37.871 |   1.2001 |     40.283 |     2.3
   16 |   1.1112 |     37.113 |   1.1999 |     40.006 |     2.4
   17 |   1.0981 |     36.898 |   1.2030 |     40.191 |     2.6
   18 |   1.0826 |     36.481 |   1.1767 |     39.606 |     2.8
   19 |   1.0685 |     35.624 |   1.1769 |     39.606 |     2.9
   20 |   1.0510 |     35.415 |   1.1688 |     39.699 |     3.1
   21 |   1.0417 |     34.899 |   1.1781 |     39.299 |     3.2
   22 |   1.0268 |     34.553 |   1.1696 |     39.268 |     3.4
   23 |   1.0131 |     34.141 |   1.1595 |     39.207 |     3.5
   24 |   1.0011 |     33.531 |   1.1408 |     38.007 |     3.7
   25 |   0.9864 |     33.223 |   1.1432 |     37.638 |     3.8
   26 |   0.9759 |     32.696 |   1.1464 |     38.284 |     4.0
   27 |   0.9615 |     32.240 |   1.1430 |     37.884 |     4.1
   28 |   0.9498 |     31.922 |   1.1384 |     38.100 |     4.3
   29 |   0.9396 |     31.460 |   1.1386 |     38.161 |     4.4
   30 |   0.9252 |     31.114 |   1.1167 |     37.638 |     4.6
   31 |   0.9127 |     30.482 |   1.1460 |     38.038 |     4.7
   32 |   0.8990 |     30.037 |   1.0974 |     36.009 |     4.9
   33 |   0.8886 |     29.702 |   1.1085 |     37.546 |     5.0
   34 |   0.8782 |     29.323 |   1.1637 |     38.038 |     5.2
   35 |   0.8629 |     28.659 |   1.1179 |     37.454 |     5.3
   36 |   0.8531 |     28.582 |   1.1424 |     37.085 |     5.4
Early stopping

Model: Seq2Seq Transformer
Source index: <Seq2Seq Index with 45 items>
Target index: <Seq2Seq Index with 34 items>
Max sequence length: 800
Embedding dimension: 64
Feedforward dimension: 128
Encoder layers: 2
Decoder layers: 2
Attention heads: 2
Activation: relu
Dropout: 0.1
Trainable parameters: 226,146

Training started
X_train.shape: torch.Size([3034, 702])
Y_train.shape: torch.Size([3034, 7])
X_dev.shape: torch.Size([542, 350])
Y_dev.shape: torch.Size([542, 7])
Epochs: 500
Learning rate: 0.0001
Weight decay: 1e-05
Epoch | Train                 | Development           | Minutes
      | Loss     | Error Rate | Loss     | Error Rate |
---------------------------------------------------------------
    1 |   2.6908 |     66.661 |   2.0316 |     48.647 |     0.1
    2 |   1.9126 |     47.429 |   1.6523 |     46.771 |     0.1
    3 |   1.6479 |     46.056 |   1.5326 |     46.710 |     0.2
    4 |   1.5369 |     45.814 |   1.4725 |     46.587 |     0.3
    5 |   1.4827 |     45.858 |   1.4347 |     46.002 |     0.3
    6 |   1.4395 |     45.479 |   1.4059 |     45.664 |     0.4
    7 |   1.4103 |     44.908 |   1.3856 |     46.218 |     0.4
    8 |   1.3817 |     44.693 |   1.3604 |     45.387 |     0.5
    9 |   1.3547 |     44.001 |   1.3402 |     44.957 |     0.6
   10 |   1.3368 |     43.661 |   1.3255 |     44.957 |     0.6
   11 |   1.3166 |     43.364 |   1.3143 |     44.988 |     0.7
   12 |   1.2964 |     42.683 |   1.3033 |     44.373 |     0.8
   13 |   1.2822 |     42.650 |   1.2818 |     43.973 |     0.8
   14 |   1.2654 |     42.156 |   1.2611 |     43.143 |     0.9
   15 |   1.2517 |     42.090 |   1.2761 |     44.526 |     1.0
   16 |   1.2406 |     41.628 |   1.2685 |     42.774 |     1.0
   17 |   1.2309 |     41.310 |   1.2459 |     42.466 |     1.1
   18 |   1.2198 |     41.244 |   1.2529 |     41.974 |     1.1
   19 |   1.2121 |     41.051 |   1.2227 |     41.236 |     1.2
   20 |   1.1998 |     40.650 |   1.2246 |     41.236 |     1.3
   21 |   1.1918 |     40.519 |   1.2130 |     40.990 |     1.3
   22 |   1.1834 |     40.211 |   1.2272 |     41.328 |     1.4
   23 |   1.1714 |     40.008 |   1.1923 |     40.590 |     1.4
   24 |   1.1673 |     39.667 |   1.1865 |     40.375 |     1.5
   25 |   1.1528 |     39.299 |   1.1985 |     40.683 |     1.6
   26 |   1.1507 |     39.200 |   1.1803 |     39.883 |     1.6
   27 |   1.1442 |     38.799 |   1.1951 |     40.191 |     1.7
   28 |   1.1328 |     38.926 |   1.1845 |     40.037 |     1.7
   29 |   1.1299 |     38.821 |   1.1724 |     39.945 |     1.8
   30 |   1.1277 |     38.557 |   1.1804 |     39.668 |     1.9
   31 |   1.1172 |     38.123 |   1.1602 |     39.822 |     1.9
   32 |   1.1112 |     38.107 |   1.1586 |     39.668 |     2.0
   33 |   1.1076 |     38.140 |   1.1504 |     39.760 |     2.0
   34 |   1.0997 |     37.931 |   1.1537 |     40.068 |     2.1
   35 |   1.0960 |     37.206 |   1.1464 |     39.545 |     2.2
   36 |   1.0895 |     37.332 |   1.1452 |     39.360 |     2.2
   37 |   1.0826 |     37.041 |   1.1447 |     39.268 |     2.3
   38 |   1.0815 |     37.310 |   1.1459 |     38.961 |     2.3
   39 |   1.0748 |     37.118 |   1.1429 |     39.483 |     2.4
   40 |   1.0636 |     36.558 |   1.1494 |     39.453 |     2.5
   41 |   1.0595 |     36.448 |   1.1332 |     38.530 |     2.5
   42 |   1.0616 |     36.745 |   1.1404 |     38.899 |     2.6
   43 |   1.0554 |     36.283 |   1.1306 |     38.715 |     2.6
   44 |   1.0521 |     36.118 |   1.1356 |     39.022 |     2.7
   45 |   1.0404 |     35.619 |   1.1258 |     37.977 |     2.8
   46 |   1.0377 |     35.646 |   1.1237 |     37.915 |     2.8
   47 |   1.0410 |     36.053 |   1.1366 |     38.438 |     2.9
   48 |   1.0296 |     35.404 |   1.1079 |     37.792 |     2.9
   49 |   1.0250 |     35.382 |   1.1188 |     37.731 |     3.0
   50 |   1.0227 |     35.498 |   1.1271 |     37.946 |     3.1
   51 |   1.0141 |     34.932 |   1.1143 |     37.915 |     3.1
   52 |   1.0107 |     34.762 |   1.1145 |     37.669 |     3.2
Early stopping

Model: Seq2Seq Transformer
Source index: <Seq2Seq Index with 45 items>
Target index: <Seq2Seq Index with 34 items>
Max sequence length: 800
Embedding dimension: 64
Feedforward dimension: 128
Encoder layers: 2
Decoder layers: 3
Attention heads: 2
Activation: relu
Dropout: 0.1
Trainable parameters: 276,386

Training started
X_train.shape: torch.Size([3034, 702])
Y_train.shape: torch.Size([3034, 7])
X_dev.shape: torch.Size([542, 350])
Y_dev.shape: torch.Size([542, 7])
Epochs: 500
Learning rate: 0.0001
Weight decay: 0.0001
Epoch | Train                 | Development           | Minutes
      | Loss     | Error Rate | Loss     | Error Rate |
---------------------------------------------------------------
    1 |   2.6716 |     64.524 |   2.0137 |     50.769 |     0.1
    2 |   1.8582 |     47.094 |   1.6344 |     47.294 |     0.1
    3 |   1.6141 |     46.144 |   1.5200 |     46.679 |     0.2
    4 |   1.5173 |     45.886 |   1.4558 |     46.095 |     0.3
    5 |   1.4639 |     45.732 |   1.4152 |     46.095 |     0.3
    6 |   1.4225 |     45.391 |   1.3866 |     46.002 |     0.4
    7 |   1.3902 |     45.078 |   1.3609 |     45.849 |     0.5
    8 |   1.3677 |     44.534 |   1.3430 |     44.895 |     0.5
    9 |   1.3482 |     44.441 |   1.3239 |     44.649 |     0.6
   10 |   1.3300 |     44.106 |   1.3139 |     44.557 |     0.7
   11 |   1.3128 |     43.677 |   1.2938 |     44.065 |     0.7
   12 |   1.3009 |     43.534 |   1.2760 |     44.311 |     0.8
   13 |   1.2861 |     43.276 |   1.2659 |     43.911 |     0.9
   14 |   1.2744 |     43.133 |   1.2542 |     43.696 |     0.9
   15 |   1.2594 |     42.568 |   1.2436 |     43.389 |     1.0
   16 |   1.2467 |     42.194 |   1.2333 |     43.050 |     1.1
   17 |   1.2394 |     42.474 |   1.2215 |     42.589 |     1.1
   18 |   1.2262 |     41.958 |   1.2179 |     42.774 |     1.2
   19 |   1.2145 |     41.441 |   1.2154 |     42.343 |     1.3
   20 |   1.2114 |     41.584 |   1.2101 |     42.128 |     1.3
   21 |   1.2012 |     41.233 |   1.2034 |     42.651 |     1.4
   22 |   1.1932 |     40.925 |   1.1961 |     42.282 |     1.5
   23 |   1.1872 |     40.760 |   1.1838 |     41.328 |     1.5
   24 |   1.1790 |     40.601 |   1.1942 |     42.189 |     1.6
   25 |   1.1762 |     40.612 |   1.1707 |     40.775 |     1.7
   26 |   1.1660 |     40.140 |   1.1887 |     41.636 |     1.7
   27 |   1.1620 |     40.453 |   1.1758 |     41.144 |     1.8
   28 |   1.1514 |     39.914 |   1.1669 |     41.082 |     1.9
   29 |   1.1486 |     39.837 |   1.1710 |     41.205 |     2.0
   30 |   1.1453 |     39.782 |   1.1711 |     40.590 |     2.0
   31 |   1.1353 |     39.118 |   1.1570 |     40.652 |     2.1
   32 |   1.1272 |     38.958 |   1.1667 |     40.867 |     2.2
   33 |   1.1234 |     38.964 |   1.1651 |     40.683 |     2.2
   34 |   1.1186 |     38.980 |   1.1486 |     39.975 |     2.3
   35 |   1.1097 |     38.459 |   1.1418 |     39.668 |     2.4
   36 |   1.1062 |     38.332 |   1.1507 |     39.760 |     2.4
   37 |   1.1019 |     38.222 |   1.1544 |     40.252 |     2.5
   38 |   1.0947 |     38.360 |   1.1723 |     40.775 |     2.6
   39 |   1.0918 |     37.871 |   1.1200 |     39.668 |     2.6
   40 |   1.0826 |     37.651 |   1.1285 |     39.883 |     2.7
   41 |   1.0823 |     38.063 |   1.1532 |     40.221 |     2.8
   42 |   1.0736 |     37.420 |   1.1414 |     39.699 |     2.8
   43 |   1.0698 |     37.129 |   1.1542 |     39.729 |     2.9
Early stopping

Model: Seq2Seq Transformer
Source index: <Seq2Seq Index with 45 items>
Target index: <Seq2Seq Index with 34 items>
Max sequence length: 800
Embedding dimension: 64
Feedforward dimension: 128
Encoder layers: 4
Decoder layers: 4
Attention heads: 2
Activation: relu
Dropout: 0.2
Trainable parameters: 393,570

Training started
X_train.shape: torch.Size([3034, 702])
Y_train.shape: torch.Size([3034, 7])
X_dev.shape: torch.Size([542, 350])
Y_dev.shape: torch.Size([542, 7])
Epochs: 500
Learning rate: 0.0001
Weight decay: 1e-05
Epoch | Train                 | Development           | Minutes
      | Loss     | Error Rate | Loss     | Error Rate |
---------------------------------------------------------------
    1 |   2.8691 |     70.918 |   2.1395 |     54.859 |     0.1
    2 |   2.0966 |     49.258 |   1.7245 |     46.956 |     0.2
    3 |   1.7559 |     46.221 |   1.5879 |     47.263 |     0.3
    4 |   1.6176 |     46.204 |   1.5116 |     46.371 |     0.5
    5 |   1.5440 |     46.028 |   1.4670 |     46.248 |     0.6
    6 |   1.4968 |     45.897 |   1.4378 |     46.095 |     0.7
    7 |   1.4635 |     45.787 |   1.4188 |     46.556 |     0.8
    8 |   1.4387 |     45.721 |   1.3988 |     46.371 |     0.9
    9 |   1.4090 |     45.237 |   1.3818 |     45.603 |     1.0
   10 |   1.3905 |     44.902 |   1.3637 |     44.803 |     1.1
   11 |   1.3790 |     44.776 |   1.3519 |     44.803 |     1.2
   12 |   1.3612 |     44.353 |   1.3494 |     44.865 |     1.4
   13 |   1.3486 |     44.111 |   1.3602 |     44.988 |     1.5
   14 |   1.3328 |     44.023 |   1.3578 |     44.926 |     1.6
   15 |   1.3212 |     43.595 |   1.3286 |     44.250 |     1.7
   16 |   1.3100 |     43.128 |   1.3485 |     44.280 |     1.8
   17 |   1.3001 |     43.095 |   1.3417 |     44.772 |     1.9
   18 |   1.2870 |     42.562 |   1.3205 |     44.127 |     2.0
   19 |   1.2781 |     42.540 |   1.3197 |     43.881 |     2.1
   20 |   1.2650 |     42.287 |   1.3077 |     43.696 |     2.3
   21 |   1.2603 |     42.167 |   1.2892 |     43.020 |     2.4
   22 |   1.2499 |     42.079 |   1.3065 |     44.065 |     2.5
   23 |   1.2441 |     41.595 |   1.3170 |     43.727 |     2.6
   24 |   1.2339 |     41.178 |   1.2845 |     42.620 |     2.7
   25 |   1.2239 |     41.354 |   1.2743 |     43.081 |     2.8
   26 |   1.2172 |     40.936 |   1.2908 |     43.112 |     2.9
   27 |   1.2136 |     40.738 |   1.2449 |     41.943 |     3.0
   28 |   1.2007 |     41.007 |   1.2647 |     42.651 |     3.2
   29 |   1.1964 |     40.656 |   1.2676 |     42.159 |     3.3
   30 |   1.1897 |     40.661 |   1.2359 |     41.851 |     3.4
   31 |   1.1839 |     40.189 |   1.2616 |     42.220 |     3.5
   32 |   1.1746 |     40.151 |   1.2711 |     42.958 |     3.6
   33 |   1.1710 |     39.942 |   1.2337 |     41.513 |     3.7
   34 |   1.1621 |     39.804 |   1.2681 |     42.651 |     3.8
   35 |   1.1592 |     39.810 |   1.2341 |     41.605 |     4.0
   36 |   1.1534 |     39.118 |   1.2744 |     42.743 |     4.1
   37 |   1.1447 |     39.195 |   1.2626 |     42.005 |     4.2
   38 |   1.1365 |     38.673 |   1.2310 |     40.990 |     4.3
   39 |   1.1292 |     38.481 |   1.2307 |     40.836 |     4.4
   40 |   1.1345 |     38.953 |   1.2047 |     40.252 |     4.5
   41 |   1.1284 |     38.497 |   1.2240 |     40.652 |     4.6
   42 |   1.1138 |     38.167 |   1.2200 |     40.990 |     4.7
   43 |   1.1115 |     38.036 |   1.2662 |     41.882 |     4.9
   44 |   1.1073 |     37.843 |   1.2283 |     40.990 |     5.0
Early stopping

Model: Seq2Seq Transformer
Source index: <Seq2Seq Index with 45 items>
Target index: <Seq2Seq Index with 34 items>
Max sequence length: 800
Embedding dimension: 128
Feedforward dimension: 128
Encoder layers: 2
Decoder layers: 2
Attention heads: 4
Activation: relu
Dropout: 0.1
Trainable parameters: 648,354

Training started
X_train.shape: torch.Size([3034, 702])
Y_train.shape: torch.Size([3034, 7])
X_dev.shape: torch.Size([542, 350])
Y_dev.shape: torch.Size([542, 7])
Epochs: 500
Learning rate: 0.0001
Weight decay: 0.0001
Epoch | Train                 | Development           | Minutes
      | Loss     | Error Rate | Loss     | Error Rate |
---------------------------------------------------------------
    1 |   2.2248 |     54.428 |   1.5934 |     46.740 |     0.1
    2 |   1.5432 |     45.990 |   1.4244 |     46.371 |     0.2
    3 |   1.4238 |     45.391 |   1.3679 |     45.326 |     0.3
    4 |   1.3662 |     44.672 |   1.3288 |     44.742 |     0.4
    5 |   1.3264 |     43.611 |   1.2896 |     43.358 |     0.5
    6 |   1.2938 |     42.886 |   1.2639 |     42.804 |     0.6
    7 |   1.2664 |     42.073 |   1.2478 |     43.327 |     0.7
    8 |   1.2419 |     41.667 |   1.2304 |     41.790 |     0.8
    9 |   1.2177 |     41.117 |   1.2127 |     41.943 |     0.9
   10 |   1.1968 |     40.683 |   1.2016 |     41.728 |     1.0
   11 |   1.1730 |     39.909 |   1.1765 |     40.560 |     1.1
   12 |   1.1581 |     39.288 |   1.1733 |     40.344 |     1.2
   13 |   1.1368 |     38.689 |   1.1503 |     39.176 |     1.3
   14 |   1.1160 |     37.975 |   1.1523 |     39.514 |     1.4
   15 |   1.1031 |     37.030 |   1.1388 |     38.930 |     1.5
   16 |   1.0869 |     36.860 |   1.1240 |     38.100 |     1.6
   17 |   1.0715 |     36.322 |   1.1317 |     38.315 |     1.7
   18 |   1.0548 |     36.025 |   1.1224 |     38.561 |     1.8
   19 |   1.0397 |     35.250 |   1.1214 |     38.438 |     1.9
   20 |   1.0272 |     35.108 |   1.1184 |     38.223 |     2.0
   21 |   1.0124 |     34.383 |   1.1172 |     37.854 |     2.1
   22 |   1.0019 |     34.075 |   1.0947 |     36.962 |     2.2
   23 |   0.9864 |     33.405 |   1.0857 |     36.962 |     2.3
   24 |   0.9686 |     32.630 |   1.0988 |     36.685 |     2.4
   25 |   0.9635 |     32.713 |   1.0970 |     36.716 |     2.5
   26 |   0.9474 |     31.911 |   1.0871 |     36.162 |     2.6
   27 |   0.9410 |     32.191 |   1.0968 |     36.347 |     2.7
   28 |   0.9229 |     31.092 |   1.0765 |     35.670 |     2.8
   29 |   0.9126 |     30.581 |   1.0720 |     36.101 |     2.9
   30 |   0.9068 |     30.543 |   1.0767 |     36.531 |     3.0
   31 |   0.8942 |     30.367 |   1.0764 |     35.824 |     3.1
   32 |   0.8808 |     29.625 |   1.0893 |     36.501 |     3.1
   33 |   0.8708 |     29.499 |   1.0728 |     35.455 |     3.2
   34 |   0.8617 |     28.900 |   1.0643 |     35.578 |     3.3
   35 |   0.8545 |     28.939 |   1.0837 |     36.132 |     3.4
   36 |   0.8405 |     28.060 |   1.0864 |     35.916 |     3.5
   37 |   0.8319 |     28.356 |   1.0858 |     36.039 |     3.6
   38 |   0.8234 |     27.780 |   1.0774 |     35.455 |     3.7
Early stopping

Model: Seq2Seq Transformer
Source index: <Seq2Seq Index with 45 items>
Target index: <Seq2Seq Index with 34 items>
Max sequence length: 800
Embedding dimension: 64
Feedforward dimension: 128
Encoder layers: 2
Decoder layers: 3
Attention heads: 2
Activation: relu
Dropout: 0.1
Trainable parameters: 276,386

Training started
X_train.shape: torch.Size([3034, 702])
Y_train.shape: torch.Size([3034, 7])
X_dev.shape: torch.Size([542, 350])
Y_dev.shape: torch.Size([542, 7])
Epochs: 500
Learning rate: 0.0001
Weight decay: 1e-05
Epoch | Train                 | Development           | Minutes
      | Loss     | Error Rate | Loss     | Error Rate |
---------------------------------------------------------------
    1 |   2.5574 |     60.036 |   1.9123 |     47.079 |     0.1
    2 |   1.8173 |     46.429 |   1.6028 |     46.556 |     0.1
    3 |   1.6073 |     45.891 |   1.5035 |     46.371 |     0.2
    4 |   1.5163 |     45.633 |   1.4445 |     46.248 |     0.3
    5 |   1.4558 |     45.325 |   1.4044 |     46.033 |     0.3
    6 |   1.4148 |     44.847 |   1.3730 |     44.403 |     0.4
    7 |   1.3821 |     44.721 |   1.3490 |     44.711 |     0.5
    8 |   1.3604 |     44.490 |   1.3299 |     43.727 |     0.5
    9 |   1.3382 |     44.089 |   1.3171 |     45.049 |     0.6
   10 |   1.3204 |     43.721 |   1.2985 |     43.481 |     0.7
   11 |   1.3039 |     43.534 |   1.2838 |     43.542 |     0.7
   12 |   1.2870 |     42.903 |   1.2733 |     43.050 |     0.8
   13 |   1.2719 |     43.117 |   1.2578 |     43.204 |     0.9
   14 |   1.2604 |     42.727 |   1.2449 |     41.851 |     0.9
   15 |   1.2456 |     42.238 |   1.2375 |     43.020 |     1.0
   16 |   1.2339 |     41.897 |   1.2253 |     41.943 |     1.1
   17 |   1.2207 |     41.359 |   1.2212 |     42.128 |     1.2
   18 |   1.2110 |     41.282 |   1.1997 |     41.267 |     1.2
   19 |   1.1983 |     40.881 |   1.2099 |     41.790 |     1.3
   20 |   1.1870 |     40.425 |   1.1959 |     41.697 |     1.4
   21 |   1.1801 |     40.288 |   1.1828 |     41.390 |     1.4
   22 |   1.1675 |     39.953 |   1.1864 |     41.267 |     1.5
   23 |   1.1594 |     39.700 |   1.1664 |     40.375 |     1.6
   24 |   1.1495 |     39.607 |   1.1644 |     40.252 |     1.6
   25 |   1.1397 |     39.074 |   1.1689 |     40.498 |     1.7
   26 |   1.1366 |     39.272 |   1.1647 |     40.221 |     1.8
   27 |   1.1267 |     38.821 |   1.1447 |     40.560 |     1.8
   28 |   1.1198 |     38.508 |   1.1569 |     40.006 |     1.9
   29 |   1.1131 |     38.431 |   1.1343 |     39.699 |     2.0
   30 |   1.1060 |     38.255 |   1.1273 |     39.330 |     2.0
   31 |   1.0998 |     38.030 |   1.1140 |     39.176 |     2.1
   32 |   1.0930 |     37.547 |   1.1485 |     39.729 |     2.2
   33 |   1.0853 |     37.289 |   1.1165 |     39.207 |     2.2
   34 |   1.0764 |     36.909 |   1.1145 |     38.930 |     2.3
   35 |   1.0757 |     37.047 |   1.1082 |     38.899 |     2.4
   36 |   1.0666 |     36.728 |   1.1059 |     38.838 |     2.4
   37 |   1.0579 |     36.536 |   1.1114 |     39.268 |     2.5
   38 |   1.0533 |     36.344 |   1.1209 |     39.237 |     2.6
   39 |   1.0458 |     36.168 |   1.1026 |     38.315 |     2.6
   40 |   1.0473 |     35.970 |   1.1013 |     38.376 |     2.7
   41 |   1.0382 |     35.976 |   1.0939 |     37.915 |     2.8
   42 |   1.0327 |     35.459 |   1.1072 |     37.792 |     2.8
   43 |   1.0285 |     35.355 |   1.0950 |     37.761 |     2.9
   44 |   1.0210 |     35.091 |   1.1067 |     37.577 |     3.0
   45 |   1.0177 |     34.712 |   1.0791 |     37.116 |     3.0
   46 |   1.0111 |     34.762 |   1.1034 |     37.546 |     3.1
   47 |   1.0065 |     34.470 |   1.0849 |     37.023 |     3.2
   48 |   1.0032 |     34.531 |   1.0803 |     36.808 |     3.2
   49 |   0.9949 |     34.047 |   1.0690 |     36.316 |     3.3
   50 |   0.9915 |     33.784 |   1.0879 |     37.208 |     3.4
   51 |   0.9869 |     34.185 |   1.0889 |     36.501 |     3.4
   52 |   0.9770 |     33.537 |   1.0747 |     36.347 |     3.5
   53 |   0.9726 |     33.234 |   1.0709 |     35.916 |     3.6
Early stopping

Model: Seq2Seq Transformer
Source index: <Seq2Seq Index with 45 items>
Target index: <Seq2Seq Index with 34 items>
Max sequence length: 800
Embedding dimension: 64
Feedforward dimension: 128
Encoder layers: 2
Decoder layers: 3
Attention heads: 2
Activation: relu
Dropout: 0.2
Trainable parameters: 276,386

Training started
X_train.shape: torch.Size([3034, 702])
Y_train.shape: torch.Size([3034, 7])
X_dev.shape: torch.Size([542, 350])
Y_dev.shape: torch.Size([542, 7])
Epochs: 500
Learning rate: 0.0001
Weight decay: 0.0001
Epoch | Train                 | Development           | Minutes
      | Loss     | Error Rate | Loss     | Error Rate |
---------------------------------------------------------------
    1 |   2.8769 |     71.155 |   2.2042 |     53.444 |     0.1
    2 |   2.1023 |     49.665 |   1.6940 |     46.587 |     0.1
    3 |   1.7414 |     46.341 |   1.5556 |     46.587 |     0.2
    4 |   1.5989 |     46.067 |   1.4907 |     46.771 |     0.3
    5 |   1.5289 |     46.028 |   1.4498 |     46.494 |     0.3
    6 |   1.4797 |     45.962 |   1.4173 |     46.525 |     0.4
    7 |   1.4509 |     45.891 |   1.3933 |     46.740 |     0.5
    8 |   1.4162 |     45.463 |   1.3719 |     46.002 |     0.5
    9 |   1.3978 |     45.380 |   1.3528 |     45.695 |     0.6
   10 |   1.3735 |     45.171 |   1.3373 |     44.588 |     0.7
   11 |   1.3596 |     44.886 |   1.3237 |     45.080 |     0.7
   12 |   1.3440 |     44.441 |   1.3194 |     44.373 |     0.8
   13 |   1.3310 |     44.485 |   1.2989 |     44.157 |     0.9
   14 |   1.3209 |     44.320 |   1.2902 |     44.188 |     0.9
   15 |   1.3056 |     43.908 |   1.2799 |     43.173 |     1.0
   16 |   1.3001 |     43.716 |   1.2770 |     43.758 |     1.1
   17 |   1.2877 |     43.359 |   1.2657 |     43.296 |     1.1
   18 |   1.2837 |     43.633 |   1.2618 |     42.897 |     1.2
   19 |   1.2719 |     42.980 |   1.2506 |     42.927 |     1.3
   20 |   1.2694 |     43.045 |   1.2432 |     42.435 |     1.3
   21 |   1.2562 |     42.518 |   1.2330 |     42.343 |     1.4
   22 |   1.2478 |     42.205 |   1.2350 |     42.312 |     1.5
   23 |   1.2407 |     42.265 |   1.2241 |     42.405 |     1.5
   24 |   1.2318 |     42.276 |   1.2238 |     42.220 |     1.6
   25 |   1.2266 |     41.930 |   1.2213 |     42.097 |     1.7
   26 |   1.2220 |     41.590 |   1.2126 |     41.544 |     1.7
   27 |   1.2160 |     41.689 |   1.2217 |     42.159 |     1.8
   28 |   1.2105 |     41.332 |   1.2155 |     41.882 |     1.9
   29 |   1.2069 |     41.403 |   1.2040 |     41.359 |     1.9
   30 |   1.1982 |     40.909 |   1.2122 |     41.759 |     2.0
   31 |   1.1887 |     40.996 |   1.1983 |     41.605 |     2.1
   32 |   1.1889 |     40.744 |   1.1976 |     41.697 |     2.2
   33 |   1.1858 |     40.793 |   1.2169 |     42.066 |     2.2
   34 |   1.1777 |     40.744 |   1.1934 |     40.959 |     2.3
   35 |   1.1692 |     40.118 |   1.2046 |     41.144 |     2.4
   36 |   1.1694 |     39.964 |   1.1878 |     40.898 |     2.4
   37 |   1.1665 |     40.227 |   1.1996 |     41.544 |     2.5
   38 |   1.1610 |     40.063 |   1.1939 |     41.513 |     2.6
   39 |   1.1552 |     39.876 |   1.1701 |     40.867 |     2.6
   40 |   1.1526 |     39.826 |   1.1946 |     40.744 |     2.7
   41 |   1.1452 |     39.458 |   1.2016 |     41.421 |     2.8
   42 |   1.1436 |     39.288 |   1.1735 |     40.344 |     2.8
   43 |   1.1382 |     39.217 |   1.1712 |     40.529 |     2.9
   44 |   1.1339 |     39.030 |   1.1587 |     40.098 |     3.0
   45 |   1.1276 |     38.777 |   1.1696 |     40.437 |     3.0
   46 |   1.1249 |     38.667 |   1.1602 |     40.098 |     3.1
   47 |   1.1280 |     38.667 |   1.1689 |     40.037 |     3.2
   48 |   1.1168 |     38.590 |   1.1775 |     40.098 |     3.2
Early stopping

Model: Seq2Seq Transformer
Source index: <Seq2Seq Index with 45 items>
Target index: <Seq2Seq Index with 34 items>
Max sequence length: 800
Embedding dimension: 64
Feedforward dimension: 64
Encoder layers: 2
Decoder layers: 2
Attention heads: 2
Activation: relu
Dropout: 0.0
Trainable parameters: 193,122

Training started
X_train.shape: torch.Size([3034, 702])
Y_train.shape: torch.Size([3034, 7])
X_dev.shape: torch.Size([542, 350])
Y_dev.shape: torch.Size([542, 7])
Epochs: 500
Learning rate: 0.001
Weight decay: 1e-05
Epoch | Train                 | Development           | Minutes
      | Loss     | Error Rate | Loss     | Error Rate |
---------------------------------------------------------------
    1 |   1.7252 |     49.083 |   1.3741 |     46.033 |     0.1
    2 |   1.2921 |     44.111 |   1.2560 |     43.727 |     0.1
    3 |   1.2032 |     41.282 |   1.2189 |     42.189 |     0.2
    4 |   1.1340 |     38.942 |   1.1700 |     40.775 |     0.2
    5 |   1.0818 |     37.321 |   1.1225 |     39.668 |     0.3
    6 |   1.0288 |     35.844 |   1.1196 |     38.622 |     0.3
    7 |   0.9829 |     33.592 |   1.1238 |     37.577 |     0.4
    8 |   0.9442 |     32.257 |   1.0956 |     36.870 |     0.4
    9 |   0.8983 |     30.686 |   1.1008 |     36.870 |     0.5
   10 |   0.8564 |     29.422 |   1.0724 |     36.162 |     0.6
   11 |   0.8104 |     27.752 |   1.0725 |     34.717 |     0.6
   12 |   0.7786 |     26.642 |   1.0938 |     35.670 |     0.7
   13 |   0.7307 |     24.769 |   1.1280 |     35.055 |     0.7
   14 |   0.6951 |     23.962 |   1.1080 |     35.055 |     0.8
Early stopping

Model: Seq2Seq Transformer
Source index: <Seq2Seq Index with 45 items>
Target index: <Seq2Seq Index with 34 items>
Max sequence length: 800
Embedding dimension: 128
Feedforward dimension: 256
Encoder layers: 4
Decoder layers: 4
Attention heads: 4
Activation: relu
Dropout: 0.2
Trainable parameters: 1,442,466

Training started
X_train.shape: torch.Size([3034, 702])
Y_train.shape: torch.Size([3034, 7])
X_dev.shape: torch.Size([542, 350])
Y_dev.shape: torch.Size([542, 7])
Epochs: 500
Learning rate: 0.001
Weight decay: 1e-05
Epoch | Train                 | Development           | Minutes
      | Loss     | Error Rate | Loss     | Error Rate |
---------------------------------------------------------------
    1 |   1.6647 |     49.577 |   1.3888 |     47.171 |     0.2
    2 |   1.3663 |     45.957 |   1.3219 |     45.418 |     0.4
    3 |   1.3152 |     45.435 |   1.2778 |     45.141 |     0.6
    4 |   1.2793 |     44.842 |   1.2563 |     45.172 |     0.8
    5 |   1.2581 |     44.864 |   1.2359 |     43.512 |     1.0
    6 |   1.2315 |     43.683 |   1.2103 |     44.403 |     1.2
    7 |   1.2206 |     43.584 |   1.2046 |     42.866 |     1.4
    8 |   1.2140 |     43.661 |   1.1938 |     44.004 |     1.6
    9 |   1.1994 |     42.936 |   1.1749 |     43.419 |     1.8
   10 |   1.1898 |     42.436 |   1.1694 |     42.589 |     2.0
   11 |   1.1864 |     42.688 |   1.1676 |     43.050 |     2.1
   12 |   1.1715 |     42.644 |   1.1585 |     42.589 |     2.3
   13 |   1.1671 |     42.507 |   1.1510 |     41.820 |     2.5
   14 |   1.1593 |     42.254 |   1.1423 |     43.143 |     2.7
   15 |   1.1574 |     42.403 |   1.1425 |     42.036 |     2.9
   16 |   1.1502 |     41.859 |   1.1434 |     42.159 |     3.1
   17 |   1.1481 |     42.265 |   1.1393 |     42.343 |     3.3
   18 |   1.1432 |     41.815 |   1.1309 |     41.113 |     3.5
   19 |   1.1386 |     41.974 |   1.1195 |     41.082 |     3.7
   20 |   1.1319 |     41.568 |   1.1285 |     41.175 |     3.9
   21 |   1.1283 |     41.612 |   1.1334 |     41.790 |     4.1
   22 |   1.1272 |     41.634 |   1.1228 |     41.205 |     4.3
   23 |   1.1274 |     41.771 |   1.1110 |     40.806 |     4.5
   24 |   1.1203 |     41.310 |   1.1207 |     41.359 |     4.7
   25 |   1.1205 |     41.480 |   1.1327 |     41.790 |     4.9
   26 |   1.1169 |     41.216 |   1.1079 |     40.683 |     5.1
   27 |   1.1158 |     41.529 |   1.1197 |     41.390 |     5.3
   28 |   1.1089 |     41.524 |   1.1156 |     41.390 |     5.5
   29 |   1.1126 |     41.859 |   1.0986 |     41.974 |     5.7
   30 |   1.1108 |     41.266 |   1.1195 |     41.913 |     5.9
   31 |   1.1072 |     40.837 |   1.1014 |     40.590 |     6.1
   32 |   1.1048 |     41.249 |   1.1095 |     41.082 |     6.3
   33 |   1.0992 |     41.002 |   1.1106 |     41.205 |     6.5
Early stopping

Model: Seq2Seq Transformer
Source index: <Seq2Seq Index with 45 items>
Target index: <Seq2Seq Index with 34 items>
Max sequence length: 800
Embedding dimension: 128
Feedforward dimension: 128
Encoder layers: 2
Decoder layers: 2
Attention heads: 4
Activation: relu
Dropout: 0.2
Trainable parameters: 648,354

Training started
X_train.shape: torch.Size([3034, 702])
Y_train.shape: torch.Size([3034, 7])
X_dev.shape: torch.Size([542, 350])
Y_dev.shape: torch.Size([542, 7])
Epochs: 500
Learning rate: 0.0001
Weight decay: 1e-05
Epoch | Train                 | Development           | Minutes
      | Loss     | Error Rate | Loss     | Error Rate |
---------------------------------------------------------------
    1 |   2.4399 |     60.322 |   1.6905 |     47.325 |     0.1
    2 |   1.6323 |     46.127 |   1.4614 |     46.494 |     0.2
    3 |   1.4799 |     45.891 |   1.3962 |     45.449 |     0.3
    4 |   1.4141 |     45.517 |   1.3609 |     45.387 |     0.4
    5 |   1.3769 |     44.825 |   1.3397 |     45.480 |     0.5
    6 |   1.3413 |     44.172 |   1.3058 |     44.465 |     0.6
    7 |   1.3190 |     43.941 |   1.2923 |     43.542 |     0.7
    8 |   1.2918 |     42.743 |   1.2838 |     43.635 |     0.8
    9 |   1.2705 |     42.238 |   1.2689 |     43.512 |     0.9
   10 |   1.2462 |     41.524 |   1.2487 |     42.189 |     1.0
   11 |   1.2329 |     41.491 |   1.2063 |     40.959 |     1.1
   12 |   1.2133 |     40.887 |   1.2011 |     40.929 |     1.2
   13 |   1.1947 |     40.205 |   1.1853 |     40.560 |     1.3
   14 |   1.1773 |     39.596 |   1.1836 |     40.929 |     1.4
   15 |   1.1638 |     39.414 |   1.1705 |     40.252 |     1.5
   16 |   1.1497 |     38.821 |   1.1668 |     39.791 |     1.6
   17 |   1.1409 |     38.541 |   1.1775 |     40.437 |     1.7
   18 |   1.1267 |     38.404 |   1.1638 |     39.760 |     1.8
   19 |   1.1148 |     37.882 |   1.1481 |     39.576 |     1.9
   20 |   1.1061 |     37.349 |   1.1441 |     39.084 |     2.0
   21 |   1.0857 |     36.635 |   1.1341 |     39.422 |     2.1
   22 |   1.0814 |     36.827 |   1.1357 |     38.653 |     2.2
   23 |   1.0660 |     36.426 |   1.1174 |     37.761 |     2.3
   24 |   1.0593 |     36.064 |   1.1139 |     38.007 |     2.4
   25 |   1.0472 |     35.794 |   1.1085 |     37.669 |     2.5
   26 |   1.0384 |     35.547 |   1.1074 |     37.208 |     2.6
   27 |   1.0264 |     35.080 |   1.1235 |     37.638 |     2.7
   28 |   1.0242 |     35.025 |   1.0966 |     37.454 |     2.8
   29 |   1.0081 |     34.470 |   1.1121 |     37.392 |     2.9
   30 |   1.0027 |     34.262 |   1.1062 |     37.269 |     3.0
   31 |   0.9888 |     33.520 |   1.1141 |     37.761 |     3.1
   32 |   0.9797 |     33.476 |   1.1154 |     37.269 |     3.2
Early stopping

Model: Seq2Seq Transformer
Source index: <Seq2Seq Index with 45 items>
Target index: <Seq2Seq Index with 34 items>
Max sequence length: 800
Embedding dimension: 128
Feedforward dimension: 64
Encoder layers: 2
Decoder layers: 4
Attention heads: 4
Activation: relu
Dropout: 0.0
Trainable parameters: 881,442

Training started
X_train.shape: torch.Size([3034, 702])
Y_train.shape: torch.Size([3034, 7])
X_dev.shape: torch.Size([542, 350])
Y_dev.shape: torch.Size([542, 7])
Epochs: 500
Learning rate: 0.0001
Weight decay: 1e-05
Epoch | Train                 | Development           | Minutes
      | Loss     | Error Rate | Loss     | Error Rate |
---------------------------------------------------------------
    1 |   2.0149 |     53.598 |   1.5292 |     46.771 |     0.1
    2 |   1.4145 |     44.331 |   1.3992 |     46.125 |     0.2
    3 |   1.3221 |     43.144 |   1.3383 |     44.711 |     0.3
    4 |   1.2680 |     42.101 |   1.2900 |     43.635 |     0.4
    5 |   1.2264 |     41.161 |   1.2507 |     42.835 |     0.5
    6 |   1.1870 |     40.255 |   1.2084 |     40.713 |     0.7
    7 |   1.1518 |     38.854 |   1.1937 |     41.298 |     0.8
    8 |   1.1208 |     38.464 |   1.1507 |     39.207 |     0.9
    9 |   1.0888 |     36.975 |   1.1707 |     38.868 |     1.0
   10 |   1.0634 |     36.003 |   1.1187 |     37.577 |     1.1
   11 |   1.0330 |     35.102 |   1.1343 |     38.376 |     1.2
   12 |   1.0082 |     34.185 |   1.1381 |     37.792 |     1.3
   13 |   0.9817 |     33.130 |   1.1282 |     38.315 |     1.4
   14 |   0.9530 |     32.086 |   1.0841 |     36.255 |     1.5
   15 |   0.9281 |     31.317 |   1.0791 |     36.132 |     1.6
   16 |   0.9063 |     30.477 |   1.0772 |     35.455 |     1.7
   17 |   0.8867 |     29.774 |   1.0576 |     35.055 |     1.9
   18 |   0.8570 |     28.763 |   1.0638 |     35.148 |     2.0
   19 |   0.8337 |     27.741 |   1.1073 |     36.039 |     2.1
   20 |   0.8084 |     26.774 |   1.0798 |     35.455 |     2.2
   21 |   0.7886 |     26.296 |   1.0615 |     34.840 |     2.3
Early stopping

Model: Seq2Seq Transformer
Source index: <Seq2Seq Index with 45 items>
Target index: <Seq2Seq Index with 34 items>
Max sequence length: 800
Embedding dimension: 64
Feedforward dimension: 128
Encoder layers: 2
Decoder layers: 4
Attention heads: 4
Activation: relu
Dropout: 0.2
Trainable parameters: 326,626

Training started
X_train.shape: torch.Size([3034, 702])
Y_train.shape: torch.Size([3034, 7])
X_dev.shape: torch.Size([542, 350])
Y_dev.shape: torch.Size([542, 7])
Epochs: 500
Learning rate: 0.0001
Weight decay: 1e-05
Epoch | Train                 | Development           | Minutes
      | Loss     | Error Rate | Loss     | Error Rate |
---------------------------------------------------------------
    1 |   2.8114 |     70.452 |   2.0580 |     51.292 |     0.1
    2 |   2.0488 |     49.225 |   1.6493 |     46.556 |     0.2
    3 |   1.7201 |     46.237 |   1.5345 |     46.556 |     0.3
    4 |   1.5961 |     46.199 |   1.4775 |     46.556 |     0.4
    5 |   1.5276 |     45.869 |   1.4423 |     46.494 |     0.5
    6 |   1.4864 |     45.699 |   1.4159 |     45.726 |     0.6
    7 |   1.4546 |     45.594 |   1.3991 |     46.064 |     0.7
    8 |   1.4275 |     45.270 |   1.3813 |     46.310 |     0.8
    9 |   1.4092 |     45.320 |   1.3736 |     46.587 |     0.9
   10 |   1.3913 |     45.100 |   1.3593 |     45.849 |     1.0
   11 |   1.3760 |     44.930 |   1.3396 |     45.111 |     1.1
   12 |   1.3625 |     44.699 |   1.3339 |     45.849 |     1.2
   13 |   1.3465 |     44.419 |   1.3308 |     45.849 |     1.3
   14 |   1.3350 |     44.567 |   1.3117 |     44.926 |     1.4
   15 |   1.3221 |     43.831 |   1.3033 |     45.172 |     1.5
   16 |   1.3127 |     43.562 |   1.3036 |     45.234 |     1.6
   17 |   1.2987 |     43.611 |   1.2855 |     44.219 |     1.7
   18 |   1.2880 |     43.221 |   1.2782 |     44.588 |     1.8
   19 |   1.2769 |     43.326 |   1.2618 |     44.127 |     1.9
   20 |   1.2605 |     42.716 |   1.2684 |     43.881 |     2.0
   21 |   1.2536 |     42.408 |   1.2654 |     43.850 |     2.1
   22 |   1.2412 |     42.068 |   1.2483 |     43.604 |     2.2
   23 |   1.2348 |     41.848 |   1.2435 |     43.020 |     2.3
   24 |   1.2257 |     41.777 |   1.2403 |     43.143 |     2.4
   25 |   1.2138 |     41.496 |   1.2278 |     42.651 |     2.5
   26 |   1.2102 |     41.255 |   1.2187 |     42.497 |     2.6
   27 |   1.1977 |     40.969 |   1.2328 |     42.282 |     2.7
   28 |   1.1880 |     40.447 |   1.2238 |     42.312 |     2.8
   29 |   1.1859 |     40.612 |   1.2319 |     42.620 |     2.9
   30 |   1.1781 |     40.436 |   1.2207 |     41.667 |     3.0
   31 |   1.1723 |     40.008 |   1.1934 |     41.513 |     3.1
   32 |   1.1645 |     39.733 |   1.1928 |     40.867 |     3.2
   33 |   1.1588 |     39.870 |   1.2178 |     41.482 |     3.3
   34 |   1.1538 |     39.046 |   1.1978 |     41.236 |     3.4
   35 |   1.1479 |     39.354 |   1.2124 |     41.205 |     3.5
   36 |   1.1443 |     38.942 |   1.2048 |     41.113 |     3.6
   37 |   1.1396 |     39.162 |   1.1783 |     40.683 |     3.7
   38 |   1.1323 |     39.063 |   1.1698 |     40.191 |     3.8
   39 |   1.1244 |     38.750 |   1.1800 |     40.129 |     3.9
   40 |   1.1174 |     38.398 |   1.1955 |     41.021 |     4.0
   41 |   1.1121 |     38.151 |   1.1757 |     39.914 |     4.1
   42 |   1.1056 |     37.959 |   1.1806 |     40.221 |     4.2
Early stopping

