Model: Seq2Seq Transformer
Source index: <Seq2Seq Index with 43 items>
Target index: <Seq2Seq Index with 34 items>
Max sequence length: 800
Embedding dimension: 64
Feedforward dimension: 256
Encoder layers: 2
Decoder layers: 2
Attention heads: 2
Activation: relu
Dropout: 0.0
Trainable parameters: 292,066

Training started
X_train.shape: torch.Size([3072, 702])
Y_train.shape: torch.Size([3072, 7])
X_dev.shape: torch.Size([566, 649])
Y_dev.shape: torch.Size([566, 7])
Epochs: 500
Learning rate: 0.001
Weight decay: 1e-05
Epoch | Train                 | Development           | Minutes
      | Loss     | Error Rate | Loss     | Error Rate |
---------------------------------------------------------------
    1 |   1.6090 |     47.038 |   1.3488 |     44.935 |     0.1
    2 |   1.2657 |     42.681 |   1.2202 |     41.667 |     0.1
    3 |   1.1713 |     40.522 |   1.1555 |     40.489 |     0.2
    4 |   1.1100 |     38.558 |   1.1190 |     39.223 |     0.2
    5 |   1.0536 |     36.605 |   1.0853 |     36.543 |     0.3
    6 |   1.0116 |     34.966 |   1.0677 |     36.572 |     0.4
    7 |   0.9728 |     33.664 |   1.0284 |     34.923 |     0.4
    8 |   0.9242 |     32.205 |   1.0155 |     34.011 |     0.5
    9 |   0.8755 |     30.143 |   1.0225 |     35.424 |     0.5
   10 |   0.8425 |     29.167 |   0.9901 |     33.481 |     0.6
   11 |   0.8090 |     28.054 |   0.9911 |     33.569 |     0.6
   12 |   0.7703 |     26.893 |   1.0270 |     33.775 |     0.7
   13 |   0.7227 |     24.962 |   1.0072 |     33.392 |     0.8
   14 |   0.6858 |     23.844 |   1.0230 |     32.862 |     0.8
Early stopping

Model: Seq2Seq Transformer
Source index: <Seq2Seq Index with 43 items>
Target index: <Seq2Seq Index with 34 items>
Max sequence length: 800
Embedding dimension: 128
Feedforward dimension: 128
Encoder layers: 4
Decoder layers: 3
Attention heads: 2
Activation: relu
Dropout: 0.0
Trainable parameters: 1,013,154

Training started
X_train.shape: torch.Size([3072, 702])
Y_train.shape: torch.Size([3072, 7])
X_dev.shape: torch.Size([566, 649])
Y_dev.shape: torch.Size([566, 7])
Epochs: 500
Learning rate: 0.001
Weight decay: 1e-05
Epoch | Train                 | Development           | Minutes
      | Loss     | Error Rate | Loss     | Error Rate |
---------------------------------------------------------------
    1 |   1.5276 |     47.488 |   1.3135 |     45.612 |     0.1
    2 |   1.2638 |     44.303 |   1.2497 |     43.787 |     0.3
    3 |   1.2026 |     43.077 |   1.2101 |     43.080 |     0.4
    4 |   1.1587 |     41.292 |   1.1625 |     42.786 |     0.5
    5 |   1.1355 |     40.582 |   1.1408 |     40.518 |     0.7
    6 |   1.1116 |     40.131 |   1.1252 |     41.137 |     0.8
    7 |   1.0881 |     39.708 |   1.0987 |     38.516 |     1.0
    8 |   1.0702 |     38.688 |   1.1074 |     39.959 |     1.1
    9 |   1.0665 |     38.867 |   1.0976 |     39.753 |     1.2
   10 |   1.0539 |     38.553 |   1.1008 |     40.077 |     1.4
   11 |   1.0451 |     37.869 |   1.1065 |     40.312 |     1.5
   12 |   1.0320 |     37.587 |   1.0781 |     38.781 |     1.6
   13 |   1.0231 |     37.511 |   1.0582 |     38.369 |     1.8
   14 |   1.0238 |     37.560 |   1.0790 |     38.751 |     1.9
   15 |   1.0236 |     37.576 |   1.0718 |     38.928 |     2.1
   16 |   1.0261 |     37.988 |   1.0734 |     39.223 |     2.2
   17 |   1.0201 |     37.272 |   1.0824 |     38.251 |     2.3
Early stopping

Model: Seq2Seq Transformer
Source index: <Seq2Seq Index with 43 items>
Target index: <Seq2Seq Index with 34 items>
Max sequence length: 800
Embedding dimension: 128
Feedforward dimension: 128
Encoder layers: 2
Decoder layers: 2
Attention heads: 4
Activation: relu
Dropout: 0.2
Trainable parameters: 648,098

Training started
X_train.shape: torch.Size([3072, 702])
Y_train.shape: torch.Size([3072, 7])
X_dev.shape: torch.Size([566, 649])
Y_dev.shape: torch.Size([566, 7])
Epochs: 500
Learning rate: 0.0001
Weight decay: 1e-05
Epoch | Train                 | Development           | Minutes
      | Loss     | Error Rate | Loss     | Error Rate |
---------------------------------------------------------------
    1 |   2.4049 |     57.791 |   1.7094 |     46.260 |     0.1
    2 |   1.6506 |     46.305 |   1.4836 |     46.231 |     0.2
    3 |   1.4851 |     46.121 |   1.4082 |     45.524 |     0.3
    4 |   1.4137 |     45.584 |   1.3523 |     44.022 |     0.4
    5 |   1.3666 |     44.618 |   1.3159 |     43.728 |     0.5
    6 |   1.3320 |     44.086 |   1.2776 |     42.373 |     0.6
    7 |   1.2973 |     43.273 |   1.2612 |     42.462 |     0.7
    8 |   1.2707 |     42.155 |   1.2434 |     41.372 |     0.8
    9 |   1.2545 |     41.786 |   1.2156 |     41.137 |     0.9
   10 |   1.2313 |     41.238 |   1.1998 |     40.636 |     1.0
   11 |   1.2124 |     40.826 |   1.1911 |     40.283 |     1.1
   12 |   1.1936 |     40.120 |   1.1837 |     40.224 |     1.2
   13 |   1.1756 |     39.865 |   1.1609 |     39.311 |     1.3
   14 |   1.1612 |     39.171 |   1.1598 |     39.488 |     1.4
   15 |   1.1487 |     39.019 |   1.1488 |     39.252 |     1.5
   16 |   1.1333 |     38.547 |   1.1376 |     38.987 |     1.6
   17 |   1.1178 |     37.956 |   1.1357 |     39.753 |     1.7
   18 |   1.1038 |     37.310 |   1.1395 |     39.193 |     1.8
   19 |   1.0944 |     37.240 |   1.1163 |     37.809 |     1.9
   20 |   1.0803 |     36.605 |   1.1311 |     38.310 |     2.0
   21 |   1.0700 |     36.518 |   1.1237 |     38.663 |     2.1
   22 |   1.0596 |     36.616 |   1.1075 |     37.691 |     2.2
   23 |   1.0471 |     35.802 |   1.1079 |     37.367 |     2.3
   24 |   1.0377 |     35.639 |   1.1065 |     37.927 |     2.4
   25 |   1.0296 |     35.319 |   1.1019 |     37.044 |     2.5
   26 |   1.0148 |     34.804 |   1.1091 |     37.309 |     2.6
   27 |   1.0108 |     34.565 |   1.0970 |     36.926 |     2.7
   28 |   0.9970 |     34.380 |   1.0903 |     36.749 |     2.8
   29 |   0.9837 |     34.028 |   1.0987 |     36.455 |     2.9
   30 |   0.9772 |     33.561 |   1.1047 |     36.779 |     3.0
   31 |   0.9656 |     33.268 |   1.1051 |     36.543 |     3.1
   32 |   0.9592 |     33.002 |   1.0929 |     36.219 |     3.2
Early stopping

Model: Seq2Seq Transformer
Source index: <Seq2Seq Index with 43 items>
Target index: <Seq2Seq Index with 34 items>
Max sequence length: 800
Embedding dimension: 64
Feedforward dimension: 128
Encoder layers: 2
Decoder layers: 2
Attention heads: 4
Activation: relu
Dropout: 0.1
Trainable parameters: 226,018

Training started
X_train.shape: torch.Size([3072, 702])
Y_train.shape: torch.Size([3072, 7])
X_dev.shape: torch.Size([566, 649])
Y_dev.shape: torch.Size([566, 7])
Epochs: 500
Learning rate: 0.001
Weight decay: 1e-05
Epoch | Train                 | Development           | Minutes
      | Loss     | Error Rate | Loss     | Error Rate |
---------------------------------------------------------------
    1 |   1.7201 |     49.056 |   1.3721 |     45.848 |     0.1
    2 |   1.3221 |     44.840 |   1.2647 |     42.638 |     0.2
    3 |   1.2429 |     42.594 |   1.1995 |     41.107 |     0.3
    4 |   1.1921 |     40.804 |   1.1672 |     40.872 |     0.3
    5 |   1.1491 |     39.931 |   1.1607 |     39.959 |     0.4
    6 |   1.1170 |     38.580 |   1.1135 |     38.781 |     0.5
    7 |   1.0794 |     37.381 |   1.0952 |     37.397 |     0.6
    8 |   1.0544 |     36.605 |   1.0757 |     37.868 |     0.7
    9 |   1.0168 |     35.254 |   1.0595 |     36.720 |     0.8
   10 |   0.9987 |     34.950 |   1.0359 |     35.512 |     0.9
   11 |   0.9644 |     33.171 |   1.0276 |     34.953 |     0.9
   12 |   0.9436 |     32.558 |   1.0277 |     34.776 |     1.0
   13 |   0.9205 |     31.787 |   1.0030 |     34.511 |     1.1
   14 |   0.8933 |     30.621 |   0.9856 |     33.657 |     1.2
   15 |   0.8699 |     29.980 |   1.0040 |     34.187 |     1.3
   16 |   0.8487 |     29.384 |   1.0038 |     33.068 |     1.4
   17 |   0.8272 |     28.597 |   0.9985 |     33.628 |     1.5
   18 |   0.8095 |     28.163 |   0.9940 |     33.274 |     1.6
   19 |   0.7827 |     27.365 |   0.9841 |     32.332 |     1.6
   20 |   0.7670 |     26.568 |   1.0124 |     33.068 |     1.7
   21 |   0.7452 |     25.977 |   1.0094 |     32.597 |     1.8
   22 |   0.7261 |     25.060 |   1.0524 |     32.744 |     1.9
   23 |   0.7040 |     24.436 |   1.0157 |     31.596 |     2.0
Early stopping

Model: Seq2Seq Transformer
Source index: <Seq2Seq Index with 43 items>
Target index: <Seq2Seq Index with 34 items>
Max sequence length: 800
Embedding dimension: 128
Feedforward dimension: 64
Encoder layers: 4
Decoder layers: 3
Attention heads: 4
Activation: relu
Dropout: 0.2
Trainable parameters: 898,018

Training started
X_train.shape: torch.Size([3072, 702])
Y_train.shape: torch.Size([3072, 7])
X_dev.shape: torch.Size([566, 649])
Y_dev.shape: torch.Size([566, 7])
Epochs: 500
Learning rate: 0.0001
Weight decay: 1e-05
Epoch | Train                 | Development           | Minutes
      | Loss     | Error Rate | Loss     | Error Rate |
---------------------------------------------------------------
    1 |   2.5319 |     63.900 |   1.8022 |     49.441 |     0.2
    2 |   1.7092 |     46.821 |   1.5093 |     46.201 |     0.4
    3 |   1.5083 |     45.795 |   1.4414 |     46.231 |     0.5
    4 |   1.4394 |     45.828 |   1.3908 |     46.025 |     0.7
    5 |   1.3988 |     45.497 |   1.3479 |     45.082 |     0.9
    6 |   1.3600 |     44.580 |   1.3201 |     43.227 |     1.1
    7 |   1.3261 |     43.468 |   1.2945 |     42.462 |     1.3
    8 |   1.3021 |     42.936 |   1.2800 |     41.991 |     1.5
    9 |   1.2809 |     42.470 |   1.2652 |     41.402 |     1.6
   10 |   1.2567 |     41.873 |   1.2607 |     41.461 |     1.8
   11 |   1.2367 |     41.081 |   1.2334 |     41.225 |     2.0
   12 |   1.2216 |     40.690 |   1.2175 |     40.548 |     2.2
   13 |   1.2018 |     40.267 |   1.2216 |     40.754 |     2.4
   14 |   1.1876 |     39.784 |   1.2035 |     40.312 |     2.6
   15 |   1.1681 |     39.453 |   1.2062 |     40.135 |     2.7
   16 |   1.1531 |     38.856 |   1.1809 |     38.751 |     2.9
   17 |   1.1371 |     38.227 |   1.1817 |     39.340 |     3.1
   18 |   1.1228 |     37.543 |   1.1870 |     39.340 |     3.3
   19 |   1.1050 |     37.294 |   1.1822 |     39.164 |     3.5
   20 |   1.0943 |     37.061 |   1.1926 |     38.722 |     3.7
   21 |   1.0826 |     36.285 |   1.1699 |     38.310 |     3.8
   22 |   1.0672 |     35.715 |   1.1871 |     39.016 |     4.0
   23 |   1.0581 |     35.802 |   1.1829 |     38.722 |     4.2
   24 |   1.0409 |     34.907 |   1.1672 |     37.898 |     4.4
   25 |   1.0276 |     34.760 |   1.1856 |     37.898 |     4.6
   26 |   1.0158 |     34.304 |   1.1721 |     38.310 |     4.8
   27 |   1.0060 |     33.843 |   1.1637 |     37.073 |     4.9
   28 |   0.9940 |     33.854 |   1.1799 |     37.132 |     5.1
   29 |   0.9829 |     33.187 |   1.1781 |     37.750 |     5.3
   30 |   0.9733 |     32.975 |   1.1885 |     37.898 |     5.5
   31 |   0.9616 |     32.384 |   1.2084 |     38.221 |     5.7
Early stopping

Model: Seq2Seq Transformer
Source index: <Seq2Seq Index with 43 items>
Target index: <Seq2Seq Index with 34 items>
Max sequence length: 800
Embedding dimension: 64
Feedforward dimension: 256
Encoder layers: 4
Decoder layers: 3
Attention heads: 4
Activation: relu
Dropout: 0.1
Trainable parameters: 458,786

Training started
X_train.shape: torch.Size([3072, 702])
Y_train.shape: torch.Size([3072, 7])
X_dev.shape: torch.Size([566, 649])
Y_dev.shape: torch.Size([566, 7])
Epochs: 500
Learning rate: 0.001
Weight decay: 0.0001
Epoch | Train                 | Development           | Minutes
      | Loss     | Error Rate | Loss     | Error Rate |
---------------------------------------------------------------
    1 |   1.6565 |     48.058 |   1.3782 |     45.701 |     0.2
    2 |   1.3141 |     44.531 |   1.2928 |     44.788 |     0.3
    3 |   1.2524 |     43.924 |   1.2348 |     43.669 |     0.5
    4 |   1.2238 |     43.376 |   1.1985 |     42.167 |     0.6
    5 |   1.1983 |     42.920 |   1.1948 |     43.316 |     0.8
    6 |   1.1790 |     42.708 |   1.1741 |     42.020 |     1.0
    7 |   1.1698 |     42.654 |   1.1808 |     43.345 |     1.1
    8 |   1.1600 |     42.084 |   1.1673 |     43.581 |     1.3
    9 |   1.1541 |     42.139 |   1.1345 |     40.754 |     1.5
   10 |   1.1415 |     41.938 |   1.1407 |     41.961 |     1.6
   11 |   1.1363 |     41.661 |   1.1451 |     42.403 |     1.8
   12 |   1.1277 |     41.553 |   1.1422 |     42.462 |     2.0
   13 |   1.1232 |     41.607 |   1.1179 |     41.343 |     2.1
   14 |   1.1186 |     40.951 |   1.1219 |     40.754 |     2.3
   15 |   1.1165 |     41.385 |   1.1181 |     41.637 |     2.4
   16 |   1.1112 |     41.330 |   1.1189 |     41.991 |     2.6
   17 |   1.1095 |     40.907 |   1.1057 |     40.842 |     2.8
   18 |   1.1062 |     41.124 |   1.1063 |     41.667 |     2.9
   19 |   1.1019 |     40.793 |   1.1070 |     40.783 |     3.1
   20 |   1.0970 |     40.891 |   1.1085 |     41.902 |     3.3
   21 |   1.0980 |     41.119 |   1.1002 |     41.196 |     3.4
   22 |   1.0916 |     40.685 |   1.0986 |     40.872 |     3.6
   23 |   1.0918 |     41.043 |   1.1012 |     42.079 |     3.8
   24 |   1.0881 |     40.837 |   1.1047 |     40.636 |     3.9
   25 |   1.0851 |     40.652 |   1.0981 |     41.461 |     4.1
   26 |   1.0880 |     40.842 |   1.0936 |     41.284 |     4.2
   27 |   1.0867 |     40.603 |   1.1031 |     41.284 |     4.4
   28 |   1.0813 |     40.310 |   1.0803 |     39.694 |     4.6
   29 |   1.0721 |     40.120 |   1.0795 |     40.724 |     4.7
   30 |   1.0620 |     39.567 |   1.0807 |     39.929 |     4.9
   31 |   1.0570 |     39.214 |   1.0706 |     38.781 |     5.1
   32 |   1.0461 |     38.303 |   1.0688 |     40.018 |     5.2
   33 |   1.0431 |     38.493 |   1.0629 |     39.753 |     5.4
   34 |   1.0376 |     38.460 |   1.0590 |     38.928 |     5.5
   35 |   1.0337 |     38.005 |   1.0558 |     39.016 |     5.7
   36 |   1.0285 |     38.053 |   1.0530 |     38.280 |     5.9
   37 |   1.0183 |     37.549 |   1.0434 |     38.339 |     6.0
   38 |   1.0104 |     37.364 |   1.0390 |     38.604 |     6.2
   39 |   1.0085 |     37.256 |   1.0365 |     38.457 |     6.4
   40 |   1.0018 |     36.675 |   1.0321 |     37.721 |     6.5
   41 |   1.0016 |     36.865 |   1.0332 |     37.868 |     6.7
   42 |   0.9983 |     36.507 |   1.0175 |     37.574 |     6.9
   43 |   0.9915 |     36.447 |   1.0191 |     37.426 |     7.0
   44 |   0.9851 |     36.485 |   1.0279 |     37.574 |     7.2
   45 |   0.9806 |     36.073 |   1.0259 |     38.163 |     7.3
   46 |   0.9713 |     35.813 |   1.0289 |     37.132 |     7.5
Early stopping

Model: Seq2Seq Transformer
Source index: <Seq2Seq Index with 43 items>
Target index: <Seq2Seq Index with 34 items>
Max sequence length: 800
Embedding dimension: 128
Feedforward dimension: 256
Encoder layers: 2
Decoder layers: 3
Attention heads: 2
Activation: relu
Dropout: 0.2
Trainable parameters: 978,466

Training started
X_train.shape: torch.Size([3072, 702])
Y_train.shape: torch.Size([3072, 7])
X_dev.shape: torch.Size([566, 649])
Y_dev.shape: torch.Size([566, 7])
Epochs: 500
Learning rate: 0.0001
Weight decay: 0.0001
Epoch | Train                 | Development           | Minutes
      | Loss     | Error Rate | Loss     | Error Rate |
---------------------------------------------------------------
    1 |   2.2787 |     56.966 |   1.6118 |     46.260 |     0.1
    2 |   1.5914 |     46.164 |   1.4642 |     46.702 |     0.2
    3 |   1.4627 |     46.143 |   1.3934 |     46.290 |     0.3
    4 |   1.4077 |     45.741 |   1.3525 |     45.907 |     0.4
    5 |   1.3697 |     45.188 |   1.3213 |     45.053 |     0.5
    6 |   1.3432 |     44.868 |   1.2961 |     44.317 |     0.5
    7 |   1.3164 |     44.081 |   1.2751 |     43.286 |     0.6
    8 |   1.2952 |     43.446 |   1.2496 |     41.343 |     0.7
    9 |   1.2737 |     43.039 |   1.2320 |     42.580 |     0.8
   10 |   1.2511 |     42.502 |   1.2277 |     42.638 |     0.9
   11 |   1.2391 |     42.231 |   1.2052 |     40.901 |     1.0
   12 |   1.2280 |     42.090 |   1.2000 |     40.430 |     1.1
   13 |   1.2121 |     41.623 |   1.1925 |     40.960 |     1.2
   14 |   1.1956 |     40.853 |   1.1765 |     39.988 |     1.3
   15 |   1.1815 |     40.343 |   1.1698 |     40.665 |     1.4
   16 |   1.1752 |     40.164 |   1.1388 |     39.046 |     1.5
   17 |   1.1614 |     39.996 |   1.1330 |     38.604 |     1.6
   18 |   1.1525 |     39.648 |   1.1366 |     39.488 |     1.7
   19 |   1.1427 |     39.046 |   1.1166 |     38.428 |     1.7
   20 |   1.1307 |     38.845 |   1.1099 |     38.339 |     1.8
   21 |   1.1255 |     38.536 |   1.1130 |     38.310 |     1.9
   22 |   1.1153 |     38.216 |   1.0995 |     38.457 |     2.0
   23 |   1.1013 |     37.950 |   1.1001 |     37.927 |     2.1
   24 |   1.0954 |     38.010 |   1.0885 |     37.603 |     2.2
   25 |   1.0868 |     37.413 |   1.0819 |     37.603 |     2.3
   26 |   1.0760 |     36.675 |   1.0902 |     37.603 |     2.4
   27 |   1.0753 |     36.849 |   1.0650 |     36.543 |     2.5
   28 |   1.0649 |     36.372 |   1.0713 |     36.837 |     2.6
   29 |   1.0531 |     35.986 |   1.0768 |     37.102 |     2.7
   30 |   1.0499 |     35.845 |   1.0550 |     36.131 |     2.8
   31 |   1.0415 |     35.758 |   1.0589 |     36.278 |     2.9
   32 |   1.0319 |     35.167 |   1.0579 |     36.219 |     2.9
   33 |   1.0282 |     35.200 |   1.0419 |     35.512 |     3.0
   34 |   1.0213 |     34.983 |   1.0458 |     35.895 |     3.1
   35 |   1.0059 |     34.484 |   1.0501 |     35.424 |     3.2
   36 |   1.0039 |     34.191 |   1.0347 |     35.159 |     3.3
   37 |   0.9908 |     33.534 |   1.0310 |     35.365 |     3.4
   38 |   0.9892 |     33.968 |   1.0334 |     34.806 |     3.5
   39 |   0.9808 |     33.539 |   1.0386 |     34.894 |     3.6
   40 |   0.9740 |     33.312 |   1.0261 |     34.865 |     3.7
   41 |   0.9640 |     32.785 |   1.0229 |     34.158 |     3.8
   42 |   0.9575 |     32.802 |   1.0386 |     35.130 |     3.9
   43 |   0.9524 |     32.731 |   1.0325 |     34.482 |     4.0
   44 |   0.9463 |     32.330 |   1.0365 |     34.570 |     4.1
   45 |   0.9363 |     32.086 |   1.0089 |     33.952 |     4.1
   46 |   0.9316 |     31.831 |   0.9998 |     33.834 |     4.2
   47 |   0.9271 |     31.982 |   1.0171 |     34.069 |     4.3
   48 |   0.9194 |     31.510 |   1.0189 |     34.570 |     4.4
   49 |   0.9120 |     31.017 |   1.0142 |     33.392 |     4.5
   50 |   0.9037 |     30.892 |   1.0014 |     33.598 |     4.6
Early stopping

Model: Seq2Seq Transformer
Source index: <Seq2Seq Index with 43 items>
Target index: <Seq2Seq Index with 34 items>
Max sequence length: 800
Embedding dimension: 64
Feedforward dimension: 256
Encoder layers: 4
Decoder layers: 2
Attention heads: 4
Activation: relu
Dropout: 0.1
Trainable parameters: 392,034

Training started
X_train.shape: torch.Size([3072, 702])
Y_train.shape: torch.Size([3072, 7])
X_dev.shape: torch.Size([566, 649])
Y_dev.shape: torch.Size([566, 7])
Epochs: 500
Learning rate: 0.001
Weight decay: 1e-05
Epoch | Train                 | Development           | Minutes
      | Loss     | Error Rate | Loss     | Error Rate |
---------------------------------------------------------------
    1 |   1.6442 |     47.542 |   1.3708 |     45.760 |     0.1
    2 |   1.3125 |     44.808 |   1.2809 |     45.436 |     0.3
    3 |   1.2531 |     44.358 |   1.2239 |     42.756 |     0.5
    4 |   1.2235 |     43.517 |   1.1973 |     42.314 |     0.6
    5 |   1.1919 |     42.589 |   1.1702 |     43.345 |     0.8
    6 |   1.1731 |     42.649 |   1.1592 |     42.314 |     0.9
    7 |   1.1580 |     41.824 |   1.1404 |     42.226 |     1.1
    8 |   1.1421 |     41.233 |   1.1259 |     41.107 |     1.2
    9 |   1.1279 |     41.146 |   1.1204 |     41.107 |     1.4
   10 |   1.1204 |     40.951 |   1.1054 |     39.517 |     1.5
   11 |   1.1071 |     40.701 |   1.0979 |     39.605 |     1.7
   12 |   1.0967 |     40.120 |   1.0883 |     39.753 |     1.9
   13 |   1.0893 |     39.567 |   1.0800 |     39.399 |     2.0
   14 |   1.0692 |     38.520 |   1.0699 |     39.370 |     2.2
   15 |   1.0613 |     38.704 |   1.0642 |     38.163 |     2.3
   16 |   1.0494 |     37.972 |   1.0424 |     38.133 |     2.5
   17 |   1.0387 |     37.983 |   1.0455 |     39.311 |     2.6
   18 |   1.0311 |     37.842 |   1.0337 |     38.163 |     2.8
   19 |   1.0163 |     36.887 |   1.0380 |     37.603 |     2.9
   20 |   1.0096 |     36.990 |   1.0520 |     38.428 |     3.1
   21 |   1.0036 |     36.334 |   1.0290 |     37.956 |     3.3
   22 |   0.9987 |     36.317 |   1.0253 |     38.457 |     3.4
   23 |   0.9879 |     35.856 |   1.0242 |     36.425 |     3.6
   24 |   0.9750 |     35.384 |   1.0182 |     36.926 |     3.7
   25 |   0.9669 |     35.238 |   1.0189 |     36.013 |     3.9
   26 |   0.9588 |     34.738 |   1.0118 |     36.219 |     4.0
   27 |   0.9555 |     34.375 |   1.0105 |     36.955 |     4.2
   28 |   0.9390 |     34.158 |   0.9996 |     36.101 |     4.3
   29 |   0.9278 |     33.317 |   1.0090 |     35.689 |     4.5
   30 |   0.9190 |     33.393 |   0.9955 |     35.836 |     4.7
   31 |   0.9112 |     32.552 |   0.9850 |     35.100 |     4.8
   32 |   0.8964 |     32.042 |   0.9908 |     34.541 |     5.0
   33 |   0.8852 |     31.906 |   1.0008 |     35.483 |     5.1
   34 |   0.8749 |     31.657 |   0.9823 |     34.452 |     5.3
   35 |   0.8687 |     31.017 |   0.9798 |     34.246 |     5.4
   36 |   0.8566 |     30.632 |   0.9651 |     33.510 |     5.6
   37 |   0.8461 |     30.040 |   0.9774 |     34.305 |     5.7
   38 |   0.8370 |     30.062 |   0.9731 |     34.217 |     5.9
   39 |   0.8219 |     29.449 |   0.9878 |     33.834 |     6.0
   40 |   0.8160 |     29.064 |   0.9889 |     34.423 |     6.2
Early stopping

Model: Seq2Seq Transformer
Source index: <Seq2Seq Index with 43 items>
Target index: <Seq2Seq Index with 34 items>
Max sequence length: 800
Embedding dimension: 64
Feedforward dimension: 128
Encoder layers: 2
Decoder layers: 2
Attention heads: 2
Activation: relu
Dropout: 0.1
Trainable parameters: 226,018

Training started
X_train.shape: torch.Size([3072, 702])
Y_train.shape: torch.Size([3072, 7])
X_dev.shape: torch.Size([566, 649])
Y_dev.shape: torch.Size([566, 7])
Epochs: 500
Learning rate: 0.001
Weight decay: 0.0001
Epoch | Train                 | Development           | Minutes
      | Loss     | Error Rate | Loss     | Error Rate |
---------------------------------------------------------------
    1 |   1.7111 |     48.459 |   1.3794 |     46.054 |     0.1
    2 |   1.3295 |     44.255 |   1.2816 |     43.698 |     0.1
    3 |   1.2572 |     42.958 |   1.2359 |     41.814 |     0.2
    4 |   1.2106 |     41.987 |   1.1874 |     40.872 |     0.2
    5 |   1.1739 |     40.967 |   1.1655 |     40.813 |     0.3
    6 |   1.1465 |     39.860 |   1.1293 |     40.018 |     0.4
    7 |   1.1163 |     39.149 |   1.1196 |     39.340 |     0.4
    8 |   1.0892 |     38.189 |   1.1026 |     38.604 |     0.5
    9 |   1.0686 |     37.413 |   1.0941 |     38.045 |     0.5
   10 |   1.0458 |     36.404 |   1.0839 |     38.634 |     0.6
   11 |   1.0297 |     35.867 |   1.0693 |     37.927 |     0.7
   12 |   1.0099 |     35.221 |   1.0481 |     36.131 |     0.7
   13 |   0.9906 |     34.782 |   1.0600 |     36.867 |     0.8
   14 |   0.9863 |     34.201 |   1.0558 |     35.954 |     0.9
   15 |   0.9607 |     33.143 |   1.0513 |     36.042 |     0.9
   16 |   0.9465 |     33.084 |   1.0600 |     36.425 |     1.0
   17 |   0.9355 |     32.747 |   1.0284 |     35.954 |     1.0
   18 |   0.9169 |     31.809 |   1.0350 |     35.777 |     1.1
   19 |   0.9054 |     31.538 |   1.0153 |     34.305 |     1.2
   20 |   0.8843 |     31.125 |   1.0341 |     34.452 |     1.2
   21 |   0.8707 |     30.252 |   1.0206 |     34.658 |     1.3
   22 |   0.8620 |     30.414 |   1.0062 |     33.834 |     1.3
   23 |   0.8434 |     29.156 |   1.0101 |     34.393 |     1.4
   24 |   0.8277 |     28.906 |   1.0191 |     33.451 |     1.5
   25 |   0.8138 |     28.700 |   1.0368 |     33.952 |     1.5
   26 |   0.8006 |     28.082 |   1.0317 |     34.305 |     1.6
Early stopping

Model: Seq2Seq Transformer
Source index: <Seq2Seq Index with 43 items>
Target index: <Seq2Seq Index with 34 items>
Max sequence length: 800
Embedding dimension: 128
Feedforward dimension: 64
Encoder layers: 2
Decoder layers: 2
Attention heads: 4
Activation: relu
Dropout: 0.0
Trainable parameters: 582,306

Training started
X_train.shape: torch.Size([3072, 702])
Y_train.shape: torch.Size([3072, 7])
X_dev.shape: torch.Size([566, 649])
Y_dev.shape: torch.Size([566, 7])
Epochs: 500
Learning rate: 0.001
Weight decay: 1e-05
Epoch | Train                 | Development           | Minutes
      | Loss     | Error Rate | Loss     | Error Rate |
---------------------------------------------------------------
    1 |   1.5029 |     46.853 |   1.2861 |     45.318 |     0.1
    2 |   1.2411 |     42.670 |   1.2016 |     41.902 |     0.2
    3 |   1.1463 |     39.730 |   1.1676 |     41.048 |     0.3
    4 |   1.0757 |     37.245 |   1.1086 |     38.840 |     0.4
    5 |   1.0070 |     34.722 |   1.0627 |     37.898 |     0.5
    6 |   0.9458 |     32.948 |   1.0817 |     37.456 |     0.6
    7 |   0.8905 |     30.718 |   1.0447 |     35.984 |     0.6
    8 |   0.8272 |     28.358 |   1.0560 |     35.689 |     0.7
    9 |   0.7736 |     26.579 |   1.0432 |     34.040 |     0.8
   10 |   0.7268 |     25.016 |   1.0850 |     34.835 |     0.9
   11 |   0.6854 |     23.562 |   1.0719 |     34.423 |     1.0
   12 |   0.6385 |     22.021 |   1.0711 |     33.245 |     1.1
   13 |   0.5979 |     20.633 |   1.1235 |     34.894 |     1.2
Early stopping

Model: Seq2Seq Transformer
Source index: <Seq2Seq Index with 43 items>
Target index: <Seq2Seq Index with 34 items>
Max sequence length: 800
Embedding dimension: 64
Feedforward dimension: 256
Encoder layers: 4
Decoder layers: 2
Attention heads: 2
Activation: relu
Dropout: 0.0
Trainable parameters: 392,034

Training started
X_train.shape: torch.Size([3072, 702])
Y_train.shape: torch.Size([3072, 7])
X_dev.shape: torch.Size([566, 649])
Y_dev.shape: torch.Size([566, 7])
Epochs: 500
Learning rate: 0.0001
Weight decay: 1e-05
Epoch | Train                 | Development           | Minutes
      | Loss     | Error Rate | Loss     | Error Rate |
---------------------------------------------------------------
    1 |   2.3747 |     58.648 |   1.8502 |     47.497 |     0.1
    2 |   1.6664 |     45.692 |   1.5974 |     46.820 |     0.2
    3 |   1.5117 |     45.426 |   1.4893 |     46.437 |     0.3
    4 |   1.4300 |     44.840 |   1.4208 |     45.495 |     0.4
    5 |   1.3715 |     43.555 |   1.3735 |     44.435 |     0.5
    6 |   1.3283 |     42.849 |   1.3324 |     43.551 |     0.6
    7 |   1.2919 |     42.150 |   1.3088 |     42.756 |     0.7
    8 |   1.2633 |     41.498 |   1.2810 |     42.373 |     0.8
    9 |   1.2371 |     41.260 |   1.2598 |     42.462 |     0.9
   10 |   1.2160 |     40.256 |   1.2433 |     41.873 |     1.0
   11 |   1.1954 |     39.779 |   1.2244 |     41.078 |     1.1
   12 |   1.1748 |     39.193 |   1.2029 |     40.430 |     1.2
   13 |   1.1566 |     38.780 |   1.1924 |     38.928 |     1.3
   14 |   1.1385 |     38.135 |   1.1686 |     38.486 |     1.4
   15 |   1.1190 |     37.440 |   1.1745 |     39.311 |     1.5
   16 |   1.1045 |     37.212 |   1.1652 |     38.840 |     1.6
   17 |   1.0850 |     36.268 |   1.1486 |     38.987 |     1.7
   18 |   1.0715 |     35.927 |   1.1363 |     37.780 |     1.8
   19 |   1.0528 |     35.579 |   1.1217 |     37.073 |     1.9
   20 |   1.0390 |     35.232 |   1.1215 |     37.338 |     2.0
   21 |   1.0211 |     34.500 |   1.1181 |     36.926 |     2.1
   22 |   1.0058 |     33.789 |   1.1018 |     36.985 |     2.2
   23 |   0.9924 |     33.561 |   1.0928 |     36.779 |     2.3
   24 |   0.9758 |     33.133 |   1.0953 |     36.926 |     2.3
   25 |   0.9627 |     32.585 |   1.0887 |     36.337 |     2.4
   26 |   0.9439 |     31.950 |   1.0726 |     36.425 |     2.5
   27 |   0.9314 |     31.288 |   1.0766 |     36.131 |     2.6
   28 |   0.9146 |     30.686 |   1.0568 |     35.012 |     2.7
   29 |   0.8980 |     30.149 |   1.0678 |     35.483 |     2.8
   30 |   0.8875 |     29.785 |   1.0698 |     35.424 |     2.9
   31 |   0.8686 |     29.367 |   1.0674 |     34.658 |     3.0
   32 |   0.8573 |     29.020 |   1.0678 |     34.747 |     3.1
   33 |   0.8427 |     28.472 |   1.0441 |     34.069 |     3.2
   34 |   0.8297 |     27.919 |   1.0491 |     34.187 |     3.3
   35 |   0.8156 |     27.317 |   1.0535 |     33.422 |     3.4
   36 |   0.8067 |     27.024 |   1.0546 |     33.952 |     3.5
   37 |   0.7911 |     26.362 |   1.0609 |     33.687 |     3.6
Early stopping

Model: Seq2Seq Transformer
Source index: <Seq2Seq Index with 43 items>
Target index: <Seq2Seq Index with 34 items>
Max sequence length: 800
Embedding dimension: 128
Feedforward dimension: 256
Encoder layers: 4
Decoder layers: 3
Attention heads: 2
Activation: relu
Dropout: 0.1
Trainable parameters: 1,243,426

Training started
X_train.shape: torch.Size([3072, 702])
Y_train.shape: torch.Size([3072, 7])
X_dev.shape: torch.Size([566, 649])
Y_dev.shape: torch.Size([566, 7])
Epochs: 500
Learning rate: 0.001
Weight decay: 0.0001
Epoch | Train                 | Development           | Minutes
      | Loss     | Error Rate | Loss     | Error Rate |
---------------------------------------------------------------
    1 |   1.5525 |     47.965 |   1.3465 |     46.378 |     0.1
    2 |   1.3125 |     45.329 |   1.2769 |     44.906 |     0.3
    3 |   1.2518 |     44.303 |   1.2338 |     44.552 |     0.5
    4 |   1.2207 |     43.538 |   1.1993 |     42.020 |     0.6
    5 |   1.1937 |     43.088 |   1.1866 |     42.727 |     0.8
    6 |   1.1768 |     42.790 |   1.1740 |     43.463 |     0.9
    7 |   1.1689 |     42.714 |   1.1568 |     42.226 |     1.1
    8 |   1.1569 |     41.965 |   1.1544 |     42.491 |     1.2
    9 |   1.1447 |     41.705 |   1.1524 |     42.933 |     1.4
   10 |   1.1350 |     41.884 |   1.1277 |     41.048 |     1.5
   11 |   1.1356 |     41.726 |   1.1306 |     42.344 |     1.7
   12 |   1.1296 |     41.726 |   1.1243 |     41.637 |     1.8
   13 |   1.1225 |     41.363 |   1.1251 |     41.313 |     2.0
   14 |   1.1181 |     41.531 |   1.1238 |     41.578 |     2.1
   15 |   1.1134 |     41.157 |   1.1207 |     42.344 |     2.3
   16 |   1.1105 |     41.092 |   1.1270 |     41.755 |     2.4
   17 |   1.1092 |     41.455 |   1.1090 |     40.901 |     2.6
   18 |   1.1059 |     41.281 |   1.1157 |     41.667 |     2.7
   19 |   1.1068 |     41.667 |   1.1077 |     40.813 |     2.9
   20 |   1.0985 |     40.793 |   1.1052 |     41.431 |     3.1
   21 |   1.0985 |     41.309 |   1.1012 |     41.078 |     3.2
   22 |   1.0978 |     41.271 |   1.1194 |     41.549 |     3.4
   23 |   1.0949 |     41.146 |   1.1057 |     40.400 |     3.5
   24 |   1.0931 |     40.956 |   1.1067 |     41.637 |     3.7
   25 |   1.0926 |     41.113 |   1.1006 |     41.284 |     3.8
   26 |   1.0888 |     40.918 |   1.0962 |     41.107 |     4.0
   27 |   1.0879 |     40.799 |   1.1202 |     42.874 |     4.1
   28 |   1.0909 |     41.043 |   1.0892 |     40.430 |     4.3
   29 |   1.0868 |     40.782 |   1.1034 |     41.902 |     4.4
   30 |   1.0869 |     40.750 |   1.1038 |     42.138 |     4.6
   31 |   1.0880 |     41.043 |   1.1000 |     41.196 |     4.7
   32 |   1.0826 |     40.668 |   1.1085 |     41.225 |     4.9
Early stopping

Model: Seq2Seq Transformer
Source index: <Seq2Seq Index with 43 items>
Target index: <Seq2Seq Index with 34 items>
Max sequence length: 800
Embedding dimension: 128
Feedforward dimension: 64
Encoder layers: 4
Decoder layers: 4
Attention heads: 4
Activation: relu
Dropout: 0.1
Trainable parameters: 1,047,458

Training started
X_train.shape: torch.Size([3072, 702])
Y_train.shape: torch.Size([3072, 7])
X_dev.shape: torch.Size([566, 649])
Y_dev.shape: torch.Size([566, 7])
Epochs: 500
Learning rate: 0.001
Weight decay: 0.0001
Epoch | Train                 | Development           | Minutes
      | Loss     | Error Rate | Loss     | Error Rate |
---------------------------------------------------------------
    1 |   1.6484 |     49.479 |   1.3665 |     46.349 |     0.2
    2 |   1.3293 |     45.345 |   1.2966 |     44.494 |     0.4
    3 |   1.2663 |     43.902 |   1.2406 |     43.551 |     0.6
    4 |   1.2219 |     42.578 |   1.1970 |     41.873 |     0.8
    5 |   1.1974 |     41.640 |   1.2069 |     43.021 |     1.0
    6 |   1.1732 |     41.102 |   1.1720 |     42.138 |     1.1
    7 |   1.1496 |     40.625 |   1.1516 |     42.815 |     1.3
    8 |   1.1303 |     39.941 |   1.1184 |     41.196 |     1.5
    9 |   1.1096 |     39.605 |   1.1118 |     40.813 |     1.7
   10 |   1.0995 |     38.900 |   1.1079 |     39.900 |     1.9
   11 |   1.0819 |     38.677 |   1.1090 |     39.488 |     2.1
   12 |   1.0721 |     38.059 |   1.0743 |     39.664 |     2.3
   13 |   1.0515 |     37.446 |   1.0632 |     38.398 |     2.5
   14 |   1.0452 |     36.990 |   1.0768 |     38.604 |     2.7
   15 |   1.0309 |     36.816 |   1.0760 |     38.192 |     2.9
   16 |   1.0168 |     36.127 |   1.0716 |     38.958 |     3.1
   17 |   1.0068 |     36.122 |   1.0457 |     37.898 |     3.3
   18 |   0.9943 |     35.476 |   1.0437 |     37.397 |     3.5
   19 |   0.9834 |     34.701 |   1.0468 |     36.808 |     3.6
   20 |   0.9726 |     34.809 |   1.0472 |     37.279 |     3.8
   21 |   0.9643 |     34.131 |   1.0501 |     37.456 |     4.0
   22 |   0.9536 |     33.811 |   1.0271 |     36.160 |     4.2
   23 |   0.9459 |     33.344 |   1.0410 |     36.101 |     4.4
   24 |   0.9324 |     33.187 |   1.0353 |     36.307 |     4.6
   25 |   0.9189 |     32.503 |   1.0174 |     35.954 |     4.8
   26 |   0.9117 |     32.308 |   1.0106 |     35.453 |     5.0
   27 |   0.9064 |     32.075 |   1.0240 |     36.366 |     5.2
   28 |   0.8945 |     31.836 |   1.0397 |     36.131 |     5.4
   29 |   0.8862 |     31.288 |   1.0232 |     35.247 |     5.6
   30 |   0.8753 |     31.071 |   1.0104 |     35.188 |     5.8
   31 |   0.8648 |     30.691 |   1.0056 |     35.100 |     6.0
   32 |   0.8474 |     30.273 |   1.0273 |     34.894 |     6.2
   33 |   0.8435 |     30.176 |   1.0044 |     34.452 |     6.3
   34 |   0.8346 |     29.725 |   0.9992 |     35.159 |     6.5
   35 |   0.8336 |     29.536 |   1.0047 |     35.130 |     6.7
   36 |   0.8165 |     28.998 |   1.0115 |     33.981 |     6.9
   37 |   0.7996 |     28.201 |   1.0115 |     34.128 |     7.1
   38 |   0.7966 |     28.196 |   1.0199 |     34.835 |     7.3
Early stopping

Model: Seq2Seq Transformer
Source index: <Seq2Seq Index with 43 items>
Target index: <Seq2Seq Index with 34 items>
Max sequence length: 800
Embedding dimension: 64
Feedforward dimension: 256
Encoder layers: 2
Decoder layers: 4
Attention heads: 2
Activation: relu
Dropout: 0.0
Trainable parameters: 425,570

Training started
X_train.shape: torch.Size([3072, 702])
Y_train.shape: torch.Size([3072, 7])
X_dev.shape: torch.Size([566, 649])
Y_dev.shape: torch.Size([566, 7])
Epochs: 500
Learning rate: 0.001
Weight decay: 1e-05
Epoch | Train                 | Development           | Minutes
      | Loss     | Error Rate | Loss     | Error Rate |
---------------------------------------------------------------
    1 |   1.6080 |     47.266 |   1.3506 |     44.729 |     0.1
    2 |   1.2787 |     43.582 |   1.2668 |     43.375 |     0.1
    3 |   1.1837 |     40.907 |   1.1856 |     40.813 |     0.2
    4 |   1.1126 |     38.775 |   1.1161 |     39.193 |     0.3
    5 |   1.0605 |     37.061 |   1.0818 |     37.986 |     0.4
    6 |   1.0145 |     35.368 |   1.0845 |     37.691 |     0.4
    7 |   0.9726 |     33.713 |   1.0448 |     36.749 |     0.5
    8 |   0.9265 |     32.335 |   1.0521 |     36.131 |     0.6
    9 |   0.8967 |     31.326 |   1.0408 |     35.777 |     0.7
   10 |   0.8451 |     29.259 |   1.0647 |     36.896 |     0.7
   11 |   0.8146 |     28.733 |   1.0602 |     35.807 |     0.8
   12 |   0.7650 |     26.801 |   1.0748 |     35.984 |     0.9
   13 |   0.7249 |     25.396 |   1.0782 |     35.630 |     0.9
Early stopping

Model: Seq2Seq Transformer
Source index: <Seq2Seq Index with 43 items>
Target index: <Seq2Seq Index with 34 items>
Max sequence length: 800
Embedding dimension: 128
Feedforward dimension: 128
Encoder layers: 4
Decoder layers: 2
Attention heads: 4
Activation: relu
Dropout: 0.1
Trainable parameters: 847,266

Training started
X_train.shape: torch.Size([3072, 702])
Y_train.shape: torch.Size([3072, 7])
X_dev.shape: torch.Size([566, 649])
Y_dev.shape: torch.Size([566, 7])
Epochs: 500
Learning rate: 0.0001
Weight decay: 0.0001
Epoch | Train                 | Development           | Minutes
      | Loss     | Error Rate | Loss     | Error Rate |
---------------------------------------------------------------
    1 |   2.1308 |     53.098 |   1.5639 |     47.026 |     0.2
    2 |   1.5161 |     45.801 |   1.4347 |     46.614 |     0.3
    3 |   1.4177 |     45.421 |   1.3646 |     45.465 |     0.5
    4 |   1.3560 |     44.499 |   1.3309 |     44.582 |     0.7
    5 |   1.3145 |     43.647 |   1.3002 |     44.022 |     0.9
    6 |   1.2768 |     42.947 |   1.2795 |     43.610 |     1.1
    7 |   1.2464 |     41.678 |   1.2444 |     42.491 |     1.2
    8 |   1.2200 |     41.168 |   1.2227 |     41.991 |     1.4
    9 |   1.1981 |     40.571 |   1.1948 |     40.724 |     1.6
   10 |   1.1749 |     40.066 |   1.1849 |     40.489 |     1.8
   11 |   1.1514 |     39.062 |   1.1711 |     40.459 |     1.9
   12 |   1.1273 |     38.243 |   1.1569 |     39.694 |     2.1
   13 |   1.1123 |     38.005 |   1.1377 |     38.958 |     2.3
   14 |   1.0959 |     37.375 |   1.1358 |     38.486 |     2.5
   15 |   1.0789 |     36.523 |   1.1310 |     38.634 |     2.6
   16 |   1.0600 |     36.100 |   1.1198 |     38.221 |     2.8
   17 |   1.0455 |     35.541 |   1.1092 |     38.074 |     3.0
   18 |   1.0318 |     35.048 |   1.1019 |     37.633 |     3.2
   19 |   1.0174 |     34.576 |   1.0964 |     37.279 |     3.3
   20 |   1.0032 |     34.239 |   1.1044 |     37.544 |     3.5
   21 |   0.9913 |     33.670 |   1.0999 |     37.544 |     3.7
   22 |   0.9756 |     33.133 |   1.0833 |     36.366 |     3.9
   23 |   0.9614 |     32.682 |   1.1061 |     38.280 |     4.1
   24 |   0.9486 |     32.308 |   1.0902 |     37.397 |     4.2
   25 |   0.9294 |     31.597 |   1.0664 |     35.836 |     4.4
   26 |   0.9231 |     31.315 |   1.0807 |     36.219 |     4.6
   27 |   0.9065 |     30.811 |   1.0857 |     36.425 |     4.8
   28 |   0.8956 |     30.642 |   1.0743 |     36.307 |     4.9
   29 |   0.8805 |     29.818 |   1.0551 |     35.336 |     5.1
   30 |   0.8711 |     29.834 |   1.0669 |     35.395 |     5.3
   31 |   0.8571 |     28.933 |   1.0661 |     35.836 |     5.5
   32 |   0.8524 |     29.237 |   1.0720 |     35.660 |     5.6
   33 |   0.8388 |     28.488 |   1.0592 |     34.923 |     5.8
Early stopping

Model: Seq2Seq Transformer
Source index: <Seq2Seq Index with 43 items>
Target index: <Seq2Seq Index with 34 items>
Max sequence length: 800
Embedding dimension: 64
Feedforward dimension: 256
Encoder layers: 2
Decoder layers: 2
Attention heads: 4
Activation: relu
Dropout: 0.1
Trainable parameters: 292,066

Training started
X_train.shape: torch.Size([3072, 702])
Y_train.shape: torch.Size([3072, 7])
X_dev.shape: torch.Size([566, 649])
Y_dev.shape: torch.Size([566, 7])
Epochs: 500
Learning rate: 0.001
Weight decay: 0.0001
Epoch | Train                 | Development           | Minutes
      | Loss     | Error Rate | Loss     | Error Rate |
---------------------------------------------------------------
    1 |   1.6338 |     47.412 |   1.3562 |     44.935 |     0.1
    2 |   1.3054 |     44.282 |   1.2680 |     43.257 |     0.2
    3 |   1.2490 |     43.278 |   1.2128 |     43.345 |     0.3
    4 |   1.1985 |     42.074 |   1.1946 |     41.608 |     0.4
    5 |   1.1653 |     41.102 |   1.1561 |     40.106 |     0.4
    6 |   1.1358 |     39.827 |   1.1473 |     39.488 |     0.5
    7 |   1.1091 |     39.138 |   1.0985 |     38.575 |     0.6
    8 |   1.0829 |     38.433 |   1.0721 |     37.750 |     0.7
    9 |   1.0652 |     37.402 |   1.0497 |     37.102 |     0.8
   10 |   1.0370 |     36.621 |   1.0660 |     36.661 |     0.9
   11 |   1.0246 |     36.290 |   1.0652 |     37.721 |     1.0
   12 |   1.0034 |     35.384 |   1.0309 |     35.984 |     1.1
   13 |   0.9811 |     34.527 |   1.0273 |     35.188 |     1.1
   14 |   0.9617 |     33.626 |   1.0034 |     35.100 |     1.2
   15 |   0.9414 |     33.317 |   1.0019 |     35.041 |     1.3
   16 |   0.9249 |     32.682 |   1.0078 |     34.894 |     1.4
   17 |   0.9023 |     31.613 |   1.0004 |     34.658 |     1.5
   18 |   0.8887 |     31.250 |   0.9886 |     34.629 |     1.6
   19 |   0.8763 |     30.979 |   0.9872 |     34.011 |     1.7
   20 |   0.8569 |     30.523 |   0.9935 |     33.657 |     1.8
   21 |   0.8396 |     29.780 |   1.0025 |     33.628 |     1.9
   22 |   0.8259 |     28.950 |   1.0000 |     33.687 |     1.9
   23 |   0.8139 |     28.499 |   1.0138 |     34.187 |     2.0
   24 |   0.7946 |     27.951 |   0.9844 |     32.686 |     2.1
   25 |   0.7772 |     27.327 |   0.9983 |     34.011 |     2.2
   26 |   0.7576 |     26.449 |   0.9927 |     32.538 |     2.3
   27 |   0.7416 |     26.177 |   1.0114 |     33.569 |     2.4
   28 |   0.7322 |     25.526 |   1.0157 |     32.627 |     2.5
Early stopping

Model: Seq2Seq Transformer
Source index: <Seq2Seq Index with 43 items>
Target index: <Seq2Seq Index with 34 items>
Max sequence length: 800
Embedding dimension: 64
Feedforward dimension: 64
Encoder layers: 4
Decoder layers: 3
Attention heads: 4
Activation: relu
Dropout: 0.1
Trainable parameters: 285,410

Training started
X_train.shape: torch.Size([3072, 702])
Y_train.shape: torch.Size([3072, 7])
X_dev.shape: torch.Size([566, 649])
Y_dev.shape: torch.Size([566, 7])
Epochs: 500
Learning rate: 0.001
Weight decay: 0.0001
Epoch | Train                 | Development           | Minutes
      | Loss     | Error Rate | Loss     | Error Rate |
---------------------------------------------------------------
    1 |   1.7609 |     49.973 |   1.3948 |     46.378 |     0.1
    2 |   1.3485 |     45.063 |   1.3065 |     44.523 |     0.3
    3 |   1.2907 |     44.320 |   1.2639 |     43.492 |     0.5
    4 |   1.2508 |     43.934 |   1.2279 |     43.286 |     0.6
    5 |   1.2253 |     43.370 |   1.2034 |     43.227 |     0.8
    6 |   1.2011 |     42.670 |   1.1933 |     41.784 |     0.9
    7 |   1.1810 |     42.003 |   1.1535 |     41.490 |     1.1
    8 |   1.1638 |     41.412 |   1.1486 |     41.343 |     1.2
    9 |   1.1455 |     40.603 |   1.1255 |     40.577 |     1.4
   10 |   1.1248 |     39.990 |   1.1235 |     40.518 |     1.5
   11 |   1.1117 |     39.518 |   1.1242 |     39.900 |     1.7
   12 |   1.1026 |     39.290 |   1.1064 |     39.812 |     1.9
   13 |   1.0922 |     38.959 |   1.1044 |     40.312 |     2.0
   14 |   1.0792 |     38.390 |   1.0897 |     38.722 |     2.2
   15 |   1.0712 |     38.520 |   1.0785 |     38.810 |     2.3
   16 |   1.0637 |     38.194 |   1.0746 |     38.575 |     2.5
   17 |   1.0456 |     37.261 |   1.0764 |     37.898 |     2.6
   18 |   1.0414 |     37.196 |   1.0648 |     38.192 |     2.8
   19 |   1.0299 |     36.914 |   1.0567 |     37.544 |     2.9
   20 |   1.0247 |     36.469 |   1.0399 |     37.544 |     3.1
   21 |   1.0119 |     35.975 |   1.0383 |     37.544 |     3.3
   22 |   0.9988 |     35.460 |   1.0353 |     37.044 |     3.4
   23 |   0.9942 |     35.324 |   1.0327 |     36.720 |     3.6
   24 |   0.9899 |     35.010 |   1.0085 |     35.836 |     3.7
   25 |   0.9781 |     34.706 |   1.0061 |     35.660 |     3.9
   26 |   0.9703 |     34.310 |   1.0067 |     35.188 |     4.0
   27 |   0.9591 |     33.838 |   1.0041 |     34.806 |     4.2
   28 |   0.9510 |     33.447 |   1.0024 |     34.658 |     4.3
   29 |   0.9456 |     33.610 |   0.9840 |     33.952 |     4.5
   30 |   0.9312 |     32.964 |   0.9724 |     34.335 |     4.7
   31 |   0.9281 |     32.856 |   0.9679 |     34.776 |     4.8
   32 |   0.9146 |     32.232 |   0.9839 |     33.598 |     5.0
   33 |   0.9090 |     32.048 |   0.9631 |     34.069 |     5.1
   34 |   0.8967 |     31.353 |   0.9637 |     33.893 |     5.3
   35 |   0.8954 |     31.565 |   0.9634 |     33.775 |     5.4
   36 |   0.8869 |     30.984 |   0.9535 |     32.980 |     5.6
   37 |   0.8711 |     30.458 |   0.9686 |     33.628 |     5.7
   38 |   0.8720 |     30.735 |   0.9384 |     32.715 |     5.9
   39 |   0.8642 |     30.339 |   0.9422 |     32.803 |     6.0
   40 |   0.8550 |     30.062 |   0.9440 |     32.008 |     6.2
   41 |   0.8450 |     29.834 |   0.9412 |     32.538 |     6.4
   42 |   0.8340 |     29.324 |   0.9304 |     32.303 |     6.5
   43 |   0.8284 |     28.901 |   0.9376 |     32.420 |     6.7
   44 |   0.8201 |     29.042 |   0.9337 |     32.597 |     6.8
   45 |   0.8158 |     28.613 |   0.9256 |     31.449 |     7.0
   46 |   0.8030 |     28.358 |   0.9436 |     31.714 |     7.1
   47 |   0.7968 |     27.935 |   0.9238 |     30.801 |     7.3
   48 |   0.7894 |     27.973 |   0.9192 |     31.331 |     7.4
   49 |   0.7911 |     27.859 |   0.9421 |     31.449 |     7.6
   50 |   0.7730 |     27.311 |   0.9451 |     31.213 |     7.8
   51 |   0.7667 |     26.888 |   0.9330 |     30.536 |     7.9
   52 |   0.7632 |     26.655 |   0.9192 |     30.506 |     8.1
   53 |   0.7481 |     26.492 |   0.9214 |     30.448 |     8.2
   54 |   0.7436 |     25.928 |   0.9146 |     29.947 |     8.4
   55 |   0.7363 |     25.879 |   0.9457 |     31.125 |     8.5
   56 |   0.7429 |     26.356 |   0.9307 |     30.094 |     8.7
   57 |   0.7156 |     25.098 |   0.9428 |     30.477 |     8.8
   58 |   0.7130 |     25.109 |   0.9303 |     30.418 |     9.0
Early stopping

Model: Seq2Seq Transformer
Source index: <Seq2Seq Index with 43 items>
Target index: <Seq2Seq Index with 34 items>
Max sequence length: 800
Embedding dimension: 64
Feedforward dimension: 64
Encoder layers: 2
Decoder layers: 2
Attention heads: 2
Activation: relu
Dropout: 0.2
Trainable parameters: 192,994

Training started
X_train.shape: torch.Size([3072, 702])
Y_train.shape: torch.Size([3072, 7])
X_dev.shape: torch.Size([566, 649])
Y_dev.shape: torch.Size([566, 7])
Epochs: 500
Learning rate: 0.001
Weight decay: 0.0001
Epoch | Train                 | Development           | Minutes
      | Loss     | Error Rate | Loss     | Error Rate |
---------------------------------------------------------------
    1 |   1.8431 |     50.852 |   1.4059 |     46.172 |     0.1
    2 |   1.3774 |     45.665 |   1.3275 |     44.700 |     0.1
    3 |   1.3117 |     44.298 |   1.2678 |     43.875 |     0.2
    4 |   1.2676 |     43.311 |   1.2239 |     42.550 |     0.2
    5 |   1.2359 |     42.535 |   1.2142 |     42.550 |     0.3
    6 |   1.2086 |     41.477 |   1.1782 |     41.313 |     0.4
    7 |   1.1864 |     40.793 |   1.1671 |     40.636 |     0.4
    8 |   1.1607 |     39.909 |   1.1514 |     39.929 |     0.5
    9 |   1.1476 |     40.044 |   1.1634 |     39.517 |     0.5
   10 |   1.1294 |     39.269 |   1.1499 |     40.077 |     0.6
   11 |   1.1102 |     38.401 |   1.1535 |     39.576 |     0.7
   12 |   1.0895 |     37.777 |   1.1419 |     39.311 |     0.7
   13 |   1.0787 |     37.337 |   1.1304 |     38.693 |     0.8
   14 |   1.0602 |     37.001 |   1.1486 |     39.370 |     0.8
   15 |   1.0482 |     36.334 |   1.1329 |     38.339 |     0.9
   16 |   1.0333 |     36.225 |   1.1352 |     38.339 |     1.0
   17 |   1.0213 |     35.460 |   1.1498 |     39.075 |     1.0
Early stopping

Model: Seq2Seq Transformer
Source index: <Seq2Seq Index with 43 items>
Target index: <Seq2Seq Index with 34 items>
Max sequence length: 800
Embedding dimension: 128
Feedforward dimension: 256
Encoder layers: 2
Decoder layers: 4
Attention heads: 4
Activation: relu
Dropout: 0.1
Trainable parameters: 1,177,250

Training started
X_train.shape: torch.Size([3072, 702])
Y_train.shape: torch.Size([3072, 7])
X_dev.shape: torch.Size([566, 649])
Y_dev.shape: torch.Size([566, 7])
Epochs: 500
Learning rate: 0.001
Weight decay: 0.0001
Epoch | Train                 | Development           | Minutes
      | Loss     | Error Rate | Loss     | Error Rate |
---------------------------------------------------------------
    1 |   1.6094 |     49.338 |   1.3387 |     45.789 |     0.1
    2 |   1.2938 |     44.813 |   1.2649 |     44.641 |     0.2
    3 |   1.2390 |     43.690 |   1.2049 |     42.314 |     0.4
    4 |   1.1959 |     42.274 |   1.1936 |     42.491 |     0.5
    5 |   1.1607 |     40.641 |   1.1522 |     41.755 |     0.6
    6 |   1.1208 |     39.827 |   1.1204 |     40.224 |     0.7
    7 |   1.1026 |     38.748 |   1.1238 |     39.929 |     0.9
    8 |   1.0722 |     37.798 |   1.1026 |     40.077 |     1.0
    9 |   1.0456 |     36.806 |   1.0763 |     38.251 |     1.1
   10 |   1.0260 |     36.133 |   1.0898 |     38.604 |     1.2
   11 |   1.0036 |     35.411 |   1.0584 |     36.985 |     1.4
   12 |   0.9852 |     34.744 |   1.0767 |     37.691 |     1.5
   13 |   0.9707 |     34.478 |   1.0447 |     36.366 |     1.6
   14 |   0.9403 |     33.306 |   1.0377 |     36.837 |     1.7
   15 |   0.9211 |     32.509 |   1.0542 |     36.808 |     1.9
   16 |   0.9072 |     32.216 |   1.0493 |     37.102 |     2.0
   17 |   0.8966 |     31.722 |   1.0341 |     36.072 |     2.1
   18 |   0.8646 |     30.528 |   1.0480 |     36.337 |     2.2
   19 |   0.8565 |     30.588 |   1.0390 |     34.747 |     2.4
   20 |   0.8334 |     29.622 |   1.0431 |     36.190 |     2.5
   21 |   0.8195 |     29.210 |   1.0316 |     34.894 |     2.6
   22 |   0.7929 |     28.033 |   1.0738 |     35.895 |     2.7
   23 |   0.7776 |     27.219 |   1.0693 |     35.041 |     2.9
   24 |   0.7542 |     26.487 |   1.0671 |     35.041 |     3.0
   25 |   0.7326 |     25.998 |   1.0466 |     34.040 |     3.1
Early stopping

Model: Seq2Seq Transformer
Source index: <Seq2Seq Index with 43 items>
Target index: <Seq2Seq Index with 34 items>
Max sequence length: 800
Embedding dimension: 128
Feedforward dimension: 128
Encoder layers: 4
Decoder layers: 3
Attention heads: 2
Activation: relu
Dropout: 0.1
Trainable parameters: 1,013,154

Training started
X_train.shape: torch.Size([3072, 702])
Y_train.shape: torch.Size([3072, 7])
X_dev.shape: torch.Size([566, 649])
Y_dev.shape: torch.Size([566, 7])
Epochs: 500
Learning rate: 0.001
Weight decay: 0.0001
Epoch | Train                 | Development           | Minutes
      | Loss     | Error Rate | Loss     | Error Rate |
---------------------------------------------------------------
    1 |   1.5809 |     48.237 |   1.3283 |     45.318 |     0.1
    2 |   1.3054 |     45.155 |   1.2678 |     44.906 |     0.3
    3 |   1.2660 |     44.759 |   1.2364 |     43.404 |     0.4
    4 |   1.2308 |     43.826 |   1.2159 |     43.669 |     0.6
    5 |   1.2109 |     43.311 |   1.1932 |     43.080 |     0.7
    6 |   1.1930 |     43.197 |   1.1841 |     42.845 |     0.9
    7 |   1.1811 |     42.882 |   1.1648 |     41.843 |     1.0
    8 |   1.1702 |     42.480 |   1.1611 |     41.991 |     1.2
    9 |   1.1627 |     42.502 |   1.1473 |     41.755 |     1.3
   10 |   1.1491 |     42.079 |   1.1374 |     41.284 |     1.5
   11 |   1.1487 |     41.927 |   1.1503 |     41.784 |     1.6
   12 |   1.1406 |     41.699 |   1.1305 |     41.608 |     1.8
   13 |   1.1291 |     41.694 |   1.1354 |     42.314 |     1.9
   14 |   1.1262 |     41.846 |   1.1307 |     41.814 |     2.1
   15 |   1.1195 |     41.146 |   1.1282 |     42.373 |     2.2
   16 |   1.1194 |     41.764 |   1.1142 |     41.961 |     2.3
   17 |   1.1156 |     41.341 |   1.1286 |     41.490 |     2.5
   18 |   1.1152 |     41.482 |   1.1156 |     41.225 |     2.6
   19 |   1.1137 |     41.531 |   1.1197 |     41.078 |     2.8
   20 |   1.1072 |     41.075 |   1.1130 |     40.754 |     2.9
   21 |   1.1054 |     41.471 |   1.1188 |     41.578 |     3.1
   22 |   1.1029 |     41.417 |   1.1209 |     40.400 |     3.2
   23 |   1.1027 |     41.005 |   1.1254 |     41.048 |     3.4
   24 |   1.0971 |     40.641 |   1.1246 |     41.814 |     3.5
Early stopping

Model: Seq2Seq Transformer
Source index: <Seq2Seq Index with 43 items>
Target index: <Seq2Seq Index with 34 items>
Max sequence length: 800
Embedding dimension: 128
Feedforward dimension: 256
Encoder layers: 4
Decoder layers: 2
Attention heads: 4
Activation: relu
Dropout: 0.0
Trainable parameters: 1,044,642

Training started
X_train.shape: torch.Size([3072, 702])
Y_train.shape: torch.Size([3072, 7])
X_dev.shape: torch.Size([566, 649])
Y_dev.shape: torch.Size([566, 7])
Epochs: 500
Learning rate: 0.001
Weight decay: 0.0001
Epoch | Train                 | Development           | Minutes
      | Loss     | Error Rate | Loss     | Error Rate |
---------------------------------------------------------------
    1 |   1.4554 |     46.224 |   1.2767 |     44.788 |     0.2
    2 |   1.2360 |     43.972 |   1.2284 |     44.199 |     0.3
    3 |   1.1902 |     43.224 |   1.2004 |     43.168 |     0.5
    4 |   1.1579 |     41.976 |   1.1731 |     42.815 |     0.7
    5 |   1.1386 |     41.846 |   1.1575 |     41.402 |     0.8
    6 |   1.1225 |     41.873 |   1.1504 |     41.873 |     1.0
    7 |   1.1139 |     41.618 |   1.1422 |     42.786 |     1.2
    8 |   1.1002 |     41.281 |   1.1235 |     42.256 |     1.3
    9 |   1.0942 |     40.961 |   1.1120 |     41.196 |     1.5
   10 |   1.0915 |     40.679 |   1.1357 |     41.225 |     1.7
   11 |   1.0878 |     41.119 |   1.1160 |     41.048 |     1.8
   12 |   1.0842 |     40.750 |   1.1118 |     40.872 |     2.0
   13 |   1.0813 |     40.858 |   1.1070 |     41.313 |     2.2
   14 |   1.0804 |     40.847 |   1.1097 |     41.107 |     2.4
   15 |   1.0716 |     40.457 |   1.1084 |     41.843 |     2.5
   16 |   1.0737 |     40.549 |   1.1070 |     40.724 |     2.7
   17 |   1.0704 |     40.479 |   1.1103 |     41.372 |     2.9
   18 |   1.0706 |     40.489 |   1.0912 |     41.519 |     3.0
   19 |   1.0679 |     40.386 |   1.1006 |     40.989 |     3.2
   20 |   1.0681 |     41.097 |   1.1049 |     40.665 |     3.4
   21 |   1.0666 |     40.310 |   1.1219 |     41.726 |     3.5
   22 |   1.0652 |     40.685 |   1.0907 |     40.724 |     3.7
   23 |   1.0665 |     40.375 |   1.1080 |     41.578 |     3.9
   24 |   1.0623 |     40.484 |   1.1025 |     40.931 |     4.0
   25 |   1.0661 |     40.777 |   1.1002 |     40.548 |     4.2
   26 |   1.0646 |     40.419 |   1.0972 |     40.842 |     4.4
Early stopping

Model: Seq2Seq Transformer
Source index: <Seq2Seq Index with 43 items>
Target index: <Seq2Seq Index with 34 items>
Max sequence length: 800
Embedding dimension: 128
Feedforward dimension: 64
Encoder layers: 4
Decoder layers: 3
Attention heads: 4
Activation: relu
Dropout: 0.2
Trainable parameters: 898,018

Training started
X_train.shape: torch.Size([3072, 702])
Y_train.shape: torch.Size([3072, 7])
X_dev.shape: torch.Size([566, 649])
Y_dev.shape: torch.Size([566, 7])
Epochs: 500
Learning rate: 0.001
Weight decay: 0.0001
Epoch | Train                 | Development           | Minutes
      | Loss     | Error Rate | Loss     | Error Rate |
---------------------------------------------------------------
    1 |   1.6783 |     49.197 |   1.3863 |     46.996 |     0.2
    2 |   1.3282 |     45.264 |   1.3040 |     45.848 |     0.4
    3 |   1.2813 |     45.101 |   1.2627 |     44.552 |     0.5
    4 |   1.2539 |     44.461 |   1.2397 |     44.199 |     0.7
    5 |   1.2275 |     43.799 |   1.2316 |     42.668 |     0.9
    6 |   1.2120 |     43.761 |   1.2112 |     42.609 |     1.1
    7 |   1.1983 |     43.148 |   1.2085 |     43.463 |     1.3
    8 |   1.1857 |     42.795 |   1.1910 |     42.962 |     1.5
    9 |   1.1780 |     42.920 |   1.1840 |     42.491 |     1.6
   10 |   1.1720 |     42.817 |   1.1693 |     42.491 |     1.8
   11 |   1.1663 |     42.556 |   1.1550 |     43.227 |     2.0
   12 |   1.1537 |     42.139 |   1.1521 |     43.345 |     2.2
   13 |   1.1477 |     42.269 |   1.1430 |     41.608 |     2.4
   14 |   1.1438 |     41.862 |   1.1448 |     42.609 |     2.6
   15 |   1.1382 |     41.813 |   1.1577 |     42.521 |     2.7
   16 |   1.1319 |     41.737 |   1.1512 |     42.462 |     2.9
   17 |   1.1308 |     41.672 |   1.1428 |     42.197 |     3.1
   18 |   1.1232 |     41.439 |   1.1355 |     42.167 |     3.3
   19 |   1.1246 |     41.678 |   1.1448 |     41.873 |     3.5
   20 |   1.1213 |     41.471 |   1.1438 |     42.697 |     3.7
   21 |   1.1192 |     41.450 |   1.1412 |     42.903 |     3.8
   22 |   1.1204 |     41.558 |   1.1391 |     42.432 |     4.0
   23 |   1.1145 |     41.661 |   1.1288 |     41.932 |     4.2
   24 |   1.1136 |     41.395 |   1.1288 |     42.609 |     4.4
   25 |   1.1126 |     41.374 |   1.1317 |     41.726 |     4.6
   26 |   1.1091 |     41.168 |   1.1242 |     41.784 |     4.8
   27 |   1.1063 |     41.016 |   1.1301 |     42.933 |     4.9
   28 |   1.1068 |     41.254 |   1.1280 |     42.609 |     5.1
   29 |   1.1016 |     40.847 |   1.1300 |     41.343 |     5.3
   30 |   1.1057 |     41.243 |   1.1180 |     41.048 |     5.5
   31 |   1.1002 |     40.961 |   1.1149 |     41.932 |     5.7
   32 |   1.0928 |     40.549 |   1.0951 |     40.577 |     5.8
   33 |   1.0841 |     40.164 |   1.0981 |     40.135 |     6.0
   34 |   1.0827 |     39.974 |   1.0996 |     40.783 |     6.2
   35 |   1.0747 |     39.361 |   1.1034 |     41.343 |     6.4
   36 |   1.0715 |     39.285 |   1.0822 |     39.488 |     6.6
   37 |   1.0668 |     39.242 |   1.0819 |     39.841 |     6.8
   38 |   1.0578 |     38.959 |   1.0762 |     39.517 |     6.9
   39 |   1.0553 |     38.808 |   1.0991 |     40.106 |     7.1
   40 |   1.0548 |     38.732 |   1.0807 |     38.958 |     7.3
   41 |   1.0477 |     38.460 |   1.0810 |     39.252 |     7.5
   42 |   1.0441 |     38.211 |   1.0850 |     39.576 |     7.7
Early stopping

Model: Seq2Seq Transformer
Source index: <Seq2Seq Index with 43 items>
Target index: <Seq2Seq Index with 34 items>
Max sequence length: 800
Embedding dimension: 128
Feedforward dimension: 128
Encoder layers: 2
Decoder layers: 4
Attention heads: 4
Activation: relu
Dropout: 0.2
Trainable parameters: 979,874

Training started
X_train.shape: torch.Size([3072, 702])
Y_train.shape: torch.Size([3072, 7])
X_dev.shape: torch.Size([566, 649])
Y_dev.shape: torch.Size([566, 7])
Epochs: 500
Learning rate: 0.0001
Weight decay: 0.0001
Epoch | Train                 | Development           | Minutes
      | Loss     | Error Rate | Loss     | Error Rate |
---------------------------------------------------------------
    1 |   2.4734 |     61.496 |   1.7099 |     46.260 |     0.1
    2 |   1.6794 |     46.370 |   1.4742 |     46.260 |     0.2
    3 |   1.5011 |     46.126 |   1.4137 |     46.996 |     0.4
    4 |   1.4378 |     45.741 |   1.3751 |     46.849 |     0.5
    5 |   1.3945 |     45.454 |   1.3421 |     45.406 |     0.6
    6 |   1.3600 |     44.949 |   1.3213 |     44.906 |     0.7
    7 |   1.3351 |     44.195 |   1.2905 |     43.934 |     0.8
    8 |   1.3124 |     43.989 |   1.2667 |     42.992 |     1.0
    9 |   1.2859 |     43.202 |   1.2430 |     42.344 |     1.1
   10 |   1.2685 |     42.860 |   1.2392 |     41.961 |     1.2
   11 |   1.2468 |     42.144 |   1.2133 |     41.696 |     1.3
   12 |   1.2339 |     42.057 |   1.2028 |     41.932 |     1.4
   13 |   1.2160 |     41.504 |   1.1987 |     41.166 |     1.6
   14 |   1.2016 |     40.918 |   1.1801 |     40.665 |     1.7
   15 |   1.1880 |     40.609 |   1.1746 |     40.135 |     1.8
   16 |   1.1820 |     40.620 |   1.1614 |     39.900 |     1.9
   17 |   1.1712 |     40.050 |   1.1554 |     39.841 |     2.0
   18 |   1.1532 |     39.578 |   1.1452 |     38.840 |     2.2
   19 |   1.1420 |     38.900 |   1.1363 |     38.575 |     2.3
   20 |   1.1337 |     38.808 |   1.1260 |     38.339 |     2.4
   21 |   1.1250 |     38.390 |   1.1264 |     38.457 |     2.5
   22 |   1.1165 |     38.216 |   1.1168 |     37.868 |     2.6
   23 |   1.1018 |     37.826 |   1.1123 |     38.045 |     2.8
   24 |   1.0912 |     37.359 |   1.1170 |     37.338 |     2.9
   25 |   1.0843 |     37.174 |   1.0984 |     37.544 |     3.0
   26 |   1.0685 |     36.632 |   1.0896 |     36.926 |     3.1
   27 |   1.0615 |     36.160 |   1.0801 |     36.602 |     3.3
   28 |   1.0521 |     36.155 |   1.0815 |     36.955 |     3.4
   29 |   1.0424 |     35.628 |   1.0831 |     36.749 |     3.5
   30 |   1.0335 |     35.509 |   1.0859 |     36.720 |     3.6
   31 |   1.0277 |     35.297 |   1.0805 |     36.396 |     3.7
   32 |   1.0138 |     34.581 |   1.0671 |     35.247 |     3.9
   33 |   1.0033 |     34.315 |   1.0603 |     34.688 |     4.0
   34 |   0.9961 |     34.158 |   1.0732 |     35.336 |     4.1
   35 |   0.9873 |     33.708 |   1.0693 |     35.512 |     4.2
   36 |   0.9793 |     33.523 |   1.0576 |     35.306 |     4.3
   37 |   0.9689 |     32.856 |   1.0594 |     34.865 |     4.5
   38 |   0.9570 |     32.856 |   1.0713 |     35.188 |     4.6
   39 |   0.9507 |     32.254 |   1.0583 |     35.277 |     4.7
   40 |   0.9406 |     32.140 |   1.0745 |     35.512 |     4.8
Early stopping

Model: Seq2Seq Transformer
Source index: <Seq2Seq Index with 43 items>
Target index: <Seq2Seq Index with 34 items>
Max sequence length: 800
Embedding dimension: 128
Feedforward dimension: 64
Encoder layers: 4
Decoder layers: 2
Attention heads: 4
Activation: relu
Dropout: 0.0
Trainable parameters: 748,578

Training started
X_train.shape: torch.Size([3072, 702])
Y_train.shape: torch.Size([3072, 7])
X_dev.shape: torch.Size([566, 649])
Y_dev.shape: torch.Size([566, 7])
Epochs: 500
Learning rate: 0.001
Weight decay: 1e-05
Epoch | Train                 | Development           | Minutes
      | Loss     | Error Rate | Loss     | Error Rate |
---------------------------------------------------------------
    1 |   1.5309 |     47.564 |   1.3037 |     44.935 |     0.2
    2 |   1.2448 |     44.010 |   1.2366 |     44.229 |     0.3
    3 |   1.1729 |     42.046 |   1.1707 |     42.285 |     0.5
    4 |   1.1384 |     41.124 |   1.1234 |     39.547 |     0.6
    5 |   1.1066 |     39.681 |   1.1147 |     39.870 |     0.8
    6 |   1.0790 |     38.976 |   1.1118 |     40.754 |     1.0
    7 |   1.0560 |     38.146 |   1.0635 |     38.751 |     1.1
    8 |   1.0344 |     37.158 |   1.0776 |     39.046 |     1.3
    9 |   1.0118 |     36.263 |   1.0696 |     38.428 |     1.4
   10 |   0.9975 |     35.666 |   1.0414 |     36.837 |     1.6
   11 |   0.9803 |     35.026 |   1.0544 |     37.691 |     1.8
   12 |   0.9674 |     34.988 |   1.0257 |     35.689 |     1.9
   13 |   0.9506 |     34.234 |   1.0527 |     38.486 |     2.1
   14 |   0.9369 |     33.567 |   1.0366 |     36.249 |     2.2
   15 |   0.9210 |     33.040 |   1.0182 |     35.895 |     2.4
   16 |   0.9005 |     32.530 |   1.0143 |     36.042 |     2.6
   17 |   0.8917 |     32.004 |   1.0077 |     34.953 |     2.7
   18 |   0.8808 |     31.559 |   1.0355 |     36.337 |     2.9
   19 |   0.8657 |     31.082 |   0.9837 |     35.159 |     3.0
   20 |   0.8443 |     30.257 |   1.0120 |     34.923 |     3.2
   21 |   0.8329 |     29.503 |   1.0111 |     35.395 |     3.4
   22 |   0.8260 |     29.552 |   1.0255 |     35.512 |     3.5
   23 |   0.8070 |     28.885 |   1.0026 |     34.040 |     3.7
Early stopping

Model: Seq2Seq Transformer
Source index: <Seq2Seq Index with 43 items>
Target index: <Seq2Seq Index with 34 items>
Max sequence length: 800
Embedding dimension: 128
Feedforward dimension: 256
Encoder layers: 2
Decoder layers: 3
Attention heads: 2
Activation: relu
Dropout: 0.0
Trainable parameters: 978,466

Training started
X_train.shape: torch.Size([3072, 702])
Y_train.shape: torch.Size([3072, 7])
X_dev.shape: torch.Size([566, 649])
Y_dev.shape: torch.Size([566, 7])
Epochs: 500
Learning rate: 0.001
Weight decay: 0.0001
Epoch | Train                 | Development           | Minutes
      | Loss     | Error Rate | Loss     | Error Rate |
---------------------------------------------------------------
    1 |   1.4789 |     46.750 |   1.2719 |     43.993 |     0.1
    2 |   1.2341 |     43.669 |   1.2165 |     43.433 |     0.2
    3 |   1.1789 |     42.117 |   1.1663 |     42.285 |     0.3
    4 |   1.1370 |     40.636 |   1.1420 |     40.312 |     0.3
    5 |   1.1015 |     39.475 |   1.1267 |     41.519 |     0.4
    6 |   1.0747 |     38.493 |   1.0995 |     40.253 |     0.5
    7 |   1.0505 |     37.929 |   1.0984 |     39.782 |     0.6
    8 |   1.0313 |     37.321 |   1.0878 |     39.576 |     0.7
    9 |   1.0105 |     36.214 |   1.0687 |     38.163 |     0.8
   10 |   0.9987 |     35.981 |   1.0643 |     38.192 |     0.9
   11 |   0.9809 |     35.509 |   1.0704 |     38.634 |     1.0
   12 |   0.9714 |     35.048 |   1.0524 |     38.751 |     1.0
   13 |   0.9552 |     34.315 |   1.0577 |     37.515 |     1.1
   14 |   0.9354 |     33.757 |   1.0551 |     37.397 |     1.2
   15 |   0.9193 |     33.480 |   1.0489 |     36.749 |     1.3
   16 |   0.9046 |     32.324 |   1.0227 |     36.337 |     1.4
   17 |   0.8806 |     31.820 |   1.0102 |     35.512 |     1.5
   18 |   0.8625 |     31.179 |   1.0234 |     35.277 |     1.6
   19 |   0.8490 |     30.485 |   0.9978 |     34.806 |     1.7
   20 |   0.8295 |     29.747 |   1.0504 |     35.866 |     1.7
   21 |   0.8104 |     28.982 |   1.0579 |     35.365 |     1.8
   22 |   0.7933 |     28.592 |   1.0105 |     34.600 |     1.9
   23 |   0.7742 |     27.512 |   1.0472 |     34.276 |     2.0
Early stopping

Model: Seq2Seq Transformer
Source index: <Seq2Seq Index with 43 items>
Target index: <Seq2Seq Index with 34 items>
Max sequence length: 800
Embedding dimension: 64
Feedforward dimension: 256
Encoder layers: 2
Decoder layers: 3
Attention heads: 2
Activation: relu
Dropout: 0.0
Trainable parameters: 358,818

Training started
X_train.shape: torch.Size([3072, 702])
Y_train.shape: torch.Size([3072, 7])
X_dev.shape: torch.Size([566, 649])
Y_dev.shape: torch.Size([566, 7])
Epochs: 500
Learning rate: 0.0001
Weight decay: 0.0001
Epoch | Train                 | Development           | Minutes
      | Loss     | Error Rate | Loss     | Error Rate |
---------------------------------------------------------------
    1 |   2.3456 |     55.887 |   1.8061 |     46.260 |     0.1
    2 |   1.6415 |     45.763 |   1.5793 |     46.231 |     0.1
    3 |   1.4994 |     45.171 |   1.4802 |     44.817 |     0.2
    4 |   1.4210 |     44.097 |   1.4165 |     43.905 |     0.3
    5 |   1.3678 |     43.099 |   1.3695 |     44.111 |     0.3
    6 |   1.3243 |     41.905 |   1.3330 |     42.550 |     0.4
    7 |   1.2893 |     41.667 |   1.2937 |     41.991 |     0.5
    8 |   1.2600 |     41.249 |   1.2694 |     41.137 |     0.5
    9 |   1.2325 |     40.674 |   1.2497 |     40.931 |     0.6
   10 |   1.2079 |     40.316 |   1.2283 |     40.842 |     0.7
   11 |   1.1877 |     39.844 |   1.2154 |     40.872 |     0.7
   12 |   1.1706 |     39.480 |   1.1901 |     40.194 |     0.8
   13 |   1.1525 |     38.916 |   1.1805 |     40.283 |     0.9
   14 |   1.1344 |     38.466 |   1.1615 |     39.134 |     0.9
   15 |   1.1183 |     37.755 |   1.1611 |     39.164 |     1.0
   16 |   1.1032 |     37.375 |   1.1368 |     38.339 |     1.1
   17 |   1.0923 |     36.990 |   1.1314 |     38.899 |     1.1
   18 |   1.0733 |     36.301 |   1.1226 |     38.251 |     1.2
   19 |   1.0621 |     35.894 |   1.1109 |     37.809 |     1.3
   20 |   1.0451 |     35.433 |   1.1074 |     38.693 |     1.3
   21 |   1.0348 |     34.993 |   1.1032 |     37.691 |     1.4
   22 |   1.0191 |     34.473 |   1.0797 |     36.484 |     1.5
   23 |   1.0068 |     33.946 |   1.0771 |     37.603 |     1.5
   24 |   0.9951 |     33.626 |   1.0633 |     36.808 |     1.6
   25 |   0.9782 |     32.840 |   1.0614 |     36.042 |     1.7
   26 |   0.9690 |     32.563 |   1.0426 |     35.277 |     1.7
   27 |   0.9558 |     32.378 |   1.0689 |     36.749 |     1.8
   28 |   0.9459 |     32.129 |   1.0429 |     35.601 |     1.9
   29 |   0.9316 |     31.554 |   1.0249 |     34.865 |     1.9
   30 |   0.9190 |     31.299 |   1.0302 |     34.865 |     2.0
   31 |   0.9050 |     30.648 |   1.0186 |     34.982 |     2.1
   32 |   0.9016 |     30.718 |   1.0150 |     34.894 |     2.1
   33 |   0.8848 |     30.111 |   1.0039 |     33.687 |     2.2
   34 |   0.8765 |     29.877 |   1.0065 |     33.775 |     2.3
   35 |   0.8627 |     29.205 |   1.0093 |     34.040 |     2.3
   36 |   0.8568 |     29.026 |   1.0052 |     33.775 |     2.4
   37 |   0.8432 |     28.537 |   0.9866 |     33.009 |     2.4
   38 |   0.8333 |     28.255 |   0.9910 |     33.274 |     2.5
   39 |   0.8200 |     27.892 |   0.9853 |     33.657 |     2.6
   40 |   0.8115 |     27.523 |   0.9889 |     32.892 |     2.6
   41 |   0.8061 |     27.572 |   0.9886 |     32.774 |     2.7
   42 |   0.7963 |     27.224 |   0.9844 |     32.892 |     2.8
   43 |   0.7876 |     26.709 |   0.9783 |     32.803 |     2.8
   44 |   0.7754 |     26.427 |   0.9733 |     32.362 |     2.9
   45 |   0.7720 |     26.405 |   0.9596 |     31.920 |     3.0
   46 |   0.7550 |     25.662 |   0.9604 |     32.362 |     3.0
   47 |   0.7499 |     25.537 |   0.9716 |     32.568 |     3.1
   48 |   0.7448 |     25.434 |   0.9793 |     32.715 |     3.2
   49 |   0.7306 |     24.691 |   0.9622 |     32.509 |     3.2
Early stopping

Model: Seq2Seq Transformer
Source index: <Seq2Seq Index with 43 items>
Target index: <Seq2Seq Index with 34 items>
Max sequence length: 800
Embedding dimension: 128
Feedforward dimension: 64
Encoder layers: 2
Decoder layers: 2
Attention heads: 2
Activation: relu
Dropout: 0.2
Trainable parameters: 582,306

Training started
X_train.shape: torch.Size([3072, 702])
Y_train.shape: torch.Size([3072, 7])
X_dev.shape: torch.Size([566, 649])
Y_dev.shape: torch.Size([566, 7])
Epochs: 500
Learning rate: 0.001
Weight decay: 0.0001
Epoch | Train                 | Development           | Minutes
      | Loss     | Error Rate | Loss     | Error Rate |
---------------------------------------------------------------
    1 |   1.6292 |     48.378 |   1.3469 |     46.025 |     0.1
    2 |   1.3095 |     44.472 |   1.2551 |     42.845 |     0.2
    3 |   1.2448 |     42.513 |   1.2027 |     41.490 |     0.2
    4 |   1.2054 |     41.672 |   1.1963 |     40.459 |     0.3
    5 |   1.1657 |     40.359 |   1.1701 |     41.048 |     0.4
    6 |   1.1335 |     39.090 |   1.1420 |     40.047 |     0.5
    7 |   1.1059 |     38.460 |   1.1386 |     39.782 |     0.6
    8 |   1.0788 |     37.495 |   1.1333 |     38.486 |     0.6
    9 |   1.0544 |     36.686 |   1.0971 |     37.515 |     0.7
   10 |   1.0271 |     35.780 |   1.1124 |     37.839 |     0.8
   11 |   1.0056 |     34.842 |   1.1081 |     37.986 |     0.9
   12 |   0.9895 |     34.413 |   1.1593 |     39.193 |     1.0
   13 |   0.9663 |     33.605 |   1.1105 |     36.278 |     1.0
Early stopping

Model: Seq2Seq Transformer
Source index: <Seq2Seq Index with 43 items>
Target index: <Seq2Seq Index with 34 items>
Max sequence length: 800
Embedding dimension: 64
Feedforward dimension: 256
Encoder layers: 2
Decoder layers: 2
Attention heads: 2
Activation: relu
Dropout: 0.2
Trainable parameters: 292,066

Training started
X_train.shape: torch.Size([3072, 702])
Y_train.shape: torch.Size([3072, 7])
X_dev.shape: torch.Size([566, 649])
Y_dev.shape: torch.Size([566, 7])
Epochs: 500
Learning rate: 0.0001
Weight decay: 1e-05
Epoch | Train                 | Development           | Minutes
      | Loss     | Error Rate | Loss     | Error Rate |
---------------------------------------------------------------
    1 |   2.6211 |     62.294 |   1.9396 |     47.144 |     0.1
    2 |   1.8651 |     46.734 |   1.6147 |     46.201 |     0.1
    3 |   1.6270 |     45.974 |   1.5158 |     45.347 |     0.2
    4 |   1.5308 |     45.920 |   1.4633 |     46.879 |     0.3
    5 |   1.4776 |     45.915 |   1.4311 |     45.966 |     0.3
    6 |   1.4468 |     45.649 |   1.4078 |     45.878 |     0.4
    7 |   1.4163 |     45.454 |   1.3842 |     46.790 |     0.4
    8 |   1.3973 |     45.627 |   1.3656 |     46.260 |     0.5
    9 |   1.3725 |     45.253 |   1.3532 |     45.436 |     0.6
   10 |   1.3580 |     45.209 |   1.3324 |     44.729 |     0.6
   11 |   1.3429 |     44.873 |   1.3180 |     43.669 |     0.7
   12 |   1.3287 |     44.553 |   1.3050 |     44.464 |     0.8
   13 |   1.3166 |     44.227 |   1.2888 |     43.640 |     0.8
   14 |   1.3010 |     43.978 |   1.2766 |     42.668 |     0.9
   15 |   1.2963 |     43.989 |   1.2652 |     41.991 |     1.0
   16 |   1.2818 |     43.544 |   1.2588 |     42.697 |     1.0
   17 |   1.2690 |     43.132 |   1.2513 |     42.403 |     1.1
   18 |   1.2615 |     42.990 |   1.2404 |     42.167 |     1.1
   19 |   1.2505 |     42.638 |   1.2384 |     41.402 |     1.2
   20 |   1.2459 |     42.367 |   1.2141 |     41.637 |     1.3
   21 |   1.2345 |     42.128 |   1.2124 |     41.313 |     1.3
   22 |   1.2296 |     42.182 |   1.2094 |     41.225 |     1.4
   23 |   1.2225 |     42.177 |   1.2043 |     40.989 |     1.5
   24 |   1.2158 |     41.884 |   1.1923 |     40.754 |     1.5
   25 |   1.2065 |     41.444 |   1.1947 |     41.166 |     1.6
   26 |   1.2028 |     41.748 |   1.1889 |     41.107 |     1.7
   27 |   1.1923 |     40.940 |   1.1834 |     40.400 |     1.7
   28 |   1.1868 |     41.021 |   1.1758 |     39.458 |     1.8
   29 |   1.1815 |     40.804 |   1.1684 |     40.106 |     1.8
   30 |   1.1727 |     40.424 |   1.1688 |     40.077 |     1.9
   31 |   1.1675 |     40.017 |   1.1678 |     40.165 |     2.0
   32 |   1.1654 |     40.294 |   1.1577 |     39.959 |     2.0
   33 |   1.1538 |     40.061 |   1.1522 |     39.517 |     2.1
   34 |   1.1553 |     39.757 |   1.1511 |     39.134 |     2.2
   35 |   1.1478 |     39.431 |   1.1562 |     39.753 |     2.2
   36 |   1.1378 |     39.285 |   1.1474 |     39.576 |     2.3
   37 |   1.1330 |     39.062 |   1.1355 |     39.399 |     2.3
   38 |   1.1289 |     38.840 |   1.1457 |     39.723 |     2.4
   39 |   1.1250 |     39.052 |   1.1340 |     38.634 |     2.5
   40 |   1.1178 |     38.417 |   1.1326 |     39.517 |     2.5
   41 |   1.1197 |     38.287 |   1.1412 |     39.753 |     2.6
   42 |   1.1125 |     38.292 |   1.1327 |     39.046 |     2.7
   43 |   1.1061 |     38.184 |   1.1168 |     38.545 |     2.7
   44 |   1.1011 |     37.929 |   1.1187 |     38.781 |     2.8
   45 |   1.1011 |     37.929 |   1.1259 |     39.605 |     2.9
   46 |   1.0893 |     37.641 |   1.1197 |     38.516 |     2.9
   47 |   1.0880 |     37.619 |   1.1046 |     38.575 |     3.0
   48 |   1.0864 |     37.467 |   1.1274 |     39.223 |     3.0
   49 |   1.0783 |     36.882 |   1.1173 |     38.604 |     3.1
   50 |   1.0803 |     37.104 |   1.0964 |     38.104 |     3.2
   51 |   1.0718 |     36.816 |   1.1019 |     38.339 |     3.2
   52 |   1.0641 |     36.822 |   1.0968 |     37.898 |     3.3
   53 |   1.0634 |     36.621 |   1.1026 |     38.545 |     3.4
   54 |   1.0575 |     36.366 |   1.1000 |     38.074 |     3.4
   55 |   1.0524 |     36.350 |   1.0855 |     37.544 |     3.5
   56 |   1.0543 |     36.117 |   1.0941 |     38.163 |     3.6
   57 |   1.0511 |     36.084 |   1.0910 |     37.927 |     3.6
   58 |   1.0472 |     36.035 |   1.0852 |     37.309 |     3.7
   59 |   1.0363 |     35.672 |   1.0806 |     37.485 |     3.7
   60 |   1.0338 |     35.683 |   1.0790 |     37.927 |     3.8
   61 |   1.0273 |     35.362 |   1.0659 |     36.690 |     3.9
   62 |   1.0259 |     35.449 |   1.0737 |     37.161 |     3.9
   63 |   1.0226 |     35.227 |   1.0963 |     37.927 |     4.0
   64 |   1.0199 |     35.145 |   1.0769 |     37.397 |     4.1
   65 |   1.0144 |     34.880 |   1.0736 |     37.014 |     4.1
Early stopping

Model: Seq2Seq Transformer
Source index: <Seq2Seq Index with 43 items>
Target index: <Seq2Seq Index with 34 items>
Max sequence length: 800
Embedding dimension: 128
Feedforward dimension: 128
Encoder layers: 2
Decoder layers: 2
Attention heads: 4
Activation: relu
Dropout: 0.0
Trainable parameters: 648,098

Training started
X_train.shape: torch.Size([3072, 702])
Y_train.shape: torch.Size([3072, 7])
X_dev.shape: torch.Size([566, 649])
Y_dev.shape: torch.Size([566, 7])
Epochs: 500
Learning rate: 0.0001
Weight decay: 0.0001
Epoch | Train                 | Development           | Minutes
      | Loss     | Error Rate | Loss     | Error Rate |
---------------------------------------------------------------
    1 |   2.1606 |     54.503 |   1.5904 |     46.437 |     0.1
    2 |   1.4595 |     45.709 |   1.4220 |     45.878 |     0.2
    3 |   1.3558 |     44.634 |   1.3492 |     44.405 |     0.3
    4 |   1.2951 |     42.931 |   1.2960 |     42.992 |     0.4
    5 |   1.2483 |     41.618 |   1.2465 |     41.313 |     0.5
    6 |   1.2038 |     40.164 |   1.2082 |     40.665 |     0.6
    7 |   1.1654 |     39.003 |   1.1996 |     40.754 |     0.7
    8 |   1.1350 |     38.270 |   1.1638 |     39.252 |     0.8
    9 |   1.1038 |     37.039 |   1.1483 |     39.370 |     0.8
   10 |   1.0724 |     35.954 |   1.1190 |     38.221 |     0.9
   11 |   1.0438 |     34.928 |   1.1250 |     38.133 |     1.0
   12 |   1.0191 |     34.353 |   1.0895 |     37.220 |     1.1
   13 |   0.9942 |     33.550 |   1.0993 |     37.073 |     1.2
   14 |   0.9662 |     32.547 |   1.0642 |     36.661 |     1.3
   15 |   0.9485 |     31.934 |   1.0695 |     37.338 |     1.4
   16 |   0.9252 |     30.984 |   1.0572 |     36.013 |     1.5
   17 |   0.8998 |     30.393 |   1.0517 |     35.866 |     1.6
   18 |   0.8802 |     29.546 |   1.0561 |     35.100 |     1.7
   19 |   0.8587 |     28.939 |   1.0387 |     34.482 |     1.8
   20 |   0.8371 |     28.049 |   1.0294 |     34.629 |     1.9
   21 |   0.8213 |     27.675 |   1.0468 |     35.188 |     2.0
   22 |   0.7968 |     26.747 |   1.0380 |     34.069 |     2.1
   23 |   0.7789 |     26.112 |   1.0363 |     34.364 |     2.2
   24 |   0.7634 |     25.656 |   1.0425 |     33.922 |     2.3
Early stopping

Model: Seq2Seq Transformer
Source index: <Seq2Seq Index with 43 items>
Target index: <Seq2Seq Index with 34 items>
Max sequence length: 800
Embedding dimension: 64
Feedforward dimension: 64
Encoder layers: 2
Decoder layers: 2
Attention heads: 2
Activation: relu
Dropout: 0.2
Trainable parameters: 192,994

Training started
X_train.shape: torch.Size([3072, 702])
Y_train.shape: torch.Size([3072, 7])
X_dev.shape: torch.Size([566, 649])
Y_dev.shape: torch.Size([566, 7])
Epochs: 500
Learning rate: 0.0001
Weight decay: 1e-05
Epoch | Train                 | Development           | Minutes
      | Loss     | Error Rate | Loss     | Error Rate |
---------------------------------------------------------------
    1 |   2.9562 |     80.713 |   2.4875 |     59.099 |     0.1
    2 |   2.3321 |     55.013 |   1.8979 |     47.527 |     0.1
    3 |   1.8827 |     47.526 |   1.6566 |     47.026 |     0.2
    4 |   1.6743 |     46.029 |   1.5527 |     46.996 |     0.2
    5 |   1.5741 |     46.132 |   1.4998 |     46.996 |     0.3
    6 |   1.5117 |     45.763 |   1.4601 |     46.996 |     0.4
    7 |   1.4735 |     45.991 |   1.4360 |     47.026 |     0.4
    8 |   1.4447 |     45.763 |   1.4102 |     46.996 |     0.5
    9 |   1.4208 |     45.725 |   1.3896 |     46.938 |     0.5
   10 |   1.3997 |     45.345 |   1.3748 |     46.790 |     0.6
   11 |   1.3828 |     45.133 |   1.3624 |     46.614 |     0.7
   12 |   1.3703 |     45.090 |   1.3451 |     45.878 |     0.7
   13 |   1.3570 |     45.101 |   1.3329 |     45.701 |     0.8
   14 |   1.3459 |     44.770 |   1.3219 |     44.788 |     0.8
   15 |   1.3349 |     44.477 |   1.3218 |     44.140 |     0.9
   16 |   1.3261 |     44.135 |   1.3081 |     44.464 |     1.0
   17 |   1.3137 |     43.929 |   1.3016 |     43.463 |     1.0
   18 |   1.3097 |     43.804 |   1.2932 |     42.874 |     1.1
   19 |   1.3002 |     43.604 |   1.2874 |     42.550 |     1.1
   20 |   1.2945 |     43.636 |   1.2743 |     42.609 |     1.2
   21 |   1.2836 |     43.094 |   1.2684 |     42.756 |     1.3
   22 |   1.2757 |     43.066 |   1.2603 |     41.519 |     1.3
   23 |   1.2684 |     42.632 |   1.2512 |     41.519 |     1.4
   24 |   1.2592 |     42.274 |   1.2474 |     42.403 |     1.4
   25 |   1.2526 |     41.916 |   1.2567 |     41.902 |     1.5
   26 |   1.2493 |     42.041 |   1.2495 |     41.490 |     1.6
   27 |   1.2405 |     41.846 |   1.2256 |     40.695 |     1.6
   28 |   1.2334 |     41.509 |   1.2236 |     40.872 |     1.7
   29 |   1.2295 |     41.493 |   1.2258 |     40.548 |     1.7
   30 |   1.2198 |     41.542 |   1.2172 |     40.577 |     1.8
   31 |   1.2178 |     41.195 |   1.2099 |     40.489 |     1.9
   32 |   1.2116 |     41.075 |   1.2022 |     39.870 |     1.9
   33 |   1.2065 |     40.967 |   1.2073 |     40.400 |     2.0
   34 |   1.2018 |     40.967 |   1.2054 |     40.283 |     2.0
   35 |   1.1974 |     40.674 |   1.1989 |     39.929 |     2.1
   36 |   1.1927 |     40.771 |   1.1909 |     39.900 |     2.2
   37 |   1.1890 |     40.641 |   1.1839 |     39.988 |     2.2
   38 |   1.1844 |     40.495 |   1.1908 |     40.135 |     2.3
   39 |   1.1780 |     40.343 |   1.1807 |     39.812 |     2.3
   40 |   1.1711 |     40.082 |   1.1753 |     39.370 |     2.4
   41 |   1.1716 |     40.256 |   1.1857 |     40.077 |     2.5
   42 |   1.1663 |     39.952 |   1.1825 |     39.340 |     2.5
   43 |   1.1584 |     39.686 |   1.1752 |     39.605 |     2.6
   44 |   1.1537 |     39.388 |   1.1732 |     39.488 |     2.6
   45 |   1.1529 |     39.627 |   1.1692 |     39.193 |     2.7
   46 |   1.1499 |     39.545 |   1.1806 |     38.987 |     2.8
   47 |   1.1409 |     39.046 |   1.1710 |     39.399 |     2.8
   48 |   1.1406 |     39.149 |   1.1628 |     38.663 |     2.9
   49 |   1.1329 |     38.867 |   1.1673 |     38.928 |     2.9
   50 |   1.1315 |     38.780 |   1.1614 |     39.370 |     3.0
   51 |   1.1244 |     38.715 |   1.1824 |     39.311 |     3.1
   52 |   1.1229 |     38.498 |   1.1639 |     39.399 |     3.1
   53 |   1.1203 |     38.406 |   1.1606 |     39.105 |     3.2
   54 |   1.1193 |     38.428 |   1.1604 |     38.899 |     3.2
   55 |   1.1113 |     38.021 |   1.1628 |     39.105 |     3.3
   56 |   1.1056 |     37.945 |   1.1613 |     38.810 |     3.4
   57 |   1.1072 |     38.021 |   1.1480 |     38.251 |     3.4
   58 |   1.0981 |     37.891 |   1.1725 |     39.399 |     3.5
   59 |   1.0992 |     37.478 |   1.1732 |     38.899 |     3.5
   60 |   1.0918 |     37.202 |   1.1578 |     38.074 |     3.6
   61 |   1.0926 |     37.522 |   1.1568 |     38.840 |     3.7
Early stopping

Model: Seq2Seq Transformer
Source index: <Seq2Seq Index with 43 items>
Target index: <Seq2Seq Index with 34 items>
Max sequence length: 800
Embedding dimension: 64
Feedforward dimension: 128
Encoder layers: 4
Decoder layers: 4
Attention heads: 4
Activation: relu
Dropout: 0.2
Trainable parameters: 393,442

Training started
X_train.shape: torch.Size([3072, 702])
Y_train.shape: torch.Size([3072, 7])
X_dev.shape: torch.Size([566, 649])
Y_dev.shape: torch.Size([566, 7])
Epochs: 500
Learning rate: 0.0001
Weight decay: 1e-05
Epoch | Train                 | Development           | Minutes
      | Loss     | Error Rate | Loss     | Error Rate |
---------------------------------------------------------------
    1 |   2.8319 |     69.889 |   2.2465 |     54.299 |     0.2
    2 |   2.1266 |     50.391 |   1.7512 |     48.969 |     0.3
    3 |   1.7666 |     46.734 |   1.5870 |     46.349 |     0.5
    4 |   1.6213 |     46.056 |   1.5212 |     46.996 |     0.7
    5 |   1.5476 |     45.964 |   1.4814 |     46.996 |     0.8
    6 |   1.5055 |     45.974 |   1.4580 |     46.290 |     1.0
    7 |   1.4709 |     45.920 |   1.4273 |     47.055 |     1.2
    8 |   1.4400 |     45.866 |   1.3985 |     47.261 |     1.3
    9 |   1.4202 |     45.915 |   1.3804 |     46.996 |     1.5
   10 |   1.3976 |     45.888 |   1.3583 |     46.025 |     1.7
   11 |   1.3823 |     45.643 |   1.3422 |     45.907 |     1.8
   12 |   1.3651 |     45.312 |   1.3284 |     45.053 |     2.0
   13 |   1.3569 |     45.334 |   1.3153 |     44.464 |     2.2
   14 |   1.3402 |     44.737 |   1.3092 |     44.994 |     2.3
   15 |   1.3275 |     44.320 |   1.2914 |     44.494 |     2.5
   16 |   1.3207 |     44.222 |   1.2822 |     43.728 |     2.7
   17 |   1.3075 |     43.978 |   1.2718 |     43.139 |     2.8
   18 |   1.2960 |     43.424 |   1.2550 |     42.344 |     3.0
   19 |   1.2842 |     43.218 |   1.2584 |     42.786 |     3.1
   20 |   1.2763 |     43.207 |   1.2418 |     41.932 |     3.3
   21 |   1.2699 |     42.952 |   1.2336 |     41.696 |     3.5
   22 |   1.2599 |     43.148 |   1.2262 |     41.254 |     3.6
   23 |   1.2474 |     42.681 |   1.2171 |     40.901 |     3.8
   24 |   1.2385 |     42.014 |   1.2133 |     40.636 |     4.0
   25 |   1.2318 |     41.667 |   1.2043 |     40.636 |     4.1
   26 |   1.2243 |     41.672 |   1.1925 |     40.665 |     4.3
   27 |   1.2124 |     41.032 |   1.1943 |     40.342 |     4.5
   28 |   1.2052 |     40.907 |   1.1836 |     39.841 |     4.6
   29 |   1.1978 |     40.750 |   1.1761 |     39.282 |     4.8
   30 |   1.1909 |     40.647 |   1.1658 |     39.282 |     5.0
   31 |   1.1784 |     40.164 |   1.1608 |     39.370 |     5.1
   32 |   1.1769 |     40.007 |   1.1594 |     39.311 |     5.3
   33 |   1.1711 |     39.724 |   1.1496 |     38.575 |     5.5
   34 |   1.1646 |     39.556 |   1.1497 |     39.399 |     5.6
   35 |   1.1566 |     39.242 |   1.1429 |     39.016 |     5.8
   36 |   1.1492 |     39.030 |   1.1347 |     38.192 |     6.0
   37 |   1.1415 |     38.862 |   1.1330 |     38.398 |     6.1
   38 |   1.1361 |     38.319 |   1.1292 |     38.015 |     6.3
   39 |   1.1306 |     38.222 |   1.1410 |     38.575 |     6.5
   40 |   1.1255 |     38.645 |   1.1206 |     37.132 |     6.6
   41 |   1.1177 |     37.809 |   1.1246 |     37.456 |     6.8
   42 |   1.1111 |     37.939 |   1.1191 |     38.104 |     7.0
   43 |   1.1110 |     37.598 |   1.1121 |     38.104 |     7.1
   44 |   1.1011 |     37.408 |   1.1181 |     38.634 |     7.3
   45 |   1.0979 |     37.451 |   1.1118 |     37.927 |     7.5
   46 |   1.0937 |     37.061 |   1.1148 |     37.603 |     7.6
   47 |   1.0853 |     37.006 |   1.1097 |     37.750 |     7.8
   48 |   1.0863 |     36.838 |   1.0974 |     37.102 |     8.0
   49 |   1.0801 |     36.458 |   1.1064 |     38.045 |     8.1
   50 |   1.0727 |     36.610 |   1.0980 |     37.397 |     8.3
   51 |   1.0694 |     36.447 |   1.1003 |     37.397 |     8.5
   52 |   1.0655 |     35.986 |   1.0879 |     36.631 |     8.6
   53 |   1.0594 |     35.986 |   1.0922 |     36.631 |     8.8
   54 |   1.0511 |     36.095 |   1.0940 |     36.926 |     9.0
   55 |   1.0485 |     35.807 |   1.1008 |     37.367 |     9.1
   56 |   1.0419 |     35.200 |   1.0852 |     36.484 |     9.3
   57 |   1.0441 |     35.525 |   1.0912 |     36.572 |     9.5
   58 |   1.0380 |     35.368 |   1.0824 |     36.131 |     9.6
   59 |   1.0331 |     35.259 |   1.0877 |     37.014 |     9.8
   60 |   1.0301 |     34.956 |   1.0762 |     36.690 |    10.0
   61 |   1.0202 |     34.760 |   1.0740 |     36.661 |    10.1
   62 |   1.0234 |     35.015 |   1.0900 |     36.602 |    10.3
   63 |   1.0140 |     34.451 |   1.0787 |     35.807 |    10.5
   64 |   1.0103 |     34.484 |   1.0747 |     36.514 |    10.6
   65 |   1.0040 |     34.174 |   1.0835 |     36.661 |    10.8
Early stopping

Model: Seq2Seq Transformer
Source index: <Seq2Seq Index with 43 items>
Target index: <Seq2Seq Index with 34 items>
Max sequence length: 800
Embedding dimension: 64
Feedforward dimension: 128
Encoder layers: 2
Decoder layers: 3
Attention heads: 2
Activation: relu
Dropout: 0.1
Trainable parameters: 276,258

Training started
X_train.shape: torch.Size([3072, 702])
Y_train.shape: torch.Size([3072, 7])
X_dev.shape: torch.Size([566, 649])
Y_dev.shape: torch.Size([566, 7])
Epochs: 500
Learning rate: 0.001
Weight decay: 0.0001
Epoch | Train                 | Development           | Minutes
      | Loss     | Error Rate | Loss     | Error Rate |
---------------------------------------------------------------
    1 |   1.7222 |     49.116 |   1.3896 |     46.584 |     0.1
    2 |   1.3466 |     45.123 |   1.3169 |     45.406 |     0.1
    3 |   1.2713 |     43.989 |   1.2404 |     43.905 |     0.2
    4 |   1.2136 |     42.426 |   1.1862 |     40.960 |     0.3
    5 |   1.1830 |     41.368 |   1.1762 |     40.960 |     0.3
    6 |   1.1501 |     39.985 |   1.1501 |     40.312 |     0.4
    7 |   1.1191 |     39.019 |   1.1216 |     38.545 |     0.5
    8 |   1.0967 |     37.912 |   1.0911 |     37.898 |     0.5
    9 |   1.0696 |     37.321 |   1.0865 |     37.367 |     0.6
   10 |   1.0483 |     36.426 |   1.0682 |     36.955 |     0.7
   11 |   1.0255 |     35.970 |   1.0513 |     36.366 |     0.7
   12 |   1.0114 |     35.227 |   1.0474 |     36.337 |     0.8
   13 |   0.9817 |     34.234 |   1.0322 |     35.807 |     0.9
   14 |   0.9617 |     33.626 |   1.0211 |     35.012 |     1.0
   15 |   0.9470 |     32.812 |   1.0348 |     35.630 |     1.0
   16 |   0.9236 |     32.351 |   0.9845 |     33.863 |     1.1
   17 |   0.9021 |     31.304 |   1.0160 |     34.393 |     1.2
   18 |   0.8830 |     31.000 |   1.0024 |     34.069 |     1.2
   19 |   0.8710 |     30.686 |   0.9953 |     33.039 |     1.3
   20 |   0.8478 |     29.791 |   1.0065 |     32.862 |     1.4
Early stopping

Model: Seq2Seq Transformer
Source index: <Seq2Seq Index with 43 items>
Target index: <Seq2Seq Index with 34 items>
Max sequence length: 800
Embedding dimension: 128
Feedforward dimension: 128
Encoder layers: 2
Decoder layers: 3
Attention heads: 4
Activation: relu
Dropout: 0.0
Trainable parameters: 813,986

Training started
X_train.shape: torch.Size([3072, 702])
Y_train.shape: torch.Size([3072, 7])
X_dev.shape: torch.Size([566, 649])
Y_dev.shape: torch.Size([566, 7])
Epochs: 500
Learning rate: 0.001
Weight decay: 0.0001
Epoch | Train                 | Development           | Minutes
      | Loss     | Error Rate | Loss     | Error Rate |
---------------------------------------------------------------
    1 |   1.4787 |     46.533 |   1.2854 |     44.611 |     0.1
    2 |   1.2144 |     42.041 |   1.1919 |     41.107 |     0.2
    3 |   1.1387 |     39.621 |   1.1466 |     40.371 |     0.3
    4 |   1.0897 |     38.363 |   1.1289 |     39.635 |     0.4
    5 |   1.0350 |     36.230 |   1.1170 |     38.486 |     0.5
    6 |   0.9933 |     34.771 |   1.0606 |     35.984 |     0.6
    7 |   0.9325 |     32.270 |   1.0499 |     36.101 |     0.7
    8 |   0.9085 |     31.624 |   1.0182 |     35.630 |     0.8
    9 |   0.8505 |     29.286 |   1.0251 |     35.247 |     0.9
   10 |   0.8186 |     28.385 |   1.0147 |     34.158 |     1.0
   11 |   0.7770 |     27.002 |   1.0164 |     33.775 |     1.1
   12 |   0.7334 |     25.901 |   1.0029 |     32.597 |     1.2
   13 |   0.6981 |     24.425 |   1.0220 |     33.657 |     1.3
   14 |   0.6570 |     22.770 |   1.0309 |     32.185 |     1.4
   15 |   0.6221 |     21.729 |   1.0680 |     33.657 |     1.5
   16 |   0.5736 |     20.150 |   1.0667 |     33.068 |     1.6
Early stopping

Model: Seq2Seq Transformer
Source index: <Seq2Seq Index with 43 items>
Target index: <Seq2Seq Index with 34 items>
Max sequence length: 800
Embedding dimension: 128
Feedforward dimension: 128
Encoder layers: 4
Decoder layers: 3
Attention heads: 4
Activation: relu
Dropout: 0.1
Trainable parameters: 1,013,154

Training started
X_train.shape: torch.Size([3072, 702])
Y_train.shape: torch.Size([3072, 7])
X_dev.shape: torch.Size([566, 649])
Y_dev.shape: torch.Size([566, 7])
Epochs: 500
Learning rate: 0.001
Weight decay: 1e-05
Epoch | Train                 | Development           | Minutes
      | Loss     | Error Rate | Loss     | Error Rate |
---------------------------------------------------------------
    1 |   1.5794 |     48.329 |   1.3421 |     47.114 |     0.2
    2 |   1.2902 |     44.602 |   1.2567 |     43.757 |     0.4
    3 |   1.2402 |     43.669 |   1.2096 |     43.198 |     0.6
    4 |   1.2070 |     43.007 |   1.1724 |     41.490 |     0.7
    5 |   1.1775 |     42.095 |   1.1682 |     41.637 |     0.9
    6 |   1.1519 |     41.640 |   1.1345 |     41.372 |     1.1
    7 |   1.1384 |     40.847 |   1.1145 |     40.931 |     1.3
    8 |   1.1219 |     40.365 |   1.1007 |     40.047 |     1.5
    9 |   1.1066 |     39.855 |   1.0902 |     39.900 |     1.7
   10 |   1.0940 |     39.876 |   1.0937 |     40.047 |     1.9
   11 |   1.0816 |     39.252 |   1.0994 |     40.018 |     2.0
   12 |   1.0819 |     38.976 |   1.0848 |     40.548 |     2.2
   13 |   1.0702 |     38.997 |   1.0913 |     39.723 |     2.4
   14 |   1.0617 |     38.889 |   1.0681 |     39.753 |     2.6
   15 |   1.0538 |     38.336 |   1.0852 |     40.018 |     2.8
   16 |   1.0541 |     38.536 |   1.0779 |     38.869 |     3.0
   17 |   1.0399 |     38.363 |   1.0602 |     38.221 |     3.2
   18 |   1.0336 |     37.972 |   1.0556 |     39.429 |     3.3
   19 |   1.0267 |     37.549 |   1.0614 |     38.928 |     3.5
   20 |   1.0236 |     37.099 |   1.0465 |     38.751 |     3.7
   21 |   1.0138 |     37.256 |   1.0492 |     39.046 |     3.9
   22 |   1.0045 |     36.811 |   1.0396 |     37.721 |     4.1
   23 |   0.9946 |     36.361 |   1.0459 |     38.369 |     4.3
   24 |   0.9929 |     36.160 |   1.0345 |     37.515 |     4.5
   25 |   0.9909 |     36.089 |   1.0459 |     38.486 |     4.6
   26 |   0.9852 |     35.666 |   1.0335 |     37.515 |     4.8
   27 |   0.9693 |     35.645 |   1.0407 |     37.662 |     5.0
   28 |   0.9710 |     35.476 |   1.0146 |     36.985 |     5.2
   29 |   0.9627 |     35.145 |   1.0365 |     37.367 |     5.4
   30 |   0.9562 |     35.031 |   1.0150 |     37.426 |     5.6
   31 |   0.9532 |     34.554 |   1.0149 |     36.042 |     5.8
   32 |   0.9374 |     33.925 |   1.0301 |     37.161 |     5.9
Early stopping

Model: Seq2Seq Transformer
Source index: <Seq2Seq Index with 43 items>
Target index: <Seq2Seq Index with 34 items>
Max sequence length: 800
Embedding dimension: 64
Feedforward dimension: 256
Encoder layers: 2
Decoder layers: 4
Attention heads: 2
Activation: relu
Dropout: 0.2
Trainable parameters: 425,570

Training started
X_train.shape: torch.Size([3072, 702])
Y_train.shape: torch.Size([3072, 7])
X_dev.shape: torch.Size([566, 649])
Y_dev.shape: torch.Size([566, 7])
Epochs: 500
Learning rate: 0.0001
Weight decay: 0.0001
Epoch | Train                 | Development           | Minutes
      | Loss     | Error Rate | Loss     | Error Rate |
---------------------------------------------------------------
    1 |   2.7868 |     68.696 |   2.0514 |     49.499 |     0.1
    2 |   1.9544 |     47.418 |   1.6452 |     46.260 |     0.2
    3 |   1.6751 |     46.012 |   1.5441 |     46.260 |     0.2
    4 |   1.5659 |     46.039 |   1.4837 |     46.290 |     0.3
    5 |   1.5033 |     46.039 |   1.4439 |     46.260 |     0.4
    6 |   1.4584 |     45.725 |   1.4106 |     46.820 |     0.5
    7 |   1.4291 |     45.714 |   1.3875 |     46.731 |     0.5
    8 |   1.4074 |     45.535 |   1.3762 |     45.642 |     0.6
    9 |   1.3855 |     45.025 |   1.3603 |     45.230 |     0.7
   10 |   1.3619 |     44.840 |   1.3368 |     44.788 |     0.8
   11 |   1.3471 |     44.689 |   1.3215 |     43.728 |     0.9
   12 |   1.3299 |     44.086 |   1.3026 |     43.816 |     0.9
   13 |   1.3172 |     43.663 |   1.2852 |     42.756 |     1.0
   14 |   1.2998 |     43.560 |   1.2860 |     43.375 |     1.1
   15 |   1.2898 |     43.083 |   1.2569 |     42.226 |     1.2
   16 |   1.2815 |     43.186 |   1.2503 |     41.755 |     1.3
   17 |   1.2634 |     42.491 |   1.2333 |     41.873 |     1.3
   18 |   1.2536 |     42.280 |   1.2243 |     41.372 |     1.4
   19 |   1.2441 |     42.003 |   1.2181 |     41.431 |     1.5
   20 |   1.2332 |     42.052 |   1.2105 |     41.078 |     1.6
   21 |   1.2277 |     41.840 |   1.2052 |     41.519 |     1.7
   22 |   1.2141 |     41.520 |   1.1938 |     40.489 |     1.7
   23 |   1.2075 |     41.081 |   1.1943 |     40.901 |     1.8
   24 |   1.2004 |     40.696 |   1.1823 |     39.959 |     1.9
   25 |   1.1927 |     40.582 |   1.1824 |     39.753 |     2.0
   26 |   1.1827 |     40.473 |   1.1694 |     39.605 |     2.0
   27 |   1.1815 |     40.234 |   1.1725 |     40.312 |     2.1
   28 |   1.1734 |     40.126 |   1.1681 |     39.311 |     2.2
   29 |   1.1699 |     40.093 |   1.1689 |     39.841 |     2.3
   30 |   1.1583 |     39.632 |   1.1617 |     39.900 |     2.4
   31 |   1.1549 |     39.535 |   1.1521 |     39.547 |     2.4
   32 |   1.1448 |     39.513 |   1.1403 |     38.781 |     2.5
   33 |   1.1387 |     38.916 |   1.1488 |     39.311 |     2.6
   34 |   1.1343 |     39.117 |   1.1532 |     39.812 |     2.7
   35 |   1.1251 |     38.596 |   1.1354 |     38.987 |     2.8
   36 |   1.1195 |     38.341 |   1.1314 |     39.105 |     2.8
   37 |   1.1167 |     38.363 |   1.1231 |     38.516 |     2.9
   38 |   1.1094 |     38.243 |   1.1446 |     39.282 |     3.0
   39 |   1.1078 |     38.026 |   1.1112 |     37.898 |     3.1
   40 |   1.0999 |     37.663 |   1.1244 |     38.634 |     3.1
   41 |   1.0920 |     37.560 |   1.1350 |     38.722 |     3.2
   42 |   1.0875 |     37.272 |   1.1067 |     37.544 |     3.3
   43 |   1.0824 |     37.180 |   1.1076 |     38.192 |     3.4
   44 |   1.0763 |     36.941 |   1.1132 |     38.575 |     3.5
   45 |   1.0716 |     36.865 |   1.1059 |     37.898 |     3.5
   46 |   1.0642 |     36.344 |   1.1059 |     37.986 |     3.6
   47 |   1.0606 |     36.643 |   1.1105 |     38.310 |     3.7
   48 |   1.0552 |     36.220 |   1.0970 |     37.898 |     3.8
   49 |   1.0498 |     36.203 |   1.0877 |     37.220 |     3.9
   50 |   1.0442 |     35.813 |   1.0989 |     38.192 |     3.9
   51 |   1.0404 |     35.634 |   1.0971 |     37.250 |     4.0
   52 |   1.0359 |     35.444 |   1.0915 |     37.309 |     4.1
   53 |   1.0301 |     35.460 |   1.0936 |     37.515 |     4.2
Early stopping

Model: Seq2Seq Transformer
Source index: <Seq2Seq Index with 43 items>
Target index: <Seq2Seq Index with 34 items>
Max sequence length: 800
Embedding dimension: 64
Feedforward dimension: 64
Encoder layers: 2
Decoder layers: 3
Attention heads: 4
Activation: relu
Dropout: 0.2
Trainable parameters: 234,978

Training started
X_train.shape: torch.Size([3072, 702])
Y_train.shape: torch.Size([3072, 7])
X_dev.shape: torch.Size([566, 649])
Y_dev.shape: torch.Size([566, 7])
Epochs: 500
Learning rate: 0.001
Weight decay: 0.0001
Epoch | Train                 | Development           | Minutes
      | Loss     | Error Rate | Loss     | Error Rate |
---------------------------------------------------------------
    1 |   1.8530 |     51.139 |   1.4272 |     46.643 |     0.1
    2 |   1.3877 |     45.524 |   1.3360 |     45.200 |     0.2
    3 |   1.3193 |     44.510 |   1.2770 |     44.199 |     0.3
    4 |   1.2711 |     43.137 |   1.2227 |     43.021 |     0.4
    5 |   1.2345 |     42.220 |   1.1922 |     39.929 |     0.5
    6 |   1.2014 |     41.547 |   1.1655 |     40.047 |     0.6
    7 |   1.1691 |     40.256 |   1.1426 |     39.635 |     0.6
    8 |   1.1426 |     39.540 |   1.1245 |     39.547 |     0.7
    9 |   1.1170 |     38.417 |   1.1185 |     38.545 |     0.8
   10 |   1.0933 |     37.907 |   1.1151 |     38.133 |     0.9
   11 |   1.0753 |     37.321 |   1.0995 |     37.839 |     1.0
   12 |   1.0539 |     36.366 |   1.0799 |     36.749 |     1.1
   13 |   1.0327 |     35.596 |   1.0903 |     37.574 |     1.2
   14 |   1.0111 |     34.809 |   1.0939 |     37.839 |     1.3
   15 |   0.9961 |     34.093 |   1.0615 |     35.395 |     1.4
   16 |   0.9756 |     33.523 |   1.0586 |     35.306 |     1.5
   17 |   0.9558 |     32.981 |   1.0471 |     35.807 |     1.6
   18 |   0.9421 |     32.389 |   1.0682 |     35.630 |     1.7
   19 |   0.9266 |     31.662 |   1.0720 |     35.748 |     1.8
   20 |   0.9163 |     31.619 |   1.0872 |     35.247 |     1.9
   21 |   0.8935 |     30.561 |   1.1130 |     35.601 |     1.9
Early stopping

Model: Seq2Seq Transformer
Source index: <Seq2Seq Index with 43 items>
Target index: <Seq2Seq Index with 34 items>
Max sequence length: 800
Embedding dimension: 64
Feedforward dimension: 128
Encoder layers: 4
Decoder layers: 4
Attention heads: 2
Activation: relu
Dropout: 0.1
Trainable parameters: 393,442

Training started
X_train.shape: torch.Size([3072, 702])
Y_train.shape: torch.Size([3072, 7])
X_dev.shape: torch.Size([566, 649])
Y_dev.shape: torch.Size([566, 7])
Epochs: 500
Learning rate: 0.001
Weight decay: 1e-05
Epoch | Train                 | Development           | Minutes
      | Loss     | Error Rate | Loss     | Error Rate |
---------------------------------------------------------------
    1 |   1.7406 |     49.631 |   1.3763 |     46.584 |     0.1
    2 |   1.3410 |     45.443 |   1.2968 |     45.024 |     0.2
    3 |   1.2790 |     44.417 |   1.2461 |     44.346 |     0.3
    4 |   1.2400 |     43.647 |   1.2031 |     42.373 |     0.5
    5 |   1.2085 |     42.898 |   1.1922 |     42.580 |     0.6
    6 |   1.1870 |     42.052 |   1.1652 |     41.461 |     0.7
    7 |   1.1687 |     41.016 |   1.1742 |     42.197 |     0.8
    8 |   1.1545 |     40.603 |   1.1309 |     40.872 |     0.9
    9 |   1.1379 |     40.430 |   1.1098 |     39.841 |     1.0
   10 |   1.1175 |     39.882 |   1.1195 |     40.342 |     1.2
   11 |   1.0985 |     39.084 |   1.1120 |     39.605 |     1.3
   12 |   1.0846 |     38.710 |   1.0935 |     39.311 |     1.4
   13 |   1.0619 |     37.706 |   1.0744 |     38.722 |     1.5
   14 |   1.0518 |     36.985 |   1.0637 |     37.603 |     1.6
   15 |   1.0313 |     36.279 |   1.0556 |     38.575 |     1.7
   16 |   1.0110 |     35.579 |   1.0741 |     38.604 |     1.8
   17 |   0.9985 |     34.842 |   1.0484 |     37.102 |     2.0
   18 |   0.9806 |     34.326 |   1.0528 |     36.366 |     2.1
   19 |   0.9689 |     33.843 |   1.0258 |     36.543 |     2.2
   20 |   0.9561 |     33.626 |   1.0570 |     36.985 |     2.3
   21 |   0.9361 |     32.829 |   1.0174 |     35.807 |     2.4
   22 |   0.9247 |     32.411 |   1.0385 |     36.425 |     2.5
   23 |   0.9068 |     31.673 |   1.0187 |     35.247 |     2.7
   24 |   0.8892 |     30.914 |   1.0128 |     36.278 |     2.8
   25 |   0.8654 |     30.512 |   1.0364 |     36.131 |     2.9
   26 |   0.8577 |     29.926 |   1.0288 |     36.307 |     3.0
   27 |   0.8378 |     29.411 |   1.0522 |     36.190 |     3.1
   28 |   0.8209 |     29.047 |   1.0354 |     35.041 |     3.2
Early stopping

Model: Seq2Seq Transformer
Source index: <Seq2Seq Index with 43 items>
Target index: <Seq2Seq Index with 34 items>
Max sequence length: 800
Embedding dimension: 128
Feedforward dimension: 128
Encoder layers: 4
Decoder layers: 4
Attention heads: 4
Activation: relu
Dropout: 0.1
Trainable parameters: 1,179,042

Training started
X_train.shape: torch.Size([3072, 702])
Y_train.shape: torch.Size([3072, 7])
X_dev.shape: torch.Size([566, 649])
Y_dev.shape: torch.Size([566, 7])
Epochs: 500
Learning rate: 0.001
Weight decay: 1e-05
Epoch | Train                 | Development           | Minutes
      | Loss     | Error Rate | Loss     | Error Rate |
---------------------------------------------------------------
    1 |   1.6042 |     48.416 |   1.3419 |     45.907 |     0.2
    2 |   1.3059 |     45.074 |   1.2748 |     44.817 |     0.4
    3 |   1.2575 |     44.472 |   1.2476 |     43.139 |     0.6
    4 |   1.2164 |     43.457 |   1.2102 |     43.551 |     0.8
    5 |   1.1993 |     43.343 |   1.1730 |     43.227 |     1.0
    6 |   1.1714 |     42.160 |   1.1728 |     42.108 |     1.2
    7 |   1.1542 |     41.791 |   1.1502 |     42.756 |     1.4
    8 |   1.1422 |     41.287 |   1.1364 |     41.843 |     1.6
    9 |   1.1255 |     40.896 |   1.1394 |     41.402 |     1.8
   10 |   1.1135 |     40.511 |   1.1136 |     40.901 |     1.9
   11 |   1.1054 |     40.299 |   1.0944 |     40.106 |     2.1
   12 |   1.0918 |     39.817 |   1.0997 |     39.841 |     2.3
   13 |   1.0781 |     39.345 |   1.0840 |     39.841 |     2.5
   14 |   1.0671 |     38.775 |   1.0856 |     38.604 |     2.7
   15 |   1.0630 |     38.580 |   1.0775 |     38.693 |     2.9
   16 |   1.0485 |     37.983 |   1.0740 |     40.371 |     3.1
   17 |   1.0436 |     37.999 |   1.0617 |     38.133 |     3.3
   18 |   1.0323 |     37.511 |   1.0473 |     38.104 |     3.5
   19 |   1.0298 |     37.240 |   1.0450 |     37.721 |     3.7
   20 |   1.0155 |     36.914 |   1.0385 |     37.309 |     3.9
   21 |   1.0060 |     36.513 |   1.0306 |     36.926 |     4.1
   22 |   0.9972 |     36.344 |   1.0350 |     37.220 |     4.3
   23 |   0.9957 |     36.252 |   1.0315 |     37.279 |     4.5
   24 |   0.9907 |     35.959 |   1.0236 |     37.338 |     4.7
   25 |   0.9811 |     35.417 |   1.0436 |     37.662 |     4.9
   26 |   0.9859 |     35.596 |   1.0254 |     37.102 |     5.1
   27 |   0.9737 |     35.205 |   1.0176 |     35.984 |     5.3
   28 |   0.9616 |     34.787 |   1.0092 |     36.013 |     5.5
   29 |   0.9571 |     34.456 |   1.0198 |     36.042 |     5.7
   30 |   0.9392 |     33.919 |   1.0085 |     36.631 |     5.9
   31 |   0.9354 |     33.887 |   1.0207 |     36.160 |     6.1
   32 |   0.9239 |     33.409 |   1.0167 |     36.425 |     6.2
   33 |   0.9202 |     33.116 |   1.0170 |     36.131 |     6.4
   34 |   0.9202 |     33.203 |   1.0287 |     36.307 |     6.6
   35 |   0.9104 |     32.764 |   1.0005 |     35.188 |     6.8
   36 |   0.9077 |     32.747 |   1.0283 |     36.396 |     7.0
   37 |   0.8944 |     32.058 |   1.0177 |     36.307 |     7.2
   38 |   0.8915 |     31.874 |   1.0083 |     35.954 |     7.4
   39 |   0.8879 |     32.134 |   1.0202 |     36.307 |     7.6
Early stopping

Model: Seq2Seq Transformer
Source index: <Seq2Seq Index with 43 items>
Target index: <Seq2Seq Index with 34 items>
Max sequence length: 800
Embedding dimension: 64
Feedforward dimension: 256
Encoder layers: 2
Decoder layers: 3
Attention heads: 2
Activation: relu
Dropout: 0.0
Trainable parameters: 358,818

Training started
X_train.shape: torch.Size([3072, 702])
Y_train.shape: torch.Size([3072, 7])
X_dev.shape: torch.Size([566, 649])
Y_dev.shape: torch.Size([566, 7])
Epochs: 500
Learning rate: 0.0001
Weight decay: 1e-05
Epoch | Train                 | Development           | Minutes
      | Loss     | Error Rate | Loss     | Error Rate |
---------------------------------------------------------------
    1 |   2.2524 |     52.452 |   1.7491 |     46.466 |     0.1
    2 |   1.6168 |     45.660 |   1.5722 |     46.761 |     0.1
    3 |   1.4965 |     45.513 |   1.4842 |     46.555 |     0.2
    4 |   1.4127 |     44.976 |   1.4005 |     45.554 |     0.3
    5 |   1.3448 |     43.376 |   1.3545 |     43.963 |     0.3
    6 |   1.2961 |     41.949 |   1.3005 |     42.403 |     0.4
    7 |   1.2583 |     41.140 |   1.2821 |     42.550 |     0.5
    8 |   1.2315 |     40.636 |   1.2476 |     42.727 |     0.5
    9 |   1.2023 |     40.088 |   1.2279 |     41.313 |     0.6
   10 |   1.1769 |     39.583 |   1.2082 |     42.138 |     0.7
   11 |   1.1609 |     39.014 |   1.1935 |     41.078 |     0.7
   12 |   1.1401 |     38.270 |   1.1791 |     40.901 |     0.8
   13 |   1.1212 |     37.972 |   1.1507 |     39.664 |     0.9
   14 |   1.1069 |     37.571 |   1.1482 |     39.399 |     0.9
   15 |   1.0892 |     37.071 |   1.1290 |     39.016 |     1.0
   16 |   1.0702 |     36.420 |   1.1210 |     38.516 |     1.1
   17 |   1.0607 |     36.138 |   1.1086 |     37.986 |     1.1
   18 |   1.0483 |     35.650 |   1.1074 |     37.220 |     1.2
   19 |   1.0307 |     34.939 |   1.1068 |     38.369 |     1.3
   20 |   1.0170 |     34.646 |   1.0798 |     36.572 |     1.3
   21 |   0.9997 |     33.577 |   1.0708 |     36.602 |     1.4
   22 |   0.9878 |     33.279 |   1.0618 |     36.190 |     1.5
   23 |   0.9747 |     33.046 |   1.0627 |     36.455 |     1.5
   24 |   0.9613 |     32.444 |   1.0602 |     36.278 |     1.6
   25 |   0.9477 |     32.020 |   1.0438 |     35.159 |     1.7
   26 |   0.9386 |     31.749 |   1.0502 |     36.072 |     1.7
   27 |   0.9226 |     31.076 |   1.0324 |     35.218 |     1.8
   28 |   0.9084 |     30.800 |   1.0419 |     35.453 |     1.9
   29 |   0.9050 |     30.718 |   1.0464 |     35.601 |     1.9
   30 |   0.8880 |     30.111 |   1.0156 |     34.953 |     2.0
   31 |   0.8805 |     29.932 |   1.0139 |     34.276 |     2.0
   32 |   0.8661 |     29.329 |   1.0252 |     34.835 |     2.1
   33 |   0.8567 |     29.194 |   1.0186 |     34.423 |     2.2
   34 |   0.8410 |     28.543 |   1.0101 |     34.217 |     2.2
   35 |   0.8355 |     28.212 |   1.0272 |     34.688 |     2.3
   36 |   0.8265 |     27.886 |   1.0052 |     33.422 |     2.4
   37 |   0.8159 |     27.767 |   1.0064 |     33.893 |     2.4
   38 |   0.8026 |     27.257 |   0.9972 |     33.127 |     2.5
   39 |   0.8001 |     27.067 |   1.0249 |     34.452 |     2.6
   40 |   0.7916 |     26.948 |   0.9940 |     33.333 |     2.6
   41 |   0.7788 |     26.530 |   1.0060 |     33.628 |     2.7
   42 |   0.7675 |     26.139 |   0.9985 |     32.774 |     2.8
   43 |   0.7630 |     25.868 |   1.0116 |     33.481 |     2.8
   44 |   0.7495 |     25.326 |   1.0016 |     33.068 |     2.9
Early stopping

Model: Seq2Seq Transformer
Source index: <Seq2Seq Index with 43 items>
Target index: <Seq2Seq Index with 34 items>
Max sequence length: 800
Embedding dimension: 128
Feedforward dimension: 256
Encoder layers: 4
Decoder layers: 4
Attention heads: 2
Activation: relu
Dropout: 0.1
Trainable parameters: 1,442,210

Training started
X_train.shape: torch.Size([3072, 702])
Y_train.shape: torch.Size([3072, 7])
X_dev.shape: torch.Size([566, 649])
Y_dev.shape: torch.Size([566, 7])
Epochs: 500
Learning rate: 0.0001
Weight decay: 0.0001
Epoch | Train                 | Development           | Minutes
      | Loss     | Error Rate | Loss     | Error Rate |
---------------------------------------------------------------
    1 |   2.1633 |     55.469 |   1.5539 |     46.231 |     0.2
    2 |   1.5031 |     45.801 |   1.3869 |     45.377 |     0.3
    3 |   1.3895 |     44.737 |   1.3218 |     44.317 |     0.5
    4 |   1.3368 |     44.260 |   1.3032 |     42.638 |     0.6
    5 |   1.2926 |     43.278 |   1.2629 |     41.961 |     0.8
    6 |   1.2626 |     42.697 |   1.2262 |     41.519 |     1.0
    7 |   1.2360 |     41.835 |   1.2063 |     40.754 |     1.1
    8 |   1.2118 |     41.303 |   1.1880 |     40.577 |     1.3
    9 |   1.1911 |     40.511 |   1.1824 |     40.636 |     1.4
   10 |   1.1661 |     39.969 |   1.1536 |     39.458 |     1.6
   11 |   1.1460 |     39.187 |   1.1422 |     39.664 |     1.8
   12 |   1.1280 |     38.775 |   1.1105 |     38.045 |     1.9
   13 |   1.1079 |     37.836 |   1.1223 |     38.310 |     2.1
   14 |   1.0946 |     37.332 |   1.1017 |     38.074 |     2.3
   15 |   1.0731 |     36.697 |   1.0883 |     36.779 |     2.4
   16 |   1.0522 |     35.655 |   1.0859 |     37.397 |     2.6
   17 |   1.0406 |     35.362 |   1.0692 |     36.779 |     2.7
   18 |   1.0197 |     34.858 |   1.0650 |     36.690 |     2.9
   19 |   1.0057 |     34.294 |   1.0480 |     36.425 |     3.1
   20 |   0.9889 |     33.653 |   1.0521 |     35.866 |     3.2
   21 |   0.9760 |     33.458 |   1.0553 |     36.455 |     3.4
   22 |   0.9681 |     33.051 |   1.0326 |     35.866 |     3.5
   23 |   0.9480 |     32.373 |   1.0427 |     36.455 |     3.7
   24 |   0.9312 |     31.809 |   1.0303 |     35.159 |     3.9
   25 |   0.9179 |     31.245 |   1.0128 |     34.658 |     4.0
   26 |   0.9071 |     30.740 |   1.0187 |     35.395 |     4.2
   27 |   0.8944 |     30.778 |   1.0071 |     33.981 |     4.4
   28 |   0.8839 |     29.948 |   1.0333 |     34.982 |     4.5
   29 |   0.8677 |     29.465 |   1.0035 |     33.716 |     4.7
   30 |   0.8549 |     29.053 |   1.0196 |     34.452 |     4.8
   31 |   0.8430 |     28.673 |   1.0281 |     34.246 |     5.0
   32 |   0.8299 |     28.516 |   1.0097 |     33.539 |     5.2
   33 |   0.8233 |     27.832 |   1.0141 |     33.716 |     5.3
Early stopping

Model: Seq2Seq Transformer
Source index: <Seq2Seq Index with 43 items>
Target index: <Seq2Seq Index with 34 items>
Max sequence length: 800
Embedding dimension: 128
Feedforward dimension: 64
Encoder layers: 4
Decoder layers: 3
Attention heads: 2
Activation: relu
Dropout: 0.0
Trainable parameters: 898,018

Training started
X_train.shape: torch.Size([3072, 702])
Y_train.shape: torch.Size([3072, 7])
X_dev.shape: torch.Size([566, 649])
Y_dev.shape: torch.Size([566, 7])
Epochs: 500
Learning rate: 0.001
Weight decay: 0.0001
Epoch | Train                 | Development           | Minutes
      | Loss     | Error Rate | Loss     | Error Rate |
---------------------------------------------------------------
    1 |   1.5405 |     48.150 |   1.3236 |     44.464 |     0.1
    2 |   1.2463 |     43.229 |   1.2307 |     43.433 |     0.3
    3 |   1.1848 |     42.133 |   1.1846 |     40.989 |     0.4
    4 |   1.1353 |     39.844 |   1.1445 |     40.901 |     0.5
    5 |   1.1006 |     39.014 |   1.1344 |     40.548 |     0.7
    6 |   1.0706 |     38.346 |   1.1023 |     40.047 |     0.8
    7 |   1.0458 |     37.370 |   1.0978 |     38.958 |     0.9
    8 |   1.0186 |     36.339 |   1.0908 |     38.987 |     1.1
    9 |   0.9963 |     35.129 |   1.0547 |     37.073 |     1.2
   10 |   0.9754 |     34.185 |   1.0558 |     36.543 |     1.4
   11 |   0.9587 |     33.621 |   1.0248 |     35.984 |     1.5
   12 |   0.9265 |     32.720 |   1.0103 |     35.365 |     1.6
   13 |   0.9123 |     32.075 |   1.0083 |     34.600 |     1.8
   14 |   0.8860 |     31.179 |   1.0066 |     35.306 |     1.9
   15 |   0.8658 |     30.377 |   1.0253 |     35.807 |     2.0
   16 |   0.8385 |     29.096 |   0.9892 |     33.333 |     2.2
   17 |   0.8184 |     28.624 |   1.0193 |     35.100 |     2.3
   18 |   0.8065 |     28.429 |   1.0051 |     34.305 |     2.4
   19 |   0.7829 |     27.501 |   1.0108 |     33.775 |     2.6
   20 |   0.7545 |     26.438 |   0.9937 |     33.245 |     2.7
Early stopping

Model: Seq2Seq Transformer
Source index: <Seq2Seq Index with 43 items>
Target index: <Seq2Seq Index with 34 items>
Max sequence length: 800
Embedding dimension: 128
Feedforward dimension: 64
Encoder layers: 4
Decoder layers: 3
Attention heads: 4
Activation: relu
Dropout: 0.2
Trainable parameters: 898,018

Training started
X_train.shape: torch.Size([3072, 702])
Y_train.shape: torch.Size([3072, 7])
X_dev.shape: torch.Size([566, 649])
Y_dev.shape: torch.Size([566, 7])
Epochs: 500
Learning rate: 0.001
Weight decay: 1e-05
Epoch | Train                 | Development           | Minutes
      | Loss     | Error Rate | Loss     | Error Rate |
---------------------------------------------------------------
    1 |   1.6840 |     50.277 |   1.3925 |     46.201 |     0.2
    2 |   1.3571 |     45.779 |   1.3268 |     45.289 |     0.4
    3 |   1.3023 |     45.058 |   1.2830 |     44.140 |     0.5
    4 |   1.2671 |     44.531 |   1.2328 |     43.433 |     0.7
    5 |   1.2354 |     43.788 |   1.2319 |     43.728 |     0.9
    6 |   1.2163 |     42.925 |   1.1783 |     41.755 |     1.1
    7 |   1.1959 |     42.670 |   1.1898 |     41.902 |     1.3
    8 |   1.1879 |     42.535 |   1.1657 |     42.197 |     1.5
    9 |   1.1742 |     42.008 |   1.1566 |     41.608 |     1.7
   10 |   1.1573 |     41.596 |   1.1487 |     40.253 |     1.8
   11 |   1.1443 |     41.146 |   1.1304 |     40.960 |     2.0
   12 |   1.1324 |     40.603 |   1.1406 |     40.695 |     2.2
   13 |   1.1151 |     39.849 |   1.1467 |     41.431 |     2.4
   14 |   1.1141 |     39.914 |   1.1195 |     40.636 |     2.6
   15 |   1.1104 |     39.860 |   1.1293 |     40.135 |     2.8
   16 |   1.0947 |     39.388 |   1.1393 |     41.313 |     2.9
   17 |   1.0946 |     39.014 |   1.1290 |     40.872 |     3.1
   18 |   1.0839 |     39.138 |   1.1526 |     40.724 |     3.3
Early stopping

Model: Seq2Seq Transformer
Source index: <Seq2Seq Index with 43 items>
Target index: <Seq2Seq Index with 34 items>
Max sequence length: 800
Embedding dimension: 64
Feedforward dimension: 64
Encoder layers: 4
Decoder layers: 4
Attention heads: 4
Activation: relu
Dropout: 0.2
Trainable parameters: 327,394

Training started
X_train.shape: torch.Size([3072, 702])
Y_train.shape: torch.Size([3072, 7])
X_dev.shape: torch.Size([566, 649])
Y_dev.shape: torch.Size([566, 7])
Epochs: 500
Learning rate: 0.001
Weight decay: 0.0001
Epoch | Train                 | Development           | Minutes
      | Loss     | Error Rate | Loss     | Error Rate |
---------------------------------------------------------------
    1 |   1.9621 |     54.628 |   1.4354 |     46.996 |     0.2
    2 |   1.4061 |     45.730 |   1.3624 |     47.085 |     0.3
    3 |   1.3524 |     45.855 |   1.3297 |     45.878 |     0.5
    4 |   1.3174 |     45.356 |   1.2864 |     45.436 |     0.6
    5 |   1.2926 |     45.291 |   1.2760 |     43.728 |     0.8
    6 |   1.2725 |     44.672 |   1.2489 |     43.345 |     1.0
    7 |   1.2576 |     44.569 |   1.2260 |     43.669 |     1.1
    8 |   1.2368 |     44.206 |   1.2313 |     44.229 |     1.3
    9 |   1.2226 |     43.745 |   1.2135 |     42.521 |     1.5
   10 |   1.2103 |     43.457 |   1.1959 |     43.345 |     1.6
   11 |   1.1998 |     43.180 |   1.1971 |     43.669 |     1.8
   12 |   1.1932 |     42.725 |   1.1753 |     42.344 |     2.0
   13 |   1.1828 |     42.828 |   1.1699 |     43.492 |     2.1
   14 |   1.1740 |     42.757 |   1.1633 |     41.902 |     2.3
   15 |   1.1710 |     42.377 |   1.1472 |     42.138 |     2.4
   16 |   1.1636 |     42.350 |   1.1481 |     41.726 |     2.6
   17 |   1.1611 |     41.992 |   1.1338 |     41.284 |     2.8
   18 |   1.1525 |     41.889 |   1.1308 |     42.108 |     2.9
   19 |   1.1471 |     42.090 |   1.1372 |     42.521 |     3.1
   20 |   1.1427 |     41.824 |   1.1282 |     41.726 |     3.3
   21 |   1.1429 |     42.269 |   1.1289 |     42.108 |     3.4
   22 |   1.1375 |     41.808 |   1.1318 |     42.108 |     3.6
   23 |   1.1300 |     41.444 |   1.1240 |     41.431 |     3.8
   24 |   1.1305 |     41.715 |   1.1225 |     41.313 |     3.9
   25 |   1.1261 |     41.357 |   1.1174 |     41.784 |     4.1
   26 |   1.1255 |     41.895 |   1.1157 |     42.049 |     4.3
   27 |   1.1216 |     41.732 |   1.1166 |     41.372 |     4.4
   28 |   1.1176 |     41.379 |   1.1133 |     41.696 |     4.6
   29 |   1.1160 |     41.357 |   1.1243 |     41.843 |     4.7
   30 |   1.1134 |     41.466 |   1.1071 |     40.989 |     4.9
   31 |   1.1125 |     41.444 |   1.1235 |     41.991 |     5.1
   32 |   1.1115 |     41.640 |   1.1109 |     41.431 |     5.2
   33 |   1.1082 |     40.934 |   1.1161 |     40.901 |     5.4
   34 |   1.1080 |     41.064 |   1.1040 |     41.402 |     5.6
   35 |   1.1051 |     41.075 |   1.1127 |     41.137 |     5.7
   36 |   1.1043 |     41.477 |   1.1077 |     41.461 |     5.9
   37 |   1.1016 |     41.054 |   1.1015 |     40.665 |     6.0
   38 |   1.1007 |     40.815 |   1.1033 |     40.430 |     6.2
   39 |   1.0920 |     40.468 |   1.0944 |     39.988 |     6.4
   40 |   1.0845 |     39.941 |   1.0818 |     39.193 |     6.5
   41 |   1.0861 |     40.066 |   1.0899 |     40.018 |     6.7
   42 |   1.0800 |     39.632 |   1.0782 |     39.723 |     6.9
   43 |   1.0796 |     39.762 |   1.0817 |     40.459 |     7.0
   44 |   1.0731 |     39.399 |   1.0885 |     39.782 |     7.2
   45 |   1.0715 |     39.648 |   1.0832 |     40.283 |     7.3
   46 |   1.0693 |     39.469 |   1.0732 |     39.900 |     7.5
   47 |   1.0650 |     39.339 |   1.0778 |     39.075 |     7.7
   48 |   1.0570 |     38.921 |   1.0809 |     39.841 |     7.8
   49 |   1.0578 |     38.704 |   1.0733 |     38.516 |     8.0
   50 |   1.0477 |     38.254 |   1.0725 |     39.134 |     8.2
   51 |   1.0416 |     38.124 |   1.0711 |     38.369 |     8.3
   52 |   1.0333 |     38.037 |   1.0754 |     39.105 |     8.5
   53 |   1.0273 |     37.619 |   1.0553 |     38.693 |     8.7
   54 |   1.0231 |     37.619 |   1.0501 |     37.691 |     8.8
   55 |   1.0189 |     37.250 |   1.0573 |     38.457 |     9.0
   56 |   1.0134 |     36.903 |   1.0546 |     38.133 |     9.1
   57 |   1.0116 |     37.039 |   1.0327 |     37.309 |     9.3
   58 |   1.0041 |     36.979 |   1.0565 |     38.074 |     9.5
   59 |   1.0013 |     36.838 |   1.0703 |     38.869 |     9.6
   60 |   0.9964 |     36.502 |   1.0373 |     37.044 |     9.8
   61 |   0.9967 |     36.415 |   1.0361 |     37.721 |    10.0
Early stopping

Model: Seq2Seq Transformer
Source index: <Seq2Seq Index with 43 items>
Target index: <Seq2Seq Index with 34 items>
Max sequence length: 800
Embedding dimension: 128
Feedforward dimension: 256
Encoder layers: 4
Decoder layers: 4
Attention heads: 4
Activation: relu
Dropout: 0.1
Trainable parameters: 1,442,210

Training started
X_train.shape: torch.Size([3072, 702])
Y_train.shape: torch.Size([3072, 7])
X_dev.shape: torch.Size([566, 649])
Y_dev.shape: torch.Size([566, 7])
Epochs: 500
Learning rate: 0.001
Weight decay: 0.0001
Epoch | Train                 | Development           | Minutes
      | Loss     | Error Rate | Loss     | Error Rate |
---------------------------------------------------------------
    1 |   1.5807 |     48.579 |   1.3380 |     45.141 |     0.2
    2 |   1.3108 |     44.857 |   1.2650 |     44.582 |     0.4
    3 |   1.2570 |     44.368 |   1.2401 |     44.111 |     0.6
    4 |   1.2190 |     43.012 |   1.2154 |     44.376 |     0.8
    5 |   1.1941 |     42.540 |   1.1747 |     42.462 |     1.0
    6 |   1.1711 |     42.133 |   1.1578 |     41.196 |     1.2
    7 |   1.1549 |     41.710 |   1.1512 |     41.461 |     1.4
    8 |   1.1344 |     40.880 |   1.1338 |     40.960 |     1.6
    9 |   1.1243 |     40.750 |   1.1170 |     41.696 |     1.8
   10 |   1.1113 |     40.034 |   1.1149 |     40.224 |     2.0
   11 |   1.1033 |     40.310 |   1.1142 |     41.048 |     2.2
   12 |   1.0947 |     40.012 |   1.1183 |     41.137 |     2.4
   13 |   1.0888 |     39.708 |   1.0932 |     39.311 |     2.6
   14 |   1.0803 |     39.627 |   1.0897 |     39.105 |     2.8
   15 |   1.0700 |     39.225 |   1.0970 |     40.312 |     3.0
   16 |   1.0709 |     39.437 |   1.0981 |     40.695 |     3.2
   17 |   1.0584 |     38.862 |   1.0671 |     40.548 |     3.4
   18 |   1.0483 |     38.373 |   1.0674 |     39.223 |     3.6
   19 |   1.0443 |     38.390 |   1.0595 |     38.840 |     3.8
   20 |   1.0383 |     37.880 |   1.0609 |     40.077 |     4.0
   21 |   1.0251 |     37.722 |   1.0474 |     38.192 |     4.2
   22 |   1.0223 |     37.435 |   1.0441 |     38.693 |     4.4
   23 |   1.0149 |     37.120 |   1.0493 |     38.339 |     4.6
   24 |   1.0132 |     37.006 |   1.0388 |     37.927 |     4.8
   25 |   1.0048 |     36.925 |   1.0590 |     40.018 |     5.0
   26 |   1.0024 |     36.757 |   1.0280 |     37.780 |     5.2
   27 |   0.9931 |     36.165 |   1.0194 |     37.603 |     5.5
   28 |   0.9858 |     35.818 |   1.0261 |     37.544 |     5.7
   29 |   0.9830 |     35.796 |   1.0261 |     38.074 |     5.9
   30 |   0.9793 |     35.948 |   1.0237 |     37.603 |     6.1
   31 |   0.9707 |     35.601 |   1.0230 |     38.104 |     6.3
   32 |   0.9639 |     35.243 |   1.0119 |     37.633 |     6.5
   33 |   0.9567 |     35.015 |   1.0214 |     37.633 |     6.7
   34 |   0.9576 |     35.270 |   1.0044 |     36.955 |     6.9
   35 |   0.9524 |     34.842 |   0.9944 |     36.926 |     7.1
   36 |   0.9450 |     34.776 |   0.9979 |     35.925 |     7.3
   37 |   0.9410 |     34.060 |   0.9908 |     35.601 |     7.5
   38 |   0.9392 |     34.299 |   0.9866 |     35.866 |     7.7
   39 |   0.9299 |     33.827 |   0.9968 |     36.101 |     7.9
   40 |   0.9301 |     33.952 |   0.9982 |     35.483 |     8.1
   41 |   0.9197 |     33.507 |   0.9911 |     35.512 |     8.3
   42 |   0.9188 |     33.171 |   0.9744 |     34.600 |     8.5
   43 |   0.9092 |     33.105 |   0.9790 |     35.277 |     8.7
   44 |   0.9043 |     32.737 |   0.9917 |     35.689 |     8.9
   45 |   0.9054 |     32.834 |   0.9717 |     35.218 |     9.1
   46 |   0.8975 |     32.650 |   0.9890 |     34.629 |     9.3
   47 |   0.8970 |     32.482 |   0.9669 |     34.393 |     9.5
   48 |   0.8896 |     32.178 |   0.9672 |     35.630 |     9.7
   49 |   0.8841 |     31.803 |   0.9733 |     33.775 |     9.9
   50 |   0.8793 |     31.765 |   0.9491 |     34.011 |    10.1
   51 |   0.8734 |     31.581 |   0.9713 |     35.218 |    10.3
   52 |   0.8687 |     30.979 |   0.9481 |     34.011 |    10.5
   53 |   0.8668 |     31.283 |   0.9599 |     34.069 |    10.7
   54 |   0.8529 |     30.800 |   0.9664 |     34.040 |    10.9
   55 |   0.8538 |     30.306 |   0.9444 |     33.157 |    11.1
   56 |   0.8474 |     30.496 |   0.9544 |     34.128 |    11.3
   57 |   0.8427 |     30.333 |   0.9434 |     32.774 |    11.5
   58 |   0.8343 |     29.932 |   0.9569 |     32.803 |    11.7
   59 |   0.8363 |     30.165 |   0.9436 |     32.332 |    11.9
   60 |   0.8269 |     29.801 |   0.9473 |     32.627 |    12.1
   61 |   0.8191 |     29.579 |   0.9545 |     34.128 |    12.3
Early stopping

Model: Seq2Seq Transformer
Source index: <Seq2Seq Index with 43 items>
Target index: <Seq2Seq Index with 34 items>
Max sequence length: 800
Embedding dimension: 64
Feedforward dimension: 128
Encoder layers: 2
Decoder layers: 4
Attention heads: 4
Activation: relu
Dropout: 0.1
Trainable parameters: 326,498

Training started
X_train.shape: torch.Size([3072, 702])
Y_train.shape: torch.Size([3072, 7])
X_dev.shape: torch.Size([566, 649])
Y_dev.shape: torch.Size([566, 7])
Epochs: 500
Learning rate: 0.001
Weight decay: 0.0001
Epoch | Train                 | Development           | Minutes
      | Loss     | Error Rate | Loss     | Error Rate |
---------------------------------------------------------------
    1 |   1.7607 |     50.114 |   1.3668 |     45.878 |     0.1
    2 |   1.3305 |     44.922 |   1.2882 |     43.993 |     0.2
    3 |   1.2555 |     43.739 |   1.2218 |     42.285 |     0.3
    4 |   1.2116 |     42.177 |   1.1780 |     41.696 |     0.4
    5 |   1.1680 |     40.761 |   1.1572 |     40.695 |     0.5
    6 |   1.1401 |     39.887 |   1.1266 |     39.664 |     0.6
    7 |   1.1080 |     38.965 |   1.1132 |     38.781 |     0.7
    8 |   1.0782 |     37.283 |   1.0844 |     37.633 |     0.8
    9 |   1.0507 |     36.719 |   1.0851 |     37.721 |     0.9
   10 |   1.0267 |     35.867 |   1.0516 |     36.514 |     1.0
   11 |   0.9937 |     34.652 |   1.0209 |     35.277 |     1.1
   12 |   0.9692 |     33.767 |   1.0171 |     34.570 |     1.2
   13 |   0.9429 |     32.693 |   1.0025 |     34.600 |     1.3
   14 |   0.9177 |     31.445 |   0.9783 |     33.510 |     1.4
   15 |   0.8895 |     30.680 |   0.9842 |     33.451 |     1.5
   16 |   0.8686 |     30.132 |   0.9823 |     33.569 |     1.6
   17 |   0.8461 |     29.324 |   0.9716 |     32.803 |     1.7
   18 |   0.8230 |     28.456 |   0.9683 |     33.274 |     1.8
   19 |   0.7942 |     27.778 |   0.9806 |     32.921 |     1.9
   20 |   0.7838 |     27.132 |   0.9760 |     32.744 |     2.0
   21 |   0.7519 |     26.373 |   0.9580 |     32.273 |     2.1
   22 |   0.7380 |     25.363 |   0.9689 |     32.362 |     2.3
   23 |   0.7129 |     24.702 |   0.9667 |     31.596 |     2.4
   24 |   0.6912 |     24.099 |   0.9710 |     31.007 |     2.5
   25 |   0.6786 |     23.443 |   0.9874 |     31.449 |     2.6
Early stopping

Model: Seq2Seq Transformer
Source index: <Seq2Seq Index with 43 items>
Target index: <Seq2Seq Index with 34 items>
Max sequence length: 800
Embedding dimension: 64
Feedforward dimension: 64
Encoder layers: 2
Decoder layers: 3
Attention heads: 4
Activation: relu
Dropout: 0.1
Trainable parameters: 234,978

Training started
X_train.shape: torch.Size([3072, 702])
Y_train.shape: torch.Size([3072, 7])
X_dev.shape: torch.Size([566, 649])
Y_dev.shape: torch.Size([566, 7])
Epochs: 500
Learning rate: 0.0001
Weight decay: 1e-05
Epoch | Train                 | Development           | Minutes
      | Loss     | Error Rate | Loss     | Error Rate |
---------------------------------------------------------------
    1 |   2.7491 |     65.576 |   2.0742 |     46.996 |     0.1
    2 |   1.9559 |     46.658 |   1.6986 |     46.260 |     0.2
    3 |   1.6844 |     45.904 |   1.5651 |     46.290 |     0.3
    4 |   1.5716 |     46.018 |   1.5029 |     46.938 |     0.4
    5 |   1.5019 |     45.660 |   1.4569 |     46.525 |     0.5
    6 |   1.4547 |     45.399 |   1.4189 |     46.466 |     0.6
    7 |   1.4174 |     45.052 |   1.3874 |     45.936 |     0.7
    8 |   1.3916 |     45.063 |   1.3598 |     44.935 |     0.8
    9 |   1.3649 |     44.683 |   1.3357 |     44.611 |     0.9
   10 |   1.3439 |     44.482 |   1.3168 |     44.258 |     1.0
   11 |   1.3252 |     43.929 |   1.2920 |     43.110 |     1.1
   12 |   1.3053 |     43.311 |   1.2758 |     42.845 |     1.2
   13 |   1.2909 |     43.088 |   1.2665 |     42.108 |     1.3
   14 |   1.2742 |     42.719 |   1.2478 |     41.784 |     1.4
   15 |   1.2628 |     42.318 |   1.2442 |     42.197 |     1.5
   16 |   1.2499 |     42.079 |   1.2363 |     42.197 |     1.6
   17 |   1.2409 |     41.721 |   1.2180 |     41.549 |     1.7
   18 |   1.2292 |     41.580 |   1.2105 |     41.048 |     1.8
   19 |   1.2162 |     41.124 |   1.1991 |     41.048 |     1.9
   20 |   1.2081 |     41.048 |   1.1919 |     40.165 |     2.0
   21 |   1.1967 |     40.495 |   1.1850 |     40.047 |     2.1
   22 |   1.1851 |     40.294 |   1.1733 |     40.135 |     2.2
   23 |   1.1823 |     40.191 |   1.1710 |     40.607 |     2.3
   24 |   1.1723 |     40.093 |   1.1607 |     39.812 |     2.4
   25 |   1.1639 |     39.887 |   1.1595 |     40.135 |     2.5
   26 |   1.1534 |     39.480 |   1.1491 |     39.664 |     2.6
   27 |   1.1470 |     39.491 |   1.1496 |     39.517 |     2.7
   28 |   1.1334 |     39.019 |   1.1384 |     39.311 |     2.8
   29 |   1.1335 |     38.905 |   1.1363 |     38.987 |     2.9
   30 |   1.1242 |     38.477 |   1.1213 |     38.958 |     3.0
   31 |   1.1171 |     38.417 |   1.1234 |     39.223 |     3.1
   32 |   1.1136 |     38.287 |   1.1084 |     38.516 |     3.2
   33 |   1.1049 |     38.021 |   1.1076 |     38.398 |     3.3
   34 |   1.0979 |     37.511 |   1.1011 |     38.604 |     3.4
   35 |   1.0877 |     37.402 |   1.1000 |     38.251 |     3.5
   36 |   1.0853 |     37.033 |   1.0931 |     37.338 |     3.5
   37 |   1.0787 |     37.006 |   1.0946 |     38.310 |     3.6
   38 |   1.0701 |     36.529 |   1.0884 |     37.839 |     3.7
   39 |   1.0684 |     36.697 |   1.0817 |     37.485 |     3.8
   40 |   1.0564 |     36.344 |   1.0765 |     37.397 |     3.9
   41 |   1.0518 |     36.046 |   1.0657 |     37.338 |     4.0
   42 |   1.0478 |     35.910 |   1.0711 |     37.574 |     4.1
   43 |   1.0422 |     35.531 |   1.0725 |     37.161 |     4.2
   44 |   1.0365 |     35.748 |   1.0646 |     37.014 |     4.3
   45 |   1.0295 |     35.227 |   1.0627 |     36.160 |     4.4
   46 |   1.0261 |     35.118 |   1.0546 |     36.131 |     4.5
   47 |   1.0186 |     34.890 |   1.0518 |     36.042 |     4.6
   48 |   1.0150 |     34.673 |   1.0553 |     37.014 |     4.7
   49 |   1.0083 |     34.798 |   1.0474 |     36.042 |     4.8
   50 |   1.0058 |     34.370 |   1.0524 |     35.630 |     4.9
   51 |   0.9994 |     34.348 |   1.0489 |     35.836 |     5.0
   52 |   0.9941 |     33.936 |   1.0395 |     35.895 |     5.1
   53 |   0.9905 |     33.984 |   1.0363 |     35.571 |     5.1
   54 |   0.9854 |     33.952 |   1.0349 |     35.542 |     5.2
   55 |   0.9787 |     33.556 |   1.0347 |     35.542 |     5.3
   56 |   0.9808 |     33.898 |   1.0311 |     35.483 |     5.4
   57 |   0.9642 |     33.333 |   1.0334 |     35.483 |     5.5
   58 |   0.9652 |     33.051 |   1.0260 |     35.071 |     5.6
   59 |   0.9547 |     32.829 |   1.0338 |     35.130 |     5.7
   60 |   0.9582 |     32.937 |   1.0255 |     35.041 |     5.8
   61 |   0.9465 |     32.520 |   1.0219 |     34.747 |     5.9
   62 |   0.9461 |     32.460 |   1.0273 |     35.041 |     6.0
   63 |   0.9440 |     32.248 |   1.0295 |     34.865 |     6.1
   64 |   0.9334 |     32.145 |   1.0199 |     34.452 |     6.2
   65 |   0.9313 |     31.722 |   1.0120 |     34.099 |     6.3
   66 |   0.9300 |     32.254 |   1.0164 |     34.452 |     6.4
   67 |   0.9249 |     31.581 |   1.0113 |     34.364 |     6.5
   68 |   0.9188 |     31.451 |   1.0201 |     34.276 |     6.5
   69 |   0.9168 |     31.641 |   1.0172 |     34.069 |     6.6
   70 |   0.9136 |     31.255 |   1.0196 |     34.600 |     6.7
   71 |   0.9060 |     31.500 |   1.0078 |     33.922 |     6.8
   72 |   0.9031 |     30.962 |   1.0114 |     34.011 |     6.9
   73 |   0.9021 |     30.887 |   1.0128 |     33.922 |     7.0
   74 |   0.8971 |     30.702 |   1.0146 |     34.276 |     7.1
   75 |   0.8943 |     30.881 |   1.0137 |     34.099 |     7.2
   76 |   0.8892 |     30.268 |   1.0070 |     34.099 |     7.3
   77 |   0.8810 |     29.867 |   1.0167 |     33.922 |     7.4
   78 |   0.8831 |     30.176 |   1.0060 |     33.510 |     7.5
   79 |   0.8710 |     29.883 |   1.0131 |     33.834 |     7.6
   80 |   0.8684 |     30.263 |   1.0042 |     33.539 |     7.7
   81 |   0.8675 |     29.742 |   1.0163 |     34.276 |     7.8
   82 |   0.8662 |     29.742 |   1.0147 |     34.364 |     7.8
   83 |   0.8651 |     29.688 |   1.0058 |     33.216 |     7.9
   84 |   0.8550 |     29.123 |   1.0110 |     33.746 |     8.0
Early stopping

Model: Seq2Seq Transformer
Source index: <Seq2Seq Index with 43 items>
Target index: <Seq2Seq Index with 34 items>
Max sequence length: 800
Embedding dimension: 64
Feedforward dimension: 256
Encoder layers: 4
Decoder layers: 3
Attention heads: 2
Activation: relu
Dropout: 0.1
Trainable parameters: 458,786

Training started
X_train.shape: torch.Size([3072, 702])
Y_train.shape: torch.Size([3072, 7])
X_dev.shape: torch.Size([566, 649])
Y_dev.shape: torch.Size([566, 7])
Epochs: 500
Learning rate: 0.001
Weight decay: 0.0001
Epoch | Train                 | Development           | Minutes
      | Loss     | Error Rate | Loss     | Error Rate |
---------------------------------------------------------------
    1 |   1.6813 |     49.436 |   1.3793 |     46.466 |     0.1
    2 |   1.3294 |     45.464 |   1.2919 |     46.260 |     0.2
    3 |   1.2675 |     44.461 |   1.2458 |     42.786 |     0.3
    4 |   1.2394 |     44.189 |   1.2347 |     45.141 |     0.4
    5 |   1.2125 |     43.104 |   1.2034 |     43.139 |     0.6
    6 |   1.1970 |     42.719 |   1.1815 |     42.697 |     0.7
    7 |   1.1828 |     42.817 |   1.1688 |     42.167 |     0.8
    8 |   1.1681 |     42.318 |   1.1615 |     43.168 |     0.9
    9 |   1.1643 |     42.508 |   1.1602 |     41.696 |     1.0
   10 |   1.1520 |     41.949 |   1.1333 |     41.284 |     1.1
   11 |   1.1420 |     41.922 |   1.1332 |     41.608 |     1.2
   12 |   1.1359 |     41.943 |   1.1273 |     41.019 |     1.4
   13 |   1.1322 |     41.363 |   1.1252 |     41.402 |     1.5
   14 |   1.1263 |     41.884 |   1.1176 |     41.755 |     1.6
   15 |   1.1232 |     41.341 |   1.1252 |     41.519 |     1.7
   16 |   1.1207 |     41.401 |   1.1224 |     42.344 |     1.8
   17 |   1.1138 |     41.281 |   1.1142 |     41.549 |     1.9
   18 |   1.1125 |     41.265 |   1.1122 |     41.166 |     2.0
   19 |   1.1116 |     41.325 |   1.1179 |     41.843 |     2.2
   20 |   1.1083 |     41.048 |   1.0990 |     41.078 |     2.3
   21 |   1.1013 |     40.809 |   1.1123 |     41.254 |     2.4
   22 |   1.1016 |     41.319 |   1.1081 |     41.461 |     2.5
   23 |   1.0989 |     41.064 |   1.1006 |     40.577 |     2.6
   24 |   1.0947 |     41.162 |   1.1024 |     40.931 |     2.7
Early stopping

Model: Seq2Seq Transformer
Source index: <Seq2Seq Index with 43 items>
Target index: <Seq2Seq Index with 34 items>
Max sequence length: 800
Embedding dimension: 64
Feedforward dimension: 128
Encoder layers: 2
Decoder layers: 3
Attention heads: 2
Activation: relu
Dropout: 0.0
Trainable parameters: 276,258

Training started
X_train.shape: torch.Size([3072, 702])
Y_train.shape: torch.Size([3072, 7])
X_dev.shape: torch.Size([566, 649])
Y_dev.shape: torch.Size([566, 7])
Epochs: 500
Learning rate: 0.0001
Weight decay: 0.0001
Epoch | Train                 | Development           | Minutes
      | Loss     | Error Rate | Loss     | Error Rate |
---------------------------------------------------------------
    1 |   2.3356 |     54.546 |   1.8228 |     49.264 |     0.1
    2 |   1.6625 |     45.909 |   1.5983 |     46.555 |     0.1
    3 |   1.5218 |     45.394 |   1.5023 |     46.908 |     0.2
    4 |   1.4467 |     45.068 |   1.4385 |     45.318 |     0.3
    5 |   1.3899 |     44.092 |   1.3911 |     45.465 |     0.3
    6 |   1.3497 |     43.500 |   1.3540 |     43.787 |     0.4
    7 |   1.3182 |     43.039 |   1.3311 |     43.698 |     0.4
    8 |   1.2892 |     42.556 |   1.3065 |     43.227 |     0.5
    9 |   1.2630 |     41.857 |   1.2760 |     42.638 |     0.6
   10 |   1.2396 |     41.325 |   1.2614 |     41.902 |     0.6
   11 |   1.2175 |     40.820 |   1.2347 |     40.989 |     0.7
   12 |   1.1978 |     40.299 |   1.2212 |     40.872 |     0.8
   13 |   1.1822 |     40.153 |   1.2016 |     40.342 |     0.8
   14 |   1.1648 |     39.486 |   1.1918 |     39.782 |     0.9
   15 |   1.1477 |     38.932 |   1.1782 |     40.106 |     1.0
   16 |   1.1329 |     38.607 |   1.1584 |     39.694 |     1.0
   17 |   1.1203 |     38.162 |   1.1563 |     39.664 |     1.1
   18 |   1.1018 |     37.413 |   1.1485 |     38.928 |     1.2
   19 |   1.0900 |     37.028 |   1.1346 |     38.163 |     1.2
   20 |   1.0747 |     36.290 |   1.1198 |     38.015 |     1.3
   21 |   1.0614 |     35.802 |   1.1026 |     37.574 |     1.3
   22 |   1.0474 |     35.352 |   1.1023 |     37.515 |     1.4
   23 |   1.0345 |     34.863 |   1.0893 |     36.690 |     1.5
   24 |   1.0208 |     34.342 |   1.0766 |     36.396 |     1.5
   25 |   1.0100 |     34.120 |   1.0705 |     35.954 |     1.6
   26 |   0.9967 |     33.523 |   1.0587 |     35.453 |     1.7
   27 |   0.9845 |     32.818 |   1.0494 |     35.424 |     1.7
   28 |   0.9704 |     32.650 |   1.0453 |     34.717 |     1.8
   29 |   0.9609 |     32.259 |   1.0458 |     34.658 |     1.9
   30 |   0.9463 |     31.793 |   1.0369 |     34.452 |     1.9
   31 |   0.9394 |     31.581 |   1.0423 |     35.365 |     2.0
   32 |   0.9289 |     31.516 |   1.0394 |     34.688 |     2.1
   33 |   0.9156 |     30.637 |   1.0172 |     34.099 |     2.1
   34 |   0.9047 |     30.447 |   1.0233 |     34.452 |     2.2
   35 |   0.8980 |     30.105 |   1.0265 |     34.688 |     2.2
   36 |   0.8856 |     29.905 |   1.0036 |     33.510 |     2.3
   37 |   0.8770 |     29.373 |   1.0006 |     33.746 |     2.4
   38 |   0.8678 |     29.026 |   1.0058 |     33.481 |     2.4
   39 |   0.8593 |     28.819 |   0.9924 |     33.304 |     2.5
   40 |   0.8501 |     28.342 |   0.9976 |     33.098 |     2.6
   41 |   0.8427 |     28.304 |   0.9857 |     32.391 |     2.6
   42 |   0.8327 |     27.810 |   0.9793 |     32.038 |     2.7
   43 |   0.8204 |     27.148 |   0.9795 |     32.244 |     2.8
   44 |   0.8169 |     27.550 |   0.9720 |     31.802 |     2.8
   45 |   0.8074 |     27.279 |   0.9719 |     31.802 |     2.9
   46 |   0.7989 |     26.725 |   0.9833 |     32.038 |     3.0
   47 |   0.7908 |     26.454 |   0.9653 |     31.360 |     3.0
   48 |   0.7834 |     26.297 |   0.9726 |     31.743 |     3.1
   49 |   0.7772 |     25.798 |   0.9640 |     30.948 |     3.2
   50 |   0.7699 |     25.526 |   0.9598 |     31.213 |     3.2
   51 |   0.7643 |     25.559 |   0.9553 |     30.860 |     3.3
   52 |   0.7531 |     25.092 |   0.9691 |     31.596 |     3.4
   53 |   0.7474 |     25.049 |   0.9667 |     30.919 |     3.4
   54 |   0.7394 |     24.523 |   0.9699 |     31.567 |     3.5
   55 |   0.7338 |     24.561 |   0.9547 |     30.477 |     3.6
   56 |   0.7224 |     23.866 |   0.9593 |     31.920 |     3.6
   57 |   0.7211 |     24.164 |   0.9587 |     31.419 |     3.7
   58 |   0.7125 |     23.595 |   0.9580 |     31.184 |     3.8
   59 |   0.7067 |     23.850 |   0.9536 |     30.919 |     3.8
   60 |   0.7007 |     23.475 |   0.9593 |     31.125 |     3.9
   61 |   0.6908 |     23.101 |   0.9501 |     30.624 |     4.0
   62 |   0.6817 |     22.841 |   0.9503 |     30.212 |     4.0
   63 |   0.6791 |     22.428 |   0.9500 |     30.418 |     4.1
   64 |   0.6723 |     22.531 |   0.9462 |     30.035 |     4.2
   65 |   0.6663 |     22.309 |   0.9409 |     30.300 |     4.2
   66 |   0.6612 |     22.228 |   0.9607 |     30.742 |     4.3
   67 |   0.6542 |     21.701 |   0.9641 |     30.624 |     4.4
   68 |   0.6467 |     21.479 |   0.9562 |     30.683 |     4.4
   69 |   0.6401 |     21.436 |   0.9500 |     30.212 |     4.5
Early stopping

Model: Seq2Seq Transformer
Source index: <Seq2Seq Index with 43 items>
Target index: <Seq2Seq Index with 34 items>
Max sequence length: 800
Embedding dimension: 64
Feedforward dimension: 256
Encoder layers: 2
Decoder layers: 3
Attention heads: 4
Activation: relu
Dropout: 0.0
Trainable parameters: 358,818

Training started
X_train.shape: torch.Size([3072, 702])
Y_train.shape: torch.Size([3072, 7])
X_dev.shape: torch.Size([566, 649])
Y_dev.shape: torch.Size([566, 7])
Epochs: 500
Learning rate: 0.001
Weight decay: 0.0001
Epoch | Train                 | Development           | Minutes
      | Loss     | Error Rate | Loss     | Error Rate |
---------------------------------------------------------------
    1 |   1.5786 |     46.810 |   1.3361 |     44.287 |     0.1
    2 |   1.2525 |     43.050 |   1.2262 |     44.081 |     0.2
    3 |   1.1796 |     41.526 |   1.2022 |     41.461 |     0.3
    4 |   1.1172 |     39.269 |   1.1420 |     40.960 |     0.4
    5 |   1.0692 |     37.972 |   1.1045 |     39.046 |     0.4
    6 |   1.0237 |     36.013 |   1.0700 |     37.397 |     0.5
    7 |   0.9932 |     34.972 |   1.0283 |     35.895 |     0.6
    8 |   0.9552 |     33.523 |   1.0109 |     34.923 |     0.7
    9 |   0.9218 |     32.161 |   1.0157 |     35.836 |     0.8
   10 |   0.8935 |     31.255 |   1.0153 |     35.601 |     0.9
   11 |   0.8608 |     30.366 |   1.0053 |     35.100 |     1.0
   12 |   0.8336 |     29.004 |   0.9871 |     34.305 |     1.1
   13 |   0.7972 |     27.908 |   1.0094 |     34.011 |     1.2
   14 |   0.7759 |     27.116 |   0.9978 |     33.863 |     1.3
   15 |   0.7386 |     25.798 |   0.9572 |     31.596 |     1.3
   16 |   0.7086 |     24.626 |   0.9962 |     32.597 |     1.4
   17 |   0.6778 |     23.307 |   0.9998 |     31.979 |     1.5
   18 |   0.6497 |     22.645 |   0.9990 |     32.185 |     1.6
   19 |   0.6216 |     21.571 |   0.9975 |     32.155 |     1.7
Early stopping

Model: Seq2Seq Transformer
Source index: <Seq2Seq Index with 43 items>
Target index: <Seq2Seq Index with 34 items>
Max sequence length: 800
Embedding dimension: 64
Feedforward dimension: 128
Encoder layers: 2
Decoder layers: 4
Attention heads: 2
Activation: relu
Dropout: 0.2
Trainable parameters: 326,498

Training started
X_train.shape: torch.Size([3072, 702])
Y_train.shape: torch.Size([3072, 7])
X_dev.shape: torch.Size([566, 649])
Y_dev.shape: torch.Size([566, 7])
Epochs: 500
Learning rate: 0.0001
Weight decay: 1e-05
Epoch | Train                 | Development           | Minutes
      | Loss     | Error Rate | Loss     | Error Rate |
---------------------------------------------------------------
    1 |   2.8633 |     75.776 |   2.2911 |     58.834 |     0.1
    2 |   2.1429 |     51.411 |   1.7150 |     46.260 |     0.2
    3 |   1.7414 |     46.191 |   1.5812 |     46.260 |     0.2
    4 |   1.6036 |     45.974 |   1.5131 |     46.143 |     0.3
    5 |   1.5330 |     46.094 |   1.4716 |     46.673 |     0.4
    6 |   1.4827 |     45.741 |   1.4360 |     46.673 |     0.5
    7 |   1.4498 |     45.681 |   1.4121 |     46.702 |     0.5
    8 |   1.4244 |     45.709 |   1.3898 |     46.290 |     0.6
    9 |   1.4049 |     45.578 |   1.3669 |     46.555 |     0.7
   10 |   1.3838 |     45.600 |   1.3604 |     46.319 |     0.8
   11 |   1.3712 |     45.280 |   1.3406 |     45.848 |     0.8
   12 |   1.3547 |     45.106 |   1.3329 |     45.230 |     0.9
   13 |   1.3429 |     44.721 |   1.3218 |     44.405 |     1.0
   14 |   1.3315 |     44.542 |   1.3149 |     45.082 |     1.1
   15 |   1.3225 |     44.293 |   1.3020 |     44.170 |     1.1
   16 |   1.3128 |     43.815 |   1.2874 |     44.435 |     1.2
   17 |   1.3043 |     44.179 |   1.2817 |     43.875 |     1.3
   18 |   1.2946 |     43.462 |   1.2739 |     43.787 |     1.4
   19 |   1.2837 |     42.990 |   1.2589 |     42.609 |     1.5
   20 |   1.2803 |     43.018 |   1.2548 |     42.373 |     1.5
   21 |   1.2666 |     42.795 |   1.2404 |     41.726 |     1.6
   22 |   1.2642 |     42.632 |   1.2406 |     42.108 |     1.7
   23 |   1.2565 |     42.415 |   1.2273 |     41.519 |     1.8
   24 |   1.2467 |     42.166 |   1.2202 |     41.107 |     1.8
   25 |   1.2396 |     42.166 |   1.2235 |     41.196 |     1.9
   26 |   1.2332 |     41.753 |   1.2075 |     41.225 |     2.0
   27 |   1.2290 |     42.014 |   1.2052 |     40.783 |     2.1
   28 |   1.2213 |     41.520 |   1.2006 |     41.137 |     2.1
   29 |   1.2182 |     41.319 |   1.1900 |     40.077 |     2.2
   30 |   1.2095 |     41.423 |   1.1902 |     40.518 |     2.3
   31 |   1.2024 |     41.303 |   1.1869 |     40.901 |     2.4
   32 |   1.2001 |     41.168 |   1.1791 |     40.577 |     2.4
   33 |   1.1932 |     41.070 |   1.1790 |     40.400 |     2.5
   34 |   1.1878 |     40.837 |   1.1755 |     40.400 |     2.6
   35 |   1.1806 |     40.408 |   1.1645 |     39.782 |     2.7
   36 |   1.1827 |     40.582 |   1.1644 |     40.459 |     2.8
   37 |   1.1770 |     40.592 |   1.1553 |     39.959 |     2.8
   38 |   1.1678 |     40.077 |   1.1537 |     40.047 |     2.9
   39 |   1.1653 |     40.082 |   1.1550 |     39.488 |     3.0
   40 |   1.1550 |     39.621 |   1.1506 |     39.105 |     3.1
   41 |   1.1545 |     39.925 |   1.1592 |     40.371 |     3.1
   42 |   1.1506 |     39.920 |   1.1454 |     39.694 |     3.2
   43 |   1.1486 |     39.290 |   1.1427 |     39.959 |     3.3
   44 |   1.1380 |     39.280 |   1.1397 |     39.547 |     3.4
   45 |   1.1361 |     39.193 |   1.1277 |     38.899 |     3.4
   46 |   1.1295 |     39.073 |   1.1301 |     38.751 |     3.5
   47 |   1.1323 |     39.122 |   1.1207 |     38.781 |     3.6
   48 |   1.1228 |     38.949 |   1.1156 |     38.810 |     3.7
   49 |   1.1192 |     38.569 |   1.1155 |     38.810 |     3.7
   50 |   1.1114 |     38.368 |   1.1155 |     38.575 |     3.8
   51 |   1.1058 |     38.015 |   1.1249 |     38.987 |     3.9
   52 |   1.1078 |     38.373 |   1.1197 |     38.280 |     4.0
   53 |   1.1027 |     38.005 |   1.1143 |     38.781 |     4.1
   54 |   1.0968 |     37.842 |   1.1185 |     38.310 |     4.1
   55 |   1.0948 |     37.858 |   1.1048 |     38.074 |     4.2
   56 |   1.0848 |     37.516 |   1.1081 |     37.662 |     4.3
   57 |   1.0861 |     37.381 |   1.1108 |     38.133 |     4.4
   58 |   1.0831 |     36.974 |   1.0915 |     37.544 |     4.4
   59 |   1.0766 |     37.120 |   1.0952 |     37.603 |     4.5
   60 |   1.0744 |     37.023 |   1.0948 |     37.662 |     4.6
   61 |   1.0701 |     36.724 |   1.0918 |     37.485 |     4.7
   62 |   1.0705 |     36.854 |   1.0827 |     37.220 |     4.7
   63 |   1.0648 |     36.475 |   1.0897 |     37.073 |     4.8
   64 |   1.0582 |     36.415 |   1.0902 |     37.367 |     4.9
   65 |   1.0570 |     36.344 |   1.0816 |     37.132 |     5.0
   66 |   1.0542 |     36.214 |   1.0680 |     36.572 |     5.1
   67 |   1.0426 |     35.514 |   1.0678 |     36.572 |     5.1
   68 |   1.0423 |     35.753 |   1.0729 |     36.631 |     5.2
   69 |   1.0429 |     35.975 |   1.0647 |     36.307 |     5.3
   70 |   1.0397 |     35.720 |   1.0692 |     36.278 |     5.4
   71 |   1.0341 |     35.428 |   1.0671 |     36.278 |     5.4
   72 |   1.0305 |     35.422 |   1.0648 |     36.219 |     5.5
   73 |   1.0299 |     35.471 |   1.0652 |     36.131 |     5.6
   74 |   1.0284 |     35.292 |   1.0583 |     35.630 |     5.7
   75 |   1.0199 |     34.956 |   1.0636 |     35.866 |     5.7
   76 |   1.0140 |     34.635 |   1.0703 |     36.042 |     5.8
   77 |   1.0148 |     34.869 |   1.0526 |     35.630 |     5.9
   78 |   1.0127 |     34.635 |   1.0524 |     35.630 |     6.0
   79 |   1.0073 |     34.842 |   1.0608 |     35.925 |     6.0
   80 |   1.0028 |     34.391 |   1.0584 |     35.895 |     6.1
   81 |   1.0022 |     34.543 |   1.0559 |     35.512 |     6.2
   82 |   0.9978 |     34.077 |   1.0587 |     35.188 |     6.3
   83 |   0.9942 |     34.440 |   1.0419 |     35.277 |     6.4
   84 |   0.9897 |     33.903 |   1.0362 |     34.865 |     6.4
   85 |   0.9858 |     33.827 |   1.0555 |     35.159 |     6.5
   86 |   0.9902 |     33.811 |   1.0438 |     35.130 |     6.6
   87 |   0.9895 |     33.941 |   1.0486 |     35.660 |     6.7
   88 |   0.9858 |     33.860 |   1.0365 |     35.542 |     6.7
Early stopping

