Model: Seq2Seq Transformer
Source index: <Seq2Seq Index with 45 items>
Target index: <Seq2Seq Index with 34 items>
Max sequence length: 800
Embedding dimension: 64
Feedforward dimension: 64
Encoder layers: 4
Decoder layers: 3
Attention heads: 2
Activation: relu
Dropout: 0.0
Trainable parameters: 285,538

Training started
X_train.shape: torch.Size([3059, 350])
Y_train.shape: torch.Size([3059, 7])
X_dev.shape: torch.Size([553, 649])
Y_dev.shape: torch.Size([553, 7])
Epochs: 500
Learning rate: 0.0001
Weight decay: 0.0001
Epoch | Train                 | Development           | Minutes
      | Loss     | Error Rate | Loss     | Error Rate |
---------------------------------------------------------------
    1 |   2.6161 |     59.513 |   2.0527 |     46.112 |     0.1
    2 |   1.8220 |     46.083 |   1.6614 |     45.570 |     0.1
    3 |   1.5773 |     45.581 |   1.5231 |     45.389 |     0.2
    4 |   1.4722 |     44.900 |   1.4784 |     45.268 |     0.2
    5 |   1.4072 |     44.339 |   1.4120 |     44.635 |     0.3
    6 |   1.3591 |     42.933 |   1.3650 |     43.671 |     0.3
    7 |   1.3216 |     41.936 |   1.3367 |     43.098 |     0.4
    8 |   1.2918 |     41.484 |   1.3218 |     43.520 |     0.5
    9 |   1.2640 |     40.988 |   1.2974 |     42.435 |     0.5
   10 |   1.2387 |     40.411 |   1.2713 |     42.948 |     0.6
   11 |   1.2191 |     39.882 |   1.2570 |     42.917 |     0.6
   12 |   1.1975 |     39.408 |   1.2350 |     42.224 |     0.7
   13 |   1.1796 |     38.695 |   1.2422 |     42.013 |     0.8
   14 |   1.1643 |     38.319 |   1.2180 |     41.591 |     0.8
   15 |   1.1473 |     37.872 |   1.2285 |     41.772 |     0.9
   16 |   1.1291 |     37.316 |   1.1955 |     41.139 |     0.9
   17 |   1.1156 |     36.913 |   1.1908 |     41.320 |     1.0
   18 |   1.0988 |     36.177 |   1.1905 |     41.019 |     1.0
   19 |   1.0886 |     35.889 |   1.1816 |     40.687 |     1.1
   20 |   1.0732 |     35.387 |   1.1605 |     39.964 |     1.2
   21 |   1.0588 |     35.039 |   1.1627 |     40.325 |     1.2
   22 |   1.0427 |     34.303 |   1.1718 |     40.205 |     1.3
   23 |   1.0332 |     34.243 |   1.1659 |     39.964 |     1.3
   24 |   1.0202 |     33.737 |   1.1422 |     39.482 |     1.4
   25 |   1.0041 |     32.952 |   1.1475 |     39.391 |     1.4
   26 |   0.9910 |     32.685 |   1.1162 |     38.186 |     1.5
   27 |   0.9808 |     32.451 |   1.1091 |     38.156 |     1.6
   28 |   0.9682 |     32.009 |   1.1342 |     38.487 |     1.6
   29 |   0.9562 |     31.655 |   1.1045 |     37.764 |     1.7
   30 |   0.9379 |     31.257 |   1.1105 |     37.884 |     1.7
   31 |   0.9309 |     30.702 |   1.0995 |     36.950 |     1.8
   32 |   0.9187 |     30.201 |   1.1093 |     38.366 |     1.9
   33 |   0.9088 |     30.070 |   1.0978 |     37.342 |     1.9
   34 |   0.9001 |     29.841 |   1.0816 |     36.558 |     2.0
   35 |   0.8847 |     29.193 |   1.0827 |     35.775 |     2.0
   36 |   0.8761 |     28.833 |   1.0833 |     36.618 |     2.1
   37 |   0.8583 |     28.185 |   1.0847 |     36.769 |     2.1
   38 |   0.8559 |     28.245 |   1.0610 |     35.654 |     2.2
   39 |   0.8410 |     27.939 |   1.0678 |     36.317 |     2.3
   40 |   0.8271 |     27.204 |   1.0872 |     36.347 |     2.3
   41 |   0.8223 |     27.346 |   1.0921 |     36.799 |     2.4
   42 |   0.8108 |     26.719 |   1.1061 |     36.829 |     2.4
Early stopping

Model: Seq2Seq Transformer
Source index: <Seq2Seq Index with 45 items>
Target index: <Seq2Seq Index with 34 items>
Max sequence length: 800
Embedding dimension: 128
Feedforward dimension: 256
Encoder layers: 4
Decoder layers: 2
Attention heads: 2
Activation: relu
Dropout: 0.2
Trainable parameters: 1,044,898

Training started
X_train.shape: torch.Size([3059, 350])
Y_train.shape: torch.Size([3059, 7])
X_dev.shape: torch.Size([553, 649])
Y_dev.shape: torch.Size([553, 7])
Epochs: 500
Learning rate: 0.001
Weight decay: 1e-05
Epoch | Train                 | Development           | Minutes
      | Loss     | Error Rate | Loss     | Error Rate |
---------------------------------------------------------------
    1 |   1.5957 |     48.360 |   1.3325 |     45.118 |     0.1
    2 |   1.3072 |     45.118 |   1.2608 |     44.485 |     0.1
    3 |   1.2681 |     44.252 |   1.2183 |     43.912 |     0.2
    4 |   1.2328 |     44.088 |   1.1993 |     44.033 |     0.3
    5 |   1.2080 |     43.021 |   1.2111 |     43.369 |     0.4
    6 |   1.1934 |     42.459 |   1.1657 |     42.375 |     0.4
    7 |   1.1726 |     42.154 |   1.1768 |     42.104 |     0.5
    8 |   1.1627 |     41.871 |   1.1557 |     42.345 |     0.6
    9 |   1.1482 |     41.217 |   1.1488 |     40.145 |     0.6
   10 |   1.1393 |     40.765 |   1.1398 |     41.109 |     0.7
   11 |   1.1409 |     41.195 |   1.1434 |     41.410 |     0.8
   12 |   1.1271 |     40.923 |   1.1203 |     40.627 |     0.9
   13 |   1.1203 |     40.460 |   1.1392 |     42.224 |     0.9
   14 |   1.1147 |     40.732 |   1.1160 |     41.410 |     1.0
   15 |   1.1137 |     40.514 |   1.1292 |     41.410 |     1.1
   16 |   1.1117 |     40.591 |   1.1188 |     41.019 |     1.2
   17 |   1.1004 |     39.757 |   1.1181 |     40.898 |     1.2
   18 |   1.0928 |     39.915 |   1.1352 |     41.019 |     1.3
   19 |   1.0939 |     40.040 |   1.1112 |     40.627 |     1.4
   20 |   1.0851 |     39.583 |   1.0962 |     40.476 |     1.4
   21 |   1.0759 |     39.223 |   1.1265 |     40.958 |     1.5
   22 |   1.0773 |     39.594 |   1.0951 |     39.331 |     1.6
   23 |   1.0744 |     39.174 |   1.1007 |     40.084 |     1.7
   24 |   1.0689 |     39.076 |   1.1000 |     39.451 |     1.7
   25 |   1.0666 |     39.043 |   1.0933 |     39.451 |     1.8
   26 |   1.0696 |     38.994 |   1.1013 |     40.386 |     1.9
   27 |   1.0656 |     38.891 |   1.0928 |     39.662 |     1.9
   28 |   1.0595 |     38.825 |   1.0872 |     40.024 |     2.0
   29 |   1.0531 |     38.515 |   1.0943 |     39.813 |     2.1
   30 |   1.0463 |     37.975 |   1.0828 |     39.150 |     2.2
   31 |   1.0470 |     38.520 |   1.0871 |     39.512 |     2.2
   32 |   1.0405 |     38.172 |   1.0843 |     39.662 |     2.3
   33 |   1.0296 |     37.681 |   1.0829 |     39.964 |     2.4
   34 |   1.0436 |     38.041 |   1.0873 |     39.873 |     2.5
Early stopping

Model: Seq2Seq Transformer
Source index: <Seq2Seq Index with 45 items>
Target index: <Seq2Seq Index with 34 items>
Max sequence length: 800
Embedding dimension: 64
Feedforward dimension: 256
Encoder layers: 2
Decoder layers: 4
Attention heads: 4
Activation: relu
Dropout: 0.2
Trainable parameters: 425,698

Training started
X_train.shape: torch.Size([3059, 350])
Y_train.shape: torch.Size([3059, 7])
X_dev.shape: torch.Size([553, 649])
Y_dev.shape: torch.Size([553, 7])
Epochs: 500
Learning rate: 0.001
Weight decay: 0.0001
Epoch | Train                 | Development           | Minutes
      | Loss     | Error Rate | Loss     | Error Rate |
---------------------------------------------------------------
    1 |   1.7701 |     49.504 |   1.4003 |     45.871 |     0.1
    2 |   1.3798 |     45.538 |   1.3016 |     44.274 |     0.1
    3 |   1.3086 |     44.012 |   1.2637 |     44.334 |     0.2
    4 |   1.2490 |     43.053 |   1.2058 |     41.863 |     0.2
    5 |   1.2064 |     41.560 |   1.1843 |     41.380 |     0.3
    6 |   1.1771 |     40.841 |   1.1596 |     40.265 |     0.4
    7 |   1.1476 |     39.806 |   1.1449 |     40.205 |     0.4
    8 |   1.1189 |     39.120 |   1.1232 |     40.175 |     0.5
    9 |   1.0876 |     38.014 |   1.1002 |     38.969 |     0.6
   10 |   1.0663 |     36.248 |   1.1090 |     37.975 |     0.6
   11 |   1.0397 |     35.900 |   1.0859 |     37.673 |     0.7
   12 |   1.0128 |     34.990 |   1.0712 |     36.468 |     0.7
   13 |   0.9952 |     34.270 |   1.0845 |     36.407 |     0.8
   14 |   0.9695 |     33.464 |   1.0749 |     37.312 |     0.9
   15 |   0.9484 |     32.663 |   1.0804 |     37.191 |     0.9
   16 |   0.9279 |     32.080 |   1.0531 |     35.443 |     1.0
   17 |   0.9079 |     31.361 |   1.0485 |     35.714 |     1.1
   18 |   0.8953 |     30.925 |   1.0382 |     34.690 |     1.1
   19 |   0.8775 |     30.331 |   1.0526 |     35.654 |     1.2
   20 |   0.8578 |     29.672 |   1.0864 |     36.407 |     1.2
   21 |   0.8357 |     28.975 |   1.0697 |     35.925 |     1.3
   22 |   0.8241 |     28.484 |   1.0342 |     34.237 |     1.4
   23 |   0.7978 |     27.896 |   1.0371 |     34.569 |     1.4
   24 |   0.7829 |     26.882 |   1.0460 |     35.081 |     1.5
   25 |   0.7710 |     26.915 |   1.0653 |     35.594 |     1.5
   26 |   0.7601 |     26.261 |   1.0572 |     34.569 |     1.6
Early stopping

Model: Seq2Seq Transformer
Source index: <Seq2Seq Index with 45 items>
Target index: <Seq2Seq Index with 34 items>
Max sequence length: 800
Embedding dimension: 128
Feedforward dimension: 256
Encoder layers: 2
Decoder layers: 2
Attention heads: 4
Activation: relu
Dropout: 0.0
Trainable parameters: 779,938

Training started
X_train.shape: torch.Size([3059, 350])
Y_train.shape: torch.Size([3059, 7])
X_dev.shape: torch.Size([553, 649])
Y_dev.shape: torch.Size([553, 7])
Epochs: 500
Learning rate: 0.0001
Weight decay: 1e-05
Epoch | Train                 | Development           | Minutes
      | Loss     | Error Rate | Loss     | Error Rate |
---------------------------------------------------------------
    1 |   2.0373 |     52.386 |   1.4941 |     45.539 |     0.0
    2 |   1.4078 |     44.426 |   1.3980 |     45.811 |     0.1
    3 |   1.3232 |     43.064 |   1.3434 |     44.394 |     0.1
    4 |   1.2655 |     41.419 |   1.2856 |     42.827 |     0.2
    5 |   1.2219 |     40.596 |   1.2623 |     42.315 |     0.2
    6 |   1.1767 |     39.245 |   1.2312 |     42.315 |     0.3
    7 |   1.1363 |     38.346 |   1.2142 |     41.832 |     0.3
    8 |   1.1003 |     36.946 |   1.1999 |     41.019 |     0.4
    9 |   1.0669 |     35.905 |   1.1597 |     39.904 |     0.4
   10 |   1.0345 |     34.804 |   1.1386 |     39.783 |     0.5
   11 |   0.9980 |     33.546 |   1.1309 |     38.758 |     0.5
   12 |   0.9732 |     32.669 |   1.1137 |     38.156 |     0.6
   13 |   0.9428 |     31.677 |   1.1029 |     36.829 |     0.6
   14 |   0.9130 |     30.375 |   1.1179 |     37.372 |     0.7
   15 |   0.8870 |     29.748 |   1.0786 |     36.558 |     0.7
   16 |   0.8557 |     28.615 |   1.0804 |     36.920 |     0.8
   17 |   0.8320 |     27.803 |   1.0711 |     36.317 |     0.8
   18 |   0.8041 |     26.588 |   1.0931 |     37.251 |     0.9
   19 |   0.7801 |     26.141 |   1.0905 |     36.016 |     0.9
   20 |   0.7534 |     25.025 |   1.0804 |     35.744 |     1.0
   21 |   0.7252 |     23.750 |   1.0604 |     34.690 |     1.0
   22 |   0.6983 |     22.862 |   1.0875 |     34.991 |     1.1
   23 |   0.6753 |     22.398 |   1.1152 |     35.925 |     1.1
   24 |   0.6517 |     21.614 |   1.1069 |     34.268 |     1.2
   25 |   0.6231 |     20.268 |   1.1160 |     34.599 |     1.2
Early stopping

Model: Seq2Seq Transformer
Source index: <Seq2Seq Index with 45 items>
Target index: <Seq2Seq Index with 34 items>
Max sequence length: 800
Embedding dimension: 128
Feedforward dimension: 128
Encoder layers: 4
Decoder layers: 2
Attention heads: 4
Activation: relu
Dropout: 0.0
Trainable parameters: 847,522

Training started
X_train.shape: torch.Size([3059, 350])
Y_train.shape: torch.Size([3059, 7])
X_dev.shape: torch.Size([553, 649])
Y_dev.shape: torch.Size([553, 7])
Epochs: 500
Learning rate: 0.0001
Weight decay: 1e-05
Epoch | Train                 | Development           | Minutes
      | Loss     | Error Rate | Loss     | Error Rate |
---------------------------------------------------------------
    1 |   2.1072 |     51.536 |   1.5393 |     45.570 |     0.1
    2 |   1.4409 |     45.151 |   1.3993 |     45.057 |     0.1
    3 |   1.3364 |     43.478 |   1.3321 |     43.701 |     0.2
    4 |   1.2740 |     41.975 |   1.2909 |     42.948 |     0.3
    5 |   1.2222 |     40.634 |   1.2483 |     43.098 |     0.4
    6 |   1.1772 |     38.918 |   1.2096 |     40.989 |     0.4
    7 |   1.1334 |     37.785 |   1.2169 |     40.989 |     0.5
    8 |   1.0962 |     36.466 |   1.1681 |     39.662 |     0.6
    9 |   1.0563 |     35.284 |   1.1589 |     39.994 |     0.7
   10 |   1.0234 |     33.829 |   1.1311 |     38.909 |     0.7
   11 |   0.9849 |     32.669 |   1.1254 |     39.632 |     0.8
   12 |   0.9502 |     31.568 |   1.1026 |     37.462 |     0.9
   13 |   0.9223 |     30.669 |   1.0947 |     37.372 |     1.0
   14 |   0.8858 |     29.242 |   1.0871 |     37.372 |     1.0
   15 |   0.8594 |     28.582 |   1.0894 |     36.317 |     1.1
   16 |   0.8287 |     27.514 |   1.0730 |     35.865 |     1.2
   17 |   0.7996 |     26.675 |   1.0746 |     35.835 |     1.3
   18 |   0.7764 |     25.635 |   1.0546 |     35.383 |     1.4
   19 |   0.7450 |     24.861 |   1.0695 |     35.112 |     1.4
   20 |   0.7161 |     23.782 |   1.0722 |     34.931 |     1.5
   21 |   0.6937 |     22.812 |   1.0767 |     34.418 |     1.6
   22 |   0.6682 |     22.071 |   1.0942 |     35.684 |     1.7
Early stopping

Model: Seq2Seq Transformer
Source index: <Seq2Seq Index with 45 items>
Target index: <Seq2Seq Index with 34 items>
Max sequence length: 800
Embedding dimension: 64
Feedforward dimension: 64
Encoder layers: 4
Decoder layers: 2
Attention heads: 4
Activation: relu
Dropout: 0.1
Trainable parameters: 243,554

Training started
X_train.shape: torch.Size([3059, 350])
Y_train.shape: torch.Size([3059, 7])
X_dev.shape: torch.Size([553, 649])
Y_dev.shape: torch.Size([553, 7])
Epochs: 500
Learning rate: 0.0001
Weight decay: 1e-05
Epoch | Train                 | Development           | Minutes
      | Loss     | Error Rate | Loss     | Error Rate |
---------------------------------------------------------------
    1 |   2.9025 |     70.671 |   2.2786 |     54.039 |     0.1
    2 |   2.0626 |     49.297 |   1.7289 |     45.901 |     0.1
    3 |   1.7168 |     46.518 |   1.5620 |     45.449 |     0.2
    4 |   1.5750 |     45.859 |   1.4824 |     45.600 |     0.3
    5 |   1.5018 |     45.930 |   1.4349 |     44.726 |     0.3
    6 |   1.4502 |     45.205 |   1.4084 |     45.419 |     0.4
    7 |   1.4132 |     44.998 |   1.3809 |     45.208 |     0.5
    8 |   1.3821 |     44.334 |   1.3645 |     45.268 |     0.5
    9 |   1.3570 |     44.148 |   1.3430 |     44.213 |     0.6
   10 |   1.3350 |     43.446 |   1.3232 |     44.153 |     0.7
   11 |   1.3158 |     43.244 |   1.3121 |     43.761 |     0.7
   12 |   1.3008 |     42.699 |   1.3009 |     43.641 |     0.8
   13 |   1.2817 |     42.187 |   1.2829 |     43.219 |     0.9
   14 |   1.2681 |     41.746 |   1.2742 |     42.676 |     0.9
   15 |   1.2532 |     41.326 |   1.2585 |     41.802 |     1.0
   16 |   1.2392 |     41.206 |   1.2623 |     42.375 |     1.1
   17 |   1.2305 |     40.950 |   1.2461 |     42.375 |     1.1
   18 |   1.2179 |     40.531 |   1.2410 |     42.224 |     1.2
   19 |   1.2118 |     40.296 |   1.2389 |     41.923 |     1.3
   20 |   1.2009 |     40.111 |   1.2305 |     41.863 |     1.3
   21 |   1.1898 |     39.752 |   1.2290 |     41.471 |     1.4
   22 |   1.1799 |     39.485 |   1.2042 |     40.325 |     1.5
   23 |   1.1722 |     39.376 |   1.2055 |     40.325 |     1.6
   24 |   1.1615 |     39.011 |   1.1973 |     40.175 |     1.6
   25 |   1.1520 |     38.705 |   1.1967 |     40.084 |     1.7
   26 |   1.1425 |     38.580 |   1.1942 |     40.536 |     1.8
   27 |   1.1378 |     38.373 |   1.1770 |     39.873 |     1.8
   28 |   1.1260 |     38.264 |   1.1772 |     39.964 |     1.9
   29 |   1.1187 |     38.052 |   1.1701 |     40.295 |     2.0
   30 |   1.1083 |     37.447 |   1.1647 |     40.024 |     2.0
   31 |   1.0996 |     37.120 |   1.1576 |     39.602 |     2.1
   32 |   1.0930 |     37.218 |   1.1492 |     39.180 |     2.2
   33 |   1.0848 |     36.848 |   1.1513 |     39.331 |     2.2
   34 |   1.0722 |     36.526 |   1.1477 |     38.879 |     2.3
   35 |   1.0704 |     36.553 |   1.1422 |     38.969 |     2.4
   36 |   1.0568 |     36.074 |   1.1328 |     38.427 |     2.4
   37 |   1.0531 |     35.801 |   1.1306 |     38.276 |     2.5
   38 |   1.0464 |     35.589 |   1.1262 |     38.156 |     2.6
   39 |   1.0433 |     35.605 |   1.1307 |     38.788 |     2.6
   40 |   1.0319 |     35.175 |   1.1216 |     38.547 |     2.7
   41 |   1.0255 |     34.695 |   1.1289 |     38.366 |     2.8
   42 |   1.0167 |     34.772 |   1.1112 |     37.914 |     2.8
   43 |   1.0165 |     34.984 |   1.1104 |     37.794 |     2.9
   44 |   1.0036 |     34.319 |   1.1181 |     38.156 |     3.0
   45 |   0.9983 |     34.047 |   1.1145 |     37.854 |     3.0
   46 |   0.9929 |     33.938 |   1.1040 |     37.191 |     3.1
   47 |   0.9871 |     33.856 |   1.1063 |     37.703 |     3.2
   48 |   0.9794 |     33.246 |   1.1091 |     37.854 |     3.2
   49 |   0.9742 |     33.284 |   1.1016 |     37.583 |     3.3
   50 |   0.9709 |     32.859 |   1.1004 |     37.372 |     3.4
   51 |   0.9634 |     33.001 |   1.1110 |     37.462 |     3.4
   52 |   0.9631 |     32.985 |   1.1007 |     37.281 |     3.5
   53 |   0.9476 |     32.255 |   1.1028 |     37.342 |     3.6
   54 |   0.9438 |     32.522 |   1.1023 |     37.523 |     3.6
Early stopping

Model: Seq2Seq Transformer
Source index: <Seq2Seq Index with 45 items>
Target index: <Seq2Seq Index with 34 items>
Max sequence length: 800
Embedding dimension: 128
Feedforward dimension: 64
Encoder layers: 2
Decoder layers: 3
Attention heads: 2
Activation: relu
Dropout: 0.1
Trainable parameters: 732,002

Training started
X_train.shape: torch.Size([3059, 350])
Y_train.shape: torch.Size([3059, 7])
X_dev.shape: torch.Size([553, 649])
Y_dev.shape: torch.Size([553, 7])
Epochs: 500
Learning rate: 0.0001
Weight decay: 0.0001
Epoch | Train                 | Development           | Minutes
      | Loss     | Error Rate | Loss     | Error Rate |
---------------------------------------------------------------
    1 |   2.3424 |     59.584 |   1.6019 |     45.811 |     0.0
    2 |   1.5615 |     45.995 |   1.4309 |     45.690 |     0.1
    3 |   1.4317 |     45.565 |   1.3600 |     45.208 |     0.2
    4 |   1.3603 |     44.203 |   1.3219 |     44.515 |     0.2
    5 |   1.3153 |     43.048 |   1.2835 |     42.887 |     0.3
    6 |   1.2723 |     42.073 |   1.2627 |     42.134 |     0.3
    7 |   1.2481 |     41.588 |   1.2391 |     41.591 |     0.4
    8 |   1.2151 |     40.721 |   1.2172 |     40.838 |     0.4
    9 |   1.1956 |     39.997 |   1.1891 |     40.808 |     0.5
   10 |   1.1712 |     39.550 |   1.2087 |     41.019 |     0.5
   11 |   1.1526 |     39.087 |   1.1680 |     40.265 |     0.6
   12 |   1.1304 |     38.368 |   1.1409 |     39.090 |     0.6
   13 |   1.1099 |     37.659 |   1.1350 |     39.813 |     0.7
   14 |   1.0939 |     37.071 |   1.1274 |     38.306 |     0.7
   15 |   1.0773 |     36.755 |   1.1237 |     38.276 |     0.8
   16 |   1.0627 |     35.850 |   1.1100 |     38.276 |     0.8
   17 |   1.0477 |     35.355 |   1.1107 |     38.035 |     0.9
   18 |   1.0293 |     34.935 |   1.1003 |     37.402 |     0.9
   19 |   1.0218 |     34.881 |   1.1009 |     37.191 |     1.0
   20 |   1.0047 |     34.140 |   1.1025 |     36.860 |     1.0
   21 |   0.9903 |     33.410 |   1.0883 |     36.829 |     1.1
   22 |   0.9768 |     33.143 |   1.0883 |     37.071 |     1.1
   23 |   0.9655 |     32.685 |   1.0773 |     36.950 |     1.2
   24 |   0.9493 |     32.097 |   1.0846 |     36.136 |     1.3
   25 |   0.9426 |     32.331 |   1.0790 |     36.829 |     1.3
   26 |   0.9286 |     31.470 |   1.0653 |     35.503 |     1.4
   27 |   0.9144 |     30.947 |   1.0643 |     35.473 |     1.4
   28 |   0.9003 |     30.729 |   1.0749 |     35.865 |     1.5
   29 |   0.8972 |     30.478 |   1.0686 |     35.142 |     1.5
   30 |   0.8824 |     30.086 |   1.0715 |     35.835 |     1.6
   31 |   0.8743 |     29.748 |   1.0665 |     35.835 |     1.6
Early stopping

Model: Seq2Seq Transformer
Source index: <Seq2Seq Index with 45 items>
Target index: <Seq2Seq Index with 34 items>
Max sequence length: 800
Embedding dimension: 64
Feedforward dimension: 64
Encoder layers: 2
Decoder layers: 4
Attention heads: 2
Activation: relu
Dropout: 0.0
Trainable parameters: 277,090

Training started
X_train.shape: torch.Size([3059, 350])
Y_train.shape: torch.Size([3059, 7])
X_dev.shape: torch.Size([553, 649])
Y_dev.shape: torch.Size([553, 7])
Epochs: 500
Learning rate: 0.001
Weight decay: 0.0001
Epoch | Train                 | Development           | Minutes
      | Loss     | Error Rate | Loss     | Error Rate |
---------------------------------------------------------------
    1 |   1.7067 |     49.668 |   1.3585 |     45.238 |     0.0
    2 |   1.2842 |     43.162 |   1.2961 |     44.304 |     0.1
    3 |   1.1942 |     40.667 |   1.1890 |     41.531 |     0.1
    4 |   1.1136 |     37.954 |   1.1742 |     40.115 |     0.2
    5 |   1.0648 |     36.739 |   1.1263 |     38.999 |     0.2
    6 |   1.0036 |     34.625 |   1.0974 |     38.397 |     0.3
    7 |   0.9532 |     32.739 |   1.0925 |     37.884 |     0.3
    8 |   0.9024 |     30.827 |   1.0556 |     36.890 |     0.4
    9 |   0.8647 |     29.618 |   1.0401 |     34.931 |     0.4
   10 |   0.8228 |     28.108 |   1.0606 |     35.292 |     0.5
   11 |   0.7934 |     27.111 |   1.0621 |     35.172 |     0.5
   12 |   0.7522 |     25.929 |   1.0350 |     34.448 |     0.6
   13 |   0.7062 |     24.294 |   1.0490 |     33.725 |     0.7
   14 |   0.6790 |     23.532 |   1.0622 |     33.966 |     0.7
   15 |   0.6347 |     21.957 |   1.0936 |     34.388 |     0.8
   16 |   0.6216 |     21.505 |   1.0588 |     32.399 |     0.8
Early stopping

Model: Seq2Seq Transformer
Source index: <Seq2Seq Index with 45 items>
Target index: <Seq2Seq Index with 34 items>
Max sequence length: 800
Embedding dimension: 64
Feedforward dimension: 128
Encoder layers: 2
Decoder layers: 4
Attention heads: 4
Activation: relu
Dropout: 0.1
Trainable parameters: 326,626

Training started
X_train.shape: torch.Size([3059, 350])
Y_train.shape: torch.Size([3059, 7])
X_dev.shape: torch.Size([553, 649])
Y_dev.shape: torch.Size([553, 7])
Epochs: 500
Learning rate: 0.001
Weight decay: 1e-05
Epoch | Train                 | Development           | Minutes
      | Loss     | Error Rate | Loss     | Error Rate |
---------------------------------------------------------------
    1 |   1.7546 |     50.877 |   1.3632 |     45.178 |     0.1
    2 |   1.3322 |     44.857 |   1.2623 |     43.460 |     0.1
    3 |   1.2392 |     42.416 |   1.2135 |     42.978 |     0.2
    4 |   1.1799 |     40.514 |   1.1742 |     42.375 |     0.2
    5 |   1.1333 |     39.011 |   1.1574 |     40.838 |     0.3
    6 |   1.0910 |     37.632 |   1.1285 |     40.145 |     0.4
    7 |   1.0513 |     36.483 |   1.1034 |     38.487 |     0.4
    8 |   1.0188 |     34.777 |   1.0952 |     37.914 |     0.5
    9 |   0.9850 |     33.971 |   1.0884 |     37.643 |     0.5
   10 |   0.9508 |     32.396 |   1.0881 |     36.709 |     0.6
   11 |   0.9282 |     31.726 |   1.0805 |     36.799 |     0.7
   12 |   0.8987 |     30.882 |   1.0759 |     35.744 |     0.7
   13 |   0.8531 |     29.645 |   1.0651 |     34.569 |     0.8
   14 |   0.8369 |     28.626 |   1.0705 |     35.202 |     0.8
   15 |   0.8032 |     27.978 |   1.0603 |     34.207 |     0.9
   16 |   0.7846 |     26.942 |   1.0561 |     34.931 |     1.0
   17 |   0.7490 |     25.934 |   1.0971 |     34.961 |     1.0
   18 |   0.7330 |     25.341 |   1.0918 |     34.720 |     1.1
   19 |   0.6996 |     24.289 |   1.0862 |     33.514 |     1.1
   20 |   0.6790 |     23.325 |   1.0944 |     33.183 |     1.2
Early stopping

Model: Seq2Seq Transformer
Source index: <Seq2Seq Index with 45 items>
Target index: <Seq2Seq Index with 34 items>
Max sequence length: 800
Embedding dimension: 64
Feedforward dimension: 128
Encoder layers: 2
Decoder layers: 3
Attention heads: 4
Activation: relu
Dropout: 0.0
Trainable parameters: 276,386

Training started
X_train.shape: torch.Size([3059, 350])
Y_train.shape: torch.Size([3059, 7])
X_dev.shape: torch.Size([553, 649])
Y_dev.shape: torch.Size([553, 7])
Epochs: 500
Learning rate: 0.001
Weight decay: 1e-05
Epoch | Train                 | Development           | Minutes
      | Loss     | Error Rate | Loss     | Error Rate |
---------------------------------------------------------------
    1 |   1.6652 |     47.990 |   1.3527 |     45.208 |     0.0
    2 |   1.2594 |     42.111 |   1.2348 |     41.772 |     0.1
    3 |   1.1532 |     39.152 |   1.1913 |     40.687 |     0.1
    4 |   1.0833 |     37.131 |   1.1287 |     39.421 |     0.2
    5 |   1.0027 |     34.358 |   1.0819 |     36.377 |     0.2
    6 |   0.9427 |     32.543 |   1.0411 |     35.594 |     0.3
    7 |   0.8785 |     30.184 |   1.0449 |     34.840 |     0.3
    8 |   0.8224 |     28.419 |   1.0369 |     36.076 |     0.4
    9 |   0.7692 |     26.670 |   1.0383 |     35.081 |     0.4
   10 |   0.7254 |     25.188 |   1.0218 |     34.147 |     0.5
   11 |   0.6680 |     23.009 |   1.0765 |     34.418 |     0.5
   12 |   0.6193 |     21.358 |   1.0491 |     33.032 |     0.6
   13 |   0.5785 |     20.137 |   1.0793 |     34.328 |     0.6
   14 |   0.5293 |     18.110 |   1.0943 |     32.339 |     0.7
Early stopping

Model: Seq2Seq Transformer
Source index: <Seq2Seq Index with 45 items>
Target index: <Seq2Seq Index with 34 items>
Max sequence length: 800
Embedding dimension: 128
Feedforward dimension: 256
Encoder layers: 2
Decoder layers: 4
Attention heads: 4
Activation: relu
Dropout: 0.2
Trainable parameters: 1,177,506

Training started
X_train.shape: torch.Size([3059, 350])
Y_train.shape: torch.Size([3059, 7])
X_dev.shape: torch.Size([553, 649])
Y_dev.shape: torch.Size([553, 7])
Epochs: 500
Learning rate: 0.0001
Weight decay: 1e-05
Epoch | Train                 | Development           | Minutes
      | Loss     | Error Rate | Loss     | Error Rate |
---------------------------------------------------------------
    1 |   2.4526 |     61.883 |   1.6323 |     45.600 |     0.1
    2 |   1.6178 |     46.317 |   1.4411 |     45.268 |     0.1
    3 |   1.4708 |     45.876 |   1.3790 |     45.359 |     0.2
    4 |   1.4065 |     45.135 |   1.3485 |     44.485 |     0.3
    5 |   1.3628 |     44.666 |   1.3240 |     44.515 |     0.3
    6 |   1.3303 |     43.614 |   1.2873 |     43.641 |     0.4
    7 |   1.2994 |     42.819 |   1.2739 |     43.159 |     0.5
    8 |   1.2710 |     42.263 |   1.2712 |     43.400 |     0.5
    9 |   1.2485 |     41.675 |   1.2172 |     41.320 |     0.6
   10 |   1.2206 |     40.700 |   1.2137 |     41.350 |     0.7
   11 |   1.2066 |     40.389 |   1.1967 |     41.471 |     0.7
   12 |   1.1865 |     39.577 |   1.1938 |     40.928 |     0.8
   13 |   1.1733 |     39.550 |   1.1898 |     40.717 |     0.9
   14 |   1.1556 |     38.667 |   1.1641 |     39.783 |     0.9
   15 |   1.1441 |     38.449 |   1.1539 |     39.241 |     1.0
   16 |   1.1252 |     37.877 |   1.1600 |     39.150 |     1.1
   17 |   1.1091 |     37.501 |   1.1444 |     38.879 |     1.1
   18 |   1.0970 |     37.044 |   1.1541 |     39.964 |     1.2
   19 |   1.0807 |     36.591 |   1.1365 |     39.813 |     1.3
   20 |   1.0702 |     36.363 |   1.1309 |     39.090 |     1.3
   21 |   1.0555 |     35.834 |   1.1393 |     38.758 |     1.4
   22 |   1.0489 |     35.622 |   1.1331 |     38.788 |     1.5
   23 |   1.0311 |     34.777 |   1.1140 |     37.734 |     1.6
   24 |   1.0168 |     34.543 |   1.1147 |     38.125 |     1.6
   25 |   1.0059 |     34.243 |   1.1073 |     37.945 |     1.7
   26 |   0.9905 |     34.009 |   1.1080 |     37.523 |     1.8
   27 |   0.9833 |     33.720 |   1.1084 |     37.432 |     1.8
   28 |   0.9734 |     33.230 |   1.1057 |     37.643 |     1.9
   29 |   0.9621 |     32.560 |   1.1054 |     37.402 |     2.0
   30 |   0.9477 |     32.216 |   1.1000 |     37.251 |     2.0
   31 |   0.9415 |     32.069 |   1.0942 |     36.799 |     2.1
   32 |   0.9305 |     31.514 |   1.0911 |     36.528 |     2.2
   33 |   0.9163 |     30.931 |   1.0958 |     36.197 |     2.2
   34 |   0.9078 |     30.871 |   1.1155 |     36.257 |     2.3
   35 |   0.8955 |     30.517 |   1.1019 |     36.016 |     2.4
   36 |   0.8849 |     29.983 |   1.1001 |     35.865 |     2.4
Early stopping

Model: Seq2Seq Transformer
Source index: <Seq2Seq Index with 45 items>
Target index: <Seq2Seq Index with 34 items>
Max sequence length: 800
Embedding dimension: 128
Feedforward dimension: 256
Encoder layers: 4
Decoder layers: 3
Attention heads: 2
Activation: relu
Dropout: 0.2
Trainable parameters: 1,243,682

Training started
X_train.shape: torch.Size([3059, 350])
Y_train.shape: torch.Size([3059, 7])
X_dev.shape: torch.Size([553, 649])
Y_dev.shape: torch.Size([553, 7])
Epochs: 500
Learning rate: 0.0001
Weight decay: 1e-05
Epoch | Train                 | Development           | Minutes
      | Loss     | Error Rate | Loss     | Error Rate |
---------------------------------------------------------------
    1 |   2.2960 |     57.121 |   1.5937 |     45.901 |     0.1
    2 |   1.6033 |     46.442 |   1.4412 |     45.871 |     0.2
    3 |   1.4717 |     45.837 |   1.3815 |     45.268 |     0.2
    4 |   1.4085 |     45.118 |   1.3538 |     44.635 |     0.3
    5 |   1.3655 |     44.633 |   1.3205 |     43.701 |     0.4
    6 |   1.3332 |     43.822 |   1.2902 |     42.254 |     0.5
    7 |   1.2992 |     42.786 |   1.2675 |     42.134 |     0.6
    8 |   1.2764 |     42.356 |   1.2631 |     41.772 |     0.6
    9 |   1.2466 |     41.631 |   1.2376 |     41.561 |     0.7
   10 |   1.2297 |     40.760 |   1.2153 |     40.506 |     0.8
   11 |   1.2084 |     40.400 |   1.2015 |     40.808 |     0.9
   12 |   1.1880 |     39.839 |   1.2073 |     41.290 |     0.9
   13 |   1.1690 |     39.071 |   1.1890 |     40.476 |     1.0
   14 |   1.1502 |     38.722 |   1.1966 |     40.205 |     1.1
   15 |   1.1336 |     38.253 |   1.1742 |     39.421 |     1.2
   16 |   1.1171 |     37.665 |   1.1731 |     39.060 |     1.3
   17 |   1.0953 |     36.809 |   1.1700 |     39.180 |     1.3
   18 |   1.0818 |     36.646 |   1.1579 |     38.638 |     1.4
   19 |   1.0654 |     35.927 |   1.1736 |     38.156 |     1.5
   20 |   1.0490 |     35.649 |   1.1625 |     38.728 |     1.6
   21 |   1.0361 |     35.180 |   1.1530 |     38.125 |     1.7
   22 |   1.0198 |     34.657 |   1.1576 |     37.734 |     1.7
   23 |   1.0051 |     34.205 |   1.1614 |     37.824 |     1.8
   24 |   0.9916 |     33.322 |   1.1632 |     37.914 |     1.9
   25 |   0.9788 |     33.584 |   1.1562 |     37.131 |     2.0
Early stopping

Model: Seq2Seq Transformer
Source index: <Seq2Seq Index with 45 items>
Target index: <Seq2Seq Index with 34 items>
Max sequence length: 800
Embedding dimension: 64
Feedforward dimension: 128
Encoder layers: 4
Decoder layers: 4
Attention heads: 4
Activation: relu
Dropout: 0.2
Trainable parameters: 393,570

Training started
X_train.shape: torch.Size([3059, 350])
Y_train.shape: torch.Size([3059, 7])
X_dev.shape: torch.Size([553, 649])
Y_dev.shape: torch.Size([553, 7])
Epochs: 500
Learning rate: 0.001
Weight decay: 0.0001
Epoch | Train                 | Development           | Minutes
      | Loss     | Error Rate | Loss     | Error Rate |
---------------------------------------------------------------
    1 |   1.8914 |     52.610 |   1.4194 |     45.901 |     0.1
    2 |   1.4034 |     46.028 |   1.3244 |     45.359 |     0.2
    3 |   1.3382 |     45.674 |   1.2817 |     45.630 |     0.2
    4 |   1.2956 |     44.906 |   1.2593 |     43.761 |     0.3
    5 |   1.2714 |     44.426 |   1.2298 |     44.002 |     0.4
    6 |   1.2491 |     44.552 |   1.2211 |     43.611 |     0.5
    7 |   1.2276 |     43.282 |   1.2133 |     44.635 |     0.6
    8 |   1.2208 |     43.533 |   1.1916 |     42.465 |     0.7
    9 |   1.2091 |     43.282 |   1.1896 |     42.676 |     0.7
   10 |   1.1952 |     43.282 |   1.1751 |     43.641 |     0.8
   11 |   1.1872 |     42.705 |   1.1641 |     42.797 |     0.9
   12 |   1.1771 |     42.541 |   1.1669 |     42.706 |     1.0
   13 |   1.1737 |     42.514 |   1.1631 |     42.737 |     1.1
   14 |   1.1670 |     42.645 |   1.1566 |     42.345 |     1.2
   15 |   1.1564 |     42.034 |   1.1627 |     42.104 |     1.3
   16 |   1.1552 |     42.318 |   1.1495 |     42.616 |     1.3
   17 |   1.1489 |     42.133 |   1.1439 |     42.586 |     1.4
   18 |   1.1411 |     42.100 |   1.1510 |     43.068 |     1.5
   19 |   1.1331 |     41.631 |   1.1327 |     42.134 |     1.6
   20 |   1.1341 |     41.697 |   1.1261 |     42.254 |     1.7
   21 |   1.1311 |     41.757 |   1.1321 |     41.893 |     1.8
   22 |   1.1246 |     41.615 |   1.1270 |     42.465 |     1.8
   23 |   1.1226 |     41.506 |   1.1281 |     41.983 |     1.9
   24 |   1.1173 |     41.724 |   1.1363 |     42.435 |     2.0
   25 |   1.1168 |     41.097 |   1.1222 |     40.989 |     2.1
   26 |   1.1032 |     40.536 |   1.1143 |     41.019 |     2.2
   27 |   1.0947 |     40.187 |   1.1054 |     41.169 |     2.3
   28 |   1.0893 |     39.937 |   1.1104 |     40.778 |     2.3
   29 |   1.0782 |     39.316 |   1.1301 |     41.230 |     2.4
   30 |   1.0702 |     38.782 |   1.1210 |     40.476 |     2.5
   31 |   1.0640 |     39.098 |   1.1017 |     40.778 |     2.6
   32 |   1.0542 |     38.640 |   1.0989 |     40.446 |     2.7
   33 |   1.0480 |     38.613 |   1.1013 |     40.778 |     2.8
   34 |   1.0425 |     38.335 |   1.1204 |     40.657 |     2.8
   35 |   1.0385 |     38.052 |   1.0762 |     39.723 |     2.9
   36 |   1.0227 |     37.371 |   1.0828 |     39.210 |     3.0
   37 |   1.0240 |     37.338 |   1.1104 |     40.928 |     3.1
   38 |   1.0137 |     36.886 |   1.1009 |     39.542 |     3.2
   39 |   1.0086 |     37.027 |   1.1083 |     40.265 |     3.3
Early stopping

Model: Seq2Seq Transformer
Source index: <Seq2Seq Index with 45 items>
Target index: <Seq2Seq Index with 34 items>
Max sequence length: 800
Embedding dimension: 128
Feedforward dimension: 64
Encoder layers: 4
Decoder layers: 3
Attention heads: 4
Activation: relu
Dropout: 0.2
Trainable parameters: 898,274

Training started
X_train.shape: torch.Size([3059, 350])
Y_train.shape: torch.Size([3059, 7])
X_dev.shape: torch.Size([553, 649])
Y_dev.shape: torch.Size([553, 7])
Epochs: 500
Learning rate: 0.0001
Weight decay: 1e-05
Epoch | Train                 | Development           | Minutes
      | Loss     | Error Rate | Loss     | Error Rate |
---------------------------------------------------------------
    1 |   2.4403 |     60.085 |   1.6761 |     45.600 |     0.1
    2 |   1.6743 |     46.508 |   1.4596 |     45.570 |     0.2
    3 |   1.4989 |     46.175 |   1.4070 |     45.419 |     0.2
    4 |   1.4340 |     46.028 |   1.3727 |     44.816 |     0.3
    5 |   1.3902 |     45.249 |   1.3256 |     44.485 |     0.4
    6 |   1.3522 |     44.535 |   1.3135 |     44.665 |     0.5
    7 |   1.3234 |     44.045 |   1.2859 |     43.400 |     0.6
    8 |   1.2935 |     42.754 |   1.2771 |     42.104 |     0.7
    9 |   1.2683 |     42.557 |   1.2537 |     42.435 |     0.8
   10 |   1.2428 |     41.898 |   1.2411 |     41.863 |     0.9
   11 |   1.2216 |     40.732 |   1.2365 |     42.043 |     0.9
   12 |   1.2020 |     40.460 |   1.1935 |     40.265 |     1.0
   13 |   1.1849 |     39.370 |   1.2206 |     41.682 |     1.1
   14 |   1.1661 |     39.081 |   1.1913 |     40.657 |     1.2
   15 |   1.1510 |     38.776 |   1.1738 |     39.813 |     1.3
   16 |   1.1275 |     37.856 |   1.1717 |     40.446 |     1.4
   17 |   1.1145 |     37.463 |   1.1676 |     40.054 |     1.5
   18 |   1.0997 |     37.180 |   1.1730 |     40.115 |     1.5
   19 |   1.0865 |     36.739 |   1.1647 |     39.783 |     1.6
   20 |   1.0713 |     36.368 |   1.1452 |     39.120 |     1.7
   21 |   1.0584 |     35.654 |   1.1547 |     39.090 |     1.8
   22 |   1.0449 |     35.447 |   1.1622 |     39.542 |     1.9
   23 |   1.0266 |     34.663 |   1.1598 |     39.030 |     2.0
   24 |   1.0201 |     34.537 |   1.1522 |     39.331 |     2.1
Early stopping

Model: Seq2Seq Transformer
Source index: <Seq2Seq Index with 45 items>
Target index: <Seq2Seq Index with 34 items>
Max sequence length: 800
Embedding dimension: 128
Feedforward dimension: 64
Encoder layers: 4
Decoder layers: 2
Attention heads: 2
Activation: relu
Dropout: 0.2
Trainable parameters: 748,834

Training started
X_train.shape: torch.Size([3059, 350])
Y_train.shape: torch.Size([3059, 7])
X_dev.shape: torch.Size([553, 649])
Y_dev.shape: torch.Size([553, 7])
Epochs: 500
Learning rate: 0.001
Weight decay: 0.0001
Epoch | Train                 | Development           | Minutes
      | Loss     | Error Rate | Loss     | Error Rate |
---------------------------------------------------------------
    1 |   1.6803 |     50.180 |   1.3429 |     45.057 |     0.1
    2 |   1.3412 |     45.892 |   1.3072 |     45.238 |     0.1
    3 |   1.3047 |     45.047 |   1.3009 |     45.750 |     0.2
    4 |   1.2771 |     44.944 |   1.2677 |     45.268 |     0.3
    5 |   1.2580 |     44.530 |   1.2419 |     45.208 |     0.3
    6 |   1.2340 |     44.181 |   1.2774 |     46.896 |     0.4
    7 |   1.2233 |     43.789 |   1.2231 |     44.545 |     0.5
    8 |   1.2050 |     43.631 |   1.2688 |     46.504 |     0.5
    9 |   1.1960 |     43.549 |   1.2293 |     44.605 |     0.6
   10 |   1.1842 |     42.966 |   1.1968 |     44.696 |     0.7
   11 |   1.1772 |     43.113 |   1.2055 |     43.882 |     0.7
   12 |   1.1705 |     42.683 |   1.2693 |     45.720 |     0.8
   13 |   1.1662 |     42.503 |   1.1899 |     44.545 |     0.9
   14 |   1.1572 |     42.416 |   1.2452 |     44.816 |     0.9
   15 |   1.1569 |     42.443 |   1.2228 |     44.123 |     1.0
   16 |   1.1513 |     42.269 |   1.2260 |     43.852 |     1.1
   17 |   1.1488 |     42.171 |   1.1851 |     43.490 |     1.1
   18 |   1.1432 |     41.844 |   1.1738 |     44.364 |     1.2
   19 |   1.1425 |     42.318 |   1.1844 |     43.400 |     1.3
   20 |   1.1418 |     42.291 |   1.1827 |     43.761 |     1.3
   21 |   1.1381 |     42.007 |   1.1614 |     43.520 |     1.4
   22 |   1.1321 |     41.664 |   1.1552 |     42.978 |     1.5
   23 |   1.1319 |     41.479 |   1.1448 |     43.580 |     1.5
   24 |   1.1139 |     40.836 |   1.1407 |     42.194 |     1.6
   25 |   1.1141 |     40.465 |   1.1412 |     42.646 |     1.7
   26 |   1.1018 |     40.525 |   1.1232 |     41.230 |     1.7
   27 |   1.0974 |     39.866 |   1.1231 |     42.435 |     1.8
   28 |   1.0913 |     39.457 |   1.1330 |     41.260 |     1.9
   29 |   1.0848 |     39.370 |   1.1154 |     41.109 |     1.9
   30 |   1.0752 |     39.147 |   1.1187 |     41.049 |     2.0
   31 |   1.0696 |     38.853 |   1.0945 |     39.482 |     2.1
   32 |   1.0593 |     38.379 |   1.1170 |     40.356 |     2.1
   33 |   1.0553 |     38.727 |   1.1193 |     41.832 |     2.2
   34 |   1.0477 |     37.779 |   1.1051 |     40.567 |     2.3
   35 |   1.0443 |     37.812 |   1.1129 |     40.416 |     2.3
Early stopping

Model: Seq2Seq Transformer
Source index: <Seq2Seq Index with 45 items>
Target index: <Seq2Seq Index with 34 items>
Max sequence length: 800
Embedding dimension: 128
Feedforward dimension: 256
Encoder layers: 4
Decoder layers: 3
Attention heads: 2
Activation: relu
Dropout: 0.2
Trainable parameters: 1,243,682

Training started
X_train.shape: torch.Size([3059, 350])
Y_train.shape: torch.Size([3059, 7])
X_dev.shape: torch.Size([553, 649])
Y_dev.shape: torch.Size([553, 7])
Epochs: 500
Learning rate: 0.0001
Weight decay: 0.0001
Epoch | Train                 | Development           | Minutes
      | Loss     | Error Rate | Loss     | Error Rate |
---------------------------------------------------------------
    1 |   2.3098 |     57.361 |   1.6108 |     45.901 |     0.1
    2 |   1.5978 |     46.410 |   1.4337 |     45.992 |     0.2
    3 |   1.4643 |     46.213 |   1.3782 |     45.690 |     0.2
    4 |   1.4030 |     45.467 |   1.3431 |     44.635 |     0.3
    5 |   1.3646 |     44.949 |   1.3323 |     44.424 |     0.4
    6 |   1.3355 |     44.421 |   1.2889 |     43.580 |     0.5
    7 |   1.3060 |     43.571 |   1.2799 |     43.249 |     0.6
    8 |   1.2830 |     42.656 |   1.2539 |     41.953 |     0.6
    9 |   1.2649 |     42.062 |   1.2403 |     41.410 |     0.7
   10 |   1.2442 |     41.571 |   1.2415 |     42.104 |     0.8
   11 |   1.2251 |     41.141 |   1.2313 |     42.556 |     0.9
   12 |   1.2104 |     40.296 |   1.2207 |     41.410 |     1.0
   13 |   1.1994 |     40.552 |   1.2086 |     41.591 |     1.0
   14 |   1.1821 |     39.637 |   1.2119 |     41.652 |     1.1
   15 |   1.1708 |     39.463 |   1.1968 |     41.652 |     1.2
   16 |   1.1552 |     39.005 |   1.1805 |     40.989 |     1.3
   17 |   1.1415 |     38.602 |   1.1690 |     40.778 |     1.4
   18 |   1.1318 |     38.177 |   1.1586 |     40.567 |     1.4
   19 |   1.1168 |     37.801 |   1.1658 |     40.476 |     1.5
   20 |   1.1020 |     37.371 |   1.1824 |     40.928 |     1.6
   21 |   1.0935 |     37.436 |   1.1599 |     40.386 |     1.7
   22 |   1.0809 |     36.586 |   1.1490 |     40.084 |     1.8
   23 |   1.0692 |     36.613 |   1.1534 |     39.602 |     1.8
   24 |   1.0589 |     35.769 |   1.1355 |     39.482 |     1.9
   25 |   1.0401 |     35.464 |   1.1136 |     38.156 |     2.0
   26 |   1.0329 |     35.153 |   1.1154 |     38.638 |     2.1
   27 |   1.0236 |     35.110 |   1.1035 |     38.125 |     2.2
   28 |   1.0116 |     34.521 |   1.1144 |     39.090 |     2.2
   29 |   0.9995 |     34.085 |   1.1023 |     38.306 |     2.3
   30 |   0.9914 |     33.802 |   1.0998 |     37.492 |     2.4
   31 |   0.9781 |     33.344 |   1.1131 |     37.854 |     2.5
   32 |   0.9686 |     32.903 |   1.0931 |     37.342 |     2.6
   33 |   0.9600 |     32.663 |   1.0758 |     35.986 |     2.6
   34 |   0.9501 |     32.625 |   1.0981 |     36.890 |     2.7
   35 |   0.9422 |     32.347 |   1.1120 |     37.824 |     2.8
   36 |   0.9282 |     31.410 |   1.0862 |     36.377 |     2.9
   37 |   0.9225 |     31.633 |   1.0901 |     36.317 |     3.0
Early stopping

Model: Seq2Seq Transformer
Source index: <Seq2Seq Index with 45 items>
Target index: <Seq2Seq Index with 34 items>
Max sequence length: 800
Embedding dimension: 128
Feedforward dimension: 64
Encoder layers: 2
Decoder layers: 4
Attention heads: 4
Activation: relu
Dropout: 0.1
Trainable parameters: 881,442

Training started
X_train.shape: torch.Size([3059, 350])
Y_train.shape: torch.Size([3059, 7])
X_dev.shape: torch.Size([553, 649])
Y_dev.shape: torch.Size([553, 7])
Epochs: 500
Learning rate: 0.0001
Weight decay: 1e-05
Epoch | Train                 | Development           | Minutes
      | Loss     | Error Rate | Loss     | Error Rate |
---------------------------------------------------------------
    1 |   2.2855 |     57.802 |   1.5602 |     45.539 |     0.1
    2 |   1.5363 |     46.110 |   1.4220 |     45.600 |     0.1
    3 |   1.4197 |     45.647 |   1.3547 |     45.057 |     0.2
    4 |   1.3623 |     44.612 |   1.3251 |     44.786 |     0.3
    5 |   1.3184 |     43.549 |   1.2931 |     43.912 |     0.3
    6 |   1.2875 |     42.966 |   1.2579 |     42.948 |     0.4
    7 |   1.2569 |     42.067 |   1.2481 |     43.219 |     0.5
    8 |   1.2264 |     41.451 |   1.2162 |     42.315 |     0.5
    9 |   1.1988 |     40.416 |   1.2154 |     41.742 |     0.6
   10 |   1.1748 |     39.610 |   1.1739 |     40.145 |     0.7
   11 |   1.1475 |     38.744 |   1.1650 |     40.657 |     0.7
   12 |   1.1325 |     38.618 |   1.1685 |     40.235 |     0.8
   13 |   1.1094 |     37.496 |   1.1449 |     39.482 |     0.9
   14 |   1.0947 |     37.055 |   1.1355 |     39.451 |     0.9
   15 |   1.0731 |     36.270 |   1.1145 |     38.487 |     1.0
   16 |   1.0538 |     35.742 |   1.1294 |     39.271 |     1.1
   17 |   1.0402 |     35.355 |   1.1030 |     37.553 |     1.1
   18 |   1.0259 |     34.750 |   1.1110 |     38.668 |     1.2
   19 |   1.0076 |     34.140 |   1.0916 |     37.131 |     1.3
   20 |   0.9955 |     33.649 |   1.0914 |     37.372 |     1.3
   21 |   0.9747 |     32.974 |   1.1035 |     37.794 |     1.4
   22 |   0.9554 |     32.587 |   1.0843 |     36.377 |     1.4
   23 |   0.9460 |     32.053 |   1.0809 |     36.950 |     1.5
   24 |   0.9342 |     31.639 |   1.0803 |     36.709 |     1.6
   25 |   0.9149 |     31.001 |   1.0857 |     36.769 |     1.6
   26 |   0.9004 |     30.598 |   1.0687 |     35.654 |     1.7
   27 |   0.8898 |     30.190 |   1.0633 |     35.503 |     1.8
   28 |   0.8745 |     29.263 |   1.0664 |     35.232 |     1.8
   29 |   0.8593 |     29.296 |   1.0686 |     35.142 |     1.9
   30 |   0.8533 |     28.975 |   1.0601 |     34.961 |     2.0
   31 |   0.8309 |     28.054 |   1.0778 |     35.172 |     2.0
   32 |   0.8239 |     27.858 |   1.0762 |     34.810 |     2.1
   33 |   0.8146 |     27.215 |   1.0673 |     35.262 |     2.2
   34 |   0.8009 |     27.095 |   1.0764 |     34.961 |     2.2
Early stopping

Model: Seq2Seq Transformer
Source index: <Seq2Seq Index with 45 items>
Target index: <Seq2Seq Index with 34 items>
Max sequence length: 800
Embedding dimension: 64
Feedforward dimension: 256
Encoder layers: 4
Decoder layers: 4
Attention heads: 2
Activation: relu
Dropout: 0.1
Trainable parameters: 525,666

Training started
X_train.shape: torch.Size([3059, 350])
Y_train.shape: torch.Size([3059, 7])
X_dev.shape: torch.Size([553, 649])
Y_dev.shape: torch.Size([553, 7])
Epochs: 500
Learning rate: 0.0001
Weight decay: 1e-05
Epoch | Train                 | Development           | Minutes
      | Loss     | Error Rate | Loss     | Error Rate |
---------------------------------------------------------------
    1 |   2.5042 |     61.404 |   1.7362 |     46.022 |     0.1
    2 |   1.7151 |     46.241 |   1.5476 |     45.750 |     0.1
    3 |   1.5704 |     45.930 |   1.4759 |     45.841 |     0.2
    4 |   1.4902 |     45.505 |   1.4292 |     45.992 |     0.3
    5 |   1.4404 |     45.407 |   1.3923 |     45.087 |     0.4
    6 |   1.3990 |     44.862 |   1.3596 |     44.696 |     0.4
    7 |   1.3643 |     44.432 |   1.3301 |     43.550 |     0.5
    8 |   1.3373 |     43.446 |   1.3142 |     43.550 |     0.6
    9 |   1.3088 |     42.852 |   1.2947 |     43.219 |     0.7
   10 |   1.2866 |     42.105 |   1.2891 |     42.767 |     0.7
   11 |   1.2657 |     41.816 |   1.2780 |     42.706 |     0.8
   12 |   1.2475 |     41.065 |   1.2527 |     41.832 |     0.9
   13 |   1.2302 |     40.754 |   1.2650 |     42.706 |     0.9
   14 |   1.2157 |     40.427 |   1.2400 |     42.134 |     1.0
   15 |   1.1985 |     40.019 |   1.2192 |     42.285 |     1.1
   16 |   1.1863 |     39.822 |   1.2095 |     41.320 |     1.2
   17 |   1.1702 |     39.337 |   1.1937 |     40.989 |     1.2
   18 |   1.1574 |     38.912 |   1.1863 |     40.687 |     1.3
   19 |   1.1421 |     38.264 |   1.1757 |     40.627 |     1.4
   20 |   1.1289 |     38.090 |   1.1602 |     39.843 |     1.4
   21 |   1.1212 |     37.594 |   1.1568 |     40.235 |     1.5
   22 |   1.1101 |     37.343 |   1.1347 |     39.361 |     1.6
   23 |   1.0971 |     36.869 |   1.1373 |     39.391 |     1.7
   24 |   1.0850 |     36.292 |   1.1425 |     38.879 |     1.7
   25 |   1.0757 |     36.275 |   1.1389 |     39.421 |     1.8
   26 |   1.0658 |     35.573 |   1.1112 |     38.186 |     1.9
   27 |   1.0490 |     35.050 |   1.1228 |     38.427 |     2.0
   28 |   1.0382 |     34.554 |   1.1253 |     38.608 |     2.0
   29 |   1.0357 |     34.690 |   1.1050 |     37.734 |     2.1
   30 |   1.0241 |     34.826 |   1.0921 |     37.583 |     2.2
   31 |   1.0151 |     34.336 |   1.1101 |     37.824 |     2.2
   32 |   1.0069 |     33.971 |   1.0939 |     37.040 |     2.3
   33 |   0.9936 |     33.393 |   1.0825 |     36.498 |     2.4
   34 |   0.9905 |     33.388 |   1.0828 |     36.860 |     2.5
   35 |   0.9750 |     32.625 |   1.0861 |     37.040 |     2.5
   36 |   0.9684 |     32.816 |   1.0780 |     35.835 |     2.6
   37 |   0.9615 |     32.396 |   1.0762 |     36.377 |     2.7
   38 |   0.9537 |     32.189 |   1.0710 |     35.986 |     2.7
   39 |   0.9457 |     32.026 |   1.0745 |     36.136 |     2.8
   40 |   0.9383 |     31.944 |   1.0754 |     36.076 |     2.9
   41 |   0.9281 |     31.448 |   1.0658 |     35.262 |     3.0
   42 |   0.9143 |     30.783 |   1.0654 |     35.775 |     3.0
   43 |   0.9117 |     30.838 |   1.0502 |     35.232 |     3.1
   44 |   0.9060 |     30.718 |   1.0724 |     35.594 |     3.2
   45 |   0.9022 |     30.555 |   1.0533 |     35.142 |     3.3
   46 |   0.8939 |     30.696 |   1.0697 |     35.021 |     3.3
   47 |   0.8875 |     29.830 |   1.0596 |     34.901 |     3.4
Early stopping

Model: Seq2Seq Transformer
Source index: <Seq2Seq Index with 45 items>
Target index: <Seq2Seq Index with 34 items>
Max sequence length: 800
Embedding dimension: 128
Feedforward dimension: 128
Encoder layers: 4
Decoder layers: 3
Attention heads: 4
Activation: relu
Dropout: 0.2
Trainable parameters: 1,013,410

Training started
X_train.shape: torch.Size([3059, 350])
Y_train.shape: torch.Size([3059, 7])
X_dev.shape: torch.Size([553, 649])
Y_dev.shape: torch.Size([553, 7])
Epochs: 500
Learning rate: 0.0001
Weight decay: 1e-05
Epoch | Train                 | Development           | Minutes
      | Loss     | Error Rate | Loss     | Error Rate |
---------------------------------------------------------------
    1 |   2.5074 |     62.973 |   1.7097 |     45.720 |     0.1
    2 |   1.7084 |     46.540 |   1.4784 |     45.570 |     0.2
    3 |   1.5162 |     46.066 |   1.3933 |     45.298 |     0.3
    4 |   1.4372 |     45.805 |   1.3601 |     44.786 |     0.3
    5 |   1.3899 |     44.917 |   1.3405 |     44.816 |     0.4
    6 |   1.3450 |     43.811 |   1.3112 |     43.641 |     0.5
    7 |   1.3177 |     43.233 |   1.3073 |     44.093 |     0.6
    8 |   1.2895 |     42.568 |   1.2814 |     43.128 |     0.7
    9 |   1.2629 |     41.658 |   1.2493 |     41.953 |     0.8
   10 |   1.2421 |     41.032 |   1.2383 |     40.778 |     0.9
   11 |   1.2176 |     40.313 |   1.2106 |     40.989 |     1.0
   12 |   1.1959 |     39.920 |   1.2038 |     40.356 |     1.0
   13 |   1.1763 |     39.032 |   1.2063 |     40.687 |     1.1
   14 |   1.1655 |     38.738 |   1.2026 |     40.115 |     1.2
   15 |   1.1454 |     38.117 |   1.1776 |     39.391 |     1.3
   16 |   1.1264 |     37.763 |   1.1738 |     39.150 |     1.4
   17 |   1.1107 |     37.185 |   1.1844 |     39.512 |     1.5
   18 |   1.0927 |     36.504 |   1.1690 |     38.577 |     1.6
   19 |   1.0846 |     36.624 |   1.1657 |     38.999 |     1.7
   20 |   1.0740 |     35.878 |   1.1728 |     38.306 |     1.8
   21 |   1.0519 |     35.050 |   1.1773 |     39.271 |     1.8
   22 |   1.0425 |     35.142 |   1.1747 |     39.753 |     1.9
   23 |   1.0276 |     34.483 |   1.1756 |     38.427 |     2.0
   24 |   1.0128 |     34.243 |   1.1626 |     38.366 |     2.1
   25 |   1.0043 |     33.758 |   1.1768 |     37.914 |     2.2
   26 |   0.9910 |     33.306 |   1.1614 |     37.794 |     2.3
   27 |   0.9776 |     32.957 |   1.1693 |     37.764 |     2.4
   28 |   0.9618 |     32.630 |   1.1543 |     37.643 |     2.5
   29 |   0.9568 |     31.993 |   1.1525 |     37.312 |     2.5
   30 |   0.9420 |     31.666 |   1.1704 |     38.125 |     2.6
   31 |   0.9336 |     31.503 |   1.2131 |     38.999 |     2.7
   32 |   0.9193 |     30.925 |   1.1919 |     37.794 |     2.8
   33 |   0.9076 |     30.658 |   1.1758 |     37.372 |     2.9
Early stopping

Model: Seq2Seq Transformer
Source index: <Seq2Seq Index with 45 items>
Target index: <Seq2Seq Index with 34 items>
Max sequence length: 800
Embedding dimension: 64
Feedforward dimension: 256
Encoder layers: 2
Decoder layers: 3
Attention heads: 4
Activation: relu
Dropout: 0.2
Trainable parameters: 358,946

Training started
X_train.shape: torch.Size([3059, 350])
Y_train.shape: torch.Size([3059, 7])
X_dev.shape: torch.Size([553, 649])
Y_dev.shape: torch.Size([553, 7])
Epochs: 500
Learning rate: 0.0001
Weight decay: 0.0001
Epoch | Train                 | Development           | Minutes
      | Loss     | Error Rate | Loss     | Error Rate |
---------------------------------------------------------------
    1 |   2.6719 |     65.048 |   1.9034 |     47.770 |     0.1
    2 |   1.8714 |     47.439 |   1.5939 |     46.353 |     0.1
    3 |   1.6429 |     46.584 |   1.5034 |     45.630 |     0.2
    4 |   1.5482 |     46.186 |   1.4446 |     45.630 |     0.2
    5 |   1.4879 |     46.028 |   1.4069 |     45.570 |     0.3
    6 |   1.4478 |     45.658 |   1.3740 |     44.997 |     0.3
    7 |   1.4116 |     45.287 |   1.3526 |     44.786 |     0.4
    8 |   1.3827 |     44.857 |   1.3366 |     45.027 |     0.4
    9 |   1.3616 |     44.568 |   1.3257 |     44.726 |     0.5
   10 |   1.3377 |     44.181 |   1.2962 |     43.400 |     0.5
   11 |   1.3169 |     43.522 |   1.2790 |     43.038 |     0.6
   12 |   1.3004 |     42.770 |   1.2824 |     43.611 |     0.7
   13 |   1.2823 |     42.394 |   1.2678 |     42.526 |     0.7
   14 |   1.2661 |     42.345 |   1.2613 |     43.219 |     0.8
   15 |   1.2525 |     41.658 |   1.2454 |     42.134 |     0.8
   16 |   1.2457 |     41.751 |   1.2483 |     42.134 |     0.9
   17 |   1.2258 |     41.392 |   1.2270 |     41.863 |     0.9
   18 |   1.2204 |     41.293 |   1.2171 |     41.531 |     1.0
   19 |   1.2140 |     40.781 |   1.2197 |     41.863 |     1.0
   20 |   1.2023 |     40.324 |   1.2135 |     41.380 |     1.1
   21 |   1.1936 |     39.986 |   1.1926 |     40.325 |     1.1
   22 |   1.1836 |     39.964 |   1.1896 |     40.506 |     1.2
   23 |   1.1735 |     39.713 |   1.1754 |     39.964 |     1.2
   24 |   1.1688 |     39.436 |   1.1769 |     40.325 |     1.3
   25 |   1.1629 |     39.425 |   1.1727 |     40.597 |     1.4
   26 |   1.1493 |     39.348 |   1.1617 |     39.934 |     1.4
   27 |   1.1475 |     38.858 |   1.1669 |     39.964 |     1.5
   28 |   1.1376 |     38.607 |   1.1522 |     39.994 |     1.5
   29 |   1.1278 |     38.455 |   1.1434 |     39.632 |     1.6
   30 |   1.1225 |     38.357 |   1.1493 |     39.693 |     1.6
   31 |   1.1164 |     38.019 |   1.1445 |     39.271 |     1.7
   32 |   1.1083 |     38.003 |   1.1395 |     39.964 |     1.7
   33 |   1.1025 |     37.589 |   1.1399 |     39.421 |     1.8
   34 |   1.0934 |     37.409 |   1.1257 |     39.060 |     1.8
   35 |   1.0899 |     37.311 |   1.1264 |     39.090 |     1.9
   36 |   1.0859 |     37.278 |   1.1332 |     38.728 |     1.9
   37 |   1.0789 |     37.027 |   1.1206 |     38.728 |     2.0
   38 |   1.0736 |     36.695 |   1.1257 |     38.668 |     2.1
   39 |   1.0676 |     36.363 |   1.1371 |     39.421 |     2.1
   40 |   1.0655 |     36.450 |   1.1231 |     38.397 |     2.2
   41 |   1.0531 |     35.921 |   1.1225 |     38.547 |     2.2
   42 |   1.0496 |     35.796 |   1.1109 |     38.306 |     2.3
   43 |   1.0489 |     35.992 |   1.1083 |     38.216 |     2.3
   44 |   1.0398 |     35.594 |   1.1145 |     38.306 |     2.4
   45 |   1.0367 |     35.742 |   1.1182 |     37.854 |     2.4
   46 |   1.0305 |     35.235 |   1.1077 |     37.553 |     2.5
   47 |   1.0222 |     35.104 |   1.0987 |     37.191 |     2.5
   48 |   1.0199 |     34.952 |   1.1101 |     37.613 |     2.6
   49 |   1.0150 |     35.071 |   1.1045 |     37.251 |     2.6
   50 |   1.0082 |     34.428 |   1.1122 |     37.462 |     2.7
   51 |   1.0035 |     34.347 |   1.0967 |     37.101 |     2.8
   52 |   0.9994 |     34.031 |   1.1049 |     37.221 |     2.8
   53 |   1.0008 |     34.347 |   1.0894 |     37.251 |     2.9
   54 |   0.9918 |     34.025 |   1.0835 |     36.679 |     2.9
   55 |   0.9848 |     33.873 |   1.0887 |     36.920 |     3.0
   56 |   0.9808 |     33.933 |   1.0980 |     37.492 |     3.0
   57 |   0.9814 |     33.486 |   1.0889 |     36.769 |     3.1
   58 |   0.9729 |     33.480 |   1.0988 |     36.739 |     3.1
Early stopping

Model: Seq2Seq Transformer
Source index: <Seq2Seq Index with 45 items>
Target index: <Seq2Seq Index with 34 items>
Max sequence length: 800
Embedding dimension: 64
Feedforward dimension: 128
Encoder layers: 2
Decoder layers: 3
Attention heads: 4
Activation: relu
Dropout: 0.0
Trainable parameters: 276,386

Training started
X_train.shape: torch.Size([3059, 350])
Y_train.shape: torch.Size([3059, 7])
X_dev.shape: torch.Size([553, 649])
Y_dev.shape: torch.Size([553, 7])
Epochs: 500
Learning rate: 0.0001
Weight decay: 0.0001
Epoch | Train                 | Development           | Minutes
      | Loss     | Error Rate | Loss     | Error Rate |
---------------------------------------------------------------
    1 |   2.4218 |     55.623 |   1.8582 |     45.600 |     0.0
    2 |   1.6995 |     45.930 |   1.5972 |     45.630 |     0.1
    3 |   1.5330 |     45.979 |   1.4959 |     45.208 |     0.1
    4 |   1.4460 |     45.429 |   1.4400 |     45.690 |     0.2
    5 |   1.3841 |     44.415 |   1.3948 |     44.726 |     0.2
    6 |   1.3380 |     43.614 |   1.3624 |     44.153 |     0.3
    7 |   1.2997 |     42.421 |   1.3264 |     43.942 |     0.3
    8 |   1.2661 |     41.506 |   1.3056 |     43.671 |     0.4
    9 |   1.2371 |     40.776 |   1.2835 |     43.611 |     0.4
   10 |   1.2106 |     40.122 |   1.2681 |     43.279 |     0.5
   11 |   1.1869 |     39.441 |   1.2407 |     42.104 |     0.5
   12 |   1.1658 |     39.049 |   1.2293 |     41.682 |     0.6
   13 |   1.1459 |     38.166 |   1.2072 |     40.808 |     0.6
   14 |   1.1253 |     37.632 |   1.2009 |     40.506 |     0.7
   15 |   1.1071 |     37.191 |   1.1844 |     40.446 |     0.7
   16 |   1.0911 |     36.548 |   1.1662 |     39.421 |     0.8
   17 |   1.0757 |     35.927 |   1.1570 |     39.210 |     0.8
   18 |   1.0604 |     35.654 |   1.1618 |     38.819 |     0.9
   19 |   1.0445 |     34.772 |   1.1417 |     38.879 |     0.9
   20 |   1.0292 |     34.619 |   1.1430 |     39.150 |     1.0
   21 |   1.0123 |     34.227 |   1.1301 |     38.698 |     1.0
   22 |   0.9990 |     33.437 |   1.1362 |     38.186 |     1.1
   23 |   0.9872 |     33.197 |   1.1189 |     37.613 |     1.1
   24 |   0.9723 |     32.696 |   1.1137 |     37.945 |     1.2
   25 |   0.9555 |     32.271 |   1.1167 |     38.758 |     1.2
   26 |   0.9454 |     31.835 |   1.1114 |     37.703 |     1.3
   27 |   0.9306 |     31.394 |   1.0787 |     37.251 |     1.3
   28 |   0.9148 |     30.811 |   1.0864 |     37.583 |     1.4
   29 |   0.9025 |     30.418 |   1.0793 |     37.432 |     1.4
   30 |   0.8926 |     29.923 |   1.0679 |     36.920 |     1.5
   31 |   0.8767 |     29.460 |   1.0848 |     37.010 |     1.5
   32 |   0.8629 |     29.100 |   1.0676 |     36.950 |     1.6
   33 |   0.8536 |     28.533 |   1.0640 |     36.468 |     1.6
   34 |   0.8482 |     28.735 |   1.0762 |     36.860 |     1.7
   35 |   0.8320 |     28.250 |   1.0803 |     37.010 |     1.7
   36 |   0.8208 |     27.771 |   1.0705 |     37.251 |     1.8
   37 |   0.8087 |     27.297 |   1.0691 |     36.136 |     1.8
   38 |   0.7987 |     26.773 |   1.0566 |     35.925 |     1.9
   39 |   0.7916 |     27.035 |   1.0604 |     35.986 |     1.9
   40 |   0.7779 |     26.207 |   1.0775 |     36.347 |     2.0
   41 |   0.7736 |     26.250 |   1.0643 |     36.106 |     2.0
   42 |   0.7665 |     26.038 |   1.0688 |     35.925 |     2.1
   43 |   0.7573 |     25.297 |   1.0505 |     35.503 |     2.1
   44 |   0.7445 |     24.943 |   1.0439 |     34.870 |     2.2
   45 |   0.7328 |     24.681 |   1.0567 |     35.744 |     2.2
   46 |   0.7219 |     24.387 |   1.0910 |     36.588 |     2.3
   47 |   0.7137 |     23.793 |   1.0430 |     35.292 |     2.3
   48 |   0.7091 |     24.055 |   1.0672 |     35.112 |     2.4
   49 |   0.6961 |     23.346 |   1.1051 |     36.166 |     2.4
   50 |   0.6907 |     23.308 |   1.0868 |     36.227 |     2.5
   51 |   0.6799 |     22.774 |   1.0701 |     35.383 |     2.5
Early stopping

Model: Seq2Seq Transformer
Source index: <Seq2Seq Index with 45 items>
Target index: <Seq2Seq Index with 34 items>
Max sequence length: 800
Embedding dimension: 128
Feedforward dimension: 256
Encoder layers: 4
Decoder layers: 3
Attention heads: 2
Activation: relu
Dropout: 0.2
Trainable parameters: 1,243,682

Training started
X_train.shape: torch.Size([3059, 350])
Y_train.shape: torch.Size([3059, 7])
X_dev.shape: torch.Size([553, 649])
Y_dev.shape: torch.Size([553, 7])
Epochs: 500
Learning rate: 0.001
Weight decay: 1e-05
Epoch | Train                 | Development           | Minutes
      | Loss     | Error Rate | Loss     | Error Rate |
---------------------------------------------------------------
    1 |   1.6052 |     48.649 |   1.3765 |     45.570 |     0.1
    2 |   1.3471 |     46.012 |   1.3017 |     44.907 |     0.2
    3 |   1.3047 |     45.609 |   1.2729 |     45.208 |     0.2
    4 |   1.2636 |     44.448 |   1.2332 |     44.093 |     0.3
    5 |   1.2340 |     43.347 |   1.2048 |     43.098 |     0.4
    6 |   1.2193 |     43.179 |   1.1828 |     43.309 |     0.5
    7 |   1.1981 |     42.296 |   1.1738 |     42.646 |     0.5
    8 |   1.1860 |     42.073 |   1.1643 |     41.923 |     0.6
    9 |   1.1780 |     42.312 |   1.1590 |     42.435 |     0.7
   10 |   1.1630 |     41.522 |   1.1462 |     41.561 |     0.8
   11 |   1.1531 |     41.479 |   1.1673 |     41.621 |     0.9
   12 |   1.1575 |     41.599 |   1.1532 |     41.923 |     0.9
   13 |   1.1380 |     41.021 |   1.1390 |     40.657 |     1.0
   14 |   1.1327 |     40.760 |   1.1258 |     41.320 |     1.1
   15 |   1.1284 |     40.705 |   1.1245 |     40.597 |     1.2
   16 |   1.1180 |     40.324 |   1.1094 |     40.265 |     1.3
   17 |   1.1041 |     39.811 |   1.1348 |     41.652 |     1.3
   18 |   1.1008 |     40.051 |   1.1209 |     41.410 |     1.4
   19 |   1.0965 |     39.915 |   1.1029 |     40.416 |     1.5
   20 |   1.0915 |     39.708 |   1.0928 |     40.175 |     1.6
   21 |   1.0853 |     39.169 |   1.0926 |     39.542 |     1.7
   22 |   1.0762 |     38.945 |   1.0881 |     39.301 |     1.7
   23 |   1.0759 |     39.190 |   1.0831 |     40.054 |     1.8
   24 |   1.0705 |     38.983 |   1.0864 |     39.391 |     1.9
   25 |   1.0696 |     38.989 |   1.1019 |     40.024 |     2.0
   26 |   1.0688 |     38.793 |   1.0737 |     39.482 |     2.1
   27 |   1.0564 |     38.651 |   1.0656 |     39.421 |     2.1
   28 |   1.0529 |     38.782 |   1.0713 |     39.421 |     2.2
   29 |   1.0604 |     39.054 |   1.1050 |     40.205 |     2.3
   30 |   1.0710 |     39.043 |   1.0827 |     39.512 |     2.4
   31 |   1.0622 |     38.782 |   1.0896 |     40.446 |     2.5
Early stopping

Model: Seq2Seq Transformer
Source index: <Seq2Seq Index with 45 items>
Target index: <Seq2Seq Index with 34 items>
Max sequence length: 800
Embedding dimension: 64
Feedforward dimension: 256
Encoder layers: 4
Decoder layers: 3
Attention heads: 4
Activation: relu
Dropout: 0.0
Trainable parameters: 458,914

Training started
X_train.shape: torch.Size([3059, 350])
Y_train.shape: torch.Size([3059, 7])
X_dev.shape: torch.Size([553, 649])
Y_dev.shape: torch.Size([553, 7])
Epochs: 500
Learning rate: 0.001
Weight decay: 1e-05
Epoch | Train                 | Development           | Minutes
      | Loss     | Error Rate | Loss     | Error Rate |
---------------------------------------------------------------
    1 |   1.5959 |     47.739 |   1.3232 |     43.791 |     0.1
    2 |   1.2663 |     43.827 |   1.2405 |     44.575 |     0.1
    3 |   1.1846 |     41.740 |   1.1771 |     41.621 |     0.2
    4 |   1.1392 |     40.427 |   1.1433 |     41.019 |     0.3
    5 |   1.0955 |     39.207 |   1.1393 |     41.923 |     0.4
    6 |   1.0625 |     37.703 |   1.1140 |     40.295 |     0.5
    7 |   1.0289 |     36.581 |   1.0934 |     38.788 |     0.5
    8 |   0.9956 |     35.115 |   1.0987 |     39.994 |     0.6
    9 |   0.9681 |     34.107 |   1.0681 |     37.583 |     0.7
   10 |   0.9483 |     33.366 |   1.0550 |     37.462 |     0.8
   11 |   0.9136 |     32.325 |   1.0480 |     37.673 |     0.8
   12 |   0.8858 |     31.241 |   1.0278 |     35.744 |     0.9
   13 |   0.8598 |     30.549 |   1.0339 |     35.775 |     1.0
   14 |   0.8425 |     29.737 |   1.0781 |     38.186 |     1.0
   15 |   0.8146 |     28.708 |   1.0285 |     34.961 |     1.1
   16 |   0.7961 |     28.310 |   1.0333 |     35.232 |     1.2
Early stopping

Model: Seq2Seq Transformer
Source index: <Seq2Seq Index with 45 items>
Target index: <Seq2Seq Index with 34 items>
Max sequence length: 800
Embedding dimension: 128
Feedforward dimension: 128
Encoder layers: 4
Decoder layers: 4
Attention heads: 4
Activation: relu
Dropout: 0.1
Trainable parameters: 1,179,298

Training started
X_train.shape: torch.Size([3059, 350])
Y_train.shape: torch.Size([3059, 7])
X_dev.shape: torch.Size([553, 649])
Y_dev.shape: torch.Size([553, 7])
Epochs: 500
Learning rate: 0.0001
Weight decay: 0.0001
Epoch | Train                 | Development           | Minutes
      | Loss     | Error Rate | Loss     | Error Rate |
---------------------------------------------------------------
    1 |   2.2536 |     56.685 |   1.5637 |     46.022 |     0.1
    2 |   1.5379 |     46.034 |   1.4069 |     45.178 |     0.2
    3 |   1.4183 |     45.282 |   1.3584 |     44.696 |     0.3
    4 |   1.3526 |     44.148 |   1.3069 |     43.912 |     0.4
    5 |   1.2999 |     42.557 |   1.2769 |     42.767 |     0.5
    6 |   1.2599 |     41.833 |   1.2735 |     42.737 |     0.6
    7 |   1.2264 |     40.819 |   1.2244 |     41.832 |     0.7
    8 |   1.1991 |     39.948 |   1.2328 |     41.561 |     0.8
    9 |   1.1749 |     39.779 |   1.1860 |     40.205 |     0.8
   10 |   1.1468 |     38.695 |   1.1695 |     40.235 |     0.9
   11 |   1.1236 |     37.779 |   1.1377 |     39.180 |     1.0
   12 |   1.0957 |     36.967 |   1.1246 |     38.457 |     1.1
   13 |   1.0791 |     36.161 |   1.1081 |     37.945 |     1.2
   14 |   1.0601 |     35.774 |   1.1016 |     37.673 |     1.3
   15 |   1.0346 |     34.930 |   1.1050 |     37.734 |     1.4
   16 |   1.0164 |     34.009 |   1.0914 |     36.498 |     1.5
   17 |   1.0022 |     34.183 |   1.0704 |     36.558 |     1.6
   18 |   0.9807 |     32.838 |   1.0830 |     36.407 |     1.7
   19 |   0.9696 |     32.598 |   1.0738 |     36.829 |     1.8
   20 |   0.9474 |     31.791 |   1.0687 |     36.106 |     1.9
   21 |   0.9266 |     31.350 |   1.0418 |     35.443 |     2.0
   22 |   0.9160 |     30.843 |   1.0752 |     36.106 |     2.1
   23 |   0.8974 |     30.282 |   1.0860 |     35.714 |     2.2
   24 |   0.8834 |     29.950 |   1.0704 |     35.925 |     2.3
   25 |   0.8741 |     29.797 |   1.0665 |     35.564 |     2.4
   26 |   0.8523 |     28.713 |   1.0410 |     34.720 |     2.5
   27 |   0.8417 |     28.272 |   1.0419 |     34.780 |     2.6
   28 |   0.8254 |     27.836 |   1.0664 |     34.870 |     2.7
   29 |   0.8137 |     27.427 |   1.0400 |     34.388 |     2.8
   30 |   0.7987 |     27.258 |   1.0613 |     35.202 |     2.8
   31 |   0.7925 |     27.209 |   1.0544 |     34.057 |     2.9
   32 |   0.7757 |     26.005 |   1.0829 |     34.147 |     3.0
   33 |   0.7618 |     25.874 |   1.0645 |     34.298 |     3.1
Early stopping

Model: Seq2Seq Transformer
Source index: <Seq2Seq Index with 45 items>
Target index: <Seq2Seq Index with 34 items>
Max sequence length: 800
Embedding dimension: 128
Feedforward dimension: 64
Encoder layers: 2
Decoder layers: 2
Attention heads: 4
Activation: relu
Dropout: 0.0
Trainable parameters: 582,562

Training started
X_train.shape: torch.Size([3059, 350])
Y_train.shape: torch.Size([3059, 7])
X_dev.shape: torch.Size([553, 649])
Y_dev.shape: torch.Size([553, 7])
Epochs: 500
Learning rate: 0.001
Weight decay: 1e-05
Epoch | Train                 | Development           | Minutes
      | Loss     | Error Rate | Loss     | Error Rate |
---------------------------------------------------------------
    1 |   1.5171 |     47.543 |   1.2967 |     44.424 |     0.0
    2 |   1.2104 |     41.833 |   1.2031 |     42.104 |     0.1
    3 |   1.1038 |     38.019 |   1.1514 |     39.602 |     0.1
    4 |   1.0195 |     34.815 |   1.1106 |     38.638 |     0.2
    5 |   0.9462 |     32.527 |   1.0634 |     36.528 |     0.2
    6 |   0.8796 |     30.293 |   1.1099 |     36.829 |     0.3
    7 |   0.8182 |     28.315 |   1.0699 |     35.322 |     0.3
    8 |   0.7548 |     25.809 |   1.0821 |     34.027 |     0.4
    9 |   0.6974 |     23.924 |   1.0768 |     34.418 |     0.4
Early stopping

Model: Seq2Seq Transformer
Source index: <Seq2Seq Index with 45 items>
Target index: <Seq2Seq Index with 34 items>
Max sequence length: 800
Embedding dimension: 64
Feedforward dimension: 256
Encoder layers: 2
Decoder layers: 4
Attention heads: 2
Activation: relu
Dropout: 0.0
Trainable parameters: 425,698

Training started
X_train.shape: torch.Size([3059, 350])
Y_train.shape: torch.Size([3059, 7])
X_dev.shape: torch.Size([553, 649])
Y_dev.shape: torch.Size([553, 7])
Epochs: 500
Learning rate: 0.0001
Weight decay: 1e-05
Epoch | Train                 | Development           | Minutes
      | Loss     | Error Rate | Loss     | Error Rate |
---------------------------------------------------------------
    1 |   2.2511 |     54.108 |   1.6965 |     45.720 |     0.0
    2 |   1.5893 |     45.876 |   1.5235 |     44.846 |     0.1
    3 |   1.4639 |     44.633 |   1.4510 |     44.937 |     0.2
    4 |   1.3878 |     43.772 |   1.4007 |     45.057 |     0.2
    5 |   1.3333 |     42.563 |   1.3616 |     43.972 |     0.3
    6 |   1.2877 |     41.708 |   1.3230 |     43.671 |     0.3
    7 |   1.2489 |     40.727 |   1.2926 |     43.339 |     0.4
    8 |   1.2157 |     40.356 |   1.2585 |     42.586 |     0.4
    9 |   1.1886 |     39.436 |   1.2220 |     42.405 |     0.5
   10 |   1.1593 |     38.874 |   1.2156 |     42.345 |     0.5
   11 |   1.1295 |     37.817 |   1.2173 |     41.471 |     0.6
   12 |   1.1058 |     37.245 |   1.1975 |     41.682 |     0.6
   13 |   1.0857 |     36.379 |   1.1761 |     40.476 |     0.7
   14 |   1.0587 |     35.366 |   1.1580 |     40.054 |     0.7
   15 |   1.0430 |     35.017 |   1.1638 |     39.873 |     0.8
   16 |   1.0151 |     34.363 |   1.1806 |     40.386 |     0.8
   17 |   0.9959 |     33.415 |   1.1510 |     39.451 |     0.9
   18 |   0.9730 |     32.658 |   1.1516 |     40.175 |     0.9
   19 |   0.9577 |     32.200 |   1.1402 |     39.120 |     1.0
   20 |   0.9422 |     31.655 |   1.1302 |     38.788 |     1.0
   21 |   0.9204 |     30.925 |   1.1088 |     38.035 |     1.1
   22 |   0.9039 |     30.369 |   1.1096 |     37.613 |     1.1
   23 |   0.8888 |     29.607 |   1.1430 |     39.482 |     1.2
   24 |   0.8740 |     29.280 |   1.0876 |     36.890 |     1.2
   25 |   0.8572 |     28.588 |   1.0824 |     37.523 |     1.3
   26 |   0.8437 |     28.185 |   1.0704 |     36.588 |     1.3
   27 |   0.8330 |     28.179 |   1.0920 |     37.251 |     1.4
   28 |   0.8145 |     27.111 |   1.1210 |     38.608 |     1.5
   29 |   0.7998 |     26.692 |   1.0681 |     36.317 |     1.5
   30 |   0.7855 |     26.403 |   1.0894 |     37.251 |     1.6
   31 |   0.7697 |     25.706 |   1.0744 |     36.016 |     1.6
   32 |   0.7627 |     25.520 |   1.0790 |     36.920 |     1.7
   33 |   0.7499 |     25.128 |   1.0931 |     36.287 |     1.7
Early stopping

Model: Seq2Seq Transformer
Source index: <Seq2Seq Index with 45 items>
Target index: <Seq2Seq Index with 34 items>
Max sequence length: 800
Embedding dimension: 128
Feedforward dimension: 64
Encoder layers: 2
Decoder layers: 3
Attention heads: 2
Activation: relu
Dropout: 0.0
Trainable parameters: 732,002

Training started
X_train.shape: torch.Size([3059, 350])
Y_train.shape: torch.Size([3059, 7])
X_dev.shape: torch.Size([553, 649])
Y_dev.shape: torch.Size([553, 7])
Epochs: 500
Learning rate: 0.0001
Weight decay: 1e-05
Epoch | Train                 | Development           | Minutes
      | Loss     | Error Rate | Loss     | Error Rate |
---------------------------------------------------------------
    1 |   2.0632 |     52.321 |   1.5551 |     46.504 |     0.0
    2 |   1.4369 |     44.868 |   1.3925 |     44.937 |     0.1
    3 |   1.3292 |     42.863 |   1.3382 |     43.791 |     0.1
    4 |   1.2645 |     41.473 |   1.2804 |     42.164 |     0.2
    5 |   1.2179 |     40.324 |   1.2654 |     42.013 |     0.2
    6 |   1.1736 |     38.558 |   1.2362 |     41.471 |     0.3
    7 |   1.1351 |     37.529 |   1.2045 |     40.536 |     0.3
    8 |   1.1031 |     36.357 |   1.1779 |     39.994 |     0.4
    9 |   1.0689 |     35.273 |   1.1534 |     38.728 |     0.4
   10 |   1.0405 |     34.221 |   1.1262 |     37.734 |     0.5
   11 |   1.0079 |     33.442 |   1.1349 |     38.156 |     0.5
   12 |   0.9829 |     32.832 |   1.1000 |     37.221 |     0.6
   13 |   0.9562 |     31.966 |   1.0971 |     36.860 |     0.6
   14 |   0.9300 |     30.778 |   1.1208 |     37.673 |     0.7
   15 |   0.9054 |     30.250 |   1.0741 |     35.805 |     0.7
   16 |   0.8806 |     29.056 |   1.0717 |     35.835 |     0.8
   17 |   0.8565 |     28.495 |   1.0624 |     35.413 |     0.8
   18 |   0.8334 |     27.335 |   1.0648 |     34.599 |     0.9
   19 |   0.8095 |     26.457 |   1.0707 |     35.533 |     0.9
   20 |   0.7894 |     25.918 |   1.0497 |     33.966 |     1.0
   21 |   0.7617 |     24.943 |   1.0526 |     33.936 |     1.0
   22 |   0.7398 |     24.104 |   1.0537 |     34.027 |     1.1
   23 |   0.7235 |     23.859 |   1.0424 |     34.057 |     1.1
   24 |   0.6951 |     22.529 |   1.0571 |     34.147 |     1.2
   25 |   0.6780 |     22.273 |   1.0487 |     33.816 |     1.2
   26 |   0.6501 |     21.232 |   1.0631 |     34.087 |     1.3
   27 |   0.6358 |     20.737 |   1.0846 |     34.479 |     1.3
Early stopping

Model: Seq2Seq Transformer
Source index: <Seq2Seq Index with 45 items>
Target index: <Seq2Seq Index with 34 items>
Max sequence length: 800
Embedding dimension: 128
Feedforward dimension: 64
Encoder layers: 2
Decoder layers: 4
Attention heads: 4
Activation: relu
Dropout: 0.2
Trainable parameters: 881,442

Training started
X_train.shape: torch.Size([3059, 350])
Y_train.shape: torch.Size([3059, 7])
X_dev.shape: torch.Size([553, 649])
Y_dev.shape: torch.Size([553, 7])
Epochs: 500
Learning rate: 0.001
Weight decay: 1e-05
Epoch | Train                 | Development           | Minutes
      | Loss     | Error Rate | Loss     | Error Rate |
---------------------------------------------------------------
    1 |   1.7142 |     50.550 |   1.3457 |     45.419 |     0.1
    2 |   1.3410 |     45.113 |   1.3103 |     43.942 |     0.1
    3 |   1.2816 |     43.255 |   1.2638 |     44.063 |     0.2
    4 |   1.2276 |     41.958 |   1.2118 |     42.194 |     0.3
    5 |   1.1897 |     40.934 |   1.2041 |     40.898 |     0.3
    6 |   1.1398 |     39.245 |   1.1837 |     40.838 |     0.4
    7 |   1.0946 |     37.289 |   1.1676 |     40.597 |     0.5
    8 |   1.0662 |     36.074 |   1.1671 |     39.602 |     0.5
    9 |   1.0202 |     34.913 |   1.1697 |     39.060 |     0.6
   10 |   0.9969 |     33.976 |   1.1533 |     37.794 |     0.6
   11 |   0.9559 |     32.979 |   1.1889 |     37.794 |     0.7
   12 |   0.9208 |     31.524 |   1.2108 |     40.898 |     0.8
   13 |   0.8932 |     30.707 |   1.1864 |     37.764 |     0.8
   14 |   0.8628 |     29.863 |   1.1787 |     37.945 |     0.9
Early stopping

Model: Seq2Seq Transformer
Source index: <Seq2Seq Index with 45 items>
Target index: <Seq2Seq Index with 34 items>
Max sequence length: 800
Embedding dimension: 64
Feedforward dimension: 256
Encoder layers: 2
Decoder layers: 2
Attention heads: 2
Activation: relu
Dropout: 0.1
Trainable parameters: 292,194

Training started
X_train.shape: torch.Size([3059, 350])
Y_train.shape: torch.Size([3059, 7])
X_dev.shape: torch.Size([553, 649])
Y_dev.shape: torch.Size([553, 7])
Epochs: 500
Learning rate: 0.0001
Weight decay: 0.0001
Epoch | Train                 | Development           | Minutes
      | Loss     | Error Rate | Loss     | Error Rate |
---------------------------------------------------------------
    1 |   2.5405 |     59.687 |   1.8259 |     45.901 |     0.0
    2 |   1.7451 |     46.328 |   1.5704 |     45.509 |     0.1
    3 |   1.5716 |     45.963 |   1.4852 |     45.118 |     0.1
    4 |   1.4940 |     45.723 |   1.4306 |     45.479 |     0.2
    5 |   1.4406 |     45.325 |   1.3959 |     45.057 |     0.2
    6 |   1.3996 |     44.835 |   1.3673 |     44.605 |     0.2
    7 |   1.3680 |     44.105 |   1.3467 |     44.454 |     0.3
    8 |   1.3406 |     43.620 |   1.3281 |     43.882 |     0.3
    9 |   1.3191 |     43.217 |   1.3096 |     43.641 |     0.4
   10 |   1.2958 |     42.557 |   1.2868 |     42.857 |     0.4
   11 |   1.2810 |     42.312 |   1.2813 |     42.646 |     0.4
   12 |   1.2627 |     41.931 |   1.2628 |     42.767 |     0.5
   13 |   1.2447 |     41.441 |   1.2571 |     42.465 |     0.5
   14 |   1.2296 |     40.836 |   1.2451 |     42.224 |     0.6
   15 |   1.2160 |     40.542 |   1.2371 |     42.043 |     0.6
   16 |   1.2036 |     40.247 |   1.2132 |     41.531 |     0.6
   17 |   1.1906 |     39.980 |   1.2167 |     41.742 |     0.7
   18 |   1.1790 |     39.741 |   1.2036 |     41.471 |     0.7
   19 |   1.1647 |     39.359 |   1.1989 |     41.591 |     0.8
   20 |   1.1548 |     38.537 |   1.1771 |     40.687 |     0.8
   21 |   1.1404 |     38.373 |   1.1798 |     41.079 |     0.8
   22 |   1.1332 |     38.068 |   1.1706 |     40.536 |     0.9
   23 |   1.1177 |     37.981 |   1.1540 |     40.325 |     0.9
   24 |   1.1108 |     37.436 |   1.1524 |     39.934 |     1.0
   25 |   1.1018 |     37.605 |   1.1507 |     40.205 |     1.0
   26 |   1.0888 |     36.902 |   1.1364 |     39.783 |     1.0
   27 |   1.0827 |     36.733 |   1.1250 |     39.150 |     1.1
   28 |   1.0691 |     36.390 |   1.1291 |     39.572 |     1.1
   29 |   1.0671 |     36.226 |   1.1358 |     39.512 |     1.2
   30 |   1.0576 |     36.008 |   1.1163 |     38.819 |     1.2
   31 |   1.0465 |     35.475 |   1.1099 |     38.276 |     1.2
   32 |   1.0414 |     35.578 |   1.1169 |     38.427 |     1.3
   33 |   1.0337 |     35.077 |   1.1031 |     38.246 |     1.3
   34 |   1.0216 |     34.859 |   1.1052 |     38.306 |     1.4
   35 |   1.0170 |     34.701 |   1.0982 |     37.884 |     1.4
   36 |   1.0100 |     34.505 |   1.0947 |     37.643 |     1.4
   37 |   1.0007 |     34.118 |   1.0965 |     37.764 |     1.5
   38 |   0.9992 |     34.129 |   1.0843 |     37.312 |     1.5
   39 |   0.9966 |     33.579 |   1.0843 |     36.980 |     1.5
   40 |   0.9857 |     33.655 |   1.0776 |     36.950 |     1.6
   41 |   0.9778 |     33.257 |   1.0859 |     37.131 |     1.6
   42 |   0.9691 |     33.023 |   1.0683 |     36.558 |     1.7
   43 |   0.9603 |     32.739 |   1.0697 |     36.739 |     1.7
   44 |   0.9589 |     33.050 |   1.0804 |     36.618 |     1.7
   45 |   0.9512 |     32.282 |   1.0680 |     36.498 |     1.8
   46 |   0.9484 |     32.255 |   1.0698 |     37.101 |     1.8
   47 |   0.9376 |     31.846 |   1.0667 |     35.744 |     1.9
   48 |   0.9326 |     32.091 |   1.0708 |     36.347 |     1.9
   49 |   0.9281 |     31.579 |   1.0892 |     36.860 |     1.9
   50 |   0.9225 |     31.486 |   1.0653 |     35.865 |     2.0
   51 |   0.9125 |     31.274 |   1.0486 |     35.473 |     2.0
   52 |   0.9157 |     31.198 |   1.0559 |     34.840 |     2.1
   53 |   0.9052 |     30.903 |   1.0719 |     36.166 |     2.1
   54 |   0.9009 |     30.315 |   1.0536 |     35.383 |     2.1
   55 |   0.8924 |     30.789 |   1.0771 |     35.955 |     2.2
Early stopping

Model: Seq2Seq Transformer
Source index: <Seq2Seq Index with 45 items>
Target index: <Seq2Seq Index with 34 items>
Max sequence length: 800
Embedding dimension: 128
Feedforward dimension: 256
Encoder layers: 2
Decoder layers: 3
Attention heads: 2
Activation: relu
Dropout: 0.2
Trainable parameters: 978,722

Training started
X_train.shape: torch.Size([3059, 350])
Y_train.shape: torch.Size([3059, 7])
X_dev.shape: torch.Size([553, 649])
Y_dev.shape: torch.Size([553, 7])
Epochs: 500
Learning rate: 0.0001
Weight decay: 0.0001
Epoch | Train                 | Development           | Minutes
      | Loss     | Error Rate | Loss     | Error Rate |
---------------------------------------------------------------
    1 |   2.2702 |     56.909 |   1.5584 |     45.901 |     0.1
    2 |   1.5537 |     46.311 |   1.4144 |     45.268 |     0.1
    3 |   1.4371 |     45.576 |   1.3628 |     45.329 |     0.2
    4 |   1.3845 |     44.944 |   1.3299 |     44.304 |     0.2
    5 |   1.3434 |     44.334 |   1.2993 |     43.309 |     0.3
    6 |   1.3084 |     43.511 |   1.2697 |     42.254 |     0.3
    7 |   1.2808 |     42.672 |   1.2677 |     42.616 |     0.4
    8 |   1.2556 |     41.931 |   1.2394 |     41.591 |     0.4
    9 |   1.2345 |     41.408 |   1.2251 |     42.104 |     0.5
   10 |   1.2154 |     40.939 |   1.2063 |     41.652 |     0.5
   11 |   1.1948 |     40.607 |   1.2006 |     41.441 |     0.6
   12 |   1.1788 |     39.735 |   1.1910 |     41.712 |     0.6
   13 |   1.1669 |     39.730 |   1.1805 |     40.778 |     0.7
   14 |   1.1490 |     39.120 |   1.1730 |     40.778 |     0.8
   15 |   1.1340 |     38.569 |   1.1668 |     40.567 |     0.8
   16 |   1.1208 |     38.166 |   1.1550 |     40.356 |     0.9
   17 |   1.1097 |     38.024 |   1.1589 |     40.145 |     0.9
   18 |   1.0948 |     37.512 |   1.1385 |     38.909 |     1.0
   19 |   1.0851 |     37.207 |   1.1437 |     39.843 |     1.0
   20 |   1.0693 |     36.548 |   1.1585 |     39.150 |     1.1
   21 |   1.0582 |     36.205 |   1.1266 |     38.849 |     1.1
   22 |   1.0500 |     36.058 |   1.1090 |     38.698 |     1.2
   23 |   1.0336 |     35.344 |   1.1183 |     38.517 |     1.2
   24 |   1.0292 |     35.502 |   1.1193 |     38.577 |     1.3
   25 |   1.0159 |     34.652 |   1.1113 |     38.216 |     1.4
   26 |   1.0056 |     34.407 |   1.1235 |     38.246 |     1.4
   27 |   0.9948 |     34.091 |   1.1002 |     37.583 |     1.5
   28 |   0.9847 |     33.796 |   1.0936 |     37.342 |     1.5
   29 |   0.9752 |     33.404 |   1.0923 |     36.649 |     1.6
   30 |   0.9678 |     33.230 |   1.1189 |     38.306 |     1.6
   31 |   0.9566 |     32.941 |   1.0881 |     37.191 |     1.7
   32 |   0.9530 |     33.148 |   1.1050 |     37.492 |     1.7
   33 |   0.9390 |     32.440 |   1.0997 |     36.890 |     1.8
   34 |   0.9312 |     31.830 |   1.0910 |     36.257 |     1.8
   35 |   0.9208 |     31.339 |   1.0901 |     37.131 |     1.9
Early stopping

Model: Seq2Seq Transformer
Source index: <Seq2Seq Index with 45 items>
Target index: <Seq2Seq Index with 34 items>
Max sequence length: 800
Embedding dimension: 128
Feedforward dimension: 64
Encoder layers: 2
Decoder layers: 3
Attention heads: 4
Activation: relu
Dropout: 0.1
Trainable parameters: 732,002

Training started
X_train.shape: torch.Size([3059, 350])
Y_train.shape: torch.Size([3059, 7])
X_dev.shape: torch.Size([553, 649])
Y_dev.shape: torch.Size([553, 7])
Epochs: 500
Learning rate: 0.0001
Weight decay: 0.0001
Epoch | Train                 | Development           | Minutes
      | Loss     | Error Rate | Loss     | Error Rate |
---------------------------------------------------------------
    1 |   2.3035 |     56.026 |   1.5900 |     45.600 |     0.1
    2 |   1.5616 |     45.914 |   1.4242 |     45.539 |     0.1
    3 |   1.4309 |     45.619 |   1.3672 |     45.148 |     0.2
    4 |   1.3627 |     44.633 |   1.3184 |     44.063 |     0.2
    5 |   1.3102 |     43.473 |   1.2820 |     43.339 |     0.3
    6 |   1.2749 |     42.590 |   1.2496 |     42.616 |     0.3
    7 |   1.2428 |     41.773 |   1.2331 |     42.616 |     0.4
    8 |   1.2173 |     40.858 |   1.2147 |     42.104 |     0.5
    9 |   1.1905 |     40.356 |   1.2057 |     41.591 |     0.5
   10 |   1.1733 |     39.833 |   1.1865 |     40.868 |     0.6
   11 |   1.1491 |     38.978 |   1.1810 |     40.778 |     0.6
   12 |   1.1293 |     38.270 |   1.1620 |     40.747 |     0.7
   13 |   1.1136 |     37.311 |   1.1459 |     40.024 |     0.8
   14 |   1.0970 |     37.414 |   1.1447 |     39.482 |     0.8
   15 |   1.0756 |     36.488 |   1.1338 |     38.939 |     0.9
   16 |   1.0594 |     36.063 |   1.1067 |     38.698 |     0.9
   17 |   1.0440 |     35.376 |   1.1080 |     39.090 |     1.0
   18 |   1.0285 |     34.636 |   1.1031 |     37.824 |     1.0
   19 |   1.0089 |     34.080 |   1.0872 |     37.402 |     1.1
   20 |   0.9980 |     33.824 |   1.0829 |     36.950 |     1.2
   21 |   0.9840 |     33.301 |   1.0815 |     36.799 |     1.2
   22 |   0.9664 |     33.126 |   1.0746 |     36.046 |     1.3
   23 |   0.9527 |     32.244 |   1.0699 |     36.106 |     1.3
   24 |   0.9358 |     32.009 |   1.0744 |     36.769 |     1.4
   25 |   0.9242 |     31.366 |   1.0807 |     36.739 |     1.4
   26 |   0.9106 |     30.762 |   1.0685 |     35.865 |     1.5
   27 |   0.9007 |     30.587 |   1.0519 |     35.383 |     1.6
   28 |   0.8831 |     29.895 |   1.0655 |     35.624 |     1.6
   29 |   0.8716 |     29.394 |   1.0520 |     35.533 |     1.7
   30 |   0.8543 |     29.127 |   1.0540 |     34.991 |     1.7
   31 |   0.8515 |     28.822 |   1.0679 |     35.895 |     1.8
   32 |   0.8390 |     28.533 |   1.0515 |     35.503 |     1.9
   33 |   0.8260 |     28.016 |   1.0544 |     34.509 |     1.9
   34 |   0.8140 |     27.536 |   1.0641 |     35.081 |     2.0
   35 |   0.8055 |     27.455 |   1.0745 |     34.991 |     2.0
   36 |   0.7943 |     26.812 |   1.0543 |     34.780 |     2.1
Early stopping

Model: Seq2Seq Transformer
Source index: <Seq2Seq Index with 45 items>
Target index: <Seq2Seq Index with 34 items>
Max sequence length: 800
Embedding dimension: 64
Feedforward dimension: 128
Encoder layers: 2
Decoder layers: 3
Attention heads: 2
Activation: relu
Dropout: 0.1
Trainable parameters: 276,386

Training started
X_train.shape: torch.Size([3059, 350])
Y_train.shape: torch.Size([3059, 7])
X_dev.shape: torch.Size([553, 649])
Y_dev.shape: torch.Size([553, 7])
Epochs: 500
Learning rate: 0.001
Weight decay: 1e-05
Epoch | Train                 | Development           | Minutes
      | Loss     | Error Rate | Loss     | Error Rate |
---------------------------------------------------------------
    1 |   1.7200 |     48.872 |   1.3593 |     45.178 |     0.0
    2 |   1.3144 |     44.083 |   1.2788 |     44.876 |     0.1
    3 |   1.2407 |     42.961 |   1.1951 |     41.712 |     0.1
    4 |   1.1870 |     40.961 |   1.1705 |     40.325 |     0.2
    5 |   1.1454 |     39.697 |   1.1633 |     39.873 |     0.2
    6 |   1.1036 |     38.008 |   1.1194 |     39.904 |     0.3
    7 |   1.0663 |     36.858 |   1.0824 |     37.402 |     0.3
    8 |   1.0278 |     35.175 |   1.0711 |     37.221 |     0.4
    9 |   1.0000 |     34.516 |   1.0925 |     38.216 |     0.4
   10 |   0.9782 |     33.628 |   1.0521 |     35.624 |     0.5
   11 |   0.9506 |     32.767 |   1.0332 |     35.142 |     0.5
   12 |   0.9211 |     31.655 |   1.0430 |     35.594 |     0.5
   13 |   0.8947 |     30.865 |   1.0485 |     35.232 |     0.6
   14 |   0.8690 |     30.021 |   1.0371 |     34.298 |     0.6
   15 |   0.8508 |     29.465 |   1.0405 |     34.539 |     0.7
   16 |   0.8314 |     28.544 |   1.0329 |     33.996 |     0.7
   17 |   0.8108 |     28.016 |   1.0344 |     35.021 |     0.8
   18 |   0.7948 |     27.362 |   1.0477 |     33.876 |     0.8
   19 |   0.7710 |     26.937 |   1.0121 |     33.002 |     0.9
   20 |   0.7531 |     26.305 |   1.0514 |     33.936 |     0.9
   21 |   0.7359 |     25.825 |   1.0617 |     34.027 |     1.0
   22 |   0.7196 |     25.373 |   1.0592 |     34.147 |     1.0
   23 |   0.7021 |     24.273 |   1.0716 |     33.966 |     1.1
Early stopping

Model: Seq2Seq Transformer
Source index: <Seq2Seq Index with 45 items>
Target index: <Seq2Seq Index with 34 items>
Max sequence length: 800
Embedding dimension: 64
Feedforward dimension: 64
Encoder layers: 4
Decoder layers: 2
Attention heads: 2
Activation: relu
Dropout: 0.0
Trainable parameters: 243,554

Training started
X_train.shape: torch.Size([3059, 350])
Y_train.shape: torch.Size([3059, 7])
X_dev.shape: torch.Size([553, 649])
Y_dev.shape: torch.Size([553, 7])
Epochs: 500
Learning rate: 0.001
Weight decay: 0.0001
Epoch | Train                 | Development           | Minutes
      | Loss     | Error Rate | Loss     | Error Rate |
---------------------------------------------------------------
    1 |   1.7096 |     49.237 |   1.3646 |     45.992 |     0.0
    2 |   1.3064 |     44.671 |   1.2706 |     43.731 |     0.1
    3 |   1.2388 |     43.495 |   1.2281 |     43.882 |     0.1
    4 |   1.1891 |     41.822 |   1.1984 |     41.802 |     0.2
    5 |   1.1515 |     40.749 |   1.1643 |     41.260 |     0.2
    6 |   1.1153 |     39.430 |   1.1490 |     41.652 |     0.3
    7 |   1.0911 |     38.847 |   1.1410 |     40.808 |     0.3
    8 |   1.0751 |     38.210 |   1.1321 |     40.325 |     0.4
    9 |   1.0502 |     37.403 |   1.1091 |     39.994 |     0.4
   10 |   1.0267 |     36.542 |   1.0804 |     38.156 |     0.5
   11 |   1.0041 |     35.676 |   1.0560 |     37.312 |     0.5
   12 |   0.9809 |     34.843 |   1.0735 |     38.336 |     0.6
   13 |   0.9559 |     33.938 |   1.0589 |     37.312 |     0.6
   14 |   0.9392 |     32.996 |   1.0497 |     38.065 |     0.7
   15 |   0.9167 |     32.592 |   1.0481 |     36.287 |     0.7
   16 |   0.9011 |     31.835 |   1.0388 |     36.106 |     0.8
   17 |   0.8799 |     31.339 |   1.0233 |     35.112 |     0.8
   18 |   0.8566 |     30.359 |   1.0570 |     35.413 |     0.9
   19 |   0.8389 |     29.694 |   1.0344 |     35.322 |     0.9
   20 |   0.8177 |     28.877 |   1.0195 |     34.358 |     1.0
   21 |   0.8029 |     28.446 |   1.0127 |     34.448 |     1.0
   22 |   0.7849 |     27.585 |   0.9943 |     33.273 |     1.1
   23 |   0.7697 |     27.362 |   1.0455 |     35.081 |     1.2
   24 |   0.7469 |     26.430 |   1.0471 |     34.418 |     1.2
   25 |   0.7308 |     25.744 |   1.0038 |     32.851 |     1.3
   26 |   0.7103 |     24.916 |   1.0157 |     33.966 |     1.3
Early stopping

Model: Seq2Seq Transformer
Source index: <Seq2Seq Index with 45 items>
Target index: <Seq2Seq Index with 34 items>
Max sequence length: 800
Embedding dimension: 64
Feedforward dimension: 128
Encoder layers: 2
Decoder layers: 4
Attention heads: 4
Activation: relu
Dropout: 0.0
Trainable parameters: 326,626

Training started
X_train.shape: torch.Size([3059, 350])
Y_train.shape: torch.Size([3059, 7])
X_dev.shape: torch.Size([553, 649])
Y_dev.shape: torch.Size([553, 7])
Epochs: 500
Learning rate: 0.001
Weight decay: 0.0001
Epoch | Train                 | Development           | Minutes
      | Loss     | Error Rate | Loss     | Error Rate |
---------------------------------------------------------------
    1 |   1.6785 |     49.096 |   1.3464 |     45.449 |     0.1
    2 |   1.2545 |     42.585 |   1.2792 |     44.274 |     0.1
    3 |   1.1677 |     40.394 |   1.1994 |     42.948 |     0.2
    4 |   1.0994 |     38.422 |   1.1299 |     39.180 |     0.2
    5 |   1.0414 |     36.161 |   1.0989 |     38.758 |     0.3
    6 |   0.9886 |     33.807 |   1.0886 |     37.794 |     0.4
    7 |   0.9461 |     33.192 |   1.0750 |     36.679 |     0.4
    8 |   0.8911 |     31.127 |   1.0515 |     36.136 |     0.5
    9 |   0.8550 |     29.781 |   1.0311 |     35.594 |     0.5
   10 |   0.8101 |     28.010 |   1.0297 |     34.418 |     0.6
   11 |   0.7652 |     26.654 |   1.0178 |     33.966 |     0.7
   12 |   0.7356 |     25.575 |   1.0306 |     34.268 |     0.7
   13 |   0.6937 |     23.973 |   1.0242 |     33.002 |     0.8
   14 |   0.6726 |     23.292 |   1.0446 |     33.966 |     0.8
   15 |   0.6227 |     21.745 |   1.0681 |     34.207 |     0.9
Early stopping

Model: Seq2Seq Transformer
Source index: <Seq2Seq Index with 45 items>
Target index: <Seq2Seq Index with 34 items>
Max sequence length: 800
Embedding dimension: 64
Feedforward dimension: 128
Encoder layers: 4
Decoder layers: 3
Attention heads: 2
Activation: relu
Dropout: 0.1
Trainable parameters: 343,330

Training started
X_train.shape: torch.Size([3059, 350])
Y_train.shape: torch.Size([3059, 7])
X_dev.shape: torch.Size([553, 649])
Y_dev.shape: torch.Size([553, 7])
Epochs: 500
Learning rate: 0.0001
Weight decay: 1e-05
Epoch | Train                 | Development           | Minutes
      | Loss     | Error Rate | Loss     | Error Rate |
---------------------------------------------------------------
    1 |   2.6574 |     62.575 |   1.9343 |     46.112 |     0.1
    2 |   1.8597 |     47.107 |   1.6246 |     45.750 |     0.1
    3 |   1.6346 |     46.344 |   1.5110 |     45.811 |     0.2
    4 |   1.5329 |     45.707 |   1.4522 |     45.871 |     0.3
    5 |   1.4697 |     45.396 |   1.4208 |     45.750 |     0.3
    6 |   1.4254 |     44.928 |   1.3876 |     45.389 |     0.4
    7 |   1.3948 |     44.573 |   1.3646 |     45.057 |     0.4
    8 |   1.3673 |     44.176 |   1.3468 |     44.153 |     0.5
    9 |   1.3417 |     43.822 |   1.3289 |     43.822 |     0.6
   10 |   1.3224 |     43.249 |   1.3253 |     43.761 |     0.6
   11 |   1.3054 |     43.200 |   1.3033 |     43.460 |     0.7
   12 |   1.2886 |     42.590 |   1.2832 |     44.033 |     0.8
   13 |   1.2715 |     42.530 |   1.2856 |     43.972 |     0.8
   14 |   1.2514 |     41.495 |   1.2582 |     42.887 |     0.9
   15 |   1.2362 |     41.288 |   1.2419 |     41.742 |     0.9
   16 |   1.2237 |     40.874 |   1.2344 |     41.802 |     1.0
   17 |   1.2068 |     40.509 |   1.2181 |     41.290 |     1.1
   18 |   1.1968 |     40.171 |   1.2063 |     40.808 |     1.1
   19 |   1.1818 |     39.964 |   1.1997 |     40.687 |     1.2
   20 |   1.1725 |     39.370 |   1.1968 |     40.898 |     1.3
   21 |   1.1604 |     39.103 |   1.1893 |     40.446 |     1.3
   22 |   1.1510 |     38.673 |   1.1762 |     39.602 |     1.4
   23 |   1.1396 |     38.433 |   1.1696 |     39.934 |     1.4
   24 |   1.1273 |     38.106 |   1.1740 |     40.476 |     1.5
   25 |   1.1220 |     38.035 |   1.1547 |     39.421 |     1.6
   26 |   1.1075 |     37.229 |   1.1463 |     38.999 |     1.6
   27 |   1.1001 |     37.049 |   1.1539 |     39.090 |     1.7
   28 |   1.0935 |     36.897 |   1.1358 |     39.241 |     1.8
   29 |   1.0803 |     36.521 |   1.1354 |     39.030 |     1.8
   30 |   1.0740 |     36.216 |   1.1370 |     39.271 |     1.9
   31 |   1.0622 |     35.894 |   1.1329 |     39.542 |     1.9
   32 |   1.0576 |     35.785 |   1.1313 |     38.638 |     2.0
   33 |   1.0452 |     35.355 |   1.1323 |     38.547 |     2.1
   34 |   1.0376 |     35.159 |   1.1200 |     38.788 |     2.1
   35 |   1.0268 |     34.723 |   1.1204 |     37.402 |     2.2
   36 |   1.0259 |     34.679 |   1.1120 |     37.764 |     2.2
   37 |   1.0144 |     34.249 |   1.1070 |     37.703 |     2.3
   38 |   1.0103 |     34.254 |   1.1097 |     37.462 |     2.4
   39 |   0.9984 |     33.649 |   1.1036 |     37.432 |     2.4
   40 |   0.9908 |     33.426 |   1.1139 |     37.221 |     2.5
   41 |   0.9830 |     33.148 |   1.0954 |     36.980 |     2.6
   42 |   0.9773 |     33.306 |   1.0947 |     36.498 |     2.6
   43 |   0.9664 |     32.696 |   1.0973 |     36.468 |     2.7
   44 |   0.9604 |     32.805 |   1.0844 |     36.498 |     2.7
   45 |   0.9561 |     32.293 |   1.0922 |     36.136 |     2.8
   46 |   0.9472 |     32.216 |   1.0924 |     36.287 |     2.9
   47 |   0.9387 |     31.579 |   1.0888 |     36.317 |     2.9
   48 |   0.9299 |     31.655 |   1.1033 |     36.498 |     3.0
Early stopping

Model: Seq2Seq Transformer
Source index: <Seq2Seq Index with 45 items>
Target index: <Seq2Seq Index with 34 items>
Max sequence length: 800
Embedding dimension: 128
Feedforward dimension: 256
Encoder layers: 2
Decoder layers: 3
Attention heads: 4
Activation: relu
Dropout: 0.0
Trainable parameters: 978,722

Training started
X_train.shape: torch.Size([3059, 350])
Y_train.shape: torch.Size([3059, 7])
X_dev.shape: torch.Size([553, 649])
Y_dev.shape: torch.Size([553, 7])
Epochs: 500
Learning rate: 0.001
Weight decay: 0.0001
Epoch | Train                 | Development           | Minutes
      | Loss     | Error Rate | Loss     | Error Rate |
---------------------------------------------------------------
    1 |   1.5206 |     47.630 |   1.2957 |     45.479 |     0.1
    2 |   1.2143 |     42.427 |   1.2093 |     42.616 |     0.1
    3 |   1.1258 |     39.098 |   1.1127 |     39.271 |     0.2
    4 |   1.0514 |     37.120 |   1.1054 |     38.909 |     0.2
    5 |   1.0033 |     34.913 |   1.0599 |     36.709 |     0.3
    6 |   0.9508 |     33.464 |   1.0375 |     35.081 |     0.3
    7 |   0.8992 |     31.830 |   1.0438 |     35.925 |     0.4
    8 |   0.8519 |     29.759 |   1.0645 |     36.197 |     0.4
    9 |   0.8168 |     28.762 |   1.0284 |     34.388 |     0.5
   10 |   0.7684 |     26.872 |   1.0494 |     35.051 |     0.6
   11 |   0.7210 |     25.133 |   1.0228 |     33.605 |     0.6
   12 |   0.6779 |     24.256 |   1.0477 |     33.574 |     0.7
   13 |   0.6255 |     22.055 |   1.0319 |     32.942 |     0.7
   14 |   0.5877 |     20.611 |   1.0978 |     33.665 |     0.8
   15 |   0.5446 |     19.206 |   1.0742 |     33.122 |     0.8
Early stopping

Model: Seq2Seq Transformer
Source index: <Seq2Seq Index with 45 items>
Target index: <Seq2Seq Index with 34 items>
Max sequence length: 800
Embedding dimension: 64
Feedforward dimension: 64
Encoder layers: 4
Decoder layers: 3
Attention heads: 2
Activation: relu
Dropout: 0.2
Trainable parameters: 285,538

Training started
X_train.shape: torch.Size([3059, 350])
Y_train.shape: torch.Size([3059, 7])
X_dev.shape: torch.Size([553, 649])
Y_dev.shape: torch.Size([553, 7])
Epochs: 500
Learning rate: 0.0001
Weight decay: 1e-05
Epoch | Train                 | Development           | Minutes
      | Loss     | Error Rate | Loss     | Error Rate |
---------------------------------------------------------------
    1 |   2.8676 |     73.227 |   2.3049 |     52.080 |     0.1
    2 |   2.2363 |     52.174 |   1.8027 |     46.956 |     0.1
    3 |   1.8522 |     47.134 |   1.5837 |     45.539 |     0.2
    4 |   1.6600 |     46.410 |   1.4963 |     45.389 |     0.2
    5 |   1.5693 |     46.213 |   1.4481 |     45.539 |     0.3
    6 |   1.5110 |     46.121 |   1.4176 |     45.630 |     0.4
    7 |   1.4698 |     46.083 |   1.3896 |     45.419 |     0.4
    8 |   1.4434 |     46.099 |   1.3912 |     45.961 |     0.5
    9 |   1.4180 |     45.810 |   1.3579 |     45.419 |     0.5
   10 |   1.3990 |     45.619 |   1.3419 |     44.846 |     0.6
   11 |   1.3804 |     45.184 |   1.3407 |     45.298 |     0.7
   12 |   1.3703 |     45.336 |   1.3401 |     44.937 |     0.7
   13 |   1.3552 |     44.829 |   1.3156 |     44.153 |     0.8
   14 |   1.3425 |     44.655 |   1.3139 |     43.912 |     0.9
   15 |   1.3305 |     44.513 |   1.3086 |     44.093 |     0.9
   16 |   1.3191 |     44.012 |   1.2972 |     43.852 |     1.0
   17 |   1.3062 |     43.555 |   1.2813 |     43.641 |     1.0
   18 |   1.2943 |     43.451 |   1.2918 |     43.761 |     1.1
   19 |   1.2842 |     42.890 |   1.2668 |     42.706 |     1.2
   20 |   1.2754 |     42.781 |   1.2726 |     43.309 |     1.2
   21 |   1.2644 |     42.187 |   1.2673 |     43.611 |     1.3
   22 |   1.2548 |     42.399 |   1.2423 |     42.254 |     1.3
   23 |   1.2458 |     42.247 |   1.2465 |     42.737 |     1.4
   24 |   1.2379 |     41.528 |   1.2368 |     42.616 |     1.5
   25 |   1.2303 |     41.860 |   1.2198 |     41.712 |     1.5
   26 |   1.2248 |     41.490 |   1.2448 |     43.490 |     1.6
   27 |   1.2176 |     41.108 |   1.2104 |     41.561 |     1.6
   28 |   1.2126 |     41.048 |   1.2081 |     41.350 |     1.7
   29 |   1.2028 |     40.542 |   1.2093 |     41.621 |     1.8
   30 |   1.1968 |     40.362 |   1.2001 |     40.928 |     1.8
   31 |   1.1873 |     40.138 |   1.2066 |     41.561 |     1.9
   32 |   1.1845 |     39.692 |   1.2050 |     41.290 |     1.9
   33 |   1.1792 |     40.155 |   1.1927 |     41.200 |     2.0
   34 |   1.1727 |     39.653 |   1.1910 |     40.808 |     2.1
   35 |   1.1672 |     39.653 |   1.1836 |     40.597 |     2.1
   36 |   1.1586 |     39.060 |   1.1808 |     40.687 |     2.2
   37 |   1.1492 |     38.956 |   1.1790 |     39.813 |     2.3
   38 |   1.1471 |     38.553 |   1.1715 |     39.602 |     2.3
   39 |   1.1399 |     38.362 |   1.1771 |     39.331 |     2.4
   40 |   1.1329 |     38.275 |   1.1716 |     40.205 |     2.4
   41 |   1.1313 |     38.177 |   1.1629 |     39.180 |     2.5
   42 |   1.1298 |     38.155 |   1.1695 |     39.723 |     2.6
   43 |   1.1188 |     37.834 |   1.1719 |     39.873 |     2.6
   44 |   1.1141 |     37.556 |   1.1610 |     39.301 |     2.7
   45 |   1.1086 |     37.567 |   1.1580 |     39.180 |     2.7
   46 |   1.1058 |     37.371 |   1.1624 |     38.788 |     2.8
   47 |   1.1013 |     37.185 |   1.1676 |     38.909 |     2.9
   48 |   1.0946 |     37.447 |   1.1600 |     39.632 |     2.9
   49 |   1.0909 |     37.311 |   1.1681 |     39.602 |     3.0
Early stopping

Model: Seq2Seq Transformer
Source index: <Seq2Seq Index with 45 items>
Target index: <Seq2Seq Index with 34 items>
Max sequence length: 800
Embedding dimension: 128
Feedforward dimension: 256
Encoder layers: 2
Decoder layers: 4
Attention heads: 4
Activation: relu
Dropout: 0.1
Trainable parameters: 1,177,506

Training started
X_train.shape: torch.Size([3059, 350])
Y_train.shape: torch.Size([3059, 7])
X_dev.shape: torch.Size([553, 649])
Y_dev.shape: torch.Size([553, 7])
Epochs: 500
Learning rate: 0.0001
Weight decay: 0.0001
Epoch | Train                 | Development           | Minutes
      | Loss     | Error Rate | Loss     | Error Rate |
---------------------------------------------------------------
    1 |   2.1401 |     54.942 |   1.5012 |     45.570 |     0.1
    2 |   1.4884 |     45.663 |   1.4001 |     45.750 |     0.1
    3 |   1.3876 |     44.797 |   1.3336 |     44.123 |     0.2
    4 |   1.3271 |     43.631 |   1.3024 |     44.093 |     0.3
    5 |   1.2816 |     42.427 |   1.2699 |     42.827 |     0.3
    6 |   1.2456 |     41.816 |   1.2282 |     42.134 |     0.4
    7 |   1.2122 |     41.092 |   1.2070 |     41.621 |     0.5
    8 |   1.1837 |     39.643 |   1.1790 |     40.898 |     0.5
    9 |   1.1627 |     39.130 |   1.1645 |     41.230 |     0.6
   10 |   1.1338 |     38.477 |   1.1519 |     40.235 |     0.7
   11 |   1.1102 |     36.984 |   1.1375 |     40.024 |     0.7
   12 |   1.0919 |     36.924 |   1.1186 |     39.904 |     0.8
   13 |   1.0701 |     36.205 |   1.1165 |     39.030 |     0.9
   14 |   1.0531 |     35.376 |   1.1113 |     38.728 |     0.9
   15 |   1.0331 |     34.799 |   1.0914 |     38.065 |     1.0
   16 |   1.0135 |     34.178 |   1.0755 |     36.950 |     1.1
   17 |   0.9944 |     33.579 |   1.0863 |     37.221 |     1.1
   18 |   0.9844 |     33.246 |   1.0691 |     36.618 |     1.2
   19 |   0.9609 |     32.227 |   1.0747 |     36.588 |     1.3
   20 |   0.9468 |     31.688 |   1.0732 |     36.347 |     1.4
   21 |   0.9278 |     31.388 |   1.0515 |     35.624 |     1.4
   22 |   0.9161 |     31.012 |   1.0742 |     36.136 |     1.5
   23 |   0.8993 |     30.446 |   1.0459 |     35.081 |     1.6
   24 |   0.8826 |     29.754 |   1.0397 |     34.931 |     1.6
   25 |   0.8690 |     29.470 |   1.0408 |     34.539 |     1.7
   26 |   0.8520 |     28.430 |   1.0356 |     34.177 |     1.8
   27 |   0.8399 |     28.561 |   1.0367 |     34.147 |     1.8
   28 |   0.8215 |     27.999 |   1.0489 |     34.147 |     1.9
   29 |   0.8058 |     27.356 |   1.0329 |     33.816 |     2.0
   30 |   0.7975 |     27.046 |   1.0255 |     33.635 |     2.0
   31 |   0.7824 |     26.496 |   1.0472 |     33.424 |     2.1
   32 |   0.7697 |     25.934 |   1.0410 |     33.906 |     2.2
   33 |   0.7522 |     25.520 |   1.0429 |     33.635 |     2.2
   34 |   0.7436 |     25.025 |   1.0379 |     32.881 |     2.3
Early stopping

Model: Seq2Seq Transformer
Source index: <Seq2Seq Index with 45 items>
Target index: <Seq2Seq Index with 34 items>
Max sequence length: 800
Embedding dimension: 64
Feedforward dimension: 128
Encoder layers: 2
Decoder layers: 2
Attention heads: 4
Activation: relu
Dropout: 0.1
Trainable parameters: 226,146

Training started
X_train.shape: torch.Size([3059, 350])
Y_train.shape: torch.Size([3059, 7])
X_dev.shape: torch.Size([553, 649])
Y_dev.shape: torch.Size([553, 7])
Epochs: 500
Learning rate: 0.001
Weight decay: 1e-05
Epoch | Train                 | Development           | Minutes
      | Loss     | Error Rate | Loss     | Error Rate |
---------------------------------------------------------------
    1 |   1.7208 |     49.074 |   1.3564 |     45.238 |     0.0
    2 |   1.3119 |     43.974 |   1.2807 |     45.268 |     0.1
    3 |   1.2246 |     42.034 |   1.2087 |     42.676 |     0.1
    4 |   1.1674 |     40.678 |   1.1577 |     41.109 |     0.2
    5 |   1.1157 |     38.825 |   1.1405 |     39.904 |     0.2
    6 |   1.0797 |     37.730 |   1.1055 |     39.150 |     0.3
    7 |   1.0366 |     36.101 |   1.0794 |     37.462 |     0.3
    8 |   1.0091 |     35.001 |   1.0641 |     36.588 |     0.4
    9 |   0.9752 |     33.954 |   1.0745 |     36.438 |     0.4
   10 |   0.9395 |     32.581 |   1.0438 |     36.407 |     0.4
   11 |   0.9116 |     31.639 |   1.0579 |     35.895 |     0.5
   12 |   0.8871 |     30.636 |   1.0306 |     35.353 |     0.5
   13 |   0.8617 |     30.190 |   1.0438 |     35.624 |     0.6
   14 |   0.8398 |     29.056 |   1.0189 |     33.605 |     0.6
   15 |   0.8112 |     27.890 |   1.0175 |     34.117 |     0.7
   16 |   0.7841 |     27.242 |   1.0376 |     34.057 |     0.7
   17 |   0.7536 |     26.261 |   1.0676 |     34.810 |     0.8
   18 |   0.7376 |     25.825 |   1.0534 |     34.328 |     0.8
   19 |   0.7162 |     24.659 |   1.0919 |     34.237 |     0.9
Early stopping

Model: Seq2Seq Transformer
Source index: <Seq2Seq Index with 45 items>
Target index: <Seq2Seq Index with 34 items>
Max sequence length: 800
Embedding dimension: 128
Feedforward dimension: 128
Encoder layers: 4
Decoder layers: 2
Attention heads: 2
Activation: relu
Dropout: 0.0
Trainable parameters: 847,522

Training started
X_train.shape: torch.Size([3059, 350])
Y_train.shape: torch.Size([3059, 7])
X_dev.shape: torch.Size([553, 649])
Y_dev.shape: torch.Size([553, 7])
Epochs: 500
Learning rate: 0.001
Weight decay: 1e-05
Epoch | Train                 | Development           | Minutes
      | Loss     | Error Rate | Loss     | Error Rate |
---------------------------------------------------------------
    1 |   1.4884 |     47.227 |   1.3011 |     45.027 |     0.1
    2 |   1.2544 |     43.729 |   1.2410 |     43.942 |     0.1
    3 |   1.2003 |     42.122 |   1.1833 |     42.435 |     0.2
    4 |   1.1531 |     40.956 |   1.1892 |     42.134 |     0.3
    5 |   1.1264 |     39.980 |   1.1530 |     40.657 |     0.3
    6 |   1.1022 |     39.278 |   1.1472 |     39.662 |     0.4
    7 |   1.0808 |     38.384 |   1.1378 |     40.054 |     0.4
    8 |   1.0705 |     38.041 |   1.1277 |     40.235 |     0.5
    9 |   1.0564 |     37.670 |   1.1002 |     39.150 |     0.6
   10 |   1.0348 |     36.886 |   1.0937 |     38.788 |     0.6
   11 |   1.0193 |     36.297 |   1.0936 |     39.030 |     0.7
   12 |   1.0077 |     36.025 |   1.0713 |     37.975 |     0.8
   13 |   0.9966 |     35.752 |   1.0771 |     38.366 |     0.8
   14 |   0.9776 |     34.952 |   1.0936 |     38.306 |     0.9
   15 |   0.9793 |     35.229 |   1.0666 |     38.336 |     1.0
   16 |   0.9656 |     34.832 |   1.0420 |     37.131 |     1.0
   17 |   0.9475 |     34.265 |   1.0386 |     36.709 |     1.1
   18 |   0.9268 |     33.170 |   1.0496 |     36.498 |     1.2
   19 |   0.9206 |     33.170 |   1.0325 |     36.227 |     1.2
   20 |   0.9148 |     32.614 |   1.0350 |     36.558 |     1.3
   21 |   0.8964 |     32.238 |   1.0194 |     36.709 |     1.4
   22 |   0.8953 |     32.080 |   1.0657 |     36.860 |     1.4
   23 |   0.9013 |     32.358 |   1.0347 |     36.076 |     1.5
   24 |   0.8764 |     31.268 |   1.0271 |     35.081 |     1.6
   25 |   0.8631 |     30.974 |   1.0247 |     35.895 |     1.6
Early stopping

Model: Seq2Seq Transformer
Source index: <Seq2Seq Index with 45 items>
Target index: <Seq2Seq Index with 34 items>
Max sequence length: 800
Embedding dimension: 64
Feedforward dimension: 64
Encoder layers: 4
Decoder layers: 2
Attention heads: 2
Activation: relu
Dropout: 0.2
Trainable parameters: 243,554

Training started
X_train.shape: torch.Size([3059, 350])
Y_train.shape: torch.Size([3059, 7])
X_dev.shape: torch.Size([553, 649])
Y_dev.shape: torch.Size([553, 7])
Epochs: 500
Learning rate: 0.001
Weight decay: 0.0001
Epoch | Train                 | Development           | Minutes
      | Loss     | Error Rate | Loss     | Error Rate |
---------------------------------------------------------------
    1 |   1.8753 |     52.174 |   1.3833 |     46.142 |     0.0
    2 |   1.3913 |     46.224 |   1.3342 |     44.967 |     0.1
    3 |   1.3359 |     45.734 |   1.2989 |     44.816 |     0.2
    4 |   1.2997 |     45.156 |   1.2785 |     44.937 |     0.2
    5 |   1.2722 |     44.775 |   1.2620 |     45.087 |     0.3
    6 |   1.2491 |     44.470 |   1.2256 |     43.038 |     0.3
    7 |   1.2295 |     43.429 |   1.2202 |     43.520 |     0.4
    8 |   1.2176 |     43.260 |   1.1943 |     42.285 |     0.4
    9 |   1.2033 |     42.961 |   1.1844 |     42.917 |     0.5
   10 |   1.1880 |     42.007 |   1.1707 |     41.682 |     0.5
   11 |   1.1846 |     42.389 |   1.1668 |     41.320 |     0.6
   12 |   1.1692 |     41.582 |   1.1651 |     42.074 |     0.6
   13 |   1.1626 |     41.125 |   1.1496 |     41.591 |     0.7
   14 |   1.1528 |     41.135 |   1.1503 |     41.772 |     0.7
   15 |   1.1429 |     40.819 |   1.1451 |     41.983 |     0.8
   16 |   1.1317 |     40.269 |   1.1308 |     40.175 |     0.9
   17 |   1.1271 |     40.509 |   1.1291 |     40.567 |     0.9
   18 |   1.1191 |     40.106 |   1.1159 |     41.019 |     1.0
   19 |   1.1149 |     39.784 |   1.1161 |     40.597 |     1.0
   20 |   1.1067 |     39.158 |   1.1303 |     40.838 |     1.1
   21 |   1.0957 |     39.185 |   1.1087 |     40.778 |     1.1
   22 |   1.0917 |     39.452 |   1.1127 |     39.934 |     1.2
   23 |   1.0860 |     38.945 |   1.1099 |     41.019 |     1.2
   24 |   1.0768 |     38.395 |   1.1059 |     39.964 |     1.3
   25 |   1.0647 |     38.150 |   1.1342 |     40.235 |     1.3
   26 |   1.0585 |     37.888 |   1.1261 |     39.632 |     1.4
   27 |   1.0547 |     37.708 |   1.0915 |     39.693 |     1.4
   28 |   1.0441 |     37.125 |   1.0860 |     39.120 |     1.5
   29 |   1.0333 |     37.125 |   1.0853 |     38.517 |     1.5
   30 |   1.0336 |     36.858 |   1.0871 |     39.331 |     1.6
   31 |   1.0204 |     36.428 |   1.0864 |     38.306 |     1.7
   32 |   1.0191 |     36.314 |   1.0828 |     38.608 |     1.7
   33 |   1.0109 |     35.998 |   1.0906 |     38.216 |     1.8
   34 |   1.0058 |     35.780 |   1.0779 |     38.577 |     1.8
   35 |   0.9983 |     35.491 |   1.0787 |     37.854 |     1.9
   36 |   0.9903 |     35.616 |   1.0737 |     37.854 |     1.9
   37 |   0.9850 |     35.110 |   1.0706 |     37.824 |     2.0
   38 |   0.9865 |     35.120 |   1.0797 |     38.005 |     2.0
   39 |   0.9812 |     34.946 |   1.0789 |     38.095 |     2.1
   40 |   0.9763 |     34.766 |   1.0789 |     37.734 |     2.1
   41 |   0.9684 |     34.134 |   1.0811 |     36.799 |     2.2
   42 |   0.9616 |     33.905 |   1.0681 |     38.186 |     2.2
   43 |   0.9589 |     34.570 |   1.0762 |     37.824 |     2.3
   44 |   0.9557 |     34.167 |   1.0946 |     37.764 |     2.3
   45 |   0.9470 |     33.720 |   1.0825 |     37.101 |     2.4
   46 |   0.9396 |     33.301 |   1.0842 |     37.312 |     2.5
   47 |   0.9357 |     33.371 |   1.0424 |     36.618 |     2.5
   48 |   0.9301 |     33.164 |   1.0857 |     37.372 |     2.6
   49 |   0.9300 |     32.930 |   1.1114 |     38.788 |     2.6
   50 |   0.9263 |     33.034 |   1.0855 |     37.131 |     2.7
   51 |   0.9122 |     32.489 |   1.0580 |     36.347 |     2.7
Early stopping

Model: Seq2Seq Transformer
Source index: <Seq2Seq Index with 45 items>
Target index: <Seq2Seq Index with 34 items>
Max sequence length: 800
Embedding dimension: 128
Feedforward dimension: 128
Encoder layers: 4
Decoder layers: 4
Attention heads: 4
Activation: relu
Dropout: 0.2
Trainable parameters: 1,179,298

Training started
X_train.shape: torch.Size([3059, 350])
Y_train.shape: torch.Size([3059, 7])
X_dev.shape: torch.Size([553, 649])
Y_dev.shape: torch.Size([553, 7])
Epochs: 500
Learning rate: 0.001
Weight decay: 0.0001
Epoch | Train                 | Development           | Minutes
      | Loss     | Error Rate | Loss     | Error Rate |
---------------------------------------------------------------
    1 |   1.6877 |     50.861 |   1.3591 |     45.600 |     0.1
    2 |   1.3662 |     46.295 |   1.2923 |     44.394 |     0.2
    3 |   1.3172 |     45.527 |   1.2629 |     44.786 |     0.3
    4 |   1.2809 |     45.135 |   1.2647 |     44.364 |     0.4
    5 |   1.2515 |     44.590 |   1.2067 |     44.093 |     0.5
    6 |   1.2273 |     43.718 |   1.2052 |     44.213 |     0.6
    7 |   1.2108 |     43.718 |   1.1923 |     42.978 |     0.7
    8 |   1.1952 |     42.928 |   1.1780 |     42.254 |     0.7
    9 |   1.1878 |     42.765 |   1.1779 |     43.128 |     0.8
   10 |   1.1692 |     42.329 |   1.1616 |     43.339 |     0.9
   11 |   1.1641 |     42.192 |   1.1679 |     42.887 |     1.0
   12 |   1.1593 |     42.160 |   1.1645 |     42.224 |     1.1
   13 |   1.1545 |     42.563 |   1.1363 |     42.043 |     1.2
   14 |   1.1440 |     42.062 |   1.1496 |     43.309 |     1.3
   15 |   1.1378 |     41.588 |   1.1529 |     43.430 |     1.4
   16 |   1.1310 |     41.822 |   1.1330 |     42.043 |     1.5
   17 |   1.1266 |     41.571 |   1.1249 |     41.320 |     1.6
   18 |   1.1203 |     41.304 |   1.1314 |     41.983 |     1.7
   19 |   1.1222 |     41.577 |   1.1365 |     41.893 |     1.8
   20 |   1.1148 |     41.500 |   1.1197 |     41.561 |     1.9
   21 |   1.1103 |     40.923 |   1.1156 |     41.983 |     2.0
   22 |   1.0974 |     40.329 |   1.1218 |     41.320 |     2.1
   23 |   1.0886 |     40.291 |   1.1081 |     40.687 |     2.2
   24 |   1.0773 |     39.294 |   1.0876 |     39.602 |     2.3
   25 |   1.0718 |     39.081 |   1.1155 |     41.802 |     2.4
   26 |   1.0629 |     39.065 |   1.1089 |     41.471 |     2.5
   27 |   1.0567 |     38.869 |   1.1067 |     41.983 |     2.6
   28 |   1.0517 |     38.542 |   1.1168 |     41.200 |     2.7
Early stopping

Model: Seq2Seq Transformer
Source index: <Seq2Seq Index with 45 items>
Target index: <Seq2Seq Index with 34 items>
Max sequence length: 800
Embedding dimension: 64
Feedforward dimension: 256
Encoder layers: 2
Decoder layers: 4
Attention heads: 4
Activation: relu
Dropout: 0.1
Trainable parameters: 425,698

Training started
X_train.shape: torch.Size([3059, 350])
Y_train.shape: torch.Size([3059, 7])
X_dev.shape: torch.Size([553, 649])
Y_dev.shape: torch.Size([553, 7])
Epochs: 500
Learning rate: 0.0001
Weight decay: 1e-05
Epoch | Train                 | Development           | Minutes
      | Loss     | Error Rate | Loss     | Error Rate |
---------------------------------------------------------------
    1 |   2.5493 |     62.727 |   1.7734 |     46.293 |     0.1
    2 |   1.7087 |     46.317 |   1.5358 |     45.901 |     0.1
    3 |   1.5510 |     46.061 |   1.4642 |     45.690 |     0.2
    4 |   1.4771 |     45.636 |   1.4127 |     45.329 |     0.2
    5 |   1.4280 |     45.336 |   1.3795 |     44.756 |     0.3
    6 |   1.3868 |     44.655 |   1.3571 |     44.515 |     0.4
    7 |   1.3512 |     44.121 |   1.3237 |     43.460 |     0.4
    8 |   1.3217 |     43.473 |   1.2991 |     43.038 |     0.5
    9 |   1.2949 |     43.053 |   1.2800 |     43.400 |     0.6
   10 |   1.2750 |     42.454 |   1.2617 |     42.435 |     0.6
   11 |   1.2530 |     42.127 |   1.2556 |     43.249 |     0.7
   12 |   1.2356 |     41.315 |   1.2457 |     43.159 |     0.7
   13 |   1.2253 |     41.342 |   1.2372 |     42.978 |     0.8
   14 |   1.2065 |     40.798 |   1.2091 |     41.802 |     0.9
   15 |   1.1912 |     40.405 |   1.2044 |     41.260 |     0.9
   16 |   1.1801 |     40.269 |   1.1928 |     41.471 |     1.0
   17 |   1.1665 |     39.653 |   1.1906 |     41.531 |     1.0
   18 |   1.1518 |     39.310 |   1.1784 |     40.265 |     1.1
   19 |   1.1409 |     38.744 |   1.1590 |     40.687 |     1.2
   20 |   1.1312 |     38.798 |   1.1579 |     39.602 |     1.2
   21 |   1.1208 |     38.030 |   1.1500 |     40.356 |     1.3
   22 |   1.1126 |     37.676 |   1.1421 |     40.175 |     1.4
   23 |   1.1067 |     37.654 |   1.1362 |     39.482 |     1.4
   24 |   1.0949 |     37.174 |   1.1243 |     39.150 |     1.5
   25 |   1.0840 |     36.989 |   1.1211 |     38.547 |     1.5
   26 |   1.0783 |     36.673 |   1.1149 |     38.758 |     1.6
   27 |   1.0650 |     36.085 |   1.1147 |     38.608 |     1.7
   28 |   1.0592 |     36.210 |   1.1088 |     38.427 |     1.7
   29 |   1.0507 |     36.025 |   1.0974 |     38.186 |     1.8
   30 |   1.0436 |     35.692 |   1.1112 |     38.547 |     1.8
   31 |   1.0381 |     35.289 |   1.0888 |     38.156 |     1.9
   32 |   1.0266 |     34.559 |   1.0818 |     37.884 |     2.0
   33 |   1.0224 |     34.690 |   1.0826 |     37.372 |     2.0
   34 |   1.0137 |     34.428 |   1.0769 |     37.673 |     2.1
   35 |   1.0057 |     33.813 |   1.0687 |     36.709 |     2.2
   36 |   0.9986 |     33.709 |   1.0681 |     37.251 |     2.2
   37 |   0.9919 |     33.698 |   1.0698 |     36.890 |     2.3
   38 |   0.9845 |     33.497 |   1.0696 |     37.071 |     2.3
   39 |   0.9748 |     33.382 |   1.0616 |     36.920 |     2.4
   40 |   0.9721 |     32.870 |   1.0563 |     36.829 |     2.5
   41 |   0.9664 |     32.783 |   1.0649 |     36.468 |     2.5
   42 |   0.9574 |     32.402 |   1.0546 |     36.046 |     2.6
   43 |   0.9479 |     32.265 |   1.0600 |     36.136 |     2.6
   44 |   0.9427 |     31.890 |   1.0532 |     35.865 |     2.7
   45 |   0.9398 |     32.053 |   1.0522 |     35.805 |     2.8
   46 |   0.9317 |     31.672 |   1.0501 |     35.443 |     2.8
   47 |   0.9272 |     31.486 |   1.0385 |     35.383 |     2.9
   48 |   0.9225 |     31.475 |   1.0384 |     35.262 |     2.9
   49 |   0.9183 |     31.470 |   1.0216 |     34.659 |     3.0
   50 |   0.9076 |     30.631 |   1.0461 |     35.443 |     3.1
   51 |   0.9014 |     30.642 |   1.0388 |     35.081 |     3.1
   52 |   0.8985 |     30.664 |   1.0398 |     34.569 |     3.2
   53 |   0.8921 |     30.320 |   1.0430 |     35.533 |     3.3
Early stopping

Model: Seq2Seq Transformer
Source index: <Seq2Seq Index with 45 items>
Target index: <Seq2Seq Index with 34 items>
Max sequence length: 800
Embedding dimension: 64
Feedforward dimension: 64
Encoder layers: 4
Decoder layers: 2
Attention heads: 4
Activation: relu
Dropout: 0.2
Trainable parameters: 243,554

Training started
X_train.shape: torch.Size([3059, 350])
Y_train.shape: torch.Size([3059, 7])
X_dev.shape: torch.Size([553, 649])
Y_dev.shape: torch.Size([553, 7])
Epochs: 500
Learning rate: 0.0001
Weight decay: 1e-05
Epoch | Train                 | Development           | Minutes
      | Loss     | Error Rate | Loss     | Error Rate |
---------------------------------------------------------------
    1 |   2.8713 |     69.979 |   2.3028 |     55.425 |     0.1
    2 |   2.2067 |     52.397 |   1.8052 |     45.901 |     0.1
    3 |   1.8244 |     47.042 |   1.6044 |     45.570 |     0.2
    4 |   1.6487 |     46.437 |   1.5110 |     45.570 |     0.3
    5 |   1.5536 |     46.148 |   1.4696 |     45.570 |     0.3
    6 |   1.5024 |     46.202 |   1.4227 |     45.449 |     0.4
    7 |   1.4612 |     45.935 |   1.4029 |     45.690 |     0.5
    8 |   1.4330 |     45.723 |   1.4033 |     45.630 |     0.5
    9 |   1.4067 |     45.669 |   1.3704 |     45.118 |     0.6
   10 |   1.3907 |     45.456 |   1.3744 |     45.178 |     0.7
   11 |   1.3710 |     44.911 |   1.3557 |     44.937 |     0.7
   12 |   1.3506 |     44.650 |   1.3410 |     45.057 |     0.8
   13 |   1.3401 |     44.437 |   1.3261 |     44.213 |     0.9
   14 |   1.3300 |     44.083 |   1.3436 |     44.424 |     0.9
   15 |   1.3136 |     43.707 |   1.3162 |     44.063 |     1.0
   16 |   1.3023 |     43.729 |   1.3212 |     44.002 |     1.1
   17 |   1.2940 |     43.228 |   1.3193 |     44.033 |     1.1
   18 |   1.2815 |     42.775 |   1.2934 |     43.189 |     1.2
   19 |   1.2741 |     42.656 |   1.2933 |     43.912 |     1.3
   20 |   1.2609 |     42.525 |   1.2834 |     43.219 |     1.3
   21 |   1.2559 |     42.329 |   1.2733 |     42.978 |     1.4
   22 |   1.2445 |     41.648 |   1.2791 |     43.339 |     1.5
   23 |   1.2390 |     41.724 |   1.2725 |     43.038 |     1.5
   24 |   1.2269 |     41.446 |   1.2483 |     42.646 |     1.6
   25 |   1.2213 |     41.332 |   1.2306 |     41.953 |     1.7
   26 |   1.2129 |     41.239 |   1.2265 |     41.863 |     1.7
   27 |   1.2031 |     40.749 |   1.2216 |     41.380 |     1.8
   28 |   1.2035 |     40.618 |   1.2188 |     41.290 |     1.9
   29 |   1.1912 |     40.335 |   1.2278 |     41.772 |     1.9
   30 |   1.1849 |     40.155 |   1.2106 |     40.627 |     2.0
   31 |   1.1796 |     39.828 |   1.2234 |     41.290 |     2.1
   32 |   1.1703 |     39.599 |   1.2016 |     41.290 |     2.2
   33 |   1.1719 |     39.446 |   1.2010 |     40.808 |     2.2
   34 |   1.1643 |     39.234 |   1.2035 |     41.049 |     2.3
   35 |   1.1580 |     38.978 |   1.1937 |     40.567 |     2.4
   36 |   1.1527 |     38.847 |   1.2002 |     41.079 |     2.4
   37 |   1.1472 |     39.043 |   1.1848 |     40.356 |     2.5
   38 |   1.1376 |     38.547 |   1.1869 |     40.808 |     2.6
   39 |   1.1370 |     38.460 |   1.1833 |     40.115 |     2.6
   40 |   1.1291 |     38.493 |   1.1765 |     40.295 |     2.7
   41 |   1.1176 |     37.866 |   1.1866 |     40.175 |     2.8
   42 |   1.1185 |     37.970 |   1.1866 |     40.145 |     2.8
   43 |   1.1127 |     37.578 |   1.1691 |     39.451 |     2.9
   44 |   1.1090 |     37.512 |   1.1739 |     40.054 |     3.0
   45 |   1.1019 |     37.779 |   1.1787 |     40.476 |     3.0
   46 |   1.0974 |     37.599 |   1.1703 |     39.512 |     3.1
   47 |   1.0911 |     37.131 |   1.1710 |     40.084 |     3.2
Early stopping

Model: Seq2Seq Transformer
Source index: <Seq2Seq Index with 45 items>
Target index: <Seq2Seq Index with 34 items>
Max sequence length: 800
Embedding dimension: 128
Feedforward dimension: 128
Encoder layers: 4
Decoder layers: 3
Attention heads: 2
Activation: relu
Dropout: 0.1
Trainable parameters: 1,013,410

Training started
X_train.shape: torch.Size([3059, 350])
Y_train.shape: torch.Size([3059, 7])
X_dev.shape: torch.Size([553, 649])
Y_dev.shape: torch.Size([553, 7])
Epochs: 500
Learning rate: 0.0001
Weight decay: 0.0001
Epoch | Train                 | Development           | Minutes
      | Loss     | Error Rate | Loss     | Error Rate |
---------------------------------------------------------------
    1 |   2.1484 |     54.424 |   1.5424 |     45.509 |     0.1
    2 |   1.5318 |     46.110 |   1.3981 |     45.570 |     0.1
    3 |   1.4125 |     45.467 |   1.3387 |     44.816 |     0.2
    4 |   1.3493 |     44.290 |   1.3007 |     43.430 |     0.3
    5 |   1.3044 |     43.233 |   1.2712 |     43.580 |     0.4
    6 |   1.2682 |     42.481 |   1.2372 |     42.676 |     0.4
    7 |   1.2347 |     41.310 |   1.2304 |     42.194 |     0.5
    8 |   1.2094 |     40.754 |   1.2030 |     42.254 |     0.6
    9 |   1.1854 |     39.828 |   1.1835 |     40.536 |     0.7
   10 |   1.1653 |     39.000 |   1.1690 |     40.778 |     0.8
   11 |   1.1395 |     38.602 |   1.1504 |     39.904 |     0.8
   12 |   1.1239 |     38.286 |   1.1556 |     40.024 |     0.9
   13 |   1.1042 |     37.207 |   1.1392 |     39.241 |     1.0
   14 |   1.0869 |     36.728 |   1.1308 |     38.969 |     1.1
   15 |   1.0667 |     35.812 |   1.1124 |     38.156 |     1.1
   16 |   1.0532 |     35.442 |   1.1011 |     38.065 |     1.2
   17 |   1.0365 |     35.148 |   1.0997 |     37.161 |     1.3
   18 |   1.0178 |     34.456 |   1.0978 |     37.492 |     1.4
   19 |   0.9994 |     33.737 |   1.0971 |     37.010 |     1.4
   20 |   0.9838 |     33.442 |   1.0757 |     36.377 |     1.5
   21 |   0.9713 |     32.778 |   1.0648 |     35.955 |     1.6
   22 |   0.9586 |     32.374 |   1.0700 |     35.775 |     1.7
   23 |   0.9432 |     31.584 |   1.0659 |     35.383 |     1.7
   24 |   0.9295 |     31.405 |   1.0637 |     35.775 |     1.8
   25 |   0.9164 |     31.023 |   1.0508 |     34.901 |     1.9
   26 |   0.9066 |     30.658 |   1.0360 |     34.810 |     2.0
   27 |   0.8899 |     29.944 |   1.0530 |     34.810 |     2.1
   28 |   0.8754 |     29.808 |   1.0493 |     34.659 |     2.1
   29 |   0.8643 |     29.312 |   1.0624 |     35.172 |     2.2
   30 |   0.8533 |     28.817 |   1.0455 |     33.574 |     2.3
Early stopping

Model: Seq2Seq Transformer
Source index: <Seq2Seq Index with 45 items>
Target index: <Seq2Seq Index with 34 items>
Max sequence length: 800
Embedding dimension: 128
Feedforward dimension: 128
Encoder layers: 2
Decoder layers: 4
Attention heads: 2
Activation: relu
Dropout: 0.1
Trainable parameters: 980,130

Training started
X_train.shape: torch.Size([3059, 350])
Y_train.shape: torch.Size([3059, 7])
X_dev.shape: torch.Size([553, 649])
Y_dev.shape: torch.Size([553, 7])
Epochs: 500
Learning rate: 0.001
Weight decay: 1e-05
Epoch | Train                 | Development           | Minutes
      | Loss     | Error Rate | Loss     | Error Rate |
---------------------------------------------------------------
    1 |   1.6263 |     49.662 |   1.3049 |     44.244 |     0.1
    2 |   1.2817 |     43.244 |   1.2618 |     42.917 |     0.1
    3 |   1.2042 |     41.135 |   1.1901 |     40.657 |     0.2
    4 |   1.1411 |     39.207 |   1.1795 |     39.873 |     0.2
    5 |   1.0988 |     37.747 |   1.1489 |     39.602 |     0.3
    6 |   1.0526 |     36.395 |   1.1426 |     38.819 |     0.4
    7 |   1.0143 |     34.826 |   1.1166 |     37.583 |     0.4
    8 |   0.9798 |     34.031 |   1.1243 |     36.950 |     0.5
    9 |   0.9498 |     32.554 |   1.1081 |     37.191 |     0.5
   10 |   0.9254 |     31.742 |   1.1116 |     36.769 |     0.6
   11 |   0.8926 |     30.718 |   1.1287 |     36.618 |     0.7
   12 |   0.8577 |     29.792 |   1.1376 |     36.920 |     0.7
   13 |   0.8278 |     28.506 |   1.1741 |     36.829 |     0.8
Early stopping

Model: Seq2Seq Transformer
Source index: <Seq2Seq Index with 45 items>
Target index: <Seq2Seq Index with 34 items>
Max sequence length: 800
Embedding dimension: 64
Feedforward dimension: 128
Encoder layers: 4
Decoder layers: 4
Attention heads: 4
Activation: relu
Dropout: 0.2
Trainable parameters: 393,570

Training started
X_train.shape: torch.Size([3059, 350])
Y_train.shape: torch.Size([3059, 7])
X_dev.shape: torch.Size([553, 649])
Y_dev.shape: torch.Size([553, 7])
Epochs: 500
Learning rate: 0.0001
Weight decay: 1e-05
Epoch | Train                 | Development           | Minutes
      | Loss     | Error Rate | Loss     | Error Rate |
---------------------------------------------------------------
    1 |   2.7655 |     68.666 |   2.1140 |     49.488 |     0.1
    2 |   2.0572 |     49.973 |   1.6799 |     46.263 |     0.2
    3 |   1.7341 |     47.063 |   1.5353 |     45.871 |     0.2
    4 |   1.5941 |     46.344 |   1.4717 |     45.871 |     0.3
    5 |   1.5271 |     46.197 |   1.4395 |     45.720 |     0.4
    6 |   1.4843 |     46.208 |   1.4056 |     45.118 |     0.5
    7 |   1.4438 |     45.979 |   1.3802 |     45.389 |     0.6
    8 |   1.4189 |     45.685 |   1.3656 |     45.087 |     0.7
    9 |   1.3997 |     45.434 |   1.3494 |     44.937 |     0.7
   10 |   1.3778 |     45.287 |   1.3315 |     44.304 |     0.8
   11 |   1.3587 |     44.851 |   1.3259 |     44.696 |     0.9
   12 |   1.3446 |     44.661 |   1.3077 |     44.033 |     1.0
   13 |   1.3285 |     44.138 |   1.2907 |     43.972 |     1.1
   14 |   1.3099 |     43.854 |   1.2984 |     43.972 |     1.2
   15 |   1.2986 |     43.440 |   1.2831 |     43.430 |     1.2
   16 |   1.2900 |     43.260 |   1.2821 |     43.159 |     1.3
   17 |   1.2808 |     42.846 |   1.2769 |     43.038 |     1.4
   18 |   1.2668 |     42.901 |   1.2515 |     42.345 |     1.5
   19 |   1.2572 |     42.111 |   1.2527 |     42.134 |     1.6
   20 |   1.2467 |     42.018 |   1.2501 |     42.375 |     1.7
   21 |   1.2369 |     41.985 |   1.2383 |     42.013 |     1.7
   22 |   1.2282 |     41.386 |   1.2378 |     41.832 |     1.8
   23 |   1.2177 |     41.135 |   1.2466 |     42.495 |     1.9
   24 |   1.2133 |     40.798 |   1.2173 |     41.350 |     2.0
   25 |   1.2023 |     40.427 |   1.2127 |     41.260 |     2.1
   26 |   1.1920 |     40.193 |   1.2014 |     40.567 |     2.2
   27 |   1.1910 |     40.127 |   1.1974 |     40.325 |     2.2
   28 |   1.1839 |     40.062 |   1.2010 |     40.325 |     2.3
   29 |   1.1775 |     39.942 |   1.1946 |     40.627 |     2.4
   30 |   1.1637 |     39.528 |   1.1799 |     39.873 |     2.5
   31 |   1.1630 |     39.517 |   1.1756 |     39.602 |     2.6
   32 |   1.1570 |     39.103 |   1.1828 |     39.964 |     2.7
   33 |   1.1462 |     39.109 |   1.1752 |     39.934 |     2.7
   34 |   1.1451 |     38.455 |   1.1779 |     39.482 |     2.8
   35 |   1.1388 |     38.324 |   1.1733 |     39.572 |     2.9
   36 |   1.1292 |     38.324 |   1.1727 |     39.753 |     3.0
   37 |   1.1216 |     38.101 |   1.1659 |     40.175 |     3.1
   38 |   1.1226 |     37.981 |   1.1535 |     39.391 |     3.2
   39 |   1.1145 |     37.801 |   1.1526 |     38.547 |     3.2
   40 |   1.1058 |     37.616 |   1.1474 |     38.517 |     3.3
   41 |   1.1072 |     37.681 |   1.1550 |     38.939 |     3.4
   42 |   1.0921 |     36.869 |   1.1598 |     38.397 |     3.5
   43 |   1.0883 |     37.087 |   1.1457 |     38.487 |     3.6
   44 |   1.0851 |     36.711 |   1.1425 |     38.728 |     3.7
   45 |   1.0789 |     36.461 |   1.1438 |     38.608 |     3.7
   46 |   1.0697 |     36.510 |   1.1355 |     37.884 |     3.8
   47 |   1.0638 |     36.161 |   1.1432 |     38.366 |     3.9
   48 |   1.0633 |     36.123 |   1.1356 |     38.065 |     4.0
   49 |   1.0587 |     36.210 |   1.1380 |     37.764 |     4.1
   50 |   1.0487 |     35.698 |   1.1470 |     38.276 |     4.2
Early stopping

Model: Seq2Seq Transformer
Source index: <Seq2Seq Index with 45 items>
Target index: <Seq2Seq Index with 34 items>
Max sequence length: 800
Embedding dimension: 64
Feedforward dimension: 256
Encoder layers: 4
Decoder layers: 4
Attention heads: 4
Activation: relu
Dropout: 0.2
Trainable parameters: 525,666

Training started
X_train.shape: torch.Size([3059, 350])
Y_train.shape: torch.Size([3059, 7])
X_dev.shape: torch.Size([553, 649])
Y_dev.shape: torch.Size([553, 7])
Epochs: 500
Learning rate: 0.0001
Weight decay: 1e-05
Epoch | Train                 | Development           | Minutes
      | Loss     | Error Rate | Loss     | Error Rate |
---------------------------------------------------------------
    1 |   2.6802 |     65.147 |   1.8856 |     46.293 |     0.1
    2 |   1.8733 |     46.529 |   1.6270 |     45.901 |     0.2
    3 |   1.6596 |     46.159 |   1.5187 |     45.570 |     0.3
    4 |   1.5626 |     45.859 |   1.4707 |     45.871 |     0.3
    5 |   1.5025 |     45.761 |   1.4234 |     45.811 |     0.4
    6 |   1.4560 |     45.794 |   1.3968 |     44.635 |     0.5
    7 |   1.4213 |     45.374 |   1.3659 |     44.635 |     0.6
    8 |   1.3895 |     44.813 |   1.3620 |     44.876 |     0.7
    9 |   1.3668 |     44.268 |   1.3460 |     44.545 |     0.8
   10 |   1.3433 |     43.729 |   1.3192 |     44.123 |     0.9
   11 |   1.3288 |     43.467 |   1.3161 |     44.002 |     0.9
   12 |   1.3091 |     42.961 |   1.2977 |     43.309 |     1.0
   13 |   1.2985 |     42.743 |   1.2924 |     43.972 |     1.1
   14 |   1.2813 |     42.416 |   1.2812 |     43.761 |     1.2
   15 |   1.2683 |     42.013 |   1.2733 |     43.068 |     1.3
   16 |   1.2522 |     41.495 |   1.2622 |     42.676 |     1.4
   17 |   1.2387 |     41.250 |   1.2407 |     41.802 |     1.5
   18 |   1.2265 |     40.749 |   1.2481 |     42.074 |     1.5
   19 |   1.2175 |     40.961 |   1.2411 |     42.043 |     1.6
   20 |   1.2022 |     40.231 |   1.2276 |     41.410 |     1.7
   21 |   1.1913 |     39.931 |   1.2193 |     42.405 |     1.8
   22 |   1.1792 |     39.463 |   1.2096 |     41.471 |     1.9
   23 |   1.1738 |     39.414 |   1.2065 |     40.808 |     2.0
   24 |   1.1599 |     38.853 |   1.1926 |     40.597 |     2.1
   25 |   1.1543 |     38.515 |   1.2081 |     40.657 |     2.1
   26 |   1.1450 |     38.520 |   1.1885 |     40.265 |     2.2
   27 |   1.1376 |     38.008 |   1.1949 |     40.808 |     2.3
   28 |   1.1222 |     37.654 |   1.1880 |     40.295 |     2.4
   29 |   1.1188 |     37.768 |   1.1722 |     39.632 |     2.5
   30 |   1.1111 |     37.044 |   1.1809 |     40.084 |     2.6
   31 |   1.1018 |     37.120 |   1.1677 |     39.512 |     2.7
   32 |   1.0901 |     36.635 |   1.1566 |     39.301 |     2.7
   33 |   1.0875 |     36.989 |   1.1443 |     38.577 |     2.8
   34 |   1.0765 |     35.998 |   1.1617 |     38.638 |     2.9
   35 |   1.0710 |     36.112 |   1.1474 |     38.758 |     3.0
   36 |   1.0635 |     35.970 |   1.1644 |     38.728 |     3.1
   37 |   1.0595 |     36.085 |   1.1544 |     38.517 |     3.2
Early stopping

Model: Seq2Seq Transformer
Source index: <Seq2Seq Index with 45 items>
Target index: <Seq2Seq Index with 34 items>
Max sequence length: 800
Embedding dimension: 128
Feedforward dimension: 256
Encoder layers: 4
Decoder layers: 2
Attention heads: 2
Activation: relu
Dropout: 0.0
Trainable parameters: 1,044,898

Training started
X_train.shape: torch.Size([3059, 350])
Y_train.shape: torch.Size([3059, 7])
X_dev.shape: torch.Size([553, 649])
Y_dev.shape: torch.Size([553, 7])
Epochs: 500
Learning rate: 0.0001
Weight decay: 1e-05
Epoch | Train                 | Development           | Minutes
      | Loss     | Error Rate | Loss     | Error Rate |
---------------------------------------------------------------
    1 |   2.0361 |     52.844 |   1.5217 |     45.871 |     0.1
    2 |   1.4355 |     45.222 |   1.3926 |     45.087 |     0.1
    3 |   1.3340 |     43.326 |   1.3304 |     43.701 |     0.2
    4 |   1.2725 |     41.495 |   1.2975 |     43.520 |     0.3
    5 |   1.2252 |     40.307 |   1.2481 |     41.983 |     0.3
    6 |   1.1797 |     39.239 |   1.2122 |     41.591 |     0.4
    7 |   1.1379 |     37.768 |   1.1751 |     40.627 |     0.5
    8 |   1.1022 |     36.690 |   1.1626 |     39.873 |     0.5
    9 |   1.0607 |     35.175 |   1.1254 |     38.095 |     0.6
   10 |   1.0237 |     33.867 |   1.1437 |     39.180 |     0.7
   11 |   0.9911 |     32.936 |   1.1203 |     37.734 |     0.8
   12 |   0.9506 |     31.546 |   1.1292 |     37.794 |     0.8
   13 |   0.9233 |     30.642 |   1.1025 |     37.010 |     0.9
   14 |   0.8893 |     29.432 |   1.0925 |     36.227 |     1.0
   15 |   0.8494 |     28.065 |   1.0954 |     36.679 |     1.0
   16 |   0.8209 |     27.089 |   1.0928 |     35.986 |     1.1
   17 |   0.7830 |     25.733 |   1.0737 |     34.599 |     1.2
   18 |   0.7541 |     24.850 |   1.1051 |     35.775 |     1.2
   19 |   0.7185 |     23.461 |   1.0913 |     35.865 |     1.3
   20 |   0.6897 |     22.262 |   1.0993 |     34.870 |     1.4
   21 |   0.6549 |     21.238 |   1.1009 |     34.569 |     1.4
Early stopping

Model: Seq2Seq Transformer
Source index: <Seq2Seq Index with 45 items>
Target index: <Seq2Seq Index with 34 items>
Max sequence length: 800
Embedding dimension: 128
Feedforward dimension: 64
Encoder layers: 2
Decoder layers: 4
Attention heads: 4
Activation: relu
Dropout: 0.2
Trainable parameters: 881,442

Training started
X_train.shape: torch.Size([3059, 350])
Y_train.shape: torch.Size([3059, 7])
X_dev.shape: torch.Size([553, 649])
Y_dev.shape: torch.Size([553, 7])
Epochs: 500
Learning rate: 0.0001
Weight decay: 0.0001
Epoch | Train                 | Development           | Minutes
      | Loss     | Error Rate | Loss     | Error Rate |
---------------------------------------------------------------
    1 |   2.4815 |     60.287 |   1.7081 |     45.570 |     0.1
    2 |   1.6927 |     46.617 |   1.4779 |     45.630 |     0.1
    3 |   1.5104 |     46.306 |   1.4041 |     45.359 |     0.2
    4 |   1.4398 |     46.055 |   1.3735 |     45.389 |     0.3
    5 |   1.3941 |     45.718 |   1.3395 |     44.846 |     0.3
    6 |   1.3606 |     44.835 |   1.3300 |     45.238 |     0.4
    7 |   1.3322 |     44.067 |   1.2966 |     44.183 |     0.5
    8 |   1.3031 |     43.702 |   1.2823 |     43.671 |     0.5
    9 |   1.2817 |     43.228 |   1.2628 |     43.309 |     0.6
   10 |   1.2534 |     42.171 |   1.2380 |     42.526 |     0.7
   11 |   1.2351 |     41.539 |   1.2251 |     42.254 |     0.7
   12 |   1.2191 |     40.890 |   1.2071 |     42.074 |     0.8
   13 |   1.1988 |     40.111 |   1.2066 |     41.561 |     0.9
   14 |   1.1886 |     40.117 |   1.1894 |     41.561 |     0.9
   15 |   1.1702 |     39.664 |   1.1913 |     41.441 |     1.0
   16 |   1.1588 |     39.163 |   1.1889 |     41.380 |     1.0
   17 |   1.1435 |     38.912 |   1.1634 |     40.476 |     1.1
   18 |   1.1330 |     38.787 |   1.1472 |     40.265 |     1.2
   19 |   1.1234 |     38.351 |   1.1506 |     39.873 |     1.2
   20 |   1.1056 |     37.431 |   1.1432 |     39.632 |     1.3
   21 |   1.0940 |     37.469 |   1.1424 |     39.693 |     1.4
   22 |   1.0831 |     37.115 |   1.1494 |     40.054 |     1.4
   23 |   1.0719 |     36.722 |   1.1371 |     39.843 |     1.5
   24 |   1.0648 |     36.357 |   1.1373 |     39.542 |     1.6
   25 |   1.0499 |     36.281 |   1.1258 |     38.487 |     1.6
   26 |   1.0408 |     35.861 |   1.1211 |     38.608 |     1.7
   27 |   1.0290 |     35.208 |   1.1276 |     39.030 |     1.8
   28 |   1.0209 |     35.006 |   1.1198 |     37.462 |     1.8
   29 |   1.0130 |     34.695 |   1.1220 |     38.065 |     1.9
   30 |   0.9978 |     34.140 |   1.1214 |     37.975 |     2.0
   31 |   0.9870 |     33.720 |   1.1271 |     37.824 |     2.0
   32 |   0.9805 |     33.557 |   1.1153 |     37.703 |     2.1
   33 |   0.9709 |     33.034 |   1.1207 |     37.161 |     2.2
   34 |   0.9613 |     32.745 |   1.1136 |     37.101 |     2.2
   35 |   0.9463 |     32.298 |   1.1250 |     37.643 |     2.3
   36 |   0.9422 |     31.851 |   1.1144 |     36.799 |     2.4
   37 |   0.9329 |     32.075 |   1.1288 |     37.613 |     2.4
   38 |   0.9229 |     31.497 |   1.1243 |     37.854 |     2.5
Early stopping

