Model: Seq2Seq Transformer
Source index: <Seq2Seq Index with 43 items>
Target index: <Seq2Seq Index with 34 items>
Max sequence length: 800
Embedding dimension: 128
Feedforward dimension: 64
Encoder layers: 2
Decoder layers: 3
Attention heads: 2
Activation: relu
Dropout: 0.0
Trainable parameters: 731,746

Training started
X_train.shape: torch.Size([3085, 702])
Y_train.shape: torch.Size([3085, 7])
X_dev.shape: torch.Size([537, 649])
Y_dev.shape: torch.Size([537, 7])
Epochs: 500
Learning rate: 0.001
Weight decay: 0.0001
Epoch | Train                 | Development           | Minutes
      | Loss     | Error Rate | Loss     | Error Rate |
---------------------------------------------------------------
    1 |   1.5364 |     47.861 |   1.3157 |     44.848 |     0.1
    2 |   1.2328 |     42.566 |   1.2033 |     41.341 |     0.2
    3 |   1.1610 |     40.724 |   1.1615 |     40.658 |     0.2
    4 |   1.0996 |     38.574 |   1.1164 |     39.354 |     0.3
    5 |   1.0508 |     37.142 |   1.1182 |     39.882 |     0.4
    6 |   1.0053 |     35.267 |   1.0485 |     35.754 |     0.5
    7 |   0.9456 |     32.809 |   1.1013 |     36.716 |     0.6
    8 |   0.9103 |     31.777 |   1.0052 |     34.295 |     0.7
    9 |   0.8690 |     30.405 |   0.9988 |     32.309 |     0.8
   10 |   0.8323 |     29.363 |   1.0092 |     33.178 |     0.8
   11 |   0.7861 |     27.272 |   1.0016 |     33.054 |     0.9
   12 |   0.7517 |     25.970 |   1.0185 |     33.551 |     1.0
   13 |   0.7200 |     24.895 |   1.0246 |     33.768 |     1.1
Early stopping

Model: Seq2Seq Transformer
Source index: <Seq2Seq Index with 43 items>
Target index: <Seq2Seq Index with 34 items>
Max sequence length: 800
Embedding dimension: 128
Feedforward dimension: 64
Encoder layers: 4
Decoder layers: 2
Attention heads: 2
Activation: relu
Dropout: 0.1
Trainable parameters: 748,578

Training started
X_train.shape: torch.Size([3085, 702])
Y_train.shape: torch.Size([3085, 7])
X_dev.shape: torch.Size([537, 649])
Y_dev.shape: torch.Size([537, 7])
Epochs: 500
Learning rate: 0.001
Weight decay: 1e-05
Epoch | Train                 | Development           | Minutes
      | Loss     | Error Rate | Loss     | Error Rate |
---------------------------------------------------------------
    1 |   1.5962 |     48.703 |   1.3787 |     46.803 |     0.1
    2 |   1.3286 |     45.954 |   1.2617 |     45.034 |     0.3
    3 |   1.2608 |     44.706 |   1.2269 |     43.234 |     0.4
    4 |   1.2233 |     43.566 |   1.1839 |     42.737 |     0.5
    5 |   1.1867 |     42.242 |   1.1673 |     40.565 |     0.7
    6 |   1.1599 |     41.367 |   1.1572 |     40.441 |     0.8
    7 |   1.1427 |     41.140 |   1.1732 |     42.427 |     0.9
    8 |   1.1354 |     40.805 |   1.1296 |     40.037 |     1.1
    9 |   1.1223 |     40.167 |   1.1118 |     39.168 |     1.2
   10 |   1.1090 |     39.876 |   1.1178 |     40.223 |     1.4
   11 |   1.0988 |     39.692 |   1.1100 |     39.510 |     1.5
   12 |   1.0795 |     39.060 |   1.0810 |     39.044 |     1.6
   13 |   1.0786 |     38.925 |   1.0909 |     38.889 |     1.8
   14 |   1.0821 |     39.200 |   1.0805 |     38.113 |     1.9
   15 |   1.0716 |     38.612 |   1.0922 |     38.144 |     2.0
   16 |   1.0619 |     38.757 |   1.1069 |     40.937 |     2.2
   17 |   1.0568 |     38.320 |   1.0667 |     37.492 |     2.3
   18 |   1.0588 |     38.520 |   1.0869 |     38.516 |     2.4
   19 |   1.0566 |     38.185 |   1.0912 |     38.765 |     2.6
   20 |   1.0496 |     38.120 |   1.0734 |     38.827 |     2.7
   21 |   1.0554 |     38.412 |   1.0625 |     38.361 |     2.9
   22 |   1.0408 |     37.947 |   1.0746 |     37.896 |     3.0
   23 |   1.0424 |     38.260 |   1.0703 |     37.368 |     3.1
   24 |   1.0542 |     38.563 |   1.0972 |     40.410 |     3.3
   25 |   1.0497 |     38.422 |   1.0872 |     38.889 |     3.4
Early stopping

Model: Seq2Seq Transformer
Source index: <Seq2Seq Index with 43 items>
Target index: <Seq2Seq Index with 34 items>
Max sequence length: 800
Embedding dimension: 64
Feedforward dimension: 64
Encoder layers: 2
Decoder layers: 3
Attention heads: 4
Activation: relu
Dropout: 0.2
Trainable parameters: 234,978

Training started
X_train.shape: torch.Size([3085, 702])
Y_train.shape: torch.Size([3085, 7])
X_dev.shape: torch.Size([537, 649])
Y_dev.shape: torch.Size([537, 7])
Epochs: 500
Learning rate: 0.0001
Weight decay: 1e-05
Epoch | Train                 | Development           | Minutes
      | Loss     | Error Rate | Loss     | Error Rate |
---------------------------------------------------------------
    1 |   2.9731 |     76.975 |   2.4266 |     55.245 |     0.1
    2 |   2.2881 |     52.410 |   1.8095 |     47.114 |     0.2
    3 |   1.8393 |     47.034 |   1.5952 |     46.027 |     0.3
    4 |   1.6518 |     46.267 |   1.5182 |     45.345 |     0.4
    5 |   1.5610 |     46.370 |   1.4718 |     46.027 |     0.5
    6 |   1.5087 |     46.337 |   1.4427 |     46.027 |     0.6
    7 |   1.4725 |     46.337 |   1.4233 |     45.779 |     0.7
    8 |   1.4473 |     46.148 |   1.4015 |     45.469 |     0.8
    9 |   1.4251 |     46.116 |   1.3867 |     45.220 |     0.8
   10 |   1.4062 |     46.191 |   1.3641 |     45.841 |     0.9
   11 |   1.3885 |     45.981 |   1.3379 |     45.593 |     1.0
   12 |   1.3688 |     45.786 |   1.3234 |     45.065 |     1.1
   13 |   1.3529 |     45.359 |   1.3082 |     45.407 |     1.2
   14 |   1.3324 |     45.024 |   1.2932 |     44.631 |     1.3
   15 |   1.3219 |     44.706 |   1.2784 |     43.731 |     1.4
   16 |   1.3148 |     44.479 |   1.2633 |     43.110 |     1.5
   17 |   1.2986 |     44.230 |   1.2546 |     42.955 |     1.6
   18 |   1.2892 |     43.906 |   1.2426 |     42.086 |     1.7
   19 |   1.2808 |     43.501 |   1.2313 |     41.620 |     1.8
   20 |   1.2696 |     43.128 |   1.2307 |     41.744 |     1.9
   21 |   1.2630 |     42.977 |   1.2225 |     41.744 |     2.0
   22 |   1.2549 |     42.534 |   1.2153 |     41.341 |     2.1
   23 |   1.2501 |     42.680 |   1.2036 |     41.279 |     2.2
   24 |   1.2381 |     42.518 |   1.1985 |     41.341 |     2.3
   25 |   1.2343 |     41.783 |   1.1882 |     40.192 |     2.4
   26 |   1.2291 |     42.231 |   1.1908 |     40.813 |     2.4
   27 |   1.2181 |     41.594 |   1.1816 |     40.782 |     2.5
   28 |   1.2125 |     41.696 |   1.1712 |     39.603 |     2.6
   29 |   1.2011 |     41.410 |   1.1737 |     39.944 |     2.7
   30 |   1.2012 |     41.162 |   1.1698 |     39.789 |     2.8
   31 |   1.1915 |     41.016 |   1.1582 |     39.292 |     2.9
   32 |   1.1847 |     40.918 |   1.1574 |     39.137 |     3.0
   33 |   1.1761 |     40.373 |   1.1509 |     38.579 |     3.1
   34 |   1.1746 |     40.286 |   1.1488 |     38.485 |     3.2
   35 |   1.1646 |     39.865 |   1.1431 |     38.610 |     3.3
   36 |   1.1590 |     39.914 |   1.1402 |     38.703 |     3.4
   37 |   1.1528 |     39.714 |   1.1356 |     38.206 |     3.5
   38 |   1.1519 |     39.951 |   1.1301 |     38.237 |     3.6
   39 |   1.1486 |     39.687 |   1.1239 |     37.865 |     3.7
   40 |   1.1390 |     39.298 |   1.1220 |     37.989 |     3.8
   41 |   1.1304 |     39.011 |   1.1170 |     37.306 |     3.9
   42 |   1.1307 |     38.806 |   1.1206 |     38.299 |     3.9
   43 |   1.1212 |     38.595 |   1.1079 |     37.089 |     4.0
   44 |   1.1160 |     38.104 |   1.1137 |     37.647 |     4.1
   45 |   1.1164 |     38.914 |   1.1082 |     37.678 |     4.2
   46 |   1.1102 |     38.390 |   1.1075 |     37.461 |     4.3
   47 |   1.1077 |     38.320 |   1.1045 |     37.399 |     4.4
   48 |   1.1003 |     38.239 |   1.1027 |     37.213 |     4.5
   49 |   1.0937 |     37.531 |   1.0984 |     36.747 |     4.6
   50 |   1.0880 |     37.693 |   1.0993 |     37.368 |     4.7
   51 |   1.0847 |     37.239 |   1.0934 |     37.027 |     4.8
   52 |   1.0774 |     37.039 |   1.0886 |     36.623 |     4.9
   53 |   1.0792 |     37.256 |   1.0920 |     36.716 |     5.0
   54 |   1.0704 |     36.969 |   1.0814 |     36.096 |     5.1
   55 |   1.0644 |     36.386 |   1.0874 |     36.313 |     5.2
   56 |   1.0637 |     36.699 |   1.0850 |     36.716 |     5.3
   57 |   1.0556 |     36.067 |   1.0847 |     36.530 |     5.4
   58 |   1.0530 |     35.808 |   1.0812 |     36.034 |     5.5
   59 |   1.0464 |     35.700 |   1.0839 |     36.623 |     5.5
   60 |   1.0427 |     35.932 |   1.0749 |     36.313 |     5.6
   61 |   1.0381 |     35.592 |   1.0818 |     36.468 |     5.7
   62 |   1.0368 |     35.667 |   1.0749 |     36.002 |     5.8
   63 |   1.0291 |     35.273 |   1.0740 |     36.189 |     5.9
   64 |   1.0282 |     35.413 |   1.0755 |     35.971 |     6.0
   65 |   1.0232 |     35.343 |   1.0747 |     36.002 |     6.1
   66 |   1.0188 |     35.240 |   1.0698 |     35.847 |     6.2
   67 |   1.0148 |     34.830 |   1.0730 |     35.816 |     6.3
   68 |   1.0077 |     34.543 |   1.0626 |     35.102 |     6.4
   69 |   1.0073 |     34.652 |   1.0717 |     35.320 |     6.5
   70 |   1.0038 |     34.722 |   1.0745 |     35.630 |     6.6
   71 |   1.0024 |     34.635 |   1.0647 |     35.227 |     6.7
   72 |   1.0048 |     34.673 |   1.0693 |     35.289 |     6.8
Early stopping

Model: Seq2Seq Transformer
Source index: <Seq2Seq Index with 43 items>
Target index: <Seq2Seq Index with 34 items>
Max sequence length: 800
Embedding dimension: 128
Feedforward dimension: 128
Encoder layers: 2
Decoder layers: 2
Attention heads: 4
Activation: relu
Dropout: 0.2
Trainable parameters: 648,098

Training started
X_train.shape: torch.Size([3085, 702])
Y_train.shape: torch.Size([3085, 7])
X_dev.shape: torch.Size([537, 649])
Y_dev.shape: torch.Size([537, 7])
Epochs: 500
Learning rate: 0.001
Weight decay: 0.0001
Epoch | Train                 | Development           | Minutes
      | Loss     | Error Rate | Loss     | Error Rate |
---------------------------------------------------------------
    1 |   1.5876 |     48.304 |   1.3316 |     44.755 |     0.1
    2 |   1.3022 |     44.576 |   1.2484 |     42.551 |     0.2
    3 |   1.2351 |     42.566 |   1.2021 |     40.751 |     0.3
    4 |   1.1851 |     41.118 |   1.1730 |     40.596 |     0.4
    5 |   1.1580 |     40.675 |   1.1523 |     40.286 |     0.5
    6 |   1.1176 |     39.098 |   1.1167 |     39.075 |     0.6
    7 |   1.0845 |     37.893 |   1.1008 |     38.454 |     0.7
    8 |   1.0532 |     36.937 |   1.0740 |     36.034 |     0.8
    9 |   1.0267 |     35.964 |   1.0659 |     35.940 |     0.9
   10 |   1.0027 |     35.240 |   1.0660 |     36.002 |     1.0
   11 |   0.9653 |     33.895 |   1.0903 |     36.623 |     1.1
   12 |   0.9486 |     33.177 |   1.0616 |     35.878 |     1.2
   13 |   0.9252 |     32.410 |   1.0993 |     37.182 |     1.3
   14 |   0.9008 |     31.653 |   1.0957 |     36.189 |     1.4
   15 |   0.8822 |     30.800 |   1.1071 |     35.258 |     1.5
   16 |   0.8637 |     30.335 |   1.0852 |     34.544 |     1.6
Early stopping

Model: Seq2Seq Transformer
Source index: <Seq2Seq Index with 43 items>
Target index: <Seq2Seq Index with 34 items>
Max sequence length: 800
Embedding dimension: 128
Feedforward dimension: 128
Encoder layers: 4
Decoder layers: 3
Attention heads: 4
Activation: relu
Dropout: 0.1
Trainable parameters: 1,013,154

Training started
X_train.shape: torch.Size([3085, 702])
Y_train.shape: torch.Size([3085, 7])
X_dev.shape: torch.Size([537, 649])
Y_dev.shape: torch.Size([537, 7])
Epochs: 500
Learning rate: 0.001
Weight decay: 1e-05
Epoch | Train                 | Development           | Minutes
      | Loss     | Error Rate | Loss     | Error Rate |
---------------------------------------------------------------
    1 |   1.5716 |     48.525 |   1.3238 |     45.065 |     0.2
    2 |   1.2947 |     44.992 |   1.2387 |     43.296 |     0.4
    3 |   1.2350 |     43.501 |   1.2171 |     43.575 |     0.6
    4 |   1.1935 |     42.831 |   1.1710 |     42.737 |     0.7
    5 |   1.1661 |     42.204 |   1.1400 |     40.999 |     0.9
    6 |   1.1434 |     41.016 |   1.1271 |     40.317 |     1.1
    7 |   1.1265 |     40.881 |   1.1163 |     39.789 |     1.3
    8 |   1.1106 |     40.648 |   1.1141 |     39.665 |     1.5
    9 |   1.1023 |     39.876 |   1.0925 |     38.920 |     1.7
   10 |   1.0858 |     39.281 |   1.0758 |     37.741 |     1.9
   11 |   1.0767 |     38.833 |   1.0672 |     38.237 |     2.0
   12 |   1.0612 |     38.779 |   1.0613 |     38.175 |     2.2
   13 |   1.0543 |     38.552 |   1.0711 |     39.106 |     2.4
   14 |   1.0464 |     38.098 |   1.0703 |     38.516 |     2.6
   15 |   1.0347 |     37.915 |   1.0739 |     38.454 |     2.8
   16 |   1.0267 |     37.812 |   1.0452 |     37.709 |     3.0
   17 |   1.0183 |     37.499 |   1.0566 |     37.461 |     3.2
   18 |   1.0121 |     36.856 |   1.0503 |     37.647 |     3.4
   19 |   1.0068 |     36.823 |   1.0321 |     37.027 |     3.5
   20 |   1.0009 |     37.023 |   1.0362 |     36.934 |     3.7
   21 |   1.0011 |     36.494 |   1.0466 |     37.244 |     3.9
   22 |   0.9919 |     36.877 |   1.0085 |     36.685 |     4.1
   23 |   0.9799 |     35.954 |   1.0241 |     37.368 |     4.3
   24 |   0.9758 |     35.770 |   1.0037 |     35.382 |     4.5
   25 |   0.9726 |     35.673 |   1.0436 |     37.182 |     4.7
   26 |   0.9678 |     35.397 |   1.0268 |     36.840 |     4.9
   27 |   0.9554 |     35.084 |   1.0103 |     35.723 |     5.0
   28 |   0.9544 |     35.030 |   1.0081 |     35.102 |     5.2
   29 |   0.9517 |     35.008 |   1.0027 |     35.971 |     5.4
   30 |   0.9491 |     34.781 |   1.0081 |     36.406 |     5.6
   31 |   0.9375 |     34.327 |   1.0167 |     36.034 |     5.8
   32 |   0.9353 |     34.484 |   1.0043 |     35.102 |     6.0
   33 |   0.9300 |     34.171 |   1.0196 |     36.344 |     6.2
Early stopping

Model: Seq2Seq Transformer
Source index: <Seq2Seq Index with 43 items>
Target index: <Seq2Seq Index with 34 items>
Max sequence length: 800
Embedding dimension: 64
Feedforward dimension: 64
Encoder layers: 4
Decoder layers: 3
Attention heads: 4
Activation: relu
Dropout: 0.1
Trainable parameters: 285,410

Training started
X_train.shape: torch.Size([3085, 702])
Y_train.shape: torch.Size([3085, 7])
X_dev.shape: torch.Size([537, 649])
Y_dev.shape: torch.Size([537, 7])
Epochs: 500
Learning rate: 0.001
Weight decay: 1e-05
Epoch | Train                 | Development           | Minutes
      | Loss     | Error Rate | Loss     | Error Rate |
---------------------------------------------------------------
    1 |   1.8138 |     51.378 |   1.4006 |     46.400 |     0.2
    2 |   1.3563 |     45.516 |   1.3009 |     45.500 |     0.3
    3 |   1.2942 |     45.192 |   1.2408 |     44.662 |     0.5
    4 |   1.2501 |     44.009 |   1.2233 |     43.513 |     0.6
    5 |   1.2157 |     43.177 |   1.1737 |     41.713 |     0.8
    6 |   1.1844 |     42.123 |   1.1533 |     41.310 |     1.0
    7 |   1.1591 |     41.248 |   1.1436 |     40.130 |     1.1
    8 |   1.1324 |     40.454 |   1.1308 |     40.441 |     1.3
    9 |   1.1290 |     40.529 |   1.1194 |     40.472 |     1.4
   10 |   1.1048 |     39.622 |   1.1068 |     39.975 |     1.6
   11 |   1.0809 |     38.633 |   1.1028 |     39.075 |     1.7
   12 |   1.0709 |     38.109 |   1.0747 |     38.113 |     1.9
   13 |   1.0531 |     37.920 |   1.0614 |     37.368 |     2.1
   14 |   1.0397 |     37.304 |   1.0560 |     36.499 |     2.2
   15 |   1.0254 |     36.872 |   1.0695 |     36.158 |     2.4
   16 |   0.9988 |     35.381 |   1.0590 |     36.313 |     2.5
   17 |   0.9871 |     34.657 |   1.0351 |     35.444 |     2.7
   18 |   0.9724 |     34.722 |   1.0327 |     35.878 |     2.8
   19 |   0.9641 |     34.100 |   1.0205 |     35.040 |     3.0
   20 |   0.9423 |     33.441 |   1.0479 |     36.002 |     3.2
   21 |   0.9259 |     32.998 |   1.0156 |     34.109 |     3.3
   22 |   0.9103 |     32.237 |   1.0350 |     34.606 |     3.5
   23 |   0.8967 |     31.486 |   1.0318 |     34.668 |     3.6
   24 |   0.8805 |     31.291 |   1.0461 |     35.971 |     3.8
   25 |   0.8698 |     30.951 |   1.0134 |     34.327 |     3.9
   26 |   0.8539 |     30.162 |   1.0114 |     33.364 |     4.1
   27 |   0.8358 |     29.768 |   1.0037 |     33.426 |     4.3
   28 |   0.8255 |     29.292 |   1.0186 |     34.637 |     4.4
   29 |   0.8066 |     28.639 |   1.0424 |     35.723 |     4.6
   30 |   0.7959 |     28.163 |   1.0116 |     34.947 |     4.7
   31 |   0.7743 |     27.596 |   1.0546 |     35.630 |     4.9
Early stopping

Model: Seq2Seq Transformer
Source index: <Seq2Seq Index with 43 items>
Target index: <Seq2Seq Index with 34 items>
Max sequence length: 800
Embedding dimension: 64
Feedforward dimension: 256
Encoder layers: 4
Decoder layers: 3
Attention heads: 2
Activation: relu
Dropout: 0.2
Trainable parameters: 458,786

Training started
X_train.shape: torch.Size([3085, 702])
Y_train.shape: torch.Size([3085, 7])
X_dev.shape: torch.Size([537, 649])
Y_dev.shape: torch.Size([537, 7])
Epochs: 500
Learning rate: 0.001
Weight decay: 0.0001
Epoch | Train                 | Development           | Minutes
      | Loss     | Error Rate | Loss     | Error Rate |
---------------------------------------------------------------
    1 |   1.7414 |     49.206 |   1.4009 |     46.058 |     0.1
    2 |   1.3814 |     46.137 |   1.3037 |     45.934 |     0.2
    3 |   1.3153 |     45.143 |   1.2572 |     43.700 |     0.3
    4 |   1.2725 |     44.689 |   1.2251 |     43.948 |     0.5
    5 |   1.2459 |     44.263 |   1.2052 |     43.669 |     0.6
    6 |   1.2262 |     44.014 |   1.1839 |     41.868 |     0.7
    7 |   1.2138 |     43.544 |   1.1807 |     42.396 |     0.8
    8 |   1.1989 |     43.031 |   1.1711 |     42.055 |     0.9
    9 |   1.1913 |     42.863 |   1.1697 |     42.055 |     1.0
   10 |   1.1778 |     42.788 |   1.1515 |     42.086 |     1.1
   11 |   1.1701 |     42.204 |   1.1446 |     41.806 |     1.3
   12 |   1.1659 |     42.566 |   1.1419 |     41.310 |     1.4
   13 |   1.1595 |     42.258 |   1.1319 |     41.651 |     1.5
   14 |   1.1553 |     41.842 |   1.1328 |     41.310 |     1.6
   15 |   1.1521 |     42.523 |   1.1365 |     42.179 |     1.7
   16 |   1.1447 |     42.166 |   1.1268 |     40.782 |     1.8
   17 |   1.1385 |     41.988 |   1.1286 |     41.558 |     1.9
   18 |   1.1339 |     41.729 |   1.1211 |     41.279 |     2.1
   19 |   1.1299 |     41.988 |   1.1186 |     41.962 |     2.2
   20 |   1.1291 |     41.334 |   1.1092 |     40.937 |     2.3
   21 |   1.1259 |     41.799 |   1.1192 |     41.403 |     2.4
   22 |   1.1240 |     41.615 |   1.1145 |     40.999 |     2.5
   23 |   1.1185 |     41.302 |   1.1140 |     41.030 |     2.6
   24 |   1.1140 |     41.264 |   1.1068 |     41.403 |     2.7
   25 |   1.1140 |     41.151 |   1.1006 |     41.092 |     2.9
   26 |   1.1134 |     41.453 |   1.1062 |     40.844 |     3.0
   27 |   1.1121 |     41.340 |   1.1035 |     40.875 |     3.1
   28 |   1.1081 |     41.513 |   1.0999 |     40.999 |     3.2
   29 |   1.1108 |     41.572 |   1.1048 |     40.534 |     3.3
   30 |   1.1039 |     41.189 |   1.1004 |     40.937 |     3.4
   31 |   1.1042 |     41.037 |   1.0965 |     41.217 |     3.5
   32 |   1.1066 |     41.415 |   1.0964 |     40.099 |     3.7
   33 |   1.1021 |     40.929 |   1.0944 |     40.192 |     3.8
   34 |   1.1037 |     41.135 |   1.0910 |     40.037 |     3.9
   35 |   1.1029 |     41.037 |   1.0927 |     40.441 |     4.0
   36 |   1.0992 |     41.237 |   1.0988 |     40.968 |     4.1
   37 |   1.0969 |     41.221 |   1.0863 |     39.541 |     4.2
   38 |   1.0914 |     40.837 |   1.0750 |     38.951 |     4.3
   39 |   1.0793 |     39.924 |   1.0834 |     39.975 |     4.4
   40 |   1.0800 |     39.697 |   1.0786 |     39.075 |     4.6
   41 |   1.0717 |     39.687 |   1.0726 |     39.168 |     4.7
   42 |   1.0709 |     39.600 |   1.0725 |     39.323 |     4.8
   43 |   1.0701 |     39.249 |   1.0645 |     37.803 |     4.9
   44 |   1.0649 |     39.260 |   1.0533 |     38.547 |     5.0
   45 |   1.0616 |     39.260 |   1.0574 |     38.051 |     5.1
   46 |   1.0548 |     38.779 |   1.0584 |     37.368 |     5.2
   47 |   1.0517 |     38.736 |   1.0537 |     38.299 |     5.4
   48 |   1.0482 |     38.390 |   1.0534 |     37.896 |     5.5
   49 |   1.0451 |     38.390 |   1.0490 |     36.716 |     5.6
   50 |   1.0419 |     38.223 |   1.0552 |     38.610 |     5.7
   51 |   1.0419 |     38.385 |   1.0441 |     38.423 |     5.8
   52 |   1.0383 |     38.061 |   1.0442 |     37.058 |     5.9
   53 |   1.0340 |     38.001 |   1.0426 |     36.872 |     6.0
   54 |   1.0361 |     37.877 |   1.0299 |     36.499 |     6.2
   55 |   1.0262 |     37.801 |   1.0409 |     37.492 |     6.3
   56 |   1.0252 |     37.925 |   1.0433 |     37.337 |     6.4
   57 |   1.0268 |     37.650 |   1.0300 |     36.654 |     6.5
   58 |   1.0234 |     37.682 |   1.0422 |     37.213 |     6.6
Early stopping

Model: Seq2Seq Transformer
Source index: <Seq2Seq Index with 43 items>
Target index: <Seq2Seq Index with 34 items>
Max sequence length: 800
Embedding dimension: 64
Feedforward dimension: 128
Encoder layers: 2
Decoder layers: 3
Attention heads: 2
Activation: relu
Dropout: 0.2
Trainable parameters: 276,258

Training started
X_train.shape: torch.Size([3085, 702])
Y_train.shape: torch.Size([3085, 7])
X_dev.shape: torch.Size([537, 649])
Y_dev.shape: torch.Size([537, 7])
Epochs: 500
Learning rate: 0.001
Weight decay: 0.0001
Epoch | Train                 | Development           | Minutes
      | Loss     | Error Rate | Loss     | Error Rate |
---------------------------------------------------------------
    1 |   1.7747 |     50.178 |   1.3906 |     46.338 |     0.1
    2 |   1.3652 |     45.440 |   1.3172 |     44.351 |     0.1
    3 |   1.3081 |     44.133 |   1.2453 |     42.644 |     0.2
    4 |   1.2579 |     42.988 |   1.2070 |     40.999 |     0.3
    5 |   1.2211 |     42.172 |   1.1720 |     40.689 |     0.3
    6 |   1.1818 |     41.437 |   1.1421 |     39.137 |     0.4
    7 |   1.1556 |     40.589 |   1.1214 |     39.168 |     0.5
    8 |   1.1270 |     39.573 |   1.1193 |     39.789 |     0.5
    9 |   1.1019 |     38.525 |   1.1037 |     37.678 |     0.6
   10 |   1.0811 |     37.990 |   1.1144 |     37.120 |     0.7
   11 |   1.0635 |     37.115 |   1.0791 |     37.213 |     0.8
   12 |   1.0434 |     36.294 |   1.0972 |     37.213 |     0.8
   13 |   1.0272 |     36.099 |   1.0597 |     36.840 |     0.9
   14 |   0.9991 |     34.814 |   1.0716 |     34.947 |     1.0
   15 |   0.9913 |     34.781 |   1.0685 |     35.692 |     1.0
   16 |   0.9735 |     33.955 |   1.0414 |     34.575 |     1.1
   17 |   0.9551 |     33.485 |   1.0474 |     34.761 |     1.2
   18 |   0.9403 |     32.880 |   1.0624 |     35.040 |     1.2
   19 |   0.9219 |     32.247 |   1.0219 |     34.109 |     1.3
   20 |   0.9064 |     31.583 |   1.0871 |     35.754 |     1.4
   21 |   0.8918 |     30.962 |   1.0425 |     34.482 |     1.4
   22 |   0.8808 |     30.719 |   1.0741 |     34.792 |     1.5
   23 |   0.8598 |     29.595 |   1.0923 |     34.761 |     1.6
Early stopping

Model: Seq2Seq Transformer
Source index: <Seq2Seq Index with 43 items>
Target index: <Seq2Seq Index with 34 items>
Max sequence length: 800
Embedding dimension: 128
Feedforward dimension: 128
Encoder layers: 2
Decoder layers: 2
Attention heads: 2
Activation: relu
Dropout: 0.1
Trainable parameters: 648,098

Training started
X_train.shape: torch.Size([3085, 702])
Y_train.shape: torch.Size([3085, 7])
X_dev.shape: torch.Size([537, 649])
Y_dev.shape: torch.Size([537, 7])
Epochs: 500
Learning rate: 0.0001
Weight decay: 0.0001
Epoch | Train                 | Development           | Minutes
      | Loss     | Error Rate | Loss     | Error Rate |
---------------------------------------------------------------
    1 |   2.2250 |     55.213 |   1.6024 |     45.934 |     0.1
    2 |   1.5571 |     46.348 |   1.4482 |     45.903 |     0.2
    3 |   1.4444 |     46.008 |   1.3787 |     45.313 |     0.2
    4 |   1.3796 |     45.424 |   1.3279 |     45.251 |     0.3
    5 |   1.3382 |     44.473 |   1.2997 |     42.582 |     0.4
    6 |   1.3084 |     43.609 |   1.2586 |     40.968 |     0.5
    7 |   1.2763 |     42.577 |   1.2401 |     41.279 |     0.6
    8 |   1.2504 |     42.021 |   1.2149 |     40.875 |     0.6
    9 |   1.2260 |     41.378 |   1.1907 |     40.037 |     0.7
   10 |   1.2102 |     40.935 |   1.1813 |     39.541 |     0.8
   11 |   1.1906 |     40.276 |   1.1621 |     38.672 |     0.9
   12 |   1.1727 |     39.773 |   1.1683 |     38.703 |     1.0
   13 |   1.1560 |     39.476 |   1.1393 |     38.982 |     1.1
   14 |   1.1417 |     38.898 |   1.1303 |     37.958 |     1.1
   15 |   1.1242 |     38.433 |   1.1233 |     37.896 |     1.2
   16 |   1.1102 |     38.017 |   1.1369 |     37.678 |     1.3
   17 |   1.0967 |     37.596 |   1.1049 |     36.903 |     1.4
   18 |   1.0798 |     36.991 |   1.0972 |     36.437 |     1.5
   19 |   1.0685 |     36.656 |   1.0926 |     36.406 |     1.5
   20 |   1.0521 |     36.051 |   1.1078 |     37.275 |     1.6
   21 |   1.0451 |     35.867 |   1.0727 |     37.027 |     1.7
   22 |   1.0273 |     35.203 |   1.0749 |     35.661 |     1.8
   23 |   1.0134 |     34.630 |   1.0713 |     36.530 |     1.9
   24 |   0.9993 |     34.257 |   1.0644 |     35.537 |     1.9
   25 |   0.9828 |     33.625 |   1.0659 |     36.096 |     2.0
   26 |   0.9768 |     33.614 |   1.0511 |     35.040 |     2.1
   27 |   0.9666 |     33.274 |   1.0491 |     35.382 |     2.2
   28 |   0.9524 |     32.512 |   1.0632 |     35.692 |     2.3
   29 |   0.9428 |     32.258 |   1.0362 |     34.264 |     2.4
   30 |   0.9291 |     32.053 |   1.0547 |     35.133 |     2.4
   31 |   0.9169 |     31.426 |   1.0480 |     34.699 |     2.5
   32 |   0.9056 |     30.854 |   1.0418 |     34.544 |     2.6
   33 |   0.8930 |     30.573 |   1.0682 |     35.164 |     2.7
Early stopping

Model: Seq2Seq Transformer
Source index: <Seq2Seq Index with 43 items>
Target index: <Seq2Seq Index with 34 items>
Max sequence length: 800
Embedding dimension: 128
Feedforward dimension: 128
Encoder layers: 4
Decoder layers: 4
Attention heads: 4
Activation: relu
Dropout: 0.1
Trainable parameters: 1,179,042

Training started
X_train.shape: torch.Size([3085, 702])
Y_train.shape: torch.Size([3085, 7])
X_dev.shape: torch.Size([537, 649])
Y_dev.shape: torch.Size([537, 7])
Epochs: 500
Learning rate: 0.0001
Weight decay: 1e-05
Epoch | Train                 | Development           | Minutes
      | Loss     | Error Rate | Loss     | Error Rate |
---------------------------------------------------------------
    1 |   2.2112 |     56.867 |   1.5534 |     46.648 |     0.2
    2 |   1.5323 |     46.326 |   1.4268 |     46.276 |     0.4
    3 |   1.4285 |     45.986 |   1.3639 |     46.276 |     0.6
    4 |   1.3743 |     45.257 |   1.3421 |     45.438 |     0.8
    5 |   1.3291 |     44.063 |   1.2794 |     42.210 |     1.0
    6 |   1.2923 |     43.090 |   1.2533 |     42.024 |     1.2
    7 |   1.2568 |     42.296 |   1.2059 |     40.317 |     1.4
    8 |   1.2293 |     41.572 |   1.1868 |     39.727 |     1.6
    9 |   1.1965 |     40.627 |   1.1671 |     39.292 |     1.8
   10 |   1.1686 |     39.557 |   1.1473 |     39.261 |     2.0
   11 |   1.1443 |     38.752 |   1.1364 |     37.741 |     2.2
   12 |   1.1251 |     38.277 |   1.1136 |     37.678 |     2.4
   13 |   1.1008 |     37.709 |   1.1026 |     36.561 |     2.5
   14 |   1.0797 |     36.921 |   1.0907 |     36.282 |     2.7
   15 |   1.0627 |     36.488 |   1.0800 |     35.568 |     2.9
   16 |   1.0439 |     35.489 |   1.0661 |     35.785 |     3.1
   17 |   1.0255 |     35.257 |   1.0701 |     35.909 |     3.3
   18 |   1.0079 |     34.506 |   1.0541 |     35.475 |     3.5
   19 |   0.9937 |     33.998 |   1.0451 |     34.171 |     3.7
   20 |   0.9729 |     33.015 |   1.0416 |     34.637 |     3.9
   21 |   0.9578 |     32.609 |   1.0239 |     33.830 |     4.1
   22 |   0.9423 |     32.156 |   1.0245 |     33.799 |     4.3
   23 |   0.9352 |     32.334 |   1.0133 |     33.520 |     4.5
   24 |   0.9136 |     31.026 |   1.0175 |     33.644 |     4.7
   25 |   0.9066 |     31.059 |   1.0148 |     34.047 |     4.9
   26 |   0.8891 |     30.432 |   0.9949 |     32.526 |     5.1
   27 |   0.8783 |     29.757 |   0.9948 |     33.240 |     5.3
   28 |   0.8644 |     29.444 |   1.0203 |     33.861 |     5.5
   29 |   0.8509 |     29.136 |   1.0190 |     33.861 |     5.7
   30 |   0.8405 |     29.028 |   1.0287 |     33.582 |     5.9
   31 |   0.8268 |     28.347 |   1.0111 |     33.675 |     6.1
Early stopping

Model: Seq2Seq Transformer
Source index: <Seq2Seq Index with 43 items>
Target index: <Seq2Seq Index with 34 items>
Max sequence length: 800
Embedding dimension: 128
Feedforward dimension: 128
Encoder layers: 4
Decoder layers: 3
Attention heads: 2
Activation: relu
Dropout: 0.0
Trainable parameters: 1,013,154

Training started
X_train.shape: torch.Size([3085, 702])
Y_train.shape: torch.Size([3085, 7])
X_dev.shape: torch.Size([537, 649])
Y_dev.shape: torch.Size([537, 7])
Epochs: 500
Learning rate: 0.0001
Weight decay: 1e-05
Epoch | Train                 | Development           | Minutes
      | Loss     | Error Rate | Loss     | Error Rate |
---------------------------------------------------------------
    1 |   2.0235 |     51.713 |   1.5421 |     45.903 |     0.1
    2 |   1.4366 |     45.132 |   1.3949 |     45.717 |     0.3
    3 |   1.3321 |     43.117 |   1.3073 |     42.272 |     0.4
    4 |   1.2665 |     41.707 |   1.2581 |     41.186 |     0.5
    5 |   1.2100 |     40.351 |   1.2172 |     40.689 |     0.7
    6 |   1.1620 |     38.876 |   1.1752 |     37.896 |     0.8
    7 |   1.1216 |     37.844 |   1.1403 |     38.051 |     1.0
    8 |   1.0810 |     36.640 |   1.1135 |     37.244 |     1.1
    9 |   1.0413 |     35.051 |   1.0838 |     35.351 |     1.2
   10 |   1.0056 |     33.803 |   1.0765 |     36.158 |     1.4
   11 |   0.9703 |     32.404 |   1.0512 |     34.451 |     1.5
   12 |   0.9389 |     31.448 |   1.0328 |     34.109 |     1.7
   13 |   0.9103 |     30.400 |   1.0195 |     33.302 |     1.8
   14 |   0.8763 |     29.157 |   1.0062 |     33.147 |     1.9
   15 |   0.8440 |     28.223 |   0.9962 |     33.768 |     2.1
   16 |   0.8174 |     27.239 |   1.0074 |     32.526 |     2.2
   17 |   0.7874 |     26.018 |   0.9933 |     32.495 |     2.3
   18 |   0.7655 |     25.375 |   0.9747 |     31.409 |     2.5
   19 |   0.7287 |     23.803 |   0.9635 |     31.719 |     2.6
   20 |   0.7053 |     23.193 |   0.9769 |     31.471 |     2.8
   21 |   0.6776 |     22.399 |   0.9742 |     31.316 |     2.9
   22 |   0.6574 |     21.378 |   0.9719 |     31.130 |     3.0
   23 |   0.6340 |     20.886 |   0.9850 |     31.099 |     3.2
Early stopping

Model: Seq2Seq Transformer
Source index: <Seq2Seq Index with 43 items>
Target index: <Seq2Seq Index with 34 items>
Max sequence length: 800
Embedding dimension: 128
Feedforward dimension: 128
Encoder layers: 4
Decoder layers: 2
Attention heads: 4
Activation: relu
Dropout: 0.1
Trainable parameters: 847,266

Training started
X_train.shape: torch.Size([3085, 702])
Y_train.shape: torch.Size([3085, 7])
X_dev.shape: torch.Size([537, 649])
Y_dev.shape: torch.Size([537, 7])
Epochs: 500
Learning rate: 0.0001
Weight decay: 0.0001
Epoch | Train                 | Development           | Minutes
      | Loss     | Error Rate | Loss     | Error Rate |
---------------------------------------------------------------
    1 |   2.1892 |     53.414 |   1.6100 |     46.493 |     0.2
    2 |   1.5540 |     46.126 |   1.4368 |     46.462 |     0.3
    3 |   1.4260 |     45.462 |   1.3703 |     45.251 |     0.5
    4 |   1.3620 |     44.198 |   1.3056 |     43.482 |     0.7
    5 |   1.3209 |     43.490 |   1.2657 |     42.086 |     0.9
    6 |   1.2791 |     42.582 |   1.2351 |     41.620 |     1.1
    7 |   1.2480 |     41.918 |   1.2098 |     40.689 |     1.2
    8 |   1.2184 |     40.708 |   1.1975 |     40.565 |     1.4
    9 |   1.1907 |     39.924 |   1.1689 |     38.858 |     1.6
   10 |   1.1711 |     39.957 |   1.1522 |     38.765 |     1.8
   11 |   1.1455 |     38.763 |   1.1419 |     38.485 |     1.9
   12 |   1.1225 |     38.082 |   1.1289 |     38.113 |     2.1
   13 |   1.1059 |     37.790 |   1.1161 |     37.182 |     2.3
   14 |   1.0803 |     36.861 |   1.1208 |     37.834 |     2.5
   15 |   1.0681 |     36.283 |   1.1178 |     37.647 |     2.7
   16 |   1.0502 |     35.538 |   1.0927 |     36.158 |     2.8
   17 |   1.0328 |     35.014 |   1.0924 |     35.940 |     3.0
   18 |   1.0193 |     34.765 |   1.0815 |     36.034 |     3.2
   19 |   1.0029 |     33.922 |   1.0854 |     35.971 |     3.4
   20 |   0.9885 |     33.922 |   1.0829 |     36.654 |     3.5
   21 |   0.9717 |     33.106 |   1.0686 |     35.661 |     3.7
   22 |   0.9546 |     32.474 |   1.0665 |     35.164 |     3.9
   23 |   0.9426 |     32.253 |   1.0531 |     35.009 |     4.1
   24 |   0.9319 |     31.653 |   1.0586 |     34.916 |     4.3
   25 |   0.9177 |     31.340 |   1.0558 |     34.295 |     4.4
   26 |   0.9048 |     30.810 |   1.0516 |     34.947 |     4.6
   27 |   0.8902 |     30.389 |   1.0550 |     34.792 |     4.8
   28 |   0.8799 |     29.941 |   1.0586 |     35.289 |     5.0
   29 |   0.8697 |     29.611 |   1.0492 |     34.916 |     5.1
   30 |   0.8587 |     29.249 |   1.0507 |     34.823 |     5.3
   31 |   0.8373 |     28.730 |   1.0438 |     34.295 |     5.5
   32 |   0.8285 |     28.309 |   1.0447 |     35.133 |     5.7
   33 |   0.8196 |     27.736 |   1.0541 |     35.009 |     5.8
   34 |   0.8067 |     27.347 |   1.0522 |     34.544 |     6.0
   35 |   0.7961 |     27.239 |   1.0553 |     34.792 |     6.2
Early stopping

Model: Seq2Seq Transformer
Source index: <Seq2Seq Index with 43 items>
Target index: <Seq2Seq Index with 34 items>
Max sequence length: 800
Embedding dimension: 64
Feedforward dimension: 64
Encoder layers: 4
Decoder layers: 2
Attention heads: 2
Activation: relu
Dropout: 0.1
Trainable parameters: 243,426

Training started
X_train.shape: torch.Size([3085, 702])
Y_train.shape: torch.Size([3085, 7])
X_dev.shape: torch.Size([537, 649])
Y_dev.shape: torch.Size([537, 7])
Epochs: 500
Learning rate: 0.001
Weight decay: 1e-05
Epoch | Train                 | Development           | Minutes
      | Loss     | Error Rate | Loss     | Error Rate |
---------------------------------------------------------------
    1 |   1.7736 |     49.670 |   1.3960 |     45.655 |     0.1
    2 |   1.3707 |     45.710 |   1.3014 |     45.872 |     0.2
    3 |   1.3139 |     45.230 |   1.2900 |     45.376 |     0.3
    4 |   1.2867 |     44.770 |   1.2603 |     43.700 |     0.4
    5 |   1.2565 |     43.922 |   1.2233 |     42.582 |     0.5
    6 |   1.2251 |     43.009 |   1.1964 |     43.513 |     0.6
    7 |   1.2004 |     42.496 |   1.1579 |     41.124 |     0.7
    8 |   1.1792 |     41.605 |   1.1445 |     40.534 |     0.8
    9 |   1.1537 |     41.237 |   1.1390 |     40.875 |     0.9
   10 |   1.1332 |     40.713 |   1.1304 |     40.379 |     1.0
   11 |   1.1137 |     40.070 |   1.1036 |     38.765 |     1.1
   12 |   1.1005 |     39.314 |   1.0880 |     38.392 |     1.2
   13 |   1.0921 |     38.930 |   1.0912 |     38.672 |     1.3
   14 |   1.0725 |     38.385 |   1.0947 |     38.765 |     1.4
   15 |   1.0595 |     37.758 |   1.0633 |     38.206 |     1.5
   16 |   1.0438 |     37.380 |   1.0686 |     37.554 |     1.6
   17 |   1.0349 |     37.018 |   1.0594 |     37.120 |     1.7
   18 |   1.0181 |     36.445 |   1.0498 |     37.089 |     1.8
   19 |   1.0027 |     35.808 |   1.0557 |     37.089 |     1.9
   20 |   0.9927 |     35.543 |   1.0698 |     36.561 |     2.0
   21 |   0.9866 |     35.267 |   1.0464 |     37.027 |     2.1
   22 |   0.9645 |     34.506 |   1.0382 |     35.661 |     2.2
   23 |   0.9556 |     34.489 |   1.0510 |     36.065 |     2.3
   24 |   0.9432 |     33.657 |   1.0706 |     37.182 |     2.4
   25 |   0.9338 |     33.398 |   1.0627 |     37.275 |     2.5
   26 |   0.9262 |     32.771 |   1.0333 |     36.220 |     2.6
   27 |   0.9106 |     32.458 |   1.0403 |     36.251 |     2.7
   28 |   0.8984 |     31.939 |   1.0714 |     37.678 |     2.8
   29 |   0.8913 |     31.837 |   1.0503 |     36.592 |     2.9
   30 |   0.8745 |     31.459 |   1.0291 |     36.251 |     3.0
   31 |   0.8666 |     31.086 |   1.0262 |     35.289 |     3.1
   32 |   0.8567 |     30.481 |   1.0272 |     35.909 |     3.2
   33 |   0.8434 |     30.259 |   1.0597 |     35.071 |     3.3
   34 |   0.8359 |     29.962 |   1.0496 |     34.699 |     3.4
   35 |   0.8221 |     29.271 |   1.0512 |     35.071 |     3.5
Early stopping

Model: Seq2Seq Transformer
Source index: <Seq2Seq Index with 43 items>
Target index: <Seq2Seq Index with 34 items>
Max sequence length: 800
Embedding dimension: 128
Feedforward dimension: 64
Encoder layers: 4
Decoder layers: 4
Attention heads: 2
Activation: relu
Dropout: 0.2
Trainable parameters: 1,047,458

Training started
X_train.shape: torch.Size([3085, 702])
Y_train.shape: torch.Size([3085, 7])
X_dev.shape: torch.Size([537, 649])
Y_dev.shape: torch.Size([537, 7])
Epochs: 500
Learning rate: 0.0001
Weight decay: 1e-05
Epoch | Train                 | Development           | Minutes
      | Loss     | Error Rate | Loss     | Error Rate |
---------------------------------------------------------------
    1 |   2.5447 |     65.127 |   1.7678 |     46.120 |     0.1
    2 |   1.7423 |     46.840 |   1.4922 |     45.965 |     0.3
    3 |   1.5202 |     46.207 |   1.4198 |     46.214 |     0.5
    4 |   1.4401 |     45.829 |   1.3771 |     45.655 |     0.6
    5 |   1.3966 |     45.467 |   1.3343 |     44.072 |     0.8
    6 |   1.3633 |     44.689 |   1.2998 |     42.241 |     0.9
    7 |   1.3354 |     44.111 |   1.2754 |     42.055 |     1.1
    8 |   1.3103 |     43.290 |   1.2782 |     42.117 |     1.2
    9 |   1.2897 |     42.977 |   1.2396 |     40.410 |     1.4
   10 |   1.2664 |     42.129 |   1.2279 |     40.999 |     1.5
   11 |   1.2470 |     41.837 |   1.2174 |     40.192 |     1.7
   12 |   1.2300 |     41.118 |   1.2073 |     40.999 |     1.8
   13 |   1.2196 |     41.070 |   1.1983 |     40.286 |     2.0
   14 |   1.1976 |     40.600 |   1.1770 |     39.789 |     2.1
   15 |   1.1849 |     40.011 |   1.1761 |     38.920 |     2.3
   16 |   1.1715 |     39.600 |   1.1701 |     39.013 |     2.4
   17 |   1.1583 |     39.633 |   1.1465 |     38.516 |     2.6
   18 |   1.1486 |     39.006 |   1.1546 |     38.454 |     2.7
   19 |   1.1363 |     38.720 |   1.1298 |     37.275 |     2.9
   20 |   1.1221 |     37.947 |   1.1271 |     37.647 |     3.0
   21 |   1.1115 |     37.861 |   1.1190 |     36.437 |     3.2
   22 |   1.0969 |     37.131 |   1.1108 |     36.468 |     3.3
   23 |   1.0835 |     37.039 |   1.1192 |     36.189 |     3.5
   24 |   1.0731 |     36.445 |   1.1453 |     37.616 |     3.7
   25 |   1.0640 |     36.278 |   1.1298 |     36.809 |     3.8
   26 |   1.0539 |     35.948 |   1.1105 |     35.940 |     4.0
   27 |   1.0415 |     35.581 |   1.1025 |     36.065 |     4.1
   28 |   1.0232 |     34.986 |   1.0872 |     36.002 |     4.3
   29 |   1.0136 |     34.592 |   1.0952 |     35.785 |     4.4
   30 |   1.0059 |     34.155 |   1.0991 |     35.971 |     4.6
   31 |   0.9930 |     33.938 |   1.0995 |     35.661 |     4.7
   32 |   0.9881 |     33.576 |   1.0850 |     35.878 |     4.9
   33 |   0.9743 |     33.333 |   1.1103 |     36.034 |     5.0
   34 |   0.9655 |     32.853 |   1.0903 |     36.127 |     5.2
   35 |   0.9575 |     32.577 |   1.1113 |     36.127 |     5.3
   36 |   0.9428 |     32.393 |   1.1017 |     36.065 |     5.5
Early stopping

Model: Seq2Seq Transformer
Source index: <Seq2Seq Index with 43 items>
Target index: <Seq2Seq Index with 34 items>
Max sequence length: 800
Embedding dimension: 128
Feedforward dimension: 128
Encoder layers: 4
Decoder layers: 3
Attention heads: 4
Activation: relu
Dropout: 0.2
Trainable parameters: 1,013,154

Training started
X_train.shape: torch.Size([3085, 702])
Y_train.shape: torch.Size([3085, 7])
X_dev.shape: torch.Size([537, 649])
Y_dev.shape: torch.Size([537, 7])
Epochs: 500
Learning rate: 0.001
Weight decay: 1e-05
Epoch | Train                 | Development           | Minutes
      | Loss     | Error Rate | Loss     | Error Rate |
---------------------------------------------------------------
    1 |   1.6515 |     49.773 |   1.3623 |     45.407 |     0.2
    2 |   1.3450 |     45.873 |   1.2817 |     44.786 |     0.4
    3 |   1.2859 |     44.349 |   1.2531 |     42.924 |     0.6
    4 |   1.2485 |     43.587 |   1.2250 |     42.768 |     0.7
    5 |   1.2291 |     42.939 |   1.1801 |     41.341 |     0.9
    6 |   1.2041 |     42.653 |   1.1739 |     41.962 |     1.1
    7 |   1.1801 |     41.929 |   1.1427 |     40.192 |     1.3
    8 |   1.1695 |     41.259 |   1.1514 |     40.348 |     1.5
    9 |   1.1537 |     40.837 |   1.1326 |     41.558 |     1.7
   10 |   1.1394 |     40.692 |   1.1105 |     39.975 |     1.9
   11 |   1.1233 |     40.184 |   1.0863 |     38.765 |     2.0
   12 |   1.1150 |     39.914 |   1.0946 |     38.175 |     2.2
   13 |   1.1032 |     39.843 |   1.0940 |     39.479 |     2.4
   14 |   1.0923 |     39.330 |   1.0835 |     37.709 |     2.6
   15 |   1.0830 |     39.017 |   1.0792 |     37.958 |     2.8
   16 |   1.0660 |     38.147 |   1.0692 |     37.803 |     3.0
   17 |   1.0659 |     38.395 |   1.0745 |     38.734 |     3.2
   18 |   1.0586 |     37.488 |   1.0737 |     38.579 |     3.4
   19 |   1.0416 |     37.088 |   1.0678 |     38.268 |     3.5
   20 |   1.0254 |     36.904 |   1.0596 |     38.082 |     3.7
   21 |   1.0201 |     36.607 |   1.0725 |     38.454 |     3.9
   22 |   1.0106 |     36.596 |   1.0501 |     38.113 |     4.1
   23 |   1.0033 |     36.359 |   1.0537 |     37.368 |     4.3
   24 |   0.9910 |     35.656 |   1.0492 |     37.306 |     4.5
   25 |   0.9761 |     35.500 |   1.0514 |     37.399 |     4.7
   26 |   0.9645 |     34.560 |   1.0521 |     37.927 |     4.8
   27 |   0.9681 |     34.878 |   1.0696 |     39.199 |     5.0
   28 |   0.9521 |     34.538 |   1.0786 |     38.175 |     5.2
Early stopping

Model: Seq2Seq Transformer
Source index: <Seq2Seq Index with 43 items>
Target index: <Seq2Seq Index with 34 items>
Max sequence length: 800
Embedding dimension: 64
Feedforward dimension: 256
Encoder layers: 2
Decoder layers: 4
Attention heads: 2
Activation: relu
Dropout: 0.1
Trainable parameters: 425,570

Training started
X_train.shape: torch.Size([3085, 702])
Y_train.shape: torch.Size([3085, 7])
X_dev.shape: torch.Size([537, 649])
Y_dev.shape: torch.Size([537, 7])
Epochs: 500
Learning rate: 0.0001
Weight decay: 0.0001
Epoch | Train                 | Development           | Minutes
      | Loss     | Error Rate | Loss     | Error Rate |
---------------------------------------------------------------
    1 |   2.5478 |     63.209 |   1.7641 |     45.996 |     0.1
    2 |   1.7056 |     46.499 |   1.5494 |     46.058 |     0.2
    3 |   1.5459 |     46.153 |   1.4671 |     46.151 |     0.2
    4 |   1.4710 |     45.694 |   1.4108 |     45.531 |     0.3
    5 |   1.4180 |     44.862 |   1.3699 |     44.848 |     0.4
    6 |   1.3822 |     44.219 |   1.3349 |     42.831 |     0.5
    7 |   1.3450 |     43.733 |   1.3034 |     42.737 |     0.6
    8 |   1.3244 |     43.360 |   1.2834 |     41.899 |     0.6
    9 |   1.3016 |     43.042 |   1.2658 |     41.899 |     0.7
   10 |   1.2794 |     42.404 |   1.2506 |     41.806 |     0.8
   11 |   1.2599 |     41.885 |   1.2296 |     41.279 |     0.9
   12 |   1.2465 |     41.853 |   1.2084 |     40.503 |     1.0
   13 |   1.2282 |     41.540 |   1.2041 |     40.503 |     1.0
   14 |   1.2172 |     41.388 |   1.1909 |     40.286 |     1.1
   15 |   1.2045 |     40.816 |   1.1724 |     40.192 |     1.2
   16 |   1.1905 |     40.454 |   1.1666 |     39.603 |     1.3
   17 |   1.1821 |     40.232 |   1.1555 |     38.889 |     1.4
   18 |   1.1697 |     39.811 |   1.1486 |     39.354 |     1.4
   19 |   1.1587 |     39.935 |   1.1445 |     39.541 |     1.5
   20 |   1.1491 |     39.357 |   1.1356 |     38.610 |     1.6
   21 |   1.1420 |     39.271 |   1.1275 |     38.361 |     1.7
   22 |   1.1328 |     38.655 |   1.1190 |     38.423 |     1.8
   23 |   1.1194 |     38.639 |   1.1122 |     38.051 |     1.9
   24 |   1.1137 |     38.379 |   1.1104 |     37.865 |     1.9
   25 |   1.1041 |     37.952 |   1.1004 |     38.361 |     2.0
   26 |   1.0977 |     37.742 |   1.0926 |     38.330 |     2.1
   27 |   1.0898 |     37.401 |   1.0930 |     37.492 |     2.2
   28 |   1.0813 |     37.104 |   1.0859 |     37.120 |     2.3
   29 |   1.0765 |     37.293 |   1.0816 |     36.344 |     2.3
   30 |   1.0661 |     36.710 |   1.0783 |     36.499 |     2.4
   31 |   1.0633 |     36.731 |   1.0698 |     36.716 |     2.5
   32 |   1.0543 |     36.283 |   1.0647 |     36.375 |     2.6
   33 |   1.0464 |     36.126 |   1.0629 |     36.002 |     2.7
   34 |   1.0439 |     36.040 |   1.0579 |     36.065 |     2.7
   35 |   1.0337 |     35.824 |   1.0507 |     35.971 |     2.8
   36 |   1.0270 |     35.565 |   1.0483 |     35.630 |     2.9
   37 |   1.0235 |     35.592 |   1.0435 |     34.978 |     3.0
   38 |   1.0171 |     35.370 |   1.0413 |     35.227 |     3.1
   39 |   1.0076 |     34.781 |   1.0442 |     35.444 |     3.1
   40 |   1.0063 |     34.868 |   1.0379 |     35.196 |     3.2
   41 |   0.9984 |     34.587 |   1.0394 |     35.133 |     3.3
   42 |   0.9912 |     34.117 |   1.0348 |     35.133 |     3.4
   43 |   0.9844 |     33.684 |   1.0217 |     34.171 |     3.5
   44 |   0.9784 |     33.776 |   1.0304 |     34.637 |     3.5
   45 |   0.9755 |     33.490 |   1.0167 |     33.954 |     3.6
   46 |   0.9753 |     33.571 |   1.0113 |     33.799 |     3.7
   47 |   0.9653 |     33.090 |   1.0188 |     34.699 |     3.8
   48 |   0.9599 |     33.063 |   1.0157 |     34.109 |     3.9
   49 |   0.9558 |     32.750 |   1.0099 |     33.923 |     4.0
   50 |   0.9499 |     32.690 |   1.0108 |     33.489 |     4.0
   51 |   0.9468 |     32.674 |   1.0065 |     33.489 |     4.1
   52 |   0.9407 |     32.480 |   1.0074 |     33.644 |     4.2
   53 |   0.9357 |     32.301 |   1.0181 |     34.047 |     4.3
   54 |   0.9348 |     32.161 |   1.0114 |     33.768 |     4.3
   55 |   0.9252 |     31.918 |   1.0013 |     33.054 |     4.4
   56 |   0.9171 |     31.437 |   1.0029 |     33.085 |     4.5
   57 |   0.9174 |     31.680 |   1.0002 |     33.209 |     4.6
   58 |   0.9172 |     31.799 |   0.9917 |     32.651 |     4.7
   59 |   0.9081 |     31.232 |   0.9967 |     32.868 |     4.7
   60 |   0.9038 |     30.999 |   1.0073 |     32.961 |     4.8
   61 |   0.9011 |     30.881 |   0.9936 |     32.588 |     4.9
   62 |   0.8969 |     30.610 |   0.9884 |     32.806 |     5.0
   63 |   0.8892 |     30.438 |   0.9931 |     32.713 |     5.1
   64 |   0.8849 |     30.486 |   0.9903 |     32.651 |     5.1
   65 |   0.8840 |     30.519 |   0.9879 |     32.495 |     5.2
   66 |   0.8783 |     30.400 |   0.9793 |     32.837 |     5.3
   67 |   0.8736 |     30.065 |   0.9788 |     31.937 |     5.4
   68 |   0.8691 |     29.892 |   0.9832 |     32.744 |     5.5
   69 |   0.8646 |     29.833 |   0.9824 |     32.371 |     5.5
   70 |   0.8629 |     29.670 |   0.9691 |     32.588 |     5.6
   71 |   0.8591 |     29.573 |   0.9603 |     31.968 |     5.7
   72 |   0.8569 |     29.568 |   0.9832 |     32.371 |     5.8
   73 |   0.8466 |     29.233 |   0.9736 |     31.937 |     5.9
   74 |   0.8455 |     29.011 |   0.9804 |     31.875 |     5.9
   75 |   0.8432 |     29.038 |   0.9675 |     31.968 |     6.0
Early stopping

Model: Seq2Seq Transformer
Source index: <Seq2Seq Index with 43 items>
Target index: <Seq2Seq Index with 34 items>
Max sequence length: 800
Embedding dimension: 64
Feedforward dimension: 256
Encoder layers: 2
Decoder layers: 4
Attention heads: 4
Activation: relu
Dropout: 0.1
Trainable parameters: 425,570

Training started
X_train.shape: torch.Size([3085, 702])
Y_train.shape: torch.Size([3085, 7])
X_dev.shape: torch.Size([537, 649])
Y_dev.shape: torch.Size([537, 7])
Epochs: 500
Learning rate: 0.0001
Weight decay: 0.0001
Epoch | Train                 | Development           | Minutes
      | Loss     | Error Rate | Loss     | Error Rate |
---------------------------------------------------------------
    1 |   2.5326 |     61.178 |   1.8228 |     47.362 |     0.1
    2 |   1.7348 |     46.559 |   1.5820 |     46.431 |     0.2
    3 |   1.5737 |     46.278 |   1.5020 |     45.748 |     0.3
    4 |   1.4924 |     45.786 |   1.4378 |     45.934 |     0.4
    5 |   1.4357 |     45.646 |   1.3910 |     45.593 |     0.5
    6 |   1.3917 |     44.711 |   1.3361 |     43.637 |     0.6
    7 |   1.3545 |     44.300 |   1.3042 |     42.862 |     0.7
    8 |   1.3254 |     44.014 |   1.2743 |     42.365 |     0.8
    9 |   1.2968 |     42.820 |   1.2490 |     41.527 |     1.0
   10 |   1.2706 |     42.296 |   1.2297 |     41.372 |     1.1
   11 |   1.2511 |     41.902 |   1.2214 |     41.589 |     1.2
   12 |   1.2327 |     41.702 |   1.1986 |     41.186 |     1.3
   13 |   1.2172 |     41.145 |   1.1867 |     40.192 |     1.4
   14 |   1.2036 |     40.940 |   1.1722 |     39.634 |     1.5
   15 |   1.1891 |     40.675 |   1.1693 |     40.130 |     1.6
   16 |   1.1789 |     40.502 |   1.1607 |     39.137 |     1.7
   17 |   1.1681 |     39.962 |   1.1476 |     38.672 |     1.8
   18 |   1.1551 |     39.649 |   1.1397 |     39.137 |     1.9
   19 |   1.1506 |     39.417 |   1.1368 |     39.013 |     2.0
   20 |   1.1410 |     39.271 |   1.1245 |     38.672 |     2.1
   21 |   1.1302 |     38.655 |   1.1134 |     37.554 |     2.2
   22 |   1.1189 |     38.703 |   1.1089 |     38.299 |     2.3
   23 |   1.1123 |     38.428 |   1.0990 |     37.461 |     2.4
   24 |   1.1017 |     37.839 |   1.0946 |     37.306 |     2.5
   25 |   1.0925 |     37.796 |   1.0876 |     37.213 |     2.6
   26 |   1.0819 |     37.142 |   1.0867 |     36.840 |     2.8
   27 |   1.0774 |     37.115 |   1.0855 |     36.685 |     2.9
   28 |   1.0710 |     36.667 |   1.0697 |     36.282 |     3.0
   29 |   1.0608 |     36.413 |   1.0678 |     36.282 |     3.1
   30 |   1.0558 |     36.569 |   1.0714 |     36.840 |     3.2
   31 |   1.0482 |     36.240 |   1.0570 |     36.065 |     3.3
   32 |   1.0414 |     35.910 |   1.0494 |     35.227 |     3.4
   33 |   1.0331 |     35.689 |   1.0591 |     36.530 |     3.5
   34 |   1.0293 |     35.300 |   1.0425 |     35.413 |     3.6
   35 |   1.0187 |     34.916 |   1.0381 |     35.630 |     3.7
   36 |   1.0145 |     35.024 |   1.0380 |     35.878 |     3.8
   37 |   1.0091 |     35.105 |   1.0282 |     34.730 |     3.9
   38 |   1.0016 |     34.317 |   1.0228 |     34.637 |     4.0
   39 |   0.9986 |     34.484 |   1.0239 |     34.544 |     4.1
   40 |   0.9887 |     34.084 |   1.0185 |     34.916 |     4.2
   41 |   0.9819 |     33.933 |   1.0264 |     34.885 |     4.3
   42 |   0.9794 |     33.820 |   1.0197 |     34.327 |     4.4
   43 |   0.9711 |     33.458 |   1.0057 |     34.730 |     4.6
   44 |   0.9689 |     33.609 |   1.0188 |     34.544 |     4.7
   45 |   0.9573 |     32.896 |   1.0126 |     34.078 |     4.8
   46 |   0.9583 |     33.290 |   1.0065 |     33.520 |     4.9
   47 |   0.9500 |     33.117 |   1.0075 |     33.457 |     5.0
Early stopping

Model: Seq2Seq Transformer
Source index: <Seq2Seq Index with 43 items>
Target index: <Seq2Seq Index with 34 items>
Max sequence length: 800
Embedding dimension: 64
Feedforward dimension: 64
Encoder layers: 4
Decoder layers: 2
Attention heads: 2
Activation: relu
Dropout: 0.0
Trainable parameters: 243,426

Training started
X_train.shape: torch.Size([3085, 702])
Y_train.shape: torch.Size([3085, 7])
X_dev.shape: torch.Size([537, 649])
Y_dev.shape: torch.Size([537, 7])
Epochs: 500
Learning rate: 0.0001
Weight decay: 0.0001
Epoch | Train                 | Development           | Minutes
      | Loss     | Error Rate | Loss     | Error Rate |
---------------------------------------------------------------
    1 |   2.6431 |     66.229 |   2.1000 |     48.790 |     0.1
    2 |   1.8625 |     46.515 |   1.7257 |     46.462 |     0.2
    3 |   1.6191 |     45.954 |   1.5766 |     46.307 |     0.3
    4 |   1.5090 |     45.862 |   1.4970 |     45.282 |     0.4
    5 |   1.4438 |     44.689 |   1.4339 |     43.700 |     0.5
    6 |   1.3959 |     43.884 |   1.3916 |     43.482 |     0.6
    7 |   1.3571 |     43.025 |   1.3664 |     43.793 |     0.6
    8 |   1.3277 |     42.642 |   1.3277 |     42.396 |     0.7
    9 |   1.2990 |     42.004 |   1.3176 |     42.582 |     0.8
   10 |   1.2757 |     41.815 |   1.2846 |     40.968 |     0.9
   11 |   1.2523 |     41.345 |   1.2687 |     41.465 |     1.0
   12 |   1.2305 |     40.729 |   1.2520 |     41.279 |     1.1
   13 |   1.2112 |     40.708 |   1.2337 |     40.472 |     1.2
   14 |   1.1921 |     39.973 |   1.2216 |     40.348 |     1.3
   15 |   1.1734 |     39.568 |   1.2064 |     39.696 |     1.4
   16 |   1.1559 |     38.920 |   1.1948 |     39.510 |     1.5
   17 |   1.1394 |     38.660 |   1.1788 |     39.541 |     1.6
   18 |   1.1236 |     38.050 |   1.1685 |     38.982 |     1.7
   19 |   1.1093 |     37.877 |   1.1536 |     37.958 |     1.8
   20 |   1.0923 |     36.850 |   1.1433 |     37.430 |     1.9
   21 |   1.0785 |     36.370 |   1.1319 |     37.647 |     1.9
   22 |   1.0630 |     35.835 |   1.1195 |     36.685 |     2.0
   23 |   1.0486 |     35.041 |   1.1250 |     36.220 |     2.1
   24 |   1.0378 |     34.797 |   1.1131 |     35.754 |     2.2
   25 |   1.0260 |     34.392 |   1.1024 |     35.816 |     2.3
   26 |   1.0145 |     34.122 |   1.0986 |     35.878 |     2.4
   27 |   1.0016 |     33.533 |   1.0947 |     35.413 |     2.5
   28 |   0.9895 |     33.214 |   1.0853 |     35.630 |     2.6
   29 |   0.9809 |     33.020 |   1.0694 |     34.730 |     2.7
   30 |   0.9694 |     32.647 |   1.0743 |     35.661 |     2.8
   31 |   0.9565 |     32.242 |   1.0693 |     35.227 |     2.9
   32 |   0.9446 |     31.615 |   1.0794 |     35.723 |     3.0
   33 |   0.9381 |     31.529 |   1.0562 |     34.109 |     3.1
   34 |   0.9298 |     31.518 |   1.0527 |     34.544 |     3.1
   35 |   0.9168 |     30.875 |   1.0485 |     34.202 |     3.2
   36 |   0.9046 |     30.357 |   1.0455 |     33.675 |     3.3
   37 |   0.8988 |     30.303 |   1.0454 |     34.295 |     3.4
   38 |   0.8880 |     29.962 |   1.0463 |     34.575 |     3.5
   39 |   0.8814 |     29.595 |   1.0384 |     33.892 |     3.6
   40 |   0.8680 |     29.298 |   1.0301 |     33.054 |     3.7
   41 |   0.8589 |     28.995 |   1.0257 |     32.992 |     3.8
   42 |   0.8518 |     28.720 |   1.0348 |     33.209 |     3.9
   43 |   0.8436 |     28.325 |   1.0253 |     32.526 |     4.0
   44 |   0.8310 |     27.920 |   1.0293 |     33.271 |     4.1
   45 |   0.8216 |     27.558 |   1.0231 |     32.899 |     4.2
   46 |   0.8162 |     27.574 |   1.0196 |     32.619 |     4.3
   47 |   0.8049 |     26.948 |   1.0242 |     32.682 |     4.4
   48 |   0.7951 |     26.721 |   1.0206 |     32.806 |     4.4
   49 |   0.7891 |     26.375 |   1.0249 |     32.899 |     4.5
   50 |   0.7820 |     26.051 |   1.0175 |     32.216 |     4.6
   51 |   0.7743 |     25.937 |   1.0187 |     32.309 |     4.7
   52 |   0.7623 |     25.527 |   1.0209 |     32.930 |     4.8
   53 |   0.7540 |     25.089 |   1.0149 |     31.719 |     4.9
   54 |   0.7496 |     24.932 |   1.0232 |     31.844 |     5.0
   55 |   0.7369 |     24.603 |   1.0301 |     33.147 |     5.1
   56 |   0.7316 |     24.452 |   1.0389 |     32.961 |     5.2
   57 |   0.7255 |     24.149 |   1.0362 |     32.930 |     5.3
Early stopping

Model: Seq2Seq Transformer
Source index: <Seq2Seq Index with 43 items>
Target index: <Seq2Seq Index with 34 items>
Max sequence length: 800
Embedding dimension: 128
Feedforward dimension: 128
Encoder layers: 4
Decoder layers: 3
Attention heads: 4
Activation: relu
Dropout: 0.2
Trainable parameters: 1,013,154

Training started
X_train.shape: torch.Size([3085, 702])
Y_train.shape: torch.Size([3085, 7])
X_dev.shape: torch.Size([537, 649])
Y_dev.shape: torch.Size([537, 7])
Epochs: 500
Learning rate: 0.0001
Weight decay: 1e-05
Epoch | Train                 | Development           | Minutes
      | Loss     | Error Rate | Loss     | Error Rate |
---------------------------------------------------------------
    1 |   2.4313 |     60.724 |   1.6637 |     46.493 |     0.2
    2 |   1.6516 |     46.791 |   1.4718 |     46.400 |     0.4
    3 |   1.4888 |     46.240 |   1.3986 |     45.189 |     0.6
    4 |   1.4301 |     45.840 |   1.3517 |     44.258 |     0.7
    5 |   1.3827 |     45.003 |   1.3245 |     43.886 |     0.9
    6 |   1.3423 |     44.279 |   1.2864 |     42.800 |     1.1
    7 |   1.3132 |     43.614 |   1.2604 |     41.962 |     1.3
    8 |   1.2895 |     43.090 |   1.2445 |     41.341 |     1.5
    9 |   1.2667 |     42.469 |   1.2217 |     40.534 |     1.7
   10 |   1.2442 |     41.783 |   1.2045 |     40.286 |     1.9
   11 |   1.2266 |     41.459 |   1.2061 |     40.751 |     2.0
   12 |   1.2091 |     41.064 |   1.1860 |     40.627 |     2.2
   13 |   1.1964 |     40.821 |   1.1708 |     39.603 |     2.4
   14 |   1.1802 |     40.308 |   1.1703 |     39.230 |     2.6
   15 |   1.1646 |     39.751 |   1.1595 |     39.292 |     2.8
   16 |   1.1501 |     39.271 |   1.1497 |     38.734 |     3.0
   17 |   1.1327 |     38.622 |   1.1582 |     39.385 |     3.2
   18 |   1.1206 |     38.422 |   1.1390 |     38.734 |     3.4
   19 |   1.1054 |     37.790 |   1.1330 |     38.703 |     3.5
   20 |   1.0919 |     36.991 |   1.1235 |     37.958 |     3.7
   21 |   1.0811 |     36.699 |   1.1158 |     37.989 |     3.9
   22 |   1.0739 |     36.553 |   1.1162 |     37.616 |     4.1
   23 |   1.0563 |     35.889 |   1.0970 |     37.275 |     4.3
   24 |   1.0459 |     35.808 |   1.0937 |     35.971 |     4.5
   25 |   1.0320 |     35.316 |   1.0890 |     36.934 |     4.7
   26 |   1.0242 |     34.711 |   1.0941 |     36.623 |     4.8
   27 |   1.0089 |     34.095 |   1.0919 |     36.065 |     5.0
   28 |   0.9977 |     33.841 |   1.1032 |     36.002 |     5.2
   29 |   0.9904 |     33.717 |   1.0724 |     36.065 |     5.4
   30 |   0.9793 |     33.566 |   1.0766 |     35.599 |     5.6
   31 |   0.9670 |     32.685 |   1.0749 |     35.258 |     5.8
   32 |   0.9625 |     33.052 |   1.0932 |     36.251 |     6.0
   33 |   0.9539 |     32.485 |   1.0794 |     34.854 |     6.2
Early stopping

Model: Seq2Seq Transformer
Source index: <Seq2Seq Index with 43 items>
Target index: <Seq2Seq Index with 34 items>
Max sequence length: 800
Embedding dimension: 128
Feedforward dimension: 64
Encoder layers: 2
Decoder layers: 2
Attention heads: 2
Activation: relu
Dropout: 0.2
Trainable parameters: 582,306

Training started
X_train.shape: torch.Size([3085, 702])
Y_train.shape: torch.Size([3085, 7])
X_dev.shape: torch.Size([537, 649])
Y_dev.shape: torch.Size([537, 7])
Epochs: 500
Learning rate: 0.0001
Weight decay: 1e-05
Epoch | Train                 | Development           | Minutes
      | Loss     | Error Rate | Loss     | Error Rate |
---------------------------------------------------------------
    1 |   2.4868 |     62.112 |   1.7144 |     47.083 |     0.1
    2 |   1.6697 |     46.834 |   1.4841 |     46.431 |     0.2
    3 |   1.4948 |     46.229 |   1.4225 |     45.996 |     0.2
    4 |   1.4307 |     45.986 |   1.3722 |     46.338 |     0.3
    5 |   1.3805 |     45.235 |   1.3257 |     45.531 |     0.4
    6 |   1.3462 |     44.716 |   1.2856 |     43.110 |     0.5
    7 |   1.3098 |     43.776 |   1.2630 |     42.241 |     0.6
    8 |   1.2864 |     43.252 |   1.2458 |     41.837 |     0.6
    9 |   1.2619 |     42.474 |   1.2227 |     41.837 |     0.7
   10 |   1.2429 |     42.058 |   1.2104 |     41.465 |     0.8
   11 |   1.2277 |     41.561 |   1.2016 |     40.937 |     0.9
   12 |   1.2124 |     41.070 |   1.1953 |     40.627 |     1.0
   13 |   1.1983 |     40.767 |   1.1823 |     40.006 |     1.0
   14 |   1.1865 |     40.486 |   1.1950 |     40.379 |     1.1
   15 |   1.1724 |     40.162 |   1.1689 |     39.292 |     1.2
   16 |   1.1605 |     39.757 |   1.1748 |     39.261 |     1.3
   17 |   1.1470 |     39.465 |   1.1568 |     38.734 |     1.4
   18 |   1.1416 |     39.168 |   1.1716 |     39.199 |     1.4
   19 |   1.1273 |     39.168 |   1.1596 |     39.448 |     1.5
   20 |   1.1209 |     38.930 |   1.1533 |     38.703 |     1.6
   21 |   1.1091 |     38.255 |   1.1458 |     37.772 |     1.7
   22 |   1.1000 |     37.736 |   1.1576 |     38.982 |     1.8
   23 |   1.0954 |     38.163 |   1.1366 |     38.020 |     1.8
   24 |   1.0855 |     37.374 |   1.1470 |     37.834 |     1.9
   25 |   1.0730 |     36.704 |   1.1214 |     37.182 |     2.0
   26 |   1.0655 |     36.623 |   1.1333 |     37.492 |     2.1
   27 |   1.0527 |     36.170 |   1.1044 |     36.530 |     2.2
   28 |   1.0496 |     36.051 |   1.1214 |     37.213 |     2.2
   29 |   1.0359 |     35.689 |   1.1145 |     36.375 |     2.3
   30 |   1.0297 |     35.602 |   1.1204 |     36.282 |     2.4
   31 |   1.0234 |     35.132 |   1.1110 |     37.027 |     2.5
   32 |   1.0196 |     35.159 |   1.1017 |     36.375 |     2.6
   33 |   1.0103 |     34.819 |   1.1134 |     36.468 |     2.6
   34 |   0.9994 |     34.295 |   1.1074 |     35.816 |     2.7
   35 |   0.9878 |     33.674 |   1.0966 |     35.630 |     2.8
   36 |   0.9840 |     33.420 |   1.0890 |     35.320 |     2.9
   37 |   0.9724 |     33.366 |   1.0982 |     36.002 |     3.0
   38 |   0.9734 |     33.420 |   1.1000 |     35.227 |     3.0
   39 |   0.9605 |     32.831 |   1.1154 |     36.468 |     3.1
   40 |   0.9594 |     32.998 |   1.0970 |     35.692 |     3.2
Early stopping

Model: Seq2Seq Transformer
Source index: <Seq2Seq Index with 43 items>
Target index: <Seq2Seq Index with 34 items>
Max sequence length: 800
Embedding dimension: 64
Feedforward dimension: 256
Encoder layers: 2
Decoder layers: 3
Attention heads: 2
Activation: relu
Dropout: 0.0
Trainable parameters: 358,818

Training started
X_train.shape: torch.Size([3085, 702])
Y_train.shape: torch.Size([3085, 7])
X_dev.shape: torch.Size([537, 649])
Y_dev.shape: torch.Size([537, 7])
Epochs: 500
Learning rate: 0.0001
Weight decay: 0.0001
Epoch | Train                 | Development           | Minutes
      | Loss     | Error Rate | Loss     | Error Rate |
---------------------------------------------------------------
    1 |   2.3853 |     58.277 |   1.8239 |     47.331 |     0.1
    2 |   1.6590 |     46.197 |   1.5682 |     45.376 |     0.1
    3 |   1.4972 |     44.743 |   1.4624 |     45.158 |     0.2
    4 |   1.4178 |     44.063 |   1.3945 |     44.662 |     0.3
    5 |   1.3645 |     43.522 |   1.3512 |     41.465 |     0.3
    6 |   1.3232 |     42.744 |   1.3181 |     43.141 |     0.4
    7 |   1.2869 |     41.821 |   1.2788 |     40.937 |     0.5
    8 |   1.2545 |     41.059 |   1.2590 |     41.061 |     0.5
    9 |   1.2272 |     40.384 |   1.2308 |     40.782 |     0.6
   10 |   1.2002 |     39.941 |   1.2198 |     40.534 |     0.7
   11 |   1.1759 |     39.227 |   1.1875 |     39.541 |     0.7
   12 |   1.1522 |     38.655 |   1.1710 |     38.454 |     0.8
   13 |   1.1326 |     37.855 |   1.1548 |     38.020 |     0.9
   14 |   1.1134 |     37.488 |   1.1379 |     37.337 |     0.9
   15 |   1.0950 |     37.126 |   1.1186 |     37.306 |     1.0
   16 |   1.0761 |     36.526 |   1.1158 |     37.151 |     1.1
   17 |   1.0610 |     36.148 |   1.0958 |     36.654 |     1.1
   18 |   1.0422 |     35.262 |   1.0878 |     37.058 |     1.2
   19 |   1.0296 |     34.927 |   1.0877 |     35.971 |     1.3
   20 |   1.0154 |     34.392 |   1.0807 |     35.754 |     1.3
   21 |   1.0032 |     34.263 |   1.0677 |     34.854 |     1.4
   22 |   0.9866 |     33.679 |   1.0618 |     34.978 |     1.5
   23 |   0.9734 |     33.058 |   1.0596 |     35.692 |     1.5
   24 |   0.9607 |     32.491 |   1.0441 |     34.327 |     1.6
   25 |   0.9463 |     32.091 |   1.0458 |     35.444 |     1.7
   26 |   0.9341 |     31.545 |   1.0308 |     34.327 |     1.7
   27 |   0.9248 |     31.464 |   1.0276 |     33.861 |     1.8
   28 |   0.9134 |     31.210 |   1.0147 |     33.085 |     1.9
   29 |   0.9009 |     30.459 |   1.0360 |     33.799 |     1.9
   30 |   0.8903 |     29.924 |   1.0378 |     33.830 |     2.0
   31 |   0.8828 |     30.140 |   1.0162 |     33.644 |     2.1
   32 |   0.8679 |     29.541 |   1.0084 |     33.147 |     2.1
   33 |   0.8562 |     29.438 |   1.0045 |     32.930 |     2.2
   34 |   0.8483 |     28.541 |   0.9973 |     32.588 |     2.3
   35 |   0.8361 |     28.277 |   0.9998 |     32.185 |     2.3
   36 |   0.8272 |     27.963 |   1.0107 |     33.178 |     2.4
   37 |   0.8156 |     27.482 |   0.9855 |     32.061 |     2.5
   38 |   0.8015 |     27.266 |   0.9819 |     31.037 |     2.5
   39 |   0.7938 |     26.672 |   0.9937 |     32.464 |     2.6
   40 |   0.7829 |     26.397 |   0.9878 |     32.340 |     2.7
   41 |   0.7746 |     26.364 |   0.9930 |     32.651 |     2.7
   42 |   0.7661 |     25.932 |   0.9769 |     32.061 |     2.8
   43 |   0.7568 |     25.511 |   0.9827 |     31.161 |     2.9
   44 |   0.7449 |     25.224 |   0.9741 |     31.750 |     2.9
   45 |   0.7390 |     24.851 |   0.9997 |     32.216 |     3.0
   46 |   0.7296 |     24.760 |   0.9797 |     31.409 |     3.1
   47 |   0.7192 |     24.165 |   0.9867 |     30.447 |     3.1
   48 |   0.7061 |     23.971 |   0.9747 |     31.471 |     3.2
Early stopping

Model: Seq2Seq Transformer
Source index: <Seq2Seq Index with 43 items>
Target index: <Seq2Seq Index with 34 items>
Max sequence length: 800
Embedding dimension: 128
Feedforward dimension: 64
Encoder layers: 4
Decoder layers: 2
Attention heads: 2
Activation: relu
Dropout: 0.2
Trainable parameters: 748,578

Training started
X_train.shape: torch.Size([3085, 702])
Y_train.shape: torch.Size([3085, 7])
X_dev.shape: torch.Size([537, 649])
Y_dev.shape: torch.Size([537, 7])
Epochs: 500
Learning rate: 0.001
Weight decay: 1e-05
Epoch | Train                 | Development           | Minutes
      | Loss     | Error Rate | Loss     | Error Rate |
---------------------------------------------------------------
    1 |   1.6123 |     48.757 |   1.3331 |     45.407 |     0.1
    2 |   1.3378 |     45.797 |   1.2840 |     44.072 |     0.3
    3 |   1.2896 |     44.905 |   1.2578 |     44.879 |     0.4
    4 |   1.2542 |     44.333 |   1.2378 |     45.096 |     0.5
    5 |   1.2366 |     44.025 |   1.2129 |     43.203 |     0.7
    6 |   1.2160 |     43.409 |   1.1955 |     41.993 |     0.8
    7 |   1.2030 |     43.020 |   1.1926 |     41.744 |     0.9
    8 |   1.1820 |     42.123 |   1.1905 |     41.310 |     1.1
    9 |   1.1723 |     42.021 |   1.1589 |     39.944 |     1.2
   10 |   1.1610 |     41.583 |   1.1852 |     41.279 |     1.4
   11 |   1.1536 |     41.302 |   1.1838 |     42.427 |     1.5
   12 |   1.1454 |     41.140 |   1.1651 |     41.620 |     1.6
   13 |   1.1339 |     40.551 |   1.1279 |     39.944 |     1.8
   14 |   1.1283 |     40.416 |   1.1520 |     41.092 |     1.9
   15 |   1.1222 |     40.124 |   1.1276 |     40.068 |     2.0
   16 |   1.1220 |     40.670 |   1.1587 |     41.775 |     2.2
   17 |   1.1276 |     40.870 |   1.1450 |     40.968 |     2.3
   18 |   1.1183 |     40.113 |   1.1569 |     42.241 |     2.4
   19 |   1.1132 |     40.286 |   1.1656 |     43.141 |     2.6
Early stopping

Model: Seq2Seq Transformer
Source index: <Seq2Seq Index with 43 items>
Target index: <Seq2Seq Index with 34 items>
Max sequence length: 800
Embedding dimension: 128
Feedforward dimension: 64
Encoder layers: 4
Decoder layers: 3
Attention heads: 4
Activation: relu
Dropout: 0.0
Trainable parameters: 898,018

Training started
X_train.shape: torch.Size([3085, 702])
Y_train.shape: torch.Size([3085, 7])
X_dev.shape: torch.Size([537, 649])
Y_dev.shape: torch.Size([537, 7])
Epochs: 500
Learning rate: 0.001
Weight decay: 0.0001
Epoch | Train                 | Development           | Minutes
      | Loss     | Error Rate | Loss     | Error Rate |
---------------------------------------------------------------
    1 |   1.5292 |     48.277 |   1.2818 |     44.817 |     0.2
    2 |   1.2456 |     43.965 |   1.2226 |     43.669 |     0.3
    3 |   1.1926 |     42.728 |   1.1880 |     42.520 |     0.5
    4 |   1.1653 |     42.426 |   1.1743 |     43.017 |     0.7
    5 |   1.1410 |     41.648 |   1.1419 |     41.186 |     0.8
    6 |   1.1263 |     41.399 |   1.1607 |     41.589 |     1.0
    7 |   1.1148 |     41.324 |   1.1212 |     40.472 |     1.2
    8 |   1.0969 |     40.335 |   1.1153 |     41.186 |     1.4
    9 |   1.0819 |     39.508 |   1.1070 |     41.248 |     1.5
   10 |   1.0747 |     39.584 |   1.1203 |     40.844 |     1.7
   11 |   1.0661 |     39.292 |   1.1006 |     39.696 |     1.9
   12 |   1.0457 |     38.585 |   1.0840 |     39.727 |     2.0
   13 |   1.0385 |     38.422 |   1.0818 |     39.168 |     2.2
   14 |   1.0326 |     38.093 |   1.0885 |     38.579 |     2.4
   15 |   1.0243 |     38.066 |   1.0613 |     37.120 |     2.5
   16 |   1.0116 |     37.185 |   1.0679 |     38.951 |     2.7
   17 |   1.0006 |     37.342 |   1.0626 |     38.237 |     2.9
   18 |   0.9966 |     36.991 |   1.0550 |     38.268 |     3.1
   19 |   0.9909 |     36.818 |   1.0489 |     37.554 |     3.2
   20 |   0.9723 |     36.197 |   1.0265 |     37.306 |     3.4
   21 |   0.9558 |     35.597 |   1.0205 |     35.878 |     3.6
   22 |   0.9387 |     34.803 |   1.0152 |     36.158 |     3.7
   23 |   0.9339 |     34.538 |   1.0410 |     37.927 |     3.9
   24 |   0.9232 |     34.122 |   1.0035 |     35.568 |     4.1
   25 |   0.9111 |     33.598 |   1.0040 |     35.444 |     4.3
   26 |   0.8987 |     32.728 |   1.0074 |     36.685 |     4.4
   27 |   0.8958 |     32.831 |   1.0042 |     34.699 |     4.6
   28 |   0.8754 |     31.745 |   1.0222 |     35.227 |     4.8
   29 |   0.8629 |     31.464 |   0.9975 |     34.389 |     4.9
   30 |   0.8537 |     31.135 |   1.0101 |     35.102 |     5.1
   31 |   0.8482 |     31.086 |   0.9808 |     33.613 |     5.3
   32 |   0.8381 |     30.708 |   0.9764 |     33.520 |     5.4
   33 |   0.8209 |     30.254 |   0.9880 |     34.637 |     5.6
   34 |   0.8139 |     29.514 |   1.0060 |     34.420 |     5.8
   35 |   0.7980 |     28.644 |   0.9920 |     34.978 |     6.0
   36 |   0.7861 |     28.703 |   0.9845 |     33.085 |     6.1
   37 |   0.7697 |     27.958 |   0.9674 |     33.209 |     6.3
   38 |   0.7583 |     27.407 |   0.9719 |     32.744 |     6.5
   39 |   0.7690 |     28.006 |   1.0001 |     33.892 |     6.6
   40 |   0.7437 |     27.137 |   0.9854 |     32.930 |     6.8
   41 |   0.7376 |     26.883 |   0.9833 |     32.682 |     7.0
Early stopping

Model: Seq2Seq Transformer
Source index: <Seq2Seq Index with 43 items>
Target index: <Seq2Seq Index with 34 items>
Max sequence length: 800
Embedding dimension: 64
Feedforward dimension: 256
Encoder layers: 4
Decoder layers: 4
Attention heads: 2
Activation: relu
Dropout: 0.0
Trainable parameters: 525,538

Training started
X_train.shape: torch.Size([3085, 702])
Y_train.shape: torch.Size([3085, 7])
X_dev.shape: torch.Size([537, 649])
Y_dev.shape: torch.Size([537, 7])
Epochs: 500
Learning rate: 0.0001
Weight decay: 1e-05
Epoch | Train                 | Development           | Minutes
      | Loss     | Error Rate | Loss     | Error Rate |
---------------------------------------------------------------
    1 |   2.2568 |     54.057 |   1.6964 |     46.431 |     0.1
    2 |   1.5792 |     46.094 |   1.5286 |     46.120 |     0.2
    3 |   1.4703 |     45.732 |   1.4465 |     45.934 |     0.3
    4 |   1.4007 |     44.500 |   1.3822 |     44.320 |     0.4
    5 |   1.3497 |     43.782 |   1.3337 |     44.538 |     0.6
    6 |   1.3084 |     43.214 |   1.2989 |     43.079 |     0.7
    7 |   1.2733 |     42.339 |   1.2713 |     41.527 |     0.8
    8 |   1.2446 |     41.486 |   1.2402 |     42.024 |     0.9
    9 |   1.2143 |     40.940 |   1.2265 |     40.937 |     1.0
   10 |   1.1926 |     40.254 |   1.1977 |     39.510 |     1.1
   11 |   1.1660 |     39.535 |   1.2104 |     40.627 |     1.2
   12 |   1.1502 |     38.806 |   1.1629 |     38.703 |     1.3
   13 |   1.1228 |     38.098 |   1.1472 |     37.772 |     1.5
   14 |   1.1037 |     37.553 |   1.1349 |     37.989 |     1.6
   15 |   1.0782 |     36.364 |   1.1053 |     36.282 |     1.7
   16 |   1.0566 |     35.727 |   1.0984 |     36.251 |     1.8
   17 |   1.0396 |     35.262 |   1.0902 |     36.716 |     1.9
   18 |   1.0154 |     34.306 |   1.0668 |     34.730 |     2.0
   19 |   0.9996 |     33.814 |   1.0606 |     34.637 |     2.1
   20 |   0.9742 |     32.842 |   1.0457 |     34.016 |     2.2
   21 |   0.9592 |     32.328 |   1.0339 |     33.737 |     2.4
   22 |   0.9420 |     31.794 |   1.0261 |     33.054 |     2.5
   23 |   0.9209 |     30.935 |   1.0363 |     33.054 |     2.6
   24 |   0.9088 |     30.535 |   1.0147 |     33.178 |     2.7
   25 |   0.8864 |     29.822 |   1.0092 |     32.619 |     2.8
   26 |   0.8703 |     29.001 |   0.9994 |     31.782 |     2.9
   27 |   0.8564 |     28.590 |   0.9696 |     32.247 |     3.0
   28 |   0.8317 |     27.709 |   0.9981 |     31.906 |     3.1
   29 |   0.8200 |     27.526 |   0.9683 |     31.285 |     3.3
   30 |   0.7985 |     26.731 |   0.9839 |     31.285 |     3.4
   31 |   0.7889 |     26.753 |   0.9887 |     31.657 |     3.5
   32 |   0.7733 |     25.910 |   0.9691 |     31.409 |     3.6
   33 |   0.7584 |     25.165 |   0.9650 |     30.788 |     3.7
   34 |   0.7419 |     24.808 |   0.9653 |     30.944 |     3.8
   35 |   0.7203 |     23.895 |   0.9745 |     31.626 |     3.9
   36 |   0.7059 |     23.652 |   0.9836 |     31.037 |     4.0
   37 |   0.6927 |     22.971 |   0.9602 |     30.416 |     4.2
   38 |   0.6772 |     22.496 |   0.9627 |     30.199 |     4.3
   39 |   0.6653 |     21.967 |   0.9700 |     30.633 |     4.4
   40 |   0.6514 |     21.756 |   0.9850 |     30.199 |     4.5
   41 |   0.6326 |     21.070 |   0.9467 |     30.416 |     4.6
   42 |   0.6222 |     20.556 |   0.9701 |     30.385 |     4.7
   43 |   0.6091 |     20.319 |   0.9762 |     30.540 |     4.8
   44 |   0.5895 |     19.638 |   0.9745 |     30.012 |     4.9
   45 |   0.5744 |     18.871 |   0.9911 |     30.757 |     5.1
Early stopping

Model: Seq2Seq Transformer
Source index: <Seq2Seq Index with 43 items>
Target index: <Seq2Seq Index with 34 items>
Max sequence length: 800
Embedding dimension: 64
Feedforward dimension: 256
Encoder layers: 4
Decoder layers: 4
Attention heads: 4
Activation: relu
Dropout: 0.1
Trainable parameters: 525,538

Training started
X_train.shape: torch.Size([3085, 702])
Y_train.shape: torch.Size([3085, 7])
X_dev.shape: torch.Size([537, 649])
Y_dev.shape: torch.Size([537, 7])
Epochs: 500
Learning rate: 0.0001
Weight decay: 0.0001
Epoch | Train                 | Development           | Minutes
      | Loss     | Error Rate | Loss     | Error Rate |
---------------------------------------------------------------
    1 |   2.5259 |     59.919 |   1.8481 |     46.462 |     0.2
    2 |   1.7618 |     46.505 |   1.5827 |     46.431 |     0.3
    3 |   1.5775 |     46.094 |   1.4888 |     45.562 |     0.5
    4 |   1.4885 |     45.554 |   1.4236 |     45.313 |     0.7
    5 |   1.4361 |     45.327 |   1.3779 |     45.189 |     0.9
    6 |   1.3951 |     44.949 |   1.3456 |     44.755 |     1.0
    7 |   1.3613 |     44.489 |   1.3113 |     44.072 |     1.2
    8 |   1.3291 |     43.782 |   1.2915 |     43.172 |     1.4
    9 |   1.3097 |     43.630 |   1.2594 |     42.272 |     1.5
   10 |   1.2866 |     42.761 |   1.2500 |     41.713 |     1.7
   11 |   1.2679 |     42.604 |   1.2399 |     41.930 |     1.9
   12 |   1.2502 |     42.069 |   1.2126 |     41.155 |     2.1
   13 |   1.2335 |     41.767 |   1.2013 |     41.310 |     2.2
   14 |   1.2199 |     41.383 |   1.1977 |     41.341 |     2.4
   15 |   1.2064 |     41.043 |   1.1805 |     40.782 |     2.6
   16 |   1.1968 |     40.881 |   1.1743 |     40.720 |     2.8
   17 |   1.1827 |     40.373 |   1.1664 |     40.565 |     2.9
   18 |   1.1723 |     40.119 |   1.1568 |     40.099 |     3.1
   19 |   1.1596 |     39.687 |   1.1406 |     39.137 |     3.3
   20 |   1.1482 |     39.352 |   1.1371 |     39.385 |     3.4
   21 |   1.1360 |     39.298 |   1.1346 |     39.106 |     3.6
   22 |   1.1245 |     38.806 |   1.1250 |     38.423 |     3.8
   23 |   1.1158 |     38.476 |   1.1089 |     38.485 |     4.0
   24 |   1.1104 |     38.466 |   1.1002 |     37.834 |     4.1
   25 |   1.0947 |     37.682 |   1.1012 |     37.461 |     4.3
   26 |   1.0860 |     37.428 |   1.0921 |     36.840 |     4.5
   27 |   1.0748 |     36.975 |   1.0900 |     37.244 |     4.7
   28 |   1.0629 |     36.326 |   1.0659 |     35.847 |     4.8
   29 |   1.0509 |     36.299 |   1.0701 |     36.282 |     5.0
   30 |   1.0436 |     35.667 |   1.0706 |     36.934 |     5.2
   31 |   1.0356 |     35.532 |   1.0659 |     35.909 |     5.4
   32 |   1.0287 |     35.240 |   1.0565 |     35.351 |     5.5
   33 |   1.0199 |     34.706 |   1.0456 |     35.289 |     5.7
   34 |   1.0095 |     34.398 |   1.0406 |     34.885 |     5.9
   35 |   1.0023 |     34.398 |   1.0385 |     34.544 |     6.0
   36 |   0.9905 |     33.841 |   1.0275 |     34.761 |     6.2
   37 |   0.9801 |     33.198 |   1.0224 |     34.264 |     6.4
   38 |   0.9767 |     33.166 |   1.0176 |     33.768 |     6.6
   39 |   0.9688 |     33.020 |   1.0125 |     33.923 |     6.7
   40 |   0.9572 |     32.734 |   1.0152 |     34.730 |     6.9
   41 |   0.9542 |     32.334 |   1.0012 |     33.644 |     7.1
   42 |   0.9467 |     32.372 |   1.0036 |     33.178 |     7.2
   43 |   0.9360 |     31.734 |   1.0081 |     33.147 |     7.4
   44 |   0.9319 |     31.637 |   0.9879 |     32.806 |     7.6
   45 |   0.9235 |     31.302 |   0.9914 |     32.837 |     7.8
   46 |   0.9124 |     30.967 |   0.9910 |     32.775 |     7.9
   47 |   0.9079 |     31.156 |   0.9825 |     32.154 |     8.1
   48 |   0.8994 |     30.308 |   0.9842 |     32.744 |     8.3
   49 |   0.8914 |     30.357 |   0.9842 |     32.309 |     8.5
   50 |   0.8862 |     30.038 |   0.9861 |     32.402 |     8.6
   51 |   0.8827 |     29.968 |   0.9824 |     32.402 |     8.8
   52 |   0.8757 |     30.022 |   0.9765 |     32.216 |     9.0
   53 |   0.8634 |     29.390 |   0.9676 |     31.533 |     9.1
   54 |   0.8623 |     29.384 |   0.9789 |     31.533 |     9.3
   55 |   0.8541 |     29.390 |   0.9649 |     31.533 |     9.5
   56 |   0.8454 |     28.892 |   0.9708 |     31.254 |     9.7
   57 |   0.8359 |     28.579 |   0.9671 |     31.471 |     9.8
   58 |   0.8386 |     28.790 |   0.9779 |     31.564 |    10.0
   59 |   0.8304 |     28.368 |   0.9585 |     31.099 |    10.2
   60 |   0.8264 |     28.433 |   0.9658 |     31.471 |    10.3
   61 |   0.8160 |     27.580 |   0.9627 |     31.533 |    10.5
   62 |   0.8129 |     27.531 |   0.9624 |     31.254 |    10.7
   63 |   0.8026 |     27.704 |   0.9628 |     31.533 |    10.9
   64 |   0.8018 |     27.942 |   0.9525 |     30.819 |    11.0
   65 |   0.7928 |     27.120 |   0.9608 |     30.975 |    11.2
   66 |   0.7878 |     26.926 |   0.9614 |     31.037 |    11.4
   67 |   0.7843 |     26.759 |   0.9612 |     30.944 |    11.6
   68 |   0.7759 |     26.802 |   0.9614 |     30.944 |    11.7
Early stopping

Model: Seq2Seq Transformer
Source index: <Seq2Seq Index with 43 items>
Target index: <Seq2Seq Index with 34 items>
Max sequence length: 800
Embedding dimension: 64
Feedforward dimension: 128
Encoder layers: 4
Decoder layers: 2
Attention heads: 4
Activation: relu
Dropout: 0.0
Trainable parameters: 292,962

Training started
X_train.shape: torch.Size([3085, 702])
Y_train.shape: torch.Size([3085, 7])
X_dev.shape: torch.Size([537, 649])
Y_dev.shape: torch.Size([537, 7])
Epochs: 500
Learning rate: 0.0001
Weight decay: 0.0001
Epoch | Train                 | Development           | Minutes
      | Loss     | Error Rate | Loss     | Error Rate |
---------------------------------------------------------------
    1 |   2.5582 |     57.753 |   1.9948 |     47.424 |     0.1
    2 |   1.7630 |     46.359 |   1.6423 |     46.431 |     0.3
    3 |   1.5557 |     46.018 |   1.5294 |     46.431 |     0.4
    4 |   1.4706 |     45.478 |   1.4546 |     44.693 |     0.5
    5 |   1.4112 |     44.495 |   1.4014 |     45.065 |     0.7
    6 |   1.3641 |     43.571 |   1.3590 |     43.296 |     0.8
    7 |   1.3260 |     42.793 |   1.3270 |     43.172 |     1.0
    8 |   1.2907 |     42.166 |   1.2903 |     41.899 |     1.1
    9 |   1.2627 |     41.572 |   1.2625 |     41.434 |     1.2
   10 |   1.2339 |     41.021 |   1.2389 |     41.279 |     1.4
   11 |   1.2093 |     40.465 |   1.2192 |     40.782 |     1.5
   12 |   1.1846 |     39.708 |   1.2043 |     39.758 |     1.6
   13 |   1.1650 |     39.065 |   1.1862 |     39.541 |     1.8
   14 |   1.1448 |     38.595 |   1.1702 |     38.516 |     1.9
   15 |   1.1305 |     38.185 |   1.1646 |     39.323 |     2.1
   16 |   1.1109 |     37.466 |   1.1450 |     37.492 |     2.2
   17 |   1.0941 |     36.775 |   1.1443 |     37.958 |     2.3
   18 |   1.0782 |     36.494 |   1.1258 |     36.965 |     2.5
   19 |   1.0653 |     35.932 |   1.1166 |     37.523 |     2.6
   20 |   1.0471 |     35.343 |   1.1075 |     36.002 |     2.8
   21 |   1.0302 |     34.635 |   1.0866 |     35.692 |     2.9
   22 |   1.0182 |     34.376 |   1.0808 |     35.506 |     3.0
   23 |   1.0073 |     33.998 |   1.0736 |     35.816 |     3.2
   24 |   0.9890 |     33.668 |   1.0968 |     36.809 |     3.3
   25 |   0.9792 |     32.863 |   1.0640 |     35.102 |     3.4
   26 |   0.9651 |     32.582 |   1.0515 |     34.668 |     3.6
   27 |   0.9515 |     31.956 |   1.0493 |     35.196 |     3.7
   28 |   0.9420 |     31.826 |   1.0616 |     35.971 |     3.9
   29 |   0.9281 |     31.253 |   1.0423 |     34.761 |     4.0
   30 |   0.9162 |     30.843 |   1.0421 |     34.513 |     4.1
   31 |   0.9037 |     30.556 |   1.0438 |     34.264 |     4.3
   32 |   0.8927 |     30.216 |   1.0400 |     35.320 |     4.4
   33 |   0.8826 |     29.762 |   1.0206 |     33.985 |     4.5
   34 |   0.8688 |     29.222 |   1.0447 |     34.482 |     4.7
   35 |   0.8589 |     28.887 |   1.0331 |     35.071 |     4.8
   36 |   0.8485 |     28.639 |   1.0303 |     34.264 |     5.0
   37 |   0.8410 |     28.196 |   1.0259 |     34.451 |     5.1
   38 |   0.8304 |     27.774 |   1.0136 |     34.140 |     5.2
   39 |   0.8188 |     27.504 |   1.0103 |     34.389 |     5.4
   40 |   0.8077 |     27.072 |   1.0173 |     33.923 |     5.5
   41 |   0.7953 |     26.629 |   1.0128 |     33.551 |     5.6
   42 |   0.7909 |     26.553 |   1.0047 |     33.675 |     5.8
   43 |   0.7749 |     25.862 |   1.0172 |     34.109 |     5.9
   44 |   0.7698 |     25.683 |   1.0142 |     33.768 |     6.1
   45 |   0.7583 |     25.230 |   1.0197 |     33.706 |     6.2
   46 |   0.7490 |     25.251 |   1.0137 |     33.830 |     6.3
   47 |   0.7417 |     24.911 |   1.0025 |     32.930 |     6.5
   48 |   0.7315 |     24.322 |   1.0054 |     33.302 |     6.6
   49 |   0.7217 |     24.144 |   1.0035 |     33.240 |     6.8
   50 |   0.7123 |     23.890 |   1.0294 |     33.985 |     6.9
   51 |   0.7034 |     23.598 |   1.0062 |     33.489 |     7.0
Early stopping

Model: Seq2Seq Transformer
Source index: <Seq2Seq Index with 43 items>
Target index: <Seq2Seq Index with 34 items>
Max sequence length: 800
Embedding dimension: 128
Feedforward dimension: 64
Encoder layers: 2
Decoder layers: 4
Attention heads: 4
Activation: relu
Dropout: 0.1
Trainable parameters: 881,186

Training started
X_train.shape: torch.Size([3085, 702])
Y_train.shape: torch.Size([3085, 7])
X_dev.shape: torch.Size([537, 649])
Y_dev.shape: torch.Size([537, 7])
Epochs: 500
Learning rate: 0.0001
Weight decay: 0.0001
Epoch | Train                 | Development           | Minutes
      | Loss     | Error Rate | Loss     | Error Rate |
---------------------------------------------------------------
    1 |   2.2895 |     56.872 |   1.5896 |     45.965 |     0.1
    2 |   1.5587 |     46.299 |   1.4226 |     44.258 |     0.2
    3 |   1.4313 |     45.359 |   1.3570 |     44.724 |     0.4
    4 |   1.3676 |     44.354 |   1.3011 |     43.172 |     0.5
    5 |   1.3228 |     43.879 |   1.2683 |     41.993 |     0.6
    6 |   1.2810 |     42.890 |   1.2253 |     40.565 |     0.7
    7 |   1.2465 |     41.653 |   1.2081 |     40.503 |     0.8
    8 |   1.2199 |     41.086 |   1.1847 |     40.255 |     1.0
    9 |   1.1956 |     40.394 |   1.1672 |     39.261 |     1.1
   10 |   1.1786 |     39.968 |   1.1475 |     38.858 |     1.2
   11 |   1.1542 |     39.265 |   1.1399 |     38.858 |     1.3
   12 |   1.1352 |     38.768 |   1.1227 |     37.244 |     1.4
   13 |   1.1247 |     38.390 |   1.1103 |     37.089 |     1.6
   14 |   1.1048 |     37.769 |   1.0879 |     36.747 |     1.7
   15 |   1.0883 |     37.158 |   1.0891 |     36.251 |     1.8
   16 |   1.0793 |     37.061 |   1.0784 |     35.816 |     1.9
   17 |   1.0604 |     36.261 |   1.0665 |     35.661 |     2.0
   18 |   1.0489 |     36.040 |   1.0626 |     35.382 |     2.2
   19 |   1.0341 |     35.440 |   1.0422 |     34.854 |     2.3
   20 |   1.0163 |     34.738 |   1.0658 |     36.158 |     2.4
   21 |   1.0103 |     34.776 |   1.0368 |     34.606 |     2.5
   22 |   0.9995 |     34.543 |   1.0370 |     34.730 |     2.6
   23 |   0.9828 |     33.852 |   1.0262 |     34.792 |     2.8
   24 |   0.9668 |     33.328 |   1.0290 |     34.730 |     2.9
   25 |   0.9563 |     32.442 |   1.0172 |     33.830 |     3.0
   26 |   0.9458 |     32.274 |   1.0122 |     33.861 |     3.1
   27 |   0.9353 |     32.242 |   1.0029 |     33.954 |     3.2
   28 |   0.9199 |     31.702 |   0.9999 |     33.489 |     3.4
   29 |   0.9130 |     31.291 |   1.0107 |     33.333 |     3.5
   30 |   0.9003 |     30.881 |   0.9969 |     33.675 |     3.6
   31 |   0.8845 |     30.227 |   0.9940 |     33.209 |     3.7
   32 |   0.8803 |     30.162 |   1.0007 |     34.047 |     3.8
   33 |   0.8689 |     29.924 |   1.0175 |     33.489 |     4.0
   34 |   0.8578 |     29.114 |   0.9979 |     33.209 |     4.1
   35 |   0.8503 |     29.244 |   0.9817 |     31.875 |     4.2
   36 |   0.8417 |     28.763 |   0.9751 |     32.247 |     4.3
   37 |   0.8297 |     28.298 |   0.9859 |     33.116 |     4.4
   38 |   0.8150 |     27.871 |   0.9813 |     32.278 |     4.5
   39 |   0.8067 |     27.418 |   0.9953 |     32.899 |     4.7
   40 |   0.8050 |     27.844 |   0.9832 |     32.123 |     4.8
Early stopping

Model: Seq2Seq Transformer
Source index: <Seq2Seq Index with 43 items>
Target index: <Seq2Seq Index with 34 items>
Max sequence length: 800
Embedding dimension: 128
Feedforward dimension: 128
Encoder layers: 4
Decoder layers: 2
Attention heads: 2
Activation: relu
Dropout: 0.2
Trainable parameters: 847,266

Training started
X_train.shape: torch.Size([3085, 702])
Y_train.shape: torch.Size([3085, 7])
X_dev.shape: torch.Size([537, 649])
Y_dev.shape: torch.Size([537, 7])
Epochs: 500
Learning rate: 0.0001
Weight decay: 0.0001
Epoch | Train                 | Development           | Minutes
      | Loss     | Error Rate | Loss     | Error Rate |
---------------------------------------------------------------
    1 |   2.4500 |     60.967 |   1.7067 |     46.058 |     0.1
    2 |   1.6725 |     46.829 |   1.4824 |     46.058 |     0.3
    3 |   1.4981 |     46.542 |   1.4258 |     45.810 |     0.4
    4 |   1.4301 |     45.932 |   1.3688 |     45.965 |     0.5
    5 |   1.3847 |     45.570 |   1.3364 |     45.251 |     0.7
    6 |   1.3454 |     44.846 |   1.2907 |     43.979 |     0.8
    7 |   1.3171 |     44.111 |   1.2655 |     42.800 |     1.0
    8 |   1.2879 |     43.393 |   1.2521 |     41.962 |     1.1
    9 |   1.2640 |     42.782 |   1.2225 |     41.868 |     1.2
   10 |   1.2453 |     42.291 |   1.2124 |     40.968 |     1.4
   11 |   1.2333 |     42.075 |   1.1941 |     40.472 |     1.5
   12 |   1.2175 |     41.772 |   1.1935 |     40.596 |     1.7
   13 |   1.2006 |     40.967 |   1.1924 |     40.192 |     1.8
   14 |   1.1858 |     40.740 |   1.1680 |     39.230 |     1.9
   15 |   1.1683 |     40.043 |   1.1948 |     39.479 |     2.1
   16 |   1.1562 |     39.584 |   1.1581 |     38.796 |     2.2
   17 |   1.1401 |     39.200 |   1.1598 |     38.454 |     2.3
   18 |   1.1300 |     38.887 |   1.1551 |     38.392 |     2.5
   19 |   1.1151 |     38.422 |   1.1481 |     38.144 |     2.6
   20 |   1.0953 |     37.726 |   1.1817 |     39.137 |     2.8
   21 |   1.0874 |     37.310 |   1.1678 |     37.989 |     2.9
   22 |   1.0749 |     36.548 |   1.1678 |     38.889 |     3.0
   23 |   1.0624 |     36.267 |   1.1524 |     37.927 |     3.2
Early stopping

Model: Seq2Seq Transformer
Source index: <Seq2Seq Index with 43 items>
Target index: <Seq2Seq Index with 34 items>
Max sequence length: 800
Embedding dimension: 64
Feedforward dimension: 128
Encoder layers: 4
Decoder layers: 3
Attention heads: 4
Activation: relu
Dropout: 0.2
Trainable parameters: 343,202

Training started
X_train.shape: torch.Size([3085, 702])
Y_train.shape: torch.Size([3085, 7])
X_dev.shape: torch.Size([537, 649])
Y_dev.shape: torch.Size([537, 7])
Epochs: 500
Learning rate: 0.0001
Weight decay: 0.0001
Epoch | Train                 | Development           | Minutes
      | Loss     | Error Rate | Loss     | Error Rate |
---------------------------------------------------------------
    1 |   2.9619 |     74.646 |   2.2292 |     54.128 |     0.2
    2 |   2.1050 |     50.146 |   1.6991 |     46.927 |     0.3
    3 |   1.7246 |     46.715 |   1.5648 |     46.927 |     0.5
    4 |   1.5997 |     46.407 |   1.5007 |     46.058 |     0.6
    5 |   1.5262 |     46.213 |   1.4570 |     46.276 |     0.8
    6 |   1.4822 |     46.234 |   1.4247 |     45.872 |     0.9
    7 |   1.4439 |     46.018 |   1.3957 |     46.089 |     1.1
    8 |   1.4197 |     45.705 |   1.3719 |     45.810 |     1.3
    9 |   1.3978 |     45.554 |   1.3501 |     45.313 |     1.4
   10 |   1.3750 |     45.149 |   1.3400 |     45.407 |     1.6
   11 |   1.3604 |     45.008 |   1.3157 |     43.451 |     1.7
   12 |   1.3463 |     44.641 |   1.2967 |     43.637 |     1.9
   13 |   1.3326 |     44.230 |   1.2869 |     42.117 |     2.1
   14 |   1.3193 |     43.949 |   1.2772 |     42.831 |     2.2
   15 |   1.3043 |     43.690 |   1.2608 |     42.365 |     2.4
   16 |   1.2961 |     43.220 |   1.2567 |     42.024 |     2.5
   17 |   1.2873 |     43.090 |   1.2472 |     42.117 |     2.7
   18 |   1.2739 |     42.642 |   1.2435 |     42.210 |     2.9
   19 |   1.2660 |     42.658 |   1.2278 |     41.806 |     3.0
   20 |   1.2591 |     42.274 |   1.2184 |     41.341 |     3.2
   21 |   1.2473 |     42.042 |   1.2135 |     40.906 |     3.3
   22 |   1.2412 |     41.977 |   1.1969 |     40.689 |     3.5
   23 |   1.2321 |     41.648 |   1.1998 |     41.030 |     3.6
   24 |   1.2276 |     41.610 |   1.1911 |     40.099 |     3.8
   25 |   1.2192 |     41.621 |   1.1835 |     40.348 |     4.0
   26 |   1.2104 |     41.053 |   1.1776 |     40.099 |     4.1
   27 |   1.2026 |     40.632 |   1.1755 |     40.503 |     4.3
   28 |   1.1975 |     41.124 |   1.1730 |     40.317 |     4.4
   29 |   1.1899 |     40.648 |   1.1815 |     40.503 |     4.6
   30 |   1.1828 |     40.594 |   1.1735 |     39.820 |     4.8
   31 |   1.1719 |     40.113 |   1.1603 |     39.820 |     4.9
   32 |   1.1678 |     39.816 |   1.1607 |     39.820 |     5.1
   33 |   1.1609 |     39.508 |   1.1502 |     39.137 |     5.2
   34 |   1.1585 |     39.573 |   1.1319 |     37.989 |     5.4
   35 |   1.1466 |     39.530 |   1.1450 |     38.889 |     5.6
   36 |   1.1472 |     39.179 |   1.1355 |     38.547 |     5.7
   37 |   1.1352 |     38.995 |   1.1465 |     38.982 |     5.9
   38 |   1.1331 |     38.984 |   1.1279 |     38.268 |     6.0
   39 |   1.1266 |     38.860 |   1.1284 |     37.927 |     6.2
   40 |   1.1227 |     38.314 |   1.1361 |     38.547 |     6.3
   41 |   1.1166 |     38.260 |   1.1263 |     38.268 |     6.5
   42 |   1.1088 |     38.201 |   1.1180 |     37.523 |     6.7
   43 |   1.0999 |     37.823 |   1.1306 |     38.672 |     6.8
   44 |   1.0958 |     37.758 |   1.1498 |     38.765 |     7.0
   45 |   1.0898 |     37.672 |   1.1161 |     37.678 |     7.1
   46 |   1.0831 |     37.223 |   1.1360 |     38.454 |     7.3
   47 |   1.0817 |     37.115 |   1.0941 |     36.685 |     7.5
   48 |   1.0717 |     36.840 |   1.1336 |     38.237 |     7.6
   49 |   1.0668 |     36.780 |   1.1220 |     37.958 |     7.8
   50 |   1.0638 |     36.737 |   1.1183 |     37.306 |     7.9
   51 |   1.0572 |     36.526 |   1.1141 |     37.430 |     8.1
Early stopping

Model: Seq2Seq Transformer
Source index: <Seq2Seq Index with 43 items>
Target index: <Seq2Seq Index with 34 items>
Max sequence length: 800
Embedding dimension: 128
Feedforward dimension: 64
Encoder layers: 4
Decoder layers: 2
Attention heads: 2
Activation: relu
Dropout: 0.2
Trainable parameters: 748,578

Training started
X_train.shape: torch.Size([3085, 702])
Y_train.shape: torch.Size([3085, 7])
X_dev.shape: torch.Size([537, 649])
Y_dev.shape: torch.Size([537, 7])
Epochs: 500
Learning rate: 0.0001
Weight decay: 1e-05
Epoch | Train                 | Development           | Minutes
      | Loss     | Error Rate | Loss     | Error Rate |
---------------------------------------------------------------
    1 |   2.4004 |     59.001 |   1.7340 |     48.727 |     0.1
    2 |   1.6762 |     47.045 |   1.4890 |     46.462 |     0.3
    3 |   1.4987 |     46.391 |   1.4209 |     45.841 |     0.4
    4 |   1.4351 |     46.045 |   1.3774 |     46.245 |     0.5
    5 |   1.3973 |     45.656 |   1.3426 |     45.438 |     0.7
    6 |   1.3644 |     45.532 |   1.3239 |     44.134 |     0.8
    7 |   1.3442 |     45.208 |   1.3002 |     44.072 |     0.9
    8 |   1.3186 |     44.549 |   1.2721 |     43.420 |     1.1
    9 |   1.3009 |     43.982 |   1.2692 |     43.234 |     1.2
   10 |   1.2805 |     43.652 |   1.2398 |     42.210 |     1.4
   11 |   1.2656 |     43.306 |   1.2235 |     41.310 |     1.5
   12 |   1.2485 |     42.825 |   1.2150 |     41.403 |     1.6
   13 |   1.2313 |     42.323 |   1.2034 |     41.061 |     1.8
   14 |   1.2148 |     41.686 |   1.1860 |     40.906 |     1.9
   15 |   1.2009 |     41.405 |   1.1706 |     39.479 |     2.0
   16 |   1.1857 |     40.270 |   1.1688 |     40.037 |     2.2
   17 |   1.1714 |     40.108 |   1.1644 |     39.354 |     2.3
   18 |   1.1608 |     39.919 |   1.1489 |     38.547 |     2.4
   19 |   1.1523 |     39.670 |   1.1528 |     38.982 |     2.6
   20 |   1.1354 |     38.709 |   1.1318 |     38.299 |     2.7
   21 |   1.1268 |     38.471 |   1.1483 |     39.044 |     2.8
   22 |   1.1150 |     37.996 |   1.1445 |     38.454 |     3.0
   23 |   1.0973 |     37.196 |   1.1331 |     38.206 |     3.1
   24 |   1.0952 |     37.455 |   1.1107 |     37.275 |     3.3
   25 |   1.0762 |     36.742 |   1.1377 |     38.547 |     3.4
   26 |   1.0705 |     36.699 |   1.1401 |     38.237 |     3.5
   27 |   1.0638 |     36.575 |   1.1440 |     38.361 |     3.7
   28 |   1.0459 |     35.554 |   1.1177 |     36.965 |     3.8
Early stopping

Model: Seq2Seq Transformer
Source index: <Seq2Seq Index with 43 items>
Target index: <Seq2Seq Index with 34 items>
Max sequence length: 800
Embedding dimension: 64
Feedforward dimension: 256
Encoder layers: 4
Decoder layers: 4
Attention heads: 4
Activation: relu
Dropout: 0.2
Trainable parameters: 525,538

Training started
X_train.shape: torch.Size([3085, 702])
Y_train.shape: torch.Size([3085, 7])
X_dev.shape: torch.Size([537, 649])
Y_dev.shape: torch.Size([537, 7])
Epochs: 500
Learning rate: 0.0001
Weight decay: 0.0001
Epoch | Train                 | Development           | Minutes
      | Loss     | Error Rate | Loss     | Error Rate |
---------------------------------------------------------------
    1 |   2.7045 |     66.623 |   1.9801 |     50.031 |     0.2
    2 |   1.8672 |     47.861 |   1.6319 |     46.182 |     0.3
    3 |   1.6366 |     46.467 |   1.5330 |     46.431 |     0.5
    4 |   1.5441 |     46.283 |   1.4849 |     46.431 |     0.7
    5 |   1.4951 |     46.305 |   1.4461 |     46.431 |     0.9
    6 |   1.4575 |     46.272 |   1.4040 |     46.369 |     1.0
    7 |   1.4224 |     46.083 |   1.3810 |     46.338 |     1.2
    8 |   1.3976 |     45.856 |   1.3571 |     45.686 |     1.4
    9 |   1.3774 |     45.592 |   1.3442 |     46.120 |     1.5
   10 |   1.3621 |     45.370 |   1.3255 |     45.655 |     1.7
   11 |   1.3429 |     44.878 |   1.3072 |     44.413 |     1.9
   12 |   1.3318 |     44.679 |   1.2962 |     43.575 |     2.1
   13 |   1.3204 |     44.506 |   1.2845 |     43.917 |     2.2
   14 |   1.3061 |     44.268 |   1.2760 |     43.358 |     2.4
   15 |   1.2913 |     43.841 |   1.2597 |     42.613 |     2.6
   16 |   1.2833 |     43.371 |   1.2456 |     41.620 |     2.8
   17 |   1.2710 |     43.312 |   1.2357 |     41.993 |     2.9
   18 |   1.2612 |     42.820 |   1.2292 |     42.365 |     3.1
   19 |   1.2491 |     42.658 |   1.2119 |     40.534 |     3.3
   20 |   1.2433 |     42.469 |   1.2109 |     40.844 |     3.4
   21 |   1.2322 |     42.491 |   1.2013 |     40.658 |     3.6
   22 |   1.2252 |     42.345 |   1.1933 |     39.758 |     3.8
   23 |   1.2174 |     42.134 |   1.1829 |     40.565 |     4.0
   24 |   1.2131 |     41.842 |   1.1838 |     39.448 |     4.1
   25 |   1.2024 |     41.783 |   1.1780 |     40.068 |     4.3
   26 |   1.1966 |     41.583 |   1.1601 |     39.448 |     4.5
   27 |   1.1890 |     41.216 |   1.1564 |     39.820 |     4.6
   28 |   1.1843 |     41.226 |   1.1556 |     39.075 |     4.8
   29 |   1.1726 |     40.729 |   1.1527 |     39.013 |     5.0
   30 |   1.1693 |     40.502 |   1.1410 |     39.075 |     5.2
   31 |   1.1652 |     40.675 |   1.1343 |     38.454 |     5.3
   32 |   1.1528 |     40.043 |   1.1299 |     38.547 |     5.5
   33 |   1.1479 |     39.870 |   1.1283 |     38.020 |     5.7
   34 |   1.1448 |     39.735 |   1.1273 |     38.113 |     5.9
   35 |   1.1364 |     39.481 |   1.1173 |     37.741 |     6.0
   36 |   1.1318 |     39.136 |   1.1228 |     37.958 |     6.2
   37 |   1.1228 |     39.130 |   1.1156 |     38.113 |     6.4
   38 |   1.1231 |     38.914 |   1.1245 |     38.206 |     6.5
   39 |   1.1147 |     38.514 |   1.1076 |     37.368 |     6.7
   40 |   1.1064 |     37.931 |   1.0939 |     36.778 |     6.9
   41 |   1.0975 |     38.109 |   1.0986 |     37.430 |     7.1
   42 |   1.0987 |     38.190 |   1.0988 |     36.934 |     7.2
   43 |   1.0900 |     37.601 |   1.0999 |     37.399 |     7.4
   44 |   1.0848 |     37.731 |   1.0961 |     36.934 |     7.6
   45 |   1.0814 |     37.672 |   1.0810 |     36.934 |     7.8
   46 |   1.0699 |     36.953 |   1.0808 |     36.468 |     7.9
   47 |   1.0736 |     37.104 |   1.0805 |     36.778 |     8.1
   48 |   1.0659 |     36.845 |   1.0893 |     36.778 |     8.3
   49 |   1.0584 |     36.775 |   1.0946 |     37.027 |     8.4
   50 |   1.0571 |     36.245 |   1.0707 |     36.158 |     8.6
   51 |   1.0549 |     36.424 |   1.0718 |     36.344 |     8.8
   52 |   1.0502 |     36.224 |   1.0805 |     36.716 |     9.0
   53 |   1.0422 |     36.089 |   1.0701 |     36.158 |     9.1
   54 |   1.0397 |     35.878 |   1.0827 |     36.375 |     9.3
   55 |   1.0356 |     35.700 |   1.0690 |     36.809 |     9.5
   56 |   1.0262 |     35.381 |   1.0852 |     35.723 |     9.7
   57 |   1.0210 |     35.462 |   1.0803 |     36.437 |     9.8
   58 |   1.0175 |     35.370 |   1.0709 |     36.592 |    10.0
   59 |   1.0084 |     34.787 |   1.0744 |     36.716 |    10.2
Early stopping

Model: Seq2Seq Transformer
Source index: <Seq2Seq Index with 43 items>
Target index: <Seq2Seq Index with 34 items>
Max sequence length: 800
Embedding dimension: 64
Feedforward dimension: 256
Encoder layers: 2
Decoder layers: 3
Attention heads: 4
Activation: relu
Dropout: 0.2
Trainable parameters: 358,818

Training started
X_train.shape: torch.Size([3085, 702])
Y_train.shape: torch.Size([3085, 7])
X_dev.shape: torch.Size([537, 649])
Y_dev.shape: torch.Size([537, 7])
Epochs: 500
Learning rate: 0.001
Weight decay: 0.0001
Epoch | Train                 | Development           | Minutes
      | Loss     | Error Rate | Loss     | Error Rate |
---------------------------------------------------------------
    1 |   1.7368 |     49.908 |   1.3862 |     45.624 |     0.1
    2 |   1.3645 |     45.964 |   1.2991 |     45.065 |     0.2
    3 |   1.2990 |     44.187 |   1.2403 |     43.048 |     0.3
    4 |   1.2469 |     43.052 |   1.1883 |     41.217 |     0.4
    5 |   1.2049 |     41.713 |   1.1788 |     41.279 |     0.5
    6 |   1.1678 |     40.935 |   1.1254 |     38.951 |     0.6
    7 |   1.1486 |     40.167 |   1.1112 |     38.237 |     0.7
    8 |   1.1159 |     38.876 |   1.1004 |     38.237 |     0.8
    9 |   1.0962 |     38.774 |   1.1007 |     38.672 |     0.9
   10 |   1.0666 |     37.418 |   1.0611 |     36.654 |     1.0
   11 |   1.0522 |     37.223 |   1.0690 |     35.940 |     1.1
   12 |   1.0347 |     36.288 |   1.0449 |     35.599 |     1.2
   13 |   1.0136 |     35.159 |   1.0562 |     37.492 |     1.3
   14 |   1.0022 |     35.321 |   1.0354 |     36.282 |     1.4
   15 |   0.9792 |     34.209 |   1.0147 |     34.978 |     1.5
   16 |   0.9611 |     33.630 |   1.0141 |     34.637 |     1.6
   17 |   0.9484 |     33.485 |   1.0167 |     34.233 |     1.7
   18 |   0.9306 |     32.599 |   1.0020 |     34.047 |     1.8
   19 |   0.9122 |     31.842 |   1.0033 |     33.489 |     1.9
   20 |   0.8974 |     31.545 |   1.0012 |     33.985 |     2.0
   21 |   0.8830 |     31.216 |   1.0160 |     34.264 |     2.1
   22 |   0.8681 |     30.357 |   1.0150 |     34.358 |     2.2
   23 |   0.8525 |     29.730 |   1.0569 |     34.109 |     2.3
   24 |   0.8398 |     29.616 |   1.0160 |     33.333 |     2.3
Early stopping

Model: Seq2Seq Transformer
Source index: <Seq2Seq Index with 43 items>
Target index: <Seq2Seq Index with 34 items>
Max sequence length: 800
Embedding dimension: 128
Feedforward dimension: 128
Encoder layers: 4
Decoder layers: 3
Attention heads: 4
Activation: relu
Dropout: 0.0
Trainable parameters: 1,013,154

Training started
X_train.shape: torch.Size([3085, 702])
Y_train.shape: torch.Size([3085, 7])
X_dev.shape: torch.Size([537, 649])
Y_dev.shape: torch.Size([537, 7])
Epochs: 500
Learning rate: 0.0001
Weight decay: 1e-05
Epoch | Train                 | Development           | Minutes
      | Loss     | Error Rate | Loss     | Error Rate |
---------------------------------------------------------------
    1 |   1.9045 |     50.238 |   1.5038 |     46.369 |     0.2
    2 |   1.4110 |     45.105 |   1.3687 |     45.065 |     0.3
    3 |   1.3183 |     43.560 |   1.2957 |     43.234 |     0.5
    4 |   1.2576 |     42.042 |   1.2486 |     41.248 |     0.7
    5 |   1.2083 |     41.086 |   1.2122 |     40.068 |     0.9
    6 |   1.1694 |     39.838 |   1.1835 |     39.572 |     1.0
    7 |   1.1344 |     38.752 |   1.1563 |     38.516 |     1.2
    8 |   1.1017 |     37.580 |   1.1266 |     37.616 |     1.4
    9 |   1.0721 |     36.645 |   1.1102 |     37.616 |     1.6
   10 |   1.0367 |     35.311 |   1.0986 |     36.034 |     1.7
   11 |   1.0171 |     34.603 |   1.0704 |     35.754 |     1.9
   12 |   0.9801 |     33.479 |   1.0506 |     34.730 |     2.1
   13 |   0.9481 |     32.172 |   1.0241 |     34.016 |     2.2
   14 |   0.9231 |     31.405 |   1.0185 |     33.271 |     2.4
   15 |   0.8908 |     30.324 |   1.0128 |     33.147 |     2.6
   16 |   0.8640 |     29.173 |   1.0001 |     32.433 |     2.8
   17 |   0.8339 |     28.012 |   1.0099 |     33.302 |     2.9
   18 |   0.8128 |     27.191 |   0.9950 |     32.899 |     3.1
   19 |   0.7838 |     26.397 |   0.9859 |     32.340 |     3.3
   20 |   0.7590 |     25.300 |   0.9917 |     32.247 |     3.5
   21 |   0.7335 |     24.435 |   0.9826 |     32.651 |     3.6
   22 |   0.7056 |     23.485 |   0.9876 |     32.651 |     3.8
   23 |   0.6829 |     22.701 |   0.9904 |     32.309 |     4.0
   24 |   0.6569 |     22.156 |   1.0124 |     32.682 |     4.1
   25 |   0.6294 |     21.016 |   1.0095 |     32.464 |     4.3
Early stopping

Model: Seq2Seq Transformer
Source index: <Seq2Seq Index with 43 items>
Target index: <Seq2Seq Index with 34 items>
Max sequence length: 800
Embedding dimension: 64
Feedforward dimension: 128
Encoder layers: 2
Decoder layers: 3
Attention heads: 2
Activation: relu
Dropout: 0.1
Trainable parameters: 276,258

Training started
X_train.shape: torch.Size([3085, 702])
Y_train.shape: torch.Size([3085, 7])
X_dev.shape: torch.Size([537, 649])
Y_dev.shape: torch.Size([537, 7])
Epochs: 500
Learning rate: 0.001
Weight decay: 0.0001
Epoch | Train                 | Development           | Minutes
      | Loss     | Error Rate | Loss     | Error Rate |
---------------------------------------------------------------
    1 |   1.7143 |     49.363 |   1.3706 |     46.058 |     0.1
    2 |   1.3432 |     45.251 |   1.2977 |     44.631 |     0.1
    3 |   1.2727 |     43.868 |   1.2386 |     42.613 |     0.2
    4 |   1.2190 |     42.680 |   1.1927 |     40.472 |     0.3
    5 |   1.1815 |     41.318 |   1.1487 |     39.665 |     0.3
    6 |   1.1436 |     40.038 |   1.1183 |     39.261 |     0.4
    7 |   1.1073 |     38.920 |   1.0886 |     37.337 |     0.5
    8 |   1.0808 |     38.071 |   1.0996 |     37.958 |     0.6
    9 |   1.0526 |     37.012 |   1.0667 |     37.120 |     0.6
   10 |   1.0297 |     36.532 |   1.0373 |     35.847 |     0.7
   11 |   0.9988 |     35.230 |   1.0305 |     35.847 |     0.8
   12 |   0.9803 |     34.246 |   1.0521 |     35.506 |     0.8
   13 |   0.9552 |     33.214 |   1.0158 |     34.823 |     0.9
   14 |   0.9293 |     32.350 |   1.0127 |     33.861 |     1.0
   15 |   0.9050 |     31.691 |   1.0002 |     33.364 |     1.0
   16 |   0.8872 |     30.940 |   0.9999 |     33.520 |     1.1
   17 |   0.8737 |     30.432 |   0.9930 |     33.457 |     1.2
   18 |   0.8522 |     29.627 |   1.0076 |     33.737 |     1.2
   19 |   0.8313 |     29.141 |   1.0086 |     32.433 |     1.3
   20 |   0.8160 |     28.736 |   0.9637 |     32.651 |     1.4
   21 |   0.8036 |     28.304 |   0.9707 |     32.651 |     1.5
   22 |   0.7821 |     27.315 |   0.9859 |     33.147 |     1.5
   23 |   0.7673 |     26.942 |   0.9655 |     32.030 |     1.6
   24 |   0.7511 |     26.294 |   0.9793 |     31.409 |     1.7
Early stopping

Model: Seq2Seq Transformer
Source index: <Seq2Seq Index with 43 items>
Target index: <Seq2Seq Index with 34 items>
Max sequence length: 800
Embedding dimension: 128
Feedforward dimension: 64
Encoder layers: 2
Decoder layers: 3
Attention heads: 4
Activation: relu
Dropout: 0.1
Trainable parameters: 731,746

Training started
X_train.shape: torch.Size([3085, 702])
Y_train.shape: torch.Size([3085, 7])
X_dev.shape: torch.Size([537, 649])
Y_dev.shape: torch.Size([537, 7])
Epochs: 500
Learning rate: 0.001
Weight decay: 1e-05
Epoch | Train                 | Development           | Minutes
      | Loss     | Error Rate | Loss     | Error Rate |
---------------------------------------------------------------
    1 |   1.5766 |     48.887 |   1.3140 |     44.600 |     0.1
    2 |   1.2824 |     43.803 |   1.2225 |     42.334 |     0.2
    3 |   1.1977 |     41.734 |   1.1639 |     40.255 |     0.3
    4 |   1.1361 |     39.860 |   1.1199 |     38.827 |     0.4
    5 |   1.0892 |     38.023 |   1.0956 |     38.299 |     0.5
    6 |   1.0456 |     36.505 |   1.0727 |     36.778 |     0.7
    7 |   1.0040 |     34.911 |   1.0374 |     35.320 |     0.8
    8 |   0.9655 |     33.501 |   1.0289 |     35.382 |     0.9
    9 |   0.9282 |     32.183 |   1.0053 |     34.513 |     1.0
   10 |   0.8863 |     30.583 |   1.0247 |     33.954 |     1.1
   11 |   0.8600 |     29.789 |   1.0144 |     34.451 |     1.2
   12 |   0.8227 |     28.439 |   1.0060 |     33.023 |     1.3
   13 |   0.7987 |     28.212 |   0.9821 |     32.371 |     1.4
   14 |   0.7603 |     26.364 |   0.9937 |     32.619 |     1.5
   15 |   0.7324 |     25.538 |   1.0062 |     33.520 |     1.6
   16 |   0.7101 |     25.457 |   1.0139 |     31.999 |     1.8
   17 |   0.6686 |     23.220 |   1.0650 |     33.116 |     1.9
Early stopping

Model: Seq2Seq Transformer
Source index: <Seq2Seq Index with 43 items>
Target index: <Seq2Seq Index with 34 items>
Max sequence length: 800
Embedding dimension: 128
Feedforward dimension: 256
Encoder layers: 2
Decoder layers: 4
Attention heads: 4
Activation: relu
Dropout: 0.2
Trainable parameters: 1,177,250

Training started
X_train.shape: torch.Size([3085, 702])
Y_train.shape: torch.Size([3085, 7])
X_dev.shape: torch.Size([537, 649])
Y_dev.shape: torch.Size([537, 7])
Epochs: 500
Learning rate: 0.001
Weight decay: 0.0001
Epoch | Train                 | Development           | Minutes
      | Loss     | Error Rate | Loss     | Error Rate |
---------------------------------------------------------------
    1 |   1.6763 |     50.600 |   1.3622 |     45.655 |     0.1
    2 |   1.3654 |     45.743 |   1.3144 |     44.382 |     0.2
    3 |   1.3016 |     44.727 |   1.2393 |     41.806 |     0.4
    4 |   1.2597 |     43.441 |   1.2150 |     42.303 |     0.5
    5 |   1.2224 |     42.415 |   1.2022 |     42.210 |     0.6
    6 |   1.1908 |     41.615 |   1.1817 |     40.937 |     0.7
    7 |   1.1565 |     40.000 |   1.1509 |     39.385 |     0.9
    8 |   1.1245 |     39.535 |   1.1303 |     38.392 |     1.0
    9 |   1.1022 |     38.163 |   1.1101 |     38.082 |     1.1
   10 |   1.0730 |     37.612 |   1.1106 |     38.082 |     1.2
   11 |   1.0430 |     36.148 |   1.0793 |     37.151 |     1.4
   12 |   1.0237 |     35.651 |   1.0675 |     37.244 |     1.5
   13 |   1.0008 |     35.446 |   1.0832 |     36.996 |     1.6
   14 |   0.9751 |     34.073 |   1.0687 |     36.716 |     1.7
   15 |   0.9595 |     33.744 |   1.0507 |     37.058 |     1.9
   16 |   0.9359 |     32.609 |   1.0556 |     36.778 |     2.0
   17 |   0.9126 |     32.210 |   1.0512 |     36.716 |     2.1
   18 |   0.8921 |     31.426 |   1.0488 |     35.630 |     2.2
   19 |   0.8771 |     30.805 |   1.0583 |     35.413 |     2.4
   20 |   0.8528 |     29.795 |   1.0445 |     34.792 |     2.5
   21 |   0.8314 |     29.249 |   1.0504 |     35.444 |     2.6
   22 |   0.8172 |     28.882 |   1.0445 |     33.985 |     2.7
   23 |   0.7869 |     27.844 |   1.0600 |     35.413 |     2.9
   24 |   0.7755 |     27.364 |   1.0644 |     35.444 |     3.0
   25 |   0.7512 |     26.542 |   1.0831 |     33.613 |     3.1
   26 |   0.7229 |     25.835 |   1.0950 |     34.420 |     3.2
Early stopping

Model: Seq2Seq Transformer
Source index: <Seq2Seq Index with 43 items>
Target index: <Seq2Seq Index with 34 items>
Max sequence length: 800
Embedding dimension: 64
Feedforward dimension: 256
Encoder layers: 4
Decoder layers: 3
Attention heads: 4
Activation: relu
Dropout: 0.1
Trainable parameters: 458,786

Training started
X_train.shape: torch.Size([3085, 702])
Y_train.shape: torch.Size([3085, 7])
X_dev.shape: torch.Size([537, 649])
Y_dev.shape: torch.Size([537, 7])
Epochs: 500
Learning rate: 0.0001
Weight decay: 0.0001
Epoch | Train                 | Development           | Minutes
      | Loss     | Error Rate | Loss     | Error Rate |
---------------------------------------------------------------
    1 |   2.4669 |     58.514 |   1.8183 |     48.448 |     0.2
    2 |   1.7404 |     46.645 |   1.5937 |     46.431 |     0.3
    3 |   1.5710 |     46.013 |   1.5011 |     46.058 |     0.5
    4 |   1.4952 |     46.062 |   1.4462 |     46.276 |     0.6
    5 |   1.4431 |     45.894 |   1.3956 |     45.065 |     0.8
    6 |   1.3998 |     45.359 |   1.3535 |     44.320 |     1.0
    7 |   1.3626 |     44.700 |   1.3155 |     43.327 |     1.1
    8 |   1.3316 |     44.360 |   1.2901 |     42.768 |     1.3
    9 |   1.3069 |     43.598 |   1.2681 |     42.365 |     1.5
   10 |   1.2866 |     42.988 |   1.2458 |     41.806 |     1.6
   11 |   1.2683 |     42.674 |   1.2301 |     41.589 |     1.8
   12 |   1.2463 |     42.031 |   1.2159 |     41.372 |     2.0
   13 |   1.2285 |     41.367 |   1.1987 |     40.658 |     2.1
   14 |   1.2154 |     41.167 |   1.1792 |     39.634 |     2.3
   15 |   1.2000 |     40.605 |   1.1738 |     39.510 |     2.5
   16 |   1.1868 |     40.313 |   1.1589 |     39.354 |     2.6
   17 |   1.1761 |     40.140 |   1.1527 |     38.920 |     2.8
   18 |   1.1644 |     39.714 |   1.1412 |     38.516 |     2.9
   19 |   1.1490 |     39.471 |   1.1287 |     37.275 |     3.1
   20 |   1.1364 |     38.714 |   1.1254 |     37.958 |     3.3
   21 |   1.1291 |     38.498 |   1.1174 |     38.020 |     3.4
   22 |   1.1152 |     37.979 |   1.1213 |     38.051 |     3.6
   23 |   1.1098 |     37.996 |   1.1030 |     37.554 |     3.8
   24 |   1.1033 |     37.769 |   1.0918 |     37.058 |     3.9
   25 |   1.0853 |     37.272 |   1.0985 |     36.996 |     4.1
   26 |   1.0773 |     36.856 |   1.0785 |     36.375 |     4.3
   27 |   1.0676 |     36.710 |   1.0777 |     36.965 |     4.4
   28 |   1.0579 |     36.051 |   1.0676 |     36.282 |     4.6
   29 |   1.0496 |     36.137 |   1.0595 |     35.692 |     4.8
   30 |   1.0457 |     35.948 |   1.0484 |     35.475 |     4.9
   31 |   1.0336 |     35.511 |   1.0486 |     35.816 |     5.1
   32 |   1.0216 |     35.273 |   1.0399 |     35.413 |     5.2
   33 |   1.0174 |     35.095 |   1.0381 |     35.196 |     5.4
   34 |   1.0076 |     34.846 |   1.0373 |     35.102 |     5.6
   35 |   0.9971 |     34.322 |   1.0270 |     34.575 |     5.7
   36 |   0.9959 |     34.182 |   1.0207 |     34.358 |     5.9
   37 |   0.9902 |     34.025 |   1.0209 |     34.358 |     6.1
   38 |   0.9746 |     33.647 |   1.0197 |     34.202 |     6.2
   39 |   0.9685 |     33.512 |   1.0081 |     33.954 |     6.4
   40 |   0.9629 |     33.160 |   1.0085 |     33.489 |     6.6
   41 |   0.9554 |     32.896 |   1.0040 |     33.582 |     6.7
   42 |   0.9463 |     32.545 |   0.9935 |     33.271 |     6.9
   43 |   0.9459 |     32.528 |   0.9972 |     33.675 |     7.1
   44 |   0.9331 |     32.177 |   0.9952 |     33.489 |     7.2
   45 |   0.9264 |     31.842 |   0.9910 |     33.551 |     7.4
   46 |   0.9238 |     31.740 |   0.9868 |     33.520 |     7.5
   47 |   0.9130 |     31.464 |   0.9864 |     33.023 |     7.7
   48 |   0.9106 |     31.140 |   0.9777 |     32.868 |     7.9
   49 |   0.9021 |     31.205 |   0.9783 |     32.682 |     8.0
   50 |   0.8985 |     31.070 |   0.9725 |     32.682 |     8.2
   51 |   0.8864 |     30.654 |   0.9718 |     32.526 |     8.4
   52 |   0.8831 |     30.610 |   0.9736 |     32.433 |     8.5
   53 |   0.8770 |     30.167 |   0.9760 |     32.526 |     8.7
   54 |   0.8702 |     30.005 |   0.9737 |     32.651 |     8.9
   55 |   0.8634 |     29.714 |   0.9693 |     32.278 |     9.0
   56 |   0.8602 |     29.724 |   0.9678 |     32.340 |     9.2
   57 |   0.8501 |     29.417 |   0.9533 |     32.433 |     9.4
   58 |   0.8455 |     29.184 |   0.9589 |     32.154 |     9.5
   59 |   0.8444 |     29.092 |   0.9644 |     31.533 |     9.7
   60 |   0.8360 |     28.876 |   0.9639 |     31.999 |     9.8
   61 |   0.8269 |     28.385 |   0.9612 |     31.968 |    10.0
Early stopping

Model: Seq2Seq Transformer
Source index: <Seq2Seq Index with 43 items>
Target index: <Seq2Seq Index with 34 items>
Max sequence length: 800
Embedding dimension: 64
Feedforward dimension: 128
Encoder layers: 4
Decoder layers: 2
Attention heads: 2
Activation: relu
Dropout: 0.2
Trainable parameters: 292,962

Training started
X_train.shape: torch.Size([3085, 702])
Y_train.shape: torch.Size([3085, 7])
X_dev.shape: torch.Size([537, 649])
Y_dev.shape: torch.Size([537, 7])
Epochs: 500
Learning rate: 0.001
Weight decay: 1e-05
Epoch | Train                 | Development           | Minutes
      | Loss     | Error Rate | Loss     | Error Rate |
---------------------------------------------------------------
    1 |   1.7795 |     50.335 |   1.3948 |     46.027 |     0.1
    2 |   1.3866 |     46.299 |   1.3227 |     45.903 |     0.2
    3 |   1.3255 |     45.667 |   1.2514 |     44.351 |     0.3
    4 |   1.2828 |     44.884 |   1.2275 |     43.669 |     0.4
    5 |   1.2521 |     43.911 |   1.2132 |     43.327 |     0.5
    6 |   1.2388 |     43.922 |   1.1908 |     42.800 |     0.6
    7 |   1.2152 |     42.917 |   1.1836 |     42.365 |     0.7
    8 |   1.2036 |     43.096 |   1.1721 |     42.272 |     0.8
    9 |   1.1911 |     42.588 |   1.1517 |     41.899 |     0.9
   10 |   1.1818 |     42.274 |   1.1436 |     41.837 |     1.0
   11 |   1.1732 |     42.004 |   1.1396 |     41.899 |     1.1
   12 |   1.1635 |     42.015 |   1.1319 |     40.534 |     1.2
   13 |   1.1535 |     41.648 |   1.1172 |     40.223 |     1.3
   14 |   1.1460 |     41.129 |   1.1190 |     40.130 |     1.4
   15 |   1.1373 |     41.135 |   1.1196 |     40.751 |     1.5
   16 |   1.1358 |     41.486 |   1.1085 |     40.410 |     1.6
   17 |   1.1243 |     40.891 |   1.1071 |     40.503 |     1.7
   18 |   1.1139 |     40.411 |   1.1076 |     40.813 |     1.8
   19 |   1.1077 |     40.108 |   1.0814 |     38.889 |     1.9
   20 |   1.1001 |     39.941 |   1.1009 |     40.410 |     2.0
   21 |   1.0939 |     39.492 |   1.0911 |     38.951 |     2.1
   22 |   1.0877 |     39.476 |   1.0734 |     38.827 |     2.2
   23 |   1.0766 |     38.774 |   1.0823 |     39.417 |     2.3
   24 |   1.0670 |     38.612 |   1.1049 |     38.641 |     2.4
   25 |   1.0602 |     37.834 |   1.0596 |     37.927 |     2.5
   26 |   1.0558 |     38.277 |   1.0905 |     37.896 |     2.6
   27 |   1.0475 |     37.596 |   1.0784 |     38.547 |     2.7
   28 |   1.0452 |     37.645 |   1.0746 |     38.330 |     2.8
   29 |   1.0394 |     37.412 |   1.0910 |     38.610 |     2.9
Early stopping

Model: Seq2Seq Transformer
Source index: <Seq2Seq Index with 43 items>
Target index: <Seq2Seq Index with 34 items>
Max sequence length: 800
Embedding dimension: 64
Feedforward dimension: 256
Encoder layers: 2
Decoder layers: 4
Attention heads: 2
Activation: relu
Dropout: 0.0
Trainable parameters: 425,570

Training started
X_train.shape: torch.Size([3085, 702])
Y_train.shape: torch.Size([3085, 7])
X_dev.shape: torch.Size([537, 649])
Y_dev.shape: torch.Size([537, 7])
Epochs: 500
Learning rate: 0.001
Weight decay: 0.0001
Epoch | Train                 | Development           | Minutes
      | Loss     | Error Rate | Loss     | Error Rate |
---------------------------------------------------------------
    1 |   1.6339 |     48.206 |   1.3535 |     44.724 |     0.1
    2 |   1.2746 |     43.220 |   1.2266 |     41.930 |     0.1
    3 |   1.1799 |     40.735 |   1.1754 |     40.534 |     0.2
    4 |   1.1161 |     39.125 |   1.1039 |     38.020 |     0.3
    5 |   1.0636 |     37.310 |   1.0949 |     37.803 |     0.4
    6 |   1.0137 |     35.500 |   1.0667 |     36.189 |     0.4
    7 |   0.9773 |     34.295 |   1.0416 |     35.289 |     0.5
    8 |   0.9423 |     33.301 |   1.0187 |     35.754 |     0.6
    9 |   0.9087 |     31.794 |   1.0404 |     35.599 |     0.7
   10 |   0.8681 |     30.470 |   0.9875 |     34.109 |     0.7
   11 |   0.8370 |     29.433 |   0.9543 |     32.402 |     0.8
   12 |   0.7981 |     27.936 |   0.9666 |     33.333 |     0.9
   13 |   0.7601 |     26.580 |   0.9686 |     31.378 |     1.0
   14 |   0.7272 |     25.429 |   0.9633 |     30.850 |     1.0
   15 |   0.7016 |     24.716 |   0.9685 |     31.937 |     1.1
Early stopping

Model: Seq2Seq Transformer
Source index: <Seq2Seq Index with 43 items>
Target index: <Seq2Seq Index with 34 items>
Max sequence length: 800
Embedding dimension: 64
Feedforward dimension: 256
Encoder layers: 4
Decoder layers: 3
Attention heads: 4
Activation: relu
Dropout: 0.1
Trainable parameters: 458,786

Training started
X_train.shape: torch.Size([3085, 702])
Y_train.shape: torch.Size([3085, 7])
X_dev.shape: torch.Size([537, 649])
Y_dev.shape: torch.Size([537, 7])
Epochs: 500
Learning rate: 0.0001
Weight decay: 1e-05
Epoch | Train                 | Development           | Minutes
      | Loss     | Error Rate | Loss     | Error Rate |
---------------------------------------------------------------
    1 |   2.4584 |     56.505 |   1.8286 |     46.555 |     0.2
    2 |   1.7516 |     46.424 |   1.5995 |     45.562 |     0.3
    3 |   1.5827 |     45.981 |   1.5086 |     45.748 |     0.5
    4 |   1.5006 |     45.732 |   1.4546 |     45.220 |     0.7
    5 |   1.4466 |     45.235 |   1.3991 |     44.600 |     0.8
    6 |   1.4044 |     44.689 |   1.3626 |     44.507 |     1.0
    7 |   1.3670 |     44.209 |   1.3286 |     43.234 |     1.1
    8 |   1.3384 |     43.328 |   1.2990 |     42.613 |     1.3
    9 |   1.3107 |     42.977 |   1.2720 |     42.520 |     1.5
   10 |   1.2845 |     42.058 |   1.2565 |     41.589 |     1.6
   11 |   1.2651 |     42.053 |   1.2322 |     41.279 |     1.8
   12 |   1.2456 |     41.691 |   1.2203 |     41.341 |     2.0
   13 |   1.2229 |     41.118 |   1.1946 |     40.099 |     2.1
   14 |   1.2046 |     40.519 |   1.1798 |     39.758 |     2.3
   15 |   1.1919 |     40.151 |   1.1640 |     39.199 |     2.5
   16 |   1.1683 |     39.843 |   1.1542 |     38.547 |     2.6
   17 |   1.1561 |     39.449 |   1.1432 |     38.175 |     2.8
   18 |   1.1407 |     38.757 |   1.1378 |     38.703 |     3.0
   19 |   1.1303 |     38.552 |   1.1285 |     37.896 |     3.1
   20 |   1.1122 |     37.963 |   1.1251 |     37.120 |     3.3
   21 |   1.1041 |     37.920 |   1.1102 |     37.027 |     3.4
   22 |   1.0914 |     37.169 |   1.1074 |     37.058 |     3.6
   23 |   1.0792 |     36.510 |   1.0901 |     36.437 |     3.8
   24 |   1.0656 |     36.218 |   1.0908 |     36.158 |     3.9
   25 |   1.0550 |     35.835 |   1.0910 |     36.685 |     4.1
   26 |   1.0490 |     36.056 |   1.0705 |     35.133 |     4.3
   27 |   1.0354 |     35.289 |   1.0685 |     35.351 |     4.4
   28 |   1.0235 |     35.003 |   1.0636 |     35.071 |     4.6
   29 |   1.0153 |     34.538 |   1.0586 |     34.575 |     4.8
   30 |   1.0048 |     34.700 |   1.0646 |     35.102 |     4.9
   31 |   0.9985 |     33.949 |   1.0545 |     34.637 |     5.1
   32 |   0.9863 |     33.728 |   1.0548 |     34.513 |     5.3
   33 |   0.9754 |     33.101 |   1.0420 |     33.923 |     5.4
   34 |   0.9730 |     33.333 |   1.0411 |     34.233 |     5.6
   35 |   0.9642 |     33.117 |   1.0417 |     34.544 |     5.7
   36 |   0.9526 |     32.307 |   1.0389 |     34.047 |     5.9
   37 |   0.9446 |     32.161 |   1.0284 |     33.520 |     6.1
   38 |   0.9353 |     31.967 |   1.0527 |     33.768 |     6.2
   39 |   0.9216 |     31.324 |   1.0260 |     33.364 |     6.4
   40 |   0.9217 |     31.394 |   1.0138 |     33.085 |     6.6
   41 |   0.9156 |     30.864 |   1.0188 |     33.737 |     6.7
   42 |   0.9072 |     30.929 |   1.0257 |     33.023 |     6.9
   43 |   0.9001 |     30.594 |   1.0234 |     33.364 |     7.1
   44 |   0.8925 |     30.346 |   1.0148 |     33.085 |     7.2
Early stopping

Model: Seq2Seq Transformer
Source index: <Seq2Seq Index with 43 items>
Target index: <Seq2Seq Index with 34 items>
Max sequence length: 800
Embedding dimension: 64
Feedforward dimension: 64
Encoder layers: 2
Decoder layers: 2
Attention heads: 4
Activation: relu
Dropout: 0.1
Trainable parameters: 192,994

Training started
X_train.shape: torch.Size([3085, 702])
Y_train.shape: torch.Size([3085, 7])
X_dev.shape: torch.Size([537, 649])
Y_dev.shape: torch.Size([537, 7])
Epochs: 500
Learning rate: 0.001
Weight decay: 1e-05
Epoch | Train                 | Development           | Minutes
      | Loss     | Error Rate | Loss     | Error Rate |
---------------------------------------------------------------
    1 |   1.7438 |     49.109 |   1.3754 |     46.151 |     0.1
    2 |   1.3275 |     44.857 |   1.2796 |     45.407 |     0.2
    3 |   1.2533 |     43.112 |   1.1944 |     41.434 |     0.3
    4 |   1.1995 |     41.923 |   1.1677 |     40.348 |     0.3
    5 |   1.1502 |     40.211 |   1.1382 |     38.485 |     0.4
    6 |   1.1147 |     39.092 |   1.1115 |     38.610 |     0.5
    7 |   1.0762 |     37.612 |   1.0843 |     38.206 |     0.6
    8 |   1.0427 |     36.413 |   1.0753 |     37.523 |     0.7
    9 |   1.0151 |     35.257 |   1.0541 |     36.437 |     0.8
   10 |   0.9845 |     34.452 |   1.0653 |     35.630 |     0.9
   11 |   0.9546 |     33.377 |   1.0463 |     36.623 |     0.9
   12 |   0.9251 |     32.220 |   1.0473 |     36.034 |     1.0
   13 |   0.9031 |     31.437 |   1.0589 |     34.730 |     1.1
   14 |   0.8757 |     30.443 |   1.0437 |     34.978 |     1.2
   15 |   0.8551 |     29.481 |   1.0542 |     35.164 |     1.3
   16 |   0.8281 |     28.936 |   1.0555 |     35.164 |     1.4
   17 |   0.8095 |     28.169 |   1.0946 |     35.878 |     1.5
   18 |   0.7868 |     27.256 |   1.0725 |     35.444 |     1.5
Early stopping

Model: Seq2Seq Transformer
Source index: <Seq2Seq Index with 43 items>
Target index: <Seq2Seq Index with 34 items>
Max sequence length: 800
Embedding dimension: 64
Feedforward dimension: 64
Encoder layers: 4
Decoder layers: 3
Attention heads: 2
Activation: relu
Dropout: 0.0
Trainable parameters: 285,410

Training started
X_train.shape: torch.Size([3085, 702])
Y_train.shape: torch.Size([3085, 7])
X_dev.shape: torch.Size([537, 649])
Y_dev.shape: torch.Size([537, 7])
Epochs: 500
Learning rate: 0.0001
Weight decay: 1e-05
Epoch | Train                 | Development           | Minutes
      | Loss     | Error Rate | Loss     | Error Rate |
---------------------------------------------------------------
    1 |   2.5910 |     61.399 |   1.9450 |     46.896 |     0.1
    2 |   1.7252 |     46.062 |   1.6214 |     46.307 |     0.2
    3 |   1.5374 |     45.835 |   1.5092 |     46.027 |     0.3
    4 |   1.4519 |     44.873 |   1.4463 |     45.748 |     0.4
    5 |   1.3967 |     44.057 |   1.3889 |     44.227 |     0.5
    6 |   1.3544 |     43.160 |   1.3504 |     42.551 |     0.6
    7 |   1.3181 |     42.253 |   1.3219 |     41.962 |     0.7
    8 |   1.2860 |     41.356 |   1.2863 |     41.465 |     0.8
    9 |   1.2570 |     41.043 |   1.2719 |     41.775 |     0.9
   10 |   1.2299 |     40.330 |   1.2320 |     40.627 |     1.0
   11 |   1.2026 |     39.573 |   1.2209 |     39.199 |     1.1
   12 |   1.1857 |     39.373 |   1.1953 |     39.044 |     1.2
   13 |   1.1612 |     38.466 |   1.1821 |     38.765 |     1.3
   14 |   1.1452 |     37.969 |   1.1678 |     37.616 |     1.4
   15 |   1.1269 |     37.331 |   1.1552 |     37.585 |     1.5
   16 |   1.1100 |     37.110 |   1.1429 |     37.244 |     1.6
   17 |   1.0969 |     36.613 |   1.1449 |     37.306 |     1.7
   18 |   1.0825 |     36.132 |   1.1241 |     36.313 |     1.8
   19 |   1.0718 |     36.132 |   1.1227 |     35.971 |     1.9
   20 |   1.0542 |     35.321 |   1.1228 |     36.654 |     2.0
   21 |   1.0400 |     34.986 |   1.1035 |     36.189 |     2.1
   22 |   1.0319 |     34.516 |   1.0979 |     36.002 |     2.2
   23 |   1.0176 |     34.317 |   1.0928 |     35.971 |     2.3
   24 |   1.0063 |     33.987 |   1.0835 |     35.351 |     2.4
   25 |   0.9909 |     33.317 |   1.0927 |     36.158 |     2.5
   26 |   0.9820 |     32.977 |   1.0738 |     35.847 |     2.6
   27 |   0.9693 |     32.345 |   1.0698 |     35.847 |     2.7
   28 |   0.9585 |     32.145 |   1.0735 |     34.916 |     2.8
   29 |   0.9483 |     31.875 |   1.0601 |     35.320 |     2.9
   30 |   0.9375 |     31.556 |   1.0731 |     35.382 |     3.0
   31 |   0.9226 |     30.810 |   1.0506 |     34.544 |     3.1
   32 |   0.9094 |     30.529 |   1.0435 |     34.171 |     3.2
   33 |   0.8983 |     29.865 |   1.0487 |     34.699 |     3.3
   34 |   0.8914 |     29.876 |   1.0543 |     34.544 |     3.4
   35 |   0.8809 |     29.676 |   1.0564 |     34.606 |     3.5
   36 |   0.8700 |     29.049 |   1.0451 |     34.451 |     3.6
   37 |   0.8572 |     28.509 |   1.0279 |     33.364 |     3.7
   38 |   0.8532 |     28.471 |   1.0360 |     34.233 |     3.8
   39 |   0.8373 |     27.742 |   1.0378 |     34.078 |     3.9
   40 |   0.8314 |     27.661 |   1.0240 |     33.240 |     4.0
   41 |   0.8177 |     27.088 |   1.0207 |     33.582 |     4.1
   42 |   0.8120 |     26.931 |   1.0314 |     33.985 |     4.2
   43 |   0.8035 |     26.704 |   1.0160 |     32.868 |     4.3
   44 |   0.7943 |     26.413 |   1.0152 |     32.806 |     4.4
   45 |   0.7827 |     26.040 |   1.0289 |     32.837 |     4.5
   46 |   0.7733 |     25.462 |   1.0149 |     33.023 |     4.6
   47 |   0.7675 |     25.624 |   1.0297 |     32.961 |     4.7
   48 |   0.7607 |     25.095 |   1.0357 |     33.395 |     4.8
   49 |   0.7553 |     25.057 |   1.0058 |     32.806 |     4.9
   50 |   0.7431 |     24.662 |   1.0203 |     33.116 |     5.0
   51 |   0.7325 |     24.398 |   1.0232 |     32.930 |     5.1
   52 |   0.7239 |     23.809 |   1.0095 |     33.209 |     5.2
   53 |   0.7158 |     23.517 |   1.0176 |     32.868 |     5.3
Early stopping

Model: Seq2Seq Transformer
Source index: <Seq2Seq Index with 43 items>
Target index: <Seq2Seq Index with 34 items>
Max sequence length: 800
Embedding dimension: 128
Feedforward dimension: 64
Encoder layers: 2
Decoder layers: 4
Attention heads: 2
Activation: relu
Dropout: 0.2
Trainable parameters: 881,186

Training started
X_train.shape: torch.Size([3085, 702])
Y_train.shape: torch.Size([3085, 7])
X_dev.shape: torch.Size([537, 649])
Y_dev.shape: torch.Size([537, 7])
Epochs: 500
Learning rate: 0.001
Weight decay: 0.0001
Epoch | Train                 | Development           | Minutes
      | Loss     | Error Rate | Loss     | Error Rate |
---------------------------------------------------------------
    1 |   1.7376 |     51.210 |   1.3902 |     46.679 |     0.1
    2 |   1.3799 |     46.240 |   1.3136 |     44.910 |     0.2
    3 |   1.3096 |     44.787 |   1.3044 |     44.941 |     0.3
    4 |   1.2711 |     43.798 |   1.2312 |     42.210 |     0.4
    5 |   1.2412 |     42.636 |   1.2304 |     41.155 |     0.5
    6 |   1.1991 |     41.469 |   1.2150 |     40.068 |     0.6
    7 |   1.1819 |     41.016 |   1.2044 |     40.937 |     0.7
    8 |   1.1518 |     39.751 |   1.1673 |     39.634 |     0.8
    9 |   1.1167 |     38.617 |   1.1912 |     40.099 |     0.9
   10 |   1.0981 |     37.942 |   1.1458 |     38.144 |     1.0
   11 |   1.0765 |     37.391 |   1.1271 |     37.647 |     1.1
   12 |   1.0459 |     36.197 |   1.1107 |     36.685 |     1.2
   13 |   1.0175 |     35.041 |   1.1182 |     38.206 |     1.3
   14 |   1.0031 |     34.857 |   1.1231 |     37.430 |     1.3
   15 |   0.9758 |     34.106 |   1.1100 |     37.616 |     1.4
   16 |   0.9608 |     33.425 |   1.1117 |     36.344 |     1.5
   17 |   0.9403 |     32.809 |   1.0999 |     35.909 |     1.6
   18 |   0.9150 |     31.826 |   1.1167 |     35.320 |     1.7
   19 |   0.9023 |     31.621 |   1.0769 |     35.009 |     1.8
   20 |   0.8845 |     30.875 |   1.1265 |     36.654 |     1.9
   21 |   0.8629 |     30.281 |   1.1404 |     36.406 |     2.0
   22 |   0.8422 |     29.503 |   1.0581 |     34.482 |     2.1
   23 |   0.8220 |     28.876 |   1.1343 |     37.182 |     2.2
   24 |   0.8039 |     28.152 |   1.1453 |     35.971 |     2.3
   25 |   0.7991 |     27.823 |   1.0956 |     33.644 |     2.4
   26 |   0.7806 |     27.601 |   1.2031 |     37.554 |     2.5
Early stopping

Model: Seq2Seq Transformer
Source index: <Seq2Seq Index with 43 items>
Target index: <Seq2Seq Index with 34 items>
Max sequence length: 800
Embedding dimension: 64
Feedforward dimension: 64
Encoder layers: 2
Decoder layers: 3
Attention heads: 4
Activation: relu
Dropout: 0.0
Trainable parameters: 234,978

Training started
X_train.shape: torch.Size([3085, 702])
Y_train.shape: torch.Size([3085, 7])
X_dev.shape: torch.Size([537, 649])
Y_dev.shape: torch.Size([537, 7])
Epochs: 500
Learning rate: 0.0001
Weight decay: 1e-05
Epoch | Train                 | Development           | Minutes
      | Loss     | Error Rate | Loss     | Error Rate |
---------------------------------------------------------------
    1 |   2.5659 |     62.642 |   1.9388 |     47.145 |     0.1
    2 |   1.7117 |     46.245 |   1.6005 |     46.431 |     0.2
    3 |   1.5232 |     45.894 |   1.4889 |     46.741 |     0.3
    4 |   1.4424 |     45.143 |   1.4245 |     44.351 |     0.3
    5 |   1.3910 |     44.392 |   1.3800 |     44.010 |     0.4
    6 |   1.3558 |     44.106 |   1.3451 |     43.234 |     0.5
    7 |   1.3218 |     43.317 |   1.3230 |     43.420 |     0.6
    8 |   1.2952 |     42.701 |   1.2923 |     42.831 |     0.7
    9 |   1.2695 |     42.410 |   1.2779 |     42.768 |     0.8
   10 |   1.2457 |     41.707 |   1.2536 |     42.613 |     0.9
   11 |   1.2215 |     41.140 |   1.2300 |     41.403 |     1.0
   12 |   1.2009 |     40.562 |   1.2123 |     39.944 |     1.0
   13 |   1.1809 |     39.735 |   1.1913 |     39.479 |     1.1
   14 |   1.1634 |     39.498 |   1.1771 |     38.920 |     1.2
   15 |   1.1477 |     39.038 |   1.1673 |     38.516 |     1.3
   16 |   1.1310 |     38.779 |   1.1503 |     38.144 |     1.4
   17 |   1.1139 |     37.726 |   1.1418 |     38.889 |     1.5
   18 |   1.0994 |     37.515 |   1.1431 |     38.547 |     1.6
   19 |   1.0847 |     37.137 |   1.1187 |     38.361 |     1.7
   20 |   1.0724 |     36.429 |   1.1096 |     36.654 |     1.7
   21 |   1.0544 |     35.964 |   1.0963 |     37.337 |     1.8
   22 |   1.0419 |     35.500 |   1.0908 |     36.716 |     1.9
   23 |   1.0281 |     35.046 |   1.0820 |     35.630 |     2.0
   24 |   1.0143 |     34.468 |   1.0655 |     36.344 |     2.1
   25 |   1.0036 |     34.446 |   1.0799 |     36.809 |     2.2
   26 |   0.9884 |     33.674 |   1.0646 |     36.282 |     2.3
   27 |   0.9736 |     33.058 |   1.0583 |     36.220 |     2.3
   28 |   0.9622 |     32.744 |   1.0435 |     35.133 |     2.4
   29 |   0.9505 |     32.410 |   1.0398 |     35.071 |     2.5
   30 |   0.9410 |     32.269 |   1.0343 |     35.258 |     2.6
   31 |   0.9248 |     31.340 |   1.0253 |     33.985 |     2.7
   32 |   0.9172 |     31.383 |   1.0167 |     34.544 |     2.8
   33 |   0.9038 |     30.648 |   1.0268 |     33.985 |     2.9
   34 |   0.8952 |     30.529 |   1.0141 |     33.489 |     3.0
   35 |   0.8826 |     30.022 |   1.0131 |     33.892 |     3.0
   36 |   0.8718 |     29.616 |   1.0222 |     34.358 |     3.1
   37 |   0.8644 |     29.546 |   0.9968 |     33.489 |     3.2
   38 |   0.8525 |     28.909 |   1.0006 |     33.426 |     3.3
   39 |   0.8412 |     28.714 |   1.0002 |     33.333 |     3.4
   40 |   0.8340 |     28.223 |   0.9859 |     33.395 |     3.5
   41 |   0.8220 |     27.720 |   0.9907 |     32.713 |     3.6
   42 |   0.8191 |     27.801 |   0.9949 |     32.402 |     3.6
   43 |   0.8066 |     27.423 |   0.9834 |     33.178 |     3.7
   44 |   0.7976 |     26.926 |   0.9778 |     32.806 |     3.8
   45 |   0.7863 |     26.505 |   0.9955 |     34.016 |     3.9
   46 |   0.7798 |     26.288 |   1.0035 |     32.837 |     4.0
   47 |   0.7745 |     26.132 |   0.9792 |     32.837 |     4.1
   48 |   0.7639 |     25.543 |   0.9870 |     33.085 |     4.2
   49 |   0.7602 |     25.694 |   0.9695 |     32.092 |     4.3
   50 |   0.7500 |     25.208 |   0.9752 |     32.619 |     4.3
   51 |   0.7382 |     24.781 |   0.9731 |     32.061 |     4.4
   52 |   0.7330 |     24.381 |   0.9777 |     31.813 |     4.5
   53 |   0.7243 |     24.149 |   0.9827 |     32.899 |     4.6
Early stopping

Model: Seq2Seq Transformer
Source index: <Seq2Seq Index with 43 items>
Target index: <Seq2Seq Index with 34 items>
Max sequence length: 800
Embedding dimension: 128
Feedforward dimension: 256
Encoder layers: 2
Decoder layers: 2
Attention heads: 4
Activation: relu
Dropout: 0.0
Trainable parameters: 779,682

Training started
X_train.shape: torch.Size([3085, 702])
Y_train.shape: torch.Size([3085, 7])
X_dev.shape: torch.Size([537, 649])
Y_dev.shape: torch.Size([537, 7])
Epochs: 500
Learning rate: 0.0001
Weight decay: 0.0001
Epoch | Train                 | Development           | Minutes
      | Loss     | Error Rate | Loss     | Error Rate |
---------------------------------------------------------------
    1 |   1.9735 |     51.351 |   1.5338 |     47.020 |     0.1
    2 |   1.4305 |     45.597 |   1.3929 |     44.475 |     0.2
    3 |   1.3356 |     43.933 |   1.3186 |     42.862 |     0.3
    4 |   1.2706 |     42.188 |   1.2676 |     41.899 |     0.4
    5 |   1.2245 |     41.189 |   1.2312 |     41.806 |     0.5
    6 |   1.1886 |     40.097 |   1.1994 |     40.565 |     0.6
    7 |   1.1493 |     38.941 |   1.1609 |     38.144 |     0.7
    8 |   1.1161 |     37.915 |   1.1441 |     37.865 |     0.8
    9 |   1.0880 |     37.331 |   1.1059 |     36.685 |     0.9
   10 |   1.0562 |     36.056 |   1.0923 |     36.034 |     1.0
   11 |   1.0281 |     35.008 |   1.0780 |     35.754 |     1.1
   12 |   1.0070 |     34.290 |   1.0758 |     36.778 |     1.2
   13 |   0.9834 |     33.636 |   1.0697 |     35.164 |     1.3
   14 |   0.9546 |     32.447 |   1.0579 |     35.320 |     1.4
   15 |   0.9366 |     31.599 |   1.0210 |     33.426 |     1.5
   16 |   0.9053 |     30.589 |   1.0205 |     33.240 |     1.6
   17 |   0.8859 |     29.860 |   0.9984 |     33.116 |     1.7
   18 |   0.8587 |     29.011 |   1.0251 |     34.171 |     1.8
   19 |   0.8378 |     28.406 |   0.9983 |     33.023 |     1.9
   20 |   0.8180 |     27.563 |   1.0215 |     33.364 |     1.9
   21 |   0.7951 |     26.667 |   1.0002 |     32.588 |     2.0
   22 |   0.7726 |     26.067 |   0.9896 |     32.061 |     2.1
   23 |   0.7513 |     25.170 |   0.9854 |     32.309 |     2.2
   24 |   0.7331 |     24.365 |   0.9904 |     32.930 |     2.3
   25 |   0.7139 |     23.960 |   1.0082 |     33.085 |     2.4
   26 |   0.6944 |     23.323 |   1.0012 |     32.651 |     2.5
   27 |   0.6797 |     22.582 |   0.9853 |     31.440 |     2.6
   28 |   0.6556 |     21.923 |   1.0247 |     32.744 |     2.7
   29 |   0.6365 |     21.345 |   0.9996 |     32.185 |     2.8
   30 |   0.6187 |     20.837 |   1.0123 |     32.806 |     2.9
   31 |   0.6020 |     20.049 |   1.0333 |     33.209 |     3.0
Early stopping

Model: Seq2Seq Transformer
Source index: <Seq2Seq Index with 43 items>
Target index: <Seq2Seq Index with 34 items>
Max sequence length: 800
Embedding dimension: 128
Feedforward dimension: 128
Encoder layers: 2
Decoder layers: 4
Attention heads: 2
Activation: relu
Dropout: 0.0
Trainable parameters: 979,874

Training started
X_train.shape: torch.Size([3085, 702])
Y_train.shape: torch.Size([3085, 7])
X_dev.shape: torch.Size([537, 649])
Y_dev.shape: torch.Size([537, 7])
Epochs: 500
Learning rate: 0.001
Weight decay: 0.0001
Epoch | Train                 | Development           | Minutes
      | Loss     | Error Rate | Loss     | Error Rate |
---------------------------------------------------------------
    1 |   1.5539 |     48.271 |   1.2913 |     44.134 |     0.1
    2 |   1.2363 |     42.766 |   1.2243 |     43.948 |     0.2
    3 |   1.1569 |     40.654 |   1.1566 |     40.379 |     0.3
    4 |   1.0858 |     38.379 |   1.1417 |     40.317 |     0.4
    5 |   1.0331 |     36.386 |   1.0885 |     36.840 |     0.5
    6 |   0.9783 |     34.668 |   1.0729 |     36.996 |     0.6
    7 |   0.9390 |     33.533 |   1.0471 |     36.065 |     0.6
    8 |   0.8977 |     31.599 |   1.0107 |     34.389 |     0.7
    9 |   0.8530 |     30.249 |   1.0506 |     35.444 |     0.8
   10 |   0.8110 |     28.660 |   1.0218 |     34.420 |     0.9
   11 |   0.7782 |     27.439 |   1.0195 |     34.699 |     1.0
   12 |   0.7403 |     26.386 |   0.9916 |     33.023 |     1.1
   13 |   0.6929 |     24.554 |   1.0442 |     33.551 |     1.2
   14 |   0.6675 |     23.420 |   1.0057 |     32.464 |     1.3
   15 |   0.6178 |     21.848 |   1.0567 |     33.830 |     1.4
   16 |   0.5885 |     20.746 |   1.0361 |     32.744 |     1.5
Early stopping

Model: Seq2Seq Transformer
Source index: <Seq2Seq Index with 43 items>
Target index: <Seq2Seq Index with 34 items>
Max sequence length: 800
Embedding dimension: 128
Feedforward dimension: 128
Encoder layers: 2
Decoder layers: 3
Attention heads: 4
Activation: relu
Dropout: 0.1
Trainable parameters: 813,986

Training started
X_train.shape: torch.Size([3085, 702])
Y_train.shape: torch.Size([3085, 7])
X_dev.shape: torch.Size([537, 649])
Y_dev.shape: torch.Size([537, 7])
Epochs: 500
Learning rate: 0.0001
Weight decay: 0.0001
Epoch | Train                 | Development           | Minutes
      | Loss     | Error Rate | Loss     | Error Rate |
---------------------------------------------------------------
    1 |   2.2806 |     56.613 |   1.6163 |     46.369 |     0.1
    2 |   1.5377 |     46.224 |   1.4248 |     46.120 |     0.2
    3 |   1.4126 |     45.289 |   1.3479 |     44.693 |     0.3
    4 |   1.3485 |     43.911 |   1.2969 |     43.606 |     0.4
    5 |   1.3040 |     43.123 |   1.2566 |     41.930 |     0.6
    6 |   1.2655 |     42.296 |   1.2245 |     41.248 |     0.7
    7 |   1.2380 |     41.437 |   1.2133 |     40.627 |     0.8
    8 |   1.2119 |     40.827 |   1.1813 |     40.534 |     0.9
    9 |   1.1858 |     39.914 |   1.1726 |     40.782 |     1.0
   10 |   1.1637 |     39.643 |   1.1444 |     38.765 |     1.1
   11 |   1.1438 |     38.698 |   1.1435 |     39.385 |     1.2
   12 |   1.1248 |     38.493 |   1.1204 |     37.958 |     1.3
   13 |   1.1055 |     37.677 |   1.1035 |     37.958 |     1.4
   14 |   1.0907 |     37.261 |   1.0933 |     37.647 |     1.6
   15 |   1.0711 |     36.694 |   1.0854 |     36.747 |     1.7
   16 |   1.0545 |     36.159 |   1.0780 |     36.840 |     1.8
   17 |   1.0367 |     35.505 |   1.0684 |     35.785 |     1.9
   18 |   1.0235 |     35.030 |   1.0604 |     35.630 |     2.0
   19 |   1.0093 |     34.500 |   1.0663 |     35.196 |     2.1
   20 |   0.9916 |     33.890 |   1.0432 |     34.761 |     2.2
   21 |   0.9820 |     33.479 |   1.0314 |     34.358 |     2.3
   22 |   0.9703 |     32.890 |   1.0360 |     34.606 |     2.5
   23 |   0.9535 |     32.842 |   1.0347 |     33.706 |     2.6
   24 |   0.9432 |     32.539 |   1.0144 |     32.806 |     2.7
   25 |   0.9301 |     32.080 |   1.0222 |     34.482 |     2.8
   26 |   0.9173 |     31.459 |   1.0240 |     33.892 |     2.9
   27 |   0.9059 |     31.097 |   1.0224 |     34.233 |     3.0
   28 |   0.8955 |     30.324 |   1.0276 |     33.799 |     3.1
Early stopping

Model: Seq2Seq Transformer
Source index: <Seq2Seq Index with 43 items>
Target index: <Seq2Seq Index with 34 items>
Max sequence length: 800
Embedding dimension: 128
Feedforward dimension: 256
Encoder layers: 2
Decoder layers: 3
Attention heads: 4
Activation: relu
Dropout: 0.1
Trainable parameters: 978,466

Training started
X_train.shape: torch.Size([3085, 702])
Y_train.shape: torch.Size([3085, 7])
X_dev.shape: torch.Size([537, 649])
Y_dev.shape: torch.Size([537, 7])
Epochs: 500
Learning rate: 0.0001
Weight decay: 1e-05
Epoch | Train                 | Development           | Minutes
      | Loss     | Error Rate | Loss     | Error Rate |
---------------------------------------------------------------
    1 |   2.1236 |     54.662 |   1.5180 |     46.058 |     0.1
    2 |   1.4762 |     45.873 |   1.3792 |     45.810 |     0.2
    3 |   1.3773 |     44.868 |   1.3175 |     44.041 |     0.3
    4 |   1.3201 |     43.598 |   1.2688 |     42.520 |     0.5
    5 |   1.2759 |     42.739 |   1.2238 |     40.875 |     0.6
    6 |   1.2393 |     41.426 |   1.1980 |     39.944 |     0.7
    7 |   1.2104 |     40.773 |   1.1810 |     40.472 |     0.8
    8 |   1.1813 |     40.092 |   1.1565 |     39.075 |     0.9
    9 |   1.1619 |     39.638 |   1.1349 |     38.485 |     1.0
   10 |   1.1377 |     38.936 |   1.1172 |     37.089 |     1.1
   11 |   1.1191 |     38.514 |   1.1101 |     37.058 |     1.3
   12 |   1.0980 |     37.596 |   1.0949 |     36.654 |     1.4
   13 |   1.0796 |     37.380 |   1.0839 |     36.778 |     1.5
   14 |   1.0610 |     36.559 |   1.0643 |     35.320 |     1.6
   15 |   1.0395 |     35.737 |   1.0586 |     35.382 |     1.7
   16 |   1.0271 |     35.489 |   1.0461 |     35.413 |     1.8
   17 |   1.0078 |     34.868 |   1.0460 |     34.606 |     2.0
   18 |   0.9908 |     34.106 |   1.0345 |     34.451 |     2.1
   19 |   0.9758 |     33.582 |   1.0341 |     33.985 |     2.2
   20 |   0.9598 |     32.896 |   1.0165 |     34.140 |     2.3
   21 |   0.9444 |     32.512 |   1.0037 |     33.799 |     2.4
   22 |   0.9291 |     31.702 |   1.0129 |     34.016 |     2.5
   23 |   0.9119 |     31.340 |   1.0119 |     33.457 |     2.6
   24 |   0.8998 |     30.670 |   0.9970 |     33.271 |     2.8
   25 |   0.8890 |     30.492 |   1.0176 |     33.768 |     2.9
   26 |   0.8725 |     29.708 |   1.0010 |     32.092 |     3.0
   27 |   0.8631 |     29.643 |   0.9870 |     33.147 |     3.1
   28 |   0.8462 |     29.076 |   0.9955 |     32.464 |     3.2
   29 |   0.8299 |     28.250 |   1.0094 |     33.147 |     3.3
   30 |   0.8233 |     28.169 |   1.0022 |     33.240 |     3.5
   31 |   0.8062 |     27.882 |   1.0144 |     32.930 |     3.6
Early stopping

Model: Seq2Seq Transformer
Source index: <Seq2Seq Index with 43 items>
Target index: <Seq2Seq Index with 34 items>
Max sequence length: 800
Embedding dimension: 64
Feedforward dimension: 64
Encoder layers: 4
Decoder layers: 2
Attention heads: 4
Activation: relu
Dropout: 0.0
Trainable parameters: 243,426

Training started
X_train.shape: torch.Size([3085, 702])
Y_train.shape: torch.Size([3085, 7])
X_dev.shape: torch.Size([537, 649])
Y_dev.shape: torch.Size([537, 7])
Epochs: 500
Learning rate: 0.001
Weight decay: 0.0001
Epoch | Train                 | Development           | Minutes
      | Loss     | Error Rate | Loss     | Error Rate |
---------------------------------------------------------------
    1 |   1.6651 |     48.314 |   1.3685 |     45.500 |     0.1
    2 |   1.2973 |     44.571 |   1.2476 |     43.203 |     0.3
    3 |   1.2208 |     42.723 |   1.2264 |     43.793 |     0.4
    4 |   1.1817 |     42.393 |   1.2031 |     42.831 |     0.5
    5 |   1.1542 |     41.513 |   1.1656 |     41.837 |     0.7
    6 |   1.1316 |     40.724 |   1.1680 |     42.800 |     0.8
    7 |   1.1073 |     40.151 |   1.1382 |     41.341 |     0.9
    8 |   1.0927 |     39.498 |   1.1300 |     40.379 |     1.1
    9 |   1.0734 |     38.957 |   1.1178 |     40.906 |     1.2
   10 |   1.0611 |     38.352 |   1.1166 |     40.441 |     1.4
   11 |   1.0429 |     38.196 |   1.0902 |     39.851 |     1.5
   12 |   1.0266 |     37.569 |   1.0782 |     38.796 |     1.6
   13 |   1.0208 |     37.283 |   1.0673 |     37.803 |     1.8
   14 |   1.0033 |     36.856 |   1.0533 |     37.865 |     1.9
   15 |   0.9869 |     36.407 |   1.0638 |     39.665 |     2.0
   16 |   0.9834 |     36.305 |   1.0496 |     37.058 |     2.2
   17 |   0.9578 |     35.116 |   1.0332 |     37.275 |     2.3
   18 |   0.9457 |     34.662 |   1.0310 |     36.747 |     2.4
   19 |   0.9300 |     33.717 |   1.0254 |     36.530 |     2.6
   20 |   0.9163 |     33.187 |   1.0120 |     35.289 |     2.7
   21 |   0.8998 |     32.609 |   1.0065 |     35.227 |     2.8
   22 |   0.8902 |     32.264 |   0.9836 |     34.916 |     3.0
   23 |   0.8693 |     31.469 |   0.9761 |     33.147 |     3.1
   24 |   0.8614 |     30.913 |   1.0006 |     34.792 |     3.2
   25 |   0.8478 |     30.454 |   0.9782 |     33.737 |     3.4
   26 |   0.8324 |     29.735 |   0.9877 |     33.520 |     3.5
   27 |   0.8209 |     29.227 |   1.0207 |     33.768 |     3.7
Early stopping

Model: Seq2Seq Transformer
Source index: <Seq2Seq Index with 43 items>
Target index: <Seq2Seq Index with 34 items>
Max sequence length: 800
Embedding dimension: 128
Feedforward dimension: 64
Encoder layers: 4
Decoder layers: 3
Attention heads: 4
Activation: relu
Dropout: 0.0
Trainable parameters: 898,018

Training started
X_train.shape: torch.Size([3085, 702])
Y_train.shape: torch.Size([3085, 7])
X_dev.shape: torch.Size([537, 649])
Y_dev.shape: torch.Size([537, 7])
Epochs: 500
Learning rate: 0.0001
Weight decay: 1e-05
Epoch | Train                 | Development           | Minutes
      | Loss     | Error Rate | Loss     | Error Rate |
---------------------------------------------------------------
    1 |   2.1390 |     54.387 |   1.5791 |     45.220 |     0.2
    2 |   1.4662 |     45.602 |   1.4174 |     43.762 |     0.3
    3 |   1.3673 |     44.149 |   1.3422 |     45.096 |     0.5
    4 |   1.3119 |     43.269 |   1.2917 |     42.582 |     0.7
    5 |   1.2673 |     41.858 |   1.2653 |     42.148 |     0.8
    6 |   1.2276 |     40.805 |   1.2452 |     41.806 |     1.0
    7 |   1.1899 |     39.806 |   1.2035 |     39.820 |     1.2
    8 |   1.1523 |     38.952 |   1.1644 |     38.889 |     1.4
    9 |   1.1179 |     37.931 |   1.1275 |     37.058 |     1.5
   10 |   1.0844 |     36.759 |   1.1174 |     37.306 |     1.7
   11 |   1.0535 |     35.889 |   1.1000 |     36.468 |     1.9
   12 |   1.0283 |     34.976 |   1.1033 |     36.809 |     2.0
   13 |   1.0044 |     34.073 |   1.0777 |     36.002 |     2.2
   14 |   0.9754 |     33.128 |   1.0520 |     34.637 |     2.4
   15 |   0.9476 |     31.842 |   1.0564 |     35.102 |     2.6
   16 |   0.9267 |     31.297 |   1.0439 |     34.761 |     2.7
   17 |   0.8993 |     30.227 |   1.0387 |     34.327 |     2.9
   18 |   0.8714 |     29.168 |   1.0106 |     34.730 |     3.1
   19 |   0.8516 |     28.379 |   1.0191 |     34.637 |     3.2
   20 |   0.8269 |     27.585 |   1.0177 |     34.513 |     3.4
   21 |   0.8063 |     26.683 |   0.9987 |     33.395 |     3.6
   22 |   0.7809 |     25.883 |   1.0053 |     33.395 |     3.7
   23 |   0.7514 |     24.835 |   0.9965 |     33.520 |     3.9
   24 |   0.7349 |     24.300 |   1.0198 |     33.551 |     4.1
   25 |   0.7119 |     23.668 |   1.0043 |     32.961 |     4.3
   26 |   0.6879 |     22.642 |   1.0095 |     32.557 |     4.4
   27 |   0.6717 |     22.199 |   1.0153 |     32.588 |     4.6
Early stopping

