Model: Seq2Seq Transformer
Source index: <Seq2Seq Index with 43 items>
Target index: <Seq2Seq Index with 34 items>
Max sequence length: 800
Embedding dimension: 128
Feedforward dimension: 128
Encoder layers: 4
Decoder layers: 3
Attention heads: 2
Activation: relu
Dropout: 0.2
Trainable parameters: 1,013,154

Training started
X_train.shape: torch.Size([3057, 702])
Y_train.shape: torch.Size([3057, 7])
X_dev.shape: torch.Size([546, 337])
Y_dev.shape: torch.Size([546, 7])
Epochs: 500
Learning rate: 0.0001
Weight decay: 1e-05
Epoch | Train                 | Development           | Minutes
      | Loss     | Error Rate | Loss     | Error Rate |
---------------------------------------------------------------
    1 |   2.3971 |     59.557 |   1.6588 |     46.306 |     0.1
    2 |   1.6329 |     46.478 |   1.4745 |     46.306 |     0.3
    3 |   1.4890 |     46.380 |   1.4138 |     45.665 |     0.4
    4 |   1.4254 |     45.927 |   1.3750 |     45.452 |     0.6
    5 |   1.3803 |     45.502 |   1.3478 |     44.994 |     0.7
    6 |   1.3500 |     44.488 |   1.3123 |     43.987 |     0.9
    7 |   1.3208 |     44.057 |   1.2935 |     43.803 |     1.0
    8 |   1.2989 |     43.496 |   1.2738 |     42.338 |     1.2
    9 |   1.2774 |     42.591 |   1.2551 |     42.369 |     1.3
   10 |   1.2516 |     41.986 |   1.2406 |     41.056 |     1.4
   11 |   1.2350 |     41.299 |   1.2260 |     41.087 |     1.6
   12 |   1.2201 |     41.217 |   1.1981 |     40.415 |     1.7
   13 |   1.2018 |     40.432 |   1.1868 |     39.652 |     1.9
   14 |   1.1816 |     39.652 |   1.2125 |     40.720 |     2.0
   15 |   1.1675 |     39.085 |   1.1881 |     39.927 |     2.2
   16 |   1.1572 |     39.074 |   1.1768 |     39.499 |     2.3
   17 |   1.1427 |     38.442 |   1.1730 |     39.560 |     2.5
   18 |   1.1241 |     37.826 |   1.1746 |     39.347 |     2.6
   19 |   1.1153 |     37.755 |   1.1641 |     39.408 |     2.8
   20 |   1.0954 |     37.335 |   1.1783 |     39.560 |     2.9
   21 |   1.0812 |     36.354 |   1.1417 |     38.278 |     3.1
   22 |   1.0723 |     36.365 |   1.1472 |     38.645 |     3.2
   23 |   1.0603 |     35.923 |   1.1635 |     38.706 |     3.4
   24 |   1.0430 |     35.252 |   1.1388 |     37.943 |     3.5
   25 |   1.0344 |     35.040 |   1.1403 |     37.821 |     3.6
   26 |   1.0262 |     34.702 |   1.1565 |     38.217 |     3.8
   27 |   1.0137 |     34.478 |   1.1466 |     38.095 |     3.9
   28 |   1.0010 |     34.042 |   1.1319 |     37.088 |     4.1
   29 |   0.9884 |     33.366 |   1.1425 |     37.302 |     4.2
   30 |   0.9793 |     33.257 |   1.1550 |     37.393 |     4.4
   31 |   0.9658 |     32.619 |   1.1531 |     37.271 |     4.5
   32 |   0.9558 |     32.472 |   1.1467 |     36.844 |     4.7
Early stopping

Model: Seq2Seq Transformer
Source index: <Seq2Seq Index with 43 items>
Target index: <Seq2Seq Index with 34 items>
Max sequence length: 800
Embedding dimension: 64
Feedforward dimension: 256
Encoder layers: 2
Decoder layers: 4
Attention heads: 2
Activation: relu
Dropout: 0.0
Trainable parameters: 425,570

Training started
X_train.shape: torch.Size([3057, 702])
Y_train.shape: torch.Size([3057, 7])
X_dev.shape: torch.Size([546, 337])
Y_dev.shape: torch.Size([546, 7])
Epochs: 500
Learning rate: 0.0001
Weight decay: 1e-05
Epoch | Train                 | Development           | Minutes
      | Loss     | Error Rate | Loss     | Error Rate |
---------------------------------------------------------------
    1 |   2.2281 |     55.223 |   1.6941 |     47.039 |     0.1
    2 |   1.5683 |     45.758 |   1.5177 |     44.292 |     0.1
    3 |   1.4561 |     44.657 |   1.4417 |     44.750 |     0.2
    4 |   1.3885 |     43.676 |   1.3981 |     44.872 |     0.3
    5 |   1.3393 |     42.700 |   1.3535 |     43.040 |     0.4
    6 |   1.2921 |     41.817 |   1.3259 |     43.071 |     0.4
    7 |   1.2552 |     40.884 |   1.2710 |     43.437 |     0.5
    8 |   1.2204 |     40.268 |   1.2504 |     41.148 |     0.6
    9 |   1.1892 |     39.369 |   1.2210 |     41.056 |     0.7
   10 |   1.1595 |     38.671 |   1.2216 |     41.422 |     0.7
   11 |   1.1377 |     38.196 |   1.2066 |     41.422 |     0.8
   12 |   1.1159 |     37.275 |   1.1833 |     40.201 |     0.9
   13 |   1.0926 |     36.664 |   1.1775 |     39.713 |     1.0
   14 |   1.0742 |     35.988 |   1.1802 |     39.499 |     1.0
   15 |   1.0527 |     35.291 |   1.1556 |     39.194 |     1.1
   16 |   1.0385 |     34.936 |   1.1427 |     38.919 |     1.2
   17 |   1.0172 |     34.200 |   1.1431 |     38.553 |     1.3
   18 |   1.0046 |     33.857 |   1.1356 |     38.553 |     1.3
   19 |   0.9841 |     32.826 |   1.1556 |     38.828 |     1.4
   20 |   0.9650 |     32.297 |   1.1183 |     38.278 |     1.5
   21 |   0.9536 |     32.003 |   1.0979 |     36.966 |     1.6
   22 |   0.9360 |     31.322 |   1.0944 |     37.088 |     1.6
   23 |   0.9174 |     30.662 |   1.0876 |     36.172 |     1.7
   24 |   0.8996 |     30.411 |   1.1028 |     36.325 |     1.8
   25 |   0.8863 |     29.953 |   1.1033 |     36.783 |     1.9
   26 |   0.8727 |     29.250 |   1.1014 |     37.149 |     1.9
   27 |   0.8568 |     28.716 |   1.0827 |     35.775 |     2.0
   28 |   0.8437 |     28.585 |   1.0775 |     35.562 |     2.1
   29 |   0.8318 |     28.176 |   1.0951 |     36.020 |     2.1
   30 |   0.8209 |     27.849 |   1.0909 |     36.264 |     2.2
   31 |   0.8067 |     27.265 |   1.0682 |     35.012 |     2.3
   32 |   0.7930 |     26.780 |   1.0827 |     36.630 |     2.4
   33 |   0.7817 |     26.524 |   1.0598 |     34.524 |     2.4
   34 |   0.7680 |     25.962 |   1.1237 |     36.203 |     2.5
   35 |   0.7587 |     25.662 |   1.0859 |     35.409 |     2.6
   36 |   0.7415 |     25.139 |   1.0801 |     35.409 |     2.7
   37 |   0.7290 |     24.343 |   1.0921 |     34.860 |     2.7
Early stopping

Model: Seq2Seq Transformer
Source index: <Seq2Seq Index with 43 items>
Target index: <Seq2Seq Index with 34 items>
Max sequence length: 800
Embedding dimension: 64
Feedforward dimension: 256
Encoder layers: 4
Decoder layers: 3
Attention heads: 2
Activation: relu
Dropout: 0.1
Trainable parameters: 458,786

Training started
X_train.shape: torch.Size([3057, 702])
Y_train.shape: torch.Size([3057, 7])
X_dev.shape: torch.Size([546, 337])
Y_dev.shape: torch.Size([546, 7])
Epochs: 500
Learning rate: 0.001
Weight decay: 1e-05
Epoch | Train                 | Development           | Minutes
      | Loss     | Error Rate | Loss     | Error Rate |
---------------------------------------------------------------
    1 |   1.6957 |     49.057 |   1.3783 |     46.062 |     0.1
    2 |   1.3274 |     45.137 |   1.2816 |     44.811 |     0.2
    3 |   1.2658 |     44.166 |   1.2292 |     44.200 |     0.3
    4 |   1.2317 |     43.512 |   1.2080 |     43.864 |     0.5
    5 |   1.2085 |     43.354 |   1.1680 |     42.125 |     0.6
    6 |   1.1871 |     42.896 |   1.1601 |     42.338 |     0.7
    7 |   1.1751 |     42.743 |   1.1556 |     43.193 |     0.8
    8 |   1.1631 |     42.454 |   1.1540 |     43.010 |     0.9
    9 |   1.1513 |     42.116 |   1.1307 |     41.148 |     1.0
   10 |   1.1425 |     41.718 |   1.1429 |     42.491 |     1.1
   11 |   1.1379 |     41.686 |   1.1115 |     40.720 |     1.3
   12 |   1.1310 |     41.817 |   1.1178 |     41.056 |     1.4
   13 |   1.1264 |     41.784 |   1.1162 |     41.422 |     1.5
   14 |   1.1189 |     41.626 |   1.1147 |     41.392 |     1.6
   15 |   1.1182 |     41.860 |   1.1079 |     40.965 |     1.7
   16 |   1.1109 |     41.173 |   1.1009 |     40.568 |     1.8
   17 |   1.1042 |     41.424 |   1.1069 |     40.781 |     1.9
   18 |   1.1084 |     41.577 |   1.1016 |     41.392 |     2.0
   19 |   1.1033 |     41.135 |   1.1049 |     40.598 |     2.2
   20 |   1.0970 |     41.075 |   1.1007 |     40.965 |     2.3
   21 |   1.0944 |     40.514 |   1.0978 |     40.385 |     2.4
   22 |   1.0963 |     40.982 |   1.1011 |     41.514 |     2.5
   23 |   1.0929 |     41.113 |   1.0975 |     40.629 |     2.6
   24 |   1.0899 |     40.852 |   1.0961 |     40.690 |     2.7
   25 |   1.0882 |     40.710 |   1.0957 |     41.697 |     2.8
   26 |   1.0876 |     41.075 |   1.0886 |     40.324 |     3.0
   27 |   1.0810 |     40.557 |   1.0872 |     40.568 |     3.1
   28 |   1.0845 |     40.906 |   1.0884 |     41.300 |     3.2
   29 |   1.0815 |     40.912 |   1.0933 |     40.842 |     3.3
   30 |   1.0843 |     40.737 |   1.0911 |     40.568 |     3.4
   31 |   1.0760 |     40.721 |   1.0927 |     40.812 |     3.5
Early stopping

Model: Seq2Seq Transformer
Source index: <Seq2Seq Index with 43 items>
Target index: <Seq2Seq Index with 34 items>
Max sequence length: 800
Embedding dimension: 128
Feedforward dimension: 64
Encoder layers: 4
Decoder layers: 2
Attention heads: 2
Activation: relu
Dropout: 0.0
Trainable parameters: 748,578

Training started
X_train.shape: torch.Size([3057, 702])
Y_train.shape: torch.Size([3057, 7])
X_dev.shape: torch.Size([546, 337])
Y_dev.shape: torch.Size([546, 7])
Epochs: 500
Learning rate: 0.0001
Weight decay: 1e-05
Epoch | Train                 | Development           | Minutes
      | Loss     | Error Rate | Loss     | Error Rate |
---------------------------------------------------------------
    1 |   2.1538 |     54.820 |   1.6376 |     46.093 |     0.1
    2 |   1.4936 |     45.230 |   1.4572 |     45.360 |     0.3
    3 |   1.3806 |     44.199 |   1.3830 |     43.803 |     0.4
    4 |   1.3200 |     42.760 |   1.3532 |     44.505 |     0.5
    5 |   1.2751 |     41.969 |   1.3182 |     43.346 |     0.6
    6 |   1.2367 |     41.173 |   1.2891 |     42.216 |     0.8
    7 |   1.2038 |     39.974 |   1.2583 |     41.667 |     0.9
    8 |   1.1686 |     39.052 |   1.2373 |     41.392 |     1.0
    9 |   1.1392 |     38.142 |   1.2200 |     40.720 |     1.1
   10 |   1.1111 |     37.019 |   1.2069 |     40.629 |     1.3
   11 |   1.0828 |     35.928 |   1.2094 |     41.239 |     1.4
   12 |   1.0646 |     35.481 |   1.1799 |     39.560 |     1.5
   13 |   1.0398 |     34.440 |   1.1663 |     38.431 |     1.6
   14 |   1.0156 |     33.835 |   1.1805 |     39.713 |     1.8
   15 |   0.9921 |     33.153 |   1.1444 |     38.339 |     1.9
   16 |   0.9686 |     32.237 |   1.1332 |     37.546 |     2.0
   17 |   0.9451 |     31.382 |   1.1234 |     37.363 |     2.1
   18 |   0.9234 |     30.733 |   1.1418 |     37.454 |     2.3
   19 |   0.9013 |     29.948 |   1.1279 |     37.057 |     2.4
   20 |   0.8765 |     29.163 |   1.1700 |     37.668 |     2.5
   21 |   0.8556 |     28.405 |   1.1471 |     37.454 |     2.7
Early stopping

Model: Seq2Seq Transformer
Source index: <Seq2Seq Index with 43 items>
Target index: <Seq2Seq Index with 34 items>
Max sequence length: 800
Embedding dimension: 128
Feedforward dimension: 128
Encoder layers: 4
Decoder layers: 3
Attention heads: 2
Activation: relu
Dropout: 0.2
Trainable parameters: 1,013,154

Training started
X_train.shape: torch.Size([3057, 702])
Y_train.shape: torch.Size([3057, 7])
X_dev.shape: torch.Size([546, 337])
Y_dev.shape: torch.Size([546, 7])
Epochs: 500
Learning rate: 0.0001
Weight decay: 0.0001
Epoch | Train                 | Development           | Minutes
      | Loss     | Error Rate | Loss     | Error Rate |
---------------------------------------------------------------
    1 |   2.4336 |     60.779 |   1.7270 |     46.306 |     0.1
    2 |   1.6948 |     46.500 |   1.4706 |     46.123 |     0.3
    3 |   1.4992 |     46.304 |   1.4157 |     45.971 |     0.4
    4 |   1.4213 |     45.524 |   1.3626 |     45.635 |     0.6
    5 |   1.3769 |     45.284 |   1.3416 |     46.032 |     0.7
    6 |   1.3394 |     44.384 |   1.3020 |     44.139 |     0.9
    7 |   1.3123 |     43.927 |   1.2933 |     44.139 |     1.0
    8 |   1.2942 |     43.419 |   1.2568 |     42.735 |     1.2
    9 |   1.2713 |     42.831 |   1.2633 |     44.048 |     1.3
   10 |   1.2533 |     42.640 |   1.2412 |     42.247 |     1.4
   11 |   1.2354 |     41.648 |   1.2229 |     41.606 |     1.6
   12 |   1.2201 |     41.228 |   1.2004 |     40.934 |     1.7
   13 |   1.2061 |     40.835 |   1.2276 |     42.002 |     1.9
   14 |   1.1890 |     40.546 |   1.2142 |     41.300 |     2.0
   15 |   1.1756 |     39.794 |   1.1958 |     40.598 |     2.2
   16 |   1.1686 |     39.303 |   1.1953 |     40.263 |     2.3
   17 |   1.1576 |     39.336 |   1.1803 |     39.896 |     2.5
   18 |   1.1414 |     38.813 |   1.1699 |     39.896 |     2.6
   19 |   1.1277 |     38.115 |   1.1580 |     39.316 |     2.8
   20 |   1.1228 |     38.224 |   1.1693 |     39.560 |     2.9
   21 |   1.1109 |     37.935 |   1.1622 |     39.438 |     3.1
   22 |   1.0950 |     37.439 |   1.1443 |     39.042 |     3.2
   23 |   1.0884 |     36.926 |   1.1492 |     38.645 |     3.3
   24 |   1.0762 |     36.681 |   1.1312 |     38.492 |     3.5
   25 |   1.0684 |     36.294 |   1.1532 |     38.858 |     3.6
   26 |   1.0584 |     35.999 |   1.1469 |     38.797 |     3.8
   27 |   1.0534 |     35.956 |   1.1775 |     39.377 |     3.9
   28 |   1.0425 |     35.432 |   1.1542 |     38.339 |     4.1
Early stopping

Model: Seq2Seq Transformer
Source index: <Seq2Seq Index with 43 items>
Target index: <Seq2Seq Index with 34 items>
Max sequence length: 800
Embedding dimension: 64
Feedforward dimension: 128
Encoder layers: 2
Decoder layers: 3
Attention heads: 2
Activation: relu
Dropout: 0.1
Trainable parameters: 276,258

Training started
X_train.shape: torch.Size([3057, 702])
Y_train.shape: torch.Size([3057, 7])
X_dev.shape: torch.Size([546, 337])
Y_dev.shape: torch.Size([546, 7])
Epochs: 500
Learning rate: 0.0001
Weight decay: 1e-05
Epoch | Train                 | Development           | Minutes
      | Loss     | Error Rate | Loss     | Error Rate |
---------------------------------------------------------------
    1 |   2.6132 |     61.951 |   1.9720 |     46.520 |     0.1
    2 |   1.8636 |     46.576 |   1.6354 |     46.245 |     0.1
    3 |   1.6259 |     46.195 |   1.5311 |     46.215 |     0.2
    4 |   1.5282 |     46.053 |   1.4696 |     46.215 |     0.3
    5 |   1.4707 |     45.807 |   1.4232 |     46.276 |     0.3
    6 |   1.4238 |     45.235 |   1.3870 |     45.452 |     0.4
    7 |   1.3919 |     44.832 |   1.3624 |     45.269 |     0.5
    8 |   1.3650 |     44.575 |   1.3406 |     44.628 |     0.5
    9 |   1.3391 |     43.681 |   1.3241 |     44.811 |     0.6
   10 |   1.3236 |     43.785 |   1.3019 |     43.315 |     0.7
   11 |   1.3037 |     43.201 |   1.2886 |     43.010 |     0.7
   12 |   1.2855 |     42.722 |   1.2682 |     41.300 |     0.8
   13 |   1.2700 |     42.433 |   1.2594 |     42.430 |     0.9
   14 |   1.2562 |     42.062 |   1.2537 |     42.888 |     1.0
   15 |   1.2422 |     41.320 |   1.2323 |     42.766 |     1.0
   16 |   1.2276 |     41.075 |   1.2307 |     42.033 |     1.1
   17 |   1.2207 |     41.364 |   1.2249 |     42.002 |     1.2
   18 |   1.2064 |     40.612 |   1.2078 |     42.186 |     1.2
   19 |   1.1932 |     40.377 |   1.2045 |     41.941 |     1.3
   20 |   1.1861 |     40.279 |   1.2008 |     41.697 |     1.4
   21 |   1.1779 |     40.143 |   1.2051 |     42.002 |     1.4
   22 |   1.1649 |     39.450 |   1.1762 |     40.934 |     1.5
   23 |   1.1564 |     39.434 |   1.1731 |     40.629 |     1.6
   24 |   1.1434 |     38.731 |   1.1776 |     41.148 |     1.6
   25 |   1.1398 |     38.660 |   1.1648 |     39.713 |     1.7
   26 |   1.1289 |     38.480 |   1.1572 |     39.560 |     1.8
   27 |   1.1212 |     38.316 |   1.1551 |     39.805 |     1.8
   28 |   1.1137 |     38.153 |   1.1469 |     39.774 |     1.9
   29 |   1.1053 |     37.646 |   1.1512 |     39.499 |     2.0
   30 |   1.1040 |     37.728 |   1.1335 |     38.858 |     2.0
   31 |   1.0932 |     37.390 |   1.1353 |     39.103 |     2.1
   32 |   1.0853 |     37.264 |   1.1358 |     39.011 |     2.2
   33 |   1.0807 |     36.992 |   1.1291 |     38.858 |     2.3
   34 |   1.0708 |     36.823 |   1.1363 |     39.072 |     2.3
   35 |   1.0701 |     36.746 |   1.1117 |     37.943 |     2.4
   36 |   1.0616 |     36.386 |   1.1157 |     38.614 |     2.5
   37 |   1.0597 |     36.501 |   1.1126 |     38.950 |     2.5
   38 |   1.0531 |     36.326 |   1.1343 |     38.339 |     2.6
   39 |   1.0420 |     35.754 |   1.1058 |     38.095 |     2.7
   40 |   1.0402 |     35.907 |   1.1184 |     38.339 |     2.7
   41 |   1.0340 |     35.203 |   1.1178 |     38.462 |     2.8
   42 |   1.0297 |     35.242 |   1.1062 |     38.095 |     2.9
   43 |   1.0209 |     35.247 |   1.1005 |     37.698 |     2.9
   44 |   1.0180 |     35.154 |   1.0969 |     38.095 |     3.0
   45 |   1.0087 |     34.620 |   1.0982 |     37.668 |     3.1
   46 |   1.0067 |     34.571 |   1.1157 |     38.065 |     3.1
   47 |   1.0045 |     34.789 |   1.1071 |     37.424 |     3.2
   48 |   0.9965 |     34.609 |   1.0975 |     37.759 |     3.3
   49 |   0.9921 |     34.227 |   1.0808 |     37.332 |     3.3
   50 |   0.9895 |     34.200 |   1.0806 |     37.027 |     3.4
   51 |   0.9827 |     33.666 |   1.0937 |     37.027 |     3.5
   52 |   0.9756 |     33.851 |   1.0721 |     36.569 |     3.5
   53 |   0.9719 |     33.868 |   1.0816 |     36.630 |     3.6
   54 |   0.9673 |     33.322 |   1.0829 |     36.813 |     3.7
   55 |   0.9620 |     33.050 |   1.0840 |     36.569 |     3.8
   56 |   0.9594 |     32.766 |   1.0782 |     36.600 |     3.8
Early stopping

Model: Seq2Seq Transformer
Source index: <Seq2Seq Index with 43 items>
Target index: <Seq2Seq Index with 34 items>
Max sequence length: 800
Embedding dimension: 64
Feedforward dimension: 256
Encoder layers: 2
Decoder layers: 4
Attention heads: 2
Activation: relu
Dropout: 0.1
Trainable parameters: 425,570

Training started
X_train.shape: torch.Size([3057, 702])
Y_train.shape: torch.Size([3057, 7])
X_dev.shape: torch.Size([546, 337])
Y_dev.shape: torch.Size([546, 7])
Epochs: 500
Learning rate: 0.0001
Weight decay: 0.0001
Epoch | Train                 | Development           | Minutes
      | Loss     | Error Rate | Loss     | Error Rate |
---------------------------------------------------------------
    1 |   2.5062 |     59.759 |   1.7880 |     46.306 |     0.1
    2 |   1.7132 |     46.015 |   1.5767 |     46.306 |     0.2
    3 |   1.5630 |     45.835 |   1.4999 |     45.879 |     0.2
    4 |   1.4893 |     45.737 |   1.4459 |     45.116 |     0.3
    5 |   1.4345 |     45.115 |   1.4033 |     45.543 |     0.4
    6 |   1.3900 |     44.902 |   1.3628 |     45.391 |     0.5
    7 |   1.3543 |     44.036 |   1.3365 |     44.322 |     0.5
    8 |   1.3216 |     43.452 |   1.3096 |     43.590 |     0.6
    9 |   1.2959 |     42.907 |   1.2957 |     44.567 |     0.7
   10 |   1.2737 |     42.438 |   1.2844 |     44.292 |     0.8
   11 |   1.2563 |     42.356 |   1.2661 |     42.949 |     0.9
   12 |   1.2359 |     41.402 |   1.2311 |     42.247 |     0.9
   13 |   1.2181 |     40.819 |   1.2324 |     42.002 |     1.0
   14 |   1.2010 |     40.732 |   1.2181 |     42.186 |     1.1
   15 |   1.1945 |     40.350 |   1.2007 |     41.209 |     1.2
   16 |   1.1833 |     40.061 |   1.1977 |     41.300 |     1.3
   17 |   1.1662 |     39.407 |   1.1825 |     40.629 |     1.3
   18 |   1.1564 |     39.145 |   1.1830 |     40.659 |     1.4
   19 |   1.1491 |     39.358 |   1.1723 |     40.415 |     1.5
   20 |   1.1388 |     39.009 |   1.1398 |     38.797 |     1.6
   21 |   1.1267 |     38.300 |   1.1527 |     39.896 |     1.6
   22 |   1.1181 |     37.913 |   1.1694 |     40.598 |     1.7
   23 |   1.1088 |     38.017 |   1.1412 |     39.499 |     1.8
   24 |   1.1052 |     37.684 |   1.1313 |     39.164 |     1.9
   25 |   1.0957 |     37.335 |   1.1426 |     39.255 |     2.0
   26 |   1.0840 |     36.943 |   1.1347 |     39.164 |     2.0
   27 |   1.0802 |     36.970 |   1.1333 |     39.347 |     2.1
   28 |   1.0709 |     36.506 |   1.1253 |     38.523 |     2.2
   29 |   1.0595 |     36.070 |   1.1188 |     38.065 |     2.3
   30 |   1.0575 |     36.419 |   1.1177 |     38.492 |     2.3
   31 |   1.0523 |     36.212 |   1.1100 |     38.400 |     2.4
   32 |   1.0444 |     35.738 |   1.1067 |     38.156 |     2.5
   33 |   1.0354 |     35.530 |   1.1080 |     38.034 |     2.6
   34 |   1.0304 |     35.530 |   1.1225 |     38.584 |     2.7
   35 |   1.0260 |     34.931 |   1.0892 |     37.210 |     2.7
   36 |   1.0171 |     34.909 |   1.0738 |     36.600 |     2.8
   37 |   1.0124 |     34.451 |   1.0783 |     37.088 |     2.9
   38 |   1.0025 |     34.146 |   1.0965 |     37.698 |     3.0
   39 |   0.9998 |     34.189 |   1.0998 |     37.698 |     3.0
   40 |   0.9886 |     33.764 |   1.0867 |     37.363 |     3.1
   41 |   0.9833 |     33.660 |   1.0725 |     36.172 |     3.2
   42 |   0.9741 |     33.312 |   1.0901 |     37.027 |     3.3
   43 |   0.9700 |     33.083 |   1.0725 |     36.081 |     3.4
   44 |   0.9725 |     33.241 |   1.0880 |     36.600 |     3.4
   45 |   0.9634 |     32.804 |   1.0844 |     36.722 |     3.5
Early stopping

Model: Seq2Seq Transformer
Source index: <Seq2Seq Index with 43 items>
Target index: <Seq2Seq Index with 34 items>
Max sequence length: 800
Embedding dimension: 128
Feedforward dimension: 128
Encoder layers: 4
Decoder layers: 4
Attention heads: 2
Activation: relu
Dropout: 0.2
Trainable parameters: 1,179,042

Training started
X_train.shape: torch.Size([3057, 702])
Y_train.shape: torch.Size([3057, 7])
X_dev.shape: torch.Size([546, 337])
Y_dev.shape: torch.Size([546, 7])
Epochs: 500
Learning rate: 0.0001
Weight decay: 0.0001
Epoch | Train                 | Development           | Minutes
      | Loss     | Error Rate | Loss     | Error Rate |
---------------------------------------------------------------
    1 |   2.4343 |     60.408 |   1.6943 |     46.306 |     0.1
    2 |   1.6725 |     46.620 |   1.4953 |     46.490 |     0.3
    3 |   1.5125 |     46.353 |   1.4322 |     45.024 |     0.5
    4 |   1.4432 |     45.769 |   1.3960 |     45.696 |     0.6
    5 |   1.4059 |     45.655 |   1.3610 |     45.269 |     0.8
    6 |   1.3746 |     45.246 |   1.3285 |     45.208 |     0.9
    7 |   1.3423 |     44.592 |   1.2965 |     43.834 |     1.1
    8 |   1.3187 |     43.752 |   1.2855 |     43.223 |     1.2
    9 |   1.3011 |     43.714 |   1.2610 |     42.735 |     1.4
   10 |   1.2747 |     42.918 |   1.2333 |     42.613 |     1.5
   11 |   1.2561 |     42.187 |   1.2269 |     41.545 |     1.7
   12 |   1.2410 |     41.658 |   1.2198 |     41.178 |     1.8
   13 |   1.2263 |     41.506 |   1.1924 |     41.545 |     2.0
   14 |   1.2103 |     41.021 |   1.1962 |     41.026 |     2.1
   15 |   1.1970 |     40.165 |   1.1935 |     41.148 |     2.3
   16 |   1.1795 |     39.908 |   1.1822 |     40.110 |     2.4
   17 |   1.1714 |     39.712 |   1.1771 |     40.781 |     2.6
   18 |   1.1544 |     39.112 |   1.1719 |     39.438 |     2.7
   19 |   1.1431 |     38.883 |   1.1694 |     40.415 |     2.9
   20 |   1.1326 |     38.709 |   1.1588 |     40.507 |     3.1
   21 |   1.1214 |     38.218 |   1.1498 |     40.049 |     3.2
   22 |   1.1124 |     37.995 |   1.1512 |     40.049 |     3.4
   23 |   1.0987 |     37.351 |   1.1489 |     39.560 |     3.5
   24 |   1.0884 |     37.003 |   1.1435 |     39.072 |     3.7
   25 |   1.0804 |     36.779 |   1.1492 |     39.988 |     3.8
   26 |   1.0709 |     36.316 |   1.1259 |     38.706 |     4.0
   27 |   1.0598 |     36.005 |   1.1287 |     37.759 |     4.1
   28 |   1.0468 |     35.890 |   1.1423 |     38.095 |     4.3
   29 |   1.0394 |     35.176 |   1.1439 |     38.431 |     4.4
   30 |   1.0265 |     34.800 |   1.1525 |     38.614 |     4.6
Early stopping

Model: Seq2Seq Transformer
Source index: <Seq2Seq Index with 43 items>
Target index: <Seq2Seq Index with 34 items>
Max sequence length: 800
Embedding dimension: 64
Feedforward dimension: 64
Encoder layers: 4
Decoder layers: 4
Attention heads: 4
Activation: relu
Dropout: 0.0
Trainable parameters: 327,394

Training started
X_train.shape: torch.Size([3057, 702])
Y_train.shape: torch.Size([3057, 7])
X_dev.shape: torch.Size([546, 337])
Y_dev.shape: torch.Size([546, 7])
Epochs: 500
Learning rate: 0.0001
Weight decay: 0.0001
Epoch | Train                 | Development           | Minutes
      | Loss     | Error Rate | Loss     | Error Rate |
---------------------------------------------------------------
    1 |   2.4987 |     59.983 |   1.8823 |     47.070 |     0.1
    2 |   1.6702 |     46.205 |   1.5880 |     46.398 |     0.3
    3 |   1.5078 |     45.491 |   1.4861 |     44.994 |     0.4
    4 |   1.4313 |     44.837 |   1.4289 |     45.574 |     0.6
    5 |   1.3848 |     44.597 |   1.3864 |     45.269 |     0.7
    6 |   1.3454 |     44.297 |   1.3585 |     44.567 |     0.9
    7 |   1.3159 |     43.556 |   1.3305 |     44.139 |     1.0
    8 |   1.2911 |     43.180 |   1.3143 |     43.040 |     1.2
    9 |   1.2675 |     42.449 |   1.2936 |     42.033 |     1.3
   10 |   1.2452 |     41.669 |   1.2813 |     43.284 |     1.5
   11 |   1.2277 |     41.713 |   1.2539 |     42.277 |     1.6
   12 |   1.2070 |     40.623 |   1.2454 |     42.002 |     1.8
   13 |   1.1894 |     40.519 |   1.2343 |     40.751 |     1.9
   14 |   1.1716 |     39.679 |   1.2105 |     41.056 |     2.1
   15 |   1.1561 |     39.298 |   1.2115 |     40.476 |     2.2
   16 |   1.1392 |     38.725 |   1.1950 |     40.537 |     2.4
   17 |   1.1238 |     38.289 |   1.1987 |     40.140 |     2.5
   18 |   1.1110 |     37.624 |   1.1647 |     40.171 |     2.7
   19 |   1.0981 |     37.313 |   1.1746 |     39.774 |     2.8
   20 |   1.0845 |     37.079 |   1.1725 |     39.591 |     2.9
   21 |   1.0745 |     36.577 |   1.1609 |     39.835 |     3.1
   22 |   1.0590 |     35.918 |   1.1528 |     39.194 |     3.2
   23 |   1.0492 |     35.558 |   1.1463 |     38.950 |     3.4
   24 |   1.0384 |     35.525 |   1.1574 |     38.919 |     3.5
   25 |   1.0267 |     34.914 |   1.1478 |     38.797 |     3.7
   26 |   1.0178 |     34.647 |   1.1432 |     38.919 |     3.8
   27 |   1.0054 |     34.075 |   1.1573 |     39.316 |     4.0
   28 |   0.9934 |     33.546 |   1.1226 |     38.126 |     4.1
   29 |   0.9803 |     33.072 |   1.1396 |     38.828 |     4.3
   30 |   0.9697 |     32.870 |   1.1461 |     38.858 |     4.4
   31 |   0.9621 |     32.548 |   1.1491 |     38.248 |     4.6
   32 |   0.9504 |     32.227 |   1.1614 |     39.255 |     4.7
   33 |   0.9400 |     31.687 |   1.1163 |     37.790 |     4.9
   34 |   0.9279 |     31.360 |   1.1283 |     37.271 |     5.0
   35 |   0.9227 |     31.289 |   1.1401 |     37.821 |     5.2
   36 |   0.9136 |     30.815 |   1.1418 |     37.729 |     5.3
   37 |   0.9018 |     30.422 |   1.1142 |     37.241 |     5.5
   38 |   0.8962 |     30.477 |   1.1256 |     37.943 |     5.6
   39 |   0.8854 |     29.877 |   1.1050 |     36.996 |     5.8
   40 |   0.8764 |     29.670 |   1.0961 |     36.783 |     5.9
   41 |   0.8696 |     29.604 |   1.1549 |     38.309 |     6.0
   42 |   0.8615 |     29.381 |   1.1318 |     37.546 |     6.2
   43 |   0.8501 |     28.857 |   1.1365 |     37.393 |     6.3
   44 |   0.8444 |     28.803 |   1.0999 |     36.569 |     6.5
Early stopping

Model: Seq2Seq Transformer
Source index: <Seq2Seq Index with 43 items>
Target index: <Seq2Seq Index with 34 items>
Max sequence length: 800
Embedding dimension: 128
Feedforward dimension: 64
Encoder layers: 2
Decoder layers: 2
Attention heads: 2
Activation: relu
Dropout: 0.1
Trainable parameters: 582,306

Training started
X_train.shape: torch.Size([3057, 702])
Y_train.shape: torch.Size([3057, 7])
X_dev.shape: torch.Size([546, 337])
Y_dev.shape: torch.Size([546, 7])
Epochs: 500
Learning rate: 0.0001
Weight decay: 0.0001
Epoch | Train                 | Development           | Minutes
      | Loss     | Error Rate | Loss     | Error Rate |
---------------------------------------------------------------
    1 |   2.3316 |     56.237 |   1.7196 |     48.901 |     0.1
    2 |   1.6165 |     46.903 |   1.4588 |     46.581 |     0.2
    3 |   1.4427 |     45.655 |   1.3816 |     45.910 |     0.2
    4 |   1.3739 |     44.848 |   1.3422 |     44.597 |     0.3
    5 |   1.3284 |     43.719 |   1.3031 |     44.017 |     0.4
    6 |   1.2975 |     43.212 |   1.2843 |     43.468 |     0.5
    7 |   1.2657 |     42.242 |   1.2565 |     42.521 |     0.5
    8 |   1.2398 |     41.784 |   1.2337 |     42.430 |     0.6
    9 |   1.2153 |     40.432 |   1.2102 |     41.789 |     0.7
   10 |   1.1940 |     39.701 |   1.1924 |     40.629 |     0.8
   11 |   1.1728 |     39.091 |   1.1826 |     40.781 |     0.9
   12 |   1.1533 |     38.387 |   1.1665 |     40.079 |     0.9
   13 |   1.1349 |     37.940 |   1.1508 |     39.103 |     1.0
   14 |   1.1211 |     37.657 |   1.1503 |     38.797 |     1.1
   15 |   1.0970 |     36.833 |   1.1356 |     38.065 |     1.2
   16 |   1.0863 |     36.599 |   1.1472 |     39.072 |     1.3
   17 |   1.0745 |     36.021 |   1.1312 |     38.400 |     1.3
   18 |   1.0584 |     35.487 |   1.1234 |     37.973 |     1.4
   19 |   1.0409 |     35.405 |   1.1213 |     37.637 |     1.5
   20 |   1.0279 |     34.642 |   1.1012 |     36.813 |     1.6
   21 |   1.0130 |     34.227 |   1.1075 |     37.882 |     1.6
   22 |   1.0022 |     34.042 |   1.1013 |     36.966 |     1.7
   23 |   0.9901 |     33.350 |   1.1188 |     36.844 |     1.8
   24 |   0.9845 |     33.181 |   1.0956 |     35.958 |     1.9
   25 |   0.9716 |     32.919 |   1.0953 |     36.416 |     2.0
   26 |   0.9577 |     32.254 |   1.0993 |     35.989 |     2.0
   27 |   0.9472 |     32.014 |   1.1060 |     36.355 |     2.1
   28 |   0.9364 |     31.720 |   1.0965 |     36.722 |     2.2
   29 |   0.9285 |     31.332 |   1.0933 |     35.562 |     2.3
   30 |   0.9134 |     31.065 |   1.0872 |     35.928 |     2.4
   31 |   0.9076 |     30.962 |   1.0854 |     35.440 |     2.4
   32 |   0.8965 |     30.635 |   1.0779 |     35.684 |     2.5
   33 |   0.8878 |     29.986 |   1.0866 |     35.928 |     2.6
   34 |   0.8756 |     29.942 |   1.0734 |     35.440 |     2.7
   35 |   0.8670 |     29.528 |   1.0920 |     35.928 |     2.8
   36 |   0.8615 |     29.370 |   1.0844 |     35.836 |     2.8
   37 |   0.8493 |     28.999 |   1.0862 |     35.562 |     2.9
   38 |   0.8409 |     28.334 |   1.0892 |     35.470 |     3.0
Early stopping

Model: Seq2Seq Transformer
Source index: <Seq2Seq Index with 43 items>
Target index: <Seq2Seq Index with 34 items>
Max sequence length: 800
Embedding dimension: 128
Feedforward dimension: 128
Encoder layers: 4
Decoder layers: 2
Attention heads: 4
Activation: relu
Dropout: 0.0
Trainable parameters: 847,266

Training started
X_train.shape: torch.Size([3057, 702])
Y_train.shape: torch.Size([3057, 7])
X_dev.shape: torch.Size([546, 337])
Y_dev.shape: torch.Size([546, 7])
Epochs: 500
Learning rate: 0.001
Weight decay: 1e-05
Epoch | Train                 | Development           | Minutes
      | Loss     | Error Rate | Loss     | Error Rate |
---------------------------------------------------------------
    1 |   1.4813 |     46.805 |   1.3137 |     46.245 |     0.2
    2 |   1.2455 |     43.796 |   1.2524 |     44.261 |     0.3
    3 |   1.1860 |     42.040 |   1.1849 |     41.087 |     0.5
    4 |   1.1327 |     40.503 |   1.1314 |     41.361 |     0.6
    5 |   1.1018 |     39.619 |   1.1421 |     39.988 |     0.8
    6 |   1.0776 |     38.747 |   1.0885 |     40.049 |     0.9
    7 |   1.0615 |     38.894 |   1.0941 |     39.103 |     1.1
    8 |   1.0464 |     38.175 |   1.0891 |     39.835 |     1.3
    9 |   1.0346 |     37.739 |   1.0979 |     39.377 |     1.4
   10 |   1.0243 |     37.384 |   1.0697 |     38.309 |     1.6
   11 |   1.0102 |     37.128 |   1.0604 |     37.821 |     1.7
   12 |   0.9925 |     36.512 |   1.0998 |     38.492 |     1.9
   13 |   0.9938 |     36.376 |   1.0818 |     38.492 |     2.1
   14 |   0.9763 |     36.256 |   1.0526 |     37.851 |     2.2
   15 |   0.9633 |     35.416 |   1.0619 |     38.248 |     2.4
   16 |   0.9545 |     35.149 |   1.0435 |     37.759 |     2.5
   17 |   0.9580 |     35.367 |   1.0381 |     37.454 |     2.7
   18 |   0.9399 |     34.636 |   1.0567 |     36.569 |     2.9
   19 |   0.9413 |     34.342 |   1.0624 |     37.729 |     3.0
   20 |   0.9285 |     33.693 |   1.0281 |     36.600 |     3.2
   21 |   0.9219 |     33.813 |   1.0463 |     37.668 |     3.3
   22 |   0.9220 |     33.688 |   1.0221 |     35.897 |     3.5
   23 |   0.9004 |     32.788 |   1.0439 |     36.538 |     3.6
   24 |   0.8919 |     32.477 |   1.0409 |     35.714 |     3.8
   25 |   0.8794 |     31.834 |   1.0155 |     35.562 |     4.0
   26 |   0.8785 |     31.927 |   1.0098 |     35.043 |     4.1
   27 |   0.8850 |     32.183 |   1.0157 |     35.104 |     4.3
   28 |   0.8680 |     31.758 |   1.0329 |     35.897 |     4.4
   29 |   0.8587 |     31.332 |   1.0251 |     34.860 |     4.6
   30 |   0.8507 |     30.520 |   1.0345 |     36.142 |     4.8
   31 |   0.8455 |     30.607 |   1.0064 |     34.921 |     4.9
   32 |   0.8326 |     30.237 |   1.0433 |     36.722 |     5.1
   33 |   0.8165 |     29.555 |   1.0130 |     34.341 |     5.2
   34 |   0.8156 |     29.588 |   1.0182 |     35.409 |     5.4
   35 |   0.8140 |     29.730 |   1.0351 |     34.921 |     5.5
Early stopping

Model: Seq2Seq Transformer
Source index: <Seq2Seq Index with 43 items>
Target index: <Seq2Seq Index with 34 items>
Max sequence length: 800
Embedding dimension: 128
Feedforward dimension: 256
Encoder layers: 2
Decoder layers: 4
Attention heads: 2
Activation: relu
Dropout: 0.2
Trainable parameters: 1,177,250

Training started
X_train.shape: torch.Size([3057, 702])
Y_train.shape: torch.Size([3057, 7])
X_dev.shape: torch.Size([546, 337])
Y_dev.shape: torch.Size([546, 7])
Epochs: 500
Learning rate: 0.001
Weight decay: 1e-05
Epoch | Train                 | Development           | Minutes
      | Loss     | Error Rate | Loss     | Error Rate |
---------------------------------------------------------------
    1 |   1.7435 |     51.581 |   1.4088 |     46.154 |     0.1
    2 |   1.3670 |     45.557 |   1.3175 |     44.200 |     0.2
    3 |   1.3194 |     44.668 |   1.2990 |     44.780 |     0.3
    4 |   1.2845 |     43.278 |   1.2825 |     43.712 |     0.4
    5 |   1.2502 |     42.989 |   1.2440 |     42.521 |     0.5
    6 |   1.2285 |     41.855 |   1.2382 |     41.575 |     0.6
    7 |   1.2016 |     41.179 |   1.2352 |     41.270 |     0.7
    8 |   1.1849 |     40.922 |   1.2203 |     41.697 |     0.8
    9 |   1.1637 |     40.285 |   1.1920 |     40.476 |     0.9
   10 |   1.1483 |     39.996 |   1.1784 |     40.720 |     1.0
   11 |   1.1318 |     39.363 |   1.1868 |     40.751 |     1.1
   12 |   1.1068 |     38.742 |   1.1672 |     40.598 |     1.2
   13 |   1.0920 |     38.235 |   1.1338 |     40.140 |     1.3
   14 |   1.0790 |     37.668 |   1.1391 |     39.896 |     1.4
   15 |   1.0651 |     37.706 |   1.1612 |     40.263 |     1.5
   16 |   1.0495 |     36.801 |   1.1569 |     40.079 |     1.6
   17 |   1.0322 |     36.212 |   1.1419 |     38.828 |     1.7
   18 |   1.0018 |     35.122 |   1.1044 |     37.882 |     1.8
   19 |   0.9893 |     34.985 |   1.1324 |     38.156 |     1.9
   20 |   0.9758 |     34.058 |   1.1477 |     37.607 |     2.0
   21 |   0.9588 |     33.584 |   1.1136 |     37.241 |     2.1
   22 |   0.9313 |     32.417 |   1.1468 |     38.034 |     2.2
Early stopping

Model: Seq2Seq Transformer
Source index: <Seq2Seq Index with 43 items>
Target index: <Seq2Seq Index with 34 items>
Max sequence length: 800
Embedding dimension: 64
Feedforward dimension: 64
Encoder layers: 4
Decoder layers: 3
Attention heads: 2
Activation: relu
Dropout: 0.1
Trainable parameters: 285,410

Training started
X_train.shape: torch.Size([3057, 702])
Y_train.shape: torch.Size([3057, 7])
X_dev.shape: torch.Size([546, 337])
Y_dev.shape: torch.Size([546, 7])
Epochs: 500
Learning rate: 0.0001
Weight decay: 0.0001
Epoch | Train                 | Development           | Minutes
      | Loss     | Error Rate | Loss     | Error Rate |
---------------------------------------------------------------
    1 |   2.6560 |     64.927 |   2.0700 |     52.167 |     0.1
    2 |   1.9308 |     47.214 |   1.6749 |     45.910 |     0.2
    3 |   1.6642 |     46.080 |   1.5507 |     45.452 |     0.3
    4 |   1.5578 |     45.791 |   1.4938 |     46.184 |     0.4
    5 |   1.4995 |     45.704 |   1.4530 |     45.940 |     0.5
    6 |   1.4549 |     45.753 |   1.4159 |     45.635 |     0.6
    7 |   1.4197 |     45.437 |   1.3875 |     45.055 |     0.7
    8 |   1.3888 |     44.782 |   1.3739 |     45.543 |     0.8
    9 |   1.3631 |     44.412 |   1.3620 |     44.902 |     0.9
   10 |   1.3426 |     43.796 |   1.3430 |     44.811 |     1.0
   11 |   1.3226 |     43.578 |   1.3322 |     44.780 |     1.1
   12 |   1.3064 |     43.588 |   1.3279 |     44.963 |     1.2
   13 |   1.2893 |     42.814 |   1.3229 |     44.292 |     1.3
   14 |   1.2705 |     42.574 |   1.3187 |     43.926 |     1.5
   15 |   1.2612 |     42.340 |   1.3110 |     43.498 |     1.6
   16 |   1.2496 |     41.789 |   1.3023 |     43.651 |     1.7
   17 |   1.2361 |     41.353 |   1.2885 |     43.193 |     1.8
   18 |   1.2246 |     41.244 |   1.2610 |     42.216 |     1.9
   19 |   1.2200 |     41.528 |   1.2670 |     42.247 |     2.0
   20 |   1.2047 |     40.524 |   1.2565 |     42.369 |     2.1
   21 |   1.1947 |     40.372 |   1.2505 |     42.491 |     2.2
   22 |   1.1815 |     39.908 |   1.2438 |     42.094 |     2.3
   23 |   1.1715 |     39.865 |   1.2564 |     41.941 |     2.4
   24 |   1.1637 |     39.140 |   1.2388 |     41.087 |     2.5
   25 |   1.1539 |     39.058 |   1.2311 |     41.300 |     2.6
   26 |   1.1469 |     38.949 |   1.2570 |     41.606 |     2.7
   27 |   1.1352 |     38.376 |   1.2167 |     40.690 |     2.8
   28 |   1.1280 |     38.066 |   1.2184 |     40.568 |     2.9
   29 |   1.1181 |     37.689 |   1.2156 |     40.385 |     3.0
   30 |   1.1128 |     37.782 |   1.2219 |     40.385 |     3.1
   31 |   1.1042 |     37.711 |   1.2541 |     41.026 |     3.2
   32 |   1.0970 |     37.013 |   1.2113 |     40.415 |     3.3
   33 |   1.0911 |     37.204 |   1.1918 |     39.744 |     3.4
   34 |   1.0858 |     36.992 |   1.2592 |     40.965 |     3.5
   35 |   1.0766 |     36.599 |   1.2436 |     40.415 |     3.6
   36 |   1.0696 |     36.332 |   1.2181 |     40.201 |     3.7
   37 |   1.0611 |     35.988 |   1.1938 |     39.347 |     3.8
Early stopping

Model: Seq2Seq Transformer
Source index: <Seq2Seq Index with 43 items>
Target index: <Seq2Seq Index with 34 items>
Max sequence length: 800
Embedding dimension: 64
Feedforward dimension: 128
Encoder layers: 2
Decoder layers: 3
Attention heads: 4
Activation: relu
Dropout: 0.0
Trainable parameters: 276,258

Training started
X_train.shape: torch.Size([3057, 702])
Y_train.shape: torch.Size([3057, 7])
X_dev.shape: torch.Size([546, 337])
Y_dev.shape: torch.Size([546, 7])
Epochs: 500
Learning rate: 0.001
Weight decay: 1e-05
Epoch | Train                 | Development           | Minutes
      | Loss     | Error Rate | Loss     | Error Rate |
---------------------------------------------------------------
    1 |   1.6218 |     47.269 |   1.3403 |     45.055 |     0.1
    2 |   1.2595 |     42.689 |   1.2521 |     43.284 |     0.2
    3 |   1.1753 |     40.803 |   1.1580 |     39.683 |     0.3
    4 |   1.1067 |     38.398 |   1.1130 |     38.492 |     0.3
    5 |   1.0516 |     36.626 |   1.0766 |     36.966 |     0.4
    6 |   0.9987 |     34.418 |   1.0872 |     38.278 |     0.5
    7 |   0.9514 |     32.668 |   1.0700 |     36.783 |     0.6
    8 |   0.9027 |     31.049 |   1.0427 |     34.982 |     0.7
    9 |   0.8540 |     29.528 |   1.0463 |     34.585 |     0.8
   10 |   0.8177 |     28.236 |   1.0316 |     34.676 |     0.9
   11 |   0.7748 |     26.638 |   1.0159 |     34.219 |     0.9
   12 |   0.7184 |     24.648 |   1.0163 |     33.333 |     1.0
   13 |   0.6850 |     23.580 |   1.0221 |     32.204 |     1.1
   14 |   0.6432 |     22.484 |   1.0288 |     32.631 |     1.2
   15 |   0.6105 |     21.301 |   1.0766 |     33.578 |     1.3
Early stopping

Model: Seq2Seq Transformer
Source index: <Seq2Seq Index with 43 items>
Target index: <Seq2Seq Index with 34 items>
Max sequence length: 800
Embedding dimension: 128
Feedforward dimension: 128
Encoder layers: 2
Decoder layers: 4
Attention heads: 2
Activation: relu
Dropout: 0.1
Trainable parameters: 979,874

Training started
X_train.shape: torch.Size([3057, 702])
Y_train.shape: torch.Size([3057, 7])
X_dev.shape: torch.Size([546, 337])
Y_dev.shape: torch.Size([546, 7])
Epochs: 500
Learning rate: 0.0001
Weight decay: 0.0001
Epoch | Train                 | Development           | Minutes
      | Loss     | Error Rate | Loss     | Error Rate |
---------------------------------------------------------------
    1 |   2.2532 |     57.322 |   1.5625 |     46.490 |     0.1
    2 |   1.5233 |     46.080 |   1.4278 |     46.490 |     0.2
    3 |   1.4228 |     45.747 |   1.3611 |     45.085 |     0.3
    4 |   1.3682 |     45.219 |   1.3306 |     45.360 |     0.4
    5 |   1.3269 |     44.297 |   1.2884 |     44.231 |     0.5
    6 |   1.2957 |     43.588 |   1.2647 |     43.407 |     0.6
    7 |   1.2670 |     42.923 |   1.2369 |     42.186 |     0.7
    8 |   1.2435 |     42.029 |   1.2272 |     42.247 |     0.8
    9 |   1.2200 |     41.495 |   1.2040 |     41.514 |     0.9
   10 |   1.1922 |     40.541 |   1.2040 |     41.758 |     1.0
   11 |   1.1801 |     40.088 |   1.1914 |     41.697 |     1.1
   12 |   1.1590 |     39.619 |   1.1963 |     41.270 |     1.1
   13 |   1.1419 |     39.325 |   1.1841 |     40.446 |     1.2
   14 |   1.1210 |     38.502 |   1.1693 |     40.537 |     1.3
   15 |   1.1062 |     37.733 |   1.1507 |     39.621 |     1.4
   16 |   1.0911 |     37.346 |   1.1402 |     39.774 |     1.5
   17 |   1.0741 |     36.686 |   1.1306 |     38.919 |     1.6
   18 |   1.0599 |     36.157 |   1.1225 |     39.011 |     1.7
   19 |   1.0474 |     35.623 |   1.1143 |     38.278 |     1.8
   20 |   1.0279 |     35.051 |   1.1326 |     38.553 |     1.9
   21 |   1.0177 |     34.402 |   1.1142 |     37.973 |     2.0
   22 |   1.0034 |     34.189 |   1.0916 |     37.057 |     2.1
   23 |   0.9949 |     33.802 |   1.0931 |     36.996 |     2.2
   24 |   0.9758 |     33.393 |   1.1101 |     37.698 |     2.3
   25 |   0.9665 |     33.121 |   1.0812 |     36.386 |     2.4
   26 |   0.9499 |     32.134 |   1.0643 |     35.989 |     2.5
   27 |   0.9396 |     31.649 |   1.0592 |     35.317 |     2.6
   28 |   0.9259 |     31.540 |   1.0624 |     35.409 |     2.7
   29 |   0.9170 |     31.251 |   1.0708 |     35.806 |     2.8
   30 |   0.9053 |     30.934 |   1.0427 |     34.737 |     2.9
   31 |   0.8920 |     30.329 |   1.0585 |     35.043 |     3.0
   32 |   0.8749 |     29.697 |   1.0603 |     35.379 |     3.1
   33 |   0.8727 |     29.648 |   1.0354 |     33.425 |     3.2
   34 |   0.8556 |     28.983 |   1.0592 |     35.073 |     3.3
   35 |   0.8470 |     28.579 |   1.0484 |     33.913 |     3.4
   36 |   0.8400 |     28.503 |   1.0308 |     33.761 |     3.5
   37 |   0.8257 |     27.925 |   1.0321 |     33.242 |     3.6
   38 |   0.8162 |     27.909 |   1.0589 |     34.524 |     3.6
   39 |   0.8103 |     27.325 |   1.0345 |     33.883 |     3.7
   40 |   0.8010 |     27.107 |   1.0562 |     34.096 |     3.8
   41 |   0.7958 |     27.053 |   1.0252 |     33.394 |     3.9
   42 |   0.7844 |     26.764 |   1.0224 |     33.120 |     4.0
   43 |   0.7734 |     26.268 |   1.0168 |     32.784 |     4.1
   44 |   0.7577 |     25.286 |   1.0362 |     34.280 |     4.2
   45 |   0.7581 |     25.733 |   1.0329 |     32.784 |     4.3
   46 |   0.7401 |     25.095 |   1.0202 |     32.845 |     4.4
   47 |   0.7360 |     25.166 |   1.0471 |     32.906 |     4.5
Early stopping

Model: Seq2Seq Transformer
Source index: <Seq2Seq Index with 43 items>
Target index: <Seq2Seq Index with 34 items>
Max sequence length: 800
Embedding dimension: 64
Feedforward dimension: 64
Encoder layers: 4
Decoder layers: 4
Attention heads: 4
Activation: relu
Dropout: 0.0
Trainable parameters: 327,394

Training started
X_train.shape: torch.Size([3057, 702])
Y_train.shape: torch.Size([3057, 7])
X_dev.shape: torch.Size([546, 337])
Y_dev.shape: torch.Size([546, 7])
Epochs: 500
Learning rate: 0.0001
Weight decay: 1e-05
Epoch | Train                 | Development           | Minutes
      | Loss     | Error Rate | Loss     | Error Rate |
---------------------------------------------------------------
    1 |   2.4674 |     56.657 |   1.9497 |     46.947 |     0.1
    2 |   1.7328 |     46.031 |   1.6403 |     46.429 |     0.3
    3 |   1.5467 |     45.311 |   1.5234 |     44.841 |     0.4
    4 |   1.4591 |     45.028 |   1.4554 |     45.482 |     0.6
    5 |   1.3950 |     44.014 |   1.4113 |     44.475 |     0.7
    6 |   1.3488 |     43.060 |   1.3682 |     43.742 |     0.9
    7 |   1.3141 |     42.831 |   1.3442 |     43.712 |     1.0
    8 |   1.2796 |     42.215 |   1.3183 |     43.773 |     1.2
    9 |   1.2528 |     41.260 |   1.2987 |     42.949 |     1.3
   10 |   1.2274 |     40.454 |   1.2688 |     41.819 |     1.5
   11 |   1.2061 |     39.816 |   1.2589 |     41.758 |     1.6
   12 |   1.1860 |     39.543 |   1.2426 |     41.422 |     1.8
   13 |   1.1653 |     39.014 |   1.2335 |     41.270 |     1.9
   14 |   1.1437 |     38.235 |   1.2078 |     40.201 |     2.1
   15 |   1.1249 |     37.788 |   1.2071 |     40.079 |     2.2
   16 |   1.1096 |     37.351 |   1.2049 |     39.927 |     2.4
   17 |   1.0921 |     36.495 |   1.1926 |     40.263 |     2.5
   18 |   1.0767 |     36.223 |   1.1675 |     39.438 |     2.7
   19 |   1.0650 |     35.721 |   1.1655 |     39.011 |     2.8
   20 |   1.0428 |     34.849 |   1.1551 |     38.828 |     2.9
   21 |   1.0294 |     34.026 |   1.1645 |     39.011 |     3.1
   22 |   1.0149 |     34.113 |   1.1382 |     38.217 |     3.2
   23 |   0.9987 |     32.870 |   1.1273 |     38.187 |     3.4
   24 |   0.9831 |     32.570 |   1.1461 |     38.523 |     3.5
   25 |   0.9711 |     32.139 |   1.1074 |     36.325 |     3.7
   26 |   0.9599 |     31.780 |   1.1468 |     38.187 |     3.8
   27 |   0.9415 |     31.093 |   1.1122 |     36.905 |     4.0
   28 |   0.9280 |     30.869 |   1.1039 |     36.172 |     4.1
   29 |   0.9186 |     30.602 |   1.1433 |     37.332 |     4.3
   30 |   0.9021 |     29.877 |   1.1015 |     36.416 |     4.4
   31 |   0.8861 |     29.381 |   1.0975 |     35.958 |     4.6
   32 |   0.8742 |     29.032 |   1.1167 |     36.813 |     4.7
   33 |   0.8622 |     28.737 |   1.1557 |     37.576 |     4.9
   34 |   0.8517 |     28.170 |   1.1071 |     36.020 |     5.0
   35 |   0.8409 |     27.947 |   1.1193 |     36.264 |     5.2
Early stopping

Model: Seq2Seq Transformer
Source index: <Seq2Seq Index with 43 items>
Target index: <Seq2Seq Index with 34 items>
Max sequence length: 800
Embedding dimension: 128
Feedforward dimension: 64
Encoder layers: 2
Decoder layers: 2
Attention heads: 4
Activation: relu
Dropout: 0.0
Trainable parameters: 582,306

Training started
X_train.shape: torch.Size([3057, 702])
Y_train.shape: torch.Size([3057, 7])
X_dev.shape: torch.Size([546, 337])
Y_dev.shape: torch.Size([546, 7])
Epochs: 500
Learning rate: 0.0001
Weight decay: 1e-05
Epoch | Train                 | Development           | Minutes
      | Loss     | Error Rate | Loss     | Error Rate |
---------------------------------------------------------------
    1 |   2.2634 |     55.692 |   1.6319 |     46.459 |     0.1
    2 |   1.4837 |     45.339 |   1.4208 |     45.452 |     0.2
    3 |   1.3580 |     44.041 |   1.3477 |     44.078 |     0.3
    4 |   1.2954 |     42.760 |   1.2981 |     42.674 |     0.4
    5 |   1.2559 |     41.964 |   1.2765 |     43.315 |     0.5
    6 |   1.2212 |     41.021 |   1.2610 |     42.338 |     0.5
    7 |   1.1892 |     39.445 |   1.2333 |     41.545 |     0.6
    8 |   1.1608 |     38.540 |   1.2044 |     41.209 |     0.7
    9 |   1.1303 |     37.913 |   1.1843 |     40.751 |     0.8
   10 |   1.1024 |     36.953 |   1.1755 |     40.079 |     0.9
   11 |   1.0760 |     36.114 |   1.1335 |     38.248 |     1.0
   12 |   1.0469 |     34.936 |   1.1262 |     38.431 |     1.1
   13 |   1.0219 |     34.446 |   1.1283 |     38.034 |     1.2
   14 |   0.9973 |     33.568 |   1.0979 |     36.905 |     1.3
   15 |   0.9748 |     32.635 |   1.0913 |     36.935 |     1.4
   16 |   0.9486 |     31.878 |   1.0892 |     35.562 |     1.5
   17 |   0.9250 |     30.891 |   1.0694 |     35.409 |     1.5
   18 |   0.9014 |     30.226 |   1.1036 |     36.691 |     1.6
   19 |   0.8799 |     29.146 |   1.0589 |     34.829 |     1.7
   20 |   0.8609 |     28.579 |   1.0718 |     35.409 |     1.8
   21 |   0.8377 |     27.652 |   1.0783 |     35.653 |     1.9
   22 |   0.8188 |     27.309 |   1.0485 |     34.554 |     2.0
   23 |   0.7988 |     26.507 |   1.0637 |     35.073 |     2.1
   24 |   0.7828 |     26.022 |   1.0740 |     35.501 |     2.2
   25 |   0.7575 |     25.052 |   1.0460 |     33.974 |     2.3
   26 |   0.7376 |     24.348 |   1.0769 |     34.310 |     2.4
   27 |   0.7203 |     23.940 |   1.0769 |     34.676 |     2.5
   28 |   0.7016 |     23.253 |   1.0971 |     35.501 |     2.5
   29 |   0.6844 |     22.637 |   1.0704 |     34.219 |     2.6
Early stopping

Model: Seq2Seq Transformer
Source index: <Seq2Seq Index with 43 items>
Target index: <Seq2Seq Index with 34 items>
Max sequence length: 800
Embedding dimension: 128
Feedforward dimension: 256
Encoder layers: 2
Decoder layers: 4
Attention heads: 4
Activation: relu
Dropout: 0.2
Trainable parameters: 1,177,250

Training started
X_train.shape: torch.Size([3057, 702])
Y_train.shape: torch.Size([3057, 7])
X_dev.shape: torch.Size([546, 337])
Y_dev.shape: torch.Size([546, 7])
Epochs: 500
Learning rate: 0.0001
Weight decay: 0.0001
Epoch | Train                 | Development           | Minutes
      | Loss     | Error Rate | Loss     | Error Rate |
---------------------------------------------------------------
    1 |   2.3411 |     59.683 |   1.6100 |     45.726 |     0.1
    2 |   1.5763 |     46.205 |   1.4640 |     45.849 |     0.2
    3 |   1.4650 |     45.987 |   1.3975 |     45.696 |     0.4
    4 |   1.4079 |     45.486 |   1.3634 |     45.177 |     0.5
    5 |   1.3670 |     44.701 |   1.3284 |     44.689 |     0.6
    6 |   1.3326 |     44.036 |   1.2949 |     43.498 |     0.7
    7 |   1.3004 |     43.196 |   1.2685 |     43.559 |     0.9
    8 |   1.2731 |     42.324 |   1.2603 |     42.033 |     1.0
    9 |   1.2489 |     41.533 |   1.2430 |     42.460 |     1.1
   10 |   1.2254 |     41.081 |   1.2297 |     41.239 |     1.2
   11 |   1.2086 |     40.737 |   1.2451 |     42.186 |     1.3
   12 |   1.1856 |     39.930 |   1.2193 |     41.575 |     1.5
   13 |   1.1695 |     39.461 |   1.1839 |     39.896 |     1.6
   14 |   1.1519 |     38.927 |   1.2042 |     40.965 |     1.7
   15 |   1.1377 |     38.344 |   1.1887 |     40.171 |     1.8
   16 |   1.1225 |     38.218 |   1.1575 |     39.286 |     2.0
   17 |   1.1085 |     37.542 |   1.1629 |     39.347 |     2.1
   18 |   1.0943 |     36.953 |   1.1579 |     39.042 |     2.2
   19 |   1.0795 |     36.490 |   1.1514 |     38.278 |     2.3
   20 |   1.0711 |     36.305 |   1.1443 |     38.431 |     2.4
   21 |   1.0599 |     35.928 |   1.1303 |     38.126 |     2.6
   22 |   1.0442 |     35.699 |   1.1269 |     37.485 |     2.7
   23 |   1.0302 |     34.724 |   1.1144 |     36.905 |     2.8
   24 |   1.0181 |     34.609 |   1.1160 |     37.241 |     2.9
   25 |   1.0048 |     34.249 |   1.1060 |     37.454 |     3.1
   26 |   0.9966 |     33.977 |   1.1027 |     37.241 |     3.2
   27 |   0.9871 |     33.393 |   1.1083 |     36.905 |     3.3
   28 |   0.9830 |     33.546 |   1.0959 |     37.363 |     3.4
   29 |   0.9626 |     32.543 |   1.0950 |     36.508 |     3.5
   30 |   0.9562 |     32.532 |   1.1113 |     37.759 |     3.7
   31 |   0.9408 |     31.692 |   1.0966 |     36.447 |     3.8
   32 |   0.9339 |     31.431 |   1.0965 |     36.477 |     3.9
   33 |   0.9266 |     31.420 |   1.0864 |     35.379 |     4.0
   34 |   0.9147 |     31.300 |   1.1028 |     36.233 |     4.2
   35 |   0.9091 |     30.842 |   1.1387 |     36.874 |     4.3
   36 |   0.8991 |     30.564 |   1.0748 |     34.921 |     4.4
   37 |   0.8871 |     30.100 |   1.0877 |     35.409 |     4.5
   38 |   0.8805 |     30.302 |   1.1045 |     35.806 |     4.6
   39 |   0.8708 |     29.773 |   1.0915 |     35.775 |     4.8
   40 |   0.8632 |     29.719 |   1.0845 |     35.226 |     4.9
Early stopping

Model: Seq2Seq Transformer
Source index: <Seq2Seq Index with 43 items>
Target index: <Seq2Seq Index with 34 items>
Max sequence length: 800
Embedding dimension: 128
Feedforward dimension: 128
Encoder layers: 4
Decoder layers: 3
Attention heads: 2
Activation: relu
Dropout: 0.1
Trainable parameters: 1,013,154

Training started
X_train.shape: torch.Size([3057, 702])
Y_train.shape: torch.Size([3057, 7])
X_dev.shape: torch.Size([546, 337])
Y_dev.shape: torch.Size([546, 7])
Epochs: 500
Learning rate: 0.001
Weight decay: 1e-05
Epoch | Train                 | Development           | Minutes
      | Loss     | Error Rate | Loss     | Error Rate |
---------------------------------------------------------------
    1 |   1.5872 |     48.354 |   1.3403 |     47.192 |     0.1
    2 |   1.3066 |     45.093 |   1.2640 |     43.834 |     0.3
    3 |   1.2593 |     44.123 |   1.2147 |     42.888 |     0.4
    4 |   1.2142 |     43.310 |   1.1814 |     41.331 |     0.6
    5 |   1.1878 |     42.454 |   1.1819 |     42.491 |     0.7
    6 |   1.1695 |     42.018 |   1.1631 |     41.758 |     0.9
    7 |   1.1480 |     41.244 |   1.1269 |     39.866 |     1.0
    8 |   1.1311 |     40.334 |   1.1362 |     40.537 |     1.1
    9 |   1.1215 |     40.334 |   1.1216 |     39.835 |     1.3
   10 |   1.1075 |     39.554 |   1.0997 |     40.079 |     1.4
   11 |   1.0960 |     39.309 |   1.0992 |     39.438 |     1.6
   12 |   1.0872 |     39.260 |   1.0756 |     39.347 |     1.7
   13 |   1.0817 |     39.167 |   1.0833 |     38.736 |     1.9
   14 |   1.0706 |     38.780 |   1.0885 |     40.201 |     2.0
   15 |   1.0649 |     38.453 |   1.0762 |     39.225 |     2.1
   16 |   1.0555 |     38.431 |   1.0692 |     38.187 |     2.3
   17 |   1.0463 |     37.973 |   1.0541 |     38.400 |     2.4
   18 |   1.0375 |     37.657 |   1.0538 |     38.462 |     2.6
   19 |   1.0337 |     37.499 |   1.0440 |     37.515 |     2.7
   20 |   1.0333 |     37.493 |   1.0374 |     37.210 |     2.9
   21 |   1.0202 |     36.970 |   1.0487 |     37.759 |     3.0
   22 |   1.0241 |     37.286 |   1.0416 |     38.187 |     3.1
   23 |   1.0191 |     37.035 |   1.0493 |     38.126 |     3.3
   24 |   1.0090 |     36.632 |   1.0556 |     38.370 |     3.4
   25 |   1.0102 |     36.686 |   1.0332 |     37.759 |     3.6
   26 |   1.0054 |     36.806 |   1.0384 |     38.400 |     3.7
   27 |   1.0137 |     36.926 |   1.0412 |     38.523 |     3.9
   28 |   1.0020 |     37.003 |   1.0237 |     36.447 |     4.0
   29 |   0.9985 |     36.681 |   1.0311 |     38.004 |     4.1
   30 |   0.9985 |     36.594 |   1.0351 |     37.485 |     4.3
   31 |   1.0044 |     36.523 |   1.0316 |     37.027 |     4.4
   32 |   0.9923 |     36.032 |   1.0409 |     37.546 |     4.6
Early stopping

Model: Seq2Seq Transformer
Source index: <Seq2Seq Index with 43 items>
Target index: <Seq2Seq Index with 34 items>
Max sequence length: 800
Embedding dimension: 128
Feedforward dimension: 64
Encoder layers: 2
Decoder layers: 3
Attention heads: 4
Activation: relu
Dropout: 0.1
Trainable parameters: 731,746

Training started
X_train.shape: torch.Size([3057, 702])
Y_train.shape: torch.Size([3057, 7])
X_dev.shape: torch.Size([546, 337])
Y_dev.shape: torch.Size([546, 7])
Epochs: 500
Learning rate: 0.001
Weight decay: 1e-05
Epoch | Train                 | Development           | Minutes
      | Loss     | Error Rate | Loss     | Error Rate |
---------------------------------------------------------------
    1 |   1.5674 |     47.432 |   1.3205 |     44.628 |     0.1
    2 |   1.2502 |     42.204 |   1.2153 |     42.063 |     0.2
    3 |   1.1758 |     40.323 |   1.1647 |     40.659 |     0.3
    4 |   1.1076 |     37.989 |   1.0909 |     37.393 |     0.4
    5 |   1.0465 |     35.830 |   1.1148 |     38.858 |     0.5
    6 |   1.0083 |     34.440 |   1.0868 |     37.271 |     0.6
    7 |   0.9491 |     32.319 |   1.0541 |     35.256 |     0.8
    8 |   0.9053 |     31.022 |   1.0475 |     35.897 |     0.9
    9 |   0.8626 |     29.490 |   1.0623 |     36.233 |     1.0
   10 |   0.8279 |     28.606 |   1.0699 |     35.653 |     1.1
   11 |   0.7871 |     27.053 |   1.0705 |     35.592 |     1.2
   12 |   0.7404 |     25.553 |   1.0621 |     33.944 |     1.3
Early stopping

Model: Seq2Seq Transformer
Source index: <Seq2Seq Index with 43 items>
Target index: <Seq2Seq Index with 34 items>
Max sequence length: 800
Embedding dimension: 64
Feedforward dimension: 64
Encoder layers: 2
Decoder layers: 3
Attention heads: 4
Activation: relu
Dropout: 0.1
Trainable parameters: 234,978

Training started
X_train.shape: torch.Size([3057, 702])
Y_train.shape: torch.Size([3057, 7])
X_dev.shape: torch.Size([546, 337])
Y_dev.shape: torch.Size([546, 7])
Epochs: 500
Learning rate: 0.0001
Weight decay: 0.0001
Epoch | Train                 | Development           | Minutes
      | Loss     | Error Rate | Loss     | Error Rate |
---------------------------------------------------------------
    1 |   2.7721 |     65.631 |   2.0418 |     47.314 |     0.1
    2 |   1.9148 |     46.783 |   1.6617 |     46.825 |     0.2
    3 |   1.6507 |     46.102 |   1.5398 |     46.551 |     0.3
    4 |   1.5432 |     45.867 |   1.4761 |     46.581 |     0.4
    5 |   1.4811 |     45.802 |   1.4360 |     46.123 |     0.5
    6 |   1.4435 |     45.693 |   1.4099 |     45.910 |     0.5
    7 |   1.4135 |     45.600 |   1.3804 |     44.994 |     0.6
    8 |   1.3895 |     45.322 |   1.3595 |     44.750 |     0.7
    9 |   1.3687 |     44.870 |   1.3428 |     44.597 |     0.8
   10 |   1.3494 |     44.712 |   1.3255 |     44.322 |     0.9
   11 |   1.3334 |     44.619 |   1.3143 |     43.681 |     1.0
   12 |   1.3180 |     44.030 |   1.2985 |     43.956 |     1.1
   13 |   1.3044 |     43.894 |   1.2977 |     43.987 |     1.2
   14 |   1.2881 |     43.027 |   1.2814 |     43.040 |     1.3
   15 |   1.2764 |     43.054 |   1.2701 |     43.498 |     1.4
   16 |   1.2626 |     42.722 |   1.2629 |     43.498 |     1.5
   17 |   1.2492 |     42.362 |   1.2415 |     42.766 |     1.6
   18 |   1.2386 |     41.871 |   1.2491 |     42.918 |     1.6
   19 |   1.2268 |     41.479 |   1.2270 |     42.125 |     1.7
   20 |   1.2170 |     41.528 |   1.2220 |     42.002 |     1.8
   21 |   1.2069 |     41.151 |   1.2142 |     41.880 |     1.9
   22 |   1.1956 |     40.972 |   1.1945 |     40.873 |     2.0
   23 |   1.1899 |     40.492 |   1.1974 |     41.178 |     2.1
   24 |   1.1799 |     40.236 |   1.1956 |     41.392 |     2.2
   25 |   1.1698 |     39.898 |   1.1956 |     41.178 |     2.3
   26 |   1.1652 |     40.181 |   1.1884 |     41.361 |     2.4
   27 |   1.1581 |     39.723 |   1.1803 |     40.537 |     2.5
   28 |   1.1552 |     39.783 |   1.1569 |     40.415 |     2.6
   29 |   1.1444 |     39.516 |   1.1855 |     40.873 |     2.6
   30 |   1.1366 |     39.042 |   1.1534 |     40.446 |     2.7
   31 |   1.1320 |     38.780 |   1.1482 |     40.049 |     2.8
   32 |   1.1224 |     38.524 |   1.1736 |     40.690 |     2.9
   33 |   1.1231 |     38.644 |   1.1535 |     40.201 |     3.0
   34 |   1.1184 |     38.425 |   1.1509 |     39.957 |     3.1
   35 |   1.1089 |     37.897 |   1.1519 |     40.476 |     3.2
   36 |   1.1024 |     37.957 |   1.1342 |     39.957 |     3.3
   37 |   1.0994 |     37.591 |   1.1392 |     40.263 |     3.4
   38 |   1.0917 |     37.629 |   1.1299 |     39.408 |     3.5
   39 |   1.0857 |     37.586 |   1.1218 |     39.927 |     3.6
   40 |   1.0832 |     36.997 |   1.1329 |     39.652 |     3.7
   41 |   1.0777 |     37.084 |   1.1269 |     39.683 |     3.7
   42 |   1.0710 |     36.986 |   1.1232 |     39.499 |     3.8
   43 |   1.0669 |     36.637 |   1.1235 |     38.950 |     3.9
   44 |   1.0579 |     35.792 |   1.1213 |     39.103 |     4.0
   45 |   1.0583 |     36.523 |   1.1010 |     38.187 |     4.1
   46 |   1.0449 |     35.683 |   1.1022 |     38.217 |     4.2
   47 |   1.0468 |     35.852 |   1.1138 |     38.889 |     4.3
   48 |   1.0395 |     35.612 |   1.0991 |     38.278 |     4.4
   49 |   1.0394 |     35.792 |   1.1095 |     38.645 |     4.5
   50 |   1.0334 |     35.329 |   1.1128 |     38.309 |     4.6
   51 |   1.0223 |     34.936 |   1.0958 |     37.759 |     4.7
   52 |   1.0201 |     35.083 |   1.1003 |     37.515 |     4.7
   53 |   1.0166 |     34.669 |   1.1023 |     37.973 |     4.8
   54 |   1.0100 |     34.653 |   1.0752 |     37.179 |     4.9
   55 |   1.0020 |     34.167 |   1.0789 |     37.424 |     5.0
   56 |   1.0020 |     34.195 |   1.1018 |     37.637 |     5.1
   57 |   0.9958 |     34.091 |   1.0747 |     36.966 |     5.2
   58 |   0.9915 |     33.682 |   1.0806 |     37.363 |     5.3
   59 |   0.9874 |     33.606 |   1.0847 |     37.912 |     5.4
   60 |   0.9849 |     33.655 |   1.0666 |     37.241 |     5.5
   61 |   0.9779 |     33.704 |   1.0787 |     37.424 |     5.6
   62 |   0.9740 |     33.279 |   1.0697 |     36.966 |     5.7
   63 |   0.9710 |     33.148 |   1.0677 |     36.783 |     5.8
   64 |   0.9713 |     33.557 |   1.0638 |     36.508 |     5.8
   65 |   0.9629 |     33.012 |   1.0767 |     37.057 |     5.9
   66 |   0.9585 |     32.914 |   1.0678 |     36.508 |     6.0
   67 |   0.9529 |     33.061 |   1.0782 |     37.485 |     6.1
   68 |   0.9504 |     32.783 |   1.0744 |     37.118 |     6.2
   69 |   0.9403 |     32.592 |   1.0534 |     35.989 |     6.3
   70 |   0.9415 |     32.390 |   1.0620 |     36.020 |     6.4
   71 |   0.9364 |     32.019 |   1.0715 |     36.355 |     6.5
   72 |   0.9367 |     32.423 |   1.0612 |     35.958 |     6.6
   73 |   0.9321 |     32.150 |   1.0530 |     36.538 |     6.7
   74 |   0.9272 |     32.265 |   1.0585 |     36.081 |     6.8
   75 |   0.9251 |     31.572 |   1.0676 |     36.752 |     6.8
   76 |   0.9207 |     31.949 |   1.0616 |     36.294 |     6.9
   77 |   0.9196 |     31.616 |   1.0733 |     36.538 |     7.0
   78 |   0.9142 |     31.262 |   1.0450 |     35.714 |     7.1
   79 |   0.9179 |     31.981 |   1.0579 |     36.203 |     7.2
   80 |   0.9070 |     31.169 |   1.0735 |     36.386 |     7.3
   81 |   0.8999 |     31.005 |   1.0565 |     35.714 |     7.4
   82 |   0.9010 |     30.918 |   1.0496 |     35.073 |     7.5
Early stopping

Model: Seq2Seq Transformer
Source index: <Seq2Seq Index with 43 items>
Target index: <Seq2Seq Index with 34 items>
Max sequence length: 800
Embedding dimension: 64
Feedforward dimension: 64
Encoder layers: 2
Decoder layers: 3
Attention heads: 2
Activation: relu
Dropout: 0.0
Trainable parameters: 234,978

Training started
X_train.shape: torch.Size([3057, 702])
Y_train.shape: torch.Size([3057, 7])
X_dev.shape: torch.Size([546, 337])
Y_dev.shape: torch.Size([546, 7])
Epochs: 500
Learning rate: 0.0001
Weight decay: 0.0001
Epoch | Train                 | Development           | Minutes
      | Loss     | Error Rate | Loss     | Error Rate |
---------------------------------------------------------------
    1 |   2.6101 |     61.651 |   2.0323 |     48.291 |     0.1
    2 |   1.7790 |     46.620 |   1.6538 |     46.612 |     0.1
    3 |   1.5664 |     45.742 |   1.5412 |     46.032 |     0.2
    4 |   1.4830 |     45.437 |   1.4832 |     45.726 |     0.2
    5 |   1.4303 |     44.984 |   1.4335 |     45.513 |     0.3
    6 |   1.3879 |     44.428 |   1.3982 |     45.696 |     0.4
    7 |   1.3464 |     43.109 |   1.3643 |     44.109 |     0.4
    8 |   1.3127 |     42.771 |   1.3380 |     43.254 |     0.5
    9 |   1.2837 |     41.800 |   1.3195 |     44.139 |     0.6
   10 |   1.2597 |     41.560 |   1.2878 |     43.223 |     0.6
   11 |   1.2331 |     41.282 |   1.2840 |     42.705 |     0.7
   12 |   1.2135 |     40.514 |   1.2618 |     42.399 |     0.7
   13 |   1.1947 |     39.898 |   1.2400 |     41.514 |     0.8
   14 |   1.1759 |     39.161 |   1.2425 |     42.216 |     0.9
   15 |   1.1581 |     38.856 |   1.2257 |     41.850 |     0.9
   16 |   1.1412 |     38.191 |   1.2142 |     41.331 |     1.0
   17 |   1.1252 |     37.777 |   1.1998 |     40.995 |     1.1
   18 |   1.1109 |     37.112 |   1.1930 |     41.178 |     1.1
   19 |   1.0963 |     36.795 |   1.1975 |     41.087 |     1.2
   20 |   1.0794 |     35.999 |   1.1725 |     39.957 |     1.2
   21 |   1.0670 |     35.536 |   1.1959 |     40.232 |     1.3
   22 |   1.0579 |     35.640 |   1.1588 |     39.072 |     1.4
   23 |   1.0429 |     34.740 |   1.1395 |     38.645 |     1.4
   24 |   1.0322 |     34.298 |   1.1464 |     37.912 |     1.5
   25 |   1.0174 |     34.075 |   1.1455 |     38.797 |     1.5
   26 |   1.0092 |     33.748 |   1.1485 |     39.469 |     1.6
   27 |   0.9976 |     33.448 |   1.1399 |     37.912 |     1.7
   28 |   0.9876 |     33.241 |   1.1255 |     37.302 |     1.7
   29 |   0.9805 |     33.110 |   1.1464 |     38.309 |     1.8
   30 |   0.9732 |     32.734 |   1.1291 |     37.363 |     1.9
   31 |   0.9596 |     32.287 |   1.1150 |     36.996 |     1.9
   32 |   0.9503 |     31.769 |   1.1165 |     37.332 |     2.0
   33 |   0.9385 |     31.485 |   1.1117 |     36.538 |     2.0
   34 |   0.9339 |     31.360 |   1.1090 |     37.271 |     2.1
   35 |   0.9231 |     30.924 |   1.1073 |     36.722 |     2.2
   36 |   0.9151 |     30.678 |   1.1062 |     36.569 |     2.2
   37 |   0.9078 |     30.357 |   1.1065 |     36.905 |     2.3
   38 |   0.9012 |     29.860 |   1.0975 |     36.691 |     2.4
   39 |   0.8945 |     30.160 |   1.1079 |     36.386 |     2.4
   40 |   0.8864 |     29.517 |   1.1080 |     36.966 |     2.5
   41 |   0.8749 |     29.392 |   1.0892 |     36.081 |     2.5
   42 |   0.8684 |     28.868 |   1.0911 |     35.958 |     2.6
   43 |   0.8624 |     28.770 |   1.0823 |     35.745 |     2.7
   44 |   0.8566 |     28.601 |   1.0837 |     35.745 |     2.7
   45 |   0.8507 |     28.530 |   1.0945 |     36.477 |     2.8
   46 |   0.8386 |     28.056 |   1.0957 |     36.325 |     2.8
   47 |   0.8354 |     27.756 |   1.0913 |     36.264 |     2.9
Early stopping

Model: Seq2Seq Transformer
Source index: <Seq2Seq Index with 43 items>
Target index: <Seq2Seq Index with 34 items>
Max sequence length: 800
Embedding dimension: 128
Feedforward dimension: 128
Encoder layers: 2
Decoder layers: 2
Attention heads: 4
Activation: relu
Dropout: 0.1
Trainable parameters: 648,098

Training started
X_train.shape: torch.Size([3057, 702])
Y_train.shape: torch.Size([3057, 7])
X_dev.shape: torch.Size([546, 337])
Y_dev.shape: torch.Size([546, 7])
Epochs: 500
Learning rate: 0.0001
Weight decay: 1e-05
Epoch | Train                 | Development           | Minutes
      | Loss     | Error Rate | Loss     | Error Rate |
---------------------------------------------------------------
    1 |   2.2573 |     56.041 |   1.6400 |     46.306 |     0.1
    2 |   1.5599 |     46.069 |   1.4524 |     46.551 |     0.2
    3 |   1.4308 |     45.906 |   1.3791 |     46.093 |     0.3
    4 |   1.3637 |     44.663 |   1.3307 |     44.841 |     0.4
    5 |   1.3179 |     43.785 |   1.2906 |     44.017 |     0.5
    6 |   1.2744 |     42.416 |   1.2548 |     42.521 |     0.6
    7 |   1.2405 |     41.877 |   1.2321 |     41.728 |     0.7
    8 |   1.2154 |     41.102 |   1.2156 |     40.995 |     0.8
    9 |   1.1877 |     40.312 |   1.1923 |     40.751 |     0.9
   10 |   1.1697 |     39.778 |   1.1912 |     41.056 |     1.0
   11 |   1.1490 |     38.676 |   1.1810 |     40.476 |     1.1
   12 |   1.1325 |     38.431 |   1.1701 |     39.805 |     1.2
   13 |   1.1169 |     37.864 |   1.1459 |     38.889 |     1.3
   14 |   1.0961 |     37.144 |   1.1521 |     40.446 |     1.4
   15 |   1.0829 |     37.166 |   1.1253 |     38.828 |     1.5
   16 |   1.0672 |     36.272 |   1.1195 |     38.095 |     1.6
   17 |   1.0533 |     35.503 |   1.1295 |     39.621 |     1.7
   18 |   1.0381 |     34.969 |   1.1233 |     38.584 |     1.8
   19 |   1.0238 |     34.489 |   1.1054 |     38.706 |     1.9
   20 |   1.0084 |     34.375 |   1.0979 |     37.424 |     2.0
   21 |   0.9964 |     33.971 |   1.0997 |     37.698 |     2.1
   22 |   0.9786 |     33.268 |   1.1023 |     37.821 |     2.2
   23 |   0.9671 |     32.663 |   1.1006 |     37.271 |     2.3
   24 |   0.9561 |     32.635 |   1.0894 |     36.966 |     2.4
   25 |   0.9440 |     32.161 |   1.0983 |     36.722 |     2.5
   26 |   0.9319 |     31.627 |   1.1103 |     37.332 |     2.6
   27 |   0.9172 |     31.098 |   1.0991 |     36.477 |     2.7
   28 |   0.9076 |     31.033 |   1.1110 |     36.691 |     2.8
   29 |   0.8953 |     30.455 |   1.0627 |     35.653 |     2.9
   30 |   0.8853 |     30.149 |   1.1069 |     36.538 |     3.0
   31 |   0.8724 |     29.506 |   1.0635 |     35.592 |     3.1
   32 |   0.8605 |     29.348 |   1.0693 |     35.287 |     3.2
   33 |   0.8505 |     28.934 |   1.0909 |     36.355 |     3.3
   34 |   0.8393 |     28.541 |   1.0593 |     35.165 |     3.4
   35 |   0.8342 |     28.639 |   1.1105 |     35.958 |     3.5
   36 |   0.8207 |     28.039 |   1.1273 |     35.897 |     3.6
   37 |   0.8102 |     27.494 |   1.0755 |     35.226 |     3.7
   38 |   0.7996 |     27.314 |   1.1074 |     35.317 |     3.8
Early stopping

Model: Seq2Seq Transformer
Source index: <Seq2Seq Index with 43 items>
Target index: <Seq2Seq Index with 34 items>
Max sequence length: 800
Embedding dimension: 128
Feedforward dimension: 128
Encoder layers: 2
Decoder layers: 2
Attention heads: 2
Activation: relu
Dropout: 0.2
Trainable parameters: 648,098

Training started
X_train.shape: torch.Size([3057, 702])
Y_train.shape: torch.Size([3057, 7])
X_dev.shape: torch.Size([546, 337])
Y_dev.shape: torch.Size([546, 7])
Epochs: 500
Learning rate: 0.0001
Weight decay: 1e-05
Epoch | Train                 | Development           | Minutes
      | Loss     | Error Rate | Loss     | Error Rate |
---------------------------------------------------------------
    1 |   2.4451 |     60.102 |   1.6630 |     46.825 |     0.1
    2 |   1.6526 |     46.456 |   1.4752 |     46.154 |     0.2
    3 |   1.4928 |     45.922 |   1.4191 |     46.215 |     0.2
    4 |   1.4240 |     45.878 |   1.3686 |     45.177 |     0.3
    5 |   1.3794 |     44.821 |   1.3354 |     44.750 |     0.4
    6 |   1.3482 |     44.281 |   1.3052 |     44.139 |     0.5
    7 |   1.3197 |     43.518 |   1.2968 |     44.078 |     0.6
    8 |   1.2952 |     43.000 |   1.2754 |     42.766 |     0.6
    9 |   1.2799 |     42.384 |   1.2511 |     42.063 |     0.7
   10 |   1.2597 |     42.084 |   1.2563 |     43.010 |     0.8
   11 |   1.2427 |     41.762 |   1.2415 |     42.430 |     0.9
   12 |   1.2286 |     41.053 |   1.2250 |     41.789 |     0.9
   13 |   1.2199 |     41.173 |   1.2253 |     41.453 |     1.0
   14 |   1.1995 |     40.410 |   1.2075 |     41.239 |     1.1
   15 |   1.1909 |     40.126 |   1.2051 |     41.636 |     1.2
   16 |   1.1807 |     39.936 |   1.2120 |     41.361 |     1.3
   17 |   1.1720 |     39.718 |   1.1979 |     40.995 |     1.3
   18 |   1.1556 |     39.145 |   1.1820 |     40.842 |     1.4
   19 |   1.1462 |     38.982 |   1.1914 |     40.659 |     1.5
   20 |   1.1362 |     38.485 |   1.1631 |     40.385 |     1.6
   21 |   1.1249 |     38.147 |   1.1821 |     40.598 |     1.7
   22 |   1.1137 |     37.689 |   1.1742 |     40.476 |     1.7
   23 |   1.1069 |     37.766 |   1.1752 |     40.507 |     1.8
   24 |   1.0987 |     37.390 |   1.1767 |     40.263 |     1.9
Early stopping

Model: Seq2Seq Transformer
Source index: <Seq2Seq Index with 43 items>
Target index: <Seq2Seq Index with 34 items>
Max sequence length: 800
Embedding dimension: 64
Feedforward dimension: 128
Encoder layers: 4
Decoder layers: 2
Attention heads: 2
Activation: relu
Dropout: 0.0
Trainable parameters: 292,962

Training started
X_train.shape: torch.Size([3057, 702])
Y_train.shape: torch.Size([3057, 7])
X_dev.shape: torch.Size([546, 337])
Y_dev.shape: torch.Size([546, 7])
Epochs: 500
Learning rate: 0.0001
Weight decay: 1e-05
Epoch | Train                 | Development           | Minutes
      | Loss     | Error Rate | Loss     | Error Rate |
---------------------------------------------------------------
    1 |   2.4859 |     56.662 |   2.0180 |     49.023 |     0.1
    2 |   1.7748 |     46.260 |   1.6581 |     46.429 |     0.2
    3 |   1.5601 |     45.486 |   1.5280 |     45.604 |     0.3
    4 |   1.4677 |     44.957 |   1.4596 |     44.872 |     0.4
    5 |   1.4113 |     44.346 |   1.4195 |     45.788 |     0.5
    6 |   1.3683 |     43.370 |   1.3777 |     44.322 |     0.5
    7 |   1.3337 |     42.836 |   1.3756 |     44.628 |     0.6
    8 |   1.3038 |     42.275 |   1.3374 |     44.048 |     0.7
    9 |   1.2750 |     41.566 |   1.3157 |     43.895 |     0.8
   10 |   1.2513 |     41.184 |   1.2932 |     42.979 |     0.9
   11 |   1.2267 |     40.863 |   1.2860 |     42.949 |     1.0
   12 |   1.2061 |     40.192 |   1.2681 |     41.789 |     1.1
   13 |   1.1859 |     39.227 |   1.2527 |     40.720 |     1.2
   14 |   1.1673 |     38.763 |   1.2539 |     40.568 |     1.3
   15 |   1.1481 |     38.196 |   1.2151 |     39.683 |     1.4
   16 |   1.1286 |     37.662 |   1.2089 |     40.049 |     1.5
   17 |   1.1106 |     37.008 |   1.2020 |     39.469 |     1.6
   18 |   1.0940 |     36.648 |   1.2141 |     40.171 |     1.6
   19 |   1.0778 |     36.119 |   1.1844 |     39.011 |     1.7
   20 |   1.0665 |     35.743 |   1.1694 |     39.042 |     1.8
   21 |   1.0507 |     35.160 |   1.1857 |     38.950 |     1.9
   22 |   1.0364 |     34.767 |   1.1692 |     38.828 |     2.0
   23 |   1.0242 |     34.424 |   1.1700 |     39.072 |     2.1
   24 |   1.0080 |     33.829 |   1.1493 |     38.980 |     2.2
   25 |   0.9944 |     33.497 |   1.1466 |     38.370 |     2.3
   26 |   0.9789 |     33.181 |   1.1448 |     38.523 |     2.4
   27 |   0.9674 |     32.826 |   1.1486 |     38.065 |     2.5
   28 |   0.9550 |     32.161 |   1.1433 |     38.400 |     2.6
   29 |   0.9445 |     31.998 |   1.1345 |     38.309 |     2.7
   30 |   0.9316 |     31.485 |   1.1291 |     38.462 |     2.7
   31 |   0.9189 |     31.382 |   1.1219 |     38.400 |     2.8
   32 |   0.9094 |     30.705 |   1.1422 |     38.400 |     2.9
   33 |   0.8964 |     30.504 |   1.1314 |     37.485 |     3.0
   34 |   0.8854 |     30.177 |   1.1472 |     38.431 |     3.1
   35 |   0.8733 |     29.926 |   1.1192 |     38.004 |     3.2
   36 |   0.8604 |     29.419 |   1.1232 |     37.302 |     3.3
   37 |   0.8560 |     28.999 |   1.1216 |     37.576 |     3.4
   38 |   0.8396 |     28.650 |   1.1575 |     38.126 |     3.5
   39 |   0.8310 |     28.596 |   1.1421 |     38.217 |     3.6
Early stopping

Model: Seq2Seq Transformer
Source index: <Seq2Seq Index with 43 items>
Target index: <Seq2Seq Index with 34 items>
Max sequence length: 800
Embedding dimension: 128
Feedforward dimension: 128
Encoder layers: 2
Decoder layers: 2
Attention heads: 4
Activation: relu
Dropout: 0.2
Trainable parameters: 648,098

Training started
X_train.shape: torch.Size([3057, 702])
Y_train.shape: torch.Size([3057, 7])
X_dev.shape: torch.Size([546, 337])
Y_dev.shape: torch.Size([546, 7])
Epochs: 500
Learning rate: 0.0001
Weight decay: 0.0001
Epoch | Train                 | Development           | Minutes
      | Loss     | Error Rate | Loss     | Error Rate |
---------------------------------------------------------------
    1 |   2.3213 |     57.987 |   1.6323 |     46.917 |     0.1
    2 |   1.6080 |     46.293 |   1.4472 |     46.490 |     0.2
    3 |   1.4609 |     45.786 |   1.3853 |     45.910 |     0.3
    4 |   1.4008 |     45.442 |   1.3478 |     45.696 |     0.4
    5 |   1.3623 |     44.886 |   1.3134 |     44.414 |     0.5
    6 |   1.3301 |     44.014 |   1.3012 |     44.994 |     0.6
    7 |   1.3005 |     43.354 |   1.2739 |     43.346 |     0.7
    8 |   1.2776 |     43.114 |   1.2660 |     43.651 |     0.8
    9 |   1.2582 |     42.427 |   1.2480 |     42.735 |     0.9
   10 |   1.2403 |     41.768 |   1.2489 |     42.705 |     1.0
   11 |   1.2227 |     41.451 |   1.2399 |     42.705 |     1.1
   12 |   1.2051 |     41.042 |   1.2276 |     42.186 |     1.2
   13 |   1.1892 |     40.241 |   1.2106 |     41.484 |     1.3
   14 |   1.1781 |     39.848 |   1.2022 |     41.422 |     1.4
   15 |   1.1659 |     39.592 |   1.2000 |     41.209 |     1.5
   16 |   1.1562 |     39.227 |   1.2037 |     40.995 |     1.6
   17 |   1.1402 |     38.436 |   1.1778 |     40.537 |     1.7
   18 |   1.1272 |     38.311 |   1.2102 |     41.026 |     1.8
   19 |   1.1190 |     37.978 |   1.1780 |     39.957 |     1.9
   20 |   1.1034 |     37.575 |   1.1680 |     39.744 |     2.0
   21 |   1.0976 |     37.275 |   1.1670 |     39.621 |     2.1
   22 |   1.0857 |     36.670 |   1.1726 |     40.232 |     2.2
   23 |   1.0740 |     36.550 |   1.1639 |     39.560 |     2.3
   24 |   1.0632 |     36.048 |   1.1869 |     40.537 |     2.4
   25 |   1.0570 |     35.798 |   1.1827 |     40.263 |     2.5
   26 |   1.0447 |     35.236 |   1.1650 |     39.347 |     2.6
   27 |   1.0395 |     35.143 |   1.1728 |     39.255 |     2.7
Early stopping

Model: Seq2Seq Transformer
Source index: <Seq2Seq Index with 43 items>
Target index: <Seq2Seq Index with 34 items>
Max sequence length: 800
Embedding dimension: 128
Feedforward dimension: 256
Encoder layers: 2
Decoder layers: 3
Attention heads: 2
Activation: relu
Dropout: 0.0
Trainable parameters: 978,466

Training started
X_train.shape: torch.Size([3057, 702])
Y_train.shape: torch.Size([3057, 7])
X_dev.shape: torch.Size([546, 337])
Y_dev.shape: torch.Size([546, 7])
Epochs: 500
Learning rate: 0.001
Weight decay: 0.0001
Epoch | Train                 | Development           | Minutes
      | Loss     | Error Rate | Loss     | Error Rate |
---------------------------------------------------------------
    1 |   1.5386 |     47.759 |   1.3583 |     44.811 |     0.1
    2 |   1.2487 |     43.005 |   1.2540 |     42.582 |     0.2
    3 |   1.1750 |     40.873 |   1.1878 |     41.667 |     0.3
    4 |   1.1064 |     38.763 |   1.1439 |     39.835 |     0.3
    5 |   1.0655 |     36.953 |   1.1065 |     38.614 |     0.4
    6 |   1.0141 |     35.132 |   1.0896 |     38.919 |     0.5
    7 |   0.9790 |     33.851 |   1.0721 |     37.454 |     0.6
    8 |   0.9265 |     32.374 |   1.0218 |     35.379 |     0.7
    9 |   0.8912 |     31.169 |   1.0696 |     36.264 |     0.8
   10 |   0.8535 |     29.860 |   1.0240 |     34.768 |     0.9
   11 |   0.8071 |     28.089 |   1.0168 |     34.554 |     0.9
   12 |   0.7634 |     26.355 |   1.0346 |     33.578 |     1.0
   13 |   0.7206 |     24.943 |   1.0306 |     34.432 |     1.1
   14 |   0.6995 |     24.185 |   1.0261 |     33.822 |     1.2
   15 |   0.6563 |     22.920 |   1.0397 |     33.028 |     1.3
Early stopping

Model: Seq2Seq Transformer
Source index: <Seq2Seq Index with 43 items>
Target index: <Seq2Seq Index with 34 items>
Max sequence length: 800
Embedding dimension: 64
Feedforward dimension: 64
Encoder layers: 4
Decoder layers: 4
Attention heads: 4
Activation: relu
Dropout: 0.2
Trainable parameters: 327,394

Training started
X_train.shape: torch.Size([3057, 702])
Y_train.shape: torch.Size([3057, 7])
X_dev.shape: torch.Size([546, 337])
Y_dev.shape: torch.Size([546, 7])
Epochs: 500
Learning rate: 0.0001
Weight decay: 0.0001
Epoch | Train                 | Development           | Minutes
      | Loss     | Error Rate | Loss     | Error Rate |
---------------------------------------------------------------
    1 |   3.0418 |     79.392 |   2.4486 |     57.051 |     0.2
    2 |   2.3185 |     54.449 |   1.8146 |     47.527 |     0.3
    3 |   1.8296 |     47.399 |   1.5914 |     46.856 |     0.5
    4 |   1.6452 |     46.849 |   1.5223 |     46.825 |     0.6
    5 |   1.5545 |     46.085 |   1.4728 |     46.306 |     0.8
    6 |   1.5086 |     46.058 |   1.4480 |     46.123 |     1.0
    7 |   1.4709 |     46.009 |   1.4197 |     45.665 |     1.1
    8 |   1.4467 |     45.764 |   1.4000 |     45.788 |     1.3
    9 |   1.4236 |     45.666 |   1.3925 |     46.123 |     1.4
   10 |   1.4054 |     45.600 |   1.3789 |     45.452 |     1.6
   11 |   1.3907 |     45.219 |   1.3688 |     45.940 |     1.8
   12 |   1.3761 |     45.099 |   1.3488 |     45.116 |     1.9
   13 |   1.3690 |     44.853 |   1.3534 |     46.245 |     2.1
   14 |   1.3585 |     44.722 |   1.3410 |     46.184 |     2.2
   15 |   1.3468 |     44.270 |   1.3366 |     45.543 |     2.4
   16 |   1.3329 |     44.030 |   1.3319 |     44.322 |     2.6
   17 |   1.3226 |     43.774 |   1.3218 |     45.024 |     2.7
   18 |   1.3136 |     43.605 |   1.3105 |     44.689 |     2.9
   19 |   1.3035 |     43.643 |   1.3143 |     44.780 |     3.0
   20 |   1.2991 |     43.196 |   1.3138 |     44.719 |     3.2
   21 |   1.2831 |     42.760 |   1.2966 |     44.200 |     3.4
   22 |   1.2781 |     42.607 |   1.3047 |     44.292 |     3.5
   23 |   1.2743 |     42.258 |   1.3137 |     44.567 |     3.7
   24 |   1.2649 |     42.329 |   1.3220 |     43.590 |     3.8
   25 |   1.2567 |     41.866 |   1.2971 |     43.803 |     4.0
   26 |   1.2506 |     41.778 |   1.2937 |     43.162 |     4.2
   27 |   1.2396 |     41.593 |   1.3134 |     43.162 |     4.3
   28 |   1.2358 |     41.620 |   1.3092 |     43.315 |     4.5
   29 |   1.2290 |     41.402 |   1.3227 |     43.376 |     4.6
   30 |   1.2239 |     41.168 |   1.3000 |     43.193 |     4.8
   31 |   1.2142 |     41.239 |   1.2923 |     42.613 |     5.0
   32 |   1.2085 |     40.928 |   1.3136 |     43.284 |     5.1
   33 |   1.1992 |     40.530 |   1.2835 |     42.552 |     5.3
   34 |   1.1949 |     40.459 |   1.2799 |     42.063 |     5.4
   35 |   1.1919 |     40.503 |   1.3080 |     42.643 |     5.6
   36 |   1.1819 |     40.132 |   1.3110 |     42.796 |     5.8
   37 |   1.1783 |     39.925 |   1.3002 |     42.918 |     5.9
   38 |   1.1712 |     39.816 |   1.2991 |     42.705 |     6.1
Early stopping

Model: Seq2Seq Transformer
Source index: <Seq2Seq Index with 43 items>
Target index: <Seq2Seq Index with 34 items>
Max sequence length: 800
Embedding dimension: 128
Feedforward dimension: 256
Encoder layers: 4
Decoder layers: 3
Attention heads: 2
Activation: relu
Dropout: 0.1
Trainable parameters: 1,243,426

Training started
X_train.shape: torch.Size([3057, 702])
Y_train.shape: torch.Size([3057, 7])
X_dev.shape: torch.Size([546, 337])
Y_dev.shape: torch.Size([546, 7])
Epochs: 500
Learning rate: 0.001
Weight decay: 1e-05
Epoch | Train                 | Development           | Minutes
      | Loss     | Error Rate | Loss     | Error Rate |
---------------------------------------------------------------
    1 |   1.5485 |     48.103 |   1.3184 |     44.780 |     0.1
    2 |   1.2973 |     45.322 |   1.2818 |     45.574 |     0.3
    3 |   1.2545 |     44.455 |   1.2400 |     43.376 |     0.4
    4 |   1.2236 |     43.796 |   1.2010 |     43.590 |     0.6
    5 |   1.2067 |     43.834 |   1.2053 |     42.705 |     0.7
    6 |   1.1898 |     43.294 |   1.2033 |     43.193 |     0.9
    7 |   1.1805 |     43.027 |   1.1673 |     43.071 |     1.0
    8 |   1.1675 |     43.185 |   1.1419 |     42.705 |     1.2
    9 |   1.1524 |     42.722 |   1.1410 |     42.460 |     1.3
   10 |   1.1472 |     42.569 |   1.1403 |     42.186 |     1.5
   11 |   1.1429 |     42.209 |   1.1194 |     42.186 |     1.6
   12 |   1.1388 |     42.040 |   1.1249 |     41.422 |     1.8
   13 |   1.1283 |     42.122 |   1.1174 |     42.369 |     1.9
   14 |   1.1213 |     41.718 |   1.1196 |     42.216 |     2.1
   15 |   1.1206 |     41.675 |   1.1129 |     41.422 |     2.2
   16 |   1.1155 |     41.201 |   1.1144 |     41.148 |     2.4
   17 |   1.1116 |     41.746 |   1.1084 |     41.728 |     2.5
   18 |   1.1073 |     41.331 |   1.1007 |     41.087 |     2.7
   19 |   1.1091 |     41.669 |   1.1052 |     41.545 |     2.8
   20 |   1.1020 |     41.250 |   1.1137 |     41.758 |     3.0
   21 |   1.0958 |     41.091 |   1.1092 |     41.300 |     3.1
   22 |   1.0965 |     41.168 |   1.1045 |     41.026 |     3.3
Early stopping

Model: Seq2Seq Transformer
Source index: <Seq2Seq Index with 43 items>
Target index: <Seq2Seq Index with 34 items>
Max sequence length: 800
Embedding dimension: 64
Feedforward dimension: 128
Encoder layers: 2
Decoder layers: 3
Attention heads: 2
Activation: relu
Dropout: 0.0
Trainable parameters: 276,258

Training started
X_train.shape: torch.Size([3057, 702])
Y_train.shape: torch.Size([3057, 7])
X_dev.shape: torch.Size([546, 337])
Y_dev.shape: torch.Size([546, 7])
Epochs: 500
Learning rate: 0.001
Weight decay: 0.0001
Epoch | Train                 | Development           | Minutes
      | Loss     | Error Rate | Loss     | Error Rate |
---------------------------------------------------------------
    1 |   1.6523 |     47.514 |   1.3653 |     46.612 |     0.1
    2 |   1.2867 |     43.414 |   1.2467 |     43.315 |     0.1
    3 |   1.1951 |     41.435 |   1.1781 |     41.880 |     0.2
    4 |   1.1338 |     39.576 |   1.1770 |     40.537 |     0.2
    5 |   1.0807 |     37.668 |   1.1203 |     39.408 |     0.3
    6 |   1.0344 |     35.787 |   1.0662 |     37.515 |     0.4
    7 |   0.9961 |     34.609 |   1.0478 |     36.172 |     0.4
    8 |   0.9529 |     33.143 |   1.0232 |     35.623 |     0.5
    9 |   0.9076 |     31.529 |   1.0259 |     36.203 |     0.6
   10 |   0.8805 |     30.744 |   1.0473 |     36.538 |     0.6
   11 |   0.8462 |     29.528 |   1.0297 |     34.615 |     0.7
   12 |   0.8065 |     28.116 |   0.9974 |     34.829 |     0.8
   13 |   0.7714 |     26.649 |   1.0476 |     34.066 |     0.8
   14 |   0.7362 |     25.750 |   1.0185 |     33.211 |     0.9
   15 |   0.6976 |     24.370 |   1.0350 |     34.219 |     0.9
   16 |   0.6717 |     23.443 |   1.1116 |     35.653 |     1.0
Early stopping

Model: Seq2Seq Transformer
Source index: <Seq2Seq Index with 43 items>
Target index: <Seq2Seq Index with 34 items>
Max sequence length: 800
Embedding dimension: 128
Feedforward dimension: 64
Encoder layers: 2
Decoder layers: 4
Attention heads: 2
Activation: relu
Dropout: 0.2
Trainable parameters: 881,186

Training started
X_train.shape: torch.Size([3057, 702])
Y_train.shape: torch.Size([3057, 7])
X_dev.shape: torch.Size([546, 337])
Y_dev.shape: torch.Size([546, 7])
Epochs: 500
Learning rate: 0.0001
Weight decay: 0.0001
Epoch | Train                 | Development           | Minutes
      | Loss     | Error Rate | Loss     | Error Rate |
---------------------------------------------------------------
    1 |   2.6132 |     66.547 |   1.9409 |     48.993 |     0.1
    2 |   1.7886 |     47.939 |   1.5036 |     46.276 |     0.2
    3 |   1.5201 |     46.118 |   1.4307 |     46.001 |     0.3
    4 |   1.4453 |     45.949 |   1.3896 |     45.940 |     0.4
    5 |   1.4048 |     45.480 |   1.3705 |     46.429 |     0.5
    6 |   1.3755 |     45.551 |   1.3389 |     46.337 |     0.6
    7 |   1.3477 |     44.892 |   1.3142 |     45.482 |     0.7
    8 |   1.3266 |     44.401 |   1.2987 |     44.689 |     0.8
    9 |   1.3014 |     43.687 |   1.2883 |     44.750 |     0.8
   10 |   1.2841 |     43.425 |   1.2845 |     44.597 |     0.9
   11 |   1.2640 |     42.765 |   1.2667 |     42.857 |     1.0
   12 |   1.2522 |     42.400 |   1.2477 |     41.728 |     1.1
   13 |   1.2390 |     41.898 |   1.2347 |     41.728 |     1.2
   14 |   1.2226 |     41.397 |   1.2445 |     42.033 |     1.3
   15 |   1.2102 |     41.141 |   1.2227 |     41.545 |     1.4
   16 |   1.1920 |     40.448 |   1.2109 |     41.331 |     1.5
   17 |   1.1823 |     40.252 |   1.1929 |     40.934 |     1.6
   18 |   1.1762 |     40.132 |   1.2041 |     40.598 |     1.7
   19 |   1.1654 |     39.810 |   1.1918 |     41.453 |     1.8
   20 |   1.1560 |     39.767 |   1.1968 |     41.575 |     1.9
   21 |   1.1512 |     39.107 |   1.1895 |     41.209 |     2.0
   22 |   1.1402 |     39.129 |   1.1828 |     40.263 |     2.1
   23 |   1.1309 |     38.589 |   1.1735 |     40.232 |     2.2
   24 |   1.1220 |     38.278 |   1.1853 |     40.537 |     2.3
   25 |   1.1131 |     37.962 |   1.1947 |     40.873 |     2.4
   26 |   1.1058 |     37.760 |   1.1579 |     39.835 |     2.5
   27 |   1.0961 |     37.248 |   1.1661 |     40.079 |     2.6
   28 |   1.0934 |     37.172 |   1.1290 |     38.492 |     2.6
   29 |   1.0832 |     37.291 |   1.1629 |     40.110 |     2.7
   30 |   1.0794 |     36.921 |   1.1421 |     38.767 |     2.8
   31 |   1.0691 |     36.763 |   1.1516 |     39.621 |     2.9
   32 |   1.0596 |     36.381 |   1.1281 |     38.767 |     3.0
   33 |   1.0595 |     36.910 |   1.1316 |     38.309 |     3.1
   34 |   1.0491 |     36.048 |   1.1617 |     39.225 |     3.2
   35 |   1.0428 |     35.847 |   1.1341 |     38.614 |     3.3
   36 |   1.0359 |     35.558 |   1.1408 |     38.797 |     3.4
Early stopping

Model: Seq2Seq Transformer
Source index: <Seq2Seq Index with 43 items>
Target index: <Seq2Seq Index with 34 items>
Max sequence length: 800
Embedding dimension: 64
Feedforward dimension: 64
Encoder layers: 4
Decoder layers: 4
Attention heads: 2
Activation: relu
Dropout: 0.1
Trainable parameters: 327,394

Training started
X_train.shape: torch.Size([3057, 702])
Y_train.shape: torch.Size([3057, 7])
X_dev.shape: torch.Size([546, 337])
Y_dev.shape: torch.Size([546, 7])
Epochs: 500
Learning rate: 0.001
Weight decay: 1e-05
Epoch | Train                 | Development           | Minutes
      | Loss     | Error Rate | Loss     | Error Rate |
---------------------------------------------------------------
    1 |   1.8548 |     51.837 |   1.4132 |     46.886 |     0.1
    2 |   1.3517 |     45.197 |   1.3064 |     45.147 |     0.2
    3 |   1.2898 |     44.232 |   1.2643 |     44.322 |     0.3
    4 |   1.2502 |     43.539 |   1.2317 |     43.284 |     0.4
    5 |   1.2145 |     42.258 |   1.2111 |     42.399 |     0.6
    6 |   1.1903 |     41.648 |   1.1829 |     41.087 |     0.7
    7 |   1.1716 |     40.999 |   1.1729 |     40.965 |     0.8
    8 |   1.1485 |     40.290 |   1.1596 |     41.300 |     0.9
    9 |   1.1258 |     39.363 |   1.1374 |     40.049 |     1.0
   10 |   1.1032 |     38.883 |   1.1185 |     39.438 |     1.1
   11 |   1.0851 |     37.777 |   1.1189 |     39.255 |     1.2
   12 |   1.0749 |     38.235 |   1.0931 |     38.645 |     1.3
   13 |   1.0566 |     37.122 |   1.0971 |     38.645 |     1.5
   14 |   1.0369 |     36.283 |   1.1007 |     38.889 |     1.6
   15 |   1.0149 |     35.863 |   1.0799 |     38.126 |     1.7
   16 |   1.0089 |     35.623 |   1.0941 |     37.668 |     1.8
   17 |   0.9943 |     34.816 |   1.0686 |     37.271 |     1.9
   18 |   0.9754 |     34.102 |   1.0760 |     36.752 |     2.0
   19 |   0.9581 |     33.922 |   1.0780 |     36.813 |     2.1
   20 |   0.9455 |     32.990 |   1.0805 |     36.874 |     2.2
   21 |   0.9279 |     32.570 |   1.0615 |     35.989 |     2.3
   22 |   0.9160 |     31.992 |   1.0601 |     35.531 |     2.5
   23 |   0.8987 |     31.965 |   1.0667 |     36.111 |     2.6
   24 |   0.8785 |     30.853 |   1.0702 |     36.874 |     2.7
   25 |   0.8668 |     30.700 |   1.0655 |     36.264 |     2.8
   26 |   0.8493 |     29.800 |   1.1190 |     37.302 |     2.9
Early stopping

Model: Seq2Seq Transformer
Source index: <Seq2Seq Index with 43 items>
Target index: <Seq2Seq Index with 34 items>
Max sequence length: 800
Embedding dimension: 128
Feedforward dimension: 64
Encoder layers: 2
Decoder layers: 3
Attention heads: 4
Activation: relu
Dropout: 0.2
Trainable parameters: 731,746

Training started
X_train.shape: torch.Size([3057, 702])
Y_train.shape: torch.Size([3057, 7])
X_dev.shape: torch.Size([546, 337])
Y_dev.shape: torch.Size([546, 7])
Epochs: 500
Learning rate: 0.001
Weight decay: 0.0001
Epoch | Train                 | Development           | Minutes
      | Loss     | Error Rate | Loss     | Error Rate |
---------------------------------------------------------------
    1 |   1.6679 |     49.477 |   1.3579 |     46.306 |     0.1
    2 |   1.3287 |     44.390 |   1.2729 |     42.857 |     0.2
    3 |   1.2591 |     42.733 |   1.2371 |     41.758 |     0.3
    4 |   1.2233 |     41.713 |   1.1968 |     41.178 |     0.4
    5 |   1.1775 |     40.628 |   1.1674 |     40.385 |     0.5
    6 |   1.1490 |     39.674 |   1.1461 |     39.835 |     0.6
    7 |   1.1024 |     38.267 |   1.1550 |     40.446 |     0.8
    8 |   1.0748 |     37.161 |   1.1186 |     39.286 |     0.9
    9 |   1.0411 |     35.983 |   1.1260 |     38.156 |     1.0
   10 |   1.0144 |     35.040 |   1.1199 |     37.668 |     1.1
   11 |   0.9831 |     33.960 |   1.1208 |     37.118 |     1.2
   12 |   0.9539 |     33.077 |   1.0792 |     36.935 |     1.3
   13 |   0.9286 |     32.019 |   1.0968 |     35.958 |     1.4
   14 |   0.9022 |     31.033 |   1.1059 |     36.386 |     1.5
   15 |   0.8781 |     30.297 |   1.0937 |     35.653 |     1.6
   16 |   0.8415 |     29.190 |   1.1217 |     34.524 |     1.7
Early stopping

Model: Seq2Seq Transformer
Source index: <Seq2Seq Index with 43 items>
Target index: <Seq2Seq Index with 34 items>
Max sequence length: 800
Embedding dimension: 64
Feedforward dimension: 256
Encoder layers: 4
Decoder layers: 4
Attention heads: 2
Activation: relu
Dropout: 0.2
Trainable parameters: 525,538

Training started
X_train.shape: torch.Size([3057, 702])
Y_train.shape: torch.Size([3057, 7])
X_dev.shape: torch.Size([546, 337])
Y_dev.shape: torch.Size([546, 7])
Epochs: 500
Learning rate: 0.0001
Weight decay: 0.0001
Epoch | Train                 | Development           | Minutes
      | Loss     | Error Rate | Loss     | Error Rate |
---------------------------------------------------------------
    1 |   2.7582 |     68.079 |   2.0953 |     52.289 |     0.1
    2 |   1.9794 |     48.337 |   1.6853 |     46.001 |     0.2
    3 |   1.6936 |     46.113 |   1.5596 |     46.154 |     0.4
    4 |   1.5800 |     45.966 |   1.4967 |     46.245 |     0.5
    5 |   1.5199 |     45.906 |   1.4652 |     45.513 |     0.6
    6 |   1.4728 |     45.568 |   1.4210 |     45.391 |     0.7
    7 |   1.4402 |     45.420 |   1.3979 |     45.208 |     0.8
    8 |   1.4108 |     44.951 |   1.3781 |     45.513 |     1.0
    9 |   1.3841 |     44.499 |   1.3450 |     43.712 |     1.1
   10 |   1.3636 |     44.036 |   1.3282 |     43.926 |     1.2
   11 |   1.3428 |     43.616 |   1.3160 |     43.926 |     1.3
   12 |   1.3255 |     43.240 |   1.3066 |     43.895 |     1.4
   13 |   1.3146 |     43.131 |   1.2945 |     43.254 |     1.6
   14 |   1.2953 |     42.934 |   1.2926 |     43.498 |     1.7
   15 |   1.2829 |     42.547 |   1.2809 |     43.468 |     1.8
   16 |   1.2745 |     42.553 |   1.2760 |     43.346 |     1.9
   17 |   1.2630 |     41.947 |   1.2833 |     42.857 |     2.0
   18 |   1.2494 |     41.740 |   1.2616 |     42.247 |     2.2
   19 |   1.2386 |     41.669 |   1.2597 |     42.460 |     2.3
   20 |   1.2266 |     41.359 |   1.2549 |     42.063 |     2.4
   21 |   1.2156 |     41.380 |   1.2639 |     42.857 |     2.5
   22 |   1.2080 |     40.764 |   1.2441 |     41.941 |     2.6
   23 |   1.2026 |     40.628 |   1.2226 |     41.087 |     2.7
   24 |   1.1938 |     40.279 |   1.2246 |     41.514 |     2.9
   25 |   1.1830 |     39.963 |   1.2160 |     40.537 |     3.0
   26 |   1.1769 |     40.219 |   1.2148 |     40.568 |     3.1
   27 |   1.1670 |     39.892 |   1.2127 |     40.537 |     3.2
   28 |   1.1627 |     39.609 |   1.2187 |     40.629 |     3.3
   29 |   1.1463 |     39.063 |   1.2113 |     40.415 |     3.5
   30 |   1.1484 |     39.112 |   1.1851 |     40.049 |     3.6
   31 |   1.1405 |     38.485 |   1.2030 |     40.354 |     3.7
   32 |   1.1299 |     38.545 |   1.1874 |     40.049 |     3.8
   33 |   1.1292 |     38.404 |   1.1937 |     40.354 |     3.9
   34 |   1.1262 |     38.464 |   1.2095 |     40.140 |     4.1
Early stopping

Model: Seq2Seq Transformer
Source index: <Seq2Seq Index with 43 items>
Target index: <Seq2Seq Index with 34 items>
Max sequence length: 800
Embedding dimension: 128
Feedforward dimension: 64
Encoder layers: 4
Decoder layers: 4
Attention heads: 4
Activation: relu
Dropout: 0.0
Trainable parameters: 1,047,458

Training started
X_train.shape: torch.Size([3057, 702])
Y_train.shape: torch.Size([3057, 7])
X_dev.shape: torch.Size([546, 337])
Y_dev.shape: torch.Size([546, 7])
Epochs: 500
Learning rate: 0.001
Weight decay: 0.0001
Epoch | Train                 | Development           | Minutes
      | Loss     | Error Rate | Loss     | Error Rate |
---------------------------------------------------------------
    1 |   1.5899 |     49.275 |   1.3394 |     46.062 |     0.2
    2 |   1.2521 |     43.812 |   1.2316 |     43.193 |     0.3
    3 |   1.1945 |     42.951 |   1.1935 |     44.628 |     0.5
    4 |   1.1650 |     41.947 |   1.1529 |     42.247 |     0.7
    5 |   1.1483 |     42.067 |   1.1573 |     42.705 |     0.9
    6 |   1.1303 |     41.184 |   1.1343 |     41.484 |     1.0
    7 |   1.1130 |     41.124 |   1.1193 |     40.751 |     1.2
    8 |   1.1037 |     41.004 |   1.1312 |     41.972 |     1.4
    9 |   1.1007 |     40.912 |   1.1184 |     42.125 |     1.6
   10 |   1.0924 |     40.683 |   1.1126 |     41.056 |     1.7
   11 |   1.0883 |     40.770 |   1.1223 |     41.911 |     1.9
   12 |   1.0868 |     40.737 |   1.1021 |     41.484 |     2.1
   13 |   1.0783 |     40.753 |   1.1069 |     41.941 |     2.3
   14 |   1.0800 |     40.737 |   1.0943 |     41.484 |     2.4
   15 |   1.0756 |     40.704 |   1.1092 |     41.697 |     2.6
   16 |   1.0757 |     40.743 |   1.1092 |     42.186 |     2.8
   17 |   1.0716 |     40.257 |   1.0957 |     41.484 |     3.0
   18 |   1.0687 |     40.317 |   1.1074 |     41.056 |     3.1
Early stopping

Model: Seq2Seq Transformer
Source index: <Seq2Seq Index with 43 items>
Target index: <Seq2Seq Index with 34 items>
Max sequence length: 800
Embedding dimension: 128
Feedforward dimension: 256
Encoder layers: 2
Decoder layers: 2
Attention heads: 2
Activation: relu
Dropout: 0.0
Trainable parameters: 779,682

Training started
X_train.shape: torch.Size([3057, 702])
Y_train.shape: torch.Size([3057, 7])
X_dev.shape: torch.Size([546, 337])
Y_dev.shape: torch.Size([546, 7])
Epochs: 500
Learning rate: 0.0001
Weight decay: 1e-05
Epoch | Train                 | Development           | Minutes
      | Loss     | Error Rate | Loss     | Error Rate |
---------------------------------------------------------------
    1 |   2.0862 |     53.898 |   1.5510 |     46.520 |     0.1
    2 |   1.4304 |     45.497 |   1.3887 |     45.208 |     0.2
    3 |   1.3268 |     43.223 |   1.3244 |     43.223 |     0.2
    4 |   1.2672 |     41.937 |   1.2619 |     41.148 |     0.3
    5 |   1.2153 |     40.514 |   1.2461 |     42.125 |     0.4
    6 |   1.1773 |     39.559 |   1.1904 |     39.896 |     0.5
    7 |   1.1414 |     38.404 |   1.1685 |     39.774 |     0.5
    8 |   1.1113 |     37.319 |   1.1486 |     38.248 |     0.6
    9 |   1.0754 |     35.956 |   1.1434 |     38.858 |     0.7
   10 |   1.0422 |     35.040 |   1.1149 |     37.271 |     0.8
   11 |   1.0168 |     34.075 |   1.0915 |     35.897 |     0.8
   12 |   0.9883 |     33.001 |   1.0793 |     36.447 |     0.9
   13 |   0.9610 |     32.128 |   1.0635 |     35.134 |     1.0
   14 |   0.9348 |     31.289 |   1.0694 |     35.287 |     1.1
   15 |   0.9067 |     30.324 |   1.0687 |     35.470 |     1.2
   16 |   0.8787 |     29.195 |   1.0692 |     35.134 |     1.2
   17 |   0.8551 |     28.525 |   1.0520 |     34.982 |     1.3
   18 |   0.8332 |     28.012 |   1.0488 |     35.287 |     1.4
   19 |   0.8057 |     26.873 |   1.0693 |     35.073 |     1.5
   20 |   0.7798 |     25.902 |   1.0558 |     34.615 |     1.5
   21 |   0.7535 |     24.741 |   1.0599 |     35.043 |     1.6
   22 |   0.7322 |     24.321 |   1.0802 |     34.646 |     1.7
Early stopping

Model: Seq2Seq Transformer
Source index: <Seq2Seq Index with 43 items>
Target index: <Seq2Seq Index with 34 items>
Max sequence length: 800
Embedding dimension: 64
Feedforward dimension: 128
Encoder layers: 2
Decoder layers: 3
Attention heads: 2
Activation: relu
Dropout: 0.2
Trainable parameters: 276,258

Training started
X_train.shape: torch.Size([3057, 702])
Y_train.shape: torch.Size([3057, 7])
X_dev.shape: torch.Size([546, 337])
Y_dev.shape: torch.Size([546, 7])
Epochs: 500
Learning rate: 0.0001
Weight decay: 0.0001
Epoch | Train                 | Development           | Minutes
      | Loss     | Error Rate | Loss     | Error Rate |
---------------------------------------------------------------
    1 |   2.9530 |     74.523 |   2.3548 |     54.121 |     0.1
    2 |   2.2090 |     50.883 |   1.7591 |     46.703 |     0.1
    3 |   1.7788 |     46.734 |   1.5842 |     46.306 |     0.2
    4 |   1.6184 |     46.140 |   1.5173 |     46.062 |     0.3
    5 |   1.5412 |     45.993 |   1.4802 |     46.215 |     0.3
    6 |   1.4953 |     45.960 |   1.4420 |     45.940 |     0.4
    7 |   1.4597 |     45.927 |   1.4178 |     46.032 |     0.5
    8 |   1.4334 |     45.916 |   1.3923 |     46.001 |     0.5
    9 |   1.4092 |     45.900 |   1.3712 |     45.849 |     0.6
   10 |   1.3873 |     45.895 |   1.3504 |     45.940 |     0.7
   11 |   1.3674 |     45.638 |   1.3337 |     44.963 |     0.7
   12 |   1.3527 |     44.951 |   1.3131 |     45.055 |     0.8
   13 |   1.3351 |     44.832 |   1.3000 |     45.085 |     0.9
   14 |   1.3244 |     44.684 |   1.2895 |     44.597 |     0.9
   15 |   1.3098 |     44.390 |   1.2929 |     45.452 |     1.0
   16 |   1.2979 |     43.768 |   1.2743 |     43.864 |     1.1
   17 |   1.2860 |     43.507 |   1.2657 |     44.353 |     1.1
   18 |   1.2762 |     43.174 |   1.2599 |     44.261 |     1.2
   19 |   1.2640 |     42.792 |   1.2434 |     43.315 |     1.3
   20 |   1.2556 |     42.558 |   1.2514 |     43.559 |     1.4
   21 |   1.2487 |     42.596 |   1.2397 |     42.643 |     1.4
   22 |   1.2392 |     42.051 |   1.2402 |     42.735 |     1.5
   23 |   1.2321 |     42.166 |   1.2339 |     42.063 |     1.6
   24 |   1.2244 |     41.915 |   1.2269 |     42.094 |     1.6
   25 |   1.2172 |     41.669 |   1.2449 |     42.582 |     1.7
   26 |   1.2118 |     41.511 |   1.2341 |     42.674 |     1.8
   27 |   1.2033 |     41.391 |   1.2257 |     41.758 |     1.8
   28 |   1.1995 |     40.977 |   1.2161 |     42.063 |     1.9
   29 |   1.1926 |     40.781 |   1.2157 |     41.880 |     2.0
   30 |   1.1875 |     40.857 |   1.2058 |     42.857 |     2.0
   31 |   1.1792 |     40.672 |   1.2122 |     41.728 |     2.1
   32 |   1.1783 |     40.475 |   1.2144 |     42.186 |     2.2
   33 |   1.1753 |     40.012 |   1.2202 |     41.880 |     2.2
   34 |   1.1683 |     39.947 |   1.2130 |     42.155 |     2.3
Early stopping

Model: Seq2Seq Transformer
Source index: <Seq2Seq Index with 43 items>
Target index: <Seq2Seq Index with 34 items>
Max sequence length: 800
Embedding dimension: 64
Feedforward dimension: 256
Encoder layers: 2
Decoder layers: 4
Attention heads: 2
Activation: relu
Dropout: 0.2
Trainable parameters: 425,570

Training started
X_train.shape: torch.Size([3057, 702])
Y_train.shape: torch.Size([3057, 7])
X_dev.shape: torch.Size([546, 337])
Y_dev.shape: torch.Size([546, 7])
Epochs: 500
Learning rate: 0.0001
Weight decay: 1e-05
Epoch | Train                 | Development           | Minutes
      | Loss     | Error Rate | Loss     | Error Rate |
---------------------------------------------------------------
    1 |   2.6902 |     66.847 |   1.9806 |     48.932 |     0.1
    2 |   1.8974 |     47.906 |   1.6167 |     46.337 |     0.2
    3 |   1.6445 |     46.211 |   1.5186 |     46.306 |     0.2
    4 |   1.5459 |     45.955 |   1.4725 |     46.337 |     0.3
    5 |   1.4924 |     45.916 |   1.4360 |     46.093 |     0.4
    6 |   1.4563 |     45.944 |   1.4077 |     46.093 |     0.5
    7 |   1.4284 |     45.966 |   1.3839 |     46.123 |     0.5
    8 |   1.4053 |     45.769 |   1.3718 |     46.062 |     0.6
    9 |   1.3818 |     45.366 |   1.3488 |     45.879 |     0.7
   10 |   1.3662 |     45.584 |   1.3316 |     45.879 |     0.8
   11 |   1.3468 |     44.979 |   1.3127 |     44.963 |     0.8
   12 |   1.3319 |     44.570 |   1.3005 |     44.567 |     0.9
   13 |   1.3179 |     44.134 |   1.2882 |     43.559 |     1.0
   14 |   1.3024 |     43.529 |   1.2696 |     43.284 |     1.1
   15 |   1.2842 |     43.485 |   1.2594 |     43.254 |     1.2
   16 |   1.2772 |     42.863 |   1.2577 |     42.888 |     1.2
   17 |   1.2642 |     42.673 |   1.2389 |     42.582 |     1.3
   18 |   1.2528 |     42.487 |   1.2254 |     42.186 |     1.4
   19 |   1.2423 |     42.029 |   1.2162 |     41.850 |     1.5
   20 |   1.2300 |     41.822 |   1.2173 |     41.422 |     1.5
   21 |   1.2262 |     42.089 |   1.2125 |     42.216 |     1.6
   22 |   1.2174 |     41.609 |   1.2011 |     41.239 |     1.7
   23 |   1.2147 |     41.806 |   1.1883 |     40.751 |     1.8
   24 |   1.1992 |     41.026 |   1.1872 |     40.965 |     1.8
   25 |   1.1993 |     40.982 |   1.1734 |     40.415 |     1.9
   26 |   1.1931 |     41.359 |   1.1788 |     40.232 |     2.0
   27 |   1.1780 |     40.617 |   1.1838 |     40.720 |     2.1
   28 |   1.1770 |     40.552 |   1.1587 |     40.629 |     2.2
   29 |   1.1737 |     40.541 |   1.1644 |     40.537 |     2.2
   30 |   1.1692 |     40.088 |   1.1573 |     40.049 |     2.3
   31 |   1.1573 |     40.094 |   1.1465 |     40.171 |     2.4
   32 |   1.1556 |     39.919 |   1.1592 |     40.598 |     2.5
   33 |   1.1508 |     39.625 |   1.1429 |     39.591 |     2.5
   34 |   1.1440 |     39.500 |   1.1350 |     39.286 |     2.6
   35 |   1.1406 |     39.249 |   1.1352 |     39.469 |     2.7
   36 |   1.1359 |     39.287 |   1.1370 |     39.377 |     2.8
   37 |   1.1280 |     38.976 |   1.1323 |     39.408 |     2.9
   38 |   1.1258 |     39.074 |   1.1427 |     39.927 |     2.9
   39 |   1.1186 |     38.802 |   1.1180 |     39.316 |     3.0
   40 |   1.1135 |     38.311 |   1.1398 |     39.011 |     3.1
   41 |   1.1063 |     38.218 |   1.1347 |     39.469 |     3.2
   42 |   1.1015 |     37.869 |   1.1203 |     38.614 |     3.2
   43 |   1.1006 |     38.142 |   1.1069 |     38.309 |     3.3
   44 |   1.0976 |     38.338 |   1.1167 |     38.645 |     3.4
   45 |   1.0928 |     37.722 |   1.1212 |     38.645 |     3.5
   46 |   1.0845 |     37.477 |   1.1094 |     39.164 |     3.6
   47 |   1.0858 |     37.073 |   1.0957 |     37.821 |     3.6
   48 |   1.0752 |     37.155 |   1.1006 |     37.851 |     3.7
   49 |   1.0706 |     36.937 |   1.1070 |     38.248 |     3.8
   50 |   1.0665 |     37.112 |   1.1025 |     37.943 |     3.9
   51 |   1.0633 |     36.686 |   1.1055 |     38.462 |     3.9
Early stopping

Model: Seq2Seq Transformer
Source index: <Seq2Seq Index with 43 items>
Target index: <Seq2Seq Index with 34 items>
Max sequence length: 800
Embedding dimension: 128
Feedforward dimension: 128
Encoder layers: 2
Decoder layers: 2
Attention heads: 4
Activation: relu
Dropout: 0.0
Trainable parameters: 648,098

Training started
X_train.shape: torch.Size([3057, 702])
Y_train.shape: torch.Size([3057, 7])
X_dev.shape: torch.Size([546, 337])
Y_dev.shape: torch.Size([546, 7])
Epochs: 500
Learning rate: 0.001
Weight decay: 0.0001
Epoch | Train                 | Development           | Minutes
      | Loss     | Error Rate | Loss     | Error Rate |
---------------------------------------------------------------
    1 |   1.4889 |     47.089 |   1.3073 |     43.040 |     0.1
    2 |   1.2259 |     42.749 |   1.1916 |     42.247 |     0.2
    3 |   1.1450 |     40.208 |   1.1435 |     40.171 |     0.3
    4 |   1.0964 |     38.753 |   1.1090 |     38.980 |     0.4
    5 |   1.0418 |     36.637 |   1.0892 |     38.187 |     0.5
    6 |   0.9989 |     35.045 |   1.0573 |     37.057 |     0.6
    7 |   0.9566 |     33.742 |   1.0267 |     35.531 |     0.6
    8 |   0.9166 |     32.243 |   1.0495 |     37.210 |     0.7
    9 |   0.8733 |     30.547 |   1.0211 |     35.531 |     0.8
   10 |   0.8347 |     29.141 |   1.0367 |     35.287 |     0.9
   11 |   0.7895 |     27.565 |   1.0360 |     34.615 |     1.0
   12 |   0.7490 |     26.404 |   1.0451 |     34.829 |     1.1
   13 |   0.7078 |     24.741 |   1.0571 |     33.669 |     1.2
Early stopping

Model: Seq2Seq Transformer
Source index: <Seq2Seq Index with 43 items>
Target index: <Seq2Seq Index with 34 items>
Max sequence length: 800
Embedding dimension: 128
Feedforward dimension: 256
Encoder layers: 4
Decoder layers: 2
Attention heads: 2
Activation: relu
Dropout: 0.0
Trainable parameters: 1,044,642

Training started
X_train.shape: torch.Size([3057, 702])
Y_train.shape: torch.Size([3057, 7])
X_dev.shape: torch.Size([546, 337])
Y_dev.shape: torch.Size([546, 7])
Epochs: 500
Learning rate: 0.001
Weight decay: 1e-05
Epoch | Train                 | Development           | Minutes
      | Loss     | Error Rate | Loss     | Error Rate |
---------------------------------------------------------------
    1 |   1.4720 |     46.903 |   1.3414 |     47.009 |     0.1
    2 |   1.2575 |     44.434 |   1.2376 |     44.597 |     0.3
    3 |   1.1997 |     43.152 |   1.2036 |     43.132 |     0.4
    4 |   1.1662 |     41.991 |   1.1642 |     41.758 |     0.5
    5 |   1.1357 |     41.255 |   1.1423 |     41.117 |     0.7
    6 |   1.1184 |     41.015 |   1.1351 |     40.629 |     0.8
    7 |   1.0988 |     39.881 |   1.1223 |     41.270 |     0.9
    8 |   1.0836 |     39.701 |   1.0991 |     40.079 |     1.1
    9 |   1.0807 |     39.636 |   1.1025 |     41.697 |     1.2
   10 |   1.0643 |     39.385 |   1.0852 |     39.621 |     1.3
   11 |   1.0568 |     39.260 |   1.0841 |     39.896 |     1.4
   12 |   1.0436 |     38.971 |   1.0743 |     39.316 |     1.6
   13 |   1.0372 |     38.491 |   1.0758 |     40.598 |     1.7
   14 |   1.0339 |     38.425 |   1.0553 |     38.492 |     1.8
   15 |   1.0224 |     38.420 |   1.0552 |     39.042 |     2.0
   16 |   1.0159 |     38.049 |   1.0593 |     39.621 |     2.1
   17 |   1.0198 |     38.104 |   1.0689 |     40.293 |     2.2
   18 |   1.0194 |     37.973 |   1.0725 |     39.530 |     2.4
   19 |   1.0127 |     37.869 |   1.0618 |     38.675 |     2.5
   20 |   1.0046 |     37.679 |   1.0480 |     38.614 |     2.6
   21 |   0.9943 |     37.384 |   1.0470 |     38.675 |     2.8
   22 |   0.9916 |     37.057 |   1.0558 |     38.706 |     2.9
   23 |   0.9981 |     37.520 |   1.0415 |     39.530 |     3.0
   24 |   0.9858 |     37.073 |   1.0548 |     38.858 |     3.2
   25 |   0.9917 |     37.024 |   1.0475 |     38.217 |     3.3
   26 |   0.9782 |     36.599 |   1.0410 |     38.492 |     3.4
   27 |   0.9811 |     36.724 |   1.0337 |     38.339 |     3.6
   28 |   0.9656 |     36.119 |   1.0332 |     37.698 |     3.7
   29 |   0.9686 |     35.858 |   1.0224 |     37.057 |     3.8
   30 |   0.9567 |     35.918 |   1.0107 |     37.332 |     4.0
   31 |   0.9535 |     35.465 |   1.0217 |     37.607 |     4.1
   32 |   0.9634 |     35.847 |   1.0607 |     38.950 |     4.2
   33 |   0.9793 |     36.724 |   1.0244 |     37.515 |     4.3
   34 |   0.9475 |     35.585 |   1.0257 |     37.821 |     4.5
Early stopping

Model: Seq2Seq Transformer
Source index: <Seq2Seq Index with 43 items>
Target index: <Seq2Seq Index with 34 items>
Max sequence length: 800
Embedding dimension: 64
Feedforward dimension: 128
Encoder layers: 4
Decoder layers: 4
Attention heads: 4
Activation: relu
Dropout: 0.2
Trainable parameters: 393,442

Training started
X_train.shape: torch.Size([3057, 702])
Y_train.shape: torch.Size([3057, 7])
X_dev.shape: torch.Size([546, 337])
Y_dev.shape: torch.Size([546, 7])
Epochs: 500
Learning rate: 0.0001
Weight decay: 1e-05
Epoch | Train                 | Development           | Minutes
      | Loss     | Error Rate | Loss     | Error Rate |
---------------------------------------------------------------
    1 |   2.8410 |     71.541 |   2.1550 |     50.763 |     0.2
    2 |   2.0360 |     49.319 |   1.6578 |     46.856 |     0.3
    3 |   1.6983 |     46.336 |   1.5526 |     46.215 |     0.5
    4 |   1.5863 |     46.314 |   1.4996 |     46.276 |     0.6
    5 |   1.5242 |     46.102 |   1.4664 |     46.337 |     0.8
    6 |   1.4837 |     46.053 |   1.4393 |     46.276 |     1.0
    7 |   1.4557 |     46.042 |   1.4196 |     46.245 |     1.1
    8 |   1.4289 |     45.955 |   1.4073 |     45.452 |     1.3
    9 |   1.4121 |     45.835 |   1.3876 |     45.299 |     1.5
   10 |   1.3945 |     45.497 |   1.3689 |     45.208 |     1.6
   11 |   1.3795 |     45.219 |   1.3548 |     45.452 |     1.8
   12 |   1.3666 |     45.093 |   1.3403 |     45.269 |     2.0
   13 |   1.3484 |     44.543 |   1.3174 |     44.078 |     2.1
   14 |   1.3335 |     44.079 |   1.3106 |     44.597 |     2.3
   15 |   1.3180 |     43.681 |   1.2952 |     42.857 |     2.4
   16 |   1.3102 |     43.687 |   1.2885 |     44.231 |     2.6
   17 |   1.2956 |     42.972 |   1.2849 |     44.078 |     2.8
   18 |   1.2895 |     42.869 |   1.2600 |     42.918 |     2.9
   19 |   1.2781 |     42.613 |   1.2526 |     42.155 |     3.1
   20 |   1.2676 |     42.482 |   1.2538 |     42.216 |     3.3
   21 |   1.2536 |     42.155 |   1.2399 |     42.002 |     3.4
   22 |   1.2446 |     41.729 |   1.2359 |     42.002 |     3.6
   23 |   1.2361 |     41.571 |   1.2318 |     42.247 |     3.7
   24 |   1.2298 |     41.631 |   1.2166 |     41.972 |     3.9
   25 |   1.2191 |     41.375 |   1.2103 |     41.331 |     4.1
   26 |   1.2166 |     41.173 |   1.2127 |     41.178 |     4.2
   27 |   1.2074 |     40.732 |   1.1946 |     41.148 |     4.4
   28 |   1.2006 |     40.579 |   1.1960 |     41.758 |     4.6
   29 |   1.1902 |     40.366 |   1.1945 |     41.728 |     4.7
   30 |   1.1831 |     40.028 |   1.1941 |     41.300 |     4.9
   31 |   1.1766 |     40.067 |   1.1810 |     41.056 |     5.0
   32 |   1.1733 |     39.734 |   1.1851 |     41.026 |     5.2
   33 |   1.1622 |     39.843 |   1.1694 |     40.110 |     5.4
   34 |   1.1542 |     39.418 |   1.1719 |     40.568 |     5.5
   35 |   1.1513 |     38.845 |   1.1741 |     40.476 |     5.7
   36 |   1.1481 |     39.014 |   1.1503 |     39.286 |     5.8
   37 |   1.1393 |     38.725 |   1.1533 |     39.347 |     6.0
   38 |   1.1349 |     38.813 |   1.1558 |     39.194 |     6.2
   39 |   1.1319 |     38.556 |   1.1484 |     39.011 |     6.3
   40 |   1.1219 |     38.077 |   1.1426 |     39.499 |     6.5
   41 |   1.1179 |     37.946 |   1.1320 |     37.973 |     6.7
   42 |   1.1082 |     37.608 |   1.1297 |     38.248 |     6.8
   43 |   1.1044 |     37.270 |   1.1325 |     38.553 |     7.0
   44 |   1.1000 |     37.608 |   1.1338 |     37.851 |     7.1
   45 |   1.0969 |     37.488 |   1.1355 |     38.889 |     7.3
   46 |   1.0918 |     37.384 |   1.1187 |     37.607 |     7.5
   47 |   1.0850 |     37.057 |   1.1278 |     37.973 |     7.6
   48 |   1.0791 |     36.365 |   1.1117 |     37.332 |     7.8
   49 |   1.0745 |     36.463 |   1.1124 |     36.813 |     8.0
   50 |   1.0736 |     36.594 |   1.1215 |     37.790 |     8.1
   51 |   1.0699 |     36.185 |   1.1049 |     37.149 |     8.3
   52 |   1.0657 |     36.359 |   1.1088 |     37.149 |     8.4
   53 |   1.0539 |     35.863 |   1.1038 |     37.118 |     8.6
   54 |   1.0527 |     35.836 |   1.1224 |     37.485 |     8.8
   55 |   1.0497 |     35.814 |   1.1181 |     37.302 |     8.9
   56 |   1.0421 |     35.623 |   1.1041 |     36.752 |     9.1
   57 |   1.0348 |     35.405 |   1.0924 |     37.088 |     9.3
   58 |   1.0366 |     35.405 |   1.0907 |     36.447 |     9.4
   59 |   1.0287 |     34.849 |   1.0914 |     36.844 |     9.6
   60 |   1.0203 |     34.740 |   1.0949 |     36.996 |     9.7
   61 |   1.0180 |     34.647 |   1.0902 |     36.233 |     9.9
   62 |   1.0172 |     34.647 |   1.1119 |     36.691 |    10.1
   63 |   1.0117 |     34.636 |   1.0954 |     36.111 |    10.2
   64 |   1.0094 |     34.418 |   1.0929 |     36.264 |    10.4
   65 |   0.9973 |     33.895 |   1.0965 |     35.989 |    10.6
   66 |   1.0005 |     34.151 |   1.0868 |     35.440 |    10.7
   67 |   0.9918 |     33.966 |   1.0933 |     35.714 |    10.9
   68 |   0.9913 |     33.862 |   1.0979 |     35.501 |    11.0
   69 |   0.9852 |     33.606 |   1.0994 |     35.348 |    11.2
   70 |   0.9781 |     33.524 |   1.0941 |     35.775 |    11.4
Early stopping

Model: Seq2Seq Transformer
Source index: <Seq2Seq Index with 43 items>
Target index: <Seq2Seq Index with 34 items>
Max sequence length: 800
Embedding dimension: 128
Feedforward dimension: 128
Encoder layers: 4
Decoder layers: 4
Attention heads: 4
Activation: relu
Dropout: 0.0
Trainable parameters: 1,179,042

Training started
X_train.shape: torch.Size([3057, 702])
Y_train.shape: torch.Size([3057, 7])
X_dev.shape: torch.Size([546, 337])
Y_dev.shape: torch.Size([546, 7])
Epochs: 500
Learning rate: 0.001
Weight decay: 0.0001
Epoch | Train                 | Development           | Minutes
      | Loss     | Error Rate | Loss     | Error Rate |
---------------------------------------------------------------
    1 |   1.5775 |     48.790 |   1.3153 |     45.726 |     0.2
    2 |   1.2680 |     44.428 |   1.2784 |     44.750 |     0.3
    3 |   1.2127 |     43.381 |   1.1831 |     43.376 |     0.5
    4 |   1.1675 |     42.400 |   1.1712 |     42.552 |     0.7
    5 |   1.1472 |     42.067 |   1.1369 |     41.484 |     0.9
    6 |   1.1196 |     41.168 |   1.1185 |     40.934 |     1.1
    7 |   1.1070 |     40.748 |   1.1142 |     41.453 |     1.2
    8 |   1.0857 |     39.892 |   1.0903 |     39.957 |     1.4
    9 |   1.0751 |     40.083 |   1.0826 |     39.896 |     1.6
   10 |   1.0599 |     39.309 |   1.0863 |     39.591 |     1.8
   11 |   1.0476 |     38.823 |   1.0986 |     39.927 |     1.9
   12 |   1.0376 |     38.387 |   1.0704 |     38.400 |     2.1
   13 |   1.0328 |     38.616 |   1.0642 |     38.797 |     2.3
   14 |   1.0213 |     38.033 |   1.0699 |     38.950 |     2.5
   15 |   1.0191 |     37.809 |   1.0835 |     38.675 |     2.6
   16 |   1.0091 |     37.553 |   1.0850 |     39.499 |     2.8
   17 |   1.0088 |     37.575 |   1.0642 |     38.431 |     3.0
   18 |   1.0002 |     37.330 |   1.0460 |     38.095 |     3.2
   19 |   0.9846 |     36.615 |   1.0338 |     37.576 |     3.4
   20 |   0.9719 |     35.759 |   1.0393 |     36.844 |     3.5
   21 |   0.9655 |     35.721 |   1.0235 |     37.118 |     3.7
   22 |   0.9524 |     35.089 |   1.0423 |     37.668 |     3.9
   23 |   0.9391 |     34.429 |   1.0519 |     37.546 |     4.1
   24 |   0.9350 |     34.097 |   1.0474 |     36.294 |     4.2
   25 |   0.9170 |     33.235 |   1.0029 |     35.073 |     4.4
   26 |   0.9075 |     32.990 |   1.0057 |     35.775 |     4.6
   27 |   0.8984 |     32.543 |   1.0004 |     35.379 |     4.8
   28 |   0.8861 |     32.172 |   0.9913 |     34.676 |     4.9
   29 |   0.8768 |     31.752 |   0.9984 |     34.615 |     5.1
   30 |   0.8706 |     31.556 |   0.9959 |     34.371 |     5.3
   31 |   0.8564 |     31.049 |   1.0004 |     35.165 |     5.5
   32 |   0.8475 |     30.433 |   1.0063 |     34.554 |     5.7
   33 |   0.8411 |     30.498 |   0.9782 |     33.761 |     5.8
   34 |   0.8325 |     29.948 |   1.0368 |     36.447 |     6.0
   35 |   0.8200 |     29.877 |   0.9708 |     34.219 |     6.2
   36 |   0.8119 |     29.462 |   1.0228 |     35.379 |     6.4
   37 |   0.8051 |     28.988 |   0.9853 |     34.066 |     6.5
   38 |   0.7882 |     28.596 |   0.9899 |     34.585 |     6.7
   39 |   0.7763 |     27.794 |   0.9766 |     33.791 |     6.9
   40 |   0.7632 |     27.396 |   0.9643 |     33.883 |     7.1
   41 |   0.7674 |     27.674 |   0.9706 |     32.845 |     7.2
   42 |   0.7461 |     26.998 |   0.9636 |     32.967 |     7.4
   43 |   0.7404 |     26.491 |   0.9863 |     33.547 |     7.6
   44 |   0.7246 |     26.197 |   1.0124 |     34.615 |     7.8
   45 |   0.7175 |     25.984 |   0.9869 |     32.814 |     7.9
   46 |   0.7038 |     25.308 |   0.9945 |     32.784 |     8.1
Early stopping

Model: Seq2Seq Transformer
Source index: <Seq2Seq Index with 43 items>
Target index: <Seq2Seq Index with 34 items>
Max sequence length: 800
Embedding dimension: 64
Feedforward dimension: 64
Encoder layers: 2
Decoder layers: 2
Attention heads: 2
Activation: relu
Dropout: 0.0
Trainable parameters: 192,994

Training started
X_train.shape: torch.Size([3057, 702])
Y_train.shape: torch.Size([3057, 7])
X_dev.shape: torch.Size([546, 337])
Y_dev.shape: torch.Size([546, 7])
Epochs: 500
Learning rate: 0.001
Weight decay: 0.0001
Epoch | Train                 | Development           | Minutes
      | Loss     | Error Rate | Loss     | Error Rate |
---------------------------------------------------------------
    1 |   1.6771 |     48.103 |   1.3827 |     45.116 |     0.1
    2 |   1.2927 |     43.441 |   1.2777 |     44.109 |     0.1
    3 |   1.2044 |     40.884 |   1.1970 |     40.568 |     0.2
    4 |   1.1414 |     39.467 |   1.1640 |     39.683 |     0.2
    5 |   1.1015 |     38.126 |   1.1221 |     38.736 |     0.3
    6 |   1.0507 |     36.479 |   1.1002 |     37.179 |     0.3
    7 |   1.0129 |     35.083 |   1.0830 |     35.928 |     0.4
    8 |   0.9789 |     33.775 |   1.0622 |     35.775 |     0.4
    9 |   0.9425 |     32.570 |   1.0341 |     35.165 |     0.5
   10 |   0.9088 |     31.360 |   1.0244 |     35.073 |     0.5
   11 |   0.8773 |     30.378 |   1.0301 |     34.860 |     0.6
   12 |   0.8525 |     29.735 |   1.0028 |     33.425 |     0.7
   13 |   0.8223 |     28.650 |   1.0095 |     32.662 |     0.7
   14 |   0.7949 |     27.712 |   1.0110 |     32.753 |     0.8
   15 |   0.7583 |     26.442 |   0.9913 |     32.753 |     0.8
   16 |   0.7443 |     25.821 |   1.0005 |     31.777 |     0.9
   17 |   0.7072 |     24.414 |   0.9865 |     31.227 |     0.9
   18 |   0.6920 |     23.972 |   0.9998 |     33.059 |     1.0
   19 |   0.6575 |     22.838 |   0.9754 |     31.502 |     1.0
   20 |   0.6356 |     22.124 |   1.0053 |     31.563 |     1.1
   21 |   0.6080 |     20.968 |   1.0374 |     31.960 |     1.2
   22 |   0.5918 |     20.450 |   1.0324 |     31.624 |     1.2
   23 |   0.5779 |     20.488 |   1.0585 |     31.441 |     1.3
Early stopping

Model: Seq2Seq Transformer
Source index: <Seq2Seq Index with 43 items>
Target index: <Seq2Seq Index with 34 items>
Max sequence length: 800
Embedding dimension: 128
Feedforward dimension: 64
Encoder layers: 4
Decoder layers: 4
Attention heads: 2
Activation: relu
Dropout: 0.1
Trainable parameters: 1,047,458

Training started
X_train.shape: torch.Size([3057, 702])
Y_train.shape: torch.Size([3057, 7])
X_dev.shape: torch.Size([546, 337])
Y_dev.shape: torch.Size([546, 7])
Epochs: 500
Learning rate: 0.001
Weight decay: 0.0001
Epoch | Train                 | Development           | Minutes
      | Loss     | Error Rate | Loss     | Error Rate |
---------------------------------------------------------------
    1 |   1.6507 |     49.509 |   1.3735 |     47.070 |     0.1
    2 |   1.3395 |     45.671 |   1.2903 |     44.902 |     0.3
    3 |   1.2816 |     44.799 |   1.2456 |     43.315 |     0.4
    4 |   1.2465 |     43.812 |   1.2290 |     44.078 |     0.6
    5 |   1.2191 |     42.923 |   1.2099 |     42.979 |     0.7
    6 |   1.2060 |     42.727 |   1.1766 |     42.521 |     0.9
    7 |   1.1939 |     42.384 |   1.1714 |     42.308 |     1.0
    8 |   1.1673 |     41.893 |   1.1442 |     40.842 |     1.2
    9 |   1.1490 |     41.032 |   1.1322 |     40.537 |     1.3
   10 |   1.1334 |     40.312 |   1.1148 |     40.476 |     1.5
   11 |   1.1242 |     40.268 |   1.1078 |     40.263 |     1.6
   12 |   1.1096 |     39.805 |   1.1209 |     40.812 |     1.8
   13 |   1.1012 |     39.423 |   1.0994 |     38.980 |     1.9
   14 |   1.0877 |     39.178 |   1.1008 |     40.476 |     2.1
   15 |   1.0758 |     39.102 |   1.0884 |     39.713 |     2.2
   16 |   1.0639 |     38.349 |   1.0888 |     39.805 |     2.4
   17 |   1.0604 |     38.714 |   1.0858 |     40.598 |     2.5
   18 |   1.0401 |     37.673 |   1.0611 |     39.255 |     2.7
   19 |   1.0303 |     36.948 |   1.0783 |     38.523 |     2.8
   20 |   1.0157 |     36.664 |   1.0528 |     37.698 |     3.0
   21 |   1.0078 |     36.016 |   1.0315 |     37.790 |     3.1
   22 |   0.9988 |     35.918 |   1.0207 |     36.630 |     3.3
   23 |   0.9823 |     35.438 |   1.0341 |     37.332 |     3.4
   24 |   0.9734 |     35.231 |   1.0249 |     36.844 |     3.6
   25 |   0.9635 |     34.625 |   1.0116 |     36.874 |     3.7
   26 |   0.9615 |     34.293 |   1.0688 |     38.065 |     3.9
   27 |   0.9515 |     33.944 |   1.0209 |     36.752 |     4.0
   28 |   0.9454 |     34.124 |   1.0274 |     37.241 |     4.2
   29 |   0.9312 |     33.393 |   0.9993 |     35.256 |     4.3
   30 |   0.9264 |     33.143 |   1.0065 |     36.416 |     4.4
   31 |   0.9197 |     32.968 |   0.9890 |     35.317 |     4.6
   32 |   0.9087 |     32.461 |   1.0035 |     36.416 |     4.7
   33 |   0.9019 |     32.510 |   1.0045 |     35.623 |     4.9
   34 |   0.8998 |     32.003 |   1.0035 |     35.806 |     5.0
   35 |   0.8961 |     32.276 |   1.0299 |     35.348 |     5.2
Early stopping

Model: Seq2Seq Transformer
Source index: <Seq2Seq Index with 43 items>
Target index: <Seq2Seq Index with 34 items>
Max sequence length: 800
Embedding dimension: 64
Feedforward dimension: 128
Encoder layers: 2
Decoder layers: 4
Attention heads: 4
Activation: relu
Dropout: 0.0
Trainable parameters: 326,498

Training started
X_train.shape: torch.Size([3057, 702])
Y_train.shape: torch.Size([3057, 7])
X_dev.shape: torch.Size([546, 337])
Y_dev.shape: torch.Size([546, 7])
Epochs: 500
Learning rate: 0.0001
Weight decay: 0.0001
Epoch | Train                 | Development           | Minutes
      | Loss     | Error Rate | Loss     | Error Rate |
---------------------------------------------------------------
    1 |   2.4381 |     59.535 |   1.8381 |     46.978 |     0.1
    2 |   1.6657 |     45.791 |   1.6067 |     46.062 |     0.2
    3 |   1.5169 |     44.946 |   1.5037 |     44.597 |     0.3
    4 |   1.4365 |     44.030 |   1.4426 |     44.811 |     0.4
    5 |   1.3809 |     43.321 |   1.3906 |     44.597 |     0.5
    6 |   1.3353 |     42.683 |   1.3628 |     43.620 |     0.6
    7 |   1.3023 |     42.171 |   1.3223 |     43.040 |     0.7
    8 |   1.2673 |     41.419 |   1.3145 |     43.315 |     0.7
    9 |   1.2397 |     40.917 |   1.2894 |     43.132 |     0.8
   10 |   1.2182 |     40.214 |   1.2610 |     42.277 |     0.9
   11 |   1.1894 |     39.679 |   1.2416 |     40.385 |     1.0
   12 |   1.1707 |     38.905 |   1.2124 |     40.293 |     1.1
   13 |   1.1476 |     38.289 |   1.2143 |     41.056 |     1.2
   14 |   1.1288 |     37.586 |   1.1946 |     39.530 |     1.3
   15 |   1.1081 |     36.861 |   1.1993 |     40.842 |     1.4
   16 |   1.0981 |     36.893 |   1.1821 |     39.957 |     1.5
   17 |   1.0833 |     36.474 |   1.1686 |     39.774 |     1.6
   18 |   1.0624 |     35.476 |   1.1580 |     39.683 |     1.7
   19 |   1.0484 |     35.340 |   1.1620 |     39.286 |     1.8
   20 |   1.0312 |     34.533 |   1.1355 |     37.851 |     1.9
   21 |   1.0220 |     34.211 |   1.1406 |     38.492 |     2.0
   22 |   1.0053 |     33.704 |   1.1252 |     38.309 |     2.0
   23 |   0.9925 |     33.252 |   1.1058 |     37.759 |     2.1
   24 |   0.9794 |     33.006 |   1.1206 |     37.607 |     2.2
   25 |   0.9681 |     32.635 |   1.1180 |     37.943 |     2.3
   26 |   0.9562 |     32.003 |   1.1160 |     37.729 |     2.4
   27 |   0.9396 |     31.420 |   1.1131 |     36.569 |     2.5
Early stopping

Model: Seq2Seq Transformer
Source index: <Seq2Seq Index with 43 items>
Target index: <Seq2Seq Index with 34 items>
Max sequence length: 800
Embedding dimension: 64
Feedforward dimension: 64
Encoder layers: 4
Decoder layers: 4
Attention heads: 2
Activation: relu
Dropout: 0.1
Trainable parameters: 327,394

Training started
X_train.shape: torch.Size([3057, 702])
Y_train.shape: torch.Size([3057, 7])
X_dev.shape: torch.Size([546, 337])
Y_dev.shape: torch.Size([546, 7])
Epochs: 500
Learning rate: 0.0001
Weight decay: 0.0001
Epoch | Train                 | Development           | Minutes
      | Loss     | Error Rate | Loss     | Error Rate |
---------------------------------------------------------------
    1 |   2.7503 |     66.639 |   2.0564 |     49.573 |     0.1
    2 |   1.9167 |     47.934 |   1.6543 |     46.856 |     0.2
    3 |   1.6436 |     46.434 |   1.5416 |     46.581 |     0.3
    4 |   1.5443 |     46.015 |   1.4861 |     45.726 |     0.4
    5 |   1.4871 |     45.704 |   1.4476 |     46.093 |     0.6
    6 |   1.4462 |     45.758 |   1.4197 |     45.604 |     0.7
    7 |   1.4177 |     45.758 |   1.3928 |     46.032 |     0.8
    8 |   1.3893 |     45.453 |   1.3749 |     45.726 |     0.9
    9 |   1.3682 |     45.170 |   1.3556 |     45.452 |     1.0
   10 |   1.3491 |     44.286 |   1.3399 |     44.536 |     1.1
   11 |   1.3342 |     44.199 |   1.3278 |     44.811 |     1.2
   12 |   1.3207 |     43.932 |   1.3157 |     44.383 |     1.3
   13 |   1.3057 |     43.594 |   1.3054 |     44.139 |     1.4
   14 |   1.2928 |     43.049 |   1.3022 |     44.200 |     1.6
   15 |   1.2789 |     42.558 |   1.2807 |     43.346 |     1.7
   16 |   1.2696 |     42.531 |   1.2704 |     43.193 |     1.8
   17 |   1.2611 |     42.089 |   1.2677 |     42.888 |     1.9
   18 |   1.2498 |     41.915 |   1.2515 |     42.827 |     2.0
   19 |   1.2369 |     41.533 |   1.2416 |     42.125 |     2.1
   20 |   1.2222 |     41.195 |   1.2489 |     42.277 |     2.2
   21 |   1.2203 |     41.282 |   1.2259 |     41.758 |     2.3
   22 |   1.2066 |     40.928 |   1.2174 |     41.392 |     2.4
   23 |   1.1963 |     40.634 |   1.2250 |     41.728 |     2.6
   24 |   1.1863 |     40.426 |   1.2128 |     41.056 |     2.7
   25 |   1.1768 |     39.968 |   1.1975 |     41.331 |     2.8
   26 |   1.1657 |     39.679 |   1.1965 |     41.087 |     2.9
   27 |   1.1618 |     39.696 |   1.1949 |     40.904 |     3.0
   28 |   1.1534 |     39.609 |   1.1953 |     40.476 |     3.1
   29 |   1.1458 |     39.036 |   1.1789 |     40.018 |     3.2
   30 |   1.1433 |     38.862 |   1.1693 |     39.713 |     3.3
   31 |   1.1325 |     38.753 |   1.1838 |     39.927 |     3.4
   32 |   1.1280 |     38.649 |   1.1718 |     39.805 |     3.6
   33 |   1.1208 |     38.327 |   1.1878 |     40.507 |     3.7
   34 |   1.1130 |     38.115 |   1.1657 |     39.469 |     3.8
   35 |   1.1085 |     37.891 |   1.1698 |     39.652 |     3.9
   36 |   1.1009 |     37.482 |   1.1684 |     39.408 |     4.0
   37 |   1.0946 |     37.406 |   1.1487 |     39.194 |     4.1
   38 |   1.0913 |     37.417 |   1.1559 |     39.286 |     4.2
   39 |   1.0841 |     37.150 |   1.1498 |     39.255 |     4.3
   40 |   1.0761 |     36.714 |   1.1515 |     38.492 |     4.4
   41 |   1.0728 |     36.621 |   1.1518 |     38.492 |     4.6
   42 |   1.0655 |     36.588 |   1.1465 |     38.278 |     4.7
   43 |   1.0588 |     36.065 |   1.1298 |     38.126 |     4.8
   44 |   1.0549 |     36.119 |   1.1352 |     37.821 |     4.9
   45 |   1.0494 |     36.027 |   1.1238 |     37.698 |     5.0
   46 |   1.0439 |     35.694 |   1.1342 |     38.126 |     5.1
   47 |   1.0430 |     35.809 |   1.1307 |     38.675 |     5.2
   48 |   1.0306 |     35.111 |   1.1068 |     36.935 |     5.3
   49 |   1.0260 |     35.067 |   1.1236 |     37.973 |     5.4
   50 |   1.0213 |     35.105 |   1.1446 |     39.011 |     5.6
   51 |   1.0175 |     34.784 |   1.1075 |     37.363 |     5.7
   52 |   1.0142 |     34.544 |   1.1282 |     38.217 |     5.8
Early stopping

Model: Seq2Seq Transformer
Source index: <Seq2Seq Index with 43 items>
Target index: <Seq2Seq Index with 34 items>
Max sequence length: 800
Embedding dimension: 128
Feedforward dimension: 128
Encoder layers: 2
Decoder layers: 2
Attention heads: 4
Activation: relu
Dropout: 0.1
Trainable parameters: 648,098

Training started
X_train.shape: torch.Size([3057, 702])
Y_train.shape: torch.Size([3057, 7])
X_dev.shape: torch.Size([546, 337])
Y_dev.shape: torch.Size([546, 7])
Epochs: 500
Learning rate: 0.001
Weight decay: 0.0001
Epoch | Train                 | Development           | Minutes
      | Loss     | Error Rate | Loss     | Error Rate |
---------------------------------------------------------------
    1 |   1.5254 |     47.187 |   1.3164 |     45.024 |     0.1
    2 |   1.2586 |     43.381 |   1.2185 |     42.430 |     0.2
    3 |   1.1928 |     41.566 |   1.1753 |     41.422 |     0.3
    4 |   1.1342 |     39.538 |   1.1516 |     40.598 |     0.4
    5 |   1.1003 |     38.475 |   1.1149 |     39.377 |     0.5
