Model: Seq2Seq Transformer
Source index: <Seq2Seq Index with 44 items>
Target index: <Seq2Seq Index with 34 items>
Max sequence length: 800
Embedding dimension: 64
Feedforward dimension: 256
Encoder layers: 4
Decoder layers: 2
Attention heads: 2
Activation: relu
Dropout: 0.2
Trainable parameters: 392,098

Training started
X_train.shape: torch.Size([3064, 649])
Y_train.shape: torch.Size([3064, 7])
X_dev.shape: torch.Size([541, 702])
Y_dev.shape: torch.Size([541, 7])
Epochs: 500
Learning rate: 0.001
Weight decay: 0.0001
Epoch | Train                 | Development           | Minutes
      | Loss     | Error Rate | Loss     | Error Rate |
---------------------------------------------------------------
    1 |   1.7398 |     49.347 |   1.3549 |     45.933 |     0.1
    2 |   1.3610 |     45.648 |   1.2809 |     43.530 |     0.2
    3 |   1.3043 |     45.170 |   1.2564 |     43.346 |     0.3
    4 |   1.2717 |     44.381 |   1.2126 |     43.068 |     0.4
    5 |   1.2510 |     44.446 |   1.1997 |     42.237 |     0.5
    6 |   1.2282 |     43.750 |   1.1888 |     42.668 |     0.6
    7 |   1.2157 |     43.696 |   1.1732 |     41.836 |     0.7
    8 |   1.2037 |     43.347 |   1.1558 |     41.220 |     0.8
    9 |   1.1957 |     43.364 |   1.1595 |     41.713 |     0.9
   10 |   1.1879 |     43.228 |   1.1436 |     40.819 |     1.0
   11 |   1.1852 |     43.141 |   1.1378 |     40.974 |     1.1
   12 |   1.1746 |     42.738 |   1.1353 |     41.282 |     1.2
   13 |   1.1685 |     42.804 |   1.1438 |     41.189 |     1.3
   14 |   1.1683 |     42.793 |   1.1345 |     41.066 |     1.4
   15 |   1.1547 |     42.134 |   1.1261 |     40.943 |     1.5
   16 |   1.1582 |     42.515 |   1.1224 |     40.635 |     1.6
   17 |   1.1489 |     41.895 |   1.1232 |     40.881 |     1.7
   18 |   1.1470 |     42.183 |   1.1227 |     41.528 |     1.8
   19 |   1.1417 |     42.390 |   1.1184 |     40.881 |     1.9
   20 |   1.1402 |     42.107 |   1.1121 |     40.573 |     2.0
   21 |   1.1370 |     42.020 |   1.1097 |     40.696 |     2.1
   22 |   1.1323 |     41.525 |   1.1068 |     40.481 |     2.2
   23 |   1.1290 |     41.536 |   1.1126 |     40.111 |     2.3
   24 |   1.1294 |     41.656 |   1.1107 |     41.220 |     2.4
   25 |   1.1261 |     41.427 |   1.1096 |     40.850 |     2.5
   26 |   1.1296 |     41.634 |   1.1095 |     40.604 |     2.7
   27 |   1.1229 |     41.808 |   1.0989 |     40.265 |     2.8
   28 |   1.1225 |     41.427 |   1.1003 |     40.943 |     2.9
   29 |   1.1133 |     40.807 |   1.0925 |     38.848 |     3.0
   30 |   1.1059 |     40.524 |   1.0822 |     38.879 |     3.1
   31 |   1.0986 |     40.492 |   1.0756 |     38.601 |     3.2
   32 |   1.0907 |     39.611 |   1.0738 |     38.571 |     3.3
   33 |   1.0894 |     40.062 |   1.0737 |     39.279 |     3.4
   34 |   1.0829 |     39.393 |   1.0605 |     37.461 |     3.5
   35 |   1.0769 |     39.431 |   1.0598 |     37.924 |     3.6
   36 |   1.0722 |     39.208 |   1.0620 |     37.431 |     3.7
   37 |   1.0693 |     38.947 |   1.0603 |     37.554 |     3.8
   38 |   1.0647 |     38.963 |   1.0573 |     38.786 |     3.9
   39 |   1.0638 |     38.898 |   1.0577 |     38.078 |     4.0
   40 |   1.0583 |     38.827 |   1.0514 |     38.324 |     4.1
   41 |   1.0582 |     38.773 |   1.0579 |     38.293 |     4.2
   42 |   1.0491 |     38.534 |   1.0541 |     38.540 |     4.3
   43 |   1.0510 |     38.702 |   1.0499 |     37.954 |     4.4
   44 |   1.0454 |     38.289 |   1.0467 |     37.770 |     4.5
   45 |   1.0425 |     38.109 |   1.0480 |     37.770 |     4.6
   46 |   1.0428 |     38.158 |   1.0551 |     37.893 |     4.7
   47 |   1.0372 |     37.979 |   1.0463 |     38.262 |     4.8
   48 |   1.0340 |     37.924 |   1.0494 |     38.571 |     4.9
   49 |   1.0386 |     38.316 |   1.0481 |     37.985 |     5.0
   50 |   1.0336 |     37.903 |   1.0604 |     38.139 |     5.1
   51 |   1.0317 |     37.815 |   1.0499 |     37.770 |     5.2
Early stopping

Model: Seq2Seq Transformer
Source index: <Seq2Seq Index with 44 items>
Target index: <Seq2Seq Index with 34 items>
Max sequence length: 800
Embedding dimension: 64
Feedforward dimension: 128
Encoder layers: 4
Decoder layers: 3
Attention heads: 4
Activation: relu
Dropout: 0.0
Trainable parameters: 343,266

Training started
X_train.shape: torch.Size([3064, 649])
Y_train.shape: torch.Size([3064, 7])
X_dev.shape: torch.Size([541, 702])
Y_dev.shape: torch.Size([541, 7])
Epochs: 500
Learning rate: 0.001
Weight decay: 1e-05
Epoch | Train                 | Development           | Minutes
      | Loss     | Error Rate | Loss     | Error Rate |
---------------------------------------------------------------
    1 |   1.6239 |     47.683 |   1.3394 |     44.978 |     0.1
    2 |   1.2981 |     44.403 |   1.2792 |     43.685 |     0.3
    3 |   1.2283 |     42.575 |   1.2107 |     41.405 |     0.4
    4 |   1.1745 |     41.248 |   1.1730 |     40.450 |     0.6
    5 |   1.1283 |     39.355 |   1.1285 |     39.741 |     0.7
    6 |   1.0865 |     38.506 |   1.1115 |     39.710 |     0.8
    7 |   1.0484 |     36.717 |   1.0878 |     39.063 |     1.0
    8 |   1.0155 |     36.151 |   1.0602 |     36.044 |     1.1
    9 |   0.9879 |     34.856 |   1.0640 |     38.262 |     1.3
   10 |   0.9607 |     33.774 |   1.0615 |     35.521 |     1.4
   11 |   0.9284 |     32.643 |   1.0278 |     36.260 |     1.6
   12 |   0.9090 |     32.033 |   1.0333 |     35.274 |     1.7
   13 |   0.8854 |     31.196 |   1.0466 |     36.168 |     1.8
   14 |   0.8591 |     30.450 |   1.0268 |     35.736 |     2.0
   15 |   0.8286 |     29.129 |   1.0218 |     34.966 |     2.1
   16 |   0.8087 |     28.704 |   1.0354 |     34.781 |     2.3
   17 |   0.7907 |     27.567 |   1.0341 |     35.151 |     2.4
   18 |   0.7601 |     26.811 |   1.0414 |     35.613 |     2.5
   19 |   0.7365 |     26.023 |   1.0788 |     35.243 |     2.7
Early stopping

Model: Seq2Seq Transformer
Source index: <Seq2Seq Index with 44 items>
Target index: <Seq2Seq Index with 34 items>
Max sequence length: 800
Embedding dimension: 64
Feedforward dimension: 256
Encoder layers: 2
Decoder layers: 4
Attention heads: 2
Activation: relu
Dropout: 0.2
Trainable parameters: 425,634

Training started
X_train.shape: torch.Size([3064, 649])
Y_train.shape: torch.Size([3064, 7])
X_dev.shape: torch.Size([541, 702])
Y_dev.shape: torch.Size([541, 7])
Epochs: 500
Learning rate: 0.001
Weight decay: 0.0001
Epoch | Train                 | Development           | Minutes
      | Loss     | Error Rate | Loss     | Error Rate |
---------------------------------------------------------------
    1 |   1.8198 |     51.137 |   1.3503 |     43.654 |     0.1
    2 |   1.3709 |     45.420 |   1.2780 |     43.099 |     0.1
    3 |   1.3165 |     44.479 |   1.2487 |     42.976 |     0.2
    4 |   1.2733 |     43.554 |   1.2316 |     42.606 |     0.3
    5 |   1.2475 |     43.010 |   1.1798 |     41.836 |     0.4
    6 |   1.2147 |     41.743 |   1.1757 |     42.329 |     0.5
    7 |   1.1921 |     41.068 |   1.1531 |     41.220 |     0.5
    8 |   1.1655 |     40.127 |   1.1354 |     39.310 |     0.6
    9 |   1.1341 |     39.023 |   1.1140 |     38.879 |     0.7
   10 |   1.1105 |     38.300 |   1.1005 |     38.386 |     0.8
   11 |   1.0884 |     37.701 |   1.0793 |     37.215 |     0.8
   12 |   1.0716 |     37.282 |   1.0742 |     37.369 |     0.9
   13 |   1.0515 |     36.331 |   1.0713 |     36.661 |     1.0
   14 |   1.0275 |     35.520 |   1.0515 |     36.322 |     1.1
   15 |   1.0158 |     35.101 |   1.0337 |     35.644 |     1.1
   16 |   0.9892 |     34.089 |   1.0327 |     35.336 |     1.2
   17 |   0.9727 |     33.616 |   1.0131 |     34.596 |     1.3
   18 |   0.9522 |     32.898 |   1.0481 |     34.935 |     1.4
   19 |   0.9366 |     32.468 |   1.0066 |     34.073 |     1.4
   20 |   0.9197 |     31.783 |   1.0084 |     33.518 |     1.5
   21 |   0.8977 |     31.103 |   0.9904 |     33.949 |     1.6
   22 |   0.8790 |     30.271 |   1.0085 |     32.933 |     1.7
   23 |   0.8646 |     29.972 |   0.9978 |     32.440 |     1.8
   24 |   0.8494 |     29.444 |   0.9837 |     31.362 |     1.8
   25 |   0.8387 |     29.216 |   0.9821 |     31.793 |     1.9
   26 |   0.8176 |     28.585 |   0.9770 |     32.009 |     2.0
   27 |   0.8093 |     28.139 |   1.0041 |     32.317 |     2.1
   28 |   0.7999 |     27.834 |   0.9790 |     32.193 |     2.1
   29 |   0.7766 |     26.888 |   1.0194 |     31.824 |     2.2
   30 |   0.7644 |     26.773 |   1.0024 |     31.577 |     2.3
Early stopping

Model: Seq2Seq Transformer
Source index: <Seq2Seq Index with 44 items>
Target index: <Seq2Seq Index with 34 items>
Max sequence length: 800
Embedding dimension: 128
Feedforward dimension: 128
Encoder layers: 2
Decoder layers: 3
Attention heads: 2
Activation: relu
Dropout: 0.0
Trainable parameters: 814,114

Training started
X_train.shape: torch.Size([3064, 649])
Y_train.shape: torch.Size([3064, 7])
X_dev.shape: torch.Size([541, 702])
Y_dev.shape: torch.Size([541, 7])
Epochs: 500
Learning rate: 0.001
Weight decay: 0.0001
Epoch | Train                 | Development           | Minutes
      | Loss     | Error Rate | Loss     | Error Rate |
---------------------------------------------------------------
    1 |   1.5201 |     47.242 |   1.2624 |     42.822 |     0.1
    2 |   1.2327 |     42.657 |   1.1942 |     41.466 |     0.2
    3 |   1.1513 |     39.997 |   1.1556 |     39.864 |     0.2
    4 |   1.0948 |     38.523 |   1.1291 |     39.464 |     0.3
    5 |   1.0490 |     36.831 |   1.0547 |     35.890 |     0.4
    6 |   1.0126 |     35.411 |   1.0659 |     36.106 |     0.5
    7 |   0.9587 |     33.284 |   1.0369 |     34.904 |     0.6
    8 |   0.9200 |     31.935 |   1.0207 |     35.059 |     0.6
    9 |   0.8840 |     31.076 |   1.0726 |     36.352 |     0.7
   10 |   0.8463 |     29.575 |   1.0399 |     35.243 |     0.8
   11 |   0.8127 |     28.476 |   1.0394 |     34.935 |     0.9
   12 |   0.7803 |     27.459 |   1.0236 |     34.288 |     1.0
Early stopping

Model: Seq2Seq Transformer
Source index: <Seq2Seq Index with 44 items>
Target index: <Seq2Seq Index with 34 items>
Max sequence length: 800
Embedding dimension: 128
Feedforward dimension: 64
Encoder layers: 4
Decoder layers: 4
Attention heads: 2
Activation: relu
Dropout: 0.1
Trainable parameters: 1,047,586

Training started
X_train.shape: torch.Size([3064, 649])
Y_train.shape: torch.Size([3064, 7])
X_dev.shape: torch.Size([541, 702])
Y_dev.shape: torch.Size([541, 7])
Epochs: 500
Learning rate: 0.0001
Weight decay: 1e-05
Epoch | Train                 | Development           | Minutes
      | Loss     | Error Rate | Loss     | Error Rate |
---------------------------------------------------------------
    1 |   2.2974 |     55.983 |   1.5762 |     46.087 |     0.1
    2 |   1.5720 |     46.192 |   1.4150 |     44.455 |     0.3
    3 |   1.4455 |     45.735 |   1.3563 |     44.701 |     0.4
    4 |   1.3918 |     45.132 |   1.3040 |     43.715 |     0.6
    5 |   1.3434 |     44.343 |   1.2647 |     43.284 |     0.7
    6 |   1.3062 |     43.424 |   1.2324 |     40.758 |     0.9
    7 |   1.2791 |     42.439 |   1.2129 |     40.234 |     1.0
    8 |   1.2467 |     41.678 |   1.1914 |     40.018 |     1.2
    9 |   1.2252 |     40.927 |   1.1768 |     39.926 |     1.3
   10 |   1.1969 |     40.318 |   1.1459 |     38.478 |     1.5
   11 |   1.1791 |     40.231 |   1.1424 |     39.125 |     1.6
   12 |   1.1597 |     39.366 |   1.1390 |     38.909 |     1.7
   13 |   1.1395 |     38.996 |   1.1187 |     37.677 |     1.9
   14 |   1.1237 |     38.251 |   1.1130 |     37.523 |     2.0
   15 |   1.1063 |     37.761 |   1.0967 |     37.277 |     2.2
   16 |   1.0859 |     36.842 |   1.0900 |     36.537 |     2.3
   17 |   1.0691 |     35.982 |   1.0837 |     36.815 |     2.5
   18 |   1.0530 |     35.743 |   1.0768 |     35.644 |     2.6
   19 |   1.0375 |     34.938 |   1.0844 |     36.383 |     2.8
   20 |   1.0219 |     34.432 |   1.0639 |     35.613 |     2.9
   21 |   1.0074 |     34.008 |   1.0484 |     34.874 |     3.1
   22 |   0.9973 |     34.155 |   1.0475 |     35.182 |     3.2
   23 |   0.9791 |     32.996 |   1.0565 |     34.381 |     3.3
   24 |   0.9639 |     32.664 |   1.0487 |     34.535 |     3.5
   25 |   0.9475 |     31.973 |   1.0417 |     34.227 |     3.6
   26 |   0.9352 |     31.620 |   1.0401 |     33.672 |     3.8
   27 |   0.9278 |     31.669 |   1.0376 |     34.412 |     3.9
   28 |   0.9143 |     30.935 |   1.0216 |     33.826 |     4.1
   29 |   0.8996 |     30.331 |   1.0309 |     33.364 |     4.2
   30 |   0.8875 |     29.988 |   1.0352 |     33.580 |     4.4
   31 |   0.8650 |     29.167 |   1.0211 |     33.118 |     4.5
   32 |   0.8588 |     29.047 |   1.0272 |     32.994 |     4.7
   33 |   0.8483 |     28.933 |   1.0384 |     32.656 |     4.8
   34 |   0.8353 |     28.563 |   1.0335 |     32.594 |     4.9
   35 |   0.8288 |     28.030 |   1.0270 |     32.686 |     5.1
Early stopping

Model: Seq2Seq Transformer
Source index: <Seq2Seq Index with 44 items>
Target index: <Seq2Seq Index with 34 items>
Max sequence length: 800
Embedding dimension: 64
Feedforward dimension: 128
Encoder layers: 4
Decoder layers: 2
Attention heads: 2
Activation: relu
Dropout: 0.1
Trainable parameters: 293,026

Training started
X_train.shape: torch.Size([3064, 649])
Y_train.shape: torch.Size([3064, 7])
X_dev.shape: torch.Size([541, 702])
Y_dev.shape: torch.Size([541, 7])
Epochs: 500
Learning rate: 0.001
Weight decay: 1e-05
Epoch | Train                 | Development           | Minutes
      | Loss     | Error Rate | Loss     | Error Rate |
---------------------------------------------------------------
    1 |   1.6916 |     48.156 |   1.3498 |     45.256 |     0.1
    2 |   1.3447 |     45.208 |   1.2717 |     43.685 |     0.2
    3 |   1.2930 |     44.664 |   1.2332 |     43.130 |     0.3
    4 |   1.2547 |     44.136 |   1.2116 |     42.976 |     0.4
    5 |   1.2272 |     43.794 |   1.1861 |     42.545 |     0.5
    6 |   1.2046 |     43.146 |   1.1705 |     41.898 |     0.6
    7 |   1.1885 |     42.842 |   1.1554 |     41.559 |     0.7
    8 |   1.1807 |     43.016 |   1.1499 |     40.758 |     0.8
    9 |   1.1656 |     42.232 |   1.1289 |     39.618 |     0.9
   10 |   1.1516 |     41.416 |   1.1223 |     40.388 |     1.0
   11 |   1.1394 |     41.139 |   1.1039 |     40.203 |     1.1
   12 |   1.1243 |     40.552 |   1.0927 |     39.156 |     1.2
   13 |   1.1162 |     40.584 |   1.0932 |     39.618 |     1.3
   14 |   1.1054 |     39.975 |   1.1014 |     40.142 |     1.4
   15 |   1.1028 |     40.089 |   1.0963 |     39.587 |     1.5
   16 |   1.0966 |     39.942 |   1.0817 |     39.248 |     1.6
   17 |   1.0849 |     39.931 |   1.0739 |     38.786 |     1.7
   18 |   1.0807 |     39.137 |   1.0786 |     38.786 |     1.8
   19 |   1.0750 |     39.170 |   1.0778 |     38.540 |     1.9
   20 |   1.0636 |     38.441 |   1.0713 |     37.770 |     2.0
   21 |   1.0585 |     38.403 |   1.0622 |     38.355 |     2.1
   22 |   1.0511 |     37.815 |   1.0686 |     38.232 |     2.2
   23 |   1.0434 |     37.903 |   1.0594 |     37.985 |     2.3
   24 |   1.0368 |     37.810 |   1.0499 |     36.938 |     2.4
   25 |   1.0287 |     37.244 |   1.0482 |     37.924 |     2.5
   26 |   1.0253 |     37.141 |   1.0395 |     36.999 |     2.6
   27 |   1.0117 |     36.554 |   1.0414 |     37.123 |     2.7
   28 |   1.0099 |     36.510 |   1.0360 |     37.585 |     2.8
   29 |   1.0061 |     36.695 |   1.0264 |     35.613 |     2.9
   30 |   0.9965 |     36.216 |   1.0308 |     36.661 |     3.0
   31 |   0.9913 |     35.836 |   1.0420 |     37.061 |     3.0
   32 |   0.9810 |     35.449 |   1.0332 |     36.075 |     3.1
   33 |   0.9755 |     35.259 |   1.0263 |     36.661 |     3.2
   34 |   0.9687 |     35.069 |   1.0381 |     36.876 |     3.3
   35 |   0.9619 |     34.372 |   1.0327 |     36.414 |     3.4
   36 |   0.9510 |     34.416 |   1.0026 |     34.904 |     3.5
   37 |   0.9490 |     34.040 |   1.0247 |     36.229 |     3.6
   38 |   0.9461 |     33.807 |   1.0235 |     35.459 |     3.7
   39 |   0.9368 |     33.263 |   1.0118 |     35.213 |     3.8
   40 |   0.9311 |     33.497 |   1.0304 |     36.476 |     3.9
   41 |   0.9247 |     33.050 |   0.9968 |     34.781 |     4.0
   42 |   0.9199 |     32.730 |   1.0214 |     35.582 |     4.1
   43 |   0.9063 |     32.349 |   1.0220 |     35.582 |     4.2
   44 |   0.9038 |     32.409 |   1.0257 |     35.860 |     4.3
   45 |   0.9016 |     32.006 |   1.0097 |     34.874 |     4.4
Early stopping

Model: Seq2Seq Transformer
Source index: <Seq2Seq Index with 44 items>
Target index: <Seq2Seq Index with 34 items>
Max sequence length: 800
Embedding dimension: 128
Feedforward dimension: 256
Encoder layers: 4
Decoder layers: 2
Attention heads: 2
Activation: relu
Dropout: 0.2
Trainable parameters: 1,044,770

Training started
X_train.shape: torch.Size([3064, 649])
Y_train.shape: torch.Size([3064, 7])
X_dev.shape: torch.Size([541, 702])
Y_dev.shape: torch.Size([541, 7])
Epochs: 500
Learning rate: 0.0001
Weight decay: 1e-05
Epoch | Train                 | Development           | Minutes
      | Loss     | Error Rate | Loss     | Error Rate |
---------------------------------------------------------------
    1 |   2.2957 |     56.723 |   1.5754 |     45.841 |     0.1
    2 |   1.5831 |     46.372 |   1.3985 |     45.595 |     0.3
    3 |   1.4539 |     45.861 |   1.3442 |     44.701 |     0.4
    4 |   1.3969 |     45.344 |   1.3050 |     43.931 |     0.5
    5 |   1.3556 |     44.822 |   1.2763 |     42.113 |     0.7
    6 |   1.3264 |     43.870 |   1.2546 |     42.113 |     0.8
    7 |   1.3011 |     43.413 |   1.2281 |     41.559 |     1.0
    8 |   1.2765 |     42.711 |   1.2163 |     41.466 |     1.1
    9 |   1.2531 |     42.026 |   1.1976 |     40.511 |     1.2
   10 |   1.2326 |     41.688 |   1.1852 |     40.111 |     1.4
   11 |   1.2154 |     40.900 |   1.1738 |     39.895 |     1.5
   12 |   1.1997 |     40.481 |   1.1681 |     39.895 |     1.7
   13 |   1.1864 |     40.008 |   1.1603 |     39.094 |     1.8
   14 |   1.1711 |     39.763 |   1.1731 |     39.895 |     1.9
   15 |   1.1527 |     39.001 |   1.1438 |     39.033 |     2.1
   16 |   1.1434 |     38.963 |   1.1542 |     38.940 |     2.2
   17 |   1.1271 |     38.365 |   1.1444 |     38.940 |     2.4
   18 |   1.1164 |     37.805 |   1.1441 |     38.417 |     2.5
   19 |   1.1025 |     37.223 |   1.1537 |     39.063 |     2.6
Early stopping

Model: Seq2Seq Transformer
Source index: <Seq2Seq Index with 44 items>
Target index: <Seq2Seq Index with 34 items>
Max sequence length: 800
Embedding dimension: 64
Feedforward dimension: 256
Encoder layers: 4
Decoder layers: 4
Attention heads: 4
Activation: relu
Dropout: 0.2
Trainable parameters: 525,602

Training started
X_train.shape: torch.Size([3064, 649])
Y_train.shape: torch.Size([3064, 7])
X_dev.shape: torch.Size([541, 702])
Y_dev.shape: torch.Size([541, 7])
Epochs: 500
Learning rate: 0.001
Weight decay: 1e-05
Epoch | Train                 | Development           | Minutes
      | Loss     | Error Rate | Loss     | Error Rate |
---------------------------------------------------------------
    1 |   1.7769 |     50.555 |   1.3697 |     45.225 |     0.2
    2 |   1.3819 |     45.931 |   1.2941 |     44.393 |     0.3
    3 |   1.3264 |     45.300 |   1.2499 |     43.777 |     0.5
    4 |   1.2896 |     44.631 |   1.2236 |     43.438 |     0.7
    5 |   1.2617 |     44.207 |   1.2208 |     42.791 |     0.8
    6 |   1.2438 |     43.951 |   1.1994 |     42.945 |     1.0
    7 |   1.2328 |     44.191 |   1.1867 |     43.346 |     1.2
    8 |   1.2216 |     43.603 |   1.1748 |     42.083 |     1.3
    9 |   1.2060 |     43.326 |   1.1599 |     41.220 |     1.5
   10 |   1.1949 |     42.765 |   1.1528 |     41.374 |     1.7
   11 |   1.1862 |     42.749 |   1.1472 |     40.943 |     1.8
   12 |   1.1750 |     42.570 |   1.1394 |     40.727 |     2.0
   13 |   1.1601 |     41.476 |   1.1293 |     40.481 |     2.2
   14 |   1.1494 |     41.085 |   1.1160 |     39.464 |     2.3
   15 |   1.1378 |     41.085 |   1.1131 |     38.971 |     2.5
   16 |   1.1286 |     40.606 |   1.1101 |     39.649 |     2.7
   17 |   1.1212 |     40.590 |   1.0970 |     38.601 |     2.8
   18 |   1.1152 |     40.285 |   1.0998 |     39.125 |     3.0
   19 |   1.1045 |     40.106 |   1.0976 |     38.879 |     3.2
   20 |   1.1010 |     39.752 |   1.0878 |     38.601 |     3.3
   21 |   1.0955 |     39.556 |   1.0888 |     38.848 |     3.5
   22 |   1.0868 |     39.480 |   1.0733 |     37.492 |     3.7
   23 |   1.0810 |     39.072 |   1.0781 |     38.632 |     3.8
   24 |   1.0720 |     38.621 |   1.0748 |     38.817 |     4.0
   25 |   1.0684 |     38.359 |   1.0619 |     38.232 |     4.2
   26 |   1.0632 |     38.751 |   1.0731 |     38.170 |     4.3
   27 |   1.0534 |     38.305 |   1.0715 |     39.495 |     4.5
   28 |   1.0469 |     38.191 |   1.0575 |     37.739 |     4.7
   29 |   1.0400 |     37.832 |   1.0638 |     37.924 |     4.8
   30 |   1.0347 |     37.707 |   1.0646 |     38.047 |     5.0
   31 |   1.0293 |     37.870 |   1.0593 |     37.893 |     5.2
   32 |   1.0181 |     37.201 |   1.0605 |     37.831 |     5.3
   33 |   1.0140 |     36.690 |   1.0474 |     37.954 |     5.5
   34 |   1.0067 |     36.450 |   1.0747 |     37.461 |     5.7
   35 |   0.9968 |     36.037 |   1.0383 |     36.876 |     5.8
   36 |   0.9902 |     35.770 |   1.0486 |     37.492 |     6.0
   37 |   0.9826 |     35.455 |   1.0246 |     36.137 |     6.2
   38 |   0.9725 |     35.145 |   1.0325 |     36.938 |     6.3
   39 |   0.9743 |     35.047 |   1.0383 |     36.907 |     6.5
   40 |   0.9625 |     34.682 |   1.0200 |     36.322 |     6.7
   41 |   0.9607 |     34.933 |   1.0247 |     36.506 |     6.8
   42 |   0.9485 |     34.699 |   1.0227 |     36.815 |     7.0
   43 |   0.9510 |     34.481 |   1.0243 |     36.352 |     7.2
   44 |   0.9355 |     33.665 |   1.0135 |     35.890 |     7.3
   45 |   0.9375 |     33.834 |   1.0499 |     36.383 |     7.5
   46 |   0.9305 |     33.730 |   1.0260 |     35.582 |     7.7
   47 |   0.9226 |     33.366 |   1.0259 |     36.969 |     7.8
   48 |   0.9209 |     33.208 |   1.0376 |     37.431 |     8.0
Early stopping

Model: Seq2Seq Transformer
Source index: <Seq2Seq Index with 44 items>
Target index: <Seq2Seq Index with 34 items>
Max sequence length: 800
Embedding dimension: 128
Feedforward dimension: 64
Encoder layers: 4
Decoder layers: 3
Attention heads: 2
Activation: relu
Dropout: 0.0
Trainable parameters: 898,146

Training started
X_train.shape: torch.Size([3064, 649])
Y_train.shape: torch.Size([3064, 7])
X_dev.shape: torch.Size([541, 702])
Y_dev.shape: torch.Size([541, 7])
Epochs: 500
Learning rate: 0.001
Weight decay: 1e-05
Epoch | Train                 | Development           | Minutes
      | Loss     | Error Rate | Loss     | Error Rate |
---------------------------------------------------------------
    1 |   1.5300 |     47.536 |   1.3085 |     46.149 |     0.1
    2 |   1.2549 |     43.326 |   1.2135 |     42.914 |     0.3
    3 |   1.1857 |     41.988 |   1.1831 |     41.867 |     0.4
    4 |   1.1456 |     40.579 |   1.1398 |     39.741 |     0.5
    5 |   1.1206 |     39.931 |   1.1270 |     40.881 |     0.6
    6 |   1.0882 |     38.941 |   1.0901 |     38.971 |     0.8
    7 |   1.0672 |     38.196 |   1.0873 |     38.971 |     0.9
    8 |   1.0538 |     37.402 |   1.0863 |     38.170 |     1.0
    9 |   1.0295 |     36.994 |   1.0768 |     38.047 |     1.2
   10 |   1.0181 |     36.646 |   1.0621 |     38.170 |     1.3
   11 |   1.0055 |     35.906 |   1.0510 |     37.215 |     1.4
   12 |   0.9927 |     35.542 |   1.0592 |     36.784 |     1.5
   13 |   0.9806 |     35.373 |   1.0303 |     36.506 |     1.7
   14 |   0.9682 |     34.846 |   1.0456 |     36.260 |     1.8
   15 |   0.9659 |     34.481 |   1.0496 |     37.215 |     1.9
   16 |   0.9394 |     33.730 |   1.0256 |     35.305 |     2.1
   17 |   0.9270 |     33.143 |   1.0468 |     36.506 |     2.2
   18 |   0.9264 |     33.442 |   1.0409 |     36.568 |     2.3
   19 |   0.9150 |     32.871 |   1.0481 |     36.414 |     2.5
   20 |   0.9034 |     32.501 |   1.0423 |     36.014 |     2.6
Early stopping

Model: Seq2Seq Transformer
Source index: <Seq2Seq Index with 44 items>
Target index: <Seq2Seq Index with 34 items>
Max sequence length: 800
Embedding dimension: 64
Feedforward dimension: 256
Encoder layers: 4
Decoder layers: 2
Attention heads: 2
Activation: relu
Dropout: 0.2
Trainable parameters: 392,098

Training started
X_train.shape: torch.Size([3064, 649])
Y_train.shape: torch.Size([3064, 7])
X_dev.shape: torch.Size([541, 702])
Y_dev.shape: torch.Size([541, 7])
Epochs: 500
Learning rate: 0.0001
Weight decay: 1e-05
Epoch | Train                 | Development           | Minutes
      | Loss     | Error Rate | Loss     | Error Rate |
---------------------------------------------------------------
    1 |   2.6873 |     60.906 |   1.9059 |     46.087 |     0.1
    2 |   1.8947 |     46.671 |   1.6050 |     45.872 |     0.2
    3 |   1.6613 |     46.176 |   1.5027 |     45.132 |     0.3
    4 |   1.5564 |     45.975 |   1.4433 |     45.163 |     0.4
    5 |   1.4912 |     45.735 |   1.4004 |     44.486 |     0.5
    6 |   1.4537 |     45.550 |   1.3750 |     44.886 |     0.6
    7 |   1.4186 |     45.355 |   1.3481 |     44.085 |     0.7
    8 |   1.3931 |     44.919 |   1.3268 |     43.808 |     0.8
    9 |   1.3708 |     44.664 |   1.3062 |     43.777 |     0.9
   10 |   1.3510 |     44.359 |   1.2873 |     42.730 |     1.0
   11 |   1.3320 |     43.859 |   1.2707 |     42.298 |     1.1
   12 |   1.3164 |     43.424 |   1.2578 |     42.360 |     1.2
   13 |   1.3020 |     43.451 |   1.2566 |     42.606 |     1.3
   14 |   1.2923 |     43.233 |   1.2377 |     42.144 |     1.4
   15 |   1.2755 |     42.793 |   1.2240 |     41.251 |     1.5
   16 |   1.2654 |     42.390 |   1.2225 |     41.528 |     1.6
   17 |   1.2599 |     42.368 |   1.2085 |     41.189 |     1.7
   18 |   1.2497 |     42.162 |   1.2018 |     41.312 |     1.9
   19 |   1.2398 |     42.047 |   1.1926 |     40.419 |     2.0
   20 |   1.2283 |     41.612 |   1.1909 |     40.604 |     2.1
   21 |   1.2214 |     41.476 |   1.1802 |     40.388 |     2.2
   22 |   1.2102 |     41.057 |   1.1714 |     39.926 |     2.3
   23 |   1.1999 |     40.894 |   1.1807 |     40.049 |     2.4
   24 |   1.1935 |     40.465 |   1.1756 |     39.495 |     2.5
   25 |   1.1858 |     40.269 |   1.1707 |     39.649 |     2.6
   26 |   1.1823 |     40.470 |   1.1612 |     39.094 |     2.7
   27 |   1.1751 |     40.018 |   1.1464 |     39.217 |     2.8
   28 |   1.1597 |     39.681 |   1.1560 |     39.741 |     2.9
   29 |   1.1582 |     39.388 |   1.1487 |     38.478 |     3.0
   30 |   1.1537 |     39.181 |   1.1400 |     38.540 |     3.1
   31 |   1.1407 |     38.914 |   1.1345 |     37.800 |     3.2
   32 |   1.1363 |     39.034 |   1.1417 |     38.170 |     3.3
   33 |   1.1285 |     38.332 |   1.1274 |     37.862 |     3.4
   34 |   1.1247 |     38.381 |   1.1323 |     37.954 |     3.5
   35 |   1.1178 |     38.115 |   1.1201 |     37.123 |     3.6
   36 |   1.1156 |     37.951 |   1.1204 |     37.061 |     3.7
   37 |   1.1006 |     37.728 |   1.1177 |     37.770 |     3.8
   38 |   1.0984 |     37.533 |   1.1284 |     37.677 |     3.9
   39 |   1.0893 |     36.967 |   1.1186 |     37.492 |     4.0
   40 |   1.0829 |     36.929 |   1.1293 |     37.184 |     4.1
   41 |   1.0845 |     36.972 |   1.1057 |     36.722 |     4.2
   42 |   1.0750 |     36.994 |   1.1161 |     36.907 |     4.3
   43 |   1.0653 |     36.184 |   1.1131 |     36.753 |     4.4
   44 |   1.0627 |     36.521 |   1.1100 |     36.969 |     4.5
   45 |   1.0597 |     36.238 |   1.1007 |     36.075 |     4.6
   46 |   1.0545 |     35.836 |   1.0971 |     36.691 |     4.7
   47 |   1.0484 |     35.912 |   1.1022 |     36.414 |     4.8
   48 |   1.0429 |     35.455 |   1.1055 |     37.030 |     4.9
   49 |   1.0365 |     35.395 |   1.0954 |     36.568 |     5.0
   50 |   1.0352 |     35.341 |   1.0924 |     35.952 |     5.1
   51 |   1.0293 |     35.400 |   1.1091 |     36.999 |     5.2
   52 |   1.0258 |     35.183 |   1.0810 |     36.476 |     5.3
   53 |   1.0183 |     35.058 |   1.0863 |     35.798 |     5.4
   54 |   1.0151 |     34.748 |   1.0873 |     35.860 |     5.6
   55 |   1.0079 |     34.802 |   1.0909 |     35.521 |     5.7
   56 |   1.0071 |     34.465 |   1.0878 |     35.644 |     5.8
Early stopping

Model: Seq2Seq Transformer
Source index: <Seq2Seq Index with 44 items>
Target index: <Seq2Seq Index with 34 items>
Max sequence length: 800
Embedding dimension: 128
Feedforward dimension: 128
Encoder layers: 2
Decoder layers: 4
Attention heads: 4
Activation: relu
Dropout: 0.1
Trainable parameters: 980,002

Training started
X_train.shape: torch.Size([3064, 649])
Y_train.shape: torch.Size([3064, 7])
X_dev.shape: torch.Size([541, 702])
Y_dev.shape: torch.Size([541, 7])
Epochs: 500
Learning rate: 0.001
Weight decay: 0.0001
Epoch | Train                 | Development           | Minutes
      | Loss     | Error Rate | Loss     | Error Rate |
---------------------------------------------------------------
    1 |   1.5972 |     48.499 |   1.3233 |     45.132 |     0.1
    2 |   1.3015 |     44.055 |   1.2214 |     42.699 |     0.2
    3 |   1.2296 |     42.678 |   1.1869 |     41.436 |     0.3
    4 |   1.1800 |     41.150 |   1.1376 |     40.635 |     0.5
    5 |   1.1333 |     39.393 |   1.1260 |     39.556 |     0.6
    6 |   1.1069 |     38.136 |   1.1017 |     38.078 |     0.7
    7 |   1.0643 |     36.978 |   1.0801 |     36.907 |     0.8
    8 |   1.0229 |     35.444 |   1.0571 |     37.708 |     0.9
    9 |   0.9868 |     34.432 |   1.0725 |     36.630 |     1.1
   10 |   0.9507 |     33.246 |   1.0400 |     35.675 |     1.2
   11 |   0.9173 |     31.729 |   1.0456 |     35.059 |     1.3
   12 |   0.8863 |     30.537 |   1.0438 |     35.459 |     1.4
   13 |   0.8488 |     29.515 |   1.0321 |     34.381 |     1.5
   14 |   0.8112 |     28.372 |   1.0723 |     34.935 |     1.6
   15 |   0.7868 |     27.393 |   1.0768 |     34.627 |     1.8
   16 |   0.7562 |     26.044 |   1.0690 |     33.795 |     1.9
   17 |   0.7198 |     25.120 |   1.0866 |     34.596 |     2.0
Early stopping

Model: Seq2Seq Transformer
Source index: <Seq2Seq Index with 44 items>
Target index: <Seq2Seq Index with 34 items>
Max sequence length: 800
Embedding dimension: 64
Feedforward dimension: 128
Encoder layers: 2
Decoder layers: 4
Attention heads: 2
Activation: relu
Dropout: 0.2
Trainable parameters: 326,562

Training started
X_train.shape: torch.Size([3064, 649])
Y_train.shape: torch.Size([3064, 7])
X_dev.shape: torch.Size([541, 702])
Y_dev.shape: torch.Size([541, 7])
Epochs: 500
Learning rate: 0.0001
Weight decay: 1e-05
Epoch | Train                 | Development           | Minutes
      | Loss     | Error Rate | Loss     | Error Rate |
---------------------------------------------------------------
    1 |   2.9868 |     78.400 |   2.3932 |     51.787 |     0.1
    2 |   2.2127 |     50.598 |   1.6881 |     46.149 |     0.1
    3 |   1.7606 |     46.589 |   1.5295 |     45.102 |     0.2
    4 |   1.6082 |     46.290 |   1.4662 |     45.040 |     0.3
    5 |   1.5358 |     46.089 |   1.4280 |     44.794 |     0.4
    6 |   1.4924 |     46.094 |   1.4049 |     44.917 |     0.4
    7 |   1.4587 |     46.007 |   1.3827 |     44.609 |     0.5
    8 |   1.4378 |     45.877 |   1.3634 |     45.040 |     0.6
    9 |   1.4148 |     45.997 |   1.3481 |     44.547 |     0.7
   10 |   1.3958 |     45.621 |   1.3299 |     44.824 |     0.7
   11 |   1.3810 |     45.507 |   1.3115 |     43.715 |     0.8
   12 |   1.3642 |     45.322 |   1.2942 |     43.777 |     0.9
   13 |   1.3514 |     44.968 |   1.2826 |     42.760 |     1.0
   14 |   1.3384 |     44.653 |   1.2735 |     42.329 |     1.0
   15 |   1.3259 |     44.299 |   1.2573 |     41.959 |     1.1
   16 |   1.3167 |     44.017 |   1.2519 |     42.421 |     1.2
   17 |   1.3102 |     44.174 |   1.2474 |     41.590 |     1.3
   18 |   1.2958 |     43.592 |   1.2350 |     42.237 |     1.3
   19 |   1.2897 |     43.494 |   1.2252 |     42.206 |     1.4
   20 |   1.2820 |     43.146 |   1.2233 |     41.497 |     1.5
   21 |   1.2704 |     43.103 |   1.2126 |     41.805 |     1.5
   22 |   1.2652 |     42.831 |   1.2012 |     41.590 |     1.6
   23 |   1.2545 |     42.798 |   1.1968 |     41.528 |     1.7
   24 |   1.2456 |     42.303 |   1.1923 |     41.097 |     1.8
   25 |   1.2356 |     42.390 |   1.1852 |     41.066 |     1.8
   26 |   1.2275 |     41.705 |   1.1775 |     40.912 |     1.9
   27 |   1.2270 |     41.716 |   1.1700 |     39.988 |     2.0
   28 |   1.2154 |     41.803 |   1.1646 |     40.173 |     2.1
   29 |   1.2072 |     41.422 |   1.1633 |     40.018 |     2.1
   30 |   1.2008 |     41.427 |   1.1684 |     40.018 |     2.2
   31 |   1.2027 |     41.422 |   1.1535 |     39.649 |     2.3
   32 |   1.1923 |     41.003 |   1.1433 |     39.433 |     2.4
   33 |   1.1846 |     40.269 |   1.1502 |     39.926 |     2.4
   34 |   1.1837 |     40.508 |   1.1414 |     38.940 |     2.5
   35 |   1.1764 |     40.339 |   1.1368 |     39.033 |     2.6
   36 |   1.1692 |     40.383 |   1.1324 |     39.279 |     2.6
   37 |   1.1699 |     40.388 |   1.1426 |     39.464 |     2.7
   38 |   1.1535 |     39.736 |   1.1248 |     38.540 |     2.8
   39 |   1.1573 |     39.790 |   1.1268 |     38.571 |     2.9
   40 |   1.1493 |     40.029 |   1.1280 |     38.755 |     2.9
   41 |   1.1467 |     39.627 |   1.1252 |     38.632 |     3.0
   42 |   1.1400 |     39.616 |   1.1174 |     38.879 |     3.1
   43 |   1.1362 |     39.083 |   1.1177 |     38.848 |     3.2
   44 |   1.1270 |     38.724 |   1.1157 |     38.663 |     3.2
   45 |   1.1300 |     38.789 |   1.1097 |     38.262 |     3.3
   46 |   1.1215 |     38.903 |   1.1034 |     38.417 |     3.4
   47 |   1.1183 |     38.588 |   1.1150 |     38.293 |     3.5
   48 |   1.1173 |     38.718 |   1.1024 |     38.601 |     3.5
   49 |   1.1111 |     38.338 |   1.0977 |     38.355 |     3.6
   50 |   1.1051 |     38.011 |   1.1020 |     37.400 |     3.7
   51 |   1.0989 |     37.783 |   1.0983 |     37.954 |     3.8
   52 |   1.0959 |     37.658 |   1.0958 |     37.770 |     3.8
   53 |   1.0934 |     37.810 |   1.0909 |     37.461 |     3.9
   54 |   1.0835 |     37.369 |   1.0883 |     37.215 |     4.0
   55 |   1.0841 |     37.391 |   1.0897 |     37.677 |     4.1
   56 |   1.0785 |     37.054 |   1.0966 |     38.108 |     4.1
   57 |   1.0784 |     36.923 |   1.0840 |     37.492 |     4.2
   58 |   1.0734 |     36.994 |   1.0848 |     37.831 |     4.3
   59 |   1.0680 |     36.706 |   1.0870 |     37.554 |     4.3
   60 |   1.0650 |     36.428 |   1.0935 |     37.646 |     4.4
   61 |   1.0608 |     36.249 |   1.0781 |     37.277 |     4.5
   62 |   1.0531 |     35.923 |   1.0778 |     37.369 |     4.6
   63 |   1.0543 |     36.423 |   1.0814 |     36.845 |     4.6
   64 |   1.0456 |     35.689 |   1.0863 |     37.061 |     4.7
   65 |   1.0456 |     35.667 |   1.0865 |     36.753 |     4.8
   66 |   1.0405 |     35.536 |   1.0832 |     37.030 |     4.9
   67 |   1.0389 |     35.721 |   1.0754 |     36.506 |     4.9
   68 |   1.0326 |     35.536 |   1.0766 |     36.630 |     5.0
   69 |   1.0311 |     35.351 |   1.0774 |     36.198 |     5.1
   70 |   1.0261 |     35.123 |   1.0657 |     36.506 |     5.2
   71 |   1.0214 |     34.862 |   1.0759 |     36.537 |     5.2
   72 |   1.0241 |     35.341 |   1.0756 |     36.414 |     5.3
   73 |   1.0178 |     35.139 |   1.0663 |     36.260 |     5.4
   74 |   1.0133 |     34.633 |   1.0646 |     35.736 |     5.5
   75 |   1.0030 |     34.438 |   1.0656 |     35.890 |     5.5
   76 |   1.0024 |     34.476 |   1.0616 |     35.705 |     5.6
   77 |   1.0028 |     34.242 |   1.0674 |     35.274 |     5.7
   78 |   0.9955 |     34.171 |   1.0670 |     35.490 |     5.7
   79 |   0.9975 |     34.013 |   1.0659 |     35.459 |     5.8
   80 |   0.9867 |     33.736 |   1.0730 |     35.798 |     5.9
   81 |   0.9785 |     33.263 |   1.0540 |     34.750 |     6.0
   82 |   0.9786 |     33.529 |   1.0586 |     35.182 |     6.0
   83 |   0.9810 |     33.377 |   1.0560 |     35.059 |     6.1
   84 |   0.9773 |     33.235 |   1.0638 |     35.459 |     6.2
   85 |   0.9751 |     33.409 |   1.0531 |     35.798 |     6.3
   86 |   0.9722 |     33.344 |   1.0582 |     35.274 |     6.3
   87 |   0.9635 |     33.241 |   1.0548 |     35.213 |     6.4
   88 |   0.9654 |     33.246 |   1.0472 |     34.750 |     6.5
   89 |   0.9608 |     33.159 |   1.0582 |     34.473 |     6.6
   90 |   0.9611 |     33.078 |   1.0612 |     34.596 |     6.6
   91 |   0.9514 |     32.534 |   1.0675 |     35.151 |     6.7
   92 |   0.9527 |     32.779 |   1.0575 |     35.120 |     6.8
Early stopping

Model: Seq2Seq Transformer
Source index: <Seq2Seq Index with 44 items>
Target index: <Seq2Seq Index with 34 items>
Max sequence length: 800
Embedding dimension: 64
Feedforward dimension: 128
Encoder layers: 4
Decoder layers: 3
Attention heads: 2
Activation: relu
Dropout: 0.1
Trainable parameters: 343,266

Training started
X_train.shape: torch.Size([3064, 649])
Y_train.shape: torch.Size([3064, 7])
X_dev.shape: torch.Size([541, 702])
Y_dev.shape: torch.Size([541, 7])
Epochs: 500
Learning rate: 0.0001
Weight decay: 0.0001
Epoch | Train                 | Development           | Minutes
      | Loss     | Error Rate | Loss     | Error Rate |
---------------------------------------------------------------
    1 |   2.5804 |     62.674 |   1.8929 |     47.843 |     0.1
    2 |   1.8246 |     46.921 |   1.5829 |     45.194 |     0.2
    3 |   1.6016 |     46.045 |   1.4781 |     45.163 |     0.3
    4 |   1.5099 |     45.828 |   1.4194 |     44.794 |     0.4
    5 |   1.4556 |     45.589 |   1.3744 |     43.900 |     0.5
    6 |   1.4101 |     45.143 |   1.3414 |     44.054 |     0.6
    7 |   1.3798 |     44.577 |   1.3155 |     43.222 |     0.7
    8 |   1.3547 |     44.337 |   1.2928 |     42.668 |     0.8
    9 |   1.3287 |     43.815 |   1.2737 |     42.730 |     0.9
   10 |   1.3105 |     43.532 |   1.2573 |     41.836 |     1.0
   11 |   1.2931 |     43.114 |   1.2458 |     42.206 |     1.1
   12 |   1.2749 |     42.570 |   1.2298 |     41.590 |     1.3
   13 |   1.2586 |     42.276 |   1.2102 |     40.357 |     1.4
   14 |   1.2459 |     41.797 |   1.2007 |     40.357 |     1.5
   15 |   1.2339 |     41.547 |   1.1891 |     39.526 |     1.6
   16 |   1.2204 |     40.867 |   1.1833 |     40.296 |     1.7
   17 |   1.2111 |     40.872 |   1.1835 |     40.234 |     1.8
   18 |   1.1988 |     40.470 |   1.1613 |     39.864 |     1.9
   19 |   1.1895 |     40.176 |   1.1610 |     40.203 |     2.0
   20 |   1.1820 |     40.002 |   1.1461 |     39.310 |     2.1
   21 |   1.1698 |     39.654 |   1.1387 |     39.248 |     2.2
   22 |   1.1581 |     39.496 |   1.1308 |     38.663 |     2.3
   23 |   1.1537 |     39.262 |   1.1311 |     38.971 |     2.4
   24 |   1.1440 |     38.903 |   1.1205 |     38.632 |     2.5
   25 |   1.1367 |     39.045 |   1.1205 |     38.879 |     2.6
   26 |   1.1276 |     38.414 |   1.1116 |     38.355 |     2.7
   27 |   1.1230 |     38.169 |   1.1099 |     38.139 |     2.8
   28 |   1.1136 |     37.995 |   1.1070 |     38.078 |     2.9
   29 |   1.1090 |     37.810 |   1.1025 |     37.954 |     3.0
   30 |   1.1030 |     37.701 |   1.0909 |     37.646 |     3.1
   31 |   1.0962 |     37.794 |   1.0978 |     38.016 |     3.2
   32 |   1.0873 |     37.000 |   1.0959 |     37.061 |     3.4
   33 |   1.0760 |     36.885 |   1.0877 |     37.277 |     3.5
   34 |   1.0781 |     37.141 |   1.0719 |     36.599 |     3.6
   35 |   1.0698 |     36.521 |   1.0721 |     36.322 |     3.7
   36 |   1.0578 |     36.352 |   1.0653 |     36.414 |     3.8
   37 |   1.0576 |     36.352 |   1.0684 |     36.322 |     3.9
   38 |   1.0491 |     35.917 |   1.0618 |     36.445 |     4.0
   39 |   1.0477 |     35.792 |   1.0653 |     36.537 |     4.1
   40 |   1.0390 |     35.710 |   1.0632 |     36.014 |     4.2
   41 |   1.0300 |     35.330 |   1.0415 |     35.582 |     4.3
   42 |   1.0278 |     35.063 |   1.0513 |     35.983 |     4.4
   43 |   1.0219 |     34.835 |   1.0430 |     35.305 |     4.5
   44 |   1.0176 |     34.791 |   1.0411 |     34.966 |     4.6
   45 |   1.0117 |     34.334 |   1.0431 |     35.089 |     4.7
   46 |   1.0061 |     34.111 |   1.0343 |     35.059 |     4.8
   47 |   0.9987 |     34.166 |   1.0368 |     34.442 |     4.9
   48 |   0.9961 |     34.002 |   1.0273 |     34.504 |     5.0
   49 |   0.9841 |     33.594 |   1.0246 |     34.720 |     5.1
   50 |   0.9848 |     33.513 |   1.0208 |     34.288 |     5.2
   51 |   0.9747 |     33.235 |   1.0348 |     34.227 |     5.4
   52 |   0.9718 |     33.132 |   1.0235 |     34.011 |     5.5
   53 |   0.9659 |     32.985 |   1.0203 |     34.073 |     5.6
   54 |   0.9595 |     32.806 |   1.0159 |     33.826 |     5.7
   55 |   0.9535 |     32.697 |   1.0094 |     33.549 |     5.8
   56 |   0.9506 |     32.392 |   1.0066 |     33.272 |     5.9
   57 |   0.9453 |     32.137 |   1.0091 |     33.672 |     6.0
   58 |   0.9394 |     32.022 |   1.0002 |     33.364 |     6.1
   59 |   0.9361 |     31.859 |   1.0055 |     33.580 |     6.2
   60 |   0.9254 |     31.272 |   1.0012 |     32.871 |     6.3
   61 |   0.9255 |     31.609 |   0.9967 |     32.748 |     6.4
   62 |   0.9202 |     31.038 |   1.0065 |     33.395 |     6.5
   63 |   0.9126 |     31.027 |   0.9969 |     32.964 |     6.6
   64 |   0.9088 |     30.956 |   1.0026 |     33.272 |     6.7
   65 |   0.9029 |     30.924 |   0.9973 |     32.964 |     6.8
Early stopping

Model: Seq2Seq Transformer
Source index: <Seq2Seq Index with 44 items>
Target index: <Seq2Seq Index with 34 items>
Max sequence length: 800
Embedding dimension: 128
Feedforward dimension: 256
Encoder layers: 2
Decoder layers: 4
Attention heads: 2
Activation: relu
Dropout: 0.2
Trainable parameters: 1,177,378

Training started
X_train.shape: torch.Size([3064, 649])
Y_train.shape: torch.Size([3064, 7])
X_dev.shape: torch.Size([541, 702])
Y_dev.shape: torch.Size([541, 7])
Epochs: 500
Learning rate: 0.001
Weight decay: 0.0001
Epoch | Train                 | Development           | Minutes
      | Loss     | Error Rate | Loss     | Error Rate |
---------------------------------------------------------------
    1 |   1.6591 |     49.636 |   1.2917 |     43.561 |     0.1
    2 |   1.3340 |     44.854 |   1.2527 |     42.884 |     0.2
    3 |   1.2794 |     43.739 |   1.1915 |     40.881 |     0.3
    4 |   1.2342 |     42.260 |   1.2194 |     42.175 |     0.4
    5 |   1.2051 |     40.878 |   1.1666 |     39.957 |     0.5
    6 |   1.1710 |     40.008 |   1.1228 |     38.447 |     0.6
    7 |   1.1463 |     39.219 |   1.1146 |     38.817 |     0.7
    8 |   1.1197 |     38.414 |   1.1109 |     38.201 |     0.8
    9 |   1.0956 |     37.603 |   1.1060 |     37.770 |     0.9
   10 |   1.0610 |     36.461 |   1.0822 |     37.123 |     1.0
   11 |   1.0410 |     35.700 |   1.1058 |     36.938 |     1.1
   12 |   1.0098 |     34.748 |   1.0887 |     36.691 |     1.2
   13 |   0.9885 |     34.138 |   1.0661 |     35.551 |     1.3
   14 |   0.9532 |     32.675 |   1.0605 |     36.014 |     1.4
   15 |   0.9402 |     32.534 |   1.0527 |     35.860 |     1.5
   16 |   0.9094 |     31.473 |   1.0588 |     35.059 |     1.6
   17 |   0.8991 |     31.495 |   1.0481 |     34.966 |     1.6
   18 |   0.8745 |     30.282 |   1.0860 |     35.952 |     1.7
   19 |   0.8580 |     29.569 |   1.0474 |     34.196 |     1.8
   20 |   0.8344 |     29.167 |   1.0796 |     34.412 |     1.9
   21 |   0.8175 |     28.362 |   1.0567 |     34.535 |     2.0
   22 |   0.7987 |     27.649 |   1.0860 |     34.442 |     2.1
   23 |   0.7697 |     26.790 |   1.0749 |     35.151 |     2.2
Early stopping

Model: Seq2Seq Transformer
Source index: <Seq2Seq Index with 44 items>
Target index: <Seq2Seq Index with 34 items>
Max sequence length: 800
Embedding dimension: 128
Feedforward dimension: 128
Encoder layers: 2
Decoder layers: 4
Attention heads: 4
Activation: relu
Dropout: 0.2
Trainable parameters: 980,002

Training started
X_train.shape: torch.Size([3064, 649])
Y_train.shape: torch.Size([3064, 7])
X_dev.shape: torch.Size([541, 702])
Y_dev.shape: torch.Size([541, 7])
Epochs: 500
Learning rate: 0.0001
Weight decay: 1e-05
Epoch | Train                 | Development           | Minutes
      | Loss     | Error Rate | Loss     | Error Rate |
---------------------------------------------------------------
    1 |   2.5457 |     64.975 |   1.7062 |     47.843 |     0.1
    2 |   1.6907 |     46.927 |   1.4448 |     45.225 |     0.2
    3 |   1.5010 |     45.964 |   1.3881 |     45.040 |     0.3
    4 |   1.4350 |     45.784 |   1.3362 |     44.516 |     0.5
    5 |   1.3855 |     45.289 |   1.2967 |     43.685 |     0.6
    6 |   1.3500 |     44.653 |   1.2638 |     41.682 |     0.7
    7 |   1.3205 |     44.049 |   1.2406 |     41.251 |     0.8
    8 |   1.2988 |     43.380 |   1.2167 |     41.405 |     0.9
    9 |   1.2745 |     42.809 |   1.2057 |     40.758 |     1.0
   10 |   1.2528 |     42.385 |   1.1856 |     41.035 |     1.2
   11 |   1.2309 |     41.373 |   1.1657 |     38.848 |     1.3
   12 |   1.2191 |     40.992 |   1.1466 |     39.217 |     1.4
   13 |   1.2006 |     40.421 |   1.1369 |     39.217 |     1.5
   14 |   1.1817 |     40.013 |   1.1242 |     38.170 |     1.6
   15 |   1.1689 |     39.730 |   1.1170 |     37.893 |     1.7
   16 |   1.1560 |     39.203 |   1.1182 |     38.016 |     1.9
   17 |   1.1408 |     38.637 |   1.1011 |     37.123 |     2.0
   18 |   1.1273 |     38.490 |   1.0983 |     36.876 |     2.1
   19 |   1.1157 |     37.805 |   1.0968 |     37.215 |     2.2
   20 |   1.0966 |     37.070 |   1.0898 |     37.061 |     2.3
   21 |   1.0854 |     37.070 |   1.0739 |     35.983 |     2.4
   22 |   1.0804 |     36.679 |   1.0831 |     36.476 |     2.6
   23 |   1.0663 |     36.314 |   1.0723 |     36.537 |     2.7
   24 |   1.0509 |     35.825 |   1.0880 |     36.599 |     2.8
   25 |   1.0431 |     35.640 |   1.0689 |     35.890 |     2.9
   26 |   1.0409 |     35.466 |   1.0790 |     35.644 |     3.0
   27 |   1.0269 |     35.150 |   1.0652 |     35.521 |     3.2
   28 |   1.0093 |     34.639 |   1.0856 |     36.414 |     3.3
   29 |   1.0085 |     34.644 |   1.0727 |     35.890 |     3.4
   30 |   0.9912 |     33.741 |   1.0757 |     35.921 |     3.5
   31 |   0.9821 |     33.518 |   1.0688 |     35.705 |     3.6
Early stopping

Model: Seq2Seq Transformer
Source index: <Seq2Seq Index with 44 items>
Target index: <Seq2Seq Index with 34 items>
Max sequence length: 800
Embedding dimension: 128
Feedforward dimension: 128
Encoder layers: 2
Decoder layers: 4
Attention heads: 4
Activation: relu
Dropout: 0.1
Trainable parameters: 980,002

Training started
X_train.shape: torch.Size([3064, 649])
Y_train.shape: torch.Size([3064, 7])
X_dev.shape: torch.Size([541, 702])
Y_dev.shape: torch.Size([541, 7])
Epochs: 500
Learning rate: 0.0001
Weight decay: 0.0001
Epoch | Train                 | Development           | Minutes
      | Loss     | Error Rate | Loss     | Error Rate |
---------------------------------------------------------------
    1 |   2.1827 |     54.303 |   1.5001 |     45.071 |     0.1
    2 |   1.5100 |     46.056 |   1.3688 |     44.085 |     0.2
    3 |   1.4062 |     45.159 |   1.3161 |     43.746 |     0.3
    4 |   1.3493 |     44.256 |   1.2832 |     43.438 |     0.5
    5 |   1.3125 |     43.435 |   1.2457 |     41.343 |     0.6
    6 |   1.2765 |     42.314 |   1.2158 |     40.912 |     0.7
    7 |   1.2481 |     41.748 |   1.1904 |     39.864 |     0.8
    8 |   1.2208 |     41.085 |   1.1664 |     39.587 |     0.9
    9 |   1.1994 |     40.671 |   1.1523 |     39.341 |     1.1
   10 |   1.1756 |     39.823 |   1.1409 |     38.971 |     1.2
   11 |   1.1574 |     39.366 |   1.1257 |     38.940 |     1.3
   12 |   1.1378 |     38.778 |   1.1071 |     38.108 |     1.4
   13 |   1.1185 |     38.544 |   1.0950 |     37.369 |     1.5
   14 |   1.1068 |     37.690 |   1.0828 |     36.568 |     1.6
   15 |   1.0903 |     37.516 |   1.0713 |     36.845 |     1.8
   16 |   1.0764 |     36.994 |   1.0641 |     36.198 |     1.9
   17 |   1.0584 |     36.347 |   1.0595 |     36.445 |     2.0
   18 |   1.0433 |     35.525 |   1.0579 |     36.630 |     2.1
   19 |   1.0268 |     35.117 |   1.0522 |     36.352 |     2.2
   20 |   1.0202 |     34.943 |   1.0402 |     36.137 |     2.3
   21 |   1.0034 |     34.318 |   1.0293 |     34.904 |     2.5
   22 |   0.9838 |     33.747 |   1.0298 |     34.843 |     2.6
   23 |   0.9755 |     33.203 |   1.0180 |     34.935 |     2.7
   24 |   0.9680 |     33.257 |   1.0199 |     35.243 |     2.8
   25 |   0.9485 |     32.033 |   1.0134 |     34.535 |     2.9
   26 |   0.9402 |     32.115 |   1.0151 |     34.350 |     3.1
   27 |   0.9231 |     31.321 |   1.0124 |     34.381 |     3.2
   28 |   0.9159 |     31.168 |   1.0075 |     34.196 |     3.3
   29 |   0.9027 |     30.352 |   1.0026 |     33.949 |     3.4
   30 |   0.8849 |     30.091 |   0.9946 |     33.580 |     3.5
   31 |   0.8832 |     30.461 |   0.9851 |     32.933 |     3.6
   32 |   0.8666 |     29.901 |   0.9920 |     33.611 |     3.8
   33 |   0.8586 |     29.134 |   0.9772 |     33.056 |     3.9
   34 |   0.8513 |     29.118 |   1.0046 |     33.672 |     4.0
   35 |   0.8406 |     28.596 |   0.9930 |     33.025 |     4.1
   36 |   0.8237 |     27.823 |   0.9919 |     32.440 |     4.2
   37 |   0.8200 |     27.878 |   0.9937 |     32.656 |     4.3
Early stopping

Model: Seq2Seq Transformer
Source index: <Seq2Seq Index with 44 items>
Target index: <Seq2Seq Index with 34 items>
Max sequence length: 800
Embedding dimension: 128
Feedforward dimension: 64
Encoder layers: 2
Decoder layers: 3
Attention heads: 2
Activation: relu
Dropout: 0.2
Trainable parameters: 731,874

Training started
X_train.shape: torch.Size([3064, 649])
Y_train.shape: torch.Size([3064, 7])
X_dev.shape: torch.Size([541, 702])
Y_dev.shape: torch.Size([541, 7])
Epochs: 500
Learning rate: 0.001
Weight decay: 1e-05
Epoch | Train                 | Development           | Minutes
      | Loss     | Error Rate | Loss     | Error Rate |
---------------------------------------------------------------
    1 |   1.6531 |     49.113 |   1.3303 |     44.393 |     0.1
    2 |   1.3304 |     44.724 |   1.2582 |     43.592 |     0.2
    3 |   1.2736 |     43.549 |   1.2042 |     41.682 |     0.2
    4 |   1.2241 |     42.124 |   1.1753 |     41.066 |     0.3
    5 |   1.1838 |     41.090 |   1.1649 |     41.682 |     0.4
    6 |   1.1569 |     39.806 |   1.1247 |     39.618 |     0.5
    7 |   1.1284 |     38.854 |   1.1011 |     37.862 |     0.6
    8 |   1.0973 |     38.000 |   1.1007 |     37.739 |     0.7
    9 |   1.0719 |     36.994 |   1.1205 |     38.663 |     0.8
   10 |   1.0442 |     36.146 |   1.0841 |     36.414 |     0.8
   11 |   1.0172 |     35.188 |   1.0882 |     36.106 |     0.9
   12 |   0.9873 |     33.959 |   1.0780 |     36.198 |     1.0
   13 |   0.9630 |     32.996 |   1.0639 |     36.322 |     1.1
   14 |   0.9483 |     32.882 |   1.0640 |     35.059 |     1.2
   15 |   0.9230 |     31.876 |   1.0727 |     36.352 |     1.3
   16 |   0.8950 |     30.875 |   1.0766 |     35.213 |     1.3
   17 |   0.8769 |     30.298 |   1.1013 |     36.014 |     1.4
Early stopping

Model: Seq2Seq Transformer
Source index: <Seq2Seq Index with 44 items>
Target index: <Seq2Seq Index with 34 items>
Max sequence length: 800
Embedding dimension: 64
Feedforward dimension: 128
Encoder layers: 4
Decoder layers: 2
Attention heads: 2
Activation: relu
Dropout: 0.2
Trainable parameters: 293,026

Training started
X_train.shape: torch.Size([3064, 649])
Y_train.shape: torch.Size([3064, 7])
X_dev.shape: torch.Size([541, 702])
Y_dev.shape: torch.Size([541, 7])
Epochs: 500
Learning rate: 0.0001
Weight decay: 1e-05
Epoch | Train                 | Development           | Minutes
      | Loss     | Error Rate | Loss     | Error Rate |
---------------------------------------------------------------
    1 |   2.8356 |     69.533 |   2.1326 |     55.268 |     0.1
    2 |   2.0656 |     49.695 |   1.6628 |     46.087 |     0.2
    3 |   1.7428 |     46.769 |   1.5284 |     46.057 |     0.3
    4 |   1.6069 |     46.171 |   1.4632 |     44.917 |     0.4
    5 |   1.5300 |     45.899 |   1.4232 |     44.917 |     0.5
    6 |   1.4893 |     46.154 |   1.3957 |     44.855 |     0.6
    7 |   1.4579 |     45.855 |   1.3801 |     44.917 |     0.7
    8 |   1.4305 |     45.725 |   1.3521 |     44.362 |     0.8
    9 |   1.4058 |     45.376 |   1.3379 |     44.640 |     0.9
   10 |   1.3878 |     45.099 |   1.3213 |     44.054 |     1.0
   11 |   1.3698 |     44.751 |   1.3046 |     43.993 |     1.1
   12 |   1.3533 |     44.457 |   1.2810 |     42.452 |     1.2
   13 |   1.3360 |     44.218 |   1.2657 |     41.774 |     1.3
   14 |   1.3205 |     43.777 |   1.2574 |     41.867 |     1.4
   15 |   1.3134 |     43.494 |   1.2438 |     41.220 |     1.5
   16 |   1.2976 |     43.092 |   1.2304 |     41.158 |     1.6
   17 |   1.2849 |     42.907 |   1.2228 |     40.696 |     1.7
   18 |   1.2777 |     42.396 |   1.2141 |     40.573 |     1.8
   19 |   1.2635 |     42.232 |   1.2064 |     40.604 |     1.9
   20 |   1.2543 |     42.194 |   1.2027 |     40.203 |     2.0
   21 |   1.2489 |     41.775 |   1.1931 |     40.450 |     2.1
   22 |   1.2340 |     41.580 |   1.1915 |     40.419 |     2.2
   23 |   1.2285 |     41.400 |   1.1835 |     40.665 |     2.3
   24 |   1.2234 |     41.150 |   1.1765 |     40.327 |     2.3
   25 |   1.2156 |     41.302 |   1.1740 |     40.080 |     2.4
   26 |   1.2077 |     40.829 |   1.1725 |     39.710 |     2.5
   27 |   1.1974 |     40.465 |   1.1719 |     40.111 |     2.6
   28 |   1.1960 |     40.584 |   1.1629 |     39.187 |     2.7
   29 |   1.1818 |     40.024 |   1.1589 |     39.464 |     2.8
   30 |   1.1816 |     40.193 |   1.1659 |     39.433 |     2.9
   31 |   1.1761 |     39.937 |   1.1628 |     39.217 |     3.0
   32 |   1.1671 |     39.638 |   1.1542 |     39.156 |     3.1
   33 |   1.1649 |     39.616 |   1.1576 |     39.248 |     3.2
   34 |   1.1560 |     39.496 |   1.1465 |     39.033 |     3.3
   35 |   1.1506 |     39.322 |   1.1523 |     39.187 |     3.4
   36 |   1.1440 |     38.952 |   1.1532 |     38.879 |     3.5
   37 |   1.1401 |     38.980 |   1.1436 |     38.909 |     3.6
   38 |   1.1371 |     38.784 |   1.1584 |     39.433 |     3.7
   39 |   1.1239 |     38.376 |   1.1612 |     39.248 |     3.8
   40 |   1.1264 |     38.718 |   1.1378 |     38.170 |     3.9
   41 |   1.1148 |     38.071 |   1.1447 |     38.324 |     4.0
   42 |   1.1123 |     38.044 |   1.1349 |     38.540 |     4.1
   43 |   1.1100 |     37.995 |   1.1392 |     38.386 |     4.2
   44 |   1.1038 |     37.549 |   1.1395 |     38.324 |     4.3
   45 |   1.0990 |     37.331 |   1.1439 |     38.909 |     4.4
   46 |   1.0939 |     37.315 |   1.1281 |     37.800 |     4.5
   47 |   1.0876 |     36.983 |   1.1474 |     38.078 |     4.6
   48 |   1.0844 |     37.141 |   1.1289 |     37.893 |     4.7
   49 |   1.0830 |     36.989 |   1.1411 |     38.078 |     4.8
   50 |   1.0794 |     36.885 |   1.1226 |     37.954 |     4.9
   51 |   1.0727 |     36.744 |   1.1440 |     38.108 |     5.0
   52 |   1.0656 |     36.891 |   1.1335 |     37.862 |     5.1
   53 |   1.0646 |     36.472 |   1.1239 |     37.616 |     5.2
   54 |   1.0672 |     36.673 |   1.1244 |     37.585 |     5.3
Early stopping

Model: Seq2Seq Transformer
Source index: <Seq2Seq Index with 44 items>
Target index: <Seq2Seq Index with 34 items>
Max sequence length: 800
Embedding dimension: 128
Feedforward dimension: 256
Encoder layers: 4
Decoder layers: 3
Attention heads: 2
Activation: relu
Dropout: 0.2
Trainable parameters: 1,243,554

Training started
X_train.shape: torch.Size([3064, 649])
Y_train.shape: torch.Size([3064, 7])
X_dev.shape: torch.Size([541, 702])
Y_dev.shape: torch.Size([541, 7])
Epochs: 500
Learning rate: 0.001
Weight decay: 1e-05
Epoch | Train                 | Development           | Minutes
      | Loss     | Error Rate | Loss     | Error Rate |
---------------------------------------------------------------
    1 |   1.6139 |     49.010 |   1.3330 |     45.132 |     0.1
    2 |   1.3461 |     45.763 |   1.2743 |     44.023 |     0.3
    3 |   1.2968 |     44.860 |   1.2332 |     43.192 |     0.4
    4 |   1.2678 |     44.316 |   1.1998 |     42.637 |     0.6
    5 |   1.2383 |     44.027 |   1.1849 |     42.668 |     0.7
    6 |   1.2214 |     43.358 |   1.1930 |     43.222 |     0.9
    7 |   1.2060 |     43.086 |   1.1570 |     41.682 |     1.0
    8 |   1.1904 |     42.716 |   1.1509 |     41.251 |     1.2
    9 |   1.1842 |     42.396 |   1.1416 |     40.542 |     1.3
   10 |   1.1715 |     42.493 |   1.1416 |     41.220 |     1.5
   11 |   1.1546 |     41.705 |   1.1178 |     39.772 |     1.6
   12 |   1.1457 |     41.215 |   1.1238 |     40.234 |     1.7
   13 |   1.1422 |     41.427 |   1.1177 |     40.511 |     1.9
   14 |   1.1486 |     41.770 |   1.1138 |     40.296 |     2.0
   15 |   1.1404 |     41.607 |   1.1084 |     39.710 |     2.2
   16 |   1.1418 |     41.558 |   1.1415 |     41.497 |     2.3
   17 |   1.1482 |     42.254 |   1.1213 |     42.514 |     2.5
   18 |   1.1389 |     41.906 |   1.1166 |     41.004 |     2.6
   19 |   1.1292 |     41.498 |   1.1013 |     39.772 |     2.8
   20 |   1.1191 |     40.639 |   1.1057 |     39.495 |     2.9
   21 |   1.1116 |     40.606 |   1.1014 |     40.727 |     3.1
   22 |   1.1078 |     40.791 |   1.0986 |     40.111 |     3.2
   23 |   1.1091 |     40.628 |   1.1006 |     40.234 |     3.4
   24 |   1.1009 |     40.383 |   1.1054 |     39.988 |     3.5
   25 |   1.0944 |     40.475 |   1.0887 |     39.680 |     3.6
   26 |   1.1130 |     41.280 |   1.1872 |     42.329 |     3.8
   27 |   1.0969 |     40.535 |   1.0867 |     40.018 |     3.9
   28 |   1.0873 |     40.236 |   1.1114 |     40.604 |     4.1
   29 |   1.0843 |     39.817 |   1.1068 |     40.974 |     4.2
   30 |   1.0822 |     39.904 |   1.1220 |     41.251 |     4.4
   31 |   1.0811 |     39.964 |   1.0877 |     40.142 |     4.5
Early stopping

Model: Seq2Seq Transformer
Source index: <Seq2Seq Index with 44 items>
Target index: <Seq2Seq Index with 34 items>
Max sequence length: 800
Embedding dimension: 64
Feedforward dimension: 256
Encoder layers: 4
Decoder layers: 3
Attention heads: 4
Activation: relu
Dropout: 0.0
Trainable parameters: 458,850

Training started
X_train.shape: torch.Size([3064, 649])
Y_train.shape: torch.Size([3064, 7])
X_dev.shape: torch.Size([541, 702])
Y_dev.shape: torch.Size([541, 7])
Epochs: 500
Learning rate: 0.001
Weight decay: 0.0001
Epoch | Train                 | Development           | Minutes
      | Loss     | Error Rate | Loss     | Error Rate |
---------------------------------------------------------------
    1 |   1.6167 |     47.356 |   1.3369 |     44.640 |     0.1
    2 |   1.2810 |     44.131 |   1.2343 |     43.346 |     0.3
    3 |   1.2114 |     43.190 |   1.1942 |     41.836 |     0.4
    4 |   1.1738 |     42.270 |   1.1728 |     41.682 |     0.6
    5 |   1.1508 |     41.884 |   1.1309 |     40.450 |     0.7
    6 |   1.1342 |     41.455 |   1.1331 |     41.251 |     0.9
    7 |   1.1162 |     41.036 |   1.1259 |     41.590 |     1.0
    8 |   1.1049 |     41.106 |   1.1198 |     40.357 |     1.1
    9 |   1.1003 |     40.769 |   1.1059 |     40.542 |     1.3
   10 |   1.0936 |     40.677 |   1.1171 |     41.374 |     1.4
   11 |   1.0872 |     40.840 |   1.0990 |     40.511 |     1.6
   12 |   1.0816 |     40.470 |   1.0996 |     40.696 |     1.7
   13 |   1.0783 |     40.486 |   1.0829 |     39.772 |     1.9
   14 |   1.0735 |     40.149 |   1.0790 |     38.725 |     2.0
   15 |   1.0577 |     38.882 |   1.0837 |     39.926 |     2.1
   16 |   1.0478 |     38.702 |   1.0723 |     39.063 |     2.3
   17 |   1.0324 |     38.033 |   1.0554 |     37.800 |     2.4
   18 |   1.0219 |     37.794 |   1.0423 |     37.461 |     2.6
   19 |   1.0083 |     37.038 |   1.0553 |     37.924 |     2.7
   20 |   1.0022 |     37.212 |   1.0380 |     37.492 |     2.9
   21 |   0.9960 |     37.456 |   1.0415 |     37.985 |     3.0
   22 |   0.9858 |     36.494 |   1.0238 |     36.168 |     3.2
   23 |   0.9808 |     36.341 |   1.0323 |     37.338 |     3.3
   24 |   0.9713 |     35.808 |   1.0293 |     36.815 |     3.4
   25 |   0.9671 |     35.661 |   1.0185 |     36.198 |     3.6
   26 |   0.9669 |     35.700 |   1.0146 |     36.198 |     3.7
   27 |   0.9552 |     35.232 |   1.0151 |     35.921 |     3.9
   28 |   0.9499 |     35.335 |   1.0027 |     35.644 |     4.0
   29 |   0.9497 |     35.253 |   1.0066 |     36.106 |     4.2
   30 |   0.9388 |     34.622 |   1.0126 |     34.812 |     4.3
   31 |   0.9346 |     34.253 |   1.0102 |     35.705 |     4.4
   32 |   0.9209 |     34.035 |   1.0060 |     35.798 |     4.6
   33 |   0.9137 |     33.627 |   1.0004 |     35.151 |     4.7
   34 |   0.9105 |     33.475 |   1.0089 |     35.213 |     4.9
   35 |   0.9077 |     33.148 |   0.9983 |     34.165 |     5.0
   36 |   0.8964 |     33.018 |   0.9886 |     35.059 |     5.2
   37 |   0.8879 |     32.452 |   0.9875 |     34.720 |     5.3
   38 |   0.8805 |     32.371 |   0.9996 |     35.151 |     5.5
   39 |   0.8743 |     32.365 |   0.9930 |     34.442 |     5.6
   40 |   0.8690 |     32.360 |   0.9955 |     34.412 |     5.7
   41 |   0.8567 |     31.435 |   1.0096 |     35.243 |     5.9
Early stopping

Model: Seq2Seq Transformer
Source index: <Seq2Seq Index with 44 items>
Target index: <Seq2Seq Index with 34 items>
Max sequence length: 800
Embedding dimension: 128
Feedforward dimension: 64
Encoder layers: 2
Decoder layers: 3
Attention heads: 4
Activation: relu
Dropout: 0.0
Trainable parameters: 731,874

Training started
X_train.shape: torch.Size([3064, 649])
Y_train.shape: torch.Size([3064, 7])
X_dev.shape: torch.Size([541, 702])
Y_dev.shape: torch.Size([541, 7])
Epochs: 500
Learning rate: 0.0001
Weight decay: 0.0001
Epoch | Train                 | Development           | Minutes
      | Loss     | Error Rate | Loss     | Error Rate |
---------------------------------------------------------------
    1 |   2.1986 |     55.129 |   1.5661 |     45.132 |     0.1
    2 |   1.4667 |     45.627 |   1.3915 |     44.023 |     0.2
    3 |   1.3471 |     43.271 |   1.3100 |     42.637 |     0.3
    4 |   1.2803 |     42.151 |   1.2561 |     42.699 |     0.4
    5 |   1.2299 |     40.698 |   1.2213 |     40.573 |     0.5
    6 |   1.1874 |     39.948 |   1.1915 |     40.511 |     0.6
    7 |   1.1556 |     39.159 |   1.1652 |     39.372 |     0.7
    8 |   1.1260 |     38.354 |   1.1415 |     38.262 |     0.8
    9 |   1.0946 |     36.978 |   1.1239 |     37.985 |     0.9
   10 |   1.0732 |     36.189 |   1.1095 |     38.232 |     1.0
   11 |   1.0453 |     35.379 |   1.0872 |     37.153 |     1.1
   12 |   1.0221 |     34.606 |   1.0788 |     35.983 |     1.2
   13 |   0.9995 |     33.725 |   1.0786 |     36.168 |     1.3
   14 |   0.9765 |     32.893 |   1.0704 |     36.784 |     1.4
   15 |   0.9530 |     32.039 |   1.0539 |     35.736 |     1.5
   16 |   0.9312 |     31.103 |   1.0400 |     35.151 |     1.6
   17 |   0.9114 |     30.619 |   1.0307 |     34.874 |     1.7
   18 |   0.8889 |     29.743 |   1.0299 |     33.765 |     1.8
   19 |   0.8680 |     29.003 |   1.0139 |     34.104 |     1.9
   20 |   0.8481 |     28.313 |   1.0002 |     32.378 |     2.0
   21 |   0.8235 |     27.350 |   1.0103 |     33.303 |     2.1
   22 |   0.8080 |     26.811 |   1.0009 |     33.056 |     2.2
   23 |   0.7905 |     26.463 |   0.9821 |     31.577 |     2.3
   24 |   0.7678 |     25.685 |   0.9919 |     33.179 |     2.4
   25 |   0.7494 |     24.929 |   0.9886 |     31.731 |     2.5
   26 |   0.7251 |     24.141 |   0.9857 |     31.947 |     2.6
   27 |   0.7082 |     23.461 |   0.9869 |     32.009 |     2.6
   28 |   0.6918 |     22.792 |   0.9820 |     30.961 |     2.7
   29 |   0.6724 |     22.030 |   1.0057 |     31.701 |     2.8
   30 |   0.6554 |     21.453 |   0.9910 |     31.238 |     2.9
   31 |   0.6389 |     21.236 |   0.9886 |     30.776 |     3.0
   32 |   0.6173 |     20.485 |   0.9834 |     30.746 |     3.1
Early stopping

Model: Seq2Seq Transformer
Source index: <Seq2Seq Index with 44 items>
Target index: <Seq2Seq Index with 34 items>
Max sequence length: 800
Embedding dimension: 64
Feedforward dimension: 64
Encoder layers: 4
Decoder layers: 3
Attention heads: 2
Activation: relu
Dropout: 0.0
Trainable parameters: 285,474

Training started
X_train.shape: torch.Size([3064, 649])
Y_train.shape: torch.Size([3064, 7])
X_dev.shape: torch.Size([541, 702])
Y_dev.shape: torch.Size([541, 7])
Epochs: 500
Learning rate: 0.0001
Weight decay: 1e-05
Epoch | Train                 | Development           | Minutes
      | Loss     | Error Rate | Loss     | Error Rate |
---------------------------------------------------------------
    1 |   2.5773 |     63.544 |   1.9887 |     45.287 |     0.1
    2 |   1.7780 |     46.051 |   1.6303 |     45.256 |     0.2
    3 |   1.5688 |     45.844 |   1.5055 |     44.701 |     0.3
    4 |   1.4764 |     45.034 |   1.4301 |     43.839 |     0.4
    5 |   1.4132 |     43.864 |   1.3789 |     43.469 |     0.5
    6 |   1.3677 |     42.727 |   1.3446 |     42.575 |     0.6
    7 |   1.3339 |     42.765 |   1.3113 |     42.206 |     0.7
    8 |   1.3036 |     41.988 |   1.2852 |     41.620 |     0.8
    9 |   1.2763 |     41.498 |   1.2686 |     41.251 |     0.8
   10 |   1.2506 |     41.014 |   1.2520 |     41.004 |     0.9
   11 |   1.2282 |     40.666 |   1.2247 |     40.296 |     1.0
   12 |   1.2086 |     39.899 |   1.2093 |     40.419 |     1.1
   13 |   1.1913 |     39.741 |   1.1947 |     38.447 |     1.2
   14 |   1.1743 |     39.186 |   1.1818 |     39.341 |     1.3
   15 |   1.1546 |     38.827 |   1.1696 |     38.817 |     1.4
   16 |   1.1379 |     37.984 |   1.1465 |     38.262 |     1.5
   17 |   1.1228 |     37.712 |   1.1438 |     38.540 |     1.6
   18 |   1.1072 |     37.185 |   1.1496 |     38.016 |     1.7
   19 |   1.0893 |     36.826 |   1.1168 |     37.677 |     1.8
   20 |   1.0784 |     36.314 |   1.1153 |     37.554 |     1.9
   21 |   1.0625 |     35.710 |   1.1100 |     37.338 |     2.0
   22 |   1.0500 |     35.357 |   1.0924 |     36.815 |     2.1
   23 |   1.0336 |     34.612 |   1.0832 |     36.691 |     2.2
   24 |   1.0253 |     34.514 |   1.0837 |     37.030 |     2.3
   25 |   1.0119 |     34.008 |   1.0736 |     36.106 |     2.4
   26 |   0.9967 |     33.660 |   1.0773 |     36.691 |     2.5
   27 |   0.9833 |     33.148 |   1.0671 |     36.599 |     2.6
   28 |   0.9740 |     32.953 |   1.0543 |     35.582 |     2.7
   29 |   0.9598 |     32.398 |   1.0442 |     35.305 |     2.8
   30 |   0.9495 |     31.919 |   1.0529 |     35.736 |     2.8
   31 |   0.9409 |     31.827 |   1.0434 |     35.459 |     2.9
   32 |   0.9303 |     31.294 |   1.0432 |     35.243 |     3.0
   33 |   0.9175 |     30.853 |   1.0330 |     34.504 |     3.1
   34 |   0.9087 |     30.532 |   1.0314 |     34.843 |     3.2
   35 |   0.8966 |     30.042 |   1.0278 |     34.042 |     3.3
   36 |   0.8836 |     29.596 |   1.0293 |     34.504 |     3.4
   37 |   0.8775 |     29.428 |   1.0296 |     34.504 |     3.5
   38 |   0.8706 |     29.210 |   1.0183 |     34.165 |     3.6
   39 |   0.8601 |     28.873 |   1.0284 |     34.504 |     3.7
   40 |   0.8504 |     28.470 |   1.0275 |     33.949 |     3.8
   41 |   0.8435 |     28.438 |   1.0139 |     32.933 |     3.9
   42 |   0.8310 |     27.926 |   1.0212 |     34.196 |     4.0
   43 |   0.8218 |     27.377 |   1.0208 |     33.857 |     4.1
   44 |   0.8142 |     27.263 |   1.0143 |     33.888 |     4.2
   45 |   0.8054 |     26.654 |   1.0128 |     33.888 |     4.3
   46 |   0.7926 |     26.425 |   1.0156 |     33.487 |     4.4
   47 |   0.7812 |     26.137 |   1.0188 |     33.395 |     4.5
   48 |   0.7760 |     25.751 |   1.0200 |     33.919 |     4.6
   49 |   0.7680 |     25.587 |   1.0159 |     33.857 |     4.7
   50 |   0.7578 |     25.212 |   1.0067 |     33.611 |     4.7
   51 |   0.7503 |     25.076 |   1.0086 |     33.795 |     4.8
   52 |   0.7387 |     24.467 |   1.0109 |     33.364 |     4.9
   53 |   0.7310 |     24.407 |   1.0298 |     34.966 |     5.0
   54 |   0.7230 |     24.086 |   1.0072 |     33.364 |     5.1
Early stopping

Model: Seq2Seq Transformer
Source index: <Seq2Seq Index with 44 items>
Target index: <Seq2Seq Index with 34 items>
Max sequence length: 800
Embedding dimension: 128
Feedforward dimension: 64
Encoder layers: 2
Decoder layers: 3
Attention heads: 2
Activation: relu
Dropout: 0.1
Trainable parameters: 731,874

Training started
X_train.shape: torch.Size([3064, 649])
Y_train.shape: torch.Size([3064, 7])
X_dev.shape: torch.Size([541, 702])
Y_dev.shape: torch.Size([541, 7])
Epochs: 500
Learning rate: 0.001
Weight decay: 0.0001
Epoch | Train                 | Development           | Minutes
      | Loss     | Error Rate | Loss     | Error Rate |
---------------------------------------------------------------
    1 |   1.6094 |     48.461 |   1.2920 |     43.068 |     0.1
    2 |   1.2869 |     43.440 |   1.2189 |     41.343 |     0.2
    3 |   1.2239 |     42.091 |   1.1664 |     40.450 |     0.3
    4 |   1.1716 |     40.356 |   1.1425 |     39.433 |     0.3
    5 |   1.1283 |     39.007 |   1.1279 |     38.909 |     0.4
    6 |   1.0924 |     37.756 |   1.1004 |     38.016 |     0.5
    7 |   1.0540 |     36.510 |   1.0669 |     37.215 |     0.6
    8 |   1.0187 |     35.547 |   1.0584 |     37.184 |     0.7
    9 |   0.9846 |     33.823 |   1.0426 |     35.428 |     0.8
   10 |   0.9628 |     33.197 |   1.0311 |     35.459 |     0.8
   11 |   0.9224 |     32.039 |   1.0280 |     36.044 |     0.9
   12 |   0.8981 |     31.174 |   1.0443 |     35.274 |     1.0
   13 |   0.8834 |     30.733 |   1.0445 |     35.182 |     1.1
   14 |   0.8444 |     29.052 |   1.0238 |     33.487 |     1.2
   15 |   0.8270 |     28.470 |   1.0400 |     35.028 |     1.3
   16 |   0.7979 |     27.421 |   1.0330 |     33.795 |     1.4
   17 |   0.7825 |     27.410 |   1.0227 |     34.504 |     1.4
   18 |   0.7501 |     25.734 |   1.0479 |     33.364 |     1.5
   19 |   0.7355 |     25.479 |   1.0357 |     33.179 |     1.6
   20 |   0.7089 |     24.516 |   1.0558 |     33.672 |     1.7
   21 |   0.6920 |     23.711 |   1.0553 |     33.580 |     1.8
Early stopping

Model: Seq2Seq Transformer
Source index: <Seq2Seq Index with 44 items>
Target index: <Seq2Seq Index with 34 items>
Max sequence length: 800
Embedding dimension: 64
Feedforward dimension: 64
Encoder layers: 4
Decoder layers: 3
Attention heads: 2
Activation: relu
Dropout: 0.0
Trainable parameters: 285,474

Training started
X_train.shape: torch.Size([3064, 649])
Y_train.shape: torch.Size([3064, 7])
X_dev.shape: torch.Size([541, 702])
Y_dev.shape: torch.Size([541, 7])
Epochs: 500
Learning rate: 0.0001
Weight decay: 0.0001
Epoch | Train                 | Development           | Minutes
      | Loss     | Error Rate | Loss     | Error Rate |
---------------------------------------------------------------
    1 |   2.6695 |     66.346 |   2.0724 |     46.888 |     0.1
    2 |   1.8207 |     45.888 |   1.6414 |     45.071 |     0.2
    3 |   1.5771 |     45.583 |   1.5064 |     45.071 |     0.3
    4 |   1.4757 |     45.240 |   1.4366 |     44.547 |     0.4
    5 |   1.4175 |     44.484 |   1.3910 |     43.592 |     0.5
    6 |   1.3738 |     43.794 |   1.3502 |     43.007 |     0.6
    7 |   1.3363 |     43.473 |   1.3245 |     44.116 |     0.7
    8 |   1.3044 |     43.244 |   1.2928 |     43.222 |     0.8
    9 |   1.2774 |     42.591 |   1.2776 |     43.161 |     0.9
   10 |   1.2544 |     42.347 |   1.2470 |     41.990 |     0.9
   11 |   1.2329 |     41.547 |   1.2285 |     40.604 |     1.0
   12 |   1.2129 |     41.117 |   1.2059 |     39.680 |     1.1
   13 |   1.1932 |     40.410 |   1.1980 |     40.049 |     1.2
   14 |   1.1725 |     39.687 |   1.1839 |     39.926 |     1.3
   15 |   1.1566 |     39.306 |   1.1628 |     38.817 |     1.4
   16 |   1.1395 |     38.506 |   1.1567 |     38.725 |     1.5
   17 |   1.1237 |     38.006 |   1.1511 |     38.848 |     1.6
   18 |   1.1115 |     37.489 |   1.1386 |     38.047 |     1.7
   19 |   1.0969 |     37.070 |   1.1280 |     38.078 |     1.8
   20 |   1.0838 |     36.885 |   1.1060 |     37.092 |     1.9
   21 |   1.0695 |     36.031 |   1.1125 |     37.616 |     2.0
   22 |   1.0586 |     36.271 |   1.0978 |     36.630 |     2.1
   23 |   1.0442 |     35.324 |   1.0959 |     37.492 |     2.2
   24 |   1.0344 |     35.123 |   1.0721 |     35.767 |     2.3
   25 |   1.0241 |     34.720 |   1.0617 |     35.952 |     2.4
   26 |   1.0107 |     34.193 |   1.0636 |     35.952 |     2.5
   27 |   1.0005 |     33.981 |   1.0488 |     34.997 |     2.6
   28 |   0.9839 |     33.382 |   1.0764 |     36.168 |     2.7
   29 |   0.9796 |     33.448 |   1.0495 |     34.966 |     2.7
   30 |   0.9681 |     32.969 |   1.0409 |     34.997 |     2.8
   31 |   0.9577 |     32.496 |   1.0336 |     34.412 |     2.9
   32 |   0.9502 |     32.077 |   1.0296 |     34.997 |     3.0
   33 |   0.9366 |     31.745 |   1.0268 |     34.350 |     3.1
   34 |   0.9301 |     31.489 |   1.0233 |     34.442 |     3.2
   35 |   0.9204 |     31.326 |   1.0052 |     33.118 |     3.3
   36 |   0.9060 |     30.701 |   1.0056 |     33.703 |     3.4
   37 |   0.9001 |     30.576 |   1.0077 |     33.549 |     3.5
   38 |   0.8904 |     29.847 |   1.0015 |     33.118 |     3.6
   39 |   0.8812 |     29.553 |   1.0030 |     32.902 |     3.7
   40 |   0.8737 |     29.439 |   1.0140 |     33.426 |     3.8
   41 |   0.8623 |     28.933 |   0.9903 |     32.779 |     3.9
   42 |   0.8551 |     28.824 |   0.9904 |     32.994 |     4.0
   43 |   0.8501 |     28.770 |   0.9946 |     32.378 |     4.1
   44 |   0.8403 |     28.220 |   0.9874 |     31.639 |     4.2
   45 |   0.8362 |     28.296 |   0.9815 |     32.132 |     4.3
   46 |   0.8291 |     27.959 |   0.9820 |     32.378 |     4.4
   47 |   0.8170 |     27.257 |   0.9892 |     33.241 |     4.5
   48 |   0.8086 |     26.762 |   0.9838 |     31.885 |     4.5
   49 |   0.8021 |     27.051 |   0.9865 |     32.286 |     4.6
   50 |   0.7970 |     26.790 |   0.9683 |     31.547 |     4.7
   51 |   0.7873 |     26.518 |   0.9690 |     32.317 |     4.8
   52 |   0.7794 |     26.115 |   0.9716 |     30.684 |     4.9
   53 |   0.7771 |     26.104 |   0.9836 |     32.070 |     5.0
   54 |   0.7674 |     25.816 |   0.9835 |     31.978 |     5.1
Early stopping

Model: Seq2Seq Transformer
Source index: <Seq2Seq Index with 44 items>
Target index: <Seq2Seq Index with 34 items>
Max sequence length: 800
Embedding dimension: 128
Feedforward dimension: 256
Encoder layers: 2
Decoder layers: 2
Attention heads: 4
Activation: relu
Dropout: 0.2
Trainable parameters: 779,810

Training started
X_train.shape: torch.Size([3064, 649])
Y_train.shape: torch.Size([3064, 7])
X_dev.shape: torch.Size([541, 702])
Y_dev.shape: torch.Size([541, 7])
Epochs: 500
Learning rate: 0.0001
Weight decay: 0.0001
Epoch | Train                 | Development           | Minutes
      | Loss     | Error Rate | Loss     | Error Rate |
---------------------------------------------------------------
    1 |   2.2648 |     55.771 |   1.5611 |     45.132 |     0.1
    2 |   1.5731 |     46.361 |   1.4151 |     45.132 |     0.2
    3 |   1.4566 |     45.953 |   1.3526 |     44.270 |     0.3
    4 |   1.3888 |     45.322 |   1.3024 |     44.578 |     0.4
    5 |   1.3504 |     45.094 |   1.2795 |     42.976 |     0.5
    6 |   1.3164 |     44.278 |   1.2488 |     42.884 |     0.6
    7 |   1.2920 |     43.679 |   1.2262 |     41.528 |     0.7
    8 |   1.2681 |     42.765 |   1.2115 |     41.651 |     0.8
    9 |   1.2473 |     42.363 |   1.1895 |     41.528 |     0.9
   10 |   1.2295 |     42.080 |   1.1686 |     40.481 |     1.0
   11 |   1.2137 |     41.672 |   1.1704 |     40.758 |     1.1
   12 |   1.1952 |     40.970 |   1.1578 |     40.327 |     1.2
   13 |   1.1816 |     40.644 |   1.1563 |     39.957 |     1.3
   14 |   1.1716 |     40.530 |   1.1493 |     39.710 |     1.4
   15 |   1.1593 |     39.861 |   1.1384 |     39.063 |     1.5
   16 |   1.1445 |     39.273 |   1.1304 |     38.601 |     1.6
   17 |   1.1328 |     38.588 |   1.1373 |     39.402 |     1.7
   18 |   1.1207 |     38.795 |   1.1394 |     39.618 |     1.8
   19 |   1.1108 |     38.174 |   1.1171 |     38.755 |     1.9
   20 |   1.1003 |     38.060 |   1.1396 |     38.848 |     2.0
   21 |   1.0848 |     37.386 |   1.1176 |     38.632 |     2.1
   22 |   1.0753 |     37.125 |   1.1099 |     38.632 |     2.2
   23 |   1.0645 |     36.777 |   1.1098 |     38.571 |     2.3
   24 |   1.0524 |     36.320 |   1.1027 |     37.954 |     2.4
   25 |   1.0468 |     35.868 |   1.1245 |     38.139 |     2.5
   26 |   1.0306 |     35.444 |   1.1163 |     38.139 |     2.6
   27 |   1.0213 |     35.362 |   1.0856 |     37.153 |     2.7
   28 |   1.0146 |     34.954 |   1.0874 |     37.646 |     2.8
   29 |   1.0009 |     34.769 |   1.1018 |     37.369 |     2.9
   30 |   0.9947 |     34.198 |   1.0951 |     37.708 |     3.0
   31 |   0.9833 |     33.845 |   1.0932 |     37.246 |     3.1
Early stopping

Model: Seq2Seq Transformer
Source index: <Seq2Seq Index with 44 items>
Target index: <Seq2Seq Index with 34 items>
Max sequence length: 800
Embedding dimension: 64
Feedforward dimension: 256
Encoder layers: 4
Decoder layers: 4
Attention heads: 2
Activation: relu
Dropout: 0.2
Trainable parameters: 525,602

Training started
X_train.shape: torch.Size([3064, 649])
Y_train.shape: torch.Size([3064, 7])
X_dev.shape: torch.Size([541, 702])
Y_dev.shape: torch.Size([541, 7])
Epochs: 500
Learning rate: 0.001
Weight decay: 1e-05
Epoch | Train                 | Development           | Minutes
      | Loss     | Error Rate | Loss     | Error Rate |
---------------------------------------------------------------
    1 |   1.7798 |     50.392 |   1.3803 |     45.317 |     0.1
    2 |   1.3860 |     46.192 |   1.3024 |     45.410 |     0.2
    3 |   1.3310 |     45.866 |   1.2576 |     44.794 |     0.3
    4 |   1.2939 |     45.355 |   1.2323 |     44.023 |     0.5
    5 |   1.2636 |     44.577 |   1.1963 |     42.083 |     0.6
    6 |   1.2427 |     44.163 |   1.1844 |     42.730 |     0.7
    7 |   1.2291 |     43.407 |   1.1753 |     42.083 |     0.8
    8 |   1.2127 |     43.130 |   1.1677 |     41.312 |     0.9
    9 |   1.1992 |     42.526 |   1.1459 |     40.912 |     1.1
   10 |   1.1840 |     42.227 |   1.1523 |     41.282 |     1.2
   11 |   1.1676 |     41.922 |   1.1350 |     41.312 |     1.3
   12 |   1.1652 |     41.770 |   1.1272 |     40.789 |     1.4
   13 |   1.1508 |     41.471 |   1.1261 |     40.357 |     1.5
   14 |   1.1414 |     40.872 |   1.1300 |     40.049 |     1.6
   15 |   1.1338 |     40.579 |   1.1243 |     39.895 |     1.8
   16 |   1.1244 |     40.067 |   1.1119 |     39.618 |     1.9
   17 |   1.1104 |     39.714 |   1.1053 |     39.741 |     2.0
   18 |   1.1046 |     39.632 |   1.1104 |     40.142 |     2.1
   19 |   1.0966 |     39.208 |   1.0818 |     38.139 |     2.2
   20 |   1.0886 |     38.827 |   1.0954 |     38.694 |     2.4
   21 |   1.0754 |     38.697 |   1.0742 |     38.971 |     2.5
   22 |   1.0662 |     38.332 |   1.0646 |     39.094 |     2.6
   23 |   1.0559 |     37.892 |   1.0718 |     38.417 |     2.7
   24 |   1.0476 |     37.179 |   1.0700 |     39.094 |     2.8
   25 |   1.0449 |     37.544 |   1.0569 |     37.585 |     2.9
   26 |   1.0301 |     37.168 |   1.0674 |     37.924 |     3.1
   27 |   1.0168 |     36.004 |   1.0467 |     36.506 |     3.2
   28 |   1.0119 |     36.102 |   1.0611 |     38.078 |     3.3
   29 |   1.0035 |     35.906 |   1.0452 |     38.262 |     3.4
   30 |   0.9886 |     35.335 |   1.0388 |     36.537 |     3.5
   31 |   0.9840 |     35.308 |   1.0238 |     36.661 |     3.6
   32 |   0.9743 |     35.020 |   1.0218 |     36.322 |     3.8
   33 |   0.9661 |     34.149 |   1.0238 |     36.137 |     3.9
   34 |   0.9527 |     34.095 |   1.0211 |     36.229 |     4.0
   35 |   0.9436 |     33.720 |   1.0141 |     35.459 |     4.1
   36 |   0.9395 |     33.687 |   1.0094 |     35.243 |     4.2
   37 |   0.9345 |     33.197 |   1.0369 |     36.722 |     4.4
   38 |   0.9196 |     32.768 |   1.0163 |     36.198 |     4.5
   39 |   0.9108 |     32.115 |   1.0308 |     35.890 |     4.6
   40 |   0.8997 |     31.973 |   1.0130 |     36.537 |     4.7
Early stopping

Model: Seq2Seq Transformer
Source index: <Seq2Seq Index with 44 items>
Target index: <Seq2Seq Index with 34 items>
Max sequence length: 800
Embedding dimension: 64
Feedforward dimension: 64
Encoder layers: 2
Decoder layers: 4
Attention heads: 4
Activation: relu
Dropout: 0.2
Trainable parameters: 277,026

Training started
X_train.shape: torch.Size([3064, 649])
Y_train.shape: torch.Size([3064, 7])
X_dev.shape: torch.Size([541, 702])
Y_dev.shape: torch.Size([541, 7])
Epochs: 500
Learning rate: 0.0001
Weight decay: 1e-05
Epoch | Train                 | Development           | Minutes
      | Loss     | Error Rate | Loss     | Error Rate |
---------------------------------------------------------------
    1 |   2.9456 |     79.542 |   2.4846 |     61.060 |     0.1
    2 |   2.3570 |     57.164 |   1.8133 |     46.149 |     0.2
    3 |   1.8679 |     47.634 |   1.5605 |     46.087 |     0.3
    4 |   1.6542 |     46.579 |   1.4773 |     45.009 |     0.4
    5 |   1.5587 |     46.399 |   1.4312 |     44.978 |     0.5
    6 |   1.5059 |     46.334 |   1.4021 |     44.855 |     0.6
    7 |   1.4643 |     46.241 |   1.3770 |     44.886 |     0.7
    8 |   1.4396 |     45.953 |   1.3554 |     44.609 |     0.8
    9 |   1.4171 |     45.795 |   1.3375 |     44.670 |     0.9
   10 |   1.3969 |     45.714 |   1.3202 |     44.147 |     1.0
   11 |   1.3775 |     45.491 |   1.3116 |     44.301 |     1.1
   12 |   1.3654 |     45.066 |   1.2985 |     43.746 |     1.2
   13 |   1.3534 |     44.832 |   1.2873 |     43.931 |     1.3
   14 |   1.3411 |     44.691 |   1.2808 |     43.192 |     1.4
   15 |   1.3303 |     44.332 |   1.2732 |     43.500 |     1.5
   16 |   1.3205 |     43.815 |   1.2670 |     43.007 |     1.6
   17 |   1.3062 |     43.614 |   1.2496 |     42.237 |     1.7
   18 |   1.2948 |     43.380 |   1.2395 |     41.836 |     1.8
   19 |   1.2880 |     43.070 |   1.2338 |     41.189 |     1.9
   20 |   1.2808 |     42.907 |   1.2255 |     41.343 |     2.0
   21 |   1.2748 |     42.804 |   1.2185 |     41.128 |     2.1
   22 |   1.2631 |     42.309 |   1.2199 |     41.590 |     2.2
   23 |   1.2564 |     42.292 |   1.2083 |     40.665 |     2.3
   24 |   1.2513 |     42.091 |   1.1973 |     40.203 |     2.4
   25 |   1.2401 |     41.960 |   1.1922 |     39.864 |     2.5
   26 |   1.2337 |     41.569 |   1.1861 |     40.265 |     2.6
   27 |   1.2267 |     41.748 |   1.1943 |     40.727 |     2.7
   28 |   1.2178 |     41.210 |   1.1695 |     39.710 |     2.8
   29 |   1.2141 |     41.438 |   1.1773 |     39.741 |     2.9
   30 |   1.2064 |     40.932 |   1.1701 |     39.556 |     3.0
   31 |   1.1957 |     40.666 |   1.1638 |     39.895 |     3.1
   32 |   1.1890 |     40.791 |   1.1527 |     39.279 |     3.2
   33 |   1.1871 |     40.508 |   1.1523 |     39.402 |     3.3
   34 |   1.1809 |     40.644 |   1.1469 |     38.663 |     3.4
   35 |   1.1753 |     39.991 |   1.1474 |     39.156 |     3.5
   36 |   1.1674 |     39.817 |   1.1407 |     39.217 |     3.6
   37 |   1.1651 |     40.062 |   1.1418 |     39.094 |     3.7
   38 |   1.1585 |     39.747 |   1.1373 |     38.571 |     3.8
   39 |   1.1558 |     39.540 |   1.1313 |     38.909 |     3.9
   40 |   1.1451 |     39.534 |   1.1387 |     39.741 |     4.0
   41 |   1.1382 |     39.045 |   1.1283 |     38.663 |     4.1
   42 |   1.1403 |     39.083 |   1.1268 |     38.571 |     4.2
   43 |   1.1292 |     39.007 |   1.1221 |     38.540 |     4.3
   44 |   1.1281 |     38.398 |   1.1244 |     38.786 |     4.4
   45 |   1.1196 |     38.251 |   1.1297 |     38.201 |     4.5
   46 |   1.1178 |     38.501 |   1.1233 |     38.324 |     4.6
   47 |   1.1126 |     38.359 |   1.1255 |     38.293 |     4.7
   48 |   1.1054 |     38.098 |   1.1161 |     38.201 |     4.8
   49 |   1.1045 |     37.968 |   1.1196 |     38.139 |     4.9
   50 |   1.0967 |     37.587 |   1.1176 |     38.232 |     5.0
   51 |   1.0946 |     37.761 |   1.1138 |     38.108 |     5.1
   52 |   1.0889 |     37.337 |   1.1165 |     37.954 |     5.2
   53 |   1.0866 |     37.369 |   1.1090 |     37.585 |     5.3
   54 |   1.0828 |     37.043 |   1.1053 |     37.739 |     5.4
   55 |   1.0761 |     37.016 |   1.1086 |     37.431 |     5.5
   56 |   1.0732 |     36.706 |   1.1052 |     37.215 |     5.6
   57 |   1.0706 |     36.787 |   1.1054 |     37.616 |     5.7
   58 |   1.0648 |     36.820 |   1.1028 |     37.369 |     5.8
   59 |   1.0618 |     36.456 |   1.0995 |     36.845 |     5.9
   60 |   1.0611 |     36.276 |   1.0984 |     36.969 |     5.9
   61 |   1.0554 |     36.292 |   1.0984 |     36.537 |     6.0
   62 |   1.0504 |     36.124 |   1.1000 |     36.969 |     6.1
   63 |   1.0459 |     36.097 |   1.0990 |     37.153 |     6.2
   64 |   1.0411 |     35.596 |   1.0944 |     36.691 |     6.3
   65 |   1.0347 |     35.362 |   1.1038 |     37.708 |     6.4
   66 |   1.0334 |     35.939 |   1.0908 |     36.352 |     6.5
   67 |   1.0305 |     35.444 |   1.0953 |     36.661 |     6.6
   68 |   1.0219 |     34.987 |   1.0967 |     37.369 |     6.7
   69 |   1.0195 |     34.911 |   1.0939 |     36.537 |     6.8
   70 |   1.0193 |     34.856 |   1.0902 |     36.630 |     6.9
   71 |   1.0121 |     34.846 |   1.0903 |     36.445 |     7.0
   72 |   1.0072 |     34.465 |   1.0885 |     36.506 |     7.1
   73 |   1.0112 |     34.389 |   1.0873 |     36.106 |     7.2
   74 |   1.0086 |     34.242 |   1.0824 |     36.568 |     7.3
   75 |   1.0010 |     34.329 |   1.0854 |     36.414 |     7.4
   76 |   0.9987 |     34.138 |   1.0896 |     36.506 |     7.5
   77 |   0.9949 |     34.231 |   1.0866 |     36.661 |     7.6
   78 |   0.9869 |     33.894 |   1.0866 |     36.445 |     7.7
   79 |   0.9896 |     34.019 |   1.0819 |     36.691 |     7.8
   80 |   0.9818 |     33.480 |   1.0822 |     36.106 |     7.9
   81 |   0.9795 |     33.981 |   1.0883 |     36.506 |     8.0
   82 |   0.9754 |     33.252 |   1.0794 |     36.075 |     8.1
   83 |   0.9791 |     33.458 |   1.0943 |     36.568 |     8.2
   84 |   0.9646 |     33.181 |   1.0915 |     36.661 |     8.3
   85 |   0.9671 |     32.996 |   1.0783 |     35.890 |     8.4
   86 |   0.9621 |     32.577 |   1.0797 |     36.198 |     8.5
   87 |   0.9608 |     32.947 |   1.0820 |     36.137 |     8.6
   88 |   0.9541 |     32.507 |   1.0837 |     36.014 |     8.7
   89 |   0.9553 |     32.550 |   1.0811 |     35.521 |     8.8
   90 |   0.9494 |     32.245 |   1.0759 |     35.829 |     8.9
   91 |   0.9500 |     32.534 |   1.0747 |     35.860 |     9.0
   92 |   0.9413 |     31.810 |   1.0775 |     35.798 |     9.1
   93 |   0.9442 |     31.984 |   1.0738 |     35.952 |     9.2
   94 |   0.9358 |     31.963 |   1.0799 |     35.890 |     9.3
   95 |   0.9318 |     31.631 |   1.0845 |     35.829 |     9.4
   96 |   0.9296 |     31.723 |   1.0704 |     35.613 |     9.5
   97 |   0.9279 |     31.707 |   1.0728 |     35.120 |     9.6
   98 |   0.9263 |     31.658 |   1.0772 |     35.551 |     9.7
   99 |   0.9236 |     31.707 |   1.0795 |     35.705 |     9.8
  100 |   0.9205 |     31.326 |   1.0760 |     35.336 |     9.9
Early stopping

Model: Seq2Seq Transformer
Source index: <Seq2Seq Index with 44 items>
Target index: <Seq2Seq Index with 34 items>
Max sequence length: 800
Embedding dimension: 128
Feedforward dimension: 256
Encoder layers: 4
Decoder layers: 4
Attention heads: 4
Activation: relu
Dropout: 0.2
Trainable parameters: 1,442,338

Training started
X_train.shape: torch.Size([3064, 649])
Y_train.shape: torch.Size([3064, 7])
X_dev.shape: torch.Size([541, 702])
Y_dev.shape: torch.Size([541, 7])
Epochs: 500
Learning rate: 0.001
Weight decay: 1e-05
Epoch | Train                 | Development           | Minutes
      | Loss     | Error Rate | Loss     | Error Rate |
---------------------------------------------------------------
    1 |   1.6899 |     50.218 |   1.3505 |     46.026 |     0.2
    2 |   1.3705 |     46.323 |   1.3106 |     44.424 |     0.4
    3 |   1.3248 |     45.741 |   1.2544 |     44.177 |     0.6
    4 |   1.2854 |     45.143 |   1.2310 |     43.469 |     0.8
    5 |   1.2642 |     44.919 |   1.2061 |     42.730 |     1.0
    6 |   1.2460 |     44.539 |   1.2031 |     43.007 |     1.2
    7 |   1.2366 |     43.935 |   1.1826 |     42.853 |     1.4
    8 |   1.2196 |     43.750 |   1.1784 |     41.682 |     1.6
    9 |   1.2114 |     43.266 |   1.1519 |     41.128 |     1.8
   10 |   1.1980 |     43.135 |   1.1592 |     41.774 |     2.0
   11 |   1.1904 |     42.787 |   1.1523 |     42.021 |     2.2
   12 |   1.1777 |     42.303 |   1.1350 |     40.974 |     2.3
   13 |   1.1683 |     42.406 |   1.1432 |     41.374 |     2.5
   14 |   1.1651 |     42.200 |   1.1368 |     41.312 |     2.7
   15 |   1.1614 |     41.971 |   1.1250 |     40.388 |     2.9
   16 |   1.1500 |     41.248 |   1.1082 |     40.080 |     3.1
   17 |   1.1371 |     41.144 |   1.1264 |     40.665 |     3.3
   18 |   1.1321 |     41.324 |   1.1013 |     40.388 |     3.5
   19 |   1.1292 |     40.987 |   1.1176 |     40.758 |     3.7
   20 |   1.1234 |     40.949 |   1.1052 |     39.895 |     3.9
   21 |   1.1214 |     40.911 |   1.1024 |     39.680 |     4.1
   22 |   1.1155 |     40.960 |   1.0937 |     40.111 |     4.3
   23 |   1.1110 |     40.775 |   1.0955 |     39.495 |     4.5
   24 |   1.1119 |     40.693 |   1.0932 |     39.710 |     4.7
   25 |   1.1019 |     40.530 |   1.0895 |     39.526 |     4.9
   26 |   1.0968 |     40.247 |   1.0811 |     39.187 |     5.1
   27 |   1.0939 |     40.171 |   1.0928 |     40.234 |     5.3
   28 |   1.0921 |     40.263 |   1.0805 |     39.587 |     5.5
   29 |   1.0870 |     40.149 |   1.0836 |     39.526 |     5.7
   30 |   1.0834 |     39.795 |   1.0922 |     39.803 |     5.9
   31 |   1.0893 |     40.312 |   1.0879 |     40.573 |     6.1
   32 |   1.0853 |     40.073 |   1.0877 |     39.495 |     6.3
Early stopping

Model: Seq2Seq Transformer
Source index: <Seq2Seq Index with 44 items>
Target index: <Seq2Seq Index with 34 items>
Max sequence length: 800
Embedding dimension: 64
Feedforward dimension: 128
Encoder layers: 2
Decoder layers: 4
Attention heads: 2
Activation: relu
Dropout: 0.0
Trainable parameters: 326,562

Training started
X_train.shape: torch.Size([3064, 649])
Y_train.shape: torch.Size([3064, 7])
X_dev.shape: torch.Size([541, 702])
Y_dev.shape: torch.Size([541, 7])
Epochs: 500
Learning rate: 0.0001
Weight decay: 1e-05
Epoch | Train                 | Development           | Minutes
      | Loss     | Error Rate | Loss     | Error Rate |
---------------------------------------------------------------
    1 |   2.5450 |     60.079 |   1.8981 |     44.670 |     0.1
    2 |   1.7030 |     45.230 |   1.5782 |     44.763 |     0.1
    3 |   1.5198 |     44.332 |   1.4599 |     43.746 |     0.2
    4 |   1.4257 |     42.956 |   1.3796 |     42.237 |     0.3
    5 |   1.3626 |     42.221 |   1.3304 |     41.466 |     0.3
    6 |   1.3139 |     41.629 |   1.2926 |     41.251 |     0.4
    7 |   1.2788 |     40.889 |   1.2613 |     39.864 |     0.5
    8 |   1.2457 |     40.209 |   1.2392 |     39.834 |     0.6
    9 |   1.2198 |     39.823 |   1.2182 |     39.864 |     0.6
   10 |   1.1983 |     39.529 |   1.2052 |     40.542 |     0.7
   11 |   1.1758 |     38.865 |   1.1871 |     39.587 |     0.8
   12 |   1.1553 |     38.229 |   1.1748 |     39.187 |     0.8
   13 |   1.1405 |     37.892 |   1.1570 |     38.355 |     0.9
   14 |   1.1189 |     37.016 |   1.1455 |     38.324 |     1.0
   15 |   1.1043 |     37.027 |   1.1365 |     37.307 |     1.0
   16 |   1.0874 |     36.189 |   1.1269 |     38.355 |     1.1
   17 |   1.0700 |     35.857 |   1.1062 |     37.277 |     1.2
   18 |   1.0520 |     34.960 |   1.1065 |     36.445 |     1.2
   19 |   1.0394 |     34.552 |   1.0925 |     36.445 |     1.3
   20 |   1.0228 |     34.046 |   1.0849 |     36.691 |     1.4
   21 |   1.0040 |     33.420 |   1.0763 |     35.921 |     1.4
   22 |   0.9869 |     32.882 |   1.0772 |     35.582 |     1.5
   23 |   0.9762 |     32.719 |   1.0592 |     35.120 |     1.6
   24 |   0.9584 |     32.093 |   1.0582 |     34.011 |     1.7
   25 |   0.9468 |     31.174 |   1.0424 |     35.367 |     1.7
   26 |   0.9336 |     31.109 |   1.0481 |     34.781 |     1.8
   27 |   0.9168 |     30.624 |   1.0350 |     33.580 |     1.9
   28 |   0.9073 |     30.195 |   1.0421 |     34.843 |     1.9
   29 |   0.8957 |     29.765 |   1.0332 |     33.919 |     2.0
   30 |   0.8802 |     29.362 |   1.0311 |     33.395 |     2.1
   31 |   0.8641 |     28.857 |   1.0219 |     33.118 |     2.1
   32 |   0.8508 |     28.041 |   1.0259 |     34.073 |     2.2
   33 |   0.8437 |     28.340 |   1.0150 |     32.810 |     2.3
   34 |   0.8261 |     27.252 |   1.0157 |     32.594 |     2.3
   35 |   0.8178 |     27.181 |   1.0188 |     33.457 |     2.4
   36 |   0.8092 |     26.985 |   1.0057 |     32.994 |     2.5
   37 |   0.7907 |     26.436 |   1.0058 |     32.994 |     2.5
   38 |   0.7845 |     26.208 |   1.0129 |     33.210 |     2.6
   39 |   0.7672 |     25.517 |   0.9990 |     31.885 |     2.7
   40 |   0.7548 |     25.054 |   1.0042 |     31.824 |     2.8
   41 |   0.7453 |     24.510 |   1.0063 |     32.009 |     2.8
   42 |   0.7375 |     24.532 |   1.0242 |     33.303 |     2.9
   43 |   0.7241 |     23.841 |   1.0108 |     31.916 |     3.0
Early stopping

Model: Seq2Seq Transformer
Source index: <Seq2Seq Index with 44 items>
Target index: <Seq2Seq Index with 34 items>
Max sequence length: 800
Embedding dimension: 128
Feedforward dimension: 128
Encoder layers: 4
Decoder layers: 2
Attention heads: 2
Activation: relu
Dropout: 0.0
Trainable parameters: 847,394

Training started
X_train.shape: torch.Size([3064, 649])
Y_train.shape: torch.Size([3064, 7])
X_dev.shape: torch.Size([541, 702])
Y_dev.shape: torch.Size([541, 7])
Epochs: 500
Learning rate: 0.001
Weight decay: 1e-05
Epoch | Train                 | Development           | Minutes
      | Loss     | Error Rate | Loss     | Error Rate |
---------------------------------------------------------------
    1 |   1.5170 |     47.253 |   1.2831 |     43.500 |     0.1
    2 |   1.2555 |     44.424 |   1.2005 |     41.682 |     0.2
    3 |   1.1913 |     43.570 |   1.1767 |     41.990 |     0.4
    4 |   1.1582 |     42.379 |   1.1782 |     43.592 |     0.5
    5 |   1.1430 |     41.933 |   1.1570 |     41.990 |     0.6
    6 |   1.1322 |     41.411 |   1.1323 |     41.374 |     0.7
    7 |   1.1062 |     40.318 |   1.1249 |     39.834 |     0.9
    8 |   1.0920 |     40.122 |   1.1064 |     39.649 |     1.0
    9 |   1.0733 |     39.279 |   1.1188 |     39.864 |     1.1
   10 |   1.0720 |     39.502 |   1.0979 |     40.789 |     1.2
   11 |   1.0649 |     38.941 |   1.0838 |     39.125 |     1.4
   12 |   1.0509 |     38.604 |   1.0747 |     39.587 |     1.5
   13 |   1.0443 |     38.408 |   1.0867 |     39.464 |     1.6
   14 |   1.0379 |     38.751 |   1.0862 |     39.033 |     1.7
   15 |   1.0228 |     37.826 |   1.0791 |     38.201 |     1.9
   16 |   1.0138 |     37.380 |   1.0769 |     38.940 |     2.0
Early stopping

Model: Seq2Seq Transformer
Source index: <Seq2Seq Index with 44 items>
Target index: <Seq2Seq Index with 34 items>
Max sequence length: 800
Embedding dimension: 128
Feedforward dimension: 64
Encoder layers: 2
Decoder layers: 3
Attention heads: 4
Activation: relu
Dropout: 0.2
Trainable parameters: 731,874

Training started
X_train.shape: torch.Size([3064, 649])
Y_train.shape: torch.Size([3064, 7])
X_dev.shape: torch.Size([541, 702])
Y_dev.shape: torch.Size([541, 7])
Epochs: 500
Learning rate: 0.001
Weight decay: 0.0001
Epoch | Train                 | Development           | Minutes
      | Loss     | Error Rate | Loss     | Error Rate |
---------------------------------------------------------------
    1 |   1.6691 |     49.891 |   1.3234 |     44.948 |     0.1
    2 |   1.3308 |     44.648 |   1.2470 |     43.130 |     0.2
    3 |   1.2624 |     42.842 |   1.1847 |     40.511 |     0.3
    4 |   1.2094 |     41.525 |   1.1681 |     40.203 |     0.4
    5 |   1.1668 |     40.160 |   1.1343 |     38.694 |     0.5
    6 |   1.1311 |     39.290 |   1.1149 |     37.554 |     0.6
    7 |   1.0834 |     37.544 |   1.1335 |     38.417 |     0.7
    8 |   1.0652 |     36.711 |   1.0932 |     37.954 |     0.8
    9 |   1.0259 |     35.351 |   1.0884 |     37.184 |     1.0
   10 |   1.0032 |     34.633 |   1.0638 |     35.952 |     1.1
   11 |   0.9717 |     33.725 |   1.0783 |     36.845 |     1.2
   12 |   0.9362 |     32.376 |   1.1108 |     36.537 |     1.3
   13 |   0.9191 |     31.527 |   1.1063 |     35.798 |     1.4
   14 |   0.8856 |     30.657 |   1.0788 |     35.921 |     1.5
Early stopping

Model: Seq2Seq Transformer
Source index: <Seq2Seq Index with 44 items>
Target index: <Seq2Seq Index with 34 items>
Max sequence length: 800
Embedding dimension: 64
Feedforward dimension: 64
Encoder layers: 2
Decoder layers: 2
Attention heads: 4
Activation: relu
Dropout: 0.2
Trainable parameters: 193,058

Training started
X_train.shape: torch.Size([3064, 649])
Y_train.shape: torch.Size([3064, 7])
X_dev.shape: torch.Size([541, 702])
Y_dev.shape: torch.Size([541, 7])
Epochs: 500
Learning rate: 0.0001
Weight decay: 0.0001
Epoch | Train                 | Development           | Minutes
      | Loss     | Error Rate | Loss     | Error Rate |
---------------------------------------------------------------
    1 |   2.9645 |     78.280 |   2.4029 |     54.713 |     0.1
    2 |   2.2276 |     51.931 |   1.7625 |     45.132 |     0.2
    3 |   1.8088 |     46.502 |   1.5606 |     45.132 |     0.2
    4 |   1.6380 |     46.230 |   1.4755 |     45.132 |     0.3
    5 |   1.5522 |     46.045 |   1.4322 |     44.147 |     0.4
    6 |   1.4990 |     45.937 |   1.4036 |     45.163 |     0.5
    7 |   1.4638 |     46.078 |   1.3810 |     44.547 |     0.6
    8 |   1.4355 |     45.692 |   1.3595 |     44.054 |     0.7
    9 |   1.4154 |     45.763 |   1.3411 |     44.208 |     0.7
   10 |   1.3930 |     45.474 |   1.3246 |     44.331 |     0.8
   11 |   1.3762 |     45.066 |   1.3118 |     43.839 |     0.9
   12 |   1.3604 |     45.023 |   1.3021 |     43.685 |     1.0
   13 |   1.3462 |     44.522 |   1.2891 |     43.654 |     1.1
   14 |   1.3360 |     44.267 |   1.2766 |     43.130 |     1.2
   15 |   1.3225 |     44.125 |   1.2672 |     42.822 |     1.2
   16 |   1.3117 |     43.810 |   1.2621 |     42.884 |     1.3
   17 |   1.2972 |     43.570 |   1.2513 |     42.237 |     1.4
   18 |   1.2937 |     43.320 |   1.2428 |     41.497 |     1.5
   19 |   1.2821 |     43.222 |   1.2374 |     41.282 |     1.6
   20 |   1.2739 |     42.967 |   1.2290 |     41.466 |     1.7
   21 |   1.2666 |     42.700 |   1.2203 |     41.436 |     1.7
   22 |   1.2594 |     42.532 |   1.2150 |     41.158 |     1.8
   23 |   1.2485 |     42.189 |   1.2067 |     41.066 |     1.9
   24 |   1.2395 |     41.846 |   1.2042 |     40.511 |     2.0
   25 |   1.2360 |     41.765 |   1.1960 |     40.450 |     2.1
   26 |   1.2235 |     41.422 |   1.1867 |     40.234 |     2.2
   27 |   1.2164 |     41.117 |   1.1810 |     39.895 |     2.2
   28 |   1.2097 |     41.063 |   1.1803 |     40.357 |     2.3
   29 |   1.2007 |     40.851 |   1.1720 |     39.988 |     2.4
   30 |   1.1965 |     40.535 |   1.1686 |     40.203 |     2.5
   31 |   1.1901 |     40.524 |   1.1664 |     39.526 |     2.6
   32 |   1.1799 |     40.106 |   1.1588 |     39.556 |     2.6
   33 |   1.1729 |     39.975 |   1.1537 |     39.372 |     2.7
   34 |   1.1704 |     39.844 |   1.1548 |     39.433 |     2.8
   35 |   1.1677 |     39.801 |   1.1522 |     39.587 |     2.9
   36 |   1.1626 |     39.578 |   1.1483 |     39.341 |     3.0
   37 |   1.1575 |     39.442 |   1.1452 |     39.310 |     3.1
   38 |   1.1437 |     38.996 |   1.1447 |     39.618 |     3.1
   39 |   1.1474 |     38.969 |   1.1366 |     39.002 |     3.2
   40 |   1.1388 |     38.974 |   1.1354 |     38.601 |     3.3
   41 |   1.1337 |     38.724 |   1.1331 |     38.447 |     3.4
   42 |   1.1281 |     38.664 |   1.1311 |     38.694 |     3.5
   43 |   1.1246 |     38.708 |   1.1339 |     38.940 |     3.6
   44 |   1.1208 |     38.474 |   1.1319 |     38.632 |     3.6
   45 |   1.1139 |     38.044 |   1.1266 |     38.478 |     3.7
   46 |   1.1097 |     37.995 |   1.1302 |     38.201 |     3.8
   47 |   1.1034 |     37.690 |   1.1241 |     38.078 |     3.9
   48 |   1.1004 |     37.408 |   1.1243 |     38.170 |     4.0
   49 |   1.0981 |     37.799 |   1.1269 |     37.246 |     4.1
   50 |   1.0932 |     37.484 |   1.1227 |     37.770 |     4.1
   51 |   1.0865 |     37.005 |   1.1245 |     37.739 |     4.2
   52 |   1.0841 |     37.049 |   1.1194 |     37.307 |     4.3
   53 |   1.0788 |     37.293 |   1.1122 |     38.016 |     4.4
   54 |   1.0765 |     36.874 |   1.1202 |     37.893 |     4.5
   55 |   1.0662 |     36.456 |   1.1202 |     37.369 |     4.6
   56 |   1.0653 |     36.532 |   1.1076 |     37.307 |     4.6
   57 |   1.0650 |     36.456 |   1.1096 |     37.369 |     4.7
   58 |   1.0612 |     36.222 |   1.1111 |     37.092 |     4.8
   59 |   1.0529 |     35.944 |   1.1109 |     37.092 |     4.9
   60 |   1.0506 |     36.015 |   1.1069 |     36.969 |     5.0
   61 |   1.0444 |     35.825 |   1.1084 |     36.753 |     5.0
   62 |   1.0444 |     35.748 |   1.1149 |     37.030 |     5.1
   63 |   1.0376 |     35.716 |   1.1076 |     37.215 |     5.2
   64 |   1.0386 |     35.721 |   1.1085 |     37.153 |     5.3
Early stopping

Model: Seq2Seq Transformer
Source index: <Seq2Seq Index with 44 items>
Target index: <Seq2Seq Index with 34 items>
Max sequence length: 800
Embedding dimension: 64
Feedforward dimension: 64
Encoder layers: 4
Decoder layers: 2
Attention heads: 2
Activation: relu
Dropout: 0.2
Trainable parameters: 243,490

Training started
X_train.shape: torch.Size([3064, 649])
Y_train.shape: torch.Size([3064, 7])
X_dev.shape: torch.Size([541, 702])
Y_dev.shape: torch.Size([541, 7])
Epochs: 500
Learning rate: 0.001
Weight decay: 1e-05
Epoch | Train                 | Development           | Minutes
      | Loss     | Error Rate | Loss     | Error Rate |
---------------------------------------------------------------
    1 |   1.8852 |     50.865 |   1.3682 |     45.964 |     0.1
    2 |   1.3909 |     45.773 |   1.3109 |     44.640 |     0.2
    3 |   1.3314 |     44.887 |   1.2544 |     43.099 |     0.3
    4 |   1.2861 |     44.196 |   1.2297 |     42.021 |     0.4
    5 |   1.2629 |     43.418 |   1.2111 |     42.144 |     0.5
    6 |   1.2430 |     43.309 |   1.1987 |     42.144 |     0.6
    7 |   1.2278 |     42.727 |   1.1822 |     40.819 |     0.7
    8 |   1.2117 |     42.662 |   1.1779 |     40.943 |     0.8
    9 |   1.1995 |     42.047 |   1.1742 |     41.466 |     0.9
   10 |   1.1859 |     41.732 |   1.1669 |     41.128 |     1.0
   11 |   1.1763 |     41.357 |   1.1603 |     41.682 |     1.0
   12 |   1.1639 |     41.335 |   1.1636 |     40.696 |     1.1
   13 |   1.1480 |     40.421 |   1.1633 |     41.374 |     1.2
   14 |   1.1430 |     40.470 |   1.1451 |     40.142 |     1.3
   15 |   1.1318 |     39.975 |   1.1519 |     40.542 |     1.4
   16 |   1.1206 |     39.736 |   1.1428 |     40.450 |     1.5
   17 |   1.1162 |     39.698 |   1.1565 |     40.604 |     1.6
   18 |   1.1007 |     39.197 |   1.1559 |     40.789 |     1.7
   19 |   1.0969 |     38.724 |   1.1787 |     41.035 |     1.8
   20 |   1.0860 |     38.474 |   1.1518 |     40.265 |     1.9
Early stopping

Model: Seq2Seq Transformer
Source index: <Seq2Seq Index with 44 items>
Target index: <Seq2Seq Index with 34 items>
Max sequence length: 800
Embedding dimension: 64
Feedforward dimension: 256
Encoder layers: 2
Decoder layers: 3
Attention heads: 2
Activation: relu
Dropout: 0.1
Trainable parameters: 358,882

Training started
X_train.shape: torch.Size([3064, 649])
Y_train.shape: torch.Size([3064, 7])
X_dev.shape: torch.Size([541, 702])
Y_dev.shape: torch.Size([541, 7])
Epochs: 500
Learning rate: 0.0001
Weight decay: 0.0001
Epoch | Train                 | Development           | Minutes
      | Loss     | Error Rate | Loss     | Error Rate |
---------------------------------------------------------------
    1 |   2.6447 |     63.903 |   1.8984 |     47.166 |     0.1
    2 |   1.8033 |     46.579 |   1.5928 |     45.132 |     0.1
    3 |   1.5988 |     45.638 |   1.4795 |     44.301 |     0.2
    4 |   1.5049 |     45.583 |   1.4219 |     44.393 |     0.3
    5 |   1.4449 |     45.159 |   1.3757 |     43.530 |     0.3
    6 |   1.4052 |     44.822 |   1.3495 |     43.962 |     0.4
    7 |   1.3714 |     44.180 |   1.3199 |     43.346 |     0.5
    8 |   1.3451 |     43.358 |   1.2993 |     42.606 |     0.5
    9 |   1.3243 |     43.206 |   1.2840 |     42.853 |     0.6
   10 |   1.3049 |     42.929 |   1.2637 |     41.528 |     0.7
   11 |   1.2841 |     42.532 |   1.2538 |     41.990 |     0.8
   12 |   1.2665 |     41.971 |   1.2377 |     41.405 |     0.8
   13 |   1.2532 |     41.678 |   1.2249 |     40.974 |     0.9
   14 |   1.2401 |     41.362 |   1.2137 |     40.049 |     1.0
   15 |   1.2277 |     41.117 |   1.2022 |     40.234 |     1.0
   16 |   1.2152 |     40.758 |   1.1898 |     39.895 |     1.1
   17 |   1.2045 |     40.198 |   1.1801 |     39.094 |     1.2
   18 |   1.1968 |     40.454 |   1.1753 |     39.895 |     1.2
   19 |   1.1826 |     40.111 |   1.1683 |     39.526 |     1.3
   20 |   1.1723 |     39.540 |   1.1600 |     39.556 |     1.4
   21 |   1.1656 |     39.627 |   1.1524 |     39.248 |     1.5
   22 |   1.1562 |     39.186 |   1.1437 |     38.540 |     1.5
   23 |   1.1461 |     38.903 |   1.1437 |     38.355 |     1.6
   24 |   1.1348 |     38.474 |   1.1336 |     38.201 |     1.7
   25 |   1.1302 |     38.349 |   1.1244 |     38.016 |     1.7
   26 |   1.1241 |     38.278 |   1.1203 |     38.571 |     1.8
   27 |   1.1145 |     38.071 |   1.1170 |     38.324 |     1.9
   28 |   1.1048 |     37.674 |   1.1109 |     37.985 |     1.9
   29 |   1.0965 |     37.391 |   1.1059 |     37.831 |     2.0
   30 |   1.0912 |     37.250 |   1.1007 |     37.646 |     2.1
   31 |   1.0888 |     37.152 |   1.1016 |     38.478 |     2.1
   32 |   1.0763 |     36.793 |   1.0887 |     37.431 |     2.2
   33 |   1.0752 |     36.891 |   1.0844 |     37.184 |     2.3
   34 |   1.0647 |     36.477 |   1.0818 |     37.246 |     2.4
   35 |   1.0586 |     36.434 |   1.0831 |     37.461 |     2.4
   36 |   1.0531 |     36.260 |   1.0743 |     37.277 |     2.5
   37 |   1.0444 |     35.884 |   1.0731 |     36.691 |     2.6
   38 |   1.0399 |     35.460 |   1.0602 |     36.661 |     2.6
   39 |   1.0331 |     35.379 |   1.0601 |     35.983 |     2.7
   40 |   1.0270 |     35.030 |   1.0576 |     36.506 |     2.8
   41 |   1.0255 |     35.243 |   1.0444 |     36.137 |     2.8
   42 |   1.0120 |     34.633 |   1.0481 |     35.860 |     2.9
   43 |   1.0081 |     34.688 |   1.0454 |     35.274 |     3.0
   44 |   1.0065 |     34.693 |   1.0419 |     35.860 |     3.0
   45 |   1.0013 |     34.552 |   1.0302 |     35.397 |     3.1
   46 |   0.9942 |     33.970 |   1.0267 |     35.089 |     3.2
   47 |   0.9917 |     33.981 |   1.0292 |     35.151 |     3.3
   48 |   0.9839 |     33.812 |   1.0238 |     35.151 |     3.3
   49 |   0.9736 |     33.600 |   1.0345 |     35.675 |     3.4
   50 |   0.9703 |     33.518 |   1.0215 |     34.812 |     3.5
   51 |   0.9643 |     33.029 |   1.0132 |     34.535 |     3.5
   52 |   0.9646 |     33.273 |   1.0156 |     34.781 |     3.6
   53 |   0.9552 |     32.991 |   1.0089 |     34.011 |     3.7
   54 |   0.9536 |     32.811 |   1.0058 |     34.689 |     3.7
   55 |   0.9460 |     32.653 |   1.0031 |     33.949 |     3.8
   56 |   0.9450 |     32.354 |   0.9952 |     33.795 |     3.9
   57 |   0.9380 |     32.148 |   1.0013 |     33.826 |     3.9
   58 |   0.9339 |     32.104 |   0.9997 |     33.487 |     4.0
   59 |   0.9289 |     31.756 |   0.9954 |     33.395 |     4.1
   60 |   0.9221 |     31.745 |   0.9913 |     32.686 |     4.1
   61 |   0.9201 |     31.816 |   0.9938 |     33.980 |     4.2
   62 |   0.9146 |     31.266 |   0.9917 |     33.487 |     4.3
   63 |   0.9106 |     31.234 |   0.9900 |     33.179 |     4.4
   64 |   0.9053 |     31.158 |   0.9886 |     33.364 |     4.4
   65 |   0.8977 |     30.733 |   0.9828 |     33.241 |     4.5
   66 |   0.9012 |     31.109 |   0.9821 |     33.056 |     4.6
   67 |   0.8958 |     30.766 |   0.9770 |     32.532 |     4.6
   68 |   0.8881 |     30.325 |   0.9726 |     32.563 |     4.7
   69 |   0.8891 |     30.739 |   0.9766 |     33.179 |     4.8
   70 |   0.8834 |     30.352 |   0.9791 |     33.179 |     4.8
   71 |   0.8775 |     30.048 |   0.9733 |     33.025 |     4.9
   72 |   0.8729 |     30.200 |   0.9734 |     32.132 |     5.0
   73 |   0.8671 |     29.667 |   0.9682 |     32.471 |     5.0
   74 |   0.8681 |     30.021 |   0.9792 |     32.532 |     5.1
   75 |   0.8625 |     29.634 |   0.9674 |     31.978 |     5.2
   76 |   0.8573 |     29.493 |   0.9654 |     31.947 |     5.3
   77 |   0.8584 |     29.580 |   0.9752 |     32.409 |     5.3
   78 |   0.8509 |     29.194 |   0.9639 |     32.286 |     5.4
   79 |   0.8471 |     28.987 |   0.9591 |     31.824 |     5.5
   80 |   0.8432 |     28.998 |   0.9741 |     31.762 |     5.5
   81 |   0.8453 |     28.851 |   0.9655 |     31.885 |     5.6
   82 |   0.8353 |     28.334 |   0.9639 |     32.163 |     5.7
   83 |   0.8309 |     28.536 |   0.9621 |     31.300 |     5.7
Early stopping

Model: Seq2Seq Transformer
Source index: <Seq2Seq Index with 44 items>
Target index: <Seq2Seq Index with 34 items>
Max sequence length: 800
Embedding dimension: 128
Feedforward dimension: 256
Encoder layers: 4
Decoder layers: 2
Attention heads: 4
Activation: relu
Dropout: 0.0
Trainable parameters: 1,044,770

Training started
X_train.shape: torch.Size([3064, 649])
Y_train.shape: torch.Size([3064, 7])
X_dev.shape: torch.Size([541, 702])
Y_dev.shape: torch.Size([541, 7])
Epochs: 500
Learning rate: 0.0001
Weight decay: 1e-05
Epoch | Train                 | Development           | Minutes
      | Loss     | Error Rate | Loss     | Error Rate |
---------------------------------------------------------------
    1 |   2.0404 |     52.959 |   1.4857 |     44.794 |     0.2
    2 |   1.4175 |     44.648 |   1.3648 |     43.931 |     0.3
    3 |   1.3327 |     43.658 |   1.3039 |     42.514 |     0.5
    4 |   1.2813 |     42.499 |   1.2670 |     42.545 |     0.6
    5 |   1.2381 |     41.852 |   1.2236 |     40.758 |     0.8
    6 |   1.1958 |     40.432 |   1.1845 |     39.495 |     1.0
    7 |   1.1566 |     39.110 |   1.1588 |     39.033 |     1.1
    8 |   1.1196 |     37.783 |   1.1359 |     37.677 |     1.3
    9 |   1.0861 |     36.651 |   1.1121 |     37.184 |     1.5
   10 |   1.0511 |     35.330 |   1.0940 |     37.277 |     1.6
   11 |   1.0219 |     34.644 |   1.0774 |     35.675 |     1.8
   12 |   0.9887 |     33.241 |   1.0569 |     35.675 |     1.9
   13 |   0.9588 |     32.071 |   1.0704 |     36.691 |     2.1
   14 |   0.9239 |     30.668 |   1.0342 |     34.997 |     2.3
   15 |   0.8933 |     30.102 |   1.0190 |     34.042 |     2.4
   16 |   0.8644 |     28.889 |   1.0158 |     34.288 |     2.6
   17 |   0.8336 |     27.839 |   1.0090 |     33.487 |     2.7
   18 |   0.8021 |     26.784 |   1.0000 |     33.118 |     2.9
   19 |   0.7741 |     25.653 |   1.0047 |     33.118 |     3.1
   20 |   0.7416 |     24.701 |   1.0027 |     33.395 |     3.2
   21 |   0.7091 |     23.656 |   0.9995 |     32.039 |     3.4
   22 |   0.6790 |     22.471 |   1.0017 |     32.502 |     3.6
   23 |   0.6499 |     21.497 |   0.9980 |     31.701 |     3.7
   24 |   0.6285 |     20.909 |   1.0164 |     31.731 |     3.9
   25 |   0.5999 |     19.620 |   1.0304 |     32.440 |     4.0
   26 |   0.5715 |     18.810 |   1.0246 |     32.132 |     4.2
   27 |   0.5402 |     17.706 |   1.0539 |     32.039 |     4.4
Early stopping

Model: Seq2Seq Transformer
Source index: <Seq2Seq Index with 44 items>
Target index: <Seq2Seq Index with 34 items>
Max sequence length: 800
Embedding dimension: 128
Feedforward dimension: 128
Encoder layers: 2
Decoder layers: 2
Attention heads: 2
Activation: relu
Dropout: 0.2
Trainable parameters: 648,226

Training started
X_train.shape: torch.Size([3064, 649])
Y_train.shape: torch.Size([3064, 7])
X_dev.shape: torch.Size([541, 702])
Y_dev.shape: torch.Size([541, 7])
Epochs: 500
Learning rate: 0.0001
Weight decay: 1e-05
Epoch | Train                 | Development           | Minutes
      | Loss     | Error Rate | Loss     | Error Rate |
---------------------------------------------------------------
    1 |   2.3388 |     56.283 |   1.5994 |     45.225 |     0.1
    2 |   1.6288 |     46.285 |   1.4398 |     44.794 |     0.2
    3 |   1.4912 |     45.844 |   1.3767 |     44.640 |     0.2
    4 |   1.4286 |     45.648 |   1.3412 |     44.208 |     0.3
    5 |   1.3904 |     45.246 |   1.3117 |     43.253 |     0.4
    6 |   1.3584 |     44.718 |   1.2877 |     42.391 |     0.5
    7 |   1.3322 |     44.027 |   1.2644 |     42.452 |     0.5
    8 |   1.3023 |     43.494 |   1.2379 |     42.175 |     0.6
    9 |   1.2744 |     42.439 |   1.2250 |     41.497 |     0.7
   10 |   1.2565 |     42.134 |   1.2004 |     40.727 |     0.8
   11 |   1.2353 |     41.503 |   1.1877 |     41.066 |     0.9
   12 |   1.2175 |     41.019 |   1.1867 |     40.912 |     0.9
   13 |   1.2035 |     40.720 |   1.1600 |     39.864 |     1.0
   14 |   1.1825 |     40.089 |   1.1598 |     39.988 |     1.1
   15 |   1.1731 |     39.991 |   1.1512 |     39.156 |     1.2
   16 |   1.1557 |     38.903 |   1.1406 |     39.433 |     1.2
   17 |   1.1403 |     38.735 |   1.1338 |     39.156 |     1.3
   18 |   1.1303 |     38.376 |   1.1320 |     39.279 |     1.4
   19 |   1.1153 |     38.087 |   1.1446 |     39.587 |     1.5
   20 |   1.1056 |     37.571 |   1.1178 |     38.755 |     1.6
   21 |   1.0938 |     37.261 |   1.1234 |     38.909 |     1.6
   22 |   1.0841 |     37.065 |   1.1131 |     38.355 |     1.7
   23 |   1.0698 |     36.559 |   1.1264 |     38.817 |     1.8
   24 |   1.0663 |     36.570 |   1.1051 |     37.985 |     1.9
   25 |   1.0551 |     36.205 |   1.1129 |     38.262 |     1.9
   26 |   1.0422 |     35.558 |   1.1268 |     38.447 |     2.0
   27 |   1.0384 |     35.411 |   1.1112 |     38.324 |     2.1
   28 |   1.0245 |     34.862 |   1.1376 |     39.063 |     2.2
Early stopping

Model: Seq2Seq Transformer
Source index: <Seq2Seq Index with 44 items>
Target index: <Seq2Seq Index with 34 items>
Max sequence length: 800
Embedding dimension: 64
Feedforward dimension: 64
Encoder layers: 4
Decoder layers: 4
Attention heads: 4
Activation: relu
Dropout: 0.2
Trainable parameters: 327,458

Training started
X_train.shape: torch.Size([3064, 649])
Y_train.shape: torch.Size([3064, 7])
X_dev.shape: torch.Size([541, 702])
Y_dev.shape: torch.Size([541, 7])
Epochs: 500
Learning rate: 0.0001
Weight decay: 1e-05
Epoch | Train                 | Development           | Minutes
      | Loss     | Error Rate | Loss     | Error Rate |
---------------------------------------------------------------
    1 |   2.8829 |     70.463 |   2.2486 |     48.275 |     0.2
    2 |   2.1983 |     51.099 |   1.7431 |     47.813 |     0.3
    3 |   1.8161 |     47.188 |   1.5738 |     45.132 |     0.5
    4 |   1.6545 |     46.611 |   1.4953 |     45.132 |     0.6
    5 |   1.5721 |     45.958 |   1.4531 |     45.225 |     0.8
    6 |   1.5187 |     45.969 |   1.4194 |     45.163 |     1.0
    7 |   1.4812 |     45.964 |   1.3947 |     45.132 |     1.1
    8 |   1.4557 |     45.991 |   1.3759 |     45.194 |     1.3
    9 |   1.4321 |     45.888 |   1.3630 |     44.732 |     1.4
   10 |   1.4158 |     45.958 |   1.3440 |     44.640 |     1.6
   11 |   1.3962 |     45.692 |   1.3328 |     43.777 |     1.8
   12 |   1.3803 |     45.387 |   1.3294 |     43.746 |     1.9
   13 |   1.3718 |     45.327 |   1.3107 |     43.592 |     2.1
   14 |   1.3626 |     45.148 |   1.2927 |     43.253 |     2.2
   15 |   1.3467 |     44.805 |   1.2843 |     43.038 |     2.4
   16 |   1.3392 |     44.664 |   1.2718 |     42.298 |     2.5
   17 |   1.3259 |     44.577 |   1.2622 |     42.021 |     2.7
   18 |   1.3153 |     43.978 |   1.2571 |     41.990 |     2.9
   19 |   1.3055 |     43.619 |   1.2475 |     41.220 |     3.0
   20 |   1.2920 |     43.065 |   1.2373 |     41.497 |     3.2
   21 |   1.2863 |     43.043 |   1.2266 |     41.220 |     3.3
   22 |   1.2749 |     42.553 |   1.2161 |     40.850 |     3.5
   23 |   1.2647 |     42.776 |   1.2123 |     40.819 |     3.7
   24 |   1.2578 |     42.260 |   1.2121 |     41.004 |     3.8
   25 |   1.2498 |     42.134 |   1.2097 |     40.727 |     4.0
   26 |   1.2427 |     41.737 |   1.1933 |     40.388 |     4.1
   27 |   1.2346 |     41.455 |   1.1867 |     40.296 |     4.3
   28 |   1.2240 |     41.041 |   1.1903 |     40.419 |     4.5
   29 |   1.2162 |     41.199 |   1.1762 |     40.511 |     4.6
   30 |   1.2099 |     40.644 |   1.1741 |     40.142 |     4.8
   31 |   1.2021 |     40.709 |   1.1730 |     40.111 |     4.9
   32 |   1.1917 |     40.416 |   1.1779 |     40.542 |     5.1
   33 |   1.1892 |     40.078 |   1.1718 |     40.665 |     5.3
   34 |   1.1820 |     40.187 |   1.1584 |     40.142 |     5.4
   35 |   1.1737 |     39.915 |   1.1653 |     40.511 |     5.6
   36 |   1.1728 |     40.046 |   1.1601 |     40.388 |     5.7
   37 |   1.1644 |     39.556 |   1.1656 |     40.296 |     5.9
   38 |   1.1577 |     39.333 |   1.1444 |     40.203 |     6.1
   39 |   1.1481 |     39.148 |   1.1440 |     39.741 |     6.2
   40 |   1.1469 |     38.936 |   1.1378 |     39.926 |     6.4
   41 |   1.1411 |     38.773 |   1.1359 |     39.063 |     6.5
   42 |   1.1369 |     38.811 |   1.1447 |     39.279 |     6.7
   43 |   1.1276 |     38.621 |   1.1290 |     39.125 |     6.9
   44 |   1.1297 |     38.659 |   1.1439 |     39.772 |     7.0
   45 |   1.1244 |     38.419 |   1.1340 |     39.741 |     7.2
   46 |   1.1116 |     37.718 |   1.1364 |     38.848 |     7.3
   47 |   1.1146 |     37.913 |   1.1306 |     39.094 |     7.5
Early stopping

Model: Seq2Seq Transformer
Source index: <Seq2Seq Index with 44 items>
Target index: <Seq2Seq Index with 34 items>
Max sequence length: 800
Embedding dimension: 64
Feedforward dimension: 256
Encoder layers: 4
Decoder layers: 2
Attention heads: 2
Activation: relu
Dropout: 0.2
Trainable parameters: 392,098

Training started
X_train.shape: torch.Size([3064, 649])
Y_train.shape: torch.Size([3064, 7])
X_dev.shape: torch.Size([541, 702])
Y_dev.shape: torch.Size([541, 7])
Epochs: 500
Learning rate: 0.0001
Weight decay: 0.0001
Epoch | Train                 | Development           | Minutes
      | Loss     | Error Rate | Loss     | Error Rate |
---------------------------------------------------------------
    1 |   2.6309 |     61.347 |   1.9164 |     48.429 |     0.1
    2 |   1.8738 |     46.867 |   1.6196 |     45.102 |     0.2
    3 |   1.6574 |     46.105 |   1.5128 |     45.132 |     0.3
    4 |   1.5594 |     45.980 |   1.4561 |     45.132 |     0.4
    5 |   1.4990 |     46.002 |   1.4138 |     44.948 |     0.5
    6 |   1.4536 |     45.681 |   1.3799 |     44.301 |     0.6
    7 |   1.4264 |     45.295 |   1.3582 |     44.301 |     0.7
    8 |   1.4023 |     45.366 |   1.3341 |     43.623 |     0.8
    9 |   1.3764 |     45.039 |   1.3182 |     43.284 |     0.9
   10 |   1.3590 |     44.604 |   1.3039 |     43.376 |     1.0
   11 |   1.3429 |     44.272 |   1.2829 |     42.267 |     1.1
   12 |   1.3254 |     43.951 |   1.2815 |     43.038 |     1.2
   13 |   1.3138 |     43.924 |   1.2557 |     42.267 |     1.3
   14 |   1.3003 |     43.445 |   1.2603 |     42.514 |     1.4
   15 |   1.2896 |     43.146 |   1.2334 |     41.405 |     1.5
   16 |   1.2767 |     42.934 |   1.2212 |     40.943 |     1.6
   17 |   1.2649 |     42.727 |   1.2165 |     41.774 |     1.7
   18 |   1.2538 |     42.232 |   1.2040 |     40.357 |     1.8
   19 |   1.2446 |     41.873 |   1.1919 |     40.296 |     1.9
   20 |   1.2362 |     41.786 |   1.1843 |     40.758 |     2.0
   21 |   1.2306 |     41.727 |   1.1794 |     40.357 |     2.1
   22 |   1.2187 |     41.308 |   1.1752 |     39.680 |     2.2
   23 |   1.2132 |     41.455 |   1.1680 |     40.234 |     2.4
   24 |   1.2036 |     40.726 |   1.1591 |     39.618 |     2.5
   25 |   1.1983 |     40.715 |   1.1645 |     40.080 |     2.6
   26 |   1.1863 |     40.198 |   1.1544 |     39.433 |     2.7
   27 |   1.1820 |     40.280 |   1.1507 |     39.526 |     2.8
   28 |   1.1746 |     39.888 |   1.1494 |     39.310 |     2.9
   29 |   1.1701 |     39.795 |   1.1454 |     38.848 |     3.0
   30 |   1.1625 |     39.665 |   1.1391 |     39.063 |     3.1
   31 |   1.1534 |     39.246 |   1.1423 |     39.526 |     3.2
   32 |   1.1498 |     39.534 |   1.1310 |     39.002 |     3.3
   33 |   1.1414 |     39.328 |   1.1347 |     38.879 |     3.4
   34 |   1.1383 |     39.105 |   1.1205 |     38.386 |     3.5
   35 |   1.1361 |     39.039 |   1.1169 |     37.985 |     3.6
   36 |   1.1294 |     38.718 |   1.1129 |     38.078 |     3.7
   37 |   1.1239 |     38.463 |   1.1132 |     37.862 |     3.8
   38 |   1.1172 |     38.490 |   1.1118 |     37.800 |     3.9
   39 |   1.1155 |     38.544 |   1.1068 |     37.739 |     4.0
   40 |   1.1095 |     37.908 |   1.1014 |     37.616 |     4.1
   41 |   1.1043 |     38.093 |   1.1047 |     37.307 |     4.2
   42 |   1.1002 |     37.728 |   1.0944 |     36.630 |     4.3
   43 |   1.0981 |     38.011 |   1.0929 |     36.722 |     4.4
   44 |   1.0913 |     37.832 |   1.0911 |     36.907 |     4.5
   45 |   1.0829 |     37.114 |   1.0893 |     37.677 |     4.6
   46 |   1.0815 |     37.206 |   1.0857 |     36.414 |     4.7
   47 |   1.0733 |     37.233 |   1.0887 |     36.815 |     4.8
   48 |   1.0699 |     37.179 |   1.0948 |     36.599 |     4.9
   49 |   1.0681 |     36.831 |   1.0763 |     36.414 |     5.0
   50 |   1.0633 |     36.543 |   1.0768 |     36.691 |     5.1
   51 |   1.0555 |     36.499 |   1.0848 |     37.061 |     5.2
   52 |   1.0530 |     36.282 |   1.0700 |     36.599 |     5.3
   53 |   1.0491 |     36.222 |   1.0664 |     35.890 |     5.4
   54 |   1.0420 |     36.053 |   1.0658 |     35.829 |     5.5
   55 |   1.0418 |     36.102 |   1.0676 |     36.198 |     5.6
   56 |   1.0373 |     35.797 |   1.0643 |     36.414 |     5.7
   57 |   1.0330 |     35.797 |   1.0579 |     36.137 |     5.8
   58 |   1.0278 |     35.466 |   1.0466 |     35.428 |     5.9
   59 |   1.0200 |     35.259 |   1.0583 |     34.843 |     6.0
   60 |   1.0173 |     34.965 |   1.0528 |     35.890 |     6.1
   61 |   1.0159 |     35.188 |   1.0540 |     35.890 |     6.2
   62 |   1.0106 |     35.107 |   1.0514 |     35.182 |     6.4
Early stopping

Model: Seq2Seq Transformer
Source index: <Seq2Seq Index with 44 items>
Target index: <Seq2Seq Index with 34 items>
Max sequence length: 800
Embedding dimension: 128
Feedforward dimension: 128
Encoder layers: 2
Decoder layers: 4
Attention heads: 2
Activation: relu
Dropout: 0.2
Trainable parameters: 980,002

Training started
X_train.shape: torch.Size([3064, 649])
Y_train.shape: torch.Size([3064, 7])
X_dev.shape: torch.Size([541, 702])
Y_dev.shape: torch.Size([541, 7])
Epochs: 500
Learning rate: 0.0001
Weight decay: 0.0001
Epoch | Train                 | Development           | Minutes
      | Loss     | Error Rate | Loss     | Error Rate |
---------------------------------------------------------------
    1 |   2.5213 |     62.429 |   1.7165 |     47.813 |     0.1
    2 |   1.6974 |     46.606 |   1.4501 |     45.225 |     0.2
    3 |   1.5066 |     45.997 |   1.3916 |     45.132 |     0.3
    4 |   1.4461 |     45.942 |   1.3558 |     44.701 |     0.4
    5 |   1.4015 |     45.583 |   1.3186 |     44.331 |     0.5
    6 |   1.3606 |     45.012 |   1.2864 |     43.315 |     0.6
    7 |   1.3350 |     44.490 |   1.2559 |     42.514 |     0.7
    8 |   1.3052 |     43.810 |   1.2346 |     42.144 |     0.7
    9 |   1.2849 |     43.288 |   1.2146 |     41.744 |     0.8
   10 |   1.2626 |     42.624 |   1.1927 |     41.158 |     0.9
   11 |   1.2486 |     42.461 |   1.1840 |     40.758 |     1.0
   12 |   1.2322 |     41.868 |   1.1735 |     40.327 |     1.1
   13 |   1.2195 |     41.580 |   1.1650 |     40.049 |     1.2
   14 |   1.2030 |     40.867 |   1.1574 |     39.741 |     1.3
   15 |   1.1899 |     40.443 |   1.1451 |     38.509 |     1.4
   16 |   1.1744 |     40.334 |   1.1489 |     39.433 |     1.5
   17 |   1.1666 |     40.018 |   1.1278 |     38.786 |     1.6
   18 |   1.1508 |     39.485 |   1.1240 |     38.139 |     1.7
   19 |   1.1410 |     38.974 |   1.1121 |     38.170 |     1.8
   20 |   1.1277 |     38.572 |   1.1156 |     37.985 |     1.9
   21 |   1.1168 |     38.387 |   1.1061 |     38.201 |     2.0
   22 |   1.1061 |     37.805 |   1.1211 |     37.893 |     2.1
   23 |   1.0993 |     37.478 |   1.1108 |     37.585 |     2.2
   24 |   1.0882 |     37.016 |   1.0969 |     37.431 |     2.3
   25 |   1.0744 |     36.494 |   1.0980 |     37.215 |     2.3
   26 |   1.0673 |     36.162 |   1.0943 |     37.369 |     2.4
   27 |   1.0549 |     35.727 |   1.0720 |     36.291 |     2.5
   28 |   1.0496 |     35.683 |   1.0853 |     37.338 |     2.6
   29 |   1.0328 |     34.905 |   1.0884 |     36.753 |     2.7
   30 |   1.0323 |     34.894 |   1.0707 |     36.106 |     2.8
   31 |   1.0210 |     34.867 |   1.0784 |     36.630 |     2.9
   32 |   1.0093 |     34.117 |   1.0914 |     36.229 |     3.0
   33 |   1.0029 |     33.926 |   1.0671 |     35.675 |     3.1
   34 |   0.9956 |     33.671 |   1.0556 |     35.151 |     3.2
   35 |   0.9870 |     33.246 |   1.0681 |     35.521 |     3.3
   36 |   0.9794 |     33.279 |   1.0708 |     35.521 |     3.4
   37 |   0.9760 |     32.985 |   1.0707 |     36.260 |     3.5
   38 |   0.9657 |     32.866 |   1.0814 |     35.860 |     3.6
Early stopping

Model: Seq2Seq Transformer
Source index: <Seq2Seq Index with 44 items>
Target index: <Seq2Seq Index with 34 items>
Max sequence length: 800
Embedding dimension: 64
Feedforward dimension: 128
Encoder layers: 2
Decoder layers: 3
Attention heads: 2
Activation: relu
Dropout: 0.0
Trainable parameters: 276,322

Training started
X_train.shape: torch.Size([3064, 649])
Y_train.shape: torch.Size([3064, 7])
X_dev.shape: torch.Size([541, 702])
Y_dev.shape: torch.Size([541, 7])
Epochs: 500
Learning rate: 0.001
Weight decay: 1e-05
Epoch | Train                 | Development           | Minutes
      | Loss     | Error Rate | Loss     | Error Rate |
---------------------------------------------------------------
    1 |   1.6642 |     48.869 |   1.3221 |     42.791 |     0.1
    2 |   1.2713 |     43.473 |   1.2059 |     40.696 |     0.1
    3 |   1.1861 |     41.259 |   1.1485 |     39.649 |     0.2
    4 |   1.1218 |     38.931 |   1.1073 |     37.862 |     0.2
    5 |   1.0658 |     37.152 |   1.0940 |     37.646 |     0.3
    6 |   1.0194 |     35.395 |   1.0528 |     35.860 |     0.4
    7 |   0.9749 |     33.763 |   1.0483 |     35.459 |     0.4
    8 |   0.9323 |     32.137 |   1.0292 |     35.182 |     0.5
    9 |   0.8879 |     30.826 |   1.0197 |     34.442 |     0.6
   10 |   0.8426 |     29.270 |   1.0257 |     35.551 |     0.6
   11 |   0.8010 |     27.752 |   1.0375 |     33.395 |     0.7
   12 |   0.7626 |     26.534 |   1.0196 |     33.457 |     0.7
   13 |   0.7248 |     25.152 |   1.0379 |     34.196 |     0.8
   14 |   0.6924 |     23.820 |   1.0260 |     33.703 |     0.9
   15 |   0.6463 |     22.438 |   1.0480 |     34.196 |     0.9
   16 |   0.6133 |     21.443 |   1.0942 |     33.395 |     1.0
Early stopping

Model: Seq2Seq Transformer
Source index: <Seq2Seq Index with 44 items>
Target index: <Seq2Seq Index with 34 items>
Max sequence length: 800
Embedding dimension: 64
Feedforward dimension: 64
Encoder layers: 4
Decoder layers: 2
Attention heads: 2
Activation: relu
Dropout: 0.0
Trainable parameters: 243,490

Training started
X_train.shape: torch.Size([3064, 649])
Y_train.shape: torch.Size([3064, 7])
X_dev.shape: torch.Size([541, 702])
Y_dev.shape: torch.Size([541, 7])
Epochs: 500
Learning rate: 0.0001
Weight decay: 0.0001
Epoch | Train                 | Development           | Minutes
      | Loss     | Error Rate | Loss     | Error Rate |
---------------------------------------------------------------
    1 |   2.7898 |     68.315 |   2.2491 |     50.585 |     0.1
    2 |   1.9517 |     48.248 |   1.7244 |     46.303 |     0.2
    3 |   1.6395 |     45.958 |   1.5541 |     44.917 |     0.3
    4 |   1.5218 |     45.474 |   1.4742 |     44.917 |     0.3
    5 |   1.4534 |     45.246 |   1.4171 |     45.009 |     0.4
    6 |   1.4058 |     44.822 |   1.3772 |     44.578 |     0.5
    7 |   1.3688 |     44.060 |   1.3452 |     43.839 |     0.6
    8 |   1.3376 |     43.527 |   1.3144 |     42.976 |     0.7
    9 |   1.3077 |     42.934 |   1.2911 |     41.590 |     0.8
   10 |   1.2836 |     42.205 |   1.2699 |     42.606 |     0.9
   11 |   1.2623 |     41.596 |   1.2494 |     41.004 |     1.0
   12 |   1.2399 |     40.840 |   1.2330 |     41.066 |     1.1
   13 |   1.2201 |     40.813 |   1.2235 |     41.374 |     1.1
   14 |   1.2037 |     40.051 |   1.2019 |     39.680 |     1.2
   15 |   1.1872 |     39.458 |   1.1882 |     39.741 |     1.3
   16 |   1.1686 |     39.094 |   1.1781 |     39.402 |     1.4
   17 |   1.1536 |     38.430 |   1.1696 |     39.125 |     1.5
   18 |   1.1419 |     38.060 |   1.1620 |     38.694 |     1.6
   19 |   1.1262 |     37.446 |   1.1456 |     38.663 |     1.7
   20 |   1.1121 |     37.065 |   1.1341 |     38.078 |     1.8
   21 |   1.0981 |     36.869 |   1.1343 |     37.924 |     1.9
   22 |   1.0899 |     36.369 |   1.1173 |     37.184 |     1.9
   23 |   1.0721 |     35.759 |   1.1096 |     37.061 |     2.0
   24 |   1.0622 |     35.754 |   1.1010 |     36.691 |     2.1
   25 |   1.0522 |     35.243 |   1.1011 |     37.246 |     2.2
   26 |   1.0412 |     34.835 |   1.0882 |     36.568 |     2.3
   27 |   1.0268 |     34.416 |   1.0888 |     36.630 |     2.4
   28 |   1.0174 |     34.171 |   1.0819 |     36.352 |     2.5
   29 |   1.0077 |     33.671 |   1.0763 |     36.075 |     2.6
   30 |   0.9990 |     33.605 |   1.0688 |     36.414 |     2.6
   31 |   0.9861 |     33.061 |   1.0715 |     36.014 |     2.7
   32 |   0.9756 |     32.789 |   1.0645 |     35.736 |     2.8
   33 |   0.9684 |     32.550 |   1.0637 |     35.736 |     2.9
   34 |   0.9600 |     32.311 |   1.0556 |     35.644 |     3.0
   35 |   0.9512 |     31.734 |   1.0512 |     35.829 |     3.1
   36 |   0.9422 |     31.370 |   1.0502 |     35.736 |     3.2
   37 |   0.9334 |     31.245 |   1.0484 |     34.935 |     3.3
   38 |   0.9252 |     31.130 |   1.0475 |     35.490 |     3.4
   39 |   0.9193 |     30.858 |   1.0424 |     35.305 |     3.4
   40 |   0.9102 |     30.581 |   1.0342 |     35.059 |     3.5
   41 |   0.9019 |     30.423 |   1.0319 |     35.089 |     3.6
   42 |   0.8927 |     30.151 |   1.0336 |     34.689 |     3.7
   43 |   0.8864 |     29.993 |   1.0292 |     34.904 |     3.8
   44 |   0.8760 |     29.558 |   1.0282 |     35.397 |     3.9
   45 |   0.8693 |     29.107 |   1.0338 |     35.120 |     4.0
   46 |   0.8651 |     29.265 |   1.0335 |     34.966 |     4.1
   47 |   0.8577 |     28.650 |   1.0233 |     34.165 |     4.1
   48 |   0.8474 |     28.438 |   1.0245 |     34.966 |     4.2
   49 |   0.8437 |     28.628 |   1.0179 |     34.134 |     4.3
   50 |   0.8381 |     28.362 |   1.0255 |     34.165 |     4.4
   51 |   0.8283 |     28.035 |   1.0155 |     34.596 |     4.5
   52 |   0.8211 |     27.910 |   1.0224 |     34.843 |     4.6
   53 |   0.8141 |     27.567 |   1.0171 |     34.134 |     4.7
   54 |   0.8045 |     27.072 |   1.0189 |     33.826 |     4.8
   55 |   0.7973 |     26.975 |   1.0229 |     34.288 |     4.9
Early stopping

Model: Seq2Seq Transformer
Source index: <Seq2Seq Index with 44 items>
Target index: <Seq2Seq Index with 34 items>
Max sequence length: 800
Embedding dimension: 64
Feedforward dimension: 128
Encoder layers: 2
Decoder layers: 3
Attention heads: 2
Activation: relu
Dropout: 0.0
Trainable parameters: 276,322

Training started
X_train.shape: torch.Size([3064, 649])
Y_train.shape: torch.Size([3064, 7])
X_dev.shape: torch.Size([541, 702])
Y_dev.shape: torch.Size([541, 7])
Epochs: 500
Learning rate: 0.0001
Weight decay: 1e-05
Epoch | Train                 | Development           | Minutes
      | Loss     | Error Rate | Loss     | Error Rate |
---------------------------------------------------------------
    1 |   2.5335 |     60.939 |   1.8666 |     45.779 |     0.1
    2 |   1.7039 |     46.094 |   1.5828 |     45.595 |     0.1
    3 |   1.5364 |     45.523 |   1.4812 |     44.794 |     0.2
    4 |   1.4496 |     44.615 |   1.4143 |     43.654 |     0.2
    5 |   1.3907 |     43.772 |   1.3649 |     43.407 |     0.3
    6 |   1.3422 |     42.836 |   1.3215 |     42.730 |     0.4
    7 |   1.3056 |     42.270 |   1.2901 |     42.421 |     0.4
    8 |   1.2719 |     41.824 |   1.2668 |     41.805 |     0.5
    9 |   1.2478 |     41.242 |   1.2412 |     41.158 |     0.6
   10 |   1.2246 |     40.834 |   1.2258 |     41.158 |     0.6
   11 |   1.2044 |     40.160 |   1.2111 |     40.665 |     0.7
   12 |   1.1864 |     39.747 |   1.2005 |     41.097 |     0.7
   13 |   1.1689 |     39.415 |   1.1776 |     39.556 |     0.8
   14 |   1.1505 |     38.789 |   1.1672 |     39.587 |     0.9
   15 |   1.1330 |     38.066 |   1.1592 |     39.864 |     0.9
   16 |   1.1192 |     37.728 |   1.1535 |     39.556 |     1.0
   17 |   1.0999 |     36.831 |   1.1406 |     38.232 |     1.1
   18 |   1.0866 |     36.777 |   1.1263 |     38.293 |     1.1
   19 |   1.0707 |     35.830 |   1.1229 |     38.170 |     1.2
   20 |   1.0552 |     35.607 |   1.1111 |     37.985 |     1.2
   21 |   1.0453 |     35.226 |   1.1072 |     36.999 |     1.3
   22 |   1.0324 |     35.009 |   1.0984 |     37.924 |     1.4
   23 |   1.0149 |     33.850 |   1.0880 |     36.352 |     1.4
   24 |   0.9971 |     33.317 |   1.0905 |     37.092 |     1.5
   25 |   0.9837 |     32.958 |   1.0865 |     36.722 |     1.5
   26 |   0.9722 |     32.305 |   1.0753 |     36.537 |     1.6
   27 |   0.9561 |     31.832 |   1.0761 |     35.213 |     1.7
   28 |   0.9457 |     31.408 |   1.0607 |     35.028 |     1.7
   29 |   0.9342 |     31.185 |   1.0661 |     36.137 |     1.8
   30 |   0.9190 |     30.581 |   1.0687 |     35.705 |     1.9
   31 |   0.9076 |     30.211 |   1.0547 |     35.521 |     1.9
   32 |   0.8948 |     29.716 |   1.0633 |     35.490 |     2.0
   33 |   0.8832 |     29.803 |   1.0605 |     34.904 |     2.0
   34 |   0.8687 |     28.916 |   1.0402 |     33.457 |     2.1
   35 |   0.8582 |     28.454 |   1.0467 |     34.843 |     2.2
   36 |   0.8485 |     28.367 |   1.0411 |     34.073 |     2.2
   37 |   0.8361 |     27.774 |   1.0477 |     34.627 |     2.3
   38 |   0.8245 |     27.491 |   1.0480 |     34.165 |     2.4
   39 |   0.8147 |     27.236 |   1.0358 |     33.826 |     2.4
   40 |   0.7997 |     26.436 |   1.0326 |     33.210 |     2.5
   41 |   0.7903 |     26.316 |   1.0398 |     33.980 |     2.5
   42 |   0.7810 |     25.827 |   1.0401 |     33.518 |     2.6
   43 |   0.7707 |     25.343 |   1.0378 |     34.042 |     2.7
   44 |   0.7572 |     25.299 |   1.0686 |     33.641 |     2.7
Early stopping

Model: Seq2Seq Transformer
Source index: <Seq2Seq Index with 44 items>
Target index: <Seq2Seq Index with 34 items>
Max sequence length: 800
Embedding dimension: 64
Feedforward dimension: 128
Encoder layers: 4
Decoder layers: 4
Attention heads: 2
Activation: relu
Dropout: 0.1
Trainable parameters: 393,506

Training started
X_train.shape: torch.Size([3064, 649])
Y_train.shape: torch.Size([3064, 7])
X_dev.shape: torch.Size([541, 702])
Y_dev.shape: torch.Size([541, 7])
Epochs: 500
Learning rate: 0.0001
Weight decay: 1e-05
Epoch | Train                 | Development           | Minutes
      | Loss     | Error Rate | Loss     | Error Rate |
---------------------------------------------------------------
    1 |   2.6881 |     63.833 |   1.9240 |     48.306 |     0.1
    2 |   1.8667 |     46.927 |   1.5925 |     45.132 |     0.2
    3 |   1.6302 |     46.274 |   1.4831 |     45.102 |     0.3
    4 |   1.5307 |     46.165 |   1.4279 |     45.964 |     0.4
    5 |   1.4671 |     45.697 |   1.3809 |     44.948 |     0.6
    6 |   1.4212 |     45.262 |   1.3460 |     43.161 |     0.7
    7 |   1.3902 |     44.773 |   1.3233 |     43.253 |     0.8
    8 |   1.3659 |     44.359 |   1.3039 |     43.284 |     0.9
    9 |   1.3425 |     43.755 |   1.2880 |     42.791 |     1.0
   10 |   1.3252 |     43.554 |   1.2721 |     41.497 |     1.1
   11 |   1.3064 |     43.173 |   1.2559 |     42.237 |     1.2
   12 |   1.2921 |     42.733 |   1.2397 |     41.744 |     1.3
   13 |   1.2781 |     42.396 |   1.2271 |     41.620 |     1.5
   14 |   1.2652 |     42.428 |   1.2115 |     41.774 |     1.6
   15 |   1.2516 |     41.868 |   1.2068 |     40.912 |     1.7
   16 |   1.2347 |     41.678 |   1.1936 |     40.819 |     1.8
   17 |   1.2214 |     41.047 |   1.1874 |     41.220 |     1.9
   18 |   1.2114 |     41.036 |   1.1832 |     40.943 |     2.0
   19 |   1.2001 |     40.475 |   1.1669 |     40.727 |     2.1
   20 |   1.1922 |     40.399 |   1.1578 |     39.803 |     2.2
   21 |   1.1778 |     39.844 |   1.1522 |     39.618 |     2.3
   22 |   1.1651 |     39.861 |   1.1478 |     39.556 |     2.5
   23 |   1.1558 |     39.230 |   1.1385 |     38.940 |     2.6
   24 |   1.1520 |     39.148 |   1.1320 |     38.694 |     2.7
   25 |   1.1423 |     38.751 |   1.1306 |     38.725 |     2.8
   26 |   1.1313 |     38.436 |   1.1209 |     38.386 |     2.9
   27 |   1.1214 |     38.289 |   1.1132 |     37.523 |     3.0
   28 |   1.1135 |     37.924 |   1.1166 |     37.985 |     3.1
   29 |   1.1050 |     37.538 |   1.1046 |     38.047 |     3.2
   30 |   1.0962 |     37.603 |   1.1080 |     37.523 |     3.4
   31 |   1.0842 |     36.891 |   1.1051 |     37.338 |     3.5
   32 |   1.0795 |     36.722 |   1.0927 |     36.229 |     3.6
   33 |   1.0750 |     36.445 |   1.0909 |     36.537 |     3.7
   34 |   1.0634 |     36.129 |   1.0832 |     36.229 |     3.8
   35 |   1.0569 |     35.912 |   1.0820 |     36.168 |     3.9
   36 |   1.0469 |     35.738 |   1.0769 |     35.983 |     4.0
   37 |   1.0450 |     35.923 |   1.0827 |     35.860 |     4.1
   38 |   1.0374 |     35.449 |   1.0747 |     35.798 |     4.2
   39 |   1.0276 |     34.916 |   1.0603 |     35.397 |     4.4
   40 |   1.0206 |     34.307 |   1.0625 |     35.059 |     4.5
   41 |   1.0112 |     34.427 |   1.0762 |     35.521 |     4.6
   42 |   1.0084 |     34.291 |   1.0561 |     35.182 |     4.7
   43 |   0.9970 |     33.872 |   1.0673 |     35.336 |     4.8
   44 |   0.9933 |     34.024 |   1.0729 |     35.182 |     4.9
   45 |   0.9893 |     33.910 |   1.0665 |     35.059 |     5.0
   46 |   0.9824 |     33.567 |   1.0461 |     34.350 |     5.2
   47 |   0.9749 |     33.333 |   1.0452 |     34.874 |     5.3
   48 |   0.9672 |     33.094 |   1.0427 |     34.319 |     5.4
   49 |   0.9617 |     32.637 |   1.0600 |     35.151 |     5.5
   50 |   0.9557 |     32.289 |   1.0351 |     33.795 |     5.6
   51 |   0.9536 |     32.757 |   1.0365 |     34.288 |     5.7
   52 |   0.9428 |     32.365 |   1.0317 |     34.011 |     5.8
   53 |   0.9387 |     31.827 |   1.0323 |     34.442 |     5.9
   54 |   0.9336 |     31.794 |   1.0428 |     34.042 |     6.1
   55 |   0.9259 |     31.544 |   1.0504 |     35.059 |     6.2
   56 |   0.9185 |     31.326 |   1.0388 |     34.196 |     6.3
   57 |   0.9141 |     31.408 |   1.0305 |     34.042 |     6.4
   58 |   0.9094 |     31.087 |   1.0441 |     34.442 |     6.5
   59 |   0.9075 |     31.239 |   1.0276 |     34.104 |     6.6
   60 |   0.8976 |     30.918 |   1.0203 |     34.319 |     6.7
   61 |   0.8955 |     31.011 |   1.0210 |     33.765 |     6.8
   62 |   0.8881 |     30.483 |   1.0478 |     33.980 |     7.0
   63 |   0.8799 |     30.320 |   1.0145 |     33.179 |     7.1
   64 |   0.8775 |     30.004 |   1.0289 |     33.949 |     7.2
   65 |   0.8745 |     30.059 |   1.0263 |     33.641 |     7.3
   66 |   0.8708 |     29.928 |   1.0214 |     33.272 |     7.4
   67 |   0.8646 |     29.945 |   1.0244 |     33.703 |     7.5
Early stopping

Model: Seq2Seq Transformer
Source index: <Seq2Seq Index with 44 items>
Target index: <Seq2Seq Index with 34 items>
Max sequence length: 800
Embedding dimension: 64
Feedforward dimension: 64
Encoder layers: 4
Decoder layers: 4
Attention heads: 2
Activation: relu
Dropout: 0.2
Trainable parameters: 327,458

Training started
X_train.shape: torch.Size([3064, 649])
Y_train.shape: torch.Size([3064, 7])
X_dev.shape: torch.Size([541, 702])
Y_dev.shape: torch.Size([541, 7])
Epochs: 500
Learning rate: 0.001
Weight decay: 1e-05
Epoch | Train                 | Development           | Minutes
      | Loss     | Error Rate | Loss     | Error Rate |
---------------------------------------------------------------
    1 |   1.9740 |     54.074 |   1.3971 |     46.087 |     0.1
    2 |   1.4146 |     46.143 |   1.3355 |     44.824 |     0.2
    3 |   1.3566 |     45.850 |   1.2888 |     45.502 |     0.3
    4 |   1.3201 |     45.404 |   1.2614 |     44.547 |     0.4
    5 |   1.2970 |     45.061 |   1.2389 |     43.808 |     0.5
    6 |   1.2703 |     44.430 |   1.2288 |     43.161 |     0.7
    7 |   1.2537 |     43.543 |   1.2041 |     42.113 |     0.8
    8 |   1.2363 |     43.233 |   1.1909 |     40.943 |     0.9
    9 |   1.2154 |     42.374 |   1.1777 |     40.943 |     1.0
   10 |   1.1999 |     41.993 |   1.1699 |     40.388 |     1.1
   11 |   1.1835 |     41.656 |   1.1785 |     39.556 |     1.2
   12 |   1.1708 |     40.780 |   1.1541 |     39.680 |     1.3
   13 |   1.1568 |     40.475 |   1.1435 |     39.372 |     1.4
   14 |   1.1444 |     39.844 |   1.1475 |     38.417 |     1.5
   15 |   1.1275 |     39.186 |   1.1370 |     39.279 |     1.6
   16 |   1.1122 |     38.702 |   1.1256 |     39.063 |     1.8
   17 |   1.1051 |     38.713 |   1.1090 |     38.725 |     1.9
   18 |   1.0831 |     37.805 |   1.1276 |     39.033 |     2.0
   19 |   1.0668 |     37.217 |   1.1300 |     39.464 |     2.1
   20 |   1.0500 |     36.760 |   1.1382 |     39.649 |     2.2
   21 |   1.0402 |     36.635 |   1.0871 |     37.307 |     2.3
   22 |   1.0255 |     35.977 |   1.0820 |     36.599 |     2.4
   23 |   1.0094 |     35.324 |   1.0874 |     37.338 |     2.5
   24 |   0.9881 |     34.372 |   1.0987 |     37.739 |     2.6
   25 |   0.9793 |     34.432 |   1.1268 |     37.954 |     2.7
   26 |   0.9624 |     33.779 |   1.1059 |     38.324 |     2.9
   27 |   0.9537 |     33.366 |   1.0792 |     36.845 |     3.0
   28 |   0.9484 |     33.121 |   1.0610 |     36.630 |     3.1
   29 |   0.9277 |     32.463 |   1.0758 |     37.092 |     3.2
   30 |   0.9177 |     31.990 |   1.0871 |     37.431 |     3.3
   31 |   0.9076 |     31.772 |   1.0656 |     36.784 |     3.4
   32 |   0.8926 |     31.484 |   1.0853 |     37.307 |     3.5
Early stopping

Model: Seq2Seq Transformer
Source index: <Seq2Seq Index with 44 items>
Target index: <Seq2Seq Index with 34 items>
Max sequence length: 800
Embedding dimension: 64
Feedforward dimension: 64
Encoder layers: 2
Decoder layers: 4
Attention heads: 2
Activation: relu
Dropout: 0.1
Trainable parameters: 277,026

Training started
X_train.shape: torch.Size([3064, 649])
Y_train.shape: torch.Size([3064, 7])
X_dev.shape: torch.Size([541, 702])
Y_dev.shape: torch.Size([541, 7])
Epochs: 500
Learning rate: 0.0001
Weight decay: 0.0001
Epoch | Train                 | Development           | Minutes
      | Loss     | Error Rate | Loss     | Error Rate |
---------------------------------------------------------------
    1 |   2.7428 |     66.063 |   2.0302 |     48.090 |     0.1
    2 |   1.9654 |     47.264 |   1.6586 |     45.132 |     0.1
    3 |   1.6921 |     46.263 |   1.5258 |     45.194 |     0.2
    4 |   1.5694 |     45.877 |   1.4558 |     45.132 |     0.3
    5 |   1.5032 |     45.659 |   1.4078 |     45.225 |     0.4
    6 |   1.4539 |     45.627 |   1.3714 |     44.670 |     0.4
    7 |   1.4152 |     45.055 |   1.3449 |     43.192 |     0.5
    8 |   1.3875 |     44.735 |   1.3230 |     43.222 |     0.6
    9 |   1.3657 |     44.294 |   1.3047 |     42.791 |     0.6
   10 |   1.3446 |     43.853 |   1.2882 |     42.206 |     0.7
   11 |   1.3275 |     43.712 |   1.2762 |     41.929 |     0.8
   12 |   1.3117 |     43.396 |   1.2619 |     41.990 |     0.9
   13 |   1.2956 |     43.222 |   1.2484 |     41.867 |     0.9
   14 |   1.2807 |     42.814 |   1.2394 |     42.144 |     1.0
   15 |   1.2715 |     42.510 |   1.2278 |     41.466 |     1.1
   16 |   1.2618 |     42.542 |   1.2205 |     41.466 |     1.2
   17 |   1.2522 |     42.211 |   1.2117 |     41.312 |     1.2
   18 |   1.2336 |     41.678 |   1.2036 |     41.128 |     1.3
   19 |   1.2274 |     41.416 |   1.1973 |     41.405 |     1.4
   20 |   1.2208 |     41.656 |   1.1882 |     40.142 |     1.4
   21 |   1.2098 |     41.123 |   1.1788 |     40.018 |     1.5
   22 |   1.2001 |     40.824 |   1.1692 |     40.419 |     1.6
   23 |   1.1916 |     40.562 |   1.1638 |     40.173 |     1.7
   24 |   1.1822 |     40.242 |   1.1573 |     39.864 |     1.7
   25 |   1.1753 |     39.926 |   1.1514 |     39.341 |     1.8
   26 |   1.1688 |     40.067 |   1.1476 |     39.310 |     1.9
   27 |   1.1609 |     39.621 |   1.1433 |     38.817 |     1.9
   28 |   1.1504 |     39.529 |   1.1409 |     39.002 |     2.0
   29 |   1.1471 |     39.224 |   1.1439 |     39.002 |     2.1
   30 |   1.1382 |     39.001 |   1.1224 |     38.386 |     2.2
   31 |   1.1322 |     38.822 |   1.1192 |     37.954 |     2.2
   32 |   1.1233 |     38.544 |   1.1170 |     38.293 |     2.3
   33 |   1.1214 |     38.523 |   1.1105 |     38.016 |     2.4
   34 |   1.1110 |     38.468 |   1.1079 |     37.307 |     2.5
   35 |   1.1053 |     38.033 |   1.1004 |     37.646 |     2.5
   36 |   1.0984 |     37.805 |   1.1040 |     37.770 |     2.6
   37 |   1.0944 |     37.843 |   1.0958 |     37.431 |     2.7
   38 |   1.0883 |     37.576 |   1.0935 |     37.277 |     2.7
   39 |   1.0798 |     37.021 |   1.0902 |     37.708 |     2.8
   40 |   1.0748 |     37.174 |   1.0887 |     37.492 |     2.9
   41 |   1.0720 |     37.065 |   1.0875 |     37.554 |     3.0
   42 |   1.0625 |     36.287 |   1.0833 |     37.246 |     3.0
   43 |   1.0626 |     36.483 |   1.0727 |     36.599 |     3.1
   44 |   1.0545 |     36.151 |   1.0726 |     36.999 |     3.2
   45 |   1.0498 |     36.434 |   1.0698 |     36.999 |     3.3
   46 |   1.0434 |     35.993 |   1.0721 |     36.044 |     3.3
   47 |   1.0376 |     35.683 |   1.0717 |     36.414 |     3.4
   48 |   1.0361 |     35.618 |   1.0660 |     35.921 |     3.5
   49 |   1.0272 |     35.134 |   1.0626 |     35.767 |     3.5
   50 |   1.0231 |     35.128 |   1.0571 |     35.675 |     3.6
   51 |   1.0179 |     35.041 |   1.0550 |     35.675 |     3.7
   52 |   1.0178 |     35.221 |   1.0548 |     35.243 |     3.8
   53 |   1.0113 |     34.737 |   1.0465 |     35.243 |     3.8
   54 |   1.0056 |     34.383 |   1.0495 |     36.106 |     3.9
   55 |   1.0003 |     34.405 |   1.0482 |     35.120 |     4.0
   56 |   0.9984 |     34.100 |   1.0464 |     35.243 |     4.1
   57 |   0.9904 |     33.856 |   1.0429 |     34.812 |     4.1
   58 |   0.9844 |     33.921 |   1.0342 |     34.843 |     4.2
   59 |   0.9772 |     33.431 |   1.0379 |     34.874 |     4.3
   60 |   0.9760 |     33.518 |   1.0308 |     34.504 |     4.3
   61 |   0.9769 |     33.556 |   1.0300 |     33.949 |     4.4
   62 |   0.9741 |     33.268 |   1.0300 |     34.011 |     4.5
   63 |   0.9653 |     32.496 |   1.0264 |     34.196 |     4.6
   64 |   0.9585 |     33.034 |   1.0300 |     34.504 |     4.6
   65 |   0.9567 |     32.876 |   1.0215 |     33.980 |     4.7
   66 |   0.9498 |     32.604 |   1.0241 |     33.888 |     4.8
   67 |   0.9507 |     32.648 |   1.0249 |     33.795 |     4.8
   68 |   0.9464 |     32.610 |   1.0178 |     33.580 |     4.9
   69 |   0.9447 |     32.626 |   1.0228 |     33.611 |     5.0
   70 |   0.9409 |     32.191 |   1.0199 |     33.826 |     5.1
   71 |   0.9367 |     32.071 |   1.0194 |     33.734 |     5.1
   72 |   0.9269 |     31.707 |   1.0113 |     33.272 |     5.2
   73 |   0.9265 |     31.816 |   1.0174 |     33.919 |     5.3
   74 |   0.9271 |     31.930 |   1.0094 |     33.703 |     5.4
   75 |   0.9197 |     32.006 |   1.0166 |     33.395 |     5.4
   76 |   0.9210 |     31.435 |   1.0141 |     33.734 |     5.5
   77 |   0.9099 |     31.440 |   1.0113 |     33.426 |     5.6
   78 |   0.9131 |     31.669 |   1.0160 |     33.457 |     5.6
   79 |   0.9084 |     30.973 |   1.0075 |     33.364 |     5.7
   80 |   0.9061 |     30.994 |   1.0063 |     33.426 |     5.8
   81 |   0.9036 |     30.782 |   1.0033 |     33.395 |     5.9
   82 |   0.8992 |     30.880 |   1.0012 |     33.118 |     5.9
   83 |   0.8968 |     30.983 |   1.0039 |     33.241 |     6.0
   84 |   0.8870 |     30.581 |   1.0029 |     33.118 |     6.1
   85 |   0.8848 |     30.472 |   1.0093 |     33.148 |     6.2
   86 |   0.8836 |     30.896 |   1.0076 |     33.056 |     6.2
   87 |   0.8783 |     30.227 |   1.0001 |     32.964 |     6.3
   88 |   0.8767 |     30.195 |   1.0052 |     33.333 |     6.4
   89 |   0.8774 |     30.434 |   1.0013 |     32.625 |     6.4
   90 |   0.8679 |     29.694 |   1.0003 |     32.871 |     6.5
   91 |   0.8685 |     29.847 |   0.9964 |     33.118 |     6.6
   92 |   0.8616 |     29.488 |   0.9944 |     32.409 |     6.7
   93 |   0.8596 |     29.857 |   0.9951 |     32.779 |     6.7
   94 |   0.8563 |     29.395 |   0.9986 |     32.840 |     6.8
   95 |   0.8531 |     29.754 |   0.9988 |     33.056 |     6.9
   96 |   0.8552 |     29.618 |   1.0077 |     32.656 |     6.9
Early stopping

Model: Seq2Seq Transformer
Source index: <Seq2Seq Index with 44 items>
Target index: <Seq2Seq Index with 34 items>
Max sequence length: 800
Embedding dimension: 64
Feedforward dimension: 64
Encoder layers: 4
Decoder layers: 4
Attention heads: 4
Activation: relu
Dropout: 0.0
Trainable parameters: 327,458

Training started
X_train.shape: torch.Size([3064, 649])
Y_train.shape: torch.Size([3064, 7])
X_dev.shape: torch.Size([541, 702])
Y_dev.shape: torch.Size([541, 7])
Epochs: 500
Learning rate: 0.0001
Weight decay: 1e-05
Epoch | Train                 | Development           | Minutes
      | Loss     | Error Rate | Loss     | Error Rate |
---------------------------------------------------------------
    1 |   2.3646 |     56.255 |   1.8389 |     47.998 |     0.1
    2 |   1.7020 |     45.980 |   1.5819 |     44.886 |     0.3
    3 |   1.5353 |     45.463 |   1.4732 |     44.640 |     0.4
    4 |   1.4477 |     45.072 |   1.4054 |     44.208 |     0.6
    5 |   1.3899 |     44.076 |   1.3655 |     43.839 |     0.7
    6 |   1.3474 |     43.429 |   1.3282 |     43.407 |     0.9
    7 |   1.3148 |     42.999 |   1.2954 |     42.329 |     1.0
    8 |   1.2889 |     42.221 |   1.2799 |     42.052 |     1.2
    9 |   1.2652 |     41.901 |   1.2577 |     40.943 |     1.3
   10 |   1.2441 |     41.607 |   1.2372 |     40.881 |     1.4
   11 |   1.2244 |     40.981 |   1.2205 |     40.265 |     1.6
   12 |   1.2056 |     40.573 |   1.2065 |     39.495 |     1.7
   13 |   1.1882 |     40.133 |   1.1929 |     40.173 |     1.9
   14 |   1.1709 |     39.377 |   1.1859 |     39.033 |     2.0
   15 |   1.1512 |     38.909 |   1.1722 |     39.248 |     2.2
   16 |   1.1328 |     38.359 |   1.1532 |     39.248 |     2.3
   17 |   1.1175 |     37.663 |   1.1420 |     39.002 |     2.5
   18 |   1.0985 |     36.891 |   1.1293 |     37.646 |     2.6
   19 |   1.0849 |     36.722 |   1.1097 |     36.753 |     2.8
   20 |   1.0655 |     35.846 |   1.1004 |     37.616 |     2.9
   21 |   1.0474 |     35.335 |   1.0899 |     36.969 |     3.1
   22 |   1.0338 |     34.448 |   1.1076 |     37.184 |     3.2
   23 |   1.0220 |     34.296 |   1.0763 |     36.722 |     3.3
   24 |   1.0084 |     33.883 |   1.0665 |     36.938 |     3.5
   25 |   0.9888 |     32.931 |   1.0556 |     35.983 |     3.6
   26 |   0.9750 |     32.659 |   1.0587 |     36.014 |     3.8
   27 |   0.9638 |     32.517 |   1.0322 |     34.504 |     3.9
   28 |   0.9499 |     31.576 |   1.0415 |     35.213 |     4.1
   29 |   0.9354 |     31.011 |   1.0181 |     34.011 |     4.2
   30 |   0.9214 |     30.668 |   1.0132 |     33.919 |     4.4
   31 |   0.9069 |     29.983 |   1.0280 |     33.641 |     4.5
   32 |   0.8933 |     29.607 |   1.0185 |     34.442 |     4.7
   33 |   0.8847 |     29.270 |   1.0057 |     33.364 |     4.8
   34 |   0.8690 |     28.601 |   0.9973 |     33.580 |     4.9
   35 |   0.8589 |     28.628 |   0.9978 |     33.457 |     5.1
   36 |   0.8443 |     28.008 |   0.9911 |     33.426 |     5.2
   37 |   0.8328 |     27.426 |   0.9886 |     33.179 |     5.4
   38 |   0.8192 |     27.143 |   0.9919 |     33.241 |     5.5
   39 |   0.8094 |     26.828 |   0.9946 |     34.011 |     5.7
   40 |   0.7997 |     26.501 |   0.9790 |     32.686 |     5.8
   41 |   0.7876 |     26.164 |   0.9791 |     32.902 |     6.0
   42 |   0.7716 |     25.484 |   0.9805 |     32.502 |     6.1
   43 |   0.7644 |     25.109 |   0.9968 |     33.241 |     6.2
   44 |   0.7558 |     25.272 |   0.9759 |     32.902 |     6.4
   45 |   0.7424 |     24.505 |   0.9865 |     32.748 |     6.5
   46 |   0.7329 |     24.277 |   0.9731 |     32.717 |     6.7
   47 |   0.7181 |     23.743 |   0.9917 |     32.994 |     6.8
   48 |   0.7124 |     23.722 |   0.9874 |     32.532 |     7.0
   49 |   0.7057 |     23.379 |   0.9877 |     32.779 |     7.1
   50 |   0.6918 |     23.074 |   0.9831 |     32.625 |     7.3
   51 |   0.6824 |     22.666 |   0.9727 |     32.440 |     7.4
   52 |   0.6735 |     22.307 |   0.9819 |     32.717 |     7.6
   53 |   0.6605 |     21.763 |   0.9812 |     32.440 |     7.7
   54 |   0.6531 |     21.758 |   0.9952 |     32.810 |     7.8
   55 |   0.6413 |     21.426 |   0.9811 |     32.101 |     8.0
Early stopping

Model: Seq2Seq Transformer
Source index: <Seq2Seq Index with 44 items>
Target index: <Seq2Seq Index with 34 items>
Max sequence length: 800
Embedding dimension: 64
Feedforward dimension: 256
Encoder layers: 2
Decoder layers: 2
Attention heads: 2
Activation: relu
Dropout: 0.2
Trainable parameters: 292,130

Training started
X_train.shape: torch.Size([3064, 649])
Y_train.shape: torch.Size([3064, 7])
X_dev.shape: torch.Size([541, 702])
Y_dev.shape: torch.Size([541, 7])
Epochs: 500
Learning rate: 0.0001
Weight decay: 0.0001
Epoch | Train                 | Development           | Minutes
      | Loss     | Error Rate | Loss     | Error Rate |
---------------------------------------------------------------
    1 |   2.7344 |     63.479 |   1.9563 |     45.225 |     0.1
    2 |   1.9179 |     46.372 |   1.6096 |     45.132 |     0.1
    3 |   1.6720 |     45.969 |   1.5085 |     45.163 |     0.2
    4 |   1.5720 |     45.822 |   1.4565 |     45.071 |     0.2
    5 |   1.5109 |     45.899 |   1.4199 |     44.670 |     0.3
    6 |   1.4737 |     45.605 |   1.3874 |     44.978 |     0.4
    7 |   1.4377 |     45.686 |   1.3657 |     44.393 |     0.4
    8 |   1.4108 |     45.284 |   1.3428 |     44.609 |     0.5
    9 |   1.3860 |     44.724 |   1.3229 |     43.993 |     0.5
   10 |   1.3643 |     44.675 |   1.3041 |     42.575 |     0.6
   11 |   1.3481 |     43.989 |   1.2911 |     41.867 |     0.7
   12 |   1.3335 |     43.984 |   1.2773 |     42.237 |     0.7
   13 |   1.3137 |     43.451 |   1.2581 |     41.559 |     0.8
   14 |   1.3008 |     43.119 |   1.2503 |     42.237 |     0.9
   15 |   1.2898 |     42.755 |   1.2350 |     40.881 |     0.9
   16 |   1.2739 |     42.537 |   1.2231 |     41.066 |     1.0
   17 |   1.2594 |     42.042 |   1.2165 |     40.881 |     1.0
   18 |   1.2538 |     42.047 |   1.2037 |     40.881 |     1.1
   19 |   1.2389 |     41.503 |   1.1958 |     40.819 |     1.2
   20 |   1.2331 |     41.411 |   1.1907 |     40.542 |     1.2
   21 |   1.2248 |     41.493 |   1.1889 |     40.327 |     1.3
   22 |   1.2133 |     40.883 |   1.1761 |     40.265 |     1.3
   23 |   1.1990 |     40.378 |   1.1682 |     40.203 |     1.4
   24 |   1.1968 |     40.606 |   1.1623 |     39.864 |     1.5
   25 |   1.1901 |     40.339 |   1.1685 |     40.111 |     1.5
   26 |   1.1840 |     40.029 |   1.1577 |     39.741 |     1.6
   27 |   1.1787 |     40.350 |   1.1567 |     39.741 |     1.7
   28 |   1.1707 |     39.959 |   1.1453 |     39.217 |     1.7
   29 |   1.1586 |     39.529 |   1.1422 |     39.187 |     1.8
   30 |   1.1592 |     39.415 |   1.1333 |     38.786 |     1.8
   31 |   1.1466 |     39.159 |   1.1306 |     38.694 |     1.9
   32 |   1.1433 |     39.077 |   1.1344 |     39.002 |     2.0
   33 |   1.1372 |     38.914 |   1.1233 |     39.125 |     2.0
   34 |   1.1376 |     39.094 |   1.1153 |     38.139 |     2.1
   35 |   1.1266 |     38.359 |   1.1149 |     38.201 |     2.1
   36 |   1.1224 |     38.425 |   1.1143 |     38.139 |     2.2
   37 |   1.1208 |     38.359 |   1.1076 |     38.047 |     2.3
   38 |   1.1186 |     38.359 |   1.1063 |     38.078 |     2.3
   39 |   1.1094 |     37.859 |   1.1048 |     38.232 |     2.4
   40 |   1.1013 |     37.669 |   1.0998 |     38.540 |     2.5
   41 |   1.1015 |     37.815 |   1.0955 |     37.708 |     2.5
   42 |   1.0913 |     37.456 |   1.0977 |     37.400 |     2.6
   43 |   1.0866 |     36.929 |   1.0872 |     37.153 |     2.6
   44 |   1.0859 |     37.375 |   1.0939 |     37.277 |     2.7
   45 |   1.0840 |     37.195 |   1.0831 |     36.537 |     2.8
   46 |   1.0789 |     36.869 |   1.0882 |     36.599 |     2.8
   47 |   1.0679 |     36.581 |   1.0833 |     36.414 |     2.9
   48 |   1.0690 |     36.760 |   1.0759 |     36.168 |     2.9
   49 |   1.0698 |     36.711 |   1.0786 |     36.753 |     3.0
   50 |   1.0574 |     36.135 |   1.0732 |     36.229 |     3.1
   51 |   1.0538 |     36.069 |   1.0734 |     36.352 |     3.1
   52 |   1.0539 |     36.113 |   1.0686 |     35.736 |     3.2
   53 |   1.0453 |     35.645 |   1.0710 |     35.921 |     3.3
   54 |   1.0413 |     35.759 |   1.0679 |     36.168 |     3.3
   55 |   1.0375 |     35.672 |   1.0681 |     36.014 |     3.4
   56 |   1.0357 |     35.286 |   1.0629 |     36.075 |     3.4
   57 |   1.0297 |     35.090 |   1.0703 |     36.260 |     3.5
   58 |   1.0289 |     35.346 |   1.0573 |     35.767 |     3.6
   59 |   1.0213 |     35.210 |   1.0633 |     35.767 |     3.6
   60 |   1.0198 |     34.802 |   1.0625 |     35.798 |     3.7
   61 |   1.0135 |     34.856 |   1.0626 |     35.428 |     3.7
   62 |   1.0127 |     34.791 |   1.0533 |     35.274 |     3.8
   63 |   1.0067 |     34.487 |   1.0558 |     35.613 |     3.9
   64 |   1.0001 |     34.334 |   1.0552 |     35.551 |     3.9
   65 |   0.9968 |     34.138 |   1.0455 |     35.521 |     4.0
   66 |   0.9943 |     34.176 |   1.0540 |     35.367 |     4.1
   67 |   0.9882 |     33.567 |   1.0591 |     35.521 |     4.1
   68 |   0.9888 |     33.828 |   1.0571 |     35.798 |     4.2
   69 |   0.9857 |     33.692 |   1.0472 |     35.336 |     4.2
Early stopping

Model: Seq2Seq Transformer
Source index: <Seq2Seq Index with 44 items>
Target index: <Seq2Seq Index with 34 items>
Max sequence length: 800
Embedding dimension: 128
Feedforward dimension: 64
Encoder layers: 4
Decoder layers: 2
Attention heads: 2
Activation: relu
Dropout: 0.1
Trainable parameters: 748,706

Training started
X_train.shape: torch.Size([3064, 649])
Y_train.shape: torch.Size([3064, 7])
X_dev.shape: torch.Size([541, 702])
Y_dev.shape: torch.Size([541, 7])
Epochs: 500
Learning rate: 0.0001
Weight decay: 1e-05
Epoch | Train                 | Development           | Minutes
      | Loss     | Error Rate | Loss     | Error Rate |
---------------------------------------------------------------
    1 |   2.3223 |     57.730 |   1.6217 |     45.225 |     0.1
    2 |   1.5793 |     46.002 |   1.4192 |     45.287 |     0.3
    3 |   1.4421 |     45.382 |   1.3524 |     44.547 |     0.4
    4 |   1.3792 |     44.762 |   1.3054 |     43.253 |     0.5
    5 |   1.3338 |     44.000 |   1.2736 |     42.822 |     0.6
    6 |   1.2935 |     42.847 |   1.2355 |     40.327 |     0.8
    7 |   1.2650 |     41.857 |   1.2191 |     40.912 |     0.9
    8 |   1.2370 |     41.204 |   1.1991 |     40.142 |     1.0
    9 |   1.2163 |     40.726 |   1.1803 |     40.203 |     1.2
   10 |   1.2001 |     40.209 |   1.1652 |     39.341 |     1.3
   11 |   1.1752 |     39.632 |   1.1606 |     40.111 |     1.4
   12 |   1.1617 |     39.284 |   1.1451 |     39.063 |     1.6
   13 |   1.1437 |     38.893 |   1.1465 |     39.587 |     1.7
   14 |   1.1288 |     38.158 |   1.1367 |     38.601 |     1.8
   15 |   1.1182 |     38.033 |   1.1232 |     37.616 |     1.9
   16 |   1.1042 |     37.734 |   1.1250 |     38.232 |     2.1
   17 |   1.0892 |     36.896 |   1.1209 |     37.646 |     2.2
   18 |   1.0770 |     36.472 |   1.1027 |     36.784 |     2.3
   19 |   1.0585 |     36.222 |   1.0966 |     37.338 |     2.5
   20 |   1.0453 |     35.759 |   1.0925 |     36.630 |     2.6
   21 |   1.0361 |     35.422 |   1.0867 |     36.599 |     2.7
   22 |   1.0159 |     34.514 |   1.0738 |     35.983 |     2.9
   23 |   1.0056 |     34.040 |   1.0794 |     36.445 |     3.0
   24 |   0.9939 |     33.981 |   1.0804 |     36.722 |     3.1
   25 |   0.9842 |     33.382 |   1.0697 |     35.089 |     3.2
   26 |   0.9646 |     32.773 |   1.0719 |     35.829 |     3.4
   27 |   0.9547 |     32.273 |   1.0732 |     35.705 |     3.5
   28 |   0.9487 |     32.235 |   1.0596 |     35.736 |     3.6
   29 |   0.9365 |     31.805 |   1.0618 |     35.644 |     3.8
   30 |   0.9278 |     31.821 |   1.0414 |     34.874 |     3.9
   31 |   0.9135 |     31.147 |   1.0530 |     35.120 |     4.0
   32 |   0.9009 |     30.614 |   1.0414 |     34.843 |     4.1
   33 |   0.8881 |     30.255 |   1.0511 |     34.319 |     4.3
   34 |   0.8791 |     29.732 |   1.0395 |     34.319 |     4.4
   35 |   0.8712 |     29.673 |   1.0379 |     34.319 |     4.5
   36 |   0.8619 |     29.335 |   1.0322 |     33.795 |     4.7
   37 |   0.8445 |     28.819 |   1.0298 |     33.272 |     4.8
   38 |   0.8413 |     28.835 |   1.0372 |     33.949 |     4.9
   39 |   0.8320 |     28.090 |   1.0549 |     33.795 |     5.1
   40 |   0.8193 |     28.041 |   1.0348 |     33.672 |     5.2
   41 |   0.8041 |     27.361 |   1.0414 |     33.549 |     5.3
Early stopping

Model: Seq2Seq Transformer
Source index: <Seq2Seq Index with 44 items>
Target index: <Seq2Seq Index with 34 items>
Max sequence length: 800
Embedding dimension: 128
Feedforward dimension: 64
Encoder layers: 4
Decoder layers: 3
Attention heads: 4
Activation: relu
Dropout: 0.1
Trainable parameters: 898,146

Training started
X_train.shape: torch.Size([3064, 649])
Y_train.shape: torch.Size([3064, 7])
X_dev.shape: torch.Size([541, 702])
Y_dev.shape: torch.Size([541, 7])
Epochs: 500
Learning rate: 0.001
Weight decay: 1e-05
Epoch | Train                 | Development           | Minutes
      | Loss     | Error Rate | Loss     | Error Rate |
---------------------------------------------------------------
    1 |   1.5864 |     48.548 |   1.3153 |     44.824 |     0.2
    2 |   1.3015 |     44.898 |   1.2364 |     43.007 |     0.3
    3 |   1.2512 |     44.114 |   1.1919 |     42.113 |     0.5
    4 |   1.2077 |     43.016 |   1.1802 |     41.466 |     0.7
    5 |   1.1798 |     41.803 |   1.1473 |     40.173 |     0.9
    6 |   1.1606 |     41.411 |   1.1460 |     40.758 |     1.1
    7 |   1.1376 |     40.378 |   1.1225 |     39.772 |     1.2
    8 |   1.1206 |     40.040 |   1.1057 |     39.587 |     1.4
    9 |   1.1082 |     39.921 |   1.1059 |     39.156 |     1.6
   10 |   1.0869 |     38.762 |   1.0970 |     40.080 |     1.8
   11 |   1.0750 |     38.566 |   1.0968 |     38.601 |     1.9
   12 |   1.0671 |     37.990 |   1.1006 |     38.540 |     2.1
   13 |   1.0513 |     37.701 |   1.1073 |     40.265 |     2.3
   14 |   1.0457 |     37.560 |   1.0984 |     39.464 |     2.5
   15 |   1.0371 |     37.092 |   1.0795 |     38.201 |     2.7
   16 |   1.0295 |     36.793 |   1.0700 |     38.509 |     2.8
   17 |   1.0099 |     35.971 |   1.0890 |     39.002 |     3.0
   18 |   0.9993 |     35.667 |   1.0826 |     38.447 |     3.2
   19 |   0.9898 |     35.558 |   1.0827 |     38.139 |     3.4
   20 |   0.9810 |     34.960 |   1.0613 |     37.800 |     3.5
   21 |   0.9801 |     35.107 |   1.0904 |     38.139 |     3.7
   22 |   0.9773 |     34.938 |   1.0887 |     38.324 |     3.9
   23 |   0.9540 |     34.002 |   1.0849 |     38.324 |     4.1
   24 |   0.9484 |     33.730 |   1.0558 |     36.938 |     4.3
   25 |   0.9383 |     33.290 |   1.0788 |     37.677 |     4.4
   26 |   0.9329 |     33.067 |   1.0841 |     38.447 |     4.6
   27 |   0.9193 |     32.441 |   1.0827 |     37.369 |     4.8
   28 |   0.9062 |     31.979 |   1.0867 |     38.170 |     5.0
Early stopping

Model: Seq2Seq Transformer
Source index: <Seq2Seq Index with 44 items>
Target index: <Seq2Seq Index with 34 items>
Max sequence length: 800
Embedding dimension: 128
Feedforward dimension: 64
Encoder layers: 4
Decoder layers: 3
Attention heads: 4
Activation: relu
Dropout: 0.0
Trainable parameters: 898,146

Training started
X_train.shape: torch.Size([3064, 649])
Y_train.shape: torch.Size([3064, 7])
X_dev.shape: torch.Size([541, 702])
Y_dev.shape: torch.Size([541, 7])
Epochs: 500
Learning rate: 0.001
Weight decay: 0.0001
Epoch | Train                 | Development           | Minutes
      | Loss     | Error Rate | Loss     | Error Rate |
---------------------------------------------------------------
    1 |   1.5645 |     48.031 |   1.2879 |     44.424 |     0.2
    2 |   1.2663 |     44.588 |   1.2227 |     44.116 |     0.3
    3 |   1.2073 |     43.097 |   1.2025 |     42.329 |     0.5
    4 |   1.1702 |     42.064 |   1.1840 |     41.929 |     0.6
    5 |   1.1408 |     41.275 |   1.1411 |     39.957 |     0.8
    6 |   1.1150 |     40.187 |   1.1237 |     40.419 |     1.0
    7 |   1.1028 |     39.730 |   1.1117 |     39.526 |     1.1
    8 |   1.0807 |     39.366 |   1.1086 |     39.587 |     1.3
    9 |   1.0766 |     39.186 |   1.0940 |     39.680 |     1.5
   10 |   1.0571 |     38.349 |   1.0781 |     38.293 |     1.6
   11 |   1.0504 |     38.104 |   1.0825 |     40.080 |     1.8
   12 |   1.0447 |     38.000 |   1.0598 |     38.078 |     2.0
   13 |   1.0348 |     37.707 |   1.0668 |     38.201 |     2.1
   14 |   1.0193 |     37.021 |   1.0638 |     37.492 |     2.3
   15 |   1.0100 |     36.728 |   1.0576 |     37.954 |     2.4
   16 |   1.0049 |     36.679 |   1.0523 |     37.739 |     2.6
   17 |   0.9861 |     36.097 |   1.0282 |     36.168 |     2.8
   18 |   0.9737 |     35.400 |   1.0185 |     36.075 |     2.9
   19 |   0.9692 |     35.237 |   1.0338 |     36.691 |     3.1
   20 |   0.9567 |     34.568 |   1.0230 |     36.630 |     3.3
   21 |   0.9436 |     34.443 |   1.0378 |     36.352 |     3.4
   22 |   0.9363 |     33.845 |   1.0076 |     34.689 |     3.6
   23 |   0.9146 |     32.719 |   1.0143 |     36.506 |     3.7
   24 |   0.9039 |     32.626 |   0.9942 |     35.243 |     3.9
   25 |   0.8917 |     31.827 |   1.0000 |     34.196 |     4.1
   26 |   0.8852 |     31.609 |   0.9939 |     34.720 |     4.2
   27 |   0.8677 |     31.310 |   0.9733 |     33.056 |     4.4
   28 |   0.8540 |     30.358 |   0.9964 |     33.272 |     4.6
   29 |   0.8482 |     30.363 |   0.9819 |     34.042 |     4.7
   30 |   0.8273 |     29.743 |   0.9799 |     32.902 |     4.9
   31 |   0.8214 |     29.482 |   0.9812 |     32.871 |     5.0
   32 |   0.8122 |     28.949 |   0.9555 |     32.101 |     5.2
   33 |   0.7986 |     28.623 |   0.9721 |     32.779 |     5.4
   34 |   0.7895 |     28.264 |   0.9823 |     32.594 |     5.5
   35 |   0.7831 |     28.193 |   0.9432 |     30.869 |     5.7
   36 |   0.7593 |     26.947 |   0.9525 |     31.916 |     5.9
   37 |   0.7530 |     26.996 |   0.9796 |     32.810 |     6.0
   38 |   0.7368 |     26.050 |   0.9809 |     32.471 |     6.2
   39 |   0.7265 |     26.012 |   0.9541 |     31.916 |     6.3
Early stopping

