Model: Seq2Seq Transformer
Source index: <Seq2Seq Index with 46 items>
Target index: <Seq2Seq Index with 34 items>
Max sequence length: 800
Embedding dimension: 128
Feedforward dimension: 64
Encoder layers: 4
Decoder layers: 3
Attention heads: 4
Activation: relu
Dropout: 0.0
Trainable parameters: 898,402

Training started
X_train.shape: torch.Size([3057, 702])
Y_train.shape: torch.Size([3057, 7])
X_dev.shape: torch.Size([521, 307])
Y_dev.shape: torch.Size([521, 7])
Epochs: 500
Learning rate: 0.0001
Weight decay: 0.0001
Epoch | Train                 | Development           | Minutes
      | Loss     | Error Rate | Loss     | Error Rate |
---------------------------------------------------------------
    1 |   1.9989 |     50.055 |   1.5490 |     45.841 |     0.2
    2 |   1.4389 |     45.001 |   1.3822 |     45.266 |     0.3
    3 |   1.3395 |     44.008 |   1.3173 |     43.602 |     0.5
    4 |   1.2863 |     42.803 |   1.2841 |     44.178 |     0.7
    5 |   1.2442 |     41.380 |   1.2446 |     42.386 |     0.8
    6 |   1.2070 |     40.475 |   1.2072 |     41.587 |     1.0
    7 |   1.1759 |     39.794 |   1.1903 |     40.595 |     1.1
    8 |   1.1483 |     39.036 |   1.1886 |     41.523 |     1.3
    9 |   1.1260 |     38.513 |   1.1796 |     39.987 |     1.5
   10 |   1.0915 |     37.204 |   1.1271 |     38.612 |     1.6
   11 |   1.0718 |     36.386 |   1.1347 |     38.964 |     1.8
   12 |   1.0413 |     35.176 |   1.1113 |     38.484 |     2.0
   13 |   1.0188 |     34.604 |   1.1353 |     37.140 |     2.1
   14 |   0.9991 |     33.748 |   1.0886 |     37.620 |     2.3
   15 |   0.9651 |     32.679 |   1.0904 |     36.212 |     2.5
   16 |   0.9477 |     31.998 |   1.0749 |     36.180 |     2.6
   17 |   0.9230 |     31.027 |   1.0891 |     36.884 |     2.8
   18 |   0.8991 |     30.089 |   1.0965 |     37.236 |     3.0
   19 |   0.8728 |     29.315 |   1.0431 |     35.637 |     3.1
   20 |   0.8560 |     28.732 |   1.0548 |     35.988 |     3.3
   21 |   0.8330 |     27.941 |   1.0489 |     35.509 |     3.5
   22 |   0.8106 |     27.211 |   1.0494 |     35.381 |     3.6
   23 |   0.7912 |     26.333 |   1.0597 |     35.477 |     3.8
Early stopping

Model: Seq2Seq Transformer
Source index: <Seq2Seq Index with 46 items>
Target index: <Seq2Seq Index with 34 items>
Max sequence length: 800
Embedding dimension: 64
Feedforward dimension: 64
Encoder layers: 2
Decoder layers: 4
Attention heads: 4
Activation: relu
Dropout: 0.0
Trainable parameters: 277,154

Training started
X_train.shape: torch.Size([3057, 702])
Y_train.shape: torch.Size([3057, 7])
X_dev.shape: torch.Size([521, 307])
Y_dev.shape: torch.Size([521, 7])
Epochs: 500
Learning rate: 0.0001
Weight decay: 1e-05
Epoch | Train                 | Development           | Minutes
      | Loss     | Error Rate | Loss     | Error Rate |
---------------------------------------------------------------
    1 |   2.7544 |     66.192 |   2.0935 |     48.049 |     0.1
    2 |   1.7886 |     46.543 |   1.6330 |     45.266 |     0.2
    3 |   1.5455 |     44.946 |   1.5089 |     44.914 |     0.3
    4 |   1.4522 |     44.292 |   1.4418 |     44.690 |     0.4
    5 |   1.3968 |     43.659 |   1.3902 |     43.730 |     0.5
    6 |   1.3506 |     42.662 |   1.3537 |     43.474 |     0.6
    7 |   1.3168 |     42.335 |   1.3180 |     42.674 |     0.6
    8 |   1.2893 |     41.882 |   1.2989 |     42.354 |     0.7
    9 |   1.2619 |     40.939 |   1.2837 |     41.715 |     0.8
   10 |   1.2387 |     40.421 |   1.2583 |     41.619 |     0.9
   11 |   1.2190 |     40.312 |   1.2471 |     40.819 |     1.0
   12 |   1.1959 |     39.690 |   1.2156 |     40.851 |     1.1
   13 |   1.1756 |     39.281 |   1.2198 |     40.499 |     1.2
   14 |   1.1596 |     38.654 |   1.1894 |     39.699 |     1.3
   15 |   1.1423 |     38.147 |   1.2038 |     39.411 |     1.4
   16 |   1.1269 |     37.591 |   1.1874 |     39.123 |     1.5
   17 |   1.1135 |     37.346 |   1.1749 |     38.644 |     1.6
   18 |   1.0952 |     36.577 |   1.1614 |     38.644 |     1.7
   19 |   1.0814 |     36.223 |   1.1643 |     38.580 |     1.7
   20 |   1.0675 |     35.912 |   1.1401 |     37.972 |     1.8
   21 |   1.0513 |     35.165 |   1.1323 |     37.556 |     1.9
   22 |   1.0395 |     35.127 |   1.1419 |     38.996 |     2.0
   23 |   1.0255 |     34.604 |   1.1399 |     37.716 |     2.1
   24 |   1.0143 |     33.900 |   1.1226 |     37.268 |     2.2
   25 |   0.9982 |     33.431 |   1.1248 |     37.460 |     2.3
   26 |   0.9881 |     33.306 |   1.1089 |     36.724 |     2.4
   27 |   0.9742 |     32.804 |   1.0956 |     36.628 |     2.5
   28 |   0.9635 |     32.445 |   1.1019 |     37.172 |     2.6
   29 |   0.9507 |     31.801 |   1.0946 |     36.756 |     2.7
   30 |   0.9393 |     31.365 |   1.1044 |     36.468 |     2.8
   31 |   0.9290 |     31.218 |   1.0919 |     36.436 |     2.9
   32 |   0.9179 |     30.733 |   1.1045 |     36.020 |     2.9
   33 |   0.9083 |     30.460 |   1.0968 |     36.116 |     3.0
   34 |   0.8938 |     29.915 |   1.0853 |     35.669 |     3.1
   35 |   0.8849 |     29.882 |   1.0625 |     35.605 |     3.2
   36 |   0.8728 |     29.212 |   1.0861 |     35.765 |     3.3
   37 |   0.8636 |     28.885 |   1.1016 |     35.956 |     3.4
   38 |   0.8495 |     28.525 |   1.0894 |     36.436 |     3.5
   39 |   0.8476 |     28.623 |   1.0433 |     34.741 |     3.6
   40 |   0.8349 |     27.641 |   1.0681 |     35.733 |     3.7
   41 |   0.8250 |     27.238 |   1.0945 |     35.509 |     3.8
   42 |   0.8124 |     26.813 |   1.0627 |     35.637 |     3.9
   43 |   0.8023 |     26.709 |   1.0707 |     34.901 |     4.0
Early stopping

Model: Seq2Seq Transformer
Source index: <Seq2Seq Index with 46 items>
Target index: <Seq2Seq Index with 34 items>
Max sequence length: 800
Embedding dimension: 128
Feedforward dimension: 256
Encoder layers: 2
Decoder layers: 4
Attention heads: 2
Activation: relu
Dropout: 0.2
Trainable parameters: 1,177,634

Training started
X_train.shape: torch.Size([3057, 702])
Y_train.shape: torch.Size([3057, 7])
X_dev.shape: torch.Size([521, 307])
Y_dev.shape: torch.Size([521, 7])
Epochs: 500
Learning rate: 0.001
Weight decay: 1e-05
Epoch | Train                 | Development           | Minutes
      | Loss     | Error Rate | Loss     | Error Rate |
---------------------------------------------------------------
    1 |   1.6538 |     49.706 |   1.3382 |     44.594 |     0.1
    2 |   1.3540 |     45.393 |   1.2814 |     43.634 |     0.2
    3 |   1.2994 |     44.532 |   1.2924 |     43.922 |     0.3
    4 |   1.2659 |     43.730 |   1.2197 |     42.642 |     0.4
    5 |   1.2323 |     42.689 |   1.1669 |     41.523 |     0.5
    6 |   1.2122 |     42.269 |   1.1951 |     41.555 |     0.6
    7 |   1.1932 |     41.697 |   1.1715 |     41.011 |     0.7
    8 |   1.1690 |     40.944 |   1.1524 |     41.171 |     0.8
    9 |   1.1515 |     40.017 |   1.1443 |     39.923 |     0.9
   10 |   1.1412 |     39.718 |   1.1099 |     39.923 |     1.0
   11 |   1.1283 |     39.440 |   1.1465 |     40.243 |     1.1
   12 |   1.1114 |     39.025 |   1.1363 |     38.708 |     1.2
   13 |   1.0928 |     38.333 |   1.0860 |     38.612 |     1.3
   14 |   1.0755 |     37.242 |   1.1050 |     38.580 |     1.4
   15 |   1.0690 |     37.319 |   1.0927 |     37.460 |     1.5
   16 |   1.0499 |     36.490 |   1.0947 |     37.556 |     1.6
   17 |   1.0312 |     35.972 |   1.0923 |     37.428 |     1.7
   18 |   1.0268 |     35.978 |   1.0725 |     37.780 |     1.8
   19 |   1.0128 |     35.656 |   1.0614 |     36.532 |     1.9
   20 |   1.0010 |     35.438 |   1.0640 |     37.012 |     2.0
   21 |   0.9755 |     34.353 |   1.0781 |     36.628 |     2.1
   22 |   0.9643 |     33.742 |   1.0912 |     36.852 |     2.2
   23 |   0.9528 |     33.541 |   1.1046 |     37.524 |     2.3
Early stopping

Model: Seq2Seq Transformer
Source index: <Seq2Seq Index with 46 items>
Target index: <Seq2Seq Index with 34 items>
Max sequence length: 800
Embedding dimension: 128
Feedforward dimension: 128
Encoder layers: 4
Decoder layers: 3
Attention heads: 2
Activation: relu
Dropout: 0.0
Trainable parameters: 1,013,538

Training started
X_train.shape: torch.Size([3057, 702])
Y_train.shape: torch.Size([3057, 7])
X_dev.shape: torch.Size([521, 307])
Y_dev.shape: torch.Size([521, 7])
Epochs: 500
Learning rate: 0.001
Weight decay: 0.0001
Epoch | Train                 | Development           | Minutes
      | Loss     | Error Rate | Loss     | Error Rate |
---------------------------------------------------------------
    1 |   1.5509 |     47.590 |   1.3252 |     45.553 |     0.1
    2 |   1.2738 |     44.205 |   1.2464 |     43.570 |     0.3
    3 |   1.2097 |     42.275 |   1.2261 |     43.122 |     0.4
    4 |   1.1753 |     41.408 |   1.1823 |     43.122 |     0.5
    5 |   1.1480 |     40.721 |   1.1435 |     42.226 |     0.7
    6 |   1.1139 |     39.576 |   1.1342 |     41.651 |     0.8
    7 |   1.0971 |     38.883 |   1.1160 |     39.603 |     0.9
    8 |   1.0795 |     38.987 |   1.1049 |     39.603 |     1.1
    9 |   1.0680 |     38.447 |   1.1154 |     40.147 |     1.2
   10 |   1.0574 |     38.289 |   1.0666 |     38.964 |     1.3
   11 |   1.0447 |     37.897 |   1.0567 |     38.900 |     1.5
   12 |   1.0342 |     37.760 |   1.0521 |     38.516 |     1.6
   13 |   1.0257 |     37.553 |   1.0390 |     38.996 |     1.7
   14 |   1.0172 |     37.308 |   1.0598 |     38.388 |     1.9
   15 |   1.0154 |     36.937 |   1.0511 |     38.804 |     2.0
   16 |   1.0099 |     36.855 |   1.0417 |     37.588 |     2.1
   17 |   0.9976 |     36.675 |   1.0268 |     38.036 |     2.3
   18 |   0.9941 |     36.463 |   1.0571 |     38.708 |     2.4
   19 |   0.9909 |     36.305 |   1.0326 |     38.324 |     2.5
   20 |   0.9821 |     35.934 |   1.0202 |     37.140 |     2.7
   21 |   0.9742 |     35.678 |   1.0435 |     37.332 |     2.8
   22 |   0.9754 |     35.689 |   1.0342 |     38.260 |     2.9
   23 |   0.9662 |     35.514 |   1.0247 |     37.620 |     3.1
   24 |   0.9595 |     35.023 |   1.0294 |     37.492 |     3.2
Early stopping

Model: Seq2Seq Transformer
Source index: <Seq2Seq Index with 46 items>
Target index: <Seq2Seq Index with 34 items>
Max sequence length: 800
Embedding dimension: 64
Feedforward dimension: 128
Encoder layers: 4
Decoder layers: 2
Attention heads: 2
Activation: relu
Dropout: 0.0
Trainable parameters: 293,154

Training started
X_train.shape: torch.Size([3057, 702])
Y_train.shape: torch.Size([3057, 7])
X_dev.shape: torch.Size([521, 307])
Y_dev.shape: torch.Size([521, 7])
Epochs: 500
Learning rate: 0.0001
Weight decay: 0.0001
Epoch | Train                 | Development           | Minutes
      | Loss     | Error Rate | Loss     | Error Rate |
---------------------------------------------------------------
    1 |   2.4862 |     59.841 |   1.9392 |     46.705 |     0.1
    2 |   1.7334 |     46.015 |   1.6253 |     45.905 |     0.2
    3 |   1.5497 |     45.715 |   1.5101 |     45.777 |     0.3
    4 |   1.4657 |     45.197 |   1.4449 |     44.882 |     0.4
    5 |   1.4130 |     44.292 |   1.3994 |     44.562 |     0.5
    6 |   1.3750 |     43.828 |   1.3644 |     44.370 |     0.5
    7 |   1.3413 |     43.321 |   1.3374 |     44.114 |     0.6
    8 |   1.3112 |     42.798 |   1.3204 |     44.338 |     0.7
    9 |   1.2850 |     42.482 |   1.2915 |     43.474 |     0.8
   10 |   1.2557 |     41.500 |   1.2962 |     42.354 |     0.9
   11 |   1.2316 |     40.644 |   1.2663 |     42.482 |     1.0
   12 |   1.2116 |     40.301 |   1.2654 |     41.427 |     1.1
   13 |   1.1887 |     39.619 |   1.2635 |     42.003 |     1.2
   14 |   1.1734 |     39.292 |   1.2331 |     40.851 |     1.3
   15 |   1.1561 |     38.954 |   1.2657 |     41.203 |     1.4
   16 |   1.1393 |     38.387 |   1.2212 |     40.403 |     1.5
   17 |   1.1260 |     37.842 |   1.1966 |     40.787 |     1.6
   18 |   1.1129 |     37.766 |   1.2025 |     40.115 |     1.6
   19 |   1.1003 |     37.046 |   1.1901 |     40.339 |     1.7
   20 |   1.0866 |     36.517 |   1.1833 |     40.435 |     1.8
   21 |   1.0691 |     36.065 |   1.1748 |     40.307 |     1.9
   22 |   1.0601 |     35.629 |   1.1952 |     40.371 |     2.0
   23 |   1.0491 |     35.411 |   1.1489 |     39.923 |     2.1
   24 |   1.0342 |     34.691 |   1.1616 |     39.347 |     2.2
   25 |   1.0196 |     34.320 |   1.1731 |     39.859 |     2.3
   26 |   1.0089 |     34.048 |   1.1964 |     40.019 |     2.4
   27 |   1.0001 |     33.862 |   1.1595 |     39.123 |     2.5
   28 |   0.9845 |     33.153 |   1.1387 |     38.804 |     2.6
   29 |   0.9747 |     32.848 |   1.1611 |     38.932 |     2.7
   30 |   0.9601 |     32.210 |   1.1749 |     39.603 |     2.7
   31 |   0.9510 |     32.090 |   1.1567 |     38.772 |     2.8
   32 |   0.9378 |     31.278 |   1.1627 |     39.187 |     2.9
Early stopping

Model: Seq2Seq Transformer
Source index: <Seq2Seq Index with 46 items>
Target index: <Seq2Seq Index with 34 items>
Max sequence length: 800
Embedding dimension: 128
Feedforward dimension: 128
Encoder layers: 2
Decoder layers: 3
Attention heads: 4
Activation: relu
Dropout: 0.1
Trainable parameters: 814,370

Training started
X_train.shape: torch.Size([3057, 702])
Y_train.shape: torch.Size([3057, 7])
X_dev.shape: torch.Size([521, 307])
Y_dev.shape: torch.Size([521, 7])
Epochs: 500
Learning rate: 0.0001
Weight decay: 0.0001
Epoch | Train                 | Development           | Minutes
      | Loss     | Error Rate | Loss     | Error Rate |
---------------------------------------------------------------
    1 |   2.2373 |     56.581 |   1.5616 |     45.713 |     0.1
    2 |   1.5315 |     46.058 |   1.4156 |     45.649 |     0.2
    3 |   1.4183 |     45.273 |   1.3443 |     44.786 |     0.3
    4 |   1.3599 |     44.221 |   1.3087 |     43.986 |     0.4
    5 |   1.3123 |     43.185 |   1.2522 |     42.514 |     0.5
    6 |   1.2777 |     42.460 |   1.2400 |     42.226 |     0.6
    7 |   1.2481 |     42.078 |   1.2160 |     41.555 |     0.8
    8 |   1.2232 |     41.359 |   1.2065 |     41.139 |     0.9
    9 |   1.2025 |     40.579 |   1.1803 |     40.403 |     1.0
   10 |   1.1809 |     40.088 |   1.1830 |     40.307 |     1.1
   11 |   1.1609 |     39.025 |   1.1508 |     38.836 |     1.2
   12 |   1.1426 |     38.289 |   1.1543 |     39.539 |     1.3
   13 |   1.1300 |     38.262 |   1.1523 |     39.091 |     1.4
   14 |   1.1093 |     37.335 |   1.1239 |     38.260 |     1.5
   15 |   1.0941 |     36.915 |   1.1225 |     39.635 |     1.6
   16 |   1.0801 |     36.299 |   1.1245 |     38.900 |     1.7
   17 |   1.0629 |     35.901 |   1.1109 |     37.844 |     1.8
   18 |   1.0506 |     35.449 |   1.1059 |     37.972 |     2.0
   19 |   1.0351 |     34.756 |   1.1240 |     38.228 |     2.1
   20 |   1.0191 |     34.315 |   1.0877 |     37.108 |     2.2
   21 |   1.0043 |     33.966 |   1.1045 |     37.428 |     2.3
   22 |   0.9974 |     33.606 |   1.0803 |     36.628 |     2.4
   23 |   0.9819 |     33.175 |   1.0750 |     36.820 |     2.5
   24 |   0.9699 |     32.903 |   1.0875 |     36.980 |     2.6
   25 |   0.9568 |     32.374 |   1.0759 |     36.852 |     2.7
   26 |   0.9464 |     31.807 |   1.0868 |     36.948 |     2.8
   27 |   0.9315 |     31.616 |   1.0893 |     36.500 |     2.9
Early stopping

Model: Seq2Seq Transformer
Source index: <Seq2Seq Index with 46 items>
Target index: <Seq2Seq Index with 34 items>
Max sequence length: 800
Embedding dimension: 64
Feedforward dimension: 256
Encoder layers: 4
Decoder layers: 4
Attention heads: 4
Activation: relu
Dropout: 0.1
Trainable parameters: 525,730

Training started
X_train.shape: torch.Size([3057, 702])
Y_train.shape: torch.Size([3057, 7])
X_dev.shape: torch.Size([521, 307])
Y_dev.shape: torch.Size([521, 7])
Epochs: 500
Learning rate: 0.0001
Weight decay: 1e-05
Epoch | Train                 | Development           | Minutes
      | Loss     | Error Rate | Loss     | Error Rate |
---------------------------------------------------------------
    1 |   2.4953 |     60.975 |   1.8140 |     46.097 |     0.2
    2 |   1.7485 |     46.331 |   1.5994 |     45.681 |     0.3
    3 |   1.5894 |     45.971 |   1.5096 |     45.585 |     0.5
    4 |   1.5064 |     45.644 |   1.4377 |     44.690 |     0.7
    5 |   1.4521 |     45.273 |   1.3951 |     44.370 |     0.8
    6 |   1.4082 |     44.744 |   1.3567 |     44.082 |     1.0
    7 |   1.3790 |     44.499 |   1.3288 |     42.994 |     1.2
    8 |   1.3463 |     43.954 |   1.3045 |     43.154 |     1.3
    9 |   1.3216 |     43.158 |   1.2840 |     42.898 |     1.5
   10 |   1.2956 |     42.678 |   1.2835 |     41.715 |     1.7
   11 |   1.2837 |     42.716 |   1.2566 |     41.747 |     1.8
   12 |   1.2617 |     42.340 |   1.2432 |     42.035 |     2.0
   13 |   1.2474 |     41.871 |   1.2270 |     41.971 |     2.2
   14 |   1.2287 |     41.440 |   1.2243 |     41.267 |     2.3
   15 |   1.2169 |     41.042 |   1.2183 |     41.043 |     2.5
   16 |   1.2057 |     40.606 |   1.1993 |     41.331 |     2.7
   17 |   1.1930 |     40.535 |   1.1998 |     41.267 |     2.8
   18 |   1.1797 |     39.925 |   1.2019 |     40.371 |     3.0
   19 |   1.1655 |     39.489 |   1.1696 |     40.147 |     3.2
   20 |   1.1545 |     39.074 |   1.1876 |     40.627 |     3.3
   21 |   1.1425 |     38.823 |   1.1880 |     39.859 |     3.5
   22 |   1.1321 |     38.218 |   1.1878 |     39.539 |     3.7
   23 |   1.1224 |     38.011 |   1.1584 |     39.123 |     3.8
   24 |   1.1133 |     37.526 |   1.1654 |     38.132 |     4.0
   25 |   1.1022 |     37.493 |   1.1598 |     38.068 |     4.2
   26 |   1.0905 |     37.057 |   1.1636 |     38.004 |     4.3
   27 |   1.0830 |     36.741 |   1.1667 |     38.324 |     4.5
   28 |   1.0732 |     36.376 |   1.1581 |     37.620 |     4.7
   29 |   1.0605 |     35.852 |   1.1543 |     37.492 |     4.8
   30 |   1.0540 |     35.443 |   1.1726 |     38.452 |     5.0
   31 |   1.0450 |     35.225 |   1.1650 |     38.228 |     5.2
   32 |   1.0382 |     35.023 |   1.1468 |     37.620 |     5.3
   33 |   1.0224 |     34.707 |   1.1606 |     38.036 |     5.5
   34 |   1.0176 |     34.462 |   1.1365 |     38.004 |     5.7
   35 |   1.0084 |     34.151 |   1.1311 |     37.524 |     5.8
   36 |   1.0045 |     34.048 |   1.1435 |     37.396 |     6.0
   37 |   0.9990 |     33.824 |   1.1469 |     37.396 |     6.2
   38 |   0.9846 |     33.633 |   1.1420 |     38.036 |     6.3
   39 |   0.9822 |     33.660 |   1.1316 |     37.556 |     6.5
Early stopping

Model: Seq2Seq Transformer
Source index: <Seq2Seq Index with 46 items>
Target index: <Seq2Seq Index with 34 items>
Max sequence length: 800
Embedding dimension: 128
Feedforward dimension: 256
Encoder layers: 2
Decoder layers: 2
Attention heads: 4
Activation: relu
Dropout: 0.2
Trainable parameters: 780,066

Training started
X_train.shape: torch.Size([3057, 702])
Y_train.shape: torch.Size([3057, 7])
X_dev.shape: torch.Size([521, 307])
Y_dev.shape: torch.Size([521, 7])
Epochs: 500
Learning rate: 0.001
Weight decay: 0.0001
Epoch | Train                 | Development           | Minutes
      | Loss     | Error Rate | Loss     | Error Rate |
---------------------------------------------------------------
    1 |   1.5714 |     47.879 |   1.3000 |     45.042 |     0.1
    2 |   1.2967 |     44.679 |   1.2354 |     43.890 |     0.2
    3 |   1.2352 |     42.967 |   1.1963 |     42.035 |     0.3
    4 |   1.2052 |     42.373 |   1.1608 |     42.194 |     0.4
    5 |   1.1756 |     41.337 |   1.1300 |     40.339 |     0.5
    6 |   1.1432 |     40.524 |   1.1130 |     39.923 |     0.6
    7 |   1.1216 |     39.587 |   1.0807 |     39.123 |     0.7
    8 |   1.0990 |     38.769 |   1.0854 |     38.324 |     0.8
    9 |   1.0756 |     38.229 |   1.0657 |     37.780 |     0.9
   10 |   1.0619 |     37.635 |   1.0613 |     38.068 |     1.0
   11 |   1.0413 |     36.861 |   1.0584 |     36.596 |     1.1
   12 |   1.0234 |     36.103 |   1.0341 |     36.500 |     1.2
   13 |   1.0029 |     35.716 |   1.0315 |     36.884 |     1.3
   14 |   0.9754 |     34.462 |   1.0343 |     36.884 |     1.4
   15 |   0.9557 |     33.753 |   1.0325 |     35.893 |     1.5
   16 |   0.9382 |     33.055 |   1.0315 |     36.116 |     1.6
   17 |   0.9243 |     32.723 |   1.0166 |     35.477 |     1.7
   18 |   0.9028 |     32.112 |   0.9984 |     34.581 |     1.8
   19 |   0.8939 |     31.469 |   0.9881 |     34.037 |     1.9
   20 |   0.8750 |     30.673 |   0.9847 |     33.909 |     2.0
   21 |   0.8624 |     30.346 |   0.9931 |     34.069 |     2.2
   22 |   0.8443 |     29.751 |   0.9901 |     34.389 |     2.3
   23 |   0.8281 |     29.283 |   0.9678 |     32.790 |     2.4
   24 |   0.8079 |     28.634 |   0.9947 |     33.301 |     2.5
   25 |   0.7937 |     28.127 |   0.9761 |     33.301 |     2.6
   26 |   0.7826 |     27.925 |   1.0105 |     33.845 |     2.7
   27 |   0.7686 |     27.391 |   1.0007 |     33.269 |     2.8
Early stopping

Model: Seq2Seq Transformer
Source index: <Seq2Seq Index with 46 items>
Target index: <Seq2Seq Index with 34 items>
Max sequence length: 800
Embedding dimension: 128
Feedforward dimension: 128
Encoder layers: 4
Decoder layers: 2
Attention heads: 4
Activation: relu
Dropout: 0.1
Trainable parameters: 847,650

Training started
X_train.shape: torch.Size([3057, 702])
Y_train.shape: torch.Size([3057, 7])
X_dev.shape: torch.Size([521, 307])
Y_dev.shape: torch.Size([521, 7])
Epochs: 500
Learning rate: 0.001
Weight decay: 1e-05
Epoch | Train                 | Development           | Minutes
      | Loss     | Error Rate | Loss     | Error Rate |
---------------------------------------------------------------
    1 |   1.5583 |     47.487 |   1.3174 |     45.489 |     0.2
    2 |   1.2866 |     44.543 |   1.2281 |     43.506 |     0.3
    3 |   1.2285 |     43.403 |   1.1784 |     43.090 |     0.5
    4 |   1.1895 |     42.580 |   1.1500 |     41.427 |     0.7
    5 |   1.1555 |     41.326 |   1.1217 |     39.859 |     0.9
    6 |   1.1263 |     40.012 |   1.0989 |     39.795 |     1.0
    7 |   1.1078 |     39.559 |   1.0918 |     39.891 |     1.2
    8 |   1.0848 |     38.387 |   1.0653 |     38.516 |     1.4
    9 |   1.0683 |     38.229 |   1.0644 |     38.036 |     1.5
   10 |   1.0442 |     37.297 |   1.0465 |     38.100 |     1.7
   11 |   1.0331 |     36.910 |   1.0535 |     37.748 |     1.9
   12 |   1.0184 |     36.555 |   1.0416 |     38.004 |     2.1
   13 |   1.0100 |     36.136 |   1.0276 |     37.332 |     2.2
   14 |   0.9973 |     35.759 |   1.0171 |     37.460 |     2.4
   15 |   0.9791 |     35.640 |   1.0333 |     37.716 |     2.6
   16 |   0.9741 |     35.192 |   1.0163 |     37.140 |     2.7
   17 |   0.9569 |     34.724 |   1.0290 |     36.852 |     2.9
   18 |   0.9527 |     34.511 |   1.0217 |     35.829 |     3.1
   19 |   0.9443 |     33.928 |   1.0179 |     35.573 |     3.3
   20 |   0.9348 |     33.644 |   1.0130 |     36.500 |     3.4
   21 |   0.9245 |     33.562 |   1.0337 |     36.948 |     3.6
   22 |   0.9179 |     33.197 |   1.0531 |     38.164 |     3.8
   23 |   0.9058 |     32.695 |   1.0174 |     36.596 |     3.9
   24 |   0.8952 |     32.270 |   1.0210 |     35.541 |     4.1
Early stopping

Model: Seq2Seq Transformer
Source index: <Seq2Seq Index with 46 items>
Target index: <Seq2Seq Index with 34 items>
Max sequence length: 800
Embedding dimension: 64
Feedforward dimension: 128
Encoder layers: 2
Decoder layers: 3
Attention heads: 4
Activation: relu
Dropout: 0.1
Trainable parameters: 276,450

Training started
X_train.shape: torch.Size([3057, 702])
Y_train.shape: torch.Size([3057, 7])
X_dev.shape: torch.Size([521, 307])
Y_dev.shape: torch.Size([521, 7])
Epochs: 500
Learning rate: 0.0001
Weight decay: 0.0001
Epoch | Train                 | Development           | Minutes
      | Loss     | Error Rate | Loss     | Error Rate |
---------------------------------------------------------------
    1 |   2.5949 |     61.286 |   1.9567 |     47.889 |     0.1
    2 |   1.8484 |     47.143 |   1.6249 |     45.425 |     0.2
    3 |   1.6210 |     46.058 |   1.5212 |     45.713 |     0.3
    4 |   1.5284 |     45.857 |   1.4600 |     45.713 |     0.4
    5 |   1.4680 |     45.573 |   1.4124 |     45.106 |     0.5
    6 |   1.4254 |     45.382 |   1.3764 |     45.489 |     0.6
    7 |   1.3901 |     44.641 |   1.3448 |     44.082 |     0.6
    8 |   1.3610 |     44.286 |   1.3234 |     43.506 |     0.7
    9 |   1.3362 |     44.019 |   1.3000 |     43.634 |     0.8
   10 |   1.3173 |     43.539 |   1.2864 |     43.346 |     0.9
   11 |   1.3000 |     43.174 |   1.2718 |     43.410 |     1.0
   12 |   1.2840 |     42.645 |   1.2588 |     43.602 |     1.1
   13 |   1.2706 |     42.482 |   1.2496 |     42.738 |     1.2
   14 |   1.2588 |     42.078 |   1.2360 |     41.907 |     1.3
   15 |   1.2439 |     41.958 |   1.2320 |     41.907 |     1.4
   16 |   1.2312 |     41.620 |   1.2310 |     41.715 |     1.5
   17 |   1.2219 |     41.310 |   1.2165 |     41.843 |     1.6
   18 |   1.2079 |     40.857 |   1.2138 |     41.299 |     1.7
   19 |   1.1949 |     40.410 |   1.1961 |     41.331 |     1.8
   20 |   1.1871 |     40.181 |   1.2081 |     40.915 |     1.9
   21 |   1.1755 |     39.919 |   1.2022 |     40.883 |     1.9
   22 |   1.1663 |     39.685 |   1.1776 |     40.531 |     2.0
   23 |   1.1586 |     39.418 |   1.1678 |     39.827 |     2.1
   24 |   1.1495 |     39.151 |   1.1768 |     40.083 |     2.2
   25 |   1.1412 |     38.938 |   1.1765 |     40.467 |     2.3
   26 |   1.1334 |     38.644 |   1.1739 |     39.987 |     2.4
   27 |   1.1259 |     38.213 |   1.1509 |     39.827 |     2.5
   28 |   1.1134 |     38.415 |   1.1402 |     39.347 |     2.6
   29 |   1.1087 |     37.739 |   1.1580 |     39.347 |     2.7
   30 |   1.1010 |     37.444 |   1.1347 |     39.443 |     2.8
   31 |   1.0933 |     37.395 |   1.1448 |     39.060 |     2.9
   32 |   1.0872 |     37.117 |   1.1252 |     39.060 |     3.0
   33 |   1.0762 |     36.436 |   1.1208 |     38.708 |     3.1
   34 |   1.0751 |     36.855 |   1.1226 |     38.580 |     3.1
   35 |   1.0672 |     36.370 |   1.1435 |     39.603 |     3.2
   36 |   1.0585 |     36.108 |   1.1313 |     39.411 |     3.3
   37 |   1.0560 |     36.386 |   1.1087 |     38.644 |     3.4
   38 |   1.0502 |     35.972 |   1.1241 |     38.804 |     3.5
   39 |   1.0394 |     35.836 |   1.1277 |     38.900 |     3.6
   40 |   1.0364 |     35.710 |   1.1263 |     38.932 |     3.7
   41 |   1.0312 |     35.203 |   1.1255 |     38.708 |     3.8
Early stopping

Model: Seq2Seq Transformer
Source index: <Seq2Seq Index with 46 items>
Target index: <Seq2Seq Index with 34 items>
Max sequence length: 800
Embedding dimension: 128
Feedforward dimension: 256
Encoder layers: 4
Decoder layers: 2
Attention heads: 4
Activation: relu
Dropout: 0.1
Trainable parameters: 1,045,026

Training started
X_train.shape: torch.Size([3057, 702])
Y_train.shape: torch.Size([3057, 7])
X_dev.shape: torch.Size([521, 307])
Y_dev.shape: torch.Size([521, 7])
Epochs: 500
Learning rate: 0.0001
Weight decay: 1e-05
Epoch | Train                 | Development           | Minutes
      | Loss     | Error Rate | Loss     | Error Rate |
---------------------------------------------------------------
    1 |   2.1163 |     53.173 |   1.5508 |     45.841 |     0.2
    2 |   1.5104 |     45.747 |   1.3981 |     44.818 |     0.4
    3 |   1.4055 |     44.990 |   1.3351 |     44.498 |     0.5
    4 |   1.3438 |     43.730 |   1.2861 |     43.410 |     0.7
    5 |   1.2982 |     42.678 |   1.2451 |     42.898 |     0.9
    6 |   1.2555 |     41.631 |   1.2263 |     41.395 |     1.1
    7 |   1.2167 |     40.928 |   1.1904 |     40.243 |     1.2
    8 |   1.1855 |     39.614 |   1.1800 |     39.955 |     1.4
    9 |   1.1514 |     38.774 |   1.1544 |     39.155 |     1.6
   10 |   1.1318 |     38.109 |   1.1390 |     39.187 |     1.8
   11 |   1.1047 |     37.106 |   1.1360 |     38.484 |     2.0
   12 |   1.0866 |     36.708 |   1.1460 |     39.028 |     2.1
   13 |   1.0608 |     35.694 |   1.1064 |     37.812 |     2.3
   14 |   1.0389 |     34.947 |   1.1125 |     37.780 |     2.5
   15 |   1.0223 |     34.456 |   1.1035 |     37.268 |     2.7
   16 |   1.0012 |     33.835 |   1.1054 |     36.436 |     2.8
   17 |   0.9793 |     32.843 |   1.1124 |     37.300 |     3.0
   18 |   0.9642 |     32.417 |   1.0808 |     35.925 |     3.2
   19 |   0.9481 |     32.357 |   1.1043 |     36.788 |     3.4
   20 |   0.9297 |     31.556 |   1.0871 |     36.596 |     3.6
   21 |   0.9112 |     30.820 |   1.0907 |     36.884 |     3.7
   22 |   0.8910 |     30.275 |   1.1029 |     36.148 |     3.9
Early stopping

Model: Seq2Seq Transformer
Source index: <Seq2Seq Index with 46 items>
Target index: <Seq2Seq Index with 34 items>
Max sequence length: 800
Embedding dimension: 128
Feedforward dimension: 128
Encoder layers: 2
Decoder layers: 4
Attention heads: 2
Activation: relu
Dropout: 0.2
Trainable parameters: 980,258

Training started
X_train.shape: torch.Size([3057, 702])
Y_train.shape: torch.Size([3057, 7])
X_dev.shape: torch.Size([521, 307])
Y_dev.shape: torch.Size([521, 7])
Epochs: 500
Learning rate: 0.0001
Weight decay: 0.0001
Epoch | Train                 | Development           | Minutes
      | Loss     | Error Rate | Loss     | Error Rate |
---------------------------------------------------------------
    1 |   2.5365 |     64.132 |   1.7610 |     47.825 |     0.1
    2 |   1.7087 |     46.963 |   1.4608 |     45.585 |     0.2
    3 |   1.5012 |     46.085 |   1.3901 |     44.530 |     0.3
    4 |   1.4321 |     45.857 |   1.3486 |     44.498 |     0.4
    5 |   1.3896 |     45.191 |   1.3246 |     44.082 |     0.5
    6 |   1.3601 |     44.859 |   1.3062 |     44.498 |     0.6
    7 |   1.3338 |     44.226 |   1.2891 |     43.090 |     0.7
    8 |   1.3058 |     43.403 |   1.2752 |     42.994 |     0.8
    9 |   1.2856 |     43.332 |   1.2759 |     43.442 |     0.9
   10 |   1.2676 |     42.754 |   1.2552 |     42.482 |     1.0
   11 |   1.2500 |     41.915 |   1.2483 |     42.450 |     1.0
   12 |   1.2362 |     41.926 |   1.2338 |     42.386 |     1.1
   13 |   1.2170 |     41.059 |   1.2180 |     41.651 |     1.2
   14 |   1.2050 |     41.348 |   1.2319 |     41.171 |     1.3
   15 |   1.1983 |     40.928 |   1.2205 |     41.235 |     1.4
   16 |   1.1865 |     40.672 |   1.2059 |     40.723 |     1.5
   17 |   1.1742 |     40.170 |   1.2057 |     40.819 |     1.6
   18 |   1.1633 |     39.974 |   1.1996 |     40.723 |     1.7
   19 |   1.1539 |     39.609 |   1.2266 |     40.531 |     1.8
   20 |   1.1462 |     39.330 |   1.2158 |     40.723 |     1.9
   21 |   1.1358 |     38.535 |   1.1864 |     39.667 |     2.0
   22 |   1.1234 |     38.322 |   1.2043 |     40.595 |     2.1
   23 |   1.1212 |     38.638 |   1.2002 |     40.019 |     2.2
   24 |   1.1112 |     38.027 |   1.1971 |     39.411 |     2.3
   25 |   1.0999 |     37.493 |   1.1871 |     39.251 |     2.4
   26 |   1.0937 |     37.346 |   1.1832 |     39.827 |     2.5
   27 |   1.0820 |     37.177 |   1.1604 |     38.836 |     2.6
   28 |   1.0748 |     36.741 |   1.1737 |     38.708 |     2.7
   29 |   1.0682 |     36.495 |   1.1674 |     38.932 |     2.8
   30 |   1.0618 |     36.141 |   1.1761 |     39.219 |     2.9
   31 |   1.0520 |     35.819 |   1.1435 |     37.780 |     3.0
   32 |   1.0401 |     35.203 |   1.1808 |     38.324 |     3.1
   33 |   1.0306 |     34.691 |   1.1662 |     38.292 |     3.2
   34 |   1.0233 |     34.887 |   1.1566 |     38.036 |     3.3
   35 |   1.0137 |     34.358 |   1.1807 |     39.411 |     3.3
Early stopping

Model: Seq2Seq Transformer
Source index: <Seq2Seq Index with 46 items>
Target index: <Seq2Seq Index with 34 items>
Max sequence length: 800
Embedding dimension: 128
Feedforward dimension: 64
Encoder layers: 4
Decoder layers: 2
Attention heads: 2
Activation: relu
Dropout: 0.2
Trainable parameters: 748,962

Training started
X_train.shape: torch.Size([3057, 702])
Y_train.shape: torch.Size([3057, 7])
X_dev.shape: torch.Size([521, 307])
Y_dev.shape: torch.Size([521, 7])
Epochs: 500
Learning rate: 0.0001
Weight decay: 0.0001
Epoch | Train                 | Development           | Minutes
      | Loss     | Error Rate | Loss     | Error Rate |
---------------------------------------------------------------
    1 |   2.3927 |     57.965 |   1.7196 |     47.857 |     0.1
    2 |   1.6810 |     46.756 |   1.4873 |     45.329 |     0.3
    3 |   1.5038 |     46.031 |   1.3978 |     44.754 |     0.4
    4 |   1.4336 |     45.628 |   1.3559 |     44.306 |     0.5
    5 |   1.3863 |     44.804 |   1.3239 |     44.242 |     0.7
    6 |   1.3518 |     43.834 |   1.3024 |     43.698 |     0.8
    7 |   1.3210 |     43.381 |   1.2708 |     43.730 |     0.9
    8 |   1.2943 |     42.651 |   1.2597 |     42.514 |     1.1
    9 |   1.2748 |     42.569 |   1.2453 |     42.578 |     1.2
   10 |   1.2536 |     41.909 |   1.2483 |     42.738 |     1.3
   11 |   1.2334 |     41.037 |   1.2543 |     42.546 |     1.4
   12 |   1.2195 |     40.950 |   1.2301 |     41.779 |     1.6
   13 |   1.2063 |     40.672 |   1.2214 |     41.587 |     1.7
   14 |   1.1884 |     39.881 |   1.2281 |     42.035 |     1.8
   15 |   1.1778 |     39.957 |   1.2125 |     41.363 |     2.0
   16 |   1.1662 |     39.227 |   1.2085 |     41.171 |     2.1
   17 |   1.1571 |     38.965 |   1.2209 |     41.299 |     2.2
   18 |   1.1459 |     38.976 |   1.2172 |     40.787 |     2.4
   19 |   1.1399 |     38.611 |   1.1889 |     40.211 |     2.5
   20 |   1.1295 |     38.273 |   1.1937 |     40.275 |     2.6
   21 |   1.1190 |     37.880 |   1.1932 |     40.851 |     2.8
   22 |   1.1085 |     37.597 |   1.1896 |     41.139 |     2.9
   23 |   1.0986 |     37.390 |   1.2077 |     40.595 |     3.0
   24 |   1.0869 |     36.910 |   1.1746 |     40.051 |     3.2
   25 |   1.0833 |     36.741 |   1.2084 |     40.115 |     3.3
   26 |   1.0746 |     36.719 |   1.2025 |     39.987 |     3.4
   27 |   1.0601 |     35.787 |   1.2023 |     40.051 |     3.6
   28 |   1.0565 |     36.223 |   1.1903 |     39.667 |     3.7
Early stopping

Model: Seq2Seq Transformer
Source index: <Seq2Seq Index with 46 items>
Target index: <Seq2Seq Index with 34 items>
Max sequence length: 800
Embedding dimension: 64
Feedforward dimension: 64
Encoder layers: 2
Decoder layers: 4
Attention heads: 4
Activation: relu
Dropout: 0.1
Trainable parameters: 277,154

Training started
X_train.shape: torch.Size([3057, 702])
Y_train.shape: torch.Size([3057, 7])
X_dev.shape: torch.Size([521, 307])
Y_dev.shape: torch.Size([521, 7])
Epochs: 500
Learning rate: 0.001
Weight decay: 1e-05
Epoch | Train                 | Development           | Minutes
      | Loss     | Error Rate | Loss     | Error Rate |
---------------------------------------------------------------
    1 |   1.7944 |     50.393 |   1.3708 |     44.370 |     0.1
    2 |   1.3450 |     44.352 |   1.2809 |     43.538 |     0.2
    3 |   1.2642 |     42.460 |   1.2346 |     42.067 |     0.3
    4 |   1.2058 |     40.912 |   1.1823 |     40.659 |     0.4
    5 |   1.1531 |     39.696 |   1.1276 |     39.187 |     0.5
    6 |   1.1181 |     38.322 |   1.1169 |     39.315 |     0.6
    7 |   1.0764 |     36.959 |   1.1101 |     38.676 |     0.7
    8 |   1.0460 |     35.978 |   1.0712 |     37.748 |     0.8
    9 |   1.0058 |     34.675 |   1.0609 |     36.468 |     0.9
   10 |   0.9801 |     33.284 |   1.0633 |     36.532 |     1.0
   11 |   0.9523 |     32.428 |   1.0555 |     36.276 |     1.1
   12 |   0.9224 |     31.889 |   1.0350 |     34.645 |     1.2
   13 |   0.8950 |     30.984 |   1.0328 |     34.837 |     1.3
   14 |   0.8647 |     29.637 |   1.0385 |     34.613 |     1.4
   15 |   0.8457 |     28.966 |   1.0510 |     34.581 |     1.5
   16 |   0.8123 |     28.176 |   1.0676 |     34.133 |     1.6
   17 |   0.7930 |     27.189 |   1.0269 |     33.333 |     1.7
   18 |   0.7561 |     25.810 |   1.0645 |     33.621 |     1.8
   19 |   0.7495 |     26.039 |   1.0241 |     33.301 |     1.9
   20 |   0.7098 |     24.392 |   1.0766 |     33.941 |     2.0
   21 |   0.6985 |     23.809 |   1.0719 |     33.141 |     2.1
   22 |   0.6640 |     23.035 |   1.0870 |     33.749 |     2.2
   23 |   0.6520 |     22.609 |   1.0779 |     32.917 |     2.3
Early stopping

Model: Seq2Seq Transformer
Source index: <Seq2Seq Index with 46 items>
Target index: <Seq2Seq Index with 34 items>
Max sequence length: 800
Embedding dimension: 128
Feedforward dimension: 64
Encoder layers: 2
Decoder layers: 3
Attention heads: 2
Activation: relu
Dropout: 0.1
Trainable parameters: 732,130

Training started
X_train.shape: torch.Size([3057, 702])
Y_train.shape: torch.Size([3057, 7])
X_dev.shape: torch.Size([521, 307])
Y_dev.shape: torch.Size([521, 7])
Epochs: 500
Learning rate: 0.0001
Weight decay: 0.0001
Epoch | Train                 | Development           | Minutes
      | Loss     | Error Rate | Loss     | Error Rate |
---------------------------------------------------------------
    1 |   2.3455 |     58.745 |   1.6433 |     45.905 |     0.1
    2 |   1.5753 |     46.162 |   1.4367 |     45.713 |     0.2
    3 |   1.4360 |     45.578 |   1.3631 |     44.530 |     0.3
    4 |   1.3735 |     44.472 |   1.3152 |     44.466 |     0.3
    5 |   1.3312 |     43.479 |   1.2860 |     42.514 |     0.4
    6 |   1.2972 |     43.005 |   1.2582 |     42.514 |     0.5
    7 |   1.2754 |     42.580 |   1.2362 |     42.450 |     0.6
    8 |   1.2525 |     42.149 |   1.2257 |     42.482 |     0.7
    9 |   1.2356 |     42.111 |   1.2077 |     41.683 |     0.8
   10 |   1.2152 |     41.173 |   1.1833 |     40.915 |     0.9
   11 |   1.1943 |     40.688 |   1.1652 |     40.403 |     0.9
   12 |   1.1795 |     40.263 |   1.1628 |     40.499 |     1.0
   13 |   1.1633 |     39.576 |   1.1547 |     40.115 |     1.1
   14 |   1.1497 |     39.309 |   1.1389 |     39.507 |     1.2
   15 |   1.1373 |     39.227 |   1.1344 |     39.443 |     1.3
   16 |   1.1167 |     38.267 |   1.1487 |     39.603 |     1.4
   17 |   1.1025 |     37.771 |   1.1096 |     38.484 |     1.5
   18 |   1.0880 |     37.041 |   1.1209 |     38.708 |     1.5
   19 |   1.0818 |     37.003 |   1.0996 |     37.492 |     1.6
   20 |   1.0604 |     36.070 |   1.0936 |     38.484 |     1.7
   21 |   1.0480 |     35.945 |   1.0765 |     37.428 |     1.8
   22 |   1.0291 |     35.149 |   1.0758 |     36.756 |     1.9
   23 |   1.0186 |     34.718 |   1.0857 |     36.980 |     2.0
   24 |   1.0027 |     34.015 |   1.0720 |     36.692 |     2.1
   25 |   0.9954 |     33.775 |   1.0869 |     37.300 |     2.1
   26 |   0.9824 |     33.600 |   1.0718 |     36.852 |     2.2
   27 |   0.9690 |     32.990 |   1.0623 |     35.956 |     2.3
   28 |   0.9565 |     32.434 |   1.0586 |     36.308 |     2.4
   29 |   0.9468 |     31.992 |   1.0913 |     36.372 |     2.5
   30 |   0.9354 |     31.878 |   1.0853 |     36.404 |     2.6
   31 |   0.9290 |     31.360 |   1.0591 |     36.340 |     2.7
   32 |   0.9155 |     31.065 |   1.0653 |     36.148 |     2.7
   33 |   0.9050 |     30.618 |   1.0554 |     36.628 |     2.8
   34 |   0.8926 |     29.915 |   1.0684 |     36.404 |     2.9
   35 |   0.8877 |     30.220 |   1.0412 |     35.445 |     3.0
   36 |   0.8798 |     29.762 |   1.0419 |     35.157 |     3.1
   37 |   0.8637 |     29.217 |   1.0527 |     35.637 |     3.2
   38 |   0.8511 |     29.184 |   1.0486 |     35.477 |     3.3
   39 |   0.8396 |     28.318 |   1.0675 |     35.157 |     3.4
Early stopping

Model: Seq2Seq Transformer
Source index: <Seq2Seq Index with 46 items>
Target index: <Seq2Seq Index with 34 items>
Max sequence length: 800
Embedding dimension: 128
Feedforward dimension: 256
Encoder layers: 4
Decoder layers: 3
Attention heads: 2
Activation: relu
Dropout: 0.1
Trainable parameters: 1,243,810

Training started
X_train.shape: torch.Size([3057, 702])
Y_train.shape: torch.Size([3057, 7])
X_dev.shape: torch.Size([521, 307])
Y_dev.shape: torch.Size([521, 7])
Epochs: 500
Learning rate: 0.001
Weight decay: 0.0001
Epoch | Train                 | Development           | Minutes
      | Loss     | Error Rate | Loss     | Error Rate |
---------------------------------------------------------------
    1 |   1.5445 |     47.879 |   1.2900 |     45.298 |     0.1
    2 |   1.2783 |     43.992 |   1.2233 |     43.090 |     0.3
    3 |   1.2223 |     42.831 |   1.1880 |     42.930 |     0.4
    4 |   1.1945 |     42.187 |   1.1685 |     41.907 |     0.6
    5 |   1.1704 |     41.233 |   1.1562 |     41.939 |     0.7
    6 |   1.1525 |     40.743 |   1.1328 |     40.755 |     0.9
    7 |   1.1349 |     40.699 |   1.1141 |     39.795 |     1.0
    8 |   1.1223 |     40.394 |   1.1179 |     40.947 |     1.2
    9 |   1.1156 |     39.870 |   1.1014 |     40.819 |     1.3
   10 |   1.0984 |     39.663 |   1.0789 |     39.539 |     1.5
   11 |   1.0897 |     39.701 |   1.0795 |     39.603 |     1.6
   12 |   1.0804 |     39.080 |   1.0785 |     40.371 |     1.8
   13 |   1.0702 |     38.791 |   1.0900 |     39.347 |     1.9
   14 |   1.0636 |     38.464 |   1.0722 |     38.964 |     2.1
   15 |   1.0567 |     38.300 |   1.0653 |     39.187 |     2.2
   16 |   1.0473 |     38.278 |   1.0734 |     39.315 |     2.4
   17 |   1.0358 |     37.695 |   1.0378 |     38.420 |     2.5
   18 |   1.0246 |     37.526 |   1.0334 |     37.364 |     2.7
   19 |   1.0196 |     37.281 |   1.0233 |     37.172 |     2.8
   20 |   1.0126 |     36.823 |   1.0283 |     37.780 |     3.0
   21 |   1.0057 |     36.408 |   1.0369 |     36.660 |     3.1
   22 |   0.9980 |     36.217 |   1.0351 |     37.428 |     3.3
   23 |   0.9880 |     35.787 |   1.0054 |     36.244 |     3.4
   24 |   0.9783 |     35.427 |   1.0137 |     36.692 |     3.6
   25 |   0.9629 |     34.675 |   1.0005 |     36.180 |     3.7
   26 |   0.9550 |     34.293 |   0.9997 |     34.869 |     3.9
   27 |   0.9500 |     33.824 |   0.9980 |     35.573 |     4.0
   28 |   0.9366 |     33.317 |   0.9851 |     34.645 |     4.2
   29 |   0.9280 |     33.246 |   0.9775 |     34.005 |     4.3
   30 |   0.9208 |     32.832 |   0.9564 |     33.461 |     4.5
   31 |   0.8982 |     32.232 |   0.9685 |     34.741 |     4.6
   32 |   0.8952 |     31.769 |   0.9623 |     33.557 |     4.7
   33 |   0.8864 |     31.545 |   0.9428 |     32.694 |     4.9
   34 |   0.8717 |     31.114 |   0.9541 |     34.357 |     5.0
   35 |   0.8672 |     30.825 |   0.9695 |     34.133 |     5.2
   36 |   0.8568 |     30.504 |   0.9819 |     34.325 |     5.3
   37 |   0.8441 |     30.280 |   0.9514 |     32.981 |     5.5
Early stopping

Model: Seq2Seq Transformer
Source index: <Seq2Seq Index with 46 items>
Target index: <Seq2Seq Index with 34 items>
Max sequence length: 800
Embedding dimension: 64
Feedforward dimension: 128
Encoder layers: 4
Decoder layers: 4
Attention heads: 2
Activation: relu
Dropout: 0.1
Trainable parameters: 393,634

Training started
X_train.shape: torch.Size([3057, 702])
Y_train.shape: torch.Size([3057, 7])
X_dev.shape: torch.Size([521, 307])
Y_dev.shape: torch.Size([521, 7])
Epochs: 500
Learning rate: 0.001
Weight decay: 0.0001
Epoch | Train                 | Development           | Minutes
      | Loss     | Error Rate | Loss     | Error Rate |
---------------------------------------------------------------
    1 |   1.7304 |     49.531 |   1.3632 |     45.841 |     0.1
    2 |   1.3464 |     45.409 |   1.2691 |     44.626 |     0.2
    3 |   1.2809 |     44.014 |   1.2220 |     42.514 |     0.3
    4 |   1.2344 |     43.087 |   1.2069 |     43.090 |     0.5
    5 |   1.2055 |     42.400 |   1.1700 |     41.107 |     0.6
    6 |   1.1789 |     41.484 |   1.1438 |     41.171 |     0.7
    7 |   1.1584 |     41.173 |   1.1328 |     40.499 |     0.8
    8 |   1.1466 |     40.922 |   1.0983 |     40.563 |     0.9
    9 |   1.1277 |     40.421 |   1.0925 |     39.379 |     1.0
   10 |   1.1115 |     39.576 |   1.0968 |     40.019 |     1.1
   11 |   1.0968 |     39.260 |   1.0770 |     38.484 |     1.2
   12 |   1.0850 |     38.971 |   1.0605 |     39.155 |     1.4
   13 |   1.0649 |     37.804 |   1.0615 |     38.420 |     1.5
   14 |   1.0553 |     37.657 |   1.0536 |     38.164 |     1.6
   15 |   1.0492 |     36.997 |   1.0353 |     37.076 |     1.7
   16 |   1.0318 |     37.182 |   1.0383 |     36.212 |     1.8
   17 |   1.0169 |     36.326 |   1.0130 |     35.956 |     1.9
   18 |   1.0035 |     35.678 |   1.0187 |     35.797 |     2.0
   19 |   1.0023 |     35.934 |   1.0077 |     35.797 |     2.2
   20 |   0.9868 |     34.969 |   1.0079 |     35.221 |     2.3
   21 |   0.9788 |     34.800 |   0.9920 |     34.997 |     2.4
   22 |   0.9609 |     34.544 |   0.9871 |     35.221 |     2.5
   23 |   0.9473 |     33.928 |   0.9709 |     33.877 |     2.6
   24 |   0.9365 |     33.262 |   0.9721 |     33.461 |     2.7
   25 |   0.9250 |     32.739 |   0.9777 |     34.613 |     2.8
   26 |   0.9152 |     32.608 |   0.9787 |     33.909 |     2.9
   27 |   0.9061 |     32.363 |   0.9969 |     34.197 |     3.1
   28 |   0.8976 |     32.150 |   0.9592 |     33.301 |     3.2
   29 |   0.8875 |     31.540 |   0.9583 |     33.653 |     3.3
   30 |   0.8709 |     30.809 |   0.9814 |     33.269 |     3.4
   31 |   0.8609 |     30.373 |   0.9668 |     33.621 |     3.5
   32 |   0.8531 |     30.198 |   0.9823 |     33.333 |     3.6
   33 |   0.8369 |     29.681 |   0.9723 |     33.109 |     3.7
Early stopping

Model: Seq2Seq Transformer
Source index: <Seq2Seq Index with 46 items>
Target index: <Seq2Seq Index with 34 items>
Max sequence length: 800
Embedding dimension: 64
Feedforward dimension: 64
Encoder layers: 2
Decoder layers: 4
Attention heads: 2
Activation: relu
Dropout: 0.2
Trainable parameters: 277,154

Training started
X_train.shape: torch.Size([3057, 702])
Y_train.shape: torch.Size([3057, 7])
X_dev.shape: torch.Size([521, 307])
Y_dev.shape: torch.Size([521, 7])
Epochs: 500
Learning rate: 0.001
Weight decay: 0.0001
Epoch | Train                 | Development           | Minutes
      | Loss     | Error Rate | Loss     | Error Rate |
---------------------------------------------------------------
    1 |   2.0093 |     55.714 |   1.4402 |     45.777 |     0.1
    2 |   1.4234 |     46.200 |   1.3552 |     45.681 |     0.1
    3 |   1.3637 |     45.557 |   1.3011 |     44.562 |     0.2
    4 |   1.3185 |     44.728 |   1.2946 |     44.882 |     0.3
    5 |   1.2907 |     44.237 |   1.2402 |     42.514 |     0.4
    6 |   1.2642 |     43.087 |   1.2324 |     42.642 |     0.4
    7 |   1.2338 |     42.269 |   1.1941 |     41.843 |     0.5
    8 |   1.2143 |     41.380 |   1.2010 |     41.235 |     0.6
    9 |   1.1950 |     41.048 |   1.1713 |     40.787 |     0.7
   10 |   1.1643 |     39.947 |   1.1659 |     39.667 |     0.7
   11 |   1.1471 |     39.450 |   1.1396 |     39.091 |     0.8
   12 |   1.1325 |     38.916 |   1.1238 |     38.868 |     0.9
   13 |   1.1120 |     38.224 |   1.1101 |     38.164 |     1.0
   14 |   1.0950 |     37.689 |   1.0949 |     37.716 |     1.0
   15 |   1.0833 |     37.493 |   1.1006 |     37.780 |     1.1
   16 |   1.0576 |     36.572 |   1.0993 |     37.332 |     1.2
   17 |   1.0443 |     36.097 |   1.0828 |     37.140 |     1.2
   18 |   1.0306 |     35.836 |   1.0867 |     37.140 |     1.3
   19 |   1.0168 |     35.203 |   1.0825 |     37.140 |     1.4
   20 |   0.9939 |     34.429 |   1.0716 |     37.492 |     1.5
   21 |   0.9884 |     34.369 |   1.0685 |     36.724 |     1.5
   22 |   0.9733 |     33.857 |   1.0787 |     37.012 |     1.6
   23 |   0.9614 |     33.617 |   1.0614 |     36.020 |     1.7
   24 |   0.9406 |     32.603 |   1.0540 |     36.212 |     1.8
   25 |   0.9282 |     32.472 |   1.0492 |     35.381 |     1.8
   26 |   0.9144 |     31.829 |   1.0644 |     35.988 |     1.9
   27 |   0.9056 |     31.501 |   1.0783 |     35.413 |     2.0
   28 |   0.8899 |     31.049 |   1.0671 |     35.605 |     2.1
   29 |   0.8800 |     30.951 |   1.0924 |     35.829 |     2.1
Early stopping

Model: Seq2Seq Transformer
Source index: <Seq2Seq Index with 46 items>
Target index: <Seq2Seq Index with 34 items>
Max sequence length: 800
Embedding dimension: 128
Feedforward dimension: 64
Encoder layers: 2
Decoder layers: 4
Attention heads: 4
Activation: relu
Dropout: 0.2
Trainable parameters: 881,570

Training started
X_train.shape: torch.Size([3057, 702])
Y_train.shape: torch.Size([3057, 7])
X_dev.shape: torch.Size([521, 307])
Y_dev.shape: torch.Size([521, 7])
Epochs: 500
Learning rate: 0.001
Weight decay: 0.0001
Epoch | Train                 | Development           | Minutes
      | Loss     | Error Rate | Loss     | Error Rate |
---------------------------------------------------------------
    1 |   1.7512 |     51.368 |   1.3708 |     45.745 |     0.1
    2 |   1.3792 |     46.004 |   1.3197 |     44.530 |     0.2
    3 |   1.3164 |     44.406 |   1.3310 |     44.370 |     0.3
    4 |   1.2763 |     43.207 |   1.2576 |     43.282 |     0.5
    5 |   1.2441 |     42.264 |   1.2793 |     44.242 |     0.6
    6 |   1.2014 |     41.233 |   1.2204 |     42.163 |     0.7
    7 |   1.1766 |     40.677 |   1.1884 |     40.627 |     0.8
    8 |   1.1444 |     39.679 |   1.1915 |     41.043 |     0.9
    9 |   1.1193 |     38.535 |   1.1876 |     40.595 |     1.0
   10 |   1.1029 |     38.147 |   1.1590 |     39.859 |     1.2
   11 |   1.0706 |     37.275 |   1.1563 |     40.435 |     1.3
   12 |   1.0480 |     36.414 |   1.1395 |     39.283 |     1.4
   13 |   1.0196 |     35.280 |   1.1657 |     39.155 |     1.5
   14 |   1.0107 |     35.023 |   1.1796 |     40.019 |     1.6
   15 |   0.9875 |     34.506 |   1.1134 |     37.844 |     1.7
   16 |   0.9644 |     33.595 |   1.0952 |     36.724 |     1.9
   17 |   0.9470 |     33.164 |   1.1524 |     38.868 |     2.0
   18 |   0.9290 |     32.576 |   1.1518 |     38.196 |     2.1
   19 |   0.9091 |     31.845 |   1.1058 |     37.140 |     2.2
   20 |   0.8930 |     31.005 |   1.1153 |     36.980 |     2.3
Early stopping

Model: Seq2Seq Transformer
Source index: <Seq2Seq Index with 46 items>
Target index: <Seq2Seq Index with 34 items>
Max sequence length: 800
Embedding dimension: 128
Feedforward dimension: 256
Encoder layers: 2
Decoder layers: 4
Attention heads: 4
Activation: relu
Dropout: 0.0
Trainable parameters: 1,177,634

Training started
X_train.shape: torch.Size([3057, 702])
Y_train.shape: torch.Size([3057, 7])
X_dev.shape: torch.Size([521, 307])
Y_dev.shape: torch.Size([521, 7])
Epochs: 500
Learning rate: 0.001
Weight decay: 1e-05
Epoch | Train                 | Development           | Minutes
      | Loss     | Error Rate | Loss     | Error Rate |
---------------------------------------------------------------
    1 |   1.5363 |     48.005 |   1.2851 |     43.538 |     0.1
    2 |   1.2352 |     42.471 |   1.1929 |     41.619 |     0.2
    3 |   1.1544 |     39.908 |   1.1437 |     40.243 |     0.3
    4 |   1.0893 |     37.526 |   1.1300 |     38.484 |     0.5
    5 |   1.0207 |     35.154 |   1.0794 |     36.660 |     0.6
    6 |   0.9565 |     33.164 |   1.0393 |     35.893 |     0.7
    7 |   0.9090 |     31.600 |   1.0354 |     35.285 |     0.8
    8 |   0.8636 |     29.980 |   1.0415 |     34.805 |     0.9
    9 |   0.8145 |     28.487 |   1.0124 |     34.517 |     1.0
   10 |   0.7678 |     26.469 |   1.0400 |     35.093 |     1.1
   11 |   0.7217 |     24.828 |   1.0129 |     33.685 |     1.2
   12 |   0.6865 |     23.738 |   1.0284 |     33.813 |     1.4
   13 |   0.6407 |     22.282 |   1.0330 |     33.141 |     1.5
Early stopping

Model: Seq2Seq Transformer
Source index: <Seq2Seq Index with 46 items>
Target index: <Seq2Seq Index with 34 items>
Max sequence length: 800
Embedding dimension: 128
Feedforward dimension: 256
Encoder layers: 2
Decoder layers: 3
Attention heads: 4
Activation: relu
Dropout: 0.2
Trainable parameters: 978,850

Training started
X_train.shape: torch.Size([3057, 702])
Y_train.shape: torch.Size([3057, 7])
X_dev.shape: torch.Size([521, 307])
Y_dev.shape: torch.Size([521, 7])
Epochs: 500
Learning rate: 0.001
Weight decay: 1e-05
Epoch | Train                 | Development           | Minutes
      | Loss     | Error Rate | Loss     | Error Rate |
---------------------------------------------------------------
    1 |   1.6210 |     49.171 |   1.3621 |     45.905 |     0.1
    2 |   1.3349 |     45.033 |   1.2643 |     43.378 |     0.2
    3 |   1.2735 |     42.983 |   1.2107 |     42.706 |     0.3
    4 |   1.2218 |     41.860 |   1.2091 |     42.674 |     0.4
    5 |   1.1795 |     40.203 |   1.1569 |     40.627 |     0.6
    6 |   1.1464 |     39.205 |   1.1605 |     39.635 |     0.7
    7 |   1.1072 |     38.311 |   1.1256 |     39.891 |     0.8
    8 |   1.0807 |     37.531 |   1.1146 |     38.420 |     0.9
    9 |   1.0519 |     36.463 |   1.1288 |     38.292 |     1.0
   10 |   1.0285 |     35.689 |   1.0825 |     38.100 |     1.1
   11 |   0.9975 |     34.244 |   1.0989 |     38.164 |     1.2
   12 |   0.9664 |     33.606 |   1.0784 |     37.108 |     1.3
   13 |   0.9514 |     33.170 |   1.0664 |     36.948 |     1.4
   14 |   0.9215 |     32.107 |   1.0843 |     37.300 |     1.6
   15 |   0.8946 |     31.000 |   1.0619 |     36.084 |     1.7
   16 |   0.8728 |     30.504 |   1.1024 |     36.084 |     1.8
   17 |   0.8561 |     29.997 |   1.0774 |     36.084 |     1.9
   18 |   0.8224 |     28.601 |   1.1059 |     37.172 |     2.0
   19 |   0.8106 |     28.437 |   1.0837 |     35.413 |     2.1
Early stopping

Model: Seq2Seq Transformer
Source index: <Seq2Seq Index with 46 items>
Target index: <Seq2Seq Index with 34 items>
Max sequence length: 800
Embedding dimension: 64
Feedforward dimension: 64
Encoder layers: 4
Decoder layers: 4
Attention heads: 2
Activation: relu
Dropout: 0.0
Trainable parameters: 327,586

Training started
X_train.shape: torch.Size([3057, 702])
Y_train.shape: torch.Size([3057, 7])
X_dev.shape: torch.Size([521, 307])
Y_dev.shape: torch.Size([521, 7])
Epochs: 500
Learning rate: 0.0001
Weight decay: 1e-05
Epoch | Train                 | Development           | Minutes
      | Loss     | Error Rate | Loss     | Error Rate |
---------------------------------------------------------------
    1 |   2.4386 |     58.200 |   1.8431 |     46.065 |     0.1
    2 |   1.6745 |     45.944 |   1.5817 |     45.585 |     0.2
    3 |   1.5173 |     45.628 |   1.4780 |     44.754 |     0.3
    4 |   1.4364 |     44.646 |   1.4148 |     44.370 |     0.4
    5 |   1.3833 |     43.834 |   1.3701 |     43.506 |     0.5
    6 |   1.3433 |     43.332 |   1.3390 |     43.570 |     0.6
    7 |   1.3114 |     42.787 |   1.3112 |     42.994 |     0.7
    8 |   1.2817 |     41.980 |   1.2959 |     42.099 |     0.8
    9 |   1.2589 |     41.211 |   1.2793 |     42.131 |     0.9
   10 |   1.2355 |     40.857 |   1.2607 |     41.267 |     1.0
   11 |   1.2160 |     40.508 |   1.2517 |     41.651 |     1.1
   12 |   1.1946 |     40.105 |   1.2355 |     41.171 |     1.2
   13 |   1.1750 |     39.543 |   1.2332 |     40.499 |     1.4
   14 |   1.1588 |     38.676 |   1.2134 |     39.603 |     1.5
   15 |   1.1400 |     38.436 |   1.2037 |     39.891 |     1.6
   16 |   1.1233 |     37.646 |   1.1854 |     39.155 |     1.7
   17 |   1.1097 |     37.368 |   1.1844 |     38.932 |     1.8
   18 |   1.0934 |     36.812 |   1.1724 |     39.347 |     1.9
   19 |   1.0769 |     36.490 |   1.1682 |     38.580 |     2.0
   20 |   1.0653 |     35.988 |   1.1587 |     38.868 |     2.1
   21 |   1.0509 |     35.476 |   1.1610 |     38.260 |     2.2
   22 |   1.0364 |     34.609 |   1.1397 |     38.228 |     2.3
   23 |   1.0260 |     34.456 |   1.1324 |     37.940 |     2.4
   24 |   1.0125 |     33.780 |   1.1452 |     38.260 |     2.5
   25 |   1.0017 |     33.650 |   1.1638 |     39.155 |     2.6
   26 |   0.9902 |     33.088 |   1.1238 |     37.588 |     2.7
   27 |   0.9737 |     32.625 |   1.1428 |     37.940 |     2.8
   28 |   0.9629 |     32.118 |   1.1095 |     37.204 |     2.9
   29 |   0.9487 |     31.485 |   1.1125 |     36.820 |     3.0
   30 |   0.9372 |     31.098 |   1.1139 |     36.596 |     3.1
   31 |   0.9260 |     30.575 |   1.0937 |     36.308 |     3.2
   32 |   0.9116 |     30.188 |   1.1063 |     37.012 |     3.3
   33 |   0.9044 |     30.122 |   1.1090 |     36.212 |     3.4
   34 |   0.8926 |     29.850 |   1.1264 |     37.364 |     3.5
   35 |   0.8800 |     29.506 |   1.0858 |     35.861 |     3.6
   36 |   0.8667 |     28.677 |   1.1143 |     36.468 |     3.7
   37 |   0.8518 |     28.225 |   1.1069 |     36.660 |     3.8
   38 |   0.8475 |     28.132 |   1.0956 |     36.116 |     3.9
   39 |   0.8383 |     27.947 |   1.1397 |     36.980 |     4.0
Early stopping

Model: Seq2Seq Transformer
Source index: <Seq2Seq Index with 46 items>
Target index: <Seq2Seq Index with 34 items>
Max sequence length: 800
Embedding dimension: 64
Feedforward dimension: 128
Encoder layers: 2
Decoder layers: 3
Attention heads: 2
Activation: relu
Dropout: 0.1
Trainable parameters: 276,450

Training started
X_train.shape: torch.Size([3057, 702])
Y_train.shape: torch.Size([3057, 7])
X_dev.shape: torch.Size([521, 307])
Y_dev.shape: torch.Size([521, 7])
Epochs: 500
Learning rate: 0.0001
Weight decay: 1e-05
Epoch | Train                 | Development           | Minutes
      | Loss     | Error Rate | Loss     | Error Rate |
---------------------------------------------------------------
    1 |   2.5931 |     61.149 |   1.8804 |     45.905 |     0.1
    2 |   1.8057 |     46.195 |   1.5906 |     45.745 |     0.1
    3 |   1.5920 |     45.677 |   1.4931 |     45.713 |     0.2
    4 |   1.5057 |     45.742 |   1.4373 |     45.361 |     0.3
    5 |   1.4552 |     45.508 |   1.3991 |     45.393 |     0.3
    6 |   1.4158 |     45.061 |   1.3682 |     44.946 |     0.4
    7 |   1.3850 |     44.570 |   1.3397 |     43.954 |     0.5
    8 |   1.3590 |     44.226 |   1.3220 |     44.338 |     0.5
    9 |   1.3328 |     43.883 |   1.2936 |     43.506 |     0.6
   10 |   1.3124 |     43.321 |   1.2748 |     43.058 |     0.7
   11 |   1.2900 |     42.945 |   1.2584 |     42.898 |     0.7
   12 |   1.2804 |     42.836 |   1.2527 |     42.482 |     0.8
   13 |   1.2613 |     42.275 |   1.2431 |     42.450 |     0.9
   14 |   1.2509 |     42.182 |   1.2311 |     42.099 |     0.9
   15 |   1.2433 |     41.942 |   1.2365 |     42.322 |     1.0
   16 |   1.2297 |     41.533 |   1.2291 |     41.875 |     1.1
   17 |   1.2194 |     41.070 |   1.2200 |     42.099 |     1.1
   18 |   1.2097 |     41.271 |   1.2203 |     42.099 |     1.2
   19 |   1.2009 |     40.786 |   1.2145 |     41.907 |     1.3
   20 |   1.1889 |     40.519 |   1.2354 |     42.003 |     1.3
   21 |   1.1849 |     40.252 |   1.2156 |     41.715 |     1.4
   22 |   1.1744 |     39.778 |   1.2221 |     41.203 |     1.5
   23 |   1.1646 |     39.669 |   1.2014 |     41.363 |     1.5
   24 |   1.1592 |     39.347 |   1.1915 |     40.435 |     1.6
   25 |   1.1485 |     38.883 |   1.2020 |     41.235 |     1.7
   26 |   1.1417 |     38.894 |   1.1916 |     40.435 |     1.8
   27 |   1.1334 |     38.458 |   1.1869 |     40.467 |     1.8
   28 |   1.1289 |     38.584 |   1.1902 |     40.435 |     1.9
   29 |   1.1170 |     38.191 |   1.1749 |     40.083 |     2.0
   30 |   1.1156 |     37.951 |   1.1935 |     40.691 |     2.0
   31 |   1.1084 |     37.684 |   1.1935 |     40.179 |     2.1
   32 |   1.0979 |     37.471 |   1.1675 |     39.923 |     2.2
   33 |   1.0902 |     37.013 |   1.1841 |     40.499 |     2.2
   34 |   1.0858 |     37.095 |   1.1690 |     39.731 |     2.3
   35 |   1.0802 |     36.817 |   1.1627 |     39.347 |     2.4
   36 |   1.0705 |     36.594 |   1.1610 |     39.219 |     2.4
   37 |   1.0689 |     36.615 |   1.1550 |     39.347 |     2.5
   38 |   1.0628 |     36.174 |   1.1658 |     39.187 |     2.6
   39 |   1.0593 |     36.528 |   1.1751 |     39.603 |     2.6
   40 |   1.0536 |     36.103 |   1.1704 |     39.571 |     2.7
   41 |   1.0485 |     35.928 |   1.1698 |     39.795 |     2.8
   42 |   1.0390 |     35.705 |   1.1451 |     38.804 |     2.8
   43 |   1.0378 |     35.601 |   1.1520 |     39.379 |     2.9
   44 |   1.0306 |     35.312 |   1.1338 |     38.836 |     3.0
   45 |   1.0218 |     35.231 |   1.1286 |     38.292 |     3.0
   46 |   1.0159 |     35.040 |   1.1283 |     38.292 |     3.1
   47 |   1.0101 |     34.833 |   1.1548 |     38.676 |     3.2
   48 |   1.0105 |     34.386 |   1.1339 |     38.292 |     3.2
   49 |   1.0017 |     34.157 |   1.1220 |     38.100 |     3.3
   50 |   0.9930 |     33.944 |   1.1126 |     37.684 |     3.4
   51 |   0.9882 |     33.737 |   1.1254 |     37.844 |     3.4
   52 |   0.9873 |     33.791 |   1.1222 |     38.132 |     3.5
   53 |   0.9787 |     33.491 |   1.1224 |     37.492 |     3.6
   54 |   0.9747 |     33.377 |   1.1432 |     38.292 |     3.6
   55 |   0.9710 |     33.344 |   1.1061 |     37.684 |     3.7
   56 |   0.9661 |     32.984 |   1.1259 |     37.812 |     3.8
   57 |   0.9576 |     32.685 |   1.1262 |     37.908 |     3.8
   58 |   0.9533 |     32.674 |   1.1332 |     37.812 |     3.9
   59 |   0.9491 |     32.576 |   1.1249 |     37.332 |     4.0
Early stopping

Model: Seq2Seq Transformer
Source index: <Seq2Seq Index with 46 items>
Target index: <Seq2Seq Index with 34 items>
Max sequence length: 800
Embedding dimension: 128
Feedforward dimension: 256
Encoder layers: 4
Decoder layers: 3
Attention heads: 4
Activation: relu
Dropout: 0.0
Trainable parameters: 1,243,810

Training started
X_train.shape: torch.Size([3057, 702])
Y_train.shape: torch.Size([3057, 7])
X_dev.shape: torch.Size([521, 307])
Y_dev.shape: torch.Size([521, 7])
Epochs: 500
Learning rate: 0.0001
Weight decay: 1e-05
Epoch | Train                 | Development           | Minutes
      | Loss     | Error Rate | Loss     | Error Rate |
---------------------------------------------------------------
    1 |   1.8964 |     50.534 |   1.4759 |     44.882 |     0.2
    2 |   1.4101 |     44.897 |   1.3604 |     45.074 |     0.3
    3 |   1.3186 |     43.708 |   1.2971 |     43.858 |     0.5
    4 |   1.2599 |     41.871 |   1.2491 |     41.747 |     0.7
    5 |   1.2089 |     40.748 |   1.2100 |     40.691 |     0.9
    6 |   1.1639 |     39.434 |   1.2091 |     40.723 |     1.0
    7 |   1.1253 |     38.137 |   1.1847 |     38.740 |     1.2
    8 |   1.0922 |     37.068 |   1.1477 |     38.932 |     1.4
    9 |   1.0538 |     35.759 |   1.1540 |     38.612 |     1.6
   10 |   1.0236 |     34.522 |   1.1633 |     38.228 |     1.7
   11 |   0.9942 |     33.688 |   1.1347 |     38.964 |     1.9
   12 |   0.9671 |     32.259 |   1.1438 |     38.516 |     2.1
   13 |   0.9389 |     31.431 |   1.1261 |     37.204 |     2.2
   14 |   0.9093 |     30.526 |   1.0881 |     36.852 |     2.4
   15 |   0.8776 |     29.490 |   1.1243 |     36.724 |     2.6
   16 |   0.8521 |     28.214 |   1.0637 |     35.988 |     2.8
   17 |   0.8271 |     27.549 |   1.0782 |     36.180 |     2.9
   18 |   0.7972 |     26.458 |   1.1121 |     36.564 |     3.1
   19 |   0.7698 |     25.526 |   1.0918 |     36.340 |     3.3
   20 |   0.7412 |     24.577 |   1.0843 |     35.988 |     3.5
Early stopping

Model: Seq2Seq Transformer
Source index: <Seq2Seq Index with 46 items>
Target index: <Seq2Seq Index with 34 items>
Max sequence length: 800
Embedding dimension: 128
Feedforward dimension: 64
Encoder layers: 2
Decoder layers: 3
Attention heads: 2
Activation: relu
Dropout: 0.2
Trainable parameters: 732,130

Training started
X_train.shape: torch.Size([3057, 702])
Y_train.shape: torch.Size([3057, 7])
X_dev.shape: torch.Size([521, 307])
Y_dev.shape: torch.Size([521, 7])
Epochs: 500
Learning rate: 0.001
Weight decay: 0.0001
Epoch | Train                 | Development           | Minutes
      | Loss     | Error Rate | Loss     | Error Rate |
---------------------------------------------------------------
    1 |   1.6627 |     49.340 |   1.3374 |     45.841 |     0.1
    2 |   1.3371 |     44.515 |   1.2680 |     43.922 |     0.2
    3 |   1.2792 |     43.212 |   1.2506 |     42.194 |     0.3
    4 |   1.2369 |     42.116 |   1.2230 |     41.683 |     0.3
    5 |   1.2079 |     41.588 |   1.2055 |     42.067 |     0.4
    6 |   1.1696 |     40.606 |   1.1848 |     40.819 |     0.5
    7 |   1.1327 |     39.211 |   1.2032 |     41.299 |     0.6
    8 |   1.1053 |     37.946 |   1.1561 |     39.283 |     0.7
    9 |   1.0804 |     37.842 |   1.1477 |     39.219 |     0.8
   10 |   1.0450 |     36.174 |   1.1363 |     38.964 |     0.9
   11 |   1.0151 |     35.421 |   1.1418 |     38.484 |     0.9
   12 |   0.9921 |     34.135 |   1.1161 |     38.388 |     1.0
   13 |   0.9676 |     33.197 |   1.1402 |     38.324 |     1.1
   14 |   0.9485 |     32.935 |   1.1373 |     38.484 |     1.2
   15 |   0.9265 |     31.987 |   1.1230 |     38.132 |     1.3
   16 |   0.9051 |     31.294 |   1.1423 |     37.812 |     1.4
Early stopping

Model: Seq2Seq Transformer
Source index: <Seq2Seq Index with 46 items>
Target index: <Seq2Seq Index with 34 items>
Max sequence length: 800
Embedding dimension: 64
Feedforward dimension: 128
Encoder layers: 4
Decoder layers: 3
Attention heads: 2
Activation: relu
Dropout: 0.2
Trainable parameters: 343,394

Training started
X_train.shape: torch.Size([3057, 702])
Y_train.shape: torch.Size([3057, 7])
X_dev.shape: torch.Size([521, 307])
Y_dev.shape: torch.Size([521, 7])
Epochs: 500
Learning rate: 0.0001
Weight decay: 0.0001
Epoch | Train                 | Development           | Minutes
      | Loss     | Error Rate | Loss     | Error Rate |
---------------------------------------------------------------
    1 |   2.7063 |     67.370 |   2.0655 |     50.512 |     0.1
    2 |   2.0153 |     48.855 |   1.6846 |     46.257 |     0.2
    3 |   1.7202 |     46.718 |   1.5547 |     45.329 |     0.3
    4 |   1.5952 |     46.374 |   1.4961 |     45.745 |     0.4
    5 |   1.5285 |     46.075 |   1.4547 |     45.106 |     0.5
    6 |   1.4893 |     45.982 |   1.4243 |     44.914 |     0.6
    7 |   1.4604 |     45.786 |   1.3989 |     44.850 |     0.7
    8 |   1.4363 |     46.053 |   1.3748 |     44.850 |     0.8
    9 |   1.4091 |     45.469 |   1.3566 |     44.754 |     0.9
   10 |   1.3913 |     45.529 |   1.3432 |     44.754 |     1.1
   11 |   1.3707 |     44.902 |   1.3280 |     44.402 |     1.2
   12 |   1.3518 |     44.363 |   1.3091 |     44.210 |     1.3
   13 |   1.3390 |     43.976 |   1.2884 |     43.410 |     1.4
   14 |   1.3265 |     43.643 |   1.2926 |     43.666 |     1.5
   15 |   1.3115 |     43.463 |   1.2778 |     42.866 |     1.6
   16 |   1.2981 |     43.158 |   1.2709 |     42.642 |     1.7
   17 |   1.2904 |     42.972 |   1.2515 |     41.811 |     1.8
   18 |   1.2840 |     42.678 |   1.2640 |     42.962 |     1.9
   19 |   1.2702 |     42.242 |   1.2435 |     41.491 |     2.0
   20 |   1.2613 |     42.002 |   1.2402 |     41.587 |     2.1
   21 |   1.2505 |     41.942 |   1.2371 |     41.523 |     2.2
   22 |   1.2455 |     41.544 |   1.2394 |     41.651 |     2.3
   23 |   1.2399 |     41.522 |   1.2367 |     41.843 |     2.4
   24 |   1.2296 |     41.146 |   1.2365 |     41.459 |     2.5
   25 |   1.2175 |     40.579 |   1.2238 |     41.267 |     2.6
   26 |   1.2193 |     40.857 |   1.2209 |     40.915 |     2.7
   27 |   1.2042 |     40.355 |   1.2131 |     40.755 |     2.9
   28 |   1.2028 |     40.225 |   1.2034 |     40.883 |     3.0
   29 |   1.1966 |     40.116 |   1.2142 |     40.307 |     3.1
   30 |   1.1893 |     40.077 |   1.2114 |     41.139 |     3.2
   31 |   1.1823 |     39.761 |   1.2029 |     40.819 |     3.3
   32 |   1.1789 |     39.603 |   1.2211 |     41.043 |     3.4
   33 |   1.1729 |     39.816 |   1.2041 |     40.979 |     3.5
   34 |   1.1669 |     39.570 |   1.2001 |     40.371 |     3.6
   35 |   1.1574 |     39.467 |   1.1949 |     40.723 |     3.7
   36 |   1.1563 |     39.347 |   1.1977 |     40.723 |     3.8
   37 |   1.1514 |     39.156 |   1.2105 |     40.723 |     3.9
   38 |   1.1457 |     39.036 |   1.2125 |     40.659 |     4.0
   39 |   1.1443 |     38.720 |   1.1937 |     40.147 |     4.1
   40 |   1.1357 |     38.693 |   1.1995 |     40.179 |     4.2
   41 |   1.1278 |     38.409 |   1.1906 |     40.179 |     4.3
   42 |   1.1177 |     38.006 |   1.2111 |     40.243 |     4.4
   43 |   1.1184 |     38.137 |   1.1938 |     40.371 |     4.5
   44 |   1.1134 |     37.853 |   1.1893 |     40.083 |     4.7
   45 |   1.1079 |     37.559 |   1.1804 |     39.539 |     4.8
   46 |   1.0999 |     37.591 |   1.1827 |     39.251 |     4.9
   47 |   1.0936 |     37.488 |   1.1911 |     39.891 |     5.0
   48 |   1.0959 |     37.204 |   1.2029 |     39.763 |     5.1
   49 |   1.0874 |     37.106 |   1.1883 |     39.699 |     5.2
Early stopping

Model: Seq2Seq Transformer
Source index: <Seq2Seq Index with 46 items>
Target index: <Seq2Seq Index with 34 items>
Max sequence length: 800
Embedding dimension: 128
Feedforward dimension: 256
Encoder layers: 2
Decoder layers: 3
Attention heads: 2
Activation: relu
Dropout: 0.1
Trainable parameters: 978,850

Training started
X_train.shape: torch.Size([3057, 702])
Y_train.shape: torch.Size([3057, 7])
X_dev.shape: torch.Size([521, 307])
Y_dev.shape: torch.Size([521, 7])
Epochs: 500
Learning rate: 0.0001
Weight decay: 1e-05
Epoch | Train                 | Development           | Minutes
      | Loss     | Error Rate | Loss     | Error Rate |
---------------------------------------------------------------
    1 |   2.0711 |     52.590 |   1.5007 |     45.266 |     0.1
    2 |   1.4841 |     45.916 |   1.3801 |     45.170 |     0.2
    3 |   1.3873 |     44.548 |   1.3172 |     42.930 |     0.3
    4 |   1.3333 |     43.632 |   1.2901 |     42.994 |     0.4
    5 |   1.2939 |     43.141 |   1.2601 |     43.442 |     0.5
    6 |   1.2587 |     41.958 |   1.2313 |     42.642 |     0.5
    7 |   1.2306 |     41.255 |   1.2024 |     42.674 |     0.6
    8 |   1.2067 |     40.655 |   1.1963 |     41.363 |     0.7
    9 |   1.1844 |     39.963 |   1.1857 |     41.971 |     0.8
   10 |   1.1630 |     39.118 |   1.1633 |     40.691 |     0.9
   11 |   1.1421 |     38.404 |   1.1567 |     40.723 |     1.0
   12 |   1.1239 |     37.995 |   1.1263 |     39.699 |     1.1
   13 |   1.1054 |     37.281 |   1.1181 |     38.996 |     1.2
   14 |   1.0838 |     36.921 |   1.1255 |     39.219 |     1.3
   15 |   1.0676 |     36.038 |   1.1251 |     38.292 |     1.4
   16 |   1.0536 |     35.781 |   1.1254 |     38.740 |     1.4
   17 |   1.0362 |     35.280 |   1.1072 |     38.868 |     1.5
   18 |   1.0256 |     34.805 |   1.1171 |     39.635 |     1.6
   19 |   1.0117 |     34.789 |   1.1110 |     38.260 |     1.7
   20 |   0.9903 |     33.911 |   1.0850 |     37.492 |     1.8
   21 |   0.9804 |     33.590 |   1.0619 |     36.532 |     1.9
   22 |   0.9658 |     33.224 |   1.0691 |     36.500 |     2.0
   23 |   0.9526 |     32.821 |   1.0861 |     36.724 |     2.1
   24 |   0.9448 |     32.205 |   1.0613 |     36.212 |     2.2
   25 |   0.9269 |     31.670 |   1.0577 |     36.244 |     2.3
   26 |   0.9111 |     31.343 |   1.0521 |     36.052 |     2.4
   27 |   0.8966 |     30.951 |   1.0626 |     35.733 |     2.4
   28 |   0.8884 |     30.149 |   1.0564 |     36.948 |     2.5
   29 |   0.8772 |     29.959 |   1.0434 |     35.605 |     2.6
   30 |   0.8633 |     29.659 |   1.0672 |     36.084 |     2.7
   31 |   0.8526 |     29.386 |   1.0536 |     35.956 |     2.8
   32 |   0.8377 |     29.086 |   1.0557 |     35.157 |     2.9
   33 |   0.8326 |     28.432 |   1.0570 |     35.253 |     3.0
Early stopping

Model: Seq2Seq Transformer
Source index: <Seq2Seq Index with 46 items>
Target index: <Seq2Seq Index with 34 items>
Max sequence length: 800
Embedding dimension: 128
Feedforward dimension: 128
Encoder layers: 2
Decoder layers: 3
Attention heads: 4
Activation: relu
Dropout: 0.0
Trainable parameters: 814,370

Training started
X_train.shape: torch.Size([3057, 702])
Y_train.shape: torch.Size([3057, 7])
X_dev.shape: torch.Size([521, 307])
Y_dev.shape: torch.Size([521, 7])
Epochs: 500
Learning rate: 0.001
Weight decay: 1e-05
Epoch | Train                 | Development           | Minutes
      | Loss     | Error Rate | Loss     | Error Rate |
---------------------------------------------------------------
    1 |   1.5021 |     46.516 |   1.2664 |     43.442 |     0.1
    2 |   1.2154 |     41.609 |   1.1796 |     41.747 |     0.2
    3 |   1.1248 |     38.774 |   1.1090 |     39.699 |     0.3
    4 |   1.0561 |     36.621 |   1.1099 |     38.580 |     0.4
    5 |   0.9968 |     34.527 |   1.0595 |     37.012 |     0.5
    6 |   0.9399 |     32.521 |   1.0597 |     36.468 |     0.6
    7 |   0.8872 |     30.596 |   1.0095 |     34.581 |     0.7
    8 |   0.8372 |     29.037 |   1.0480 |     36.244 |     0.8
    9 |   0.7940 |     27.527 |   1.0314 |     33.973 |     0.9
   10 |   0.7392 |     25.423 |   1.0880 |     35.413 |     1.0
   11 |   0.6919 |     24.272 |   1.0713 |     35.701 |     1.1
Early stopping

Model: Seq2Seq Transformer
Source index: <Seq2Seq Index with 46 items>
Target index: <Seq2Seq Index with 34 items>
Max sequence length: 800
Embedding dimension: 128
Feedforward dimension: 128
Encoder layers: 4
Decoder layers: 3
Attention heads: 4
Activation: relu
Dropout: 0.2
Trainable parameters: 1,013,538

Training started
X_train.shape: torch.Size([3057, 702])
Y_train.shape: torch.Size([3057, 7])
X_dev.shape: torch.Size([521, 307])
Y_dev.shape: torch.Size([521, 7])
Epochs: 500
Learning rate: 0.0001
Weight decay: 0.0001
Epoch | Train                 | Development           | Minutes
      | Loss     | Error Rate | Loss     | Error Rate |
---------------------------------------------------------------
    1 |   2.4159 |     59.508 |   1.6477 |     45.777 |     0.2
    2 |   1.6351 |     46.456 |   1.4600 |     45.489 |     0.4
    3 |   1.4905 |     46.020 |   1.3864 |     45.777 |     0.5
    4 |   1.4270 |     45.666 |   1.3493 |     45.425 |     0.7
    5 |   1.3840 |     44.924 |   1.3117 |     43.954 |     0.9
    6 |   1.3461 |     44.096 |   1.2878 |     43.122 |     1.1
    7 |   1.3177 |     43.927 |   1.2575 |     42.834 |     1.3
    8 |   1.2881 |     43.060 |   1.2350 |     41.971 |     1.4
    9 |   1.2690 |     42.738 |   1.2443 |     41.011 |     1.6
   10 |   1.2513 |     41.729 |   1.2179 |     41.523 |     1.8
   11 |   1.2307 |     41.173 |   1.2160 |     41.203 |     2.0
   12 |   1.2126 |     40.944 |   1.1962 |     39.827 |     2.2
   13 |   1.1980 |     40.421 |   1.2040 |     39.859 |     2.3
   14 |   1.1822 |     40.099 |   1.1792 |     39.955 |     2.5
   15 |   1.1661 |     39.363 |   1.1836 |     39.699 |     2.7
   16 |   1.1545 |     38.976 |   1.1914 |     39.699 |     2.9
   17 |   1.1405 |     38.524 |   1.1933 |     40.019 |     3.1
   18 |   1.1281 |     38.240 |   1.1827 |     39.731 |     3.2
   19 |   1.1167 |     37.815 |   1.1712 |     38.740 |     3.4
   20 |   1.1005 |     37.253 |   1.1501 |     39.603 |     3.6
   21 |   1.0909 |     36.833 |   1.1868 |     38.932 |     3.8
   22 |   1.0807 |     36.626 |   1.1507 |     38.580 |     4.0
   23 |   1.0716 |     36.245 |   1.1526 |     38.836 |     4.2
   24 |   1.0594 |     36.070 |   1.1545 |     39.155 |     4.3
Early stopping

Model: Seq2Seq Transformer
Source index: <Seq2Seq Index with 46 items>
Target index: <Seq2Seq Index with 34 items>
Max sequence length: 800
Embedding dimension: 128
Feedforward dimension: 64
Encoder layers: 2
Decoder layers: 3
Attention heads: 4
Activation: relu
Dropout: 0.1
Trainable parameters: 732,130

Training started
X_train.shape: torch.Size([3057, 702])
Y_train.shape: torch.Size([3057, 7])
X_dev.shape: torch.Size([521, 307])
Y_dev.shape: torch.Size([521, 7])
Epochs: 500
Learning rate: 0.0001
Weight decay: 1e-05
Epoch | Train                 | Development           | Minutes
      | Loss     | Error Rate | Loss     | Error Rate |
---------------------------------------------------------------
    1 |   2.2928 |     56.673 |   1.6158 |     45.713 |     0.1
    2 |   1.5656 |     46.004 |   1.4247 |     45.649 |     0.2
    3 |   1.4317 |     44.832 |   1.3586 |     44.530 |     0.3
    4 |   1.3682 |     44.215 |   1.3178 |     43.602 |     0.4
    5 |   1.3253 |     43.441 |   1.2934 |     44.146 |     0.5
    6 |   1.2938 |     42.678 |   1.2770 |     43.922 |     0.6
    7 |   1.2629 |     42.116 |   1.2484 |     43.026 |     0.7
    8 |   1.2350 |     41.222 |   1.2150 |     42.578 |     0.9
    9 |   1.2112 |     40.497 |   1.2059 |     41.907 |     1.0
   10 |   1.1817 |     39.881 |   1.2033 |     41.203 |     1.1
   11 |   1.1646 |     39.178 |   1.1722 |     40.083 |     1.2
   12 |   1.1445 |     38.398 |   1.1834 |     40.211 |     1.3
   13 |   1.1281 |     38.175 |   1.1623 |     39.987 |     1.4
   14 |   1.1081 |     37.537 |   1.1610 |     40.243 |     1.5
   15 |   1.0907 |     36.724 |   1.1580 |     38.932 |     1.6
   16 |   1.0766 |     35.988 |   1.1528 |     39.123 |     1.7
   17 |   1.0545 |     35.291 |   1.1469 |     39.123 |     1.8
   18 |   1.0435 |     34.794 |   1.1299 |     38.164 |     1.9
   19 |   1.0287 |     34.429 |   1.1704 |     39.283 |     2.0
   20 |   1.0129 |     33.699 |   1.1358 |     38.068 |     2.1
   21 |   0.9930 |     33.252 |   1.1131 |     36.916 |     2.2
   22 |   0.9782 |     32.679 |   1.1108 |     37.364 |     2.4
   23 |   0.9665 |     32.259 |   1.1360 |     37.652 |     2.5
   24 |   0.9514 |     31.998 |   1.1157 |     36.500 |     2.6
   25 |   0.9381 |     31.311 |   1.1111 |     36.884 |     2.7
   26 |   0.9212 |     30.956 |   1.1231 |     37.108 |     2.8
Early stopping

Model: Seq2Seq Transformer
Source index: <Seq2Seq Index with 46 items>
Target index: <Seq2Seq Index with 34 items>
Max sequence length: 800
Embedding dimension: 128
Feedforward dimension: 256
Encoder layers: 4
Decoder layers: 2
Attention heads: 2
Activation: relu
Dropout: 0.0
Trainable parameters: 1,045,026

Training started
X_train.shape: torch.Size([3057, 702])
Y_train.shape: torch.Size([3057, 7])
X_dev.shape: torch.Size([521, 307])
Y_dev.shape: torch.Size([521, 7])
Epochs: 500
Learning rate: 0.001
Weight decay: 1e-05
Epoch | Train                 | Development           | Minutes
      | Loss     | Error Rate | Loss     | Error Rate |
---------------------------------------------------------------
    1 |   1.4702 |     46.483 |   1.2912 |     45.170 |     0.1
    2 |   1.2416 |     43.888 |   1.2136 |     44.146 |     0.3
    3 |   1.1915 |     42.902 |   1.1685 |     43.122 |     0.4
    4 |   1.1675 |     42.602 |   1.1567 |     42.770 |     0.5
    5 |   1.1491 |     41.778 |   1.1403 |     41.459 |     0.7
    6 |   1.1220 |     40.808 |   1.1173 |     41.587 |     0.8
    7 |   1.1028 |     40.110 |   1.1111 |     40.307 |     0.9
    8 |   1.0826 |     39.265 |   1.1059 |     39.571 |     1.0
    9 |   1.0775 |     39.243 |   1.1007 |     39.379 |     1.2
   10 |   1.0659 |     38.725 |   1.0689 |     39.123 |     1.3
   11 |   1.0490 |     38.649 |   1.0781 |     38.836 |     1.4
   12 |   1.0355 |     38.017 |   1.0817 |     38.708 |     1.6
   13 |   1.0333 |     37.684 |   1.0588 |     38.420 |     1.7
   14 |   1.0279 |     37.466 |   1.0519 |     38.164 |     1.8
   15 |   1.0115 |     37.253 |   1.0326 |     37.748 |     2.0
   16 |   1.0125 |     37.591 |   1.0389 |     37.972 |     2.1
   17 |   1.0121 |     37.411 |   1.0507 |     38.772 |     2.2
   18 |   1.0140 |     37.324 |   1.0377 |     37.812 |     2.4
   19 |   1.0051 |     37.155 |   1.0404 |     38.260 |     2.5
Early stopping

Model: Seq2Seq Transformer
Source index: <Seq2Seq Index with 46 items>
Target index: <Seq2Seq Index with 34 items>
Max sequence length: 800
Embedding dimension: 128
Feedforward dimension: 128
Encoder layers: 2
Decoder layers: 4
Attention heads: 4
Activation: relu
Dropout: 0.2
Trainable parameters: 980,258

Training started
X_train.shape: torch.Size([3057, 702])
Y_train.shape: torch.Size([3057, 7])
X_dev.shape: torch.Size([521, 307])
Y_dev.shape: torch.Size([521, 7])
Epochs: 500
Learning rate: 0.0001
Weight decay: 0.0001
Epoch | Train                 | Development           | Minutes
      | Loss     | Error Rate | Loss     | Error Rate |
---------------------------------------------------------------
    1 |   2.5140 |     61.575 |   1.7356 |     45.745 |     0.1
    2 |   1.6966 |     46.325 |   1.4883 |     45.841 |     0.2
    3 |   1.5113 |     46.085 |   1.4173 |     45.745 |     0.4
    4 |   1.4425 |     45.955 |   1.3687 |     45.617 |     0.5
    5 |   1.3986 |     45.028 |   1.3251 |     44.274 |     0.6
    6 |   1.3637 |     44.608 |   1.3096 |     43.378 |     0.7
    7 |   1.3329 |     43.681 |   1.2901 |     42.258 |     0.8
    8 |   1.3095 |     43.234 |   1.2618 |     41.907 |     0.9
    9 |   1.2891 |     42.493 |   1.2629 |     42.194 |     1.1
   10 |   1.2695 |     42.062 |   1.2403 |     41.907 |     1.2
   11 |   1.2485 |     41.544 |   1.2233 |     41.875 |     1.3
   12 |   1.2302 |     41.391 |   1.2302 |     41.395 |     1.4
   13 |   1.2126 |     41.135 |   1.2194 |     40.723 |     1.5
   14 |   1.1999 |     40.116 |   1.2325 |     41.491 |     1.7
   15 |   1.1853 |     39.968 |   1.2210 |     40.883 |     1.8
   16 |   1.1701 |     39.418 |   1.2200 |     40.627 |     1.9
   17 |   1.1551 |     38.862 |   1.1953 |     40.051 |     2.0
   18 |   1.1447 |     38.475 |   1.1955 |     39.635 |     2.1
   19 |   1.1314 |     38.393 |   1.1699 |     39.443 |     2.2
   20 |   1.1174 |     37.733 |   1.1908 |     39.507 |     2.4
   21 |   1.1082 |     37.204 |   1.1847 |     39.411 |     2.5
   22 |   1.0944 |     36.932 |   1.1910 |     39.315 |     2.6
   23 |   1.0800 |     36.899 |   1.2040 |     39.795 |     2.7
   24 |   1.0696 |     36.266 |   1.1624 |     38.804 |     2.8
   25 |   1.0559 |     35.312 |   1.1641 |     39.091 |     3.0
   26 |   1.0460 |     35.176 |   1.1773 |     38.836 |     3.1
   27 |   1.0369 |     34.893 |   1.1697 |     38.324 |     3.2
   28 |   1.0304 |     34.440 |   1.1803 |     38.708 |     3.3
Early stopping

Model: Seq2Seq Transformer
Source index: <Seq2Seq Index with 46 items>
Target index: <Seq2Seq Index with 34 items>
Max sequence length: 800
Embedding dimension: 128
Feedforward dimension: 64
Encoder layers: 2
Decoder layers: 4
Attention heads: 4
Activation: relu
Dropout: 0.0
Trainable parameters: 881,570

Training started
X_train.shape: torch.Size([3057, 702])
Y_train.shape: torch.Size([3057, 7])
X_dev.shape: torch.Size([521, 307])
Y_dev.shape: torch.Size([521, 7])
Epochs: 500
Learning rate: 0.001
Weight decay: 0.0001
Epoch | Train                 | Development           | Minutes
      | Loss     | Error Rate | Loss     | Error Rate |
---------------------------------------------------------------
    1 |   1.5610 |     47.645 |   1.3176 |     43.186 |     0.1
    2 |   1.2418 |     42.558 |   1.2162 |     42.322 |     0.2
    3 |   1.1586 |     40.077 |   1.1304 |     40.339 |     0.3
    4 |   1.0801 |     37.237 |   1.1155 |     38.996 |     0.4
    5 |   1.0227 |     35.356 |   1.0631 |     36.788 |     0.5
    6 |   0.9674 |     33.775 |   1.0529 |     37.460 |     0.7
    7 |   0.9164 |     31.839 |   1.0372 |     36.660 |     0.8
    8 |   0.8749 |     30.820 |   1.0297 |     36.084 |     0.9
    9 |   0.8230 |     28.944 |   0.9972 |     34.357 |     1.0
   10 |   0.7691 |     26.862 |   0.9833 |     33.621 |     1.1
   11 |   0.7286 |     25.177 |   1.0127 |     34.837 |     1.2
   12 |   0.6938 |     24.299 |   0.9930 |     32.758 |     1.3
   13 |   0.6552 |     22.926 |   1.0344 |     33.685 |     1.4
   14 |   0.6164 |     21.486 |   1.0544 |     33.077 |     1.5
Early stopping

Model: Seq2Seq Transformer
Source index: <Seq2Seq Index with 46 items>
Target index: <Seq2Seq Index with 34 items>
Max sequence length: 800
Embedding dimension: 128
Feedforward dimension: 64
Encoder layers: 2
Decoder layers: 2
Attention heads: 2
Activation: relu
Dropout: 0.2
Trainable parameters: 582,690

Training started
X_train.shape: torch.Size([3057, 702])
Y_train.shape: torch.Size([3057, 7])
X_dev.shape: torch.Size([521, 307])
Y_dev.shape: torch.Size([521, 7])
Epochs: 500
Learning rate: 0.0001
Weight decay: 0.0001
Epoch | Train                 | Development           | Minutes
      | Loss     | Error Rate | Loss     | Error Rate |
---------------------------------------------------------------
    1 |   2.5113 |     61.885 |   1.8114 |     47.473 |     0.1
    2 |   1.7426 |     46.920 |   1.4987 |     45.521 |     0.2
    3 |   1.5196 |     45.862 |   1.4073 |     45.042 |     0.2
    4 |   1.4327 |     45.491 |   1.3587 |     43.890 |     0.3
    5 |   1.3854 |     44.793 |   1.3241 |     44.242 |     0.4
    6 |   1.3508 |     44.215 |   1.2903 |     43.698 |     0.5
    7 |   1.3204 |     43.201 |   1.2748 |     42.994 |     0.5
    8 |   1.2970 |     42.885 |   1.2659 |     43.186 |     0.6
    9 |   1.2690 |     42.231 |   1.2516 |     42.290 |     0.7
   10 |   1.2547 |     41.991 |   1.2499 |     42.674 |     0.8
   11 |   1.2360 |     41.119 |   1.2348 |     42.386 |     0.9
   12 |   1.2246 |     41.021 |   1.2242 |     42.322 |     0.9
   13 |   1.2119 |     40.852 |   1.2104 |     41.587 |     1.0
   14 |   1.1979 |     40.306 |   1.1957 |     40.979 |     1.1
   15 |   1.1899 |     40.181 |   1.1945 |     41.235 |     1.2
   16 |   1.1751 |     39.816 |   1.2048 |     41.523 |     1.2
   17 |   1.1645 |     39.696 |   1.1917 |     40.851 |     1.3
   18 |   1.1526 |     39.330 |   1.1978 |     41.491 |     1.4
   19 |   1.1386 |     38.311 |   1.1928 |     40.915 |     1.5
   20 |   1.1330 |     38.164 |   1.1856 |     40.595 |     1.6
   21 |   1.1211 |     38.306 |   1.1947 |     41.107 |     1.6
   22 |   1.1082 |     37.270 |   1.1746 |     39.795 |     1.7
   23 |   1.1012 |     37.373 |   1.1854 |     40.307 |     1.8
   24 |   1.0905 |     36.904 |   1.1724 |     39.539 |     1.9
   25 |   1.0797 |     36.719 |   1.1931 |     40.339 |     1.9
   26 |   1.0711 |     36.228 |   1.1889 |     40.275 |     2.0
   27 |   1.0613 |     35.967 |   1.1488 |     38.804 |     2.1
   28 |   1.0545 |     35.781 |   1.1744 |     39.923 |     2.2
   29 |   1.0443 |     35.460 |   1.1648 |     38.964 |     2.3
   30 |   1.0363 |     35.225 |   1.1708 |     38.740 |     2.3
   31 |   1.0270 |     34.931 |   1.1709 |     39.219 |     2.4
Early stopping

Model: Seq2Seq Transformer
Source index: <Seq2Seq Index with 46 items>
Target index: <Seq2Seq Index with 34 items>
Max sequence length: 800
Embedding dimension: 64
Feedforward dimension: 64
Encoder layers: 4
Decoder layers: 4
Attention heads: 4
Activation: relu
Dropout: 0.2
Trainable parameters: 327,586

Training started
X_train.shape: torch.Size([3057, 702])
Y_train.shape: torch.Size([3057, 7])
X_dev.shape: torch.Size([521, 307])
Y_dev.shape: torch.Size([521, 7])
Epochs: 500
Learning rate: 0.001
Weight decay: 0.0001
Epoch | Train                 | Development           | Minutes
      | Loss     | Error Rate | Loss     | Error Rate |
---------------------------------------------------------------
    1 |   1.9050 |     52.432 |   1.4110 |     45.777 |     0.2
    2 |   1.4155 |     46.069 |   1.3559 |     45.905 |     0.3
    3 |   1.3584 |     45.857 |   1.2949 |     45.042 |     0.5
    4 |   1.3177 |     45.224 |   1.2706 |     45.617 |     0.6
    5 |   1.2883 |     44.875 |   1.2562 |     44.882 |     0.8
    6 |   1.2675 |     44.564 |   1.2442 |     44.306 |     1.0
    7 |   1.2494 |     43.932 |   1.2223 |     43.506 |     1.1
    8 |   1.2321 |     43.757 |   1.1905 |     43.218 |     1.3
    9 |   1.2174 |     43.327 |   1.1839 |     42.418 |     1.4
   10 |   1.2093 |     43.398 |   1.1770 |     42.802 |     1.6
   11 |   1.1990 |     43.081 |   1.1738 |     43.314 |     1.8
   12 |   1.1908 |     42.951 |   1.1560 |     43.282 |     1.9
   13 |   1.1821 |     42.623 |   1.1536 |     42.610 |     2.1
   14 |   1.1752 |     42.623 |   1.1543 |     43.442 |     2.2
   15 |   1.1717 |     42.607 |   1.1351 |     41.363 |     2.4
   16 |   1.1625 |     42.187 |   1.1344 |     41.299 |     2.6
   17 |   1.1588 |     42.623 |   1.1315 |     41.523 |     2.7
   18 |   1.1524 |     42.433 |   1.1192 |     42.258 |     2.9
   19 |   1.1482 |     42.345 |   1.1174 |     41.619 |     3.0
   20 |   1.1423 |     41.833 |   1.1166 |     41.843 |     3.2
   21 |   1.1371 |     41.615 |   1.1180 |     41.427 |     3.3
   22 |   1.1375 |     41.997 |   1.1231 |     41.075 |     3.5
   23 |   1.1309 |     41.620 |   1.1114 |     42.194 |     3.7
   24 |   1.1291 |     41.740 |   1.1094 |     41.267 |     3.8
   25 |   1.1268 |     41.500 |   1.1073 |     41.651 |     4.0
   26 |   1.1215 |     40.944 |   1.0911 |     40.339 |     4.1
   27 |   1.1084 |     40.448 |   1.0888 |     40.787 |     4.3
   28 |   1.1043 |     40.454 |   1.0928 |     40.723 |     4.5
   29 |   1.0968 |     39.832 |   1.0895 |     40.819 |     4.6
   30 |   1.0918 |     39.778 |   1.0912 |     40.979 |     4.8
   31 |   1.0823 |     39.254 |   1.0833 |     40.563 |     4.9
   32 |   1.0774 |     39.052 |   1.0794 |     39.507 |     5.1
   33 |   1.0768 |     38.965 |   1.0802 |     40.019 |     5.3
   34 |   1.0674 |     38.911 |   1.1048 |     41.043 |     5.4
   35 |   1.0603 |     38.442 |   1.0743 |     39.028 |     5.6
   36 |   1.0519 |     38.147 |   1.1049 |     40.691 |     5.7
   37 |   1.0471 |     38.006 |   1.0903 |     39.891 |     5.9
   38 |   1.0376 |     37.962 |   1.1310 |     41.331 |     6.1
   39 |   1.0340 |     37.401 |   1.1245 |     40.595 |     6.2
Early stopping

Model: Seq2Seq Transformer
Source index: <Seq2Seq Index with 46 items>
Target index: <Seq2Seq Index with 34 items>
Max sequence length: 800
Embedding dimension: 128
Feedforward dimension: 256
Encoder layers: 4
Decoder layers: 4
Attention heads: 2
Activation: relu
Dropout: 0.2
Trainable parameters: 1,442,594

Training started
X_train.shape: torch.Size([3057, 702])
Y_train.shape: torch.Size([3057, 7])
X_dev.shape: torch.Size([521, 307])
Y_dev.shape: torch.Size([521, 7])
Epochs: 500
Learning rate: 0.001
Weight decay: 1e-05
Epoch | Train                 | Development           | Minutes
      | Loss     | Error Rate | Loss     | Error Rate |
---------------------------------------------------------------
    1 |   1.7056 |     50.409 |   1.3775 |     45.649 |     0.2
    2 |   1.3656 |     45.802 |   1.2948 |     45.457 |     0.3
    3 |   1.3236 |     45.573 |   1.2970 |     45.393 |     0.5
    4 |   1.3020 |     45.213 |   1.2564 |     43.922 |     0.6
    5 |   1.2792 |     45.039 |   1.2618 |     44.914 |     0.8
    6 |   1.2637 |     44.537 |   1.2079 |     44.146 |     0.9
    7 |   1.2494 |     44.586 |   1.2129 |     43.698 |     1.1
    8 |   1.2402 |     44.319 |   1.1967 |     43.858 |     1.2
    9 |   1.2332 |     44.003 |   1.1997 |     43.826 |     1.4
   10 |   1.2266 |     43.812 |   1.1964 |     43.506 |     1.6
   11 |   1.2143 |     43.572 |   1.1788 |     44.146 |     1.7
   12 |   1.2089 |     43.627 |   1.1625 |     43.410 |     1.9
   13 |   1.1983 |     43.212 |   1.1615 |     42.258 |     2.0
   14 |   1.1895 |     42.842 |   1.1515 |     43.218 |     2.2
   15 |   1.1861 |     42.923 |   1.1496 |     42.546 |     2.3
   16 |   1.1792 |     42.607 |   1.1534 |     41.907 |     2.5
   17 |   1.1748 |     42.634 |   1.1449 |     42.546 |     2.7
   18 |   1.1706 |     42.558 |   1.1543 |     43.122 |     2.8
   19 |   1.1642 |     42.465 |   1.1353 |     42.450 |     3.0
   20 |   1.1588 |     42.471 |   1.1351 |     41.619 |     3.1
   21 |   1.1550 |     42.051 |   1.1436 |     42.962 |     3.3
   22 |   1.1555 |     42.313 |   1.1414 |     42.674 |     3.4
   23 |   1.1518 |     42.258 |   1.1217 |     42.354 |     3.6
   24 |   1.1425 |     42.051 |   1.1143 |     41.395 |     3.8
   25 |   1.1414 |     42.138 |   1.1230 |     42.450 |     3.9
   26 |   1.1384 |     41.887 |   1.1146 |     41.619 |     4.1
   27 |   1.1356 |     42.084 |   1.1118 |     41.939 |     4.2
   28 |   1.1396 |     42.269 |   1.1124 |     42.546 |     4.4
   29 |   1.1312 |     41.898 |   1.1131 |     42.003 |     4.5
   30 |   1.1329 |     42.149 |   1.1025 |     41.555 |     4.7
   31 |   1.1230 |     41.528 |   1.1095 |     42.258 |     4.9
   32 |   1.1220 |     41.718 |   1.1078 |     41.843 |     5.0
   33 |   1.1288 |     42.051 |   1.1002 |     41.363 |     5.2
   34 |   1.1197 |     41.626 |   1.0934 |     41.651 |     5.3
   35 |   1.1158 |     41.435 |   1.1034 |     41.875 |     5.5
   36 |   1.1244 |     41.489 |   1.1067 |     41.363 |     5.6
   37 |   1.1219 |     41.430 |   1.1040 |     41.587 |     5.8
   38 |   1.1171 |     41.642 |   1.1072 |     42.099 |     5.9
   39 |   1.1132 |     41.304 |   1.0923 |     41.203 |     6.1
   40 |   1.1089 |     41.310 |   1.1033 |     41.555 |     6.3
   41 |   1.1085 |     41.184 |   1.0970 |     42.194 |     6.4
   42 |   1.1112 |     41.555 |   1.0999 |     41.811 |     6.6
   43 |   1.1088 |     41.277 |   1.0945 |     40.947 |     6.7
   44 |   1.1093 |     41.342 |   1.0886 |     41.459 |     6.9
   45 |   1.1059 |     41.315 |   1.0911 |     41.683 |     7.0
   46 |   1.1085 |     41.353 |   1.0842 |     41.011 |     7.2
   47 |   1.1018 |     41.070 |   1.0863 |     41.107 |     7.4
   48 |   1.0998 |     41.380 |   1.0942 |     41.363 |     7.5
   49 |   1.1003 |     41.119 |   1.0837 |     41.331 |     7.7
   50 |   1.1025 |     41.408 |   1.0924 |     40.883 |     7.8
   51 |   1.1018 |     41.119 |   1.0795 |     41.395 |     8.0
   52 |   1.1008 |     41.310 |   1.0839 |     41.267 |     8.1
   53 |   1.0959 |     41.151 |   1.0846 |     41.683 |     8.3
   54 |   1.1014 |     41.457 |   1.0857 |     40.915 |     8.5
   55 |   1.0994 |     41.059 |   1.0829 |     41.523 |     8.6
Early stopping

Model: Seq2Seq Transformer
Source index: <Seq2Seq Index with 46 items>
Target index: <Seq2Seq Index with 34 items>
Max sequence length: 800
Embedding dimension: 128
Feedforward dimension: 64
Encoder layers: 4
Decoder layers: 4
Attention heads: 2
Activation: relu
Dropout: 0.2
Trainable parameters: 1,047,842

Training started
X_train.shape: torch.Size([3057, 702])
Y_train.shape: torch.Size([3057, 7])
X_dev.shape: torch.Size([521, 307])
Y_dev.shape: torch.Size([521, 7])
Epochs: 500
Learning rate: 0.0001
Weight decay: 0.0001
Epoch | Train                 | Development           | Minutes
      | Loss     | Error Rate | Loss     | Error Rate |
---------------------------------------------------------------
    1 |   2.6472 |     68.880 |   1.8314 |     47.825 |     0.1
    2 |   1.7626 |     47.367 |   1.4942 |     45.713 |     0.3
    3 |   1.5290 |     46.200 |   1.4305 |     45.713 |     0.4
    4 |   1.4477 |     46.031 |   1.3744 |     45.329 |     0.6
    5 |   1.4115 |     45.769 |   1.3426 |     45.042 |     0.7
    6 |   1.3771 |     45.011 |   1.3284 |     44.434 |     0.9
    7 |   1.3531 |     44.270 |   1.3031 |     43.570 |     1.0
    8 |   1.3298 |     44.335 |   1.2906 |     42.386 |     1.2
    9 |   1.3087 |     43.512 |   1.2822 |     42.674 |     1.3
   10 |   1.2961 |     43.065 |   1.2602 |     43.026 |     1.5
   11 |   1.2780 |     42.809 |   1.2489 |     41.715 |     1.6
   12 |   1.2594 |     42.078 |   1.2862 |     41.971 |     1.8
   13 |   1.2459 |     41.887 |   1.2810 |     42.546 |     1.9
   14 |   1.2307 |     41.151 |   1.2477 |     41.747 |     2.1
   15 |   1.2152 |     41.021 |   1.2563 |     41.331 |     2.2
   16 |   1.2033 |     40.644 |   1.2468 |     41.395 |     2.4
   17 |   1.1895 |     40.012 |   1.2443 |     41.651 |     2.5
   18 |   1.1776 |     39.838 |   1.2551 |     41.459 |     2.7
   19 |   1.1643 |     38.736 |   1.2660 |     41.011 |     2.8
   20 |   1.1552 |     39.052 |   1.2686 |     41.203 |     3.0
   21 |   1.1429 |     38.562 |   1.2692 |     40.947 |     3.1
   22 |   1.1345 |     38.311 |   1.2054 |     39.859 |     3.3
   23 |   1.1233 |     38.246 |   1.2441 |     40.435 |     3.4
   24 |   1.1152 |     37.668 |   1.1914 |     39.763 |     3.6
   25 |   1.1030 |     37.504 |   1.2080 |     38.996 |     3.7
   26 |   1.0950 |     37.041 |   1.1743 |     39.219 |     3.9
   27 |   1.0831 |     36.708 |   1.2066 |     38.772 |     4.0
   28 |   1.0781 |     36.305 |   1.2124 |     39.123 |     4.1
   29 |   1.0641 |     36.168 |   1.2331 |     39.539 |     4.3
   30 |   1.0541 |     35.907 |   1.1994 |     38.708 |     4.4
Early stopping

Model: Seq2Seq Transformer
Source index: <Seq2Seq Index with 46 items>
Target index: <Seq2Seq Index with 34 items>
Max sequence length: 800
Embedding dimension: 64
Feedforward dimension: 256
Encoder layers: 2
Decoder layers: 4
Attention heads: 2
Activation: relu
Dropout: 0.0
Trainable parameters: 425,762

Training started
X_train.shape: torch.Size([3057, 702])
Y_train.shape: torch.Size([3057, 7])
X_dev.shape: torch.Size([521, 307])
Y_dev.shape: torch.Size([521, 7])
Epochs: 500
Learning rate: 0.0001
Weight decay: 0.0001
Epoch | Train                 | Development           | Minutes
      | Loss     | Error Rate | Loss     | Error Rate |
---------------------------------------------------------------
    1 |   2.2955 |     53.871 |   1.7671 |     45.457 |     0.1
    2 |   1.6338 |     45.769 |   1.5681 |     45.489 |     0.1
    3 |   1.4957 |     44.319 |   1.4693 |     43.250 |     0.2
    4 |   1.4162 |     43.490 |   1.4152 |     44.050 |     0.3
    5 |   1.3599 |     42.629 |   1.3521 |     43.634 |     0.4
    6 |   1.3141 |     41.609 |   1.3367 |     42.994 |     0.4
    7 |   1.2730 |     41.081 |   1.3009 |     42.706 |     0.5
    8 |   1.2379 |     40.666 |   1.2723 |     42.578 |     0.6
    9 |   1.2066 |     40.105 |   1.2607 |     41.971 |     0.6
   10 |   1.1795 |     39.227 |   1.2529 |     42.258 |     0.7
   11 |   1.1568 |     38.829 |   1.2187 |     40.979 |     0.8
   12 |   1.1323 |     38.011 |   1.2206 |     41.139 |     0.9
   13 |   1.1144 |     37.482 |   1.2141 |     40.691 |     0.9
   14 |   1.0965 |     37.161 |   1.2063 |     40.787 |     1.0
   15 |   1.0744 |     36.179 |   1.1741 |     38.996 |     1.1
   16 |   1.0574 |     35.258 |   1.1943 |     40.083 |     1.2
   17 |   1.0387 |     34.827 |   1.1399 |     38.516 |     1.2
   18 |   1.0240 |     34.227 |   1.1436 |     38.164 |     1.3
   19 |   1.0109 |     34.184 |   1.1203 |     37.780 |     1.4
   20 |   0.9940 |     33.126 |   1.1405 |     37.972 |     1.4
   21 |   0.9763 |     32.630 |   1.1268 |     38.132 |     1.5
   22 |   0.9608 |     32.221 |   1.1283 |     37.652 |     1.6
   23 |   0.9466 |     31.414 |   1.1004 |     36.596 |     1.7
   24 |   0.9352 |     31.311 |   1.1150 |     36.980 |     1.7
   25 |   0.9174 |     30.607 |   1.1063 |     36.916 |     1.8
   26 |   0.9065 |     30.406 |   1.1041 |     36.532 |     1.9
   27 |   0.8948 |     30.171 |   1.1022 |     36.404 |     1.9
   28 |   0.8774 |     29.250 |   1.0749 |     36.084 |     2.0
   29 |   0.8667 |     29.097 |   1.1052 |     36.084 |     2.1
   30 |   0.8521 |     28.590 |   1.1229 |     37.108 |     2.2
   31 |   0.8432 |     28.307 |   1.0788 |     36.564 |     2.2
   32 |   0.8312 |     27.761 |   1.0953 |     35.285 |     2.3
Early stopping

Model: Seq2Seq Transformer
Source index: <Seq2Seq Index with 46 items>
Target index: <Seq2Seq Index with 34 items>
Max sequence length: 800
Embedding dimension: 128
Feedforward dimension: 64
Encoder layers: 4
Decoder layers: 2
Attention heads: 2
Activation: relu
Dropout: 0.0
Trainable parameters: 748,962

Training started
X_train.shape: torch.Size([3057, 702])
Y_train.shape: torch.Size([3057, 7])
X_dev.shape: torch.Size([521, 307])
Y_dev.shape: torch.Size([521, 7])
Epochs: 500
Learning rate: 0.0001
Weight decay: 1e-05
Epoch | Train                 | Development           | Minutes
      | Loss     | Error Rate | Loss     | Error Rate |
---------------------------------------------------------------
    1 |   2.2269 |     54.978 |   1.6710 |     45.809 |     0.1
    2 |   1.5210 |     45.698 |   1.4369 |     45.170 |     0.2
    3 |   1.3904 |     44.379 |   1.3688 |     44.306 |     0.4
    4 |   1.3265 |     43.725 |   1.3197 |     43.602 |     0.5
    5 |   1.2819 |     42.493 |   1.2741 |     42.418 |     0.6
    6 |   1.2363 |     40.966 |   1.2407 |     40.691 |     0.7
    7 |   1.1952 |     39.538 |   1.2219 |     41.235 |     0.9
    8 |   1.1595 |     38.524 |   1.2039 |     40.467 |     1.0
    9 |   1.1260 |     37.771 |   1.1748 |     39.827 |     1.1
   10 |   1.0902 |     36.196 |   1.1756 |     39.219 |     1.2
   11 |   1.0590 |     35.007 |   1.1404 |     37.716 |     1.4
   12 |   1.0301 |     33.895 |   1.1347 |     38.452 |     1.5
   13 |   0.9974 |     32.990 |   1.1164 |     36.820 |     1.6
   14 |   0.9669 |     31.949 |   1.1106 |     36.916 |     1.7
   15 |   0.9382 |     30.858 |   1.0905 |     37.396 |     1.9
   16 |   0.9099 |     29.997 |   1.1067 |     36.436 |     2.0
   17 |   0.8837 |     29.141 |   1.1278 |     36.692 |     2.1
   18 |   0.8585 |     28.061 |   1.1135 |     36.692 |     2.2
   19 |   0.8321 |     27.178 |   1.1182 |     36.884 |     2.4
Early stopping

Model: Seq2Seq Transformer
Source index: <Seq2Seq Index with 46 items>
Target index: <Seq2Seq Index with 34 items>
Max sequence length: 800
Embedding dimension: 64
Feedforward dimension: 256
Encoder layers: 4
Decoder layers: 4
Attention heads: 2
Activation: relu
Dropout: 0.0
Trainable parameters: 525,730

Training started
X_train.shape: torch.Size([3057, 702])
Y_train.shape: torch.Size([3057, 7])
X_dev.shape: torch.Size([521, 307])
Y_dev.shape: torch.Size([521, 7])
Epochs: 500
Learning rate: 0.001
Weight decay: 0.0001
Epoch | Train                 | Development           | Minutes
      | Loss     | Error Rate | Loss     | Error Rate |
---------------------------------------------------------------
    1 |   1.6215 |     48.217 |   1.3437 |     44.722 |     0.1
    2 |   1.2804 |     44.008 |   1.2619 |     43.602 |     0.2
    3 |   1.2138 |     42.940 |   1.1977 |     44.274 |     0.3
    4 |   1.1752 |     42.215 |   1.1735 |     43.154 |     0.4
    5 |   1.1492 |     41.544 |   1.1504 |     41.715 |     0.5
    6 |   1.1320 |     41.588 |   1.1412 |     42.258 |     0.7
    7 |   1.1175 |     41.097 |   1.1218 |     42.482 |     0.8
    8 |   1.1156 |     41.593 |   1.1196 |     41.715 |     0.9
    9 |   1.1050 |     41.190 |   1.1025 |     41.779 |     1.0
   10 |   1.0970 |     40.982 |   1.1135 |     41.459 |     1.1
   11 |   1.0903 |     40.977 |   1.1029 |     42.067 |     1.2
   12 |   1.0908 |     41.201 |   1.0963 |     41.427 |     1.3
   13 |   1.0834 |     40.372 |   1.0980 |     41.843 |     1.4
   14 |   1.0835 |     40.873 |   1.0989 |     41.715 |     1.5
   15 |   1.0787 |     41.239 |   1.0783 |     40.723 |     1.6
   16 |   1.0741 |     40.715 |   1.0891 |     40.723 |     1.7
   17 |   1.0719 |     40.225 |   1.0837 |     41.811 |     1.9
   18 |   1.0736 |     40.721 |   1.0815 |     40.595 |     2.0
   19 |   1.0698 |     40.508 |   1.0865 |     41.683 |     2.1
Early stopping

Model: Seq2Seq Transformer
Source index: <Seq2Seq Index with 46 items>
Target index: <Seq2Seq Index with 34 items>
Max sequence length: 800
Embedding dimension: 128
Feedforward dimension: 128
Encoder layers: 2
Decoder layers: 3
Attention heads: 4
Activation: relu
Dropout: 0.0
Trainable parameters: 814,370

Training started
X_train.shape: torch.Size([3057, 702])
Y_train.shape: torch.Size([3057, 7])
X_dev.shape: torch.Size([521, 307])
Y_dev.shape: torch.Size([521, 7])
Epochs: 500
Learning rate: 0.001
Weight decay: 0.0001
Epoch | Train                 | Development           | Minutes
      | Loss     | Error Rate | Loss     | Error Rate |
---------------------------------------------------------------
    1 |   1.5021 |     47.001 |   1.2819 |     44.562 |     0.1
    2 |   1.2281 |     42.100 |   1.1949 |     41.875 |     0.2
    3 |   1.1376 |     39.761 |   1.1306 |     40.563 |     0.3
    4 |   1.0675 |     37.510 |   1.0845 |     39.060 |     0.4
    5 |   1.0099 |     34.985 |   1.0543 |     37.268 |     0.5
    6 |   0.9555 |     32.892 |   1.0234 |     35.925 |     0.6
    7 |   0.8962 |     31.262 |   1.0117 |     35.125 |     0.7
    8 |   0.8485 |     29.751 |   0.9958 |     35.317 |     0.8
    9 |   0.8171 |     28.388 |   1.0023 |     33.557 |     0.9
   10 |   0.7612 |     26.404 |   0.9754 |     33.717 |     1.0
   11 |   0.7217 |     25.324 |   1.0449 |     34.613 |     1.1
   12 |   0.6863 |     24.092 |   1.0080 |     32.821 |     1.2
   13 |   0.6480 |     22.615 |   1.0068 |     31.926 |     1.3
   14 |   0.5968 |     20.919 |   1.0253 |     31.126 |     1.4
Early stopping

Model: Seq2Seq Transformer
Source index: <Seq2Seq Index with 46 items>
Target index: <Seq2Seq Index with 34 items>
Max sequence length: 800
Embedding dimension: 128
Feedforward dimension: 128
Encoder layers: 4
Decoder layers: 3
Attention heads: 4
Activation: relu
Dropout: 0.0
Trainable parameters: 1,013,538

Training started
X_train.shape: torch.Size([3057, 702])
Y_train.shape: torch.Size([3057, 7])
X_dev.shape: torch.Size([521, 307])
Y_dev.shape: torch.Size([521, 7])
Epochs: 500
Learning rate: 0.001
Weight decay: 0.0001
Epoch | Train                 | Development           | Minutes
      | Loss     | Error Rate | Loss     | Error Rate |
---------------------------------------------------------------
    1 |   1.5250 |     47.623 |   1.2927 |     44.882 |     0.2
    2 |   1.2533 |     44.008 |   1.2152 |     43.826 |     0.3
    3 |   1.1893 |     42.514 |   1.1638 |     42.194 |     0.5
    4 |   1.1492 |     40.944 |   1.1342 |     40.627 |     0.7
    5 |   1.1087 |     39.914 |   1.0981 |     40.115 |     0.8
    6 |   1.0935 |     39.385 |   1.0962 |     40.627 |     1.0
    7 |   1.0612 |     38.687 |   1.0733 |     38.100 |     1.2
    8 |   1.0400 |     37.651 |   1.0715 |     40.019 |     1.3
    9 |   1.0219 |     37.166 |   1.0596 |     38.164 |     1.5
   10 |   1.0080 |     36.926 |   1.0316 |     37.812 |     1.7
   11 |   1.0006 |     36.594 |   1.0222 |     37.012 |     1.8
   12 |   0.9748 |     35.689 |   1.0358 |     37.044 |     2.0
   13 |   0.9665 |     35.018 |   1.0490 |     38.740 |     2.2
   14 |   0.9558 |     34.511 |   1.0438 |     37.588 |     2.3
   15 |   0.9352 |     33.769 |   0.9846 |     34.773 |     2.5
   16 |   0.9217 |     33.295 |   0.9906 |     35.381 |     2.7
   17 |   0.9092 |     32.379 |   1.0039 |     35.477 |     2.8
   18 |   0.8922 |     32.194 |   0.9772 |     34.933 |     3.0
   19 |   0.8810 |     31.638 |   1.0012 |     35.829 |     3.2
   20 |   0.8665 |     30.776 |   0.9639 |     33.813 |     3.3
   21 |   0.8571 |     30.580 |   0.9594 |     33.333 |     3.5
   22 |   0.8422 |     30.198 |   0.9603 |     33.077 |     3.7
   23 |   0.8262 |     29.315 |   0.9649 |     33.077 |     3.8
   24 |   0.8151 |     29.081 |   0.9526 |     33.557 |     4.0
   25 |   0.7971 |     28.656 |   0.9685 |     32.182 |     4.2
   26 |   0.7810 |     27.881 |   0.9499 |     32.342 |     4.3
   27 |   0.7641 |     27.167 |   0.9585 |     32.821 |     4.5
   28 |   0.7536 |     26.753 |   0.9660 |     32.949 |     4.7
   29 |   0.7470 |     26.676 |   0.9568 |     32.342 |     4.8
   30 |   0.7254 |     25.788 |   0.9764 |     32.758 |     5.0
Early stopping

Model: Seq2Seq Transformer
Source index: <Seq2Seq Index with 46 items>
Target index: <Seq2Seq Index with 34 items>
Max sequence length: 800
Embedding dimension: 128
Feedforward dimension: 64
Encoder layers: 4
Decoder layers: 2
Attention heads: 2
Activation: relu
Dropout: 0.0
Trainable parameters: 748,962

Training started
X_train.shape: torch.Size([3057, 702])
Y_train.shape: torch.Size([3057, 7])
X_dev.shape: torch.Size([521, 307])
Y_dev.shape: torch.Size([521, 7])
Epochs: 500
Learning rate: 0.001
Weight decay: 1e-05
Epoch | Train                 | Development           | Minutes
      | Loss     | Error Rate | Loss     | Error Rate |
---------------------------------------------------------------
    1 |   1.5160 |     46.827 |   1.2938 |     45.138 |     0.1
    2 |   1.2535 |     43.485 |   1.2191 |     42.770 |     0.2
    3 |   1.2047 |     42.269 |   1.2151 |     43.122 |     0.4
    4 |   1.1683 |     40.933 |   1.1745 |     42.354 |     0.5
    5 |   1.1318 |     40.067 |   1.1103 |     39.251 |     0.6
    6 |   1.1070 |     39.581 |   1.1129 |     40.883 |     0.7
    7 |   1.0884 |     38.851 |   1.1151 |     40.147 |     0.9
    8 |   1.0672 |     37.858 |   1.1043 |     40.115 |     1.0
    9 |   1.0447 |     37.668 |   1.0636 |     38.804 |     1.1
   10 |   1.0331 |     37.150 |   1.0651 |     38.068 |     1.2
   11 |   1.0264 |     37.172 |   1.0668 |     39.155 |     1.4
   12 |   0.9989 |     36.125 |   1.0548 |     39.028 |     1.5
   13 |   0.9918 |     35.601 |   1.0449 |     37.108 |     1.6
   14 |   0.9882 |     35.612 |   1.0286 |     36.884 |     1.7
   15 |   0.9797 |     35.329 |   1.0338 |     39.187 |     1.9
   16 |   0.9580 |     34.527 |   1.0630 |     38.132 |     2.0
   17 |   0.9494 |     34.091 |   1.0412 |     37.460 |     2.1
   18 |   0.9406 |     34.069 |   1.0456 |     36.980 |     2.2
   19 |   0.9254 |     33.415 |   1.0197 |     36.308 |     2.4
   20 |   0.9094 |     33.044 |   1.0162 |     36.660 |     2.5
   21 |   0.9071 |     32.499 |   1.0460 |     37.204 |     2.6
   22 |   0.8989 |     32.526 |   1.0115 |     35.893 |     2.7
   23 |   0.8862 |     32.068 |   1.0044 |     36.116 |     2.8
   24 |   0.9048 |     32.706 |   1.0121 |     36.276 |     3.0
   25 |   0.8727 |     31.905 |   1.0302 |     37.012 |     3.1
   26 |   0.8591 |     31.185 |   1.0241 |     35.829 |     3.2
   27 |   0.8547 |     30.956 |   1.0078 |     36.052 |     3.3
Early stopping

Model: Seq2Seq Transformer
Source index: <Seq2Seq Index with 46 items>
Target index: <Seq2Seq Index with 34 items>
Max sequence length: 800
Embedding dimension: 64
Feedforward dimension: 128
Encoder layers: 4
Decoder layers: 2
Attention heads: 4
Activation: relu
Dropout: 0.2
Trainable parameters: 293,154

Training started
X_train.shape: torch.Size([3057, 702])
Y_train.shape: torch.Size([3057, 7])
X_dev.shape: torch.Size([521, 307])
Y_dev.shape: torch.Size([521, 7])
Epochs: 500
Learning rate: 0.0001
Weight decay: 1e-05
Epoch | Train                 | Development           | Minutes
      | Loss     | Error Rate | Loss     | Error Rate |
---------------------------------------------------------------
    1 |   2.8855 |     71.377 |   2.1975 |     48.305 |     0.1
    2 |   2.0986 |     48.893 |   1.7499 |     46.001 |     0.3
    3 |   1.7663 |     46.429 |   1.6000 |     45.617 |     0.4
    4 |   1.6255 |     46.189 |   1.5146 |     45.617 |     0.6
    5 |   1.5507 |     46.189 |   1.4720 |     45.266 |     0.7
    6 |   1.4980 |     45.911 |   1.4357 |     45.425 |     0.9
    7 |   1.4647 |     45.966 |   1.4061 |     45.393 |     1.0
    8 |   1.4387 |     46.091 |   1.3748 |     44.850 |     1.2
    9 |   1.4096 |     45.557 |   1.3557 |     44.690 |     1.3
   10 |   1.3926 |     45.159 |   1.3372 |     44.658 |     1.5
   11 |   1.3660 |     44.592 |   1.3195 |     44.146 |     1.6
   12 |   1.3524 |     44.624 |   1.3058 |     44.274 |     1.8
   13 |   1.3356 |     43.992 |   1.3058 |     43.442 |     1.9
   14 |   1.3222 |     43.518 |   1.2932 |     43.154 |     2.0
   15 |   1.3042 |     43.043 |   1.2847 |     43.090 |     2.2
   16 |   1.2931 |     42.727 |   1.2756 |     43.218 |     2.3
   17 |   1.2798 |     42.520 |   1.2761 |     42.450 |     2.5
   18 |   1.2670 |     41.926 |   1.2641 |     42.482 |     2.6
   19 |   1.2588 |     42.084 |   1.2504 |     41.747 |     2.8
   20 |   1.2455 |     41.517 |   1.2444 |     41.907 |     2.9
   21 |   1.2354 |     41.348 |   1.2570 |     42.642 |     3.1
   22 |   1.2224 |     40.606 |   1.2511 |     42.226 |     3.2
   23 |   1.2107 |     40.415 |   1.2336 |     41.907 |     3.4
   24 |   1.2070 |     40.045 |   1.2436 |     41.491 |     3.5
   25 |   1.1954 |     40.099 |   1.2382 |     41.203 |     3.6
   26 |   1.1895 |     39.908 |   1.2362 |     42.067 |     3.8
   27 |   1.1846 |     39.707 |   1.2497 |     41.811 |     3.9
   28 |   1.1741 |     39.456 |   1.2312 |     41.491 |     4.1
   29 |   1.1640 |     38.960 |   1.2365 |     41.107 |     4.2
   30 |   1.1570 |     39.129 |   1.2290 |     41.075 |     4.4
   31 |   1.1507 |     38.654 |   1.2333 |     41.491 |     4.5
   32 |   1.1457 |     38.295 |   1.2259 |     40.819 |     4.7
   33 |   1.1402 |     38.387 |   1.2281 |     41.331 |     4.8
   34 |   1.1299 |     38.578 |   1.2364 |     41.171 |     5.0
   35 |   1.1262 |     38.218 |   1.2330 |     41.267 |     5.1
   36 |   1.1151 |     37.815 |   1.2205 |     40.883 |     5.2
   37 |   1.1111 |     37.619 |   1.2125 |     40.819 |     5.4
   38 |   1.1093 |     37.439 |   1.2270 |     41.619 |     5.5
   39 |   1.0998 |     37.384 |   1.2399 |     41.267 |     5.7
   40 |   1.0971 |     36.997 |   1.2217 |     41.171 |     5.8
   41 |   1.0888 |     36.855 |   1.2515 |     41.747 |     6.0
Early stopping

Model: Seq2Seq Transformer
Source index: <Seq2Seq Index with 46 items>
Target index: <Seq2Seq Index with 34 items>
Max sequence length: 800
Embedding dimension: 128
Feedforward dimension: 128
Encoder layers: 4
Decoder layers: 3
Attention heads: 2
Activation: relu
Dropout: 0.1
Trainable parameters: 1,013,538

Training started
X_train.shape: torch.Size([3057, 702])
Y_train.shape: torch.Size([3057, 7])
X_dev.shape: torch.Size([521, 307])
Y_dev.shape: torch.Size([521, 7])
Epochs: 500
Learning rate: 0.001
Weight decay: 1e-05
Epoch | Train                 | Development           | Minutes
      | Loss     | Error Rate | Loss     | Error Rate |
---------------------------------------------------------------
    1 |   1.5916 |     48.354 |   1.3495 |     45.777 |     0.1
    2 |   1.3234 |     45.371 |   1.2767 |     45.425 |     0.3
    3 |   1.2693 |     44.368 |   1.2318 |     45.138 |     0.4
    4 |   1.2326 |     43.768 |   1.1876 |     42.994 |     0.6
    5 |   1.2087 |     43.065 |   1.1843 |     42.003 |     0.7
    6 |   1.1878 |     42.465 |   1.1606 |     42.163 |     0.8
    7 |   1.1713 |     41.658 |   1.1463 |     42.099 |     1.0
    8 |   1.1519 |     41.260 |   1.1360 |     42.099 |     1.1
    9 |   1.1436 |     41.010 |   1.1331 |     41.107 |     1.3
   10 |   1.1290 |     40.928 |   1.1167 |     39.987 |     1.4
   11 |   1.1219 |     40.317 |   1.1128 |     40.179 |     1.6
   12 |   1.1145 |     40.355 |   1.1089 |     40.019 |     1.7
   13 |   1.1087 |     40.110 |   1.1094 |     40.979 |     1.8
   14 |   1.1031 |     40.050 |   1.1069 |     40.179 |     2.0
   15 |   1.1022 |     39.968 |   1.0918 |     40.307 |     2.1
   16 |   1.1002 |     39.947 |   1.0917 |     40.275 |     2.3
   17 |   1.1007 |     40.056 |   1.0972 |     40.659 |     2.4
   18 |   1.1025 |     39.974 |   1.0935 |     40.883 |     2.6
   19 |   1.0973 |     39.996 |   1.0782 |     39.667 |     2.7
   20 |   1.0916 |     39.865 |   1.0800 |     40.083 |     2.8
   21 |   1.0879 |     39.380 |   1.0810 |     39.987 |     3.0
   22 |   1.0858 |     39.783 |   1.0687 |     40.243 |     3.1
   23 |   1.0795 |     39.521 |   1.0744 |     39.283 |     3.3
   24 |   1.0803 |     39.380 |   1.0812 |     41.139 |     3.4
   25 |   1.0753 |     39.489 |   1.1102 |     41.811 |     3.5
   26 |   1.0729 |     39.161 |   1.0927 |     41.683 |     3.7
Early stopping

Model: Seq2Seq Transformer
Source index: <Seq2Seq Index with 46 items>
Target index: <Seq2Seq Index with 34 items>
Max sequence length: 800
Embedding dimension: 64
Feedforward dimension: 64
Encoder layers: 2
Decoder layers: 3
Attention heads: 4
Activation: relu
Dropout: 0.1
Trainable parameters: 235,170

Training started
X_train.shape: torch.Size([3057, 702])
Y_train.shape: torch.Size([3057, 7])
X_dev.shape: torch.Size([521, 307])
Y_dev.shape: torch.Size([521, 7])
Epochs: 500
Learning rate: 0.0001
Weight decay: 1e-05
Epoch | Train                 | Development           | Minutes
      | Loss     | Error Rate | Loss     | Error Rate |
---------------------------------------------------------------
    1 |   2.8401 |     71.492 |   2.2287 |     53.775 |     0.1
    2 |   2.0577 |     49.945 |   1.7257 |     45.745 |     0.2
    3 |   1.7135 |     46.216 |   1.5672 |     45.745 |     0.3
    4 |   1.5769 |     45.818 |   1.4909 |     45.777 |     0.4
    5 |   1.5076 |     45.851 |   1.4422 |     45.681 |     0.5
    6 |   1.4602 |     45.524 |   1.4074 |     45.393 |     0.5
    7 |   1.4253 |     45.066 |   1.3831 |     45.329 |     0.6
    8 |   1.3973 |     44.641 |   1.3611 |     44.978 |     0.7
    9 |   1.3723 |     44.183 |   1.3371 |     44.178 |     0.8
   10 |   1.3527 |     43.976 |   1.3147 |     44.082 |     0.9
   11 |   1.3311 |     43.381 |   1.3020 |     44.434 |     1.0
   12 |   1.3174 |     43.125 |   1.2845 |     43.090 |     1.1
   13 |   1.2997 |     42.716 |   1.2757 |     43.442 |     1.2
   14 |   1.2837 |     42.345 |   1.2525 |     42.866 |     1.3
   15 |   1.2697 |     42.018 |   1.2433 |     42.514 |     1.4
   16 |   1.2567 |     41.544 |   1.2328 |     42.514 |     1.5
   17 |   1.2407 |     41.342 |   1.2227 |     41.939 |     1.5
   18 |   1.2308 |     41.091 |   1.2259 |     41.491 |     1.6
   19 |   1.2201 |     40.655 |   1.2054 |     41.843 |     1.7
   20 |   1.2107 |     40.672 |   1.2043 |     41.523 |     1.8
   21 |   1.1967 |     39.990 |   1.1936 |     40.915 |     1.9
   22 |   1.1854 |     39.876 |   1.1845 |     41.075 |     2.0
   23 |   1.1810 |     39.783 |   1.1949 |     41.139 |     2.1
   24 |   1.1713 |     39.647 |   1.1773 |     40.819 |     2.2
   25 |   1.1590 |     39.161 |   1.1659 |     40.403 |     2.3
   26 |   1.1496 |     38.922 |   1.1641 |     40.307 |     2.4
   27 |   1.1454 |     38.813 |   1.1583 |     40.243 |     2.5
   28 |   1.1362 |     38.371 |   1.1554 |     40.019 |     2.6
   29 |   1.1298 |     38.306 |   1.1626 |     40.211 |     2.6
   30 |   1.1193 |     38.060 |   1.1551 |     39.955 |     2.7
   31 |   1.1198 |     38.033 |   1.1389 |     39.539 |     2.8
   32 |   1.1138 |     37.869 |   1.1365 |     39.155 |     2.9
   33 |   1.1019 |     37.591 |   1.1430 |     39.667 |     3.0
   34 |   1.0975 |     37.210 |   1.1329 |     38.996 |     3.1
   35 |   1.0875 |     36.844 |   1.1360 |     39.155 |     3.2
   36 |   1.0827 |     36.692 |   1.1248 |     38.772 |     3.3
   37 |   1.0775 |     36.714 |   1.1271 |     38.772 |     3.4
   38 |   1.0706 |     36.141 |   1.1175 |     38.964 |     3.5
   39 |   1.0632 |     36.403 |   1.1228 |     38.132 |     3.6
   40 |   1.0563 |     36.119 |   1.1192 |     38.196 |     3.7
   41 |   1.0487 |     35.939 |   1.1153 |     38.420 |     3.7
   42 |   1.0537 |     36.125 |   1.1209 |     38.644 |     3.8
   43 |   1.0393 |     35.443 |   1.1064 |     37.972 |     3.9
   44 |   1.0356 |     35.187 |   1.0977 |     37.908 |     4.0
   45 |   1.0293 |     34.914 |   1.0845 |     37.620 |     4.1
   46 |   1.0225 |     34.724 |   1.1074 |     38.292 |     4.2
   47 |   1.0199 |     34.996 |   1.1078 |     38.900 |     4.3
   48 |   1.0157 |     34.822 |   1.1036 |     38.036 |     4.4
   49 |   1.0070 |     34.249 |   1.0901 |     37.012 |     4.5
   50 |   1.0036 |     34.277 |   1.0777 |     37.236 |     4.6
   51 |   1.0010 |     34.364 |   1.0961 |     38.132 |     4.7
   52 |   0.9901 |     33.628 |   1.0929 |     37.908 |     4.7
   53 |   0.9859 |     33.524 |   1.1018 |     37.812 |     4.8
   54 |   0.9832 |     33.622 |   1.0931 |     37.236 |     4.9
Early stopping

Model: Seq2Seq Transformer
Source index: <Seq2Seq Index with 46 items>
Target index: <Seq2Seq Index with 34 items>
Max sequence length: 800
Embedding dimension: 128
Feedforward dimension: 256
Encoder layers: 2
Decoder layers: 4
Attention heads: 2
Activation: relu
Dropout: 0.2
Trainable parameters: 1,177,634

Training started
X_train.shape: torch.Size([3057, 702])
Y_train.shape: torch.Size([3057, 7])
X_dev.shape: torch.Size([521, 307])
Y_dev.shape: torch.Size([521, 7])
Epochs: 500
Learning rate: 0.0001
Weight decay: 1e-05
Epoch | Train                 | Development           | Minutes
      | Loss     | Error Rate | Loss     | Error Rate |
---------------------------------------------------------------
    1 |   2.3681 |     59.655 |   1.6179 |     45.713 |     0.1
    2 |   1.6044 |     46.271 |   1.4330 |     45.489 |     0.2
    3 |   1.4704 |     45.660 |   1.3730 |     45.170 |     0.3
    4 |   1.4131 |     45.469 |   1.3387 |     44.434 |     0.4
    5 |   1.3782 |     44.913 |   1.3087 |     43.378 |     0.5
    6 |   1.3479 |     44.641 |   1.2882 |     43.250 |     0.6
    7 |   1.3187 |     43.578 |   1.2725 |     41.811 |     0.7
    8 |   1.2983 |     43.163 |   1.2558 |     40.819 |     0.8
    9 |   1.2738 |     42.727 |   1.2408 |     41.523 |     0.9
   10 |   1.2592 |     41.920 |   1.2163 |     41.075 |     1.0
   11 |   1.2379 |     41.457 |   1.2182 |     40.851 |     1.1
   12 |   1.2172 |     41.048 |   1.2088 |     41.363 |     1.2
   13 |   1.2060 |     40.377 |   1.2080 |     41.171 |     1.3
   14 |   1.1920 |     39.919 |   1.1822 |     40.435 |     1.4
   15 |   1.1781 |     39.810 |   1.1914 |     40.179 |     1.5
   16 |   1.1657 |     39.440 |   1.1732 |     39.155 |     1.6
   17 |   1.1557 |     39.167 |   1.1789 |     39.859 |     1.7
   18 |   1.1424 |     38.878 |   1.1631 |     38.964 |     1.8
   19 |   1.1323 |     38.175 |   1.1709 |     39.859 |     1.9
   20 |   1.1214 |     38.229 |   1.1699 |     39.667 |     2.0
   21 |   1.1135 |     37.793 |   1.1883 |     39.955 |     2.1
   22 |   1.0992 |     37.308 |   1.1762 |     39.507 |     2.2
   23 |   1.0850 |     36.861 |   1.1552 |     38.484 |     2.3
   24 |   1.0790 |     36.943 |   1.1729 |     39.571 |     2.4
   25 |   1.0719 |     36.801 |   1.1439 |     38.356 |     2.5
   26 |   1.0587 |     36.157 |   1.1445 |     38.836 |     2.6
   27 |   1.0516 |     35.754 |   1.1785 |     39.507 |     2.7
   28 |   1.0418 |     35.149 |   1.1749 |     38.996 |     2.8
   29 |   1.0364 |     35.225 |   1.1484 |     38.484 |     2.9
   30 |   1.0265 |     34.882 |   1.1315 |     38.004 |     3.0
   31 |   1.0166 |     34.762 |   1.1542 |     38.772 |     3.1
   32 |   1.0101 |     34.484 |   1.1546 |     38.132 |     3.2
   33 |   1.0003 |     34.167 |   1.1338 |     37.332 |     3.3
   34 |   0.9934 |     33.862 |   1.1619 |     38.612 |     3.4
Early stopping

Model: Seq2Seq Transformer
Source index: <Seq2Seq Index with 46 items>
Target index: <Seq2Seq Index with 34 items>
Max sequence length: 800
Embedding dimension: 128
Feedforward dimension: 256
Encoder layers: 4
Decoder layers: 2
Attention heads: 4
Activation: relu
Dropout: 0.1
Trainable parameters: 1,045,026

Training started
X_train.shape: torch.Size([3057, 702])
Y_train.shape: torch.Size([3057, 7])
X_dev.shape: torch.Size([521, 307])
Y_dev.shape: torch.Size([521, 7])
Epochs: 500
Learning rate: 0.001
Weight decay: 1e-05
Epoch | Train                 | Development           | Minutes
      | Loss     | Error Rate | Loss     | Error Rate |
---------------------------------------------------------------
    1 |   1.5032 |     46.952 |   1.2925 |     44.498 |     0.2
    2 |   1.2661 |     44.057 |   1.2398 |     43.826 |     0.4
    3 |   1.2123 |     42.858 |   1.1709 |     41.331 |     0.5
    4 |   1.1855 |     42.373 |   1.1419 |     41.139 |     0.7
    5 |   1.1610 |     41.435 |   1.1375 |     40.947 |     0.9
    6 |   1.1348 |     40.726 |   1.1041 |     40.371 |     1.1
    7 |   1.1177 |     40.077 |   1.1110 |     40.851 |     1.2
    8 |   1.1085 |     39.821 |   1.1040 |     40.979 |     1.4
    9 |   1.0996 |     40.132 |   1.0981 |     39.699 |     1.6
   10 |   1.0838 |     39.380 |   1.0774 |     39.987 |     1.8
   11 |   1.0738 |     38.971 |   1.0687 |     39.699 |     2.0
   12 |   1.0607 |     38.638 |   1.0850 |     39.507 |     2.1
   13 |   1.0572 |     38.289 |   1.0682 |     38.548 |     2.3
   14 |   1.0509 |     38.218 |   1.0562 |     39.315 |     2.5
   15 |   1.0425 |     38.415 |   1.0387 |     38.804 |     2.7
   16 |   1.0434 |     38.376 |   1.0869 |     40.787 |     2.8
   17 |   1.0543 |     38.813 |   1.0451 |     38.964 |     3.0
   18 |   1.0362 |     37.989 |   1.0409 |     38.228 |     3.2
   19 |   1.0235 |     37.809 |   1.0279 |     37.780 |     3.4
   20 |   1.0148 |     37.264 |   1.0423 |     38.516 |     3.5
   21 |   1.0126 |     37.041 |   1.0298 |     38.772 |     3.7
   22 |   1.0168 |     37.482 |   1.0305 |     37.844 |     3.9
   23 |   1.0056 |     37.052 |   1.0377 |     38.036 |     4.1
   24 |   1.0069 |     37.291 |   1.0089 |     37.076 |     4.3
   25 |   1.0031 |     36.566 |   1.0159 |     38.580 |     4.4
   26 |   0.9976 |     36.953 |   1.0251 |     37.940 |     4.6
   27 |   0.9901 |     36.626 |   1.0153 |     38.036 |     4.8
   28 |   0.9844 |     36.490 |   1.0022 |     37.716 |     5.0
   29 |   0.9828 |     36.168 |   1.0096 |     37.300 |     5.1
   30 |   0.9872 |     36.463 |   1.0079 |     37.428 |     5.3
   31 |   0.9803 |     36.326 |   1.0042 |     37.172 |     5.5
   32 |   0.9767 |     35.901 |   1.0304 |     37.108 |     5.7
Early stopping

Model: Seq2Seq Transformer
Source index: <Seq2Seq Index with 46 items>
Target index: <Seq2Seq Index with 34 items>
Max sequence length: 800
Embedding dimension: 128
Feedforward dimension: 256
Encoder layers: 2
Decoder layers: 3
Attention heads: 4
Activation: relu
Dropout: 0.1
Trainable parameters: 978,850

Training started
X_train.shape: torch.Size([3057, 702])
Y_train.shape: torch.Size([3057, 7])
X_dev.shape: torch.Size([521, 307])
Y_dev.shape: torch.Size([521, 7])
Epochs: 500
Learning rate: 0.001
Weight decay: 1e-05
Epoch | Train                 | Development           | Minutes
      | Loss     | Error Rate | Loss     | Error Rate |
---------------------------------------------------------------
    1 |   1.5788 |     48.632 |   1.2840 |     44.914 |     0.1
    2 |   1.2741 |     43.861 |   1.2199 |     42.546 |     0.2
    3 |   1.2007 |     41.866 |   1.2032 |     42.226 |     0.3
    4 |   1.1553 |     40.759 |   1.1288 |     39.411 |     0.4
    5 |   1.1220 |     39.189 |   1.1044 |     39.251 |     0.6
    6 |   1.0808 |     38.027 |   1.1115 |     39.987 |     0.7
    7 |   1.0553 |     37.231 |   1.0659 |     38.292 |     0.8
    8 |   1.0204 |     35.781 |   1.0593 |     37.364 |     0.9
    9 |   0.9879 |     34.620 |   1.0324 |     36.436 |     1.0
   10 |   0.9633 |     33.786 |   1.0439 |     36.532 |     1.1
   11 |   0.9225 |     32.254 |   1.0169 |     35.349 |     1.2
   12 |   0.9001 |     31.681 |   1.0172 |     35.477 |     1.3
   13 |   0.8830 |     30.700 |   1.0333 |     35.956 |     1.4
   14 |   0.8425 |     29.751 |   1.0029 |     34.357 |     1.6
   15 |   0.8058 |     28.296 |   1.0277 |     34.197 |     1.7
   16 |   0.7791 |     27.816 |   1.0335 |     34.421 |     1.8
   17 |   0.7521 |     26.240 |   1.0519 |     34.453 |     1.9
   18 |   0.7356 |     25.853 |   1.0503 |     34.453 |     2.0
Early stopping

Model: Seq2Seq Transformer
Source index: <Seq2Seq Index with 46 items>
Target index: <Seq2Seq Index with 34 items>
Max sequence length: 800
Embedding dimension: 64
Feedforward dimension: 64
Encoder layers: 2
Decoder layers: 2
Attention heads: 2
Activation: relu
Dropout: 0.1
Trainable parameters: 193,186

Training started
X_train.shape: torch.Size([3057, 702])
Y_train.shape: torch.Size([3057, 7])
X_dev.shape: torch.Size([521, 307])
Y_dev.shape: torch.Size([521, 7])
Epochs: 500
Learning rate: 0.0001
Weight decay: 0.0001
Epoch | Train                 | Development           | Minutes
      | Loss     | Error Rate | Loss     | Error Rate |
---------------------------------------------------------------
    1 |   2.8223 |     66.688 |   2.2160 |     49.712 |     0.1
    2 |   2.0444 |     48.130 |   1.7453 |     45.969 |     0.1
    3 |   1.7190 |     46.260 |   1.5834 |     45.681 |     0.2
    4 |   1.5889 |     46.129 |   1.5054 |     45.777 |     0.2
    5 |   1.5158 |     45.851 |   1.4542 |     45.745 |     0.3
    6 |   1.4703 |     45.824 |   1.4127 |     44.850 |     0.4
    7 |   1.4328 |     45.518 |   1.3844 |     45.042 |     0.4
    8 |   1.4071 |     45.240 |   1.3616 |     44.626 |     0.5
    9 |   1.3847 |     45.170 |   1.3397 |     44.146 |     0.5
   10 |   1.3601 |     44.717 |   1.3248 |     43.666 |     0.6
   11 |   1.3422 |     44.270 |   1.3051 |     43.986 |     0.6
   12 |   1.3255 |     43.916 |   1.2905 |     43.122 |     0.7
   13 |   1.3093 |     43.447 |   1.2866 |     42.962 |     0.8
   14 |   1.2971 |     42.962 |   1.2678 |     42.802 |     0.8
   15 |   1.2815 |     42.727 |   1.2630 |     42.738 |     0.9
   16 |   1.2680 |     42.138 |   1.2445 |     42.258 |     0.9
   17 |   1.2583 |     41.898 |   1.2438 |     42.738 |     1.0
   18 |   1.2483 |     41.795 |   1.2264 |     42.322 |     1.1
   19 |   1.2345 |     41.669 |   1.2319 |     42.067 |     1.1
   20 |   1.2238 |     41.228 |   1.2149 |     42.354 |     1.2
   21 |   1.2128 |     41.108 |   1.2213 |     42.099 |     1.2
   22 |   1.2026 |     40.683 |   1.2179 |     42.099 |     1.3
   23 |   1.1957 |     40.361 |   1.2025 |     41.715 |     1.4
   24 |   1.1857 |     40.056 |   1.2034 |     41.331 |     1.4
   25 |   1.1765 |     40.116 |   1.2017 |     41.523 |     1.5
   26 |   1.1731 |     39.832 |   1.1933 |     41.011 |     1.5
   27 |   1.1620 |     39.669 |   1.1759 |     41.075 |     1.6
   28 |   1.1612 |     39.407 |   1.1808 |     40.371 |     1.7
   29 |   1.1513 |     39.178 |   1.1888 |     40.659 |     1.7
   30 |   1.1441 |     38.982 |   1.1816 |     40.627 |     1.8
   31 |   1.1355 |     38.633 |   1.1654 |     40.435 |     1.8
   32 |   1.1340 |     38.976 |   1.1836 |     41.011 |     1.9
   33 |   1.1288 |     38.605 |   1.1663 |     40.531 |     2.0
   34 |   1.1235 |     38.453 |   1.1583 |     39.411 |     2.0
   35 |   1.1171 |     38.153 |   1.1548 |     40.275 |     2.1
   36 |   1.1125 |     37.842 |   1.1529 |     39.315 |     2.1
   37 |   1.1085 |     38.038 |   1.1544 |     39.507 |     2.2
   38 |   1.1044 |     37.842 |   1.1524 |     39.667 |     2.3
   39 |   1.0984 |     37.619 |   1.1483 |     39.091 |     2.3
   40 |   1.0926 |     37.237 |   1.1443 |     38.868 |     2.4
   41 |   1.0874 |     36.883 |   1.1424 |     39.091 |     2.4
   42 |   1.0816 |     37.122 |   1.1304 |     38.580 |     2.5
   43 |   1.0788 |     36.948 |   1.1362 |     39.347 |     2.5
   44 |   1.0681 |     36.610 |   1.1368 |     39.219 |     2.6
   45 |   1.0682 |     36.441 |   1.1241 |     38.644 |     2.7
   46 |   1.0602 |     36.316 |   1.1271 |     38.740 |     2.7
   47 |   1.0634 |     36.299 |   1.1272 |     38.932 |     2.8
   48 |   1.0559 |     35.978 |   1.1311 |     39.123 |     2.8
   49 |   1.0518 |     35.852 |   1.1148 |     38.516 |     2.9
   50 |   1.0445 |     35.481 |   1.1089 |     38.196 |     3.0
   51 |   1.0395 |     35.629 |   1.1151 |     38.484 |     3.0
   52 |   1.0335 |     35.367 |   1.1088 |     38.164 |     3.1
   53 |   1.0347 |     35.171 |   1.1092 |     38.356 |     3.1
   54 |   1.0272 |     35.007 |   1.1094 |     38.292 |     3.2
   55 |   1.0278 |     35.209 |   1.1148 |     38.644 |     3.3
   56 |   1.0213 |     34.560 |   1.1034 |     37.876 |     3.3
   57 |   1.0148 |     34.157 |   1.0887 |     37.620 |     3.4
   58 |   1.0117 |     34.380 |   1.0993 |     38.676 |     3.4
   59 |   1.0078 |     34.331 |   1.0868 |     37.300 |     3.5
   60 |   1.0083 |     34.424 |   1.1045 |     37.428 |     3.6
   61 |   1.0008 |     33.900 |   1.0835 |     37.044 |     3.6
   62 |   0.9929 |     33.737 |   1.1101 |     38.036 |     3.7
   63 |   0.9990 |     34.048 |   1.0947 |     37.748 |     3.7
   64 |   0.9883 |     33.682 |   1.0988 |     37.524 |     3.8
   65 |   0.9859 |     33.475 |   1.0901 |     37.428 |     3.8
Early stopping

