Model: Seq2Seq Transformer
Source index: <Seq2Seq Index with 45 items>
Target index: <Seq2Seq Index with 34 items>
Max sequence length: 800
Embedding dimension: 64
Feedforward dimension: 256
Encoder layers: 4
Decoder layers: 2
Attention heads: 2
Activation: relu
Dropout: 0.1
Trainable parameters: 392,162

Training started
X_train.shape: torch.Size([3063, 649])
Y_train.shape: torch.Size([3063, 7])
X_dev.shape: torch.Size([558, 702])
Y_dev.shape: torch.Size([558, 7])
Epochs: 500
Learning rate: 0.0001
Weight decay: 0.0001
Epoch | Train                 | Development           | Minutes
      | Loss     | Error Rate | Loss     | Error Rate |
---------------------------------------------------------------
    1 |   2.5141 |     59.457 |   1.8887 |     47.431 |     0.1
    2 |   1.8073 |     46.583 |   1.5828 |     44.654 |     0.2
    3 |   1.6092 |     45.946 |   1.4915 |     44.474 |     0.3
    4 |   1.5187 |     45.745 |   1.4269 |     44.534 |     0.4
    5 |   1.4631 |     45.435 |   1.3833 |     44.056 |     0.5
    6 |   1.4206 |     45.135 |   1.3507 |     43.847 |     0.6
    7 |   1.3870 |     44.668 |   1.3174 |     43.429 |     0.7
    8 |   1.3590 |     44.156 |   1.2959 |     42.802 |     0.8
    9 |   1.3373 |     43.971 |   1.2772 |     42.264 |     0.9
   10 |   1.3161 |     43.432 |   1.2639 |     42.115 |     1.0
   11 |   1.3004 |     43.095 |   1.2431 |     41.338 |     1.1
   12 |   1.2813 |     42.643 |   1.2276 |     41.039 |     1.2
   13 |   1.2636 |     42.214 |   1.2156 |     40.830 |     1.3
   14 |   1.2487 |     41.697 |   1.2101 |     42.055 |     1.4
   15 |   1.2379 |     41.544 |   1.1914 |     40.352 |     1.5
   16 |   1.2245 |     41.163 |   1.1831 |     40.621 |     1.6
   17 |   1.2132 |     40.663 |   1.1888 |     40.980 |     1.7
   18 |   1.2035 |     40.886 |   1.1685 |     40.054 |     1.9
   19 |   1.1880 |     40.102 |   1.1570 |     40.532 |     2.0
   20 |   1.1817 |     40.015 |   1.1496 |     40.681 |     2.1
   21 |   1.1642 |     39.623 |   1.1400 |     39.845 |     2.2
   22 |   1.1592 |     39.433 |   1.1380 |     39.845 |     2.3
   23 |   1.1493 |     39.134 |   1.1301 |     39.277 |     2.4
   24 |   1.1403 |     38.709 |   1.1162 |     39.128 |     2.5
   25 |   1.1346 |     38.943 |   1.1278 |     39.337 |     2.6
   26 |   1.1188 |     38.182 |   1.1035 |     38.082 |     2.7
   27 |   1.1122 |     37.975 |   1.1063 |     38.501 |     2.8
   28 |   1.1017 |     37.735 |   1.1053 |     38.023 |     2.9
   29 |   1.0927 |     37.066 |   1.1014 |     38.650 |     3.0
   30 |   1.0850 |     37.006 |   1.0958 |     38.680 |     3.1
   31 |   1.0752 |     36.778 |   1.0878 |     37.963 |     3.2
   32 |   1.0651 |     36.310 |   1.0933 |     38.232 |     3.3
   33 |   1.0600 |     36.130 |   1.0828 |     37.306 |     3.4
   34 |   1.0520 |     35.461 |   1.0764 |     36.918 |     3.5
   35 |   1.0418 |     35.499 |   1.0681 |     36.888 |     3.6
   36 |   1.0337 |     34.933 |   1.0767 |     36.947 |     3.7
   37 |   1.0270 |     35.080 |   1.0611 |     36.410 |     3.8
   38 |   1.0157 |     34.715 |   1.0673 |     36.888 |     3.9
   39 |   1.0052 |     34.280 |   1.0646 |     36.738 |     4.0
   40 |   1.0063 |     34.226 |   1.0483 |     36.529 |     4.1
   41 |   0.9972 |     33.665 |   1.0449 |     36.290 |     4.2
   42 |   0.9906 |     33.480 |   1.0377 |     35.215 |     4.3
   43 |   0.9846 |     33.551 |   1.0340 |     34.946 |     4.4
   44 |   0.9752 |     33.094 |   1.0443 |     35.484 |     4.5
   45 |   0.9656 |     32.691 |   1.0296 |     35.155 |     4.6
   46 |   0.9595 |     32.555 |   1.0346 |     35.155 |     4.8
   47 |   0.9525 |     32.365 |   1.0385 |     35.783 |     4.9
   48 |   0.9498 |     32.446 |   1.0274 |     35.066 |     5.0
   49 |   0.9405 |     32.169 |   1.0251 |     34.857 |     5.1
   50 |   0.9322 |     31.793 |   1.0271 |     35.006 |     5.2
   51 |   0.9308 |     31.799 |   1.0286 |     34.886 |     5.3
   52 |   0.9278 |     31.325 |   1.0594 |     36.589 |     5.4
   53 |   0.9224 |     31.086 |   1.0167 |     34.050 |     5.5
   54 |   0.9096 |     30.988 |   1.0204 |     34.229 |     5.6
   55 |   0.9030 |     30.493 |   1.0295 |     34.946 |     5.7
   56 |   0.8932 |     30.373 |   1.0194 |     34.498 |     5.8
   57 |   0.8946 |     30.319 |   1.0380 |     34.857 |     5.9
Early stopping

Model: Seq2Seq Transformer
Source index: <Seq2Seq Index with 45 items>
Target index: <Seq2Seq Index with 34 items>
Max sequence length: 800
Embedding dimension: 128
Feedforward dimension: 128
Encoder layers: 2
Decoder layers: 2
Attention heads: 2
Activation: relu
Dropout: 0.1
Trainable parameters: 648,354

Training started
X_train.shape: torch.Size([3063, 649])
Y_train.shape: torch.Size([3063, 7])
X_dev.shape: torch.Size([558, 702])
Y_dev.shape: torch.Size([558, 7])
Epochs: 500
Learning rate: 0.001
Weight decay: 0.0001
Epoch | Train                 | Development           | Minutes
      | Loss     | Error Rate | Loss     | Error Rate |
---------------------------------------------------------------
    1 |   1.5621 |     47.590 |   1.2637 |     43.309 |     0.1
    2 |   1.2772 |     43.258 |   1.1978 |     41.069 |     0.2
    3 |   1.2216 |     42.224 |   1.1738 |     40.054 |     0.2
    4 |   1.1747 |     40.831 |   1.1153 |     37.754 |     0.3
    5 |   1.1285 |     39.324 |   1.1062 |     39.038 |     0.4
    6 |   1.0879 |     37.735 |   1.1009 |     38.471 |     0.5
    7 |   1.0577 |     36.827 |   1.0631 |     35.932 |     0.5
    8 |   1.0264 |     35.847 |   1.0686 |     37.754 |     0.6
    9 |   0.9994 |     34.732 |   1.0756 |     37.276 |     0.7
   10 |   0.9711 |     33.828 |   1.0496 |     36.051 |     0.8
   11 |   0.9358 |     32.572 |   1.0493 |     35.992 |     0.9
   12 |   0.9080 |     31.570 |   1.0341 |     35.215 |     0.9
   13 |   0.8758 |     30.341 |   1.0252 |     35.096 |     1.0
   14 |   0.8450 |     29.611 |   1.0537 |     35.245 |     1.1
   15 |   0.8243 |     29.111 |   1.0338 |     34.618 |     1.2
   16 |   0.7955 |     27.756 |   1.0390 |     33.961 |     1.2
   17 |   0.7676 |     26.717 |   1.0690 |     35.036 |     1.3
Early stopping

Model: Seq2Seq Transformer
Source index: <Seq2Seq Index with 45 items>
Target index: <Seq2Seq Index with 34 items>
Max sequence length: 800
Embedding dimension: 64
Feedforward dimension: 256
Encoder layers: 2
Decoder layers: 4
Attention heads: 4
Activation: relu
Dropout: 0.1
Trainable parameters: 425,698

Training started
X_train.shape: torch.Size([3063, 649])
Y_train.shape: torch.Size([3063, 7])
X_dev.shape: torch.Size([558, 702])
Y_dev.shape: torch.Size([558, 7])
Epochs: 500
Learning rate: 0.0001
Weight decay: 1e-05
Epoch | Train                 | Development           | Minutes
      | Loss     | Error Rate | Loss     | Error Rate |
---------------------------------------------------------------
    1 |   2.4480 |     59.958 |   1.6949 |     45.281 |     0.1
    2 |   1.6852 |     46.251 |   1.5116 |     45.221 |     0.2
    3 |   1.5485 |     46.164 |   1.4395 |     45.221 |     0.3
    4 |   1.4791 |     45.865 |   1.3842 |     44.235 |     0.4
    5 |   1.4264 |     45.331 |   1.3405 |     43.638 |     0.5
    6 |   1.3870 |     44.379 |   1.3082 |     42.802 |     0.6
    7 |   1.3574 |     44.744 |   1.2850 |     42.563 |     0.7
    8 |   1.3282 |     44.074 |   1.2658 |     42.204 |     0.8
    9 |   1.3023 |     43.487 |   1.2451 |     42.772 |     0.9
   10 |   1.2864 |     43.128 |   1.2187 |     41.069 |     1.0
   11 |   1.2653 |     42.589 |   1.2081 |     40.980 |     1.1
   12 |   1.2468 |     42.045 |   1.1897 |     40.771 |     1.2
   13 |   1.2277 |     41.408 |   1.1761 |     40.203 |     1.3
   14 |   1.2172 |     41.076 |   1.1649 |     39.516 |     1.4
   15 |   1.2001 |     40.630 |   1.1532 |     40.024 |     1.6
   16 |   1.1891 |     40.527 |   1.1406 |     39.337 |     1.7
   17 |   1.1782 |     40.189 |   1.1276 |     39.098 |     1.8
   18 |   1.1636 |     39.700 |   1.1153 |     38.321 |     1.9
   19 |   1.1589 |     39.721 |   1.1117 |     38.471 |     2.0
   20 |   1.1417 |     39.063 |   1.1034 |     37.963 |     2.1
   21 |   1.1360 |     38.981 |   1.0983 |     38.471 |     2.2
   22 |   1.1268 |     38.682 |   1.0881 |     38.172 |     2.3
   23 |   1.1187 |     38.595 |   1.0713 |     37.157 |     2.4
   24 |   1.1069 |     37.888 |   1.0677 |     37.306 |     2.5
   25 |   1.0940 |     37.784 |   1.0656 |     37.127 |     2.6
   26 |   1.0897 |     37.572 |   1.0506 |     36.440 |     2.7
   27 |   1.0781 |     36.946 |   1.0544 |     36.918 |     2.8
   28 |   1.0673 |     36.674 |   1.0412 |     36.619 |     2.9
   29 |   1.0596 |     36.234 |   1.0375 |     36.022 |     3.0
   30 |   1.0537 |     36.331 |   1.0274 |     35.096 |     3.1
   31 |   1.0460 |     36.070 |   1.0240 |     35.663 |     3.2
   32 |   1.0390 |     35.744 |   1.0257 |     36.410 |     3.3
   33 |   1.0294 |     35.390 |   1.0209 |     35.275 |     3.4
   34 |   1.0245 |     35.624 |   1.0117 |     35.603 |     3.5
   35 |   1.0169 |     34.900 |   1.0174 |     35.633 |     3.6
   36 |   1.0079 |     34.481 |   1.0020 |     34.379 |     3.7
   37 |   1.0017 |     34.514 |   0.9986 |     34.379 |     3.8
   38 |   0.9940 |     34.052 |   0.9969 |     34.558 |     3.9
   39 |   0.9843 |     33.867 |   0.9984 |     34.946 |     4.0
   40 |   0.9760 |     33.464 |   0.9863 |     33.931 |     4.1
   41 |   0.9707 |     33.170 |   0.9873 |     34.677 |     4.2
   42 |   0.9705 |     33.404 |   0.9839 |     34.259 |     4.3
   43 |   0.9571 |     33.078 |   0.9748 |     33.065 |     4.5
   44 |   0.9480 |     32.729 |   0.9806 |     33.333 |     4.6
   45 |   0.9416 |     32.338 |   0.9698 |     32.587 |     4.7
   46 |   0.9390 |     32.044 |   0.9718 |     33.274 |     4.8
   47 |   0.9295 |     31.500 |   0.9648 |     33.214 |     4.9
   48 |   0.9301 |     31.864 |   0.9728 |     33.244 |     5.0
   49 |   0.9248 |     31.652 |   0.9762 |     32.915 |     5.1
   50 |   0.9140 |     31.347 |   0.9606 |     32.736 |     5.2
   51 |   0.9128 |     31.489 |   0.9670 |     32.616 |     5.3
   52 |   0.8998 |     30.874 |   0.9583 |     32.766 |     5.4
   53 |   0.8993 |     30.727 |   0.9632 |     32.616 |     5.5
   54 |   0.8934 |     30.313 |   0.9629 |     32.318 |     5.6
   55 |   0.8829 |     30.145 |   0.9537 |     32.228 |     5.7
   56 |   0.8776 |     29.704 |   0.9593 |     32.109 |     5.8
   57 |   0.8754 |     29.889 |   0.9484 |     32.109 |     5.9
   58 |   0.8691 |     29.655 |   0.9551 |     31.601 |     6.0
   59 |   0.8657 |     29.601 |   0.9522 |     31.930 |     6.1
   60 |   0.8606 |     29.426 |   0.9450 |     31.780 |     6.2
   61 |   0.8544 |     29.187 |   0.9460 |     31.840 |     6.3
   62 |   0.8452 |     28.899 |   0.9540 |     31.930 |     6.4
   63 |   0.8455 |     28.779 |   0.9437 |     31.541 |     6.5
   64 |   0.8381 |     28.616 |   0.9539 |     31.840 |     6.6
   65 |   0.8347 |     28.262 |   0.9501 |     32.198 |     6.7
   66 |   0.8296 |     28.251 |   0.9381 |     31.631 |     6.8
   67 |   0.8191 |     27.941 |   0.9373 |     31.362 |     6.9
   68 |   0.8177 |     27.843 |   0.9452 |     31.930 |     7.0
   69 |   0.8119 |     27.887 |   0.9302 |     31.601 |     7.1
   70 |   0.8081 |     27.479 |   0.9398 |     31.810 |     7.3
   71 |   0.8021 |     27.299 |   0.9415 |     31.661 |     7.4
   72 |   0.8008 |     27.419 |   0.9418 |     31.691 |     7.5
   73 |   0.7869 |     26.978 |   0.9356 |     31.332 |     7.6
Early stopping

Model: Seq2Seq Transformer
Source index: <Seq2Seq Index with 45 items>
Target index: <Seq2Seq Index with 34 items>
Max sequence length: 800
Embedding dimension: 128
Feedforward dimension: 64
Encoder layers: 4
Decoder layers: 4
Attention heads: 4
Activation: relu
Dropout: 0.2
Trainable parameters: 1,047,714

Training started
X_train.shape: torch.Size([3063, 649])
Y_train.shape: torch.Size([3063, 7])
X_dev.shape: torch.Size([558, 702])
Y_dev.shape: torch.Size([558, 7])
Epochs: 500
Learning rate: 0.001
Weight decay: 1e-05
Epoch | Train                 | Development           | Minutes
      | Loss     | Error Rate | Loss     | Error Rate |
---------------------------------------------------------------
    1 |   1.7033 |     50.278 |   1.3379 |     44.863 |     0.2
    2 |   1.3684 |     46.077 |   1.2657 |     43.459 |     0.4
    3 |   1.3169 |     45.614 |   1.2542 |     45.311 |     0.6
    4 |   1.2739 |     44.281 |   1.2132 |     42.861 |     0.7
    5 |   1.2430 |     43.193 |   1.1841 |     42.294 |     0.9
    6 |   1.2209 |     43.057 |   1.1679 |     40.173 |     1.1
    7 |   1.2087 |     42.295 |   1.1628 |     41.189 |     1.3
    8 |   1.1968 |     42.540 |   1.1595 |     41.995 |     1.5
    9 |   1.1765 |     41.724 |   1.1559 |     41.129 |     1.7
   10 |   1.1634 |     41.370 |   1.1520 |     41.308 |     1.9
   11 |   1.1468 |     40.897 |   1.1408 |     40.323 |     2.0
   12 |   1.1364 |     40.804 |   1.1446 |     41.039 |     2.2
   13 |   1.1211 |     40.320 |   1.1436 |     41.577 |     2.4
   14 |   1.1194 |     39.955 |   1.1309 |     40.771 |     2.6
   15 |   1.1077 |     39.868 |   1.1186 |     39.636 |     2.8
   16 |   1.0932 |     39.335 |   1.1337 |     40.323 |     3.0
   17 |   1.0946 |     39.825 |   1.1229 |     40.263 |     3.2
   18 |   1.0795 |     39.150 |   1.1379 |     40.771 |     3.4
   19 |   1.0630 |     38.475 |   1.1297 |     39.994 |     3.5
Early stopping

Model: Seq2Seq Transformer
Source index: <Seq2Seq Index with 45 items>
Target index: <Seq2Seq Index with 34 items>
Max sequence length: 800
Embedding dimension: 64
Feedforward dimension: 256
Encoder layers: 4
Decoder layers: 3
Attention heads: 4
Activation: relu
Dropout: 0.0
Trainable parameters: 458,914

Training started
X_train.shape: torch.Size([3063, 649])
Y_train.shape: torch.Size([3063, 7])
X_dev.shape: torch.Size([558, 702])
Y_dev.shape: torch.Size([558, 7])
Epochs: 500
Learning rate: 0.0001
Weight decay: 0.0001
Epoch | Train                 | Development           | Minutes
      | Loss     | Error Rate | Loss     | Error Rate |
---------------------------------------------------------------
    1 |   2.3761 |     56.611 |   1.7727 |     45.281 |     0.1
    2 |   1.6435 |     45.571 |   1.5418 |     44.295 |     0.3
    3 |   1.4943 |     44.738 |   1.4347 |     43.638 |     0.4
    4 |   1.4185 |     43.770 |   1.3908 |     44.235 |     0.6
    5 |   1.3690 |     43.329 |   1.3417 |     42.264 |     0.7
    6 |   1.3235 |     42.475 |   1.2971 |     41.876 |     0.9
    7 |   1.2895 |     41.593 |   1.2873 |     42.145 |     1.0
    8 |   1.2592 |     40.924 |   1.2466 |     40.502 |     1.2
    9 |   1.2331 |     40.668 |   1.2210 |     39.367 |     1.3
   10 |   1.2093 |     40.189 |   1.2134 |     40.681 |     1.4
   11 |   1.1858 |     39.618 |   1.1901 |     40.562 |     1.6
   12 |   1.1635 |     39.248 |   1.1679 |     38.919 |     1.7
   13 |   1.1422 |     38.649 |   1.1529 |     38.351 |     1.9
   14 |   1.1223 |     38.100 |   1.1359 |     38.112 |     2.0
   15 |   1.1029 |     37.338 |   1.1198 |     38.172 |     2.2
   16 |   1.0841 |     36.653 |   1.1017 |     37.754 |     2.3
   17 |   1.0652 |     36.027 |   1.0917 |     37.276 |     2.5
   18 |   1.0483 |     35.499 |   1.0845 |     37.395 |     2.6
   19 |   1.0368 |     35.140 |   1.0656 |     36.141 |     2.7
   20 |   1.0155 |     34.394 |   1.0612 |     35.364 |     2.9
   21 |   1.0022 |     33.633 |   1.0480 |     35.723 |     3.0
   22 |   0.9858 |     33.257 |   1.0436 |     35.992 |     3.2
   23 |   0.9697 |     32.452 |   1.0412 |     36.231 |     3.3
   24 |   0.9499 |     31.587 |   1.0242 |     34.677 |     3.5
   25 |   0.9349 |     31.184 |   1.0228 |     34.797 |     3.6
   26 |   0.9197 |     30.482 |   1.0150 |     34.170 |     3.8
   27 |   0.9092 |     30.264 |   1.0098 |     33.931 |     3.9
   28 |   0.8926 |     29.704 |   1.0135 |     33.632 |     4.0
   29 |   0.8799 |     29.372 |   0.9986 |     34.409 |     4.2
   30 |   0.8667 |     28.899 |   1.0024 |     33.453 |     4.3
   31 |   0.8557 |     28.463 |   0.9831 |     33.065 |     4.5
   32 |   0.8399 |     27.941 |   0.9857 |     33.662 |     4.6
   33 |   0.8301 |     27.669 |   0.9698 |     32.646 |     4.8
   34 |   0.8192 |     27.419 |   0.9671 |     32.557 |     4.9
   35 |   0.8088 |     27.098 |   0.9619 |     31.750 |     5.1
   36 |   0.7878 |     26.205 |   0.9609 |     31.930 |     5.2
   37 |   0.7819 |     25.971 |   0.9621 |     31.989 |     5.4
   38 |   0.7699 |     25.873 |   0.9506 |     31.870 |     5.5
   39 |   0.7592 |     25.231 |   0.9478 |     31.422 |     5.6
   40 |   0.7495 |     24.948 |   0.9655 |     32.139 |     5.8
   41 |   0.7360 |     24.633 |   0.9608 |     31.900 |     5.9
   42 |   0.7230 |     24.148 |   0.9678 |     32.348 |     6.1
   43 |   0.7206 |     24.110 |   0.9554 |     30.884 |     6.2
Early stopping

Model: Seq2Seq Transformer
Source index: <Seq2Seq Index with 45 items>
Target index: <Seq2Seq Index with 34 items>
Max sequence length: 800
Embedding dimension: 128
Feedforward dimension: 128
Encoder layers: 4
Decoder layers: 3
Attention heads: 4
Activation: relu
Dropout: 0.1
Trainable parameters: 1,013,410

Training started
X_train.shape: torch.Size([3063, 649])
Y_train.shape: torch.Size([3063, 7])
X_dev.shape: torch.Size([558, 702])
Y_dev.shape: torch.Size([558, 7])
Epochs: 500
Learning rate: 0.001
Weight decay: 1e-05
Epoch | Train                 | Development           | Minutes
      | Loss     | Error Rate | Loss     | Error Rate |
---------------------------------------------------------------
    1 |   1.5823 |     48.536 |   1.2834 |     43.309 |     0.2
    2 |   1.2904 |     45.103 |   1.2228 |     44.654 |     0.4
    3 |   1.2371 |     43.748 |   1.1846 |     42.533 |     0.5
    4 |   1.2024 |     42.502 |   1.1454 |     40.860 |     0.7
    5 |   1.1745 |     42.224 |   1.1361 |     40.382 |     0.9
    6 |   1.1504 |     41.833 |   1.1231 |     40.293 |     1.1
    7 |   1.1312 |     40.603 |   1.1215 |     40.711 |     1.3
    8 |   1.1213 |     40.178 |   1.0958 |     39.755 |     1.4
    9 |   1.1115 |     40.119 |   1.1025 |     39.725 |     1.6
   10 |   1.0921 |     39.308 |   1.0956 |     40.472 |     1.8
   11 |   1.0832 |     39.319 |   1.0743 |     39.367 |     2.0
   12 |   1.0697 |     39.036 |   1.0838 |     39.158 |     2.2
   13 |   1.0553 |     38.127 |   1.0594 |     37.933 |     2.3
   14 |   1.0534 |     38.187 |   1.0530 |     39.008 |     2.5
   15 |   1.0410 |     37.523 |   1.0505 |     38.590 |     2.7
   16 |   1.0295 |     37.088 |   1.0511 |     37.843 |     2.9
   17 |   1.0154 |     36.908 |   1.0593 |     39.188 |     3.1
   18 |   1.0099 |     36.457 |   1.0371 |     37.485 |     3.2
   19 |   0.9980 |     36.114 |   1.0578 |     38.471 |     3.4
   20 |   1.0009 |     36.533 |   1.0299 |     36.798 |     3.6
   21 |   0.9935 |     35.940 |   1.0340 |     37.037 |     3.8
   22 |   0.9801 |     35.292 |   1.0301 |     36.888 |     4.0
   23 |   0.9786 |     35.314 |   1.0195 |     37.634 |     4.1
   24 |   0.9692 |     35.058 |   1.0305 |     36.858 |     4.3
   25 |   0.9718 |     34.868 |   1.0132 |     36.051 |     4.5
   26 |   0.9631 |     35.031 |   1.0245 |     36.649 |     4.7
   27 |   0.9469 |     34.013 |   0.9887 |     35.006 |     4.9
   28 |   0.9420 |     34.003 |   1.0062 |     36.380 |     5.1
   29 |   0.9349 |     34.019 |   1.0156 |     36.440 |     5.2
   30 |   0.9437 |     34.177 |   1.0230 |     36.410 |     5.4
   31 |   0.9348 |     33.638 |   1.0127 |     36.051 |     5.6
Early stopping

Model: Seq2Seq Transformer
Source index: <Seq2Seq Index with 45 items>
Target index: <Seq2Seq Index with 34 items>
Max sequence length: 800
Embedding dimension: 64
Feedforward dimension: 64
Encoder layers: 4
Decoder layers: 2
Attention heads: 2
Activation: relu
Dropout: 0.0
Trainable parameters: 243,554

Training started
X_train.shape: torch.Size([3063, 649])
Y_train.shape: torch.Size([3063, 7])
X_dev.shape: torch.Size([558, 702])
Y_dev.shape: torch.Size([558, 7])
Epochs: 500
Learning rate: 0.001
Weight decay: 0.0001
Epoch | Train                 | Development           | Minutes
      | Loss     | Error Rate | Loss     | Error Rate |
---------------------------------------------------------------
    1 |   1.7019 |     49.157 |   1.3230 |     44.295 |     0.1
    2 |   1.2941 |     44.733 |   1.2310 |     42.622 |     0.2
    3 |   1.2248 |     43.188 |   1.1973 |     43.190 |     0.3
    4 |   1.1836 |     41.947 |   1.1865 |     42.712 |     0.4
    5 |   1.1561 |     40.880 |   1.1481 |     42.025 |     0.4
    6 |   1.1332 |     40.325 |   1.1316 |     40.980 |     0.5
    7 |   1.1101 |     39.651 |   1.1263 |     41.458 |     0.6
    8 |   1.0974 |     39.487 |   1.1109 |     39.546 |     0.7
    9 |   1.0794 |     38.410 |   1.0874 |     40.173 |     0.8
   10 |   1.0555 |     37.937 |   1.0718 |     38.381 |     0.9
   11 |   1.0400 |     37.229 |   1.0675 |     38.232 |     1.0
   12 |   1.0310 |     37.289 |   1.0742 |     38.142 |     1.1
   13 |   1.0168 |     36.293 |   1.0491 |     37.485 |     1.2
   14 |   1.0014 |     36.076 |   1.0611 |     39.307 |     1.3
   15 |   0.9888 |     35.336 |   1.0409 |     37.097 |     1.4
   16 |   0.9713 |     34.922 |   1.0294 |     37.485 |     1.4
   17 |   0.9635 |     34.481 |   1.0131 |     36.708 |     1.5
   18 |   0.9454 |     33.578 |   1.0098 |     37.455 |     1.6
   19 |   0.9421 |     33.785 |   1.0009 |     35.125 |     1.7
   20 |   0.9334 |     33.328 |   0.9984 |     35.215 |     1.8
   21 |   0.9201 |     32.833 |   0.9842 |     34.648 |     1.9
   22 |   0.9090 |     32.718 |   1.0000 |     35.573 |     2.0
   23 |   0.8944 |     31.995 |   0.9776 |     34.020 |     2.1
   24 |   0.8890 |     31.766 |   0.9734 |     34.110 |     2.2
   25 |   0.8748 |     31.119 |   0.9812 |     33.901 |     2.3
   26 |   0.8673 |     31.228 |   0.9574 |     33.662 |     2.3
   27 |   0.8533 |     30.373 |   0.9593 |     33.274 |     2.4
   28 |   0.8438 |     29.998 |   0.9488 |     33.184 |     2.5
   29 |   0.8342 |     29.791 |   0.9269 |     32.198 |     2.6
   30 |   0.8230 |     29.503 |   0.9506 |     32.527 |     2.7
   31 |   0.8051 |     28.556 |   0.9472 |     32.855 |     2.8
   32 |   0.8021 |     28.589 |   0.9427 |     32.587 |     2.9
   33 |   0.7892 |     28.289 |   0.9249 |     32.318 |     3.0
   34 |   0.7822 |     27.870 |   0.9361 |     32.557 |     3.1
   35 |   0.7709 |     27.805 |   0.9132 |     31.272 |     3.1
   36 |   0.7614 |     27.011 |   0.9130 |     30.765 |     3.2
   37 |   0.7466 |     26.309 |   0.9278 |     30.705 |     3.3
   38 |   0.7471 |     26.548 |   0.9304 |     31.093 |     3.4
   39 |   0.7366 |     26.211 |   0.9067 |     29.869 |     3.5
   40 |   0.7283 |     26.238 |   0.9206 |     29.719 |     3.6
   41 |   0.7218 |     26.086 |   0.8994 |     30.317 |     3.7
   42 |   0.7080 |     25.449 |   0.9084 |     30.376 |     3.8
   43 |   0.6960 |     24.883 |   0.9249 |     31.004 |     3.9
   44 |   0.6949 |     24.703 |   0.9284 |     31.302 |     4.0
   45 |   0.6905 |     24.899 |   0.9317 |     30.556 |     4.0
Early stopping

Model: Seq2Seq Transformer
Source index: <Seq2Seq Index with 45 items>
Target index: <Seq2Seq Index with 34 items>
Max sequence length: 800
Embedding dimension: 128
Feedforward dimension: 128
Encoder layers: 2
Decoder layers: 4
Attention heads: 4
Activation: relu
Dropout: 0.2
Trainable parameters: 980,130

Training started
X_train.shape: torch.Size([3063, 649])
Y_train.shape: torch.Size([3063, 7])
X_dev.shape: torch.Size([558, 702])
Y_dev.shape: torch.Size([558, 7])
Epochs: 500
Learning rate: 0.001
Weight decay: 0.0001
Epoch | Train                 | Development           | Minutes
      | Loss     | Error Rate | Loss     | Error Rate |
---------------------------------------------------------------
    1 |   1.6789 |     49.793 |   1.3090 |     42.981 |     0.1
    2 |   1.3344 |     44.798 |   1.2361 |     42.861 |     0.2
    3 |   1.2653 |     43.019 |   1.1940 |     40.143 |     0.3
    4 |   1.2147 |     41.648 |   1.1918 |     40.950 |     0.5
    5 |   1.1718 |     40.255 |   1.1535 |     39.217 |     0.6
    6 |   1.1295 |     38.807 |   1.1436 |     39.456 |     0.7
    7 |   1.0965 |     37.567 |   1.0971 |     37.903 |     0.8
    8 |   1.0647 |     36.098 |   1.1016 |     37.784 |     0.9
    9 |   1.0318 |     35.532 |   1.0900 |     37.336 |     1.1
   10 |   0.9993 |     34.302 |   1.0967 |     36.768 |     1.2
   11 |   0.9690 |     33.388 |   1.0595 |     35.454 |     1.3
   12 |   0.9321 |     32.071 |   1.0862 |     36.499 |     1.4
   13 |   0.9078 |     31.478 |   1.0818 |     34.827 |     1.5
   14 |   0.8857 |     30.950 |   1.0745 |     35.364 |     1.6
   15 |   0.8389 |     29.100 |   1.1029 |     35.723 |     1.8
Early stopping

Model: Seq2Seq Transformer
Source index: <Seq2Seq Index with 45 items>
Target index: <Seq2Seq Index with 34 items>
Max sequence length: 800
Embedding dimension: 64
Feedforward dimension: 64
Encoder layers: 4
Decoder layers: 3
Attention heads: 4
Activation: relu
Dropout: 0.2
Trainable parameters: 285,538

Training started
X_train.shape: torch.Size([3063, 649])
Y_train.shape: torch.Size([3063, 7])
X_dev.shape: torch.Size([558, 702])
Y_dev.shape: torch.Size([558, 7])
Epochs: 500
Learning rate: 0.0001
Weight decay: 1e-05
Epoch | Train                 | Development           | Minutes
      | Loss     | Error Rate | Loss     | Error Rate |
---------------------------------------------------------------
    1 |   2.9940 |     76.793 |   2.4366 |     54.630 |     0.1
    2 |   2.3121 |     53.210 |   1.8069 |     46.386 |     0.3
    3 |   1.8668 |     47.383 |   1.5887 |     44.743 |     0.4
    4 |   1.6683 |     46.632 |   1.4906 |     44.504 |     0.6
    5 |   1.5706 |     46.425 |   1.4442 |     45.072 |     0.8
    6 |   1.5139 |     46.240 |   1.4080 |     44.385 |     0.9
    7 |   1.4770 |     46.077 |   1.3786 |     44.743 |     1.1
    8 |   1.4473 |     46.028 |   1.3535 |     44.833 |     1.2
    9 |   1.4207 |     45.729 |   1.3355 |     44.146 |     1.4
   10 |   1.3987 |     45.614 |   1.3143 |     43.309 |     1.5
   11 |   1.3782 |     45.495 |   1.2992 |     42.832 |     1.7
   12 |   1.3610 |     45.168 |   1.2824 |     42.802 |     1.8
   13 |   1.3437 |     44.521 |   1.2767 |     43.100 |     2.0
   14 |   1.3305 |     44.395 |   1.2641 |     42.234 |     2.1
   15 |   1.3179 |     43.938 |   1.2541 |     42.055 |     2.3
   16 |   1.3041 |     43.688 |   1.2417 |     41.428 |     2.4
   17 |   1.2947 |     43.481 |   1.2341 |     41.159 |     2.6
   18 |   1.2842 |     43.247 |   1.2296 |     41.069 |     2.7
   19 |   1.2733 |     42.758 |   1.2175 |     41.010 |     2.9
   20 |   1.2647 |     42.328 |   1.2178 |     41.129 |     3.0
   21 |   1.2549 |     42.393 |   1.2060 |     40.233 |     3.2
   22 |   1.2449 |     41.920 |   1.1942 |     40.323 |     3.3
   23 |   1.2352 |     41.795 |   1.1875 |     39.845 |     3.5
   24 |   1.2335 |     41.854 |   1.1799 |     39.964 |     3.6
   25 |   1.2243 |     41.582 |   1.1791 |     39.636 |     3.8
   26 |   1.2125 |     41.348 |   1.1675 |     39.128 |     3.9
   27 |   1.2052 |     41.044 |   1.1697 |     39.904 |     4.1
   28 |   1.1978 |     40.772 |   1.1635 |     39.427 |     4.3
   29 |   1.1926 |     40.532 |   1.1618 |     39.397 |     4.4
   30 |   1.1876 |     40.576 |   1.1611 |     39.845 |     4.6
   31 |   1.1817 |     40.178 |   1.1437 |     39.128 |     4.7
   32 |   1.1744 |     40.119 |   1.1476 |     39.486 |     4.9
   33 |   1.1733 |     40.059 |   1.1530 |     39.128 |     5.0
   34 |   1.1624 |     39.961 |   1.1426 |     39.337 |     5.2
   35 |   1.1564 |     39.618 |   1.1401 |     39.277 |     5.3
   36 |   1.1516 |     39.618 |   1.1359 |     38.949 |     5.5
   37 |   1.1456 |     39.226 |   1.1332 |     38.232 |     5.6
   38 |   1.1400 |     38.992 |   1.1282 |     38.501 |     5.8
   39 |   1.1364 |     38.829 |   1.1220 |     38.381 |     5.9
   40 |   1.1272 |     38.508 |   1.1393 |     38.471 |     6.1
   41 |   1.1289 |     38.873 |   1.1247 |     38.381 |     6.2
   42 |   1.1199 |     38.513 |   1.1202 |     37.993 |     6.4
   43 |   1.1142 |     38.328 |   1.1222 |     38.441 |     6.5
   44 |   1.1107 |     38.138 |   1.1084 |     37.455 |     6.7
   45 |   1.1020 |     37.605 |   1.1091 |     37.634 |     6.8
   46 |   1.1006 |     38.045 |   1.1165 |     37.097 |     7.0
   47 |   1.0947 |     37.621 |   1.1070 |     37.903 |     7.1
   48 |   1.0866 |     37.235 |   1.1138 |     38.053 |     7.3
   49 |   1.0905 |     37.403 |   1.1049 |     37.485 |     7.4
   50 |   1.0823 |     37.110 |   1.1056 |     37.485 |     7.6
   51 |   1.0730 |     36.435 |   1.1022 |     37.843 |     7.7
   52 |   1.0697 |     36.740 |   1.1002 |     37.455 |     7.9
   53 |   1.0654 |     36.370 |   1.1015 |     37.097 |     8.0
   54 |   1.0606 |     36.342 |   1.1016 |     36.858 |     8.2
   55 |   1.0556 |     36.484 |   1.0970 |     37.127 |     8.4
   56 |   1.0530 |     36.195 |   1.1039 |     37.933 |     8.5
   57 |   1.0505 |     35.885 |   1.1013 |     37.306 |     8.7
   58 |   1.0437 |     35.635 |   1.1044 |     37.336 |     8.8
   59 |   1.0378 |     35.499 |   1.0898 |     36.589 |     9.0
   60 |   1.0393 |     35.793 |   1.0868 |     36.111 |     9.1
   61 |   1.0290 |     35.156 |   1.0915 |     36.410 |     9.3
   62 |   1.0212 |     35.183 |   1.0858 |     36.708 |     9.4
   63 |   1.0262 |     35.004 |   1.0913 |     36.888 |     9.6
   64 |   1.0239 |     34.841 |   1.0942 |     36.559 |     9.7
   65 |   1.0158 |     34.454 |   1.0908 |     36.649 |     9.9
   66 |   1.0147 |     34.579 |   1.0954 |     37.127 |    10.0
   67 |   1.0126 |     34.476 |   1.0842 |     36.529 |    10.2
   68 |   1.0055 |     34.465 |   1.0803 |     36.201 |    10.3
   69 |   0.9998 |     34.204 |   1.0929 |     36.141 |    10.5
   70 |   0.9975 |     34.101 |   1.0862 |     36.499 |    10.6
   71 |   0.9972 |     34.258 |   1.0839 |     35.693 |    10.8
   72 |   0.9877 |     33.905 |   1.0786 |     36.171 |    10.9
   73 |   0.9864 |     33.616 |   1.0941 |     35.693 |    11.1
   74 |   0.9811 |     33.616 |   1.0933 |     35.783 |    11.2
   75 |   0.9764 |     33.551 |   1.0944 |     35.663 |    11.4
   76 |   0.9748 |     33.507 |   1.1042 |     36.529 |    11.5
Early stopping

Model: Seq2Seq Transformer
Source index: <Seq2Seq Index with 45 items>
Target index: <Seq2Seq Index with 34 items>
Max sequence length: 800
Embedding dimension: 64
Feedforward dimension: 256
Encoder layers: 2
Decoder layers: 2
Attention heads: 4
Activation: relu
Dropout: 0.0
Trainable parameters: 292,194

Training started
X_train.shape: torch.Size([3063, 649])
Y_train.shape: torch.Size([3063, 7])
X_dev.shape: torch.Size([558, 702])
Y_dev.shape: torch.Size([558, 7])
Epochs: 500
Learning rate: 0.0001
Weight decay: 0.0001
Epoch | Train                 | Development           | Minutes
      | Loss     | Error Rate | Loss     | Error Rate |
---------------------------------------------------------------
    1 |   2.6146 |     61.323 |   1.9445 |     45.818 |     0.1
    2 |   1.7302 |     46.316 |   1.5812 |     45.221 |     0.2
    3 |   1.5361 |     45.914 |   1.4688 |     45.161 |     0.2
    4 |   1.4490 |     45.168 |   1.3983 |     43.369 |     0.3
    5 |   1.3904 |     44.232 |   1.3522 |     43.728 |     0.4
    6 |   1.3467 |     43.525 |   1.3126 |     43.459 |     0.5
    7 |   1.3118 |     42.992 |   1.2923 |     43.578 |     0.6
    8 |   1.2820 |     42.279 |   1.2599 |     42.145 |     0.6
    9 |   1.2538 |     41.490 |   1.2328 |     41.517 |     0.7
   10 |   1.2287 |     40.380 |   1.2212 |     41.278 |     0.8
   11 |   1.2111 |     40.238 |   1.1974 |     39.397 |     0.9
   12 |   1.1880 |     39.204 |   1.1750 |     38.978 |     1.0
   13 |   1.1706 |     38.987 |   1.1730 |     40.054 |     1.0
   14 |   1.1530 |     38.655 |   1.1669 |     39.516 |     1.1
   15 |   1.1399 |     38.530 |   1.1429 |     38.232 |     1.2
   16 |   1.1228 |     37.757 |   1.1333 |     38.799 |     1.3
   17 |   1.1099 |     37.523 |   1.1262 |     38.620 |     1.3
   18 |   1.0968 |     36.886 |   1.1115 |     37.575 |     1.4
   19 |   1.0816 |     36.364 |   1.1052 |     37.037 |     1.5
   20 |   1.0718 |     36.337 |   1.0937 |     36.619 |     1.6
   21 |   1.0562 |     35.836 |   1.0850 |     36.320 |     1.7
   22 |   1.0425 |     35.080 |   1.0737 |     36.380 |     1.7
   23 |   1.0287 |     35.042 |   1.0733 |     36.081 |     1.8
   24 |   1.0191 |     34.520 |   1.0577 |     35.185 |     1.9
   25 |   1.0064 |     34.090 |   1.0583 |     36.141 |     2.0
   26 |   0.9958 |     33.584 |   1.0500 |     35.842 |     2.1
   27 |   0.9841 |     33.371 |   1.0500 |     36.619 |     2.1
   28 |   0.9751 |     33.083 |   1.0283 |     34.946 |     2.2
   29 |   0.9636 |     32.544 |   1.0282 |     34.886 |     2.3
   30 |   0.9522 |     32.174 |   1.0295 |     34.677 |     2.4
   31 |   0.9409 |     31.788 |   1.0263 |     34.618 |     2.5
   32 |   0.9328 |     31.777 |   1.0154 |     34.528 |     2.5
   33 |   0.9238 |     31.364 |   1.0088 |     34.229 |     2.6
   34 |   0.9119 |     30.743 |   1.0125 |     34.976 |     2.7
   35 |   0.9098 |     30.809 |   1.0055 |     33.931 |     2.8
   36 |   0.8946 |     30.237 |   0.9924 |     33.632 |     2.8
   37 |   0.8873 |     30.052 |   1.0036 |     33.542 |     2.9
   38 |   0.8773 |     29.459 |   0.9911 |     33.035 |     3.0
   39 |   0.8664 |     29.269 |   0.9875 |     33.572 |     3.1
   40 |   0.8617 |     29.105 |   0.9862 |     32.706 |     3.2
   41 |   0.8508 |     28.414 |   0.9764 |     32.318 |     3.2
   42 |   0.8406 |     28.393 |   0.9797 |     33.124 |     3.3
   43 |   0.8357 |     28.006 |   0.9813 |     32.437 |     3.4
   44 |   0.8290 |     27.843 |   0.9731 |     33.124 |     3.5
   45 |   0.8207 |     27.620 |   0.9799 |     32.587 |     3.6
   46 |   0.8101 |     27.283 |   0.9760 |     33.244 |     3.6
   47 |   0.8043 |     27.021 |   0.9809 |     33.363 |     3.7
   48 |   0.7958 |     26.782 |   0.9683 |     32.049 |     3.8
   49 |   0.7876 |     26.265 |   0.9726 |     32.407 |     3.9
   50 |   0.7794 |     26.162 |   0.9603 |     32.079 |     4.0
   51 |   0.7714 |     25.813 |   0.9689 |     32.258 |     4.0
   52 |   0.7669 |     25.933 |   0.9570 |     31.959 |     4.1
   53 |   0.7553 |     25.340 |   0.9646 |     32.676 |     4.2
   54 |   0.7478 |     24.954 |   0.9686 |     32.198 |     4.3
   55 |   0.7410 |     24.894 |   0.9640 |     32.557 |     4.3
   56 |   0.7362 |     24.703 |   0.9486 |     31.422 |     4.4
   57 |   0.7251 |     24.388 |   0.9564 |     31.631 |     4.5
   58 |   0.7206 |     23.996 |   0.9602 |     31.601 |     4.6
   59 |   0.7096 |     23.827 |   0.9492 |     31.422 |     4.7
   60 |   0.7060 |     23.593 |   0.9443 |     31.153 |     4.7
   61 |   0.6945 |     23.321 |   0.9524 |     30.735 |     4.8
   62 |   0.6909 |     23.049 |   0.9499 |     31.422 |     4.9
   63 |   0.6832 |     22.843 |   0.9517 |     31.243 |     5.0
   64 |   0.6771 |     22.609 |   0.9513 |     31.213 |     5.1
Early stopping

Model: Seq2Seq Transformer
Source index: <Seq2Seq Index with 45 items>
Target index: <Seq2Seq Index with 34 items>
Max sequence length: 800
Embedding dimension: 64
Feedforward dimension: 128
Encoder layers: 4
Decoder layers: 3
Attention heads: 4
Activation: relu
Dropout: 0.1
Trainable parameters: 343,330

Training started
X_train.shape: torch.Size([3063, 649])
Y_train.shape: torch.Size([3063, 7])
X_dev.shape: torch.Size([558, 702])
Y_dev.shape: torch.Size([558, 7])
Epochs: 500
Learning rate: 0.0001
Weight decay: 0.0001
Epoch | Train                 | Development           | Minutes
      | Loss     | Error Rate | Loss     | Error Rate |
---------------------------------------------------------------
    1 |   2.6502 |     63.119 |   1.9016 |     45.789 |     0.1
    2 |   1.8214 |     46.572 |   1.5721 |     45.789 |     0.3
    3 |   1.6073 |     46.153 |   1.4817 |     45.072 |     0.5
    4 |   1.5231 |     46.267 |   1.4259 |     45.191 |     0.6
    5 |   1.4721 |     46.001 |   1.3848 |     44.654 |     0.8
    6 |   1.4321 |     45.865 |   1.3520 |     43.937 |     0.9
    7 |   1.3993 |     45.685 |   1.3264 |     43.698 |     1.1
    8 |   1.3723 |     45.076 |   1.3093 |     42.533 |     1.2
    9 |   1.3517 |     44.521 |   1.2901 |     43.280 |     1.4
   10 |   1.3320 |     44.189 |   1.2697 |     41.517 |     1.5
   11 |   1.3124 |     43.541 |   1.2548 |     42.025 |     1.7
   12 |   1.2979 |     43.449 |   1.2386 |     41.547 |     1.9
   13 |   1.2815 |     42.698 |   1.2333 |     41.995 |     2.0
   14 |   1.2679 |     42.524 |   1.2218 |     41.547 |     2.2
   15 |   1.2522 |     42.105 |   1.2036 |     40.860 |     2.3
   16 |   1.2407 |     41.740 |   1.1948 |     40.771 |     2.5
   17 |   1.2266 |     41.212 |   1.1819 |     40.591 |     2.6
   18 |   1.2103 |     40.957 |   1.1718 |     39.665 |     2.8
   19 |   1.2041 |     40.929 |   1.1647 |     40.024 |     2.9
   20 |   1.1845 |     40.124 |   1.1542 |     39.068 |     3.1
   21 |   1.1814 |     40.630 |   1.1435 |     38.351 |     3.2
   22 |   1.1735 |     40.168 |   1.1453 |     39.456 |     3.4
   23 |   1.1593 |     39.814 |   1.1301 |     37.963 |     3.6
   24 |   1.1487 |     38.753 |   1.1233 |     38.650 |     3.7
   25 |   1.1414 |     38.644 |   1.1197 |     38.321 |     3.9
   26 |   1.1299 |     38.546 |   1.1100 |     37.843 |     4.0
   27 |   1.1235 |     38.503 |   1.1025 |     37.336 |     4.2
   28 |   1.1179 |     38.345 |   1.1070 |     37.634 |     4.3
   29 |   1.1107 |     38.051 |   1.0974 |     37.037 |     4.5
   30 |   1.1033 |     37.735 |   1.0866 |     37.485 |     4.6
   31 |   1.0869 |     37.175 |   1.0856 |     37.605 |     4.8
   32 |   1.0799 |     36.935 |   1.0748 |     37.067 |     5.0
   33 |   1.0734 |     36.832 |   1.0794 |     37.216 |     5.1
   34 |   1.0711 |     36.511 |   1.0677 |     36.559 |     5.3
   35 |   1.0614 |     36.157 |   1.0645 |     36.649 |     5.4
   36 |   1.0561 |     36.293 |   1.0594 |     35.633 |     5.6
   37 |   1.0432 |     35.526 |   1.0514 |     35.812 |     5.7
   38 |   1.0371 |     35.581 |   1.0443 |     35.335 |     5.9
   39 |   1.0348 |     35.608 |   1.0440 |     35.275 |     6.0
   40 |   1.0259 |     35.156 |   1.0385 |     35.484 |     6.2
   41 |   1.0185 |     34.683 |   1.0365 |     35.125 |     6.3
   42 |   1.0126 |     34.460 |   1.0277 |     35.066 |     6.5
   43 |   1.0055 |     34.797 |   1.0308 |     35.125 |     6.7
   44 |   1.0012 |     34.291 |   1.0182 |     34.438 |     6.8
   45 |   0.9956 |     34.003 |   1.0236 |     34.289 |     7.0
   46 |   0.9873 |     33.638 |   1.0166 |     34.648 |     7.1
   47 |   0.9815 |     33.535 |   1.0165 |     34.200 |     7.3
   48 |   0.9674 |     32.860 |   1.0115 |     34.020 |     7.4
   49 |   0.9687 |     32.920 |   1.0052 |     33.871 |     7.6
   50 |   0.9641 |     33.007 |   1.0124 |     34.468 |     7.7
   51 |   0.9547 |     32.762 |   1.0018 |     33.542 |     7.9
   52 |   0.9502 |     32.158 |   1.0010 |     34.050 |     8.1
   53 |   0.9425 |     32.207 |   0.9958 |     34.140 |     8.2
   54 |   0.9399 |     31.935 |   0.9983 |     34.080 |     8.4
   55 |   0.9361 |     31.810 |   0.9877 |     33.692 |     8.5
   56 |   0.9261 |     31.641 |   0.9900 |     33.602 |     8.7
   57 |   0.9188 |     31.472 |   0.9924 |     33.811 |     8.8
   58 |   0.9149 |     31.179 |   0.9953 |     33.333 |     9.0
   59 |   0.9136 |     31.347 |   0.9911 |     33.542 |     9.1
Early stopping

Model: Seq2Seq Transformer
Source index: <Seq2Seq Index with 45 items>
Target index: <Seq2Seq Index with 34 items>
Max sequence length: 800
Embedding dimension: 128
Feedforward dimension: 128
Encoder layers: 4
Decoder layers: 4
Attention heads: 4
Activation: relu
Dropout: 0.2
Trainable parameters: 1,179,298

Training started
X_train.shape: torch.Size([3063, 649])
Y_train.shape: torch.Size([3063, 7])
X_dev.shape: torch.Size([558, 702])
Y_dev.shape: torch.Size([558, 7])
Epochs: 500
Learning rate: 0.0001
Weight decay: 1e-05
Epoch | Train                 | Development           | Minutes
      | Loss     | Error Rate | Loss     | Error Rate |
---------------------------------------------------------------
    1 |   2.5209 |     62.227 |   1.7334 |     45.221 |     0.2
    2 |   1.7052 |     46.583 |   1.4577 |     44.743 |     0.4
    3 |   1.5191 |     46.175 |   1.3890 |     45.161 |     0.6
    4 |   1.4481 |     46.126 |   1.3450 |     43.847 |     0.8
    5 |   1.3979 |     45.108 |   1.2959 |     43.698 |     0.9
    6 |   1.3581 |     44.444 |   1.2620 |     42.264 |     1.1
    7 |   1.3298 |     43.748 |   1.2409 |     41.398 |     1.3
    8 |   1.3049 |     43.590 |   1.2232 |     40.980 |     1.5
    9 |   1.2826 |     42.671 |   1.2022 |     40.442 |     1.7
   10 |   1.2596 |     42.050 |   1.1878 |     39.606 |     1.9
   11 |   1.2429 |     41.495 |   1.1665 |     38.799 |     2.1
   12 |   1.2303 |     41.305 |   1.1504 |     37.694 |     2.3
   13 |   1.2122 |     40.690 |   1.1388 |     37.724 |     2.5
   14 |   1.1942 |     40.168 |   1.1469 |     39.397 |     2.6
   15 |   1.1776 |     39.553 |   1.1406 |     39.188 |     2.8
   16 |   1.1697 |     39.520 |   1.1330 |     37.873 |     3.0
   17 |   1.1554 |     38.954 |   1.1153 |     37.933 |     3.2
   18 |   1.1422 |     38.786 |   1.1248 |     38.620 |     3.4
   19 |   1.1303 |     38.448 |   1.1340 |     38.560 |     3.6
   20 |   1.1257 |     38.040 |   1.1177 |     38.321 |     3.8
   21 |   1.1078 |     37.512 |   1.0970 |     37.694 |     4.0
   22 |   1.0996 |     37.262 |   1.0883 |     37.336 |     4.2
   23 |   1.0836 |     36.658 |   1.1053 |     37.843 |     4.4
   24 |   1.0734 |     36.386 |   1.0862 |     37.366 |     4.5
   25 |   1.0653 |     36.174 |   1.1162 |     37.963 |     4.7
   26 |   1.0496 |     35.553 |   1.0995 |     37.007 |     4.9
   27 |   1.0367 |     35.107 |   1.0939 |     37.664 |     5.1
   28 |   1.0276 |     34.645 |   1.0776 |     36.589 |     5.3
   29 |   1.0179 |     34.427 |   1.0932 |     36.470 |     5.5
   30 |   1.0023 |     33.888 |   1.0839 |     36.529 |     5.7
   31 |   0.9895 |     33.399 |   1.0873 |     36.290 |     5.9
   32 |   0.9832 |     33.241 |   1.1086 |     36.768 |     6.1
Early stopping

Model: Seq2Seq Transformer
Source index: <Seq2Seq Index with 45 items>
Target index: <Seq2Seq Index with 34 items>
Max sequence length: 800
Embedding dimension: 64
Feedforward dimension: 256
Encoder layers: 2
Decoder layers: 4
Attention heads: 2
Activation: relu
Dropout: 0.0
Trainable parameters: 425,698

Training started
X_train.shape: torch.Size([3063, 649])
Y_train.shape: torch.Size([3063, 7])
X_dev.shape: torch.Size([558, 702])
Y_dev.shape: torch.Size([558, 7])
Epochs: 500
Learning rate: 0.0001
Weight decay: 1e-05
Epoch | Train                 | Development           | Minutes
      | Loss     | Error Rate | Loss     | Error Rate |
---------------------------------------------------------------
    1 |   2.3580 |     56.306 |   1.7425 |     45.818 |     0.1
    2 |   1.6227 |     46.022 |   1.5289 |     43.160 |     0.1
    3 |   1.4785 |     44.292 |   1.4300 |     44.743 |     0.2
    4 |   1.3935 |     43.470 |   1.3506 |     42.563 |     0.3
    5 |   1.3368 |     42.948 |   1.3148 |     42.204 |     0.4
    6 |   1.2951 |     42.083 |   1.2708 |     41.428 |     0.4
    7 |   1.2614 |     41.142 |   1.2517 |     40.950 |     0.5
    8 |   1.2282 |     40.146 |   1.2133 |     39.934 |     0.6
    9 |   1.2022 |     39.384 |   1.1941 |     40.352 |     0.6
   10 |   1.1798 |     39.487 |   1.1857 |     39.845 |     0.7
   11 |   1.1581 |     38.981 |   1.1566 |     38.829 |     0.8
   12 |   1.1339 |     38.116 |   1.1424 |     38.023 |     0.9
   13 |   1.1165 |     37.648 |   1.1186 |     37.873 |     0.9
   14 |   1.0927 |     37.028 |   1.1136 |     37.724 |     1.0
   15 |   1.0761 |     36.419 |   1.1020 |     36.947 |     1.1
   16 |   1.0529 |     35.303 |   1.0933 |     36.470 |     1.1
   17 |   1.0342 |     34.688 |   1.0631 |     35.364 |     1.2
   18 |   1.0164 |     34.041 |   1.0537 |     35.185 |     1.3
   19 |   1.0017 |     33.518 |   1.0567 |     34.797 |     1.4
   20 |   0.9774 |     32.446 |   1.0413 |     35.006 |     1.4
   21 |   0.9675 |     32.294 |   1.0360 |     33.990 |     1.5
   22 |   0.9515 |     31.685 |   1.0314 |     33.423 |     1.6
   23 |   0.9327 |     30.858 |   1.0078 |     33.244 |     1.6
   24 |   0.9172 |     30.520 |   0.9978 |     32.258 |     1.7
   25 |   0.9034 |     29.851 |   0.9816 |     32.258 |     1.8
   26 |   0.8936 |     29.709 |   0.9809 |     32.676 |     1.9
   27 |   0.8736 |     28.942 |   0.9770 |     32.079 |     1.9
   28 |   0.8608 |     28.474 |   0.9653 |     31.362 |     2.0
   29 |   0.8506 |     28.257 |   0.9495 |     31.362 |     2.1
   30 |   0.8396 |     28.017 |   0.9591 |     31.750 |     2.1
   31 |   0.8208 |     27.304 |   0.9550 |     31.691 |     2.2
   32 |   0.8119 |     26.934 |   0.9540 |     31.422 |     2.3
   33 |   0.7941 |     26.281 |   0.9410 |     30.884 |     2.4
   34 |   0.7869 |     26.374 |   0.9416 |     31.780 |     2.4
   35 |   0.7792 |     26.162 |   0.9411 |     31.123 |     2.5
   36 |   0.7646 |     25.743 |   0.9445 |     31.601 |     2.6
   37 |   0.7594 |     25.454 |   0.9448 |     31.900 |     2.6
   38 |   0.7379 |     24.459 |   0.9312 |     30.795 |     2.7
   39 |   0.7286 |     24.469 |   0.9316 |     31.123 |     2.8
   40 |   0.7190 |     24.235 |   0.9333 |     31.213 |     2.9
   41 |   0.7105 |     23.642 |   0.9431 |     31.541 |     2.9
   42 |   0.6962 |     23.425 |   0.9418 |     30.974 |     3.0
Early stopping

Model: Seq2Seq Transformer
Source index: <Seq2Seq Index with 45 items>
Target index: <Seq2Seq Index with 34 items>
Max sequence length: 800
Embedding dimension: 64
Feedforward dimension: 128
Encoder layers: 2
Decoder layers: 4
Attention heads: 4
Activation: relu
Dropout: 0.2
Trainable parameters: 326,626

Training started
X_train.shape: torch.Size([3063, 649])
Y_train.shape: torch.Size([3063, 7])
X_dev.shape: torch.Size([558, 702])
Y_dev.shape: torch.Size([558, 7])
Epochs: 500
Learning rate: 0.0001
Weight decay: 1e-05
Epoch | Train                 | Development           | Minutes
      | Loss     | Error Rate | Loss     | Error Rate |
---------------------------------------------------------------
    1 |   2.7916 |     66.966 |   2.0667 |     48.835 |     0.1
    2 |   2.0519 |     49.293 |   1.6401 |     46.177 |     0.2
    3 |   1.7389 |     46.964 |   1.5162 |     44.683 |     0.3
    4 |   1.6064 |     46.218 |   1.4562 |     44.683 |     0.4
    5 |   1.5356 |     46.207 |   1.4185 |     44.654 |     0.5
    6 |   1.4951 |     46.278 |   1.3896 |     44.683 |     0.6
    7 |   1.4615 |     46.164 |   1.3654 |     44.683 |     0.7
    8 |   1.4341 |     45.952 |   1.3441 |     44.594 |     0.8
    9 |   1.4124 |     45.587 |   1.3311 |     44.325 |     0.9
   10 |   1.3951 |     45.631 |   1.3152 |     44.176 |     1.0
   11 |   1.3735 |     45.059 |   1.3003 |     43.638 |     1.1
   12 |   1.3592 |     44.896 |   1.2866 |     43.160 |     1.2
   13 |   1.3522 |     44.842 |   1.2756 |     42.772 |     1.3
   14 |   1.3331 |     43.949 |   1.2649 |     42.652 |     1.4
   15 |   1.3260 |     44.461 |   1.2528 |     42.324 |     1.5
   16 |   1.3111 |     43.955 |   1.2417 |     41.995 |     1.6
   17 |   1.3063 |     43.650 |   1.2376 |     41.577 |     1.7
   18 |   1.2933 |     43.514 |   1.2254 |     41.010 |     1.8
   19 |   1.2851 |     43.226 |   1.2220 |     41.278 |     1.9
   20 |   1.2726 |     42.649 |   1.2095 |     40.621 |     2.0
   21 |   1.2674 |     42.431 |   1.1975 |     40.532 |     2.1
   22 |   1.2578 |     42.159 |   1.1906 |     39.964 |     2.2
   23 |   1.2541 |     42.268 |   1.1835 |     39.934 |     2.3
   24 |   1.2396 |     41.936 |   1.1739 |     40.054 |     2.4
   25 |   1.2374 |     42.099 |   1.1682 |     39.725 |     2.5
   26 |   1.2291 |     41.528 |   1.1586 |     39.546 |     2.6
   27 |   1.2218 |     41.250 |   1.1561 |     38.949 |     2.7
   28 |   1.2139 |     41.229 |   1.1543 |     39.427 |     2.8
   29 |   1.2101 |     41.098 |   1.1471 |     39.486 |     2.9
   30 |   1.2032 |     40.793 |   1.1446 |     39.337 |     3.0
   31 |   1.1990 |     40.592 |   1.1453 |     39.367 |     3.1
   32 |   1.1947 |     40.478 |   1.1401 |     39.486 |     3.2
   33 |   1.1864 |     40.641 |   1.1299 |     38.919 |     3.3
   34 |   1.1792 |     40.162 |   1.1249 |     38.172 |     3.4
   35 |   1.1724 |     39.857 |   1.1266 |     38.799 |     3.5
   36 |   1.1670 |     39.759 |   1.1207 |     38.321 |     3.6
   37 |   1.1664 |     39.961 |   1.1149 |     38.172 |     3.7
   38 |   1.1570 |     39.145 |   1.1197 |     38.889 |     3.8
   39 |   1.1545 |     39.487 |   1.1088 |     37.903 |     3.9
   40 |   1.1474 |     39.199 |   1.1085 |     38.202 |     4.0
   41 |   1.1451 |     38.894 |   1.1074 |     38.411 |     4.1
   42 |   1.1396 |     39.134 |   1.1089 |     38.411 |     4.2
   43 |   1.1284 |     38.802 |   1.1020 |     38.082 |     4.3
   44 |   1.1313 |     38.992 |   1.0972 |     38.321 |     4.4
   45 |   1.1222 |     38.622 |   1.0960 |     38.023 |     4.5
   46 |   1.1238 |     38.584 |   1.0913 |     37.634 |     4.6
   47 |   1.1136 |     38.372 |   1.0887 |     38.053 |     4.7
   48 |   1.1079 |     38.127 |   1.0826 |     37.575 |     4.8
   49 |   1.1068 |     38.116 |   1.0828 |     37.634 |     4.9
   50 |   1.1009 |     37.779 |   1.0817 |     38.172 |     5.0
   51 |   1.0974 |     37.991 |   1.0814 |     37.634 |     5.1
   52 |   1.0933 |     37.496 |   1.0687 |     37.366 |     5.2
   53 |   1.0868 |     37.578 |   1.0747 |     37.336 |     5.3
   54 |   1.0835 |     37.556 |   1.0653 |     37.186 |     5.4
   55 |   1.0838 |     37.610 |   1.0690 |     37.246 |     5.5
   56 |   1.0779 |     36.930 |   1.0596 |     36.768 |     5.6
   57 |   1.0731 |     37.077 |   1.0646 |     37.366 |     5.7
   58 |   1.0657 |     36.701 |   1.0524 |     36.858 |     5.8
   59 |   1.0603 |     36.337 |   1.0586 |     37.037 |     5.9
   60 |   1.0636 |     36.756 |   1.0579 |     37.097 |     6.0
   61 |   1.0524 |     36.342 |   1.0543 |     36.559 |     6.1
   62 |   1.0456 |     36.049 |   1.0522 |     36.649 |     6.2
   63 |   1.0496 |     35.891 |   1.0523 |     36.649 |     6.3
   64 |   1.0430 |     35.635 |   1.0508 |     37.336 |     6.4
   65 |   1.0393 |     36.206 |   1.0462 |     36.708 |     6.5
   66 |   1.0362 |     35.515 |   1.0449 |     36.977 |     6.6
   67 |   1.0315 |     35.510 |   1.0399 |     36.111 |     6.7
   68 |   1.0297 |     35.548 |   1.0460 |     35.693 |     6.8
   69 |   1.0262 |     35.504 |   1.0350 |     35.753 |     6.9
   70 |   1.0201 |     35.026 |   1.0377 |     36.171 |     7.0
   71 |   1.0188 |     35.221 |   1.0396 |     36.051 |     7.1
   72 |   1.0139 |     34.759 |   1.0350 |     36.022 |     7.2
   73 |   1.0078 |     34.536 |   1.0345 |     35.992 |     7.3
   74 |   1.0065 |     34.416 |   1.0337 |     35.842 |     7.4
   75 |   1.0068 |     34.841 |   1.0380 |     35.812 |     7.5
   76 |   0.9978 |     34.405 |   1.0480 |     36.290 |     7.7
   77 |   0.9935 |     33.986 |   1.0348 |     35.544 |     7.8
   78 |   0.9943 |     34.237 |   1.0346 |     35.633 |     7.9
   79 |   0.9916 |     34.155 |   1.0244 |     35.633 |     8.0
   80 |   0.9908 |     34.340 |   1.0264 |     35.185 |     8.1
   81 |   0.9833 |     33.954 |   1.0274 |     35.663 |     8.2
   82 |   0.9811 |     33.649 |   1.0272 |     35.096 |     8.3
   83 |   0.9760 |     33.507 |   1.0328 |     35.454 |     8.4
Early stopping

Model: Seq2Seq Transformer
Source index: <Seq2Seq Index with 45 items>
Target index: <Seq2Seq Index with 34 items>
Max sequence length: 800
Embedding dimension: 128
Feedforward dimension: 128
Encoder layers: 4
Decoder layers: 4
Attention heads: 4
Activation: relu
Dropout: 0.1
Trainable parameters: 1,179,298

Training started
X_train.shape: torch.Size([3063, 649])
Y_train.shape: torch.Size([3063, 7])
X_dev.shape: torch.Size([558, 702])
Y_dev.shape: torch.Size([558, 7])
Epochs: 500
Learning rate: 0.0001
Weight decay: 1e-05
Epoch | Train                 | Development           | Minutes
      | Loss     | Error Rate | Loss     | Error Rate |
---------------------------------------------------------------
    1 |   2.2909 |     58.341 |   1.5521 |     45.311 |     0.2
    2 |   1.5509 |     46.240 |   1.3877 |     44.056 |     0.4
    3 |   1.4202 |     45.353 |   1.3067 |     43.160 |     0.6
    4 |   1.3507 |     44.390 |   1.2652 |     42.354 |     0.8
    5 |   1.3046 |     43.373 |   1.2234 |     41.637 |     0.9
    6 |   1.2701 |     42.736 |   1.1948 |     39.875 |     1.1
    7 |   1.2385 |     41.740 |   1.1862 |     40.711 |     1.3
    8 |   1.2110 |     40.984 |   1.1738 |     39.606 |     1.5
    9 |   1.1862 |     40.010 |   1.1361 |     38.799 |     1.7
   10 |   1.1643 |     39.857 |   1.1228 |     38.590 |     1.9
   11 |   1.1443 |     39.079 |   1.1115 |     38.560 |     2.1
   12 |   1.1203 |     38.067 |   1.0942 |     37.067 |     2.3
   13 |   1.1014 |     37.387 |   1.1003 |     37.664 |     2.5
   14 |   1.0860 |     36.789 |   1.0751 |     36.410 |     2.7
   15 |   1.0668 |     36.283 |   1.0742 |     36.260 |     2.8
   16 |   1.0470 |     35.581 |   1.0620 |     35.663 |     3.0
   17 |   1.0227 |     34.922 |   1.0438 |     35.036 |     3.2
   18 |   1.0107 |     34.324 |   1.0301 |     34.618 |     3.4
   19 |   0.9957 |     33.186 |   1.0421 |     34.707 |     3.6
   20 |   0.9779 |     32.773 |   1.0327 |     34.946 |     3.8
   21 |   0.9613 |     32.523 |   1.0232 |     33.961 |     4.0
   22 |   0.9461 |     31.630 |   1.0227 |     33.692 |     4.2
   23 |   0.9279 |     31.179 |   1.0099 |     33.542 |     4.4
   24 |   0.9115 |     30.787 |   1.0114 |     33.453 |     4.6
   25 |   0.8968 |     29.889 |   0.9949 |     33.154 |     4.7
   26 |   0.8813 |     29.867 |   1.0072 |     33.423 |     4.9
   27 |   0.8670 |     29.214 |   1.0142 |     33.751 |     5.1
   28 |   0.8514 |     28.795 |   0.9963 |     33.184 |     5.3
   29 |   0.8410 |     28.110 |   0.9876 |     32.885 |     5.5
   30 |   0.8247 |     27.892 |   0.9956 |     32.497 |     5.7
   31 |   0.8113 |     27.386 |   1.0085 |     32.318 |     5.9
   32 |   0.7992 |     27.326 |   0.9955 |     32.676 |     6.1
   33 |   0.7828 |     26.602 |   1.0007 |     32.318 |     6.3
Early stopping

Model: Seq2Seq Transformer
Source index: <Seq2Seq Index with 45 items>
Target index: <Seq2Seq Index with 34 items>
Max sequence length: 800
Embedding dimension: 128
Feedforward dimension: 128
Encoder layers: 2
Decoder layers: 3
Attention heads: 4
Activation: relu
Dropout: 0.1
Trainable parameters: 814,242

Training started
X_train.shape: torch.Size([3063, 649])
Y_train.shape: torch.Size([3063, 7])
X_dev.shape: torch.Size([558, 702])
Y_dev.shape: torch.Size([558, 7])
Epochs: 500
Learning rate: 0.001
Weight decay: 0.0001
Epoch | Train                 | Development           | Minutes
      | Loss     | Error Rate | Loss     | Error Rate |
---------------------------------------------------------------
    1 |   1.5502 |     47.671 |   1.2398 |     42.712 |     0.1
    2 |   1.2521 |     43.264 |   1.1670 |     39.516 |     0.2
    3 |   1.1808 |     40.859 |   1.1228 |     38.112 |     0.3
    4 |   1.1217 |     38.508 |   1.0996 |     38.321 |     0.4
    5 |   1.0669 |     37.208 |   1.0625 |     36.977 |     0.5
    6 |   1.0199 |     35.635 |   1.0480 |     36.679 |     0.6
    7 |   0.9761 |     33.595 |   1.0501 |     35.962 |     0.8
    8 |   0.9376 |     32.327 |   1.0352 |     36.738 |     0.9
    9 |   0.9003 |     31.010 |   0.9947 |     33.542 |     1.0
   10 |   0.8668 |     29.905 |   1.0353 |     35.544 |     1.1
   11 |   0.8204 |     28.452 |   1.0331 |     33.214 |     1.2
   12 |   0.7841 |     26.777 |   1.0105 |     33.005 |     1.3
   13 |   0.7447 |     25.389 |   1.0538 |     34.080 |     1.4
Early stopping

Model: Seq2Seq Transformer
Source index: <Seq2Seq Index with 45 items>
Target index: <Seq2Seq Index with 34 items>
Max sequence length: 800
Embedding dimension: 64
Feedforward dimension: 64
Encoder layers: 4
Decoder layers: 2
Attention heads: 4
Activation: relu
Dropout: 0.2
Trainable parameters: 243,554

Training started
X_train.shape: torch.Size([3063, 649])
Y_train.shape: torch.Size([3063, 7])
X_dev.shape: torch.Size([558, 702])
Y_dev.shape: torch.Size([558, 7])
Epochs: 500
Learning rate: 0.001
Weight decay: 1e-05
Epoch | Train                 | Development           | Minutes
      | Loss     | Error Rate | Loss     | Error Rate |
---------------------------------------------------------------
    1 |   1.9196 |     52.644 |   1.3614 |     43.877 |     0.1
    2 |   1.3765 |     45.897 |   1.2783 |     43.369 |     0.3
    3 |   1.3149 |     45.353 |   1.2381 |     43.608 |     0.4
    4 |   1.2750 |     44.537 |   1.2043 |     42.593 |     0.6
    5 |   1.2421 |     43.601 |   1.1826 |     42.085 |     0.7
    6 |   1.2207 |     43.285 |   1.1921 |     41.816 |     0.9
    7 |   1.2056 |     42.453 |   1.1526 |     41.876 |     1.0
    8 |   1.1827 |     41.550 |   1.1618 |     40.771 |     1.1
    9 |   1.1665 |     41.120 |   1.1388 |     40.890 |     1.3
   10 |   1.1500 |     40.407 |   1.1323 |     39.904 |     1.4
   11 |   1.1370 |     40.059 |   1.1274 |     39.068 |     1.6
   12 |   1.1173 |     39.351 |   1.1194 |     39.845 |     1.7
   13 |   1.1032 |     38.824 |   1.1311 |     40.084 |     1.9
   14 |   1.0891 |     38.824 |   1.1148 |     38.710 |     2.0
   15 |   1.0747 |     38.187 |   1.1617 |     40.352 |     2.2
   16 |   1.0525 |     36.946 |   1.1268 |     39.217 |     2.3
   17 |   1.0470 |     36.609 |   1.1223 |     39.695 |     2.5
   18 |   1.0306 |     36.206 |   1.1128 |     39.307 |     2.6
   19 |   1.0147 |     35.515 |   1.1086 |     39.397 |     2.8
   20 |   1.0111 |     35.564 |   1.1311 |     40.084 |     2.9
   21 |   0.9929 |     34.862 |   1.0990 |     38.321 |     3.1
   22 |   0.9726 |     33.769 |   1.1320 |     38.441 |     3.2
   23 |   0.9647 |     33.573 |   1.1463 |     39.606 |     3.4
   24 |   0.9554 |     33.562 |   1.1170 |     38.172 |     3.5
   25 |   0.9320 |     32.642 |   1.1286 |     38.710 |     3.7
Early stopping

Model: Seq2Seq Transformer
Source index: <Seq2Seq Index with 45 items>
Target index: <Seq2Seq Index with 34 items>
Max sequence length: 800
Embedding dimension: 64
Feedforward dimension: 128
Encoder layers: 2
Decoder layers: 4
Attention heads: 4
Activation: relu
Dropout: 0.0
Trainable parameters: 326,626

Training started
X_train.shape: torch.Size([3063, 649])
Y_train.shape: torch.Size([3063, 7])
X_dev.shape: torch.Size([558, 702])
Y_dev.shape: torch.Size([558, 7])
Epochs: 500
Learning rate: 0.0001
Weight decay: 1e-05
Epoch | Train                 | Development           | Minutes
      | Loss     | Error Rate | Loss     | Error Rate |
---------------------------------------------------------------
    1 |   2.4259 |     58.875 |   1.7776 |     45.579 |     0.1
    2 |   1.6533 |     46.251 |   1.5439 |     44.713 |     0.2
    3 |   1.5012 |     45.435 |   1.4429 |     44.355 |     0.3
    4 |   1.4224 |     44.738 |   1.3764 |     43.459 |     0.4
    5 |   1.3647 |     43.704 |   1.3267 |     42.384 |     0.5
    6 |   1.3184 |     42.687 |   1.2866 |     41.816 |     0.6
    7 |   1.2809 |     41.871 |   1.2610 |     41.487 |     0.7
    8 |   1.2478 |     41.321 |   1.2307 |     40.711 |     0.8
    9 |   1.2212 |     40.717 |   1.2078 |     40.711 |     0.9
   10 |   1.1966 |     40.140 |   1.1773 |     39.695 |     1.0
   11 |   1.1698 |     39.526 |   1.1642 |     40.114 |     1.0
   12 |   1.1480 |     38.726 |   1.1553 |     39.725 |     1.1
   13 |   1.1285 |     37.833 |   1.1339 |     39.247 |     1.2
   14 |   1.1052 |     37.278 |   1.1121 |     38.321 |     1.3
   15 |   1.0879 |     36.571 |   1.1046 |     37.814 |     1.4
   16 |   1.0692 |     36.070 |   1.0967 |     37.814 |     1.5
   17 |   1.0546 |     35.542 |   1.0798 |     36.380 |     1.6
   18 |   1.0355 |     34.764 |   1.0714 |     35.992 |     1.7
   19 |   1.0159 |     34.111 |   1.0599 |     35.872 |     1.8
   20 |   1.0007 |     33.823 |   1.0530 |     35.335 |     1.9
   21 |   0.9824 |     33.099 |   1.0469 |     34.409 |     2.0
   22 |   0.9681 |     32.550 |   1.0322 |     35.096 |     2.1
   23 |   0.9515 |     31.777 |   1.0262 |     34.020 |     2.2
   24 |   0.9377 |     31.304 |   1.0154 |     34.020 |     2.3
   25 |   0.9240 |     31.342 |   1.0093 |     33.632 |     2.4
   26 |   0.9052 |     30.395 |   1.0060 |     33.841 |     2.5
   27 |   0.8922 |     30.123 |   0.9917 |     33.274 |     2.6
   28 |   0.8797 |     29.731 |   1.0004 |     33.841 |     2.7
   29 |   0.8668 |     29.367 |   0.9919 |     32.766 |     2.8
   30 |   0.8565 |     29.154 |   0.9860 |     33.124 |     2.9
   31 |   0.8405 |     28.311 |   0.9744 |     32.855 |     3.0
   32 |   0.8296 |     27.800 |   0.9743 |     32.676 |     3.1
   33 |   0.8141 |     27.288 |   0.9733 |     32.796 |     3.2
   34 |   0.8032 |     27.081 |   0.9797 |     31.989 |     3.3
   35 |   0.7924 |     26.771 |   0.9728 |     32.168 |     3.3
   36 |   0.7848 |     26.505 |   0.9640 |     32.079 |     3.4
   37 |   0.7725 |     26.020 |   0.9883 |     32.407 |     3.5
   38 |   0.7586 |     25.574 |   0.9762 |     32.139 |     3.6
   39 |   0.7459 |     24.965 |   0.9569 |     31.810 |     3.7
   40 |   0.7345 |     24.551 |   0.9719 |     31.452 |     3.8
   41 |   0.7254 |     24.654 |   0.9698 |     31.422 |     3.9
   42 |   0.7131 |     23.985 |   0.9657 |     31.900 |     4.0
   43 |   0.7048 |     23.626 |   0.9806 |     31.631 |     4.1
Early stopping

Model: Seq2Seq Transformer
Source index: <Seq2Seq Index with 45 items>
Target index: <Seq2Seq Index with 34 items>
Max sequence length: 800
Embedding dimension: 128
Feedforward dimension: 256
Encoder layers: 2
Decoder layers: 4
Attention heads: 4
Activation: relu
Dropout: 0.2
Trainable parameters: 1,177,506

Training started
X_train.shape: torch.Size([3063, 649])
Y_train.shape: torch.Size([3063, 7])
X_dev.shape: torch.Size([558, 702])
Y_dev.shape: torch.Size([558, 7])
Epochs: 500
Learning rate: 0.0001
Weight decay: 1e-05
Epoch | Train                 | Development           | Minutes
      | Loss     | Error Rate | Loss     | Error Rate |
---------------------------------------------------------------
    1 |   2.3886 |     60.012 |   1.5663 |     45.818 |     0.1
    2 |   1.5853 |     46.382 |   1.4052 |     44.743 |     0.2
    3 |   1.4682 |     46.131 |   1.3502 |     44.594 |     0.4
    4 |   1.4114 |     45.810 |   1.3071 |     43.937 |     0.5
    5 |   1.3715 |     45.429 |   1.2709 |     42.593 |     0.6
    6 |   1.3390 |     44.613 |   1.2551 |     43.220 |     0.7
    7 |   1.3105 |     43.868 |   1.2278 |     41.308 |     0.9
    8 |   1.2868 |     43.166 |   1.2108 |     41.308 |     1.0
    9 |   1.2662 |     42.507 |   1.1929 |     40.352 |     1.1
   10 |   1.2483 |     42.143 |   1.1778 |     40.382 |     1.2
   11 |   1.2265 |     41.577 |   1.1529 |     39.845 |     1.4
   12 |   1.2064 |     41.120 |   1.1509 |     39.636 |     1.5
   13 |   1.1915 |     40.336 |   1.1314 |     39.665 |     1.6
   14 |   1.1761 |     39.944 |   1.1200 |     38.590 |     1.7
   15 |   1.1580 |     39.645 |   1.1200 |     38.411 |     1.9
   16 |   1.1465 |     39.210 |   1.1084 |     38.471 |     2.0
   17 |   1.1314 |     38.965 |   1.1044 |     38.142 |     2.1
   18 |   1.1164 |     37.953 |   1.1038 |     38.232 |     2.2
   19 |   1.1004 |     37.627 |   1.0976 |     37.425 |     2.4
   20 |   1.0877 |     36.946 |   1.0703 |     37.157 |     2.5
   21 |   1.0764 |     37.001 |   1.0700 |     36.738 |     2.6
   22 |   1.0653 |     36.571 |   1.0643 |     36.051 |     2.7
   23 |   1.0531 |     35.722 |   1.0704 |     37.157 |     2.9
   24 |   1.0402 |     35.466 |   1.0634 |     36.320 |     3.0
   25 |   1.0323 |     34.998 |   1.0588 |     35.663 |     3.1
   26 |   1.0199 |     34.987 |   1.0519 |     35.454 |     3.2
   27 |   1.0036 |     34.318 |   1.0450 |     35.006 |     3.4
   28 |   0.9964 |     33.839 |   1.0822 |     37.276 |     3.5
   29 |   0.9899 |     33.818 |   1.0520 |     35.364 |     3.6
   30 |   0.9756 |     33.491 |   1.0662 |     36.290 |     3.7
   31 |   0.9692 |     32.958 |   1.0402 |     34.349 |     3.9
   32 |   0.9624 |     32.969 |   1.0301 |     34.707 |     4.0
   33 |   0.9487 |     32.463 |   1.0453 |     34.797 |     4.1
   34 |   0.9391 |     32.114 |   1.0515 |     34.289 |     4.2
   35 |   0.9348 |     31.989 |   1.0272 |     34.289 |     4.4
   36 |   0.9234 |     31.494 |   1.0607 |     35.723 |     4.5
   37 |   0.9086 |     31.119 |   1.0392 |     34.648 |     4.6
   38 |   0.9060 |     31.249 |   1.0478 |     34.767 |     4.7
   39 |   0.8962 |     30.498 |   1.0471 |     34.468 |     4.8
   40 |   0.8899 |     30.471 |   1.0206 |     33.094 |     5.0
   41 |   0.8730 |     29.622 |   1.0381 |     33.513 |     5.1
   42 |   0.8680 |     29.622 |   1.0304 |     33.662 |     5.2
   43 |   0.8588 |     29.410 |   1.0577 |     34.677 |     5.3
   44 |   0.8525 |     29.372 |   1.0471 |     33.662 |     5.4
Early stopping

Model: Seq2Seq Transformer
Source index: <Seq2Seq Index with 45 items>
Target index: <Seq2Seq Index with 34 items>
Max sequence length: 800
Embedding dimension: 128
Feedforward dimension: 64
Encoder layers: 4
Decoder layers: 2
Attention heads: 2
Activation: relu
Dropout: 0.1
Trainable parameters: 748,834

Training started
X_train.shape: torch.Size([3063, 649])
Y_train.shape: torch.Size([3063, 7])
X_dev.shape: torch.Size([558, 702])
Y_dev.shape: torch.Size([558, 7])
Epochs: 500
Learning rate: 0.001
Weight decay: 1e-05
Epoch | Train                 | Development           | Minutes
      | Loss     | Error Rate | Loss     | Error Rate |
---------------------------------------------------------------
    1 |   1.5811 |     48.482 |   1.2952 |     44.176 |     0.1
    2 |   1.2935 |     44.793 |   1.2126 |     43.877 |     0.3
    3 |   1.2409 |     43.960 |   1.2171 |     44.176 |     0.4
    4 |   1.2220 |     43.677 |   1.1937 |     43.578 |     0.5
    5 |   1.2034 |     42.905 |   1.1701 |     40.651 |     0.6
    6 |   1.1774 |     42.230 |   1.1479 |     41.697 |     0.8
    7 |   1.1672 |     41.887 |   1.1440 |     40.562 |     0.9
    8 |   1.1548 |     41.626 |   1.1554 |     41.756 |     1.0
    9 |   1.1447 |     41.207 |   1.1424 |     42.085 |     1.2
   10 |   1.1312 |     40.924 |   1.1391 |     41.159 |     1.3
   11 |   1.1232 |     40.630 |   1.1190 |     40.203 |     1.4
   12 |   1.1132 |     40.363 |   1.1020 |     39.845 |     1.6
   13 |   1.1096 |     39.966 |   1.1113 |     41.129 |     1.7
   14 |   1.1213 |     40.646 |   1.1125 |     41.278 |     1.8
   15 |   1.1088 |     40.527 |   1.1252 |     41.517 |     1.9
   16 |   1.1063 |     40.429 |   1.0914 |     41.278 |     2.1
   17 |   1.0982 |     40.010 |   1.0953 |     40.591 |     2.2
   18 |   1.0867 |     39.966 |   1.0785 |     38.351 |     2.3
   19 |   1.0844 |     39.885 |   1.0952 |     40.233 |     2.5
   20 |   1.0839 |     39.694 |   1.0933 |     40.771 |     2.6
   21 |   1.0845 |     39.683 |   1.1024 |     40.323 |     2.7
   22 |   1.0942 |     40.119 |   1.1153 |     42.055 |     2.9
Early stopping

Model: Seq2Seq Transformer
Source index: <Seq2Seq Index with 45 items>
Target index: <Seq2Seq Index with 34 items>
Max sequence length: 800
Embedding dimension: 64
Feedforward dimension: 256
Encoder layers: 2
Decoder layers: 4
Attention heads: 4
Activation: relu
Dropout: 0.2
Trainable parameters: 425,698

Training started
X_train.shape: torch.Size([3063, 649])
Y_train.shape: torch.Size([3063, 7])
X_dev.shape: torch.Size([558, 702])
Y_dev.shape: torch.Size([558, 7])
Epochs: 500
Learning rate: 0.0001
Weight decay: 0.0001
Epoch | Train                 | Development           | Minutes
      | Loss     | Error Rate | Loss     | Error Rate |
---------------------------------------------------------------
    1 |   2.6839 |     65.361 |   1.8548 |     44.833 |     0.1
    2 |   1.8519 |     46.605 |   1.5557 |     44.654 |     0.2
    3 |   1.6310 |     46.289 |   1.4631 |     44.713 |     0.3
    4 |   1.5378 |     46.262 |   1.4130 |     44.683 |     0.4
    5 |   1.4802 |     45.745 |   1.3728 |     44.504 |     0.5
    6 |   1.4408 |     45.935 |   1.3465 |     44.056 |     0.6
    7 |   1.4130 |     45.489 |   1.3265 |     43.578 |     0.8
    8 |   1.3895 |     44.896 |   1.3077 |     43.757 |     0.9
    9 |   1.3679 |     44.934 |   1.2978 |     43.250 |     1.0
   10 |   1.3515 |     44.646 |   1.2771 |     42.533 |     1.1
   11 |   1.3358 |     44.417 |   1.2636 |     42.682 |     1.2
   12 |   1.3218 |     44.336 |   1.2524 |     42.413 |     1.3
   13 |   1.3057 |     43.770 |   1.2420 |     42.174 |     1.4
   14 |   1.2906 |     43.220 |   1.2361 |     42.174 |     1.5
   15 |   1.2810 |     42.986 |   1.2154 |     41.428 |     1.6
   16 |   1.2678 |     42.453 |   1.1995 |     40.562 |     1.7
   17 |   1.2601 |     42.480 |   1.1939 |     40.442 |     1.8
   18 |   1.2487 |     42.126 |   1.1844 |     40.382 |     1.9
   19 |   1.2393 |     42.257 |   1.1703 |     39.785 |     2.0
   20 |   1.2329 |     41.746 |   1.1654 |     39.516 |     2.1
   21 |   1.2228 |     41.653 |   1.1576 |     39.665 |     2.2
   22 |   1.2126 |     41.033 |   1.1534 |     39.486 |     2.3
   23 |   1.2023 |     41.071 |   1.1548 |     39.456 |     2.4
   24 |   1.2032 |     41.006 |   1.1419 |     39.367 |     2.5
   25 |   1.1904 |     40.821 |   1.1320 |     38.530 |     2.6
   26 |   1.1842 |     40.587 |   1.1312 |     38.620 |     2.7
   27 |   1.1817 |     40.494 |   1.1329 |     38.650 |     2.8
   28 |   1.1682 |     40.026 |   1.1191 |     38.172 |     2.9
   29 |   1.1634 |     39.841 |   1.1182 |     38.501 |     3.0
   30 |   1.1574 |     39.689 |   1.1176 |     38.023 |     3.1
   31 |   1.1523 |     39.623 |   1.1205 |     38.919 |     3.2
   32 |   1.1462 |     39.477 |   1.1079 |     37.993 |     3.3
   33 |   1.1423 |     39.335 |   1.1041 |     37.903 |     3.4
   34 |   1.1361 |     39.123 |   1.1039 |     37.933 |     3.6
   35 |   1.1273 |     38.557 |   1.0947 |     38.023 |     3.7
   36 |   1.1225 |     38.584 |   1.0946 |     37.814 |     3.8
   37 |   1.1180 |     38.459 |   1.0917 |     37.933 |     3.9
   38 |   1.1144 |     38.094 |   1.0888 |     37.575 |     4.0
   39 |   1.1049 |     38.133 |   1.0940 |     38.321 |     4.1
   40 |   1.0969 |     37.507 |   1.0775 |     37.127 |     4.2
   41 |   1.0977 |     37.790 |   1.0808 |     37.425 |     4.3
   42 |   1.0940 |     37.850 |   1.0730 |     37.276 |     4.4
   43 |   1.0886 |     37.257 |   1.0711 |     37.037 |     4.5
   44 |   1.0812 |     36.990 |   1.0684 |     37.037 |     4.6
   45 |   1.0787 |     36.576 |   1.0622 |     37.276 |     4.7
   46 |   1.0698 |     36.511 |   1.0674 |     36.977 |     4.8
   47 |   1.0661 |     36.364 |   1.0566 |     36.798 |     4.9
   48 |   1.0584 |     36.250 |   1.0633 |     37.306 |     5.0
   49 |   1.0588 |     35.885 |   1.0508 |     36.231 |     5.1
   50 |   1.0540 |     36.054 |   1.0621 |     36.888 |     5.2
   51 |   1.0503 |     36.125 |   1.0577 |     36.858 |     5.3
   52 |   1.0455 |     35.902 |   1.0436 |     36.410 |     5.4
   53 |   1.0402 |     35.722 |   1.0565 |     37.097 |     5.5
   54 |   1.0315 |     35.129 |   1.0516 |     36.529 |     5.6
   55 |   1.0275 |     35.091 |   1.0553 |     36.708 |     5.7
   56 |   1.0285 |     35.064 |   1.0435 |     36.022 |     5.8
   57 |   1.0198 |     35.031 |   1.0370 |     35.872 |     5.9
   58 |   1.0149 |     34.476 |   1.0351 |     35.544 |     6.0
   59 |   1.0157 |     34.781 |   1.0342 |     35.693 |     6.1
   60 |   1.0023 |     34.422 |   1.0332 |     35.633 |     6.2
   61 |   1.0004 |     34.073 |   1.0284 |     35.185 |     6.3
   62 |   0.9976 |     34.209 |   1.0297 |     35.484 |     6.4
   63 |   0.9919 |     34.106 |   1.0301 |     35.066 |     6.5
   64 |   0.9903 |     33.709 |   1.0263 |     35.424 |     6.6
   65 |   0.9865 |     34.030 |   1.0290 |     35.394 |     6.8
   66 |   0.9825 |     33.546 |   1.0239 |     35.185 |     6.9
   67 |   0.9800 |     33.497 |   1.0211 |     34.857 |     7.0
   68 |   0.9763 |     33.366 |   1.0254 |     35.484 |     7.1
   69 |   0.9726 |     33.257 |   1.0176 |     34.319 |     7.2
   70 |   0.9682 |     32.844 |   1.0162 |     34.110 |     7.3
   71 |   0.9586 |     32.708 |   1.0240 |     34.737 |     7.4
   72 |   0.9606 |     32.588 |   1.0202 |     34.558 |     7.5
   73 |   0.9553 |     32.566 |   1.0252 |     34.767 |     7.6
   74 |   0.9540 |     32.452 |   1.0175 |     34.170 |     7.7
Early stopping

Model: Seq2Seq Transformer
Source index: <Seq2Seq Index with 45 items>
Target index: <Seq2Seq Index with 34 items>
Max sequence length: 800
Embedding dimension: 64
Feedforward dimension: 64
Encoder layers: 2
Decoder layers: 4
Attention heads: 2
Activation: relu
Dropout: 0.2
Trainable parameters: 277,090

Training started
X_train.shape: torch.Size([3063, 649])
Y_train.shape: torch.Size([3063, 7])
X_dev.shape: torch.Size([558, 702])
Y_dev.shape: torch.Size([558, 7])
Epochs: 500
Learning rate: 0.001
Weight decay: 0.0001
Epoch | Train                 | Development           | Minutes
      | Loss     | Error Rate | Loss     | Error Rate |
---------------------------------------------------------------
    1 |   2.0060 |     55.409 |   1.3860 |     44.654 |     0.1
    2 |   1.4117 |     46.099 |   1.3178 |     44.534 |     0.1
    3 |   1.3480 |     45.293 |   1.2681 |     43.339 |     0.2
    4 |   1.3006 |     43.699 |   1.2175 |     42.085 |     0.3
    5 |   1.2665 |     43.313 |   1.1998 |     40.800 |     0.4
    6 |   1.2307 |     42.404 |   1.1513 |     40.143 |     0.4
    7 |   1.2022 |     41.827 |   1.1549 |     40.412 |     0.5
    8 |   1.1775 |     40.777 |   1.1230 |     39.277 |     0.6
    9 |   1.1559 |     40.102 |   1.1206 |     38.053 |     0.7
   10 |   1.1341 |     39.221 |   1.1141 |     38.471 |     0.7
   11 |   1.1118 |     38.802 |   1.1091 |     38.799 |     0.8
   12 |   1.0947 |     37.665 |   1.0897 |     38.292 |     0.9
   13 |   1.0760 |     37.289 |   1.1007 |     37.694 |     1.0
   14 |   1.0626 |     37.077 |   1.0630 |     36.918 |     1.0
   15 |   1.0436 |     36.103 |   1.0625 |     37.127 |     1.1
   16 |   1.0258 |     35.624 |   1.0684 |     35.812 |     1.2
   17 |   1.0070 |     34.819 |   1.0571 |     36.649 |     1.2
   18 |   0.9886 |     34.296 |   1.0374 |     35.693 |     1.3
   19 |   0.9780 |     34.275 |   1.0497 |     35.783 |     1.4
   20 |   0.9687 |     33.540 |   1.0420 |     35.693 |     1.5
   21 |   0.9472 |     33.040 |   1.0497 |     34.767 |     1.5
   22 |   0.9338 |     32.310 |   1.0485 |     35.573 |     1.6
Early stopping

Model: Seq2Seq Transformer
Source index: <Seq2Seq Index with 45 items>
Target index: <Seq2Seq Index with 34 items>
Max sequence length: 800
Embedding dimension: 128
Feedforward dimension: 128
Encoder layers: 2
Decoder layers: 2
Attention heads: 4
Activation: relu
Dropout: 0.0
Trainable parameters: 648,354

Training started
X_train.shape: torch.Size([3063, 649])
Y_train.shape: torch.Size([3063, 7])
X_dev.shape: torch.Size([558, 702])
Y_dev.shape: torch.Size([558, 7])
Epochs: 500
Learning rate: 0.0001
Weight decay: 0.0001
Epoch | Train                 | Development           | Minutes
      | Loss     | Error Rate | Loss     | Error Rate |
---------------------------------------------------------------
    1 |   2.0816 |     52.133 |   1.5387 |     45.400 |     0.1
    2 |   1.4625 |     45.669 |   1.3695 |     44.205 |     0.2
    3 |   1.3570 |     44.194 |   1.3132 |     43.339 |     0.3
    4 |   1.2949 |     42.622 |   1.2641 |     42.294 |     0.4
    5 |   1.2471 |     41.620 |   1.2220 |     41.368 |     0.4
    6 |   1.2019 |     40.554 |   1.1869 |     39.456 |     0.5
    7 |   1.1637 |     39.308 |   1.1551 |     38.321 |     0.6
    8 |   1.1316 |     38.372 |   1.1395 |     38.650 |     0.7
    9 |   1.0994 |     37.463 |   1.1122 |     37.276 |     0.8
   10 |   1.0732 |     36.375 |   1.1180 |     38.620 |     0.9
   11 |   1.0450 |     35.635 |   1.0925 |     37.216 |     1.0
   12 |   1.0199 |     34.715 |   1.0666 |     36.977 |     1.1
   13 |   0.9924 |     33.431 |   1.0706 |     36.589 |     1.2
   14 |   0.9692 |     32.615 |   1.0581 |     37.037 |     1.3
   15 |   0.9467 |     31.772 |   1.0389 |     35.006 |     1.4
   16 |   0.9231 |     30.841 |   1.0364 |     35.573 |     1.5
   17 |   0.8977 |     30.422 |   1.0176 |     35.305 |     1.5
   18 |   0.8780 |     29.454 |   1.0181 |     34.498 |     1.6
   19 |   0.8530 |     28.725 |   1.0087 |     33.811 |     1.7
   20 |   0.8329 |     27.734 |   0.9893 |     33.662 |     1.8
   21 |   0.8077 |     27.016 |   0.9986 |     33.901 |     1.9
   22 |   0.7888 |     26.553 |   0.9945 |     32.766 |     2.0
   23 |   0.7678 |     25.667 |   1.0022 |     34.050 |     2.1
   24 |   0.7482 |     25.014 |   0.9856 |     32.258 |     2.2
   25 |   0.7310 |     24.263 |   0.9809 |     33.572 |     2.3
   26 |   0.7119 |     23.762 |   0.9999 |     33.811 |     2.4
   27 |   0.6911 |     22.968 |   0.9825 |     32.079 |     2.5
   28 |   0.6748 |     22.598 |   0.9869 |     32.796 |     2.5
   29 |   0.6514 |     21.667 |   1.0065 |     33.154 |     2.6
Early stopping

Model: Seq2Seq Transformer
Source index: <Seq2Seq Index with 45 items>
Target index: <Seq2Seq Index with 34 items>
Max sequence length: 800
Embedding dimension: 128
Feedforward dimension: 128
Encoder layers: 4
Decoder layers: 3
Attention heads: 2
Activation: relu
Dropout: 0.0
Trainable parameters: 1,013,410

Training started
X_train.shape: torch.Size([3063, 649])
Y_train.shape: torch.Size([3063, 7])
X_dev.shape: torch.Size([558, 702])
Y_dev.shape: torch.Size([558, 7])
Epochs: 500
Learning rate: 0.001
Weight decay: 1e-05
Epoch | Train                 | Development           | Minutes
      | Loss     | Error Rate | Loss     | Error Rate |
---------------------------------------------------------------
    1 |   1.4960 |     46.920 |   1.2541 |     43.459 |     0.1
    2 |   1.2518 |     44.281 |   1.1861 |     43.638 |     0.3
    3 |   1.1904 |     42.758 |   1.1688 |     43.280 |     0.4
    4 |   1.1458 |     40.777 |   1.1502 |     41.517 |     0.5
    5 |   1.1206 |     40.146 |   1.1292 |     40.860 |     0.7
    6 |   1.0971 |     39.727 |   1.1036 |     40.024 |     0.8
    7 |   1.0776 |     39.297 |   1.0791 |     39.068 |     0.9
    8 |   1.0586 |     38.356 |   1.0964 |     40.233 |     1.0
    9 |   1.0530 |     38.769 |   1.0779 |     38.769 |     1.2
   10 |   1.0369 |     37.888 |   1.0644 |     39.576 |     1.3
   11 |   1.0323 |     38.111 |   1.0688 |     40.442 |     1.4
   12 |   1.0263 |     37.637 |   1.0562 |     38.471 |     1.6
   13 |   1.0164 |     37.175 |   1.0615 |     37.216 |     1.7
   14 |   1.0103 |     36.990 |   1.1089 |     40.263 |     1.8
   15 |   1.0052 |     36.674 |   1.0565 |     38.650 |     2.0
   16 |   0.9875 |     36.397 |   1.0498 |     37.455 |     2.1
   17 |   0.9857 |     36.342 |   1.0499 |     37.336 |     2.2
   18 |   0.9804 |     36.065 |   1.0405 |     37.575 |     2.4
   19 |   0.9738 |     35.695 |   1.0391 |     36.260 |     2.5
   20 |   0.9693 |     35.630 |   1.0479 |     37.784 |     2.6
   21 |   0.9596 |     35.140 |   1.0174 |     37.605 |     2.8
   22 |   0.9473 |     34.699 |   1.0428 |     37.127 |     2.9
   23 |   0.9579 |     35.102 |   1.0314 |     38.650 |     3.0
   24 |   0.9611 |     35.325 |   1.0193 |     36.559 |     3.2
   25 |   0.9391 |     34.139 |   1.0245 |     36.589 |     3.3
Early stopping

Model: Seq2Seq Transformer
Source index: <Seq2Seq Index with 45 items>
Target index: <Seq2Seq Index with 34 items>
Max sequence length: 800
Embedding dimension: 128
Feedforward dimension: 256
Encoder layers: 4
Decoder layers: 4
Attention heads: 4
Activation: relu
Dropout: 0.2
Trainable parameters: 1,442,466

Training started
X_train.shape: torch.Size([3063, 649])
Y_train.shape: torch.Size([3063, 7])
X_dev.shape: torch.Size([558, 702])
Y_dev.shape: torch.Size([558, 7])
Epochs: 500
Learning rate: 0.0001
Weight decay: 0.0001
Epoch | Train                 | Development           | Minutes
      | Loss     | Error Rate | Loss     | Error Rate |
---------------------------------------------------------------
    1 |   2.3038 |     57.416 |   1.5293 |     45.400 |     0.2
    2 |   1.5768 |     46.322 |   1.4012 |     44.654 |     0.4
    3 |   1.4630 |     45.984 |   1.3436 |     44.355 |     0.6
    4 |   1.4080 |     45.413 |   1.3222 |     43.369 |     0.8
    5 |   1.3660 |     44.700 |   1.2730 |     42.891 |     1.0
    6 |   1.3389 |     43.889 |   1.2514 |     41.697 |     1.2
    7 |   1.3155 |     43.460 |   1.2257 |     40.024 |     1.4
    8 |   1.2947 |     43.133 |   1.2204 |     40.502 |     1.6
    9 |   1.2724 |     42.377 |   1.2100 |     40.980 |     1.8
   10 |   1.2526 |     41.789 |   1.1948 |     39.397 |     2.0
   11 |   1.2326 |     41.196 |   1.1813 |     39.397 |     2.2
   12 |   1.2119 |     41.060 |   1.1643 |     38.769 |     2.4
   13 |   1.1998 |     40.630 |   1.1543 |     37.963 |     2.6
   14 |   1.1825 |     39.765 |   1.1583 |     39.606 |     2.8
   15 |   1.1685 |     39.711 |   1.1326 |     37.724 |     3.0
   16 |   1.1497 |     39.058 |   1.1173 |     37.664 |     3.1
   17 |   1.1310 |     38.290 |   1.1088 |     37.157 |     3.3
   18 |   1.1200 |     37.948 |   1.1013 |     36.410 |     3.5
   19 |   1.1028 |     37.273 |   1.1170 |     37.515 |     3.7
   20 |   1.0885 |     36.484 |   1.0985 |     36.798 |     3.9
   21 |   1.0760 |     36.326 |   1.0997 |     36.828 |     4.1
   22 |   1.0551 |     35.657 |   1.0979 |     36.977 |     4.3
   23 |   1.0482 |     35.499 |   1.0889 |     36.350 |     4.5
   24 |   1.0307 |     34.786 |   1.0921 |     36.619 |     4.7
   25 |   1.0190 |     34.307 |   1.0697 |     35.812 |     4.9
   26 |   1.0002 |     33.491 |   1.0729 |     35.096 |     5.1
   27 |   0.9877 |     33.246 |   1.0647 |     35.723 |     5.3
   28 |   0.9782 |     32.827 |   1.0883 |     35.962 |     5.5
   29 |   0.9690 |     32.724 |   1.0708 |     35.783 |     5.7
   30 |   0.9526 |     32.169 |   1.0616 |     34.528 |     5.9
   31 |   0.9380 |     31.793 |   1.0608 |     33.961 |     6.1
   32 |   0.9303 |     31.102 |   1.0487 |     33.572 |     6.3
   33 |   0.9167 |     30.988 |   1.0866 |     34.946 |     6.5
   34 |   0.9076 |     30.346 |   1.0568 |     33.662 |     6.7
   35 |   0.8945 |     30.069 |   1.0638 |     34.259 |     6.9
   36 |   0.8802 |     29.845 |   1.0820 |     34.857 |     7.1
Early stopping

Model: Seq2Seq Transformer
Source index: <Seq2Seq Index with 45 items>
Target index: <Seq2Seq Index with 34 items>
Max sequence length: 800
Embedding dimension: 64
Feedforward dimension: 64
Encoder layers: 4
Decoder layers: 3
Attention heads: 4
Activation: relu
Dropout: 0.1
Trainable parameters: 285,538

Training started
X_train.shape: torch.Size([3063, 649])
Y_train.shape: torch.Size([3063, 7])
X_dev.shape: torch.Size([558, 702])
Y_dev.shape: torch.Size([558, 7])
Epochs: 500
Learning rate: 0.0001
Weight decay: 1e-05
Epoch | Train                 | Development           | Minutes
      | Loss     | Error Rate | Loss     | Error Rate |
---------------------------------------------------------------
    1 |   2.6981 |     63.990 |   2.0863 |     48.536 |     0.1
    2 |   1.9509 |     47.802 |   1.6479 |     45.221 |     0.3
    3 |   1.6618 |     46.164 |   1.5145 |     45.221 |     0.5
    4 |   1.5456 |     45.968 |   1.4348 |     45.072 |     0.6
    5 |   1.4762 |     45.690 |   1.3829 |     44.026 |     0.8
    6 |   1.4273 |     45.533 |   1.3497 |     44.863 |     0.9
    7 |   1.3948 |     45.195 |   1.3257 |     43.399 |     1.1
    8 |   1.3666 |     44.646 |   1.3115 |     42.174 |     1.2
    9 |   1.3465 |     44.472 |   1.2844 |     41.876 |     1.4
   10 |   1.3287 |     43.857 |   1.2712 |     41.876 |     1.5
   11 |   1.3122 |     43.247 |   1.2606 |     41.786 |     1.7
   12 |   1.2994 |     43.324 |   1.2477 |     41.368 |     1.8
   13 |   1.2866 |     42.910 |   1.2384 |     41.637 |     2.0
   14 |   1.2766 |     42.937 |   1.2285 |     41.010 |     2.1
   15 |   1.2632 |     42.366 |   1.2187 |     40.502 |     2.3
   16 |   1.2517 |     42.458 |   1.2064 |     40.323 |     2.4
   17 |   1.2400 |     41.876 |   1.1967 |     40.024 |     2.6
   18 |   1.2311 |     41.827 |   1.1876 |     39.665 |     2.8
   19 |   1.2231 |     41.691 |   1.1792 |     39.695 |     2.9
   20 |   1.2112 |     41.065 |   1.1699 |     39.337 |     3.1
   21 |   1.2016 |     40.973 |   1.1644 |     39.038 |     3.2
   22 |   1.1939 |     40.766 |   1.1584 |     39.546 |     3.4
   23 |   1.1848 |     40.325 |   1.1467 |     39.247 |     3.6
   24 |   1.1773 |     40.200 |   1.1357 |     38.381 |     3.7
   25 |   1.1673 |     39.542 |   1.1319 |     37.843 |     3.9
   26 |   1.1604 |     39.803 |   1.1267 |     38.949 |     4.0
   27 |   1.1495 |     39.384 |   1.1185 |     37.993 |     4.2
   28 |   1.1397 |     39.444 |   1.1105 |     37.605 |     4.3
   29 |   1.1309 |     38.562 |   1.1120 |     38.142 |     4.5
   30 |   1.1252 |     38.677 |   1.1023 |     37.157 |     4.6
   31 |   1.1200 |     38.176 |   1.0972 |     37.097 |     4.8
   32 |   1.1145 |     38.160 |   1.0906 |     36.470 |     5.0
   33 |   1.1002 |     37.724 |   1.0869 |     36.828 |     5.1
   34 |   1.0972 |     37.681 |   1.0886 |     36.410 |     5.3
   35 |   1.0919 |     37.490 |   1.0874 |     36.738 |     5.4
   36 |   1.0801 |     37.442 |   1.0729 |     36.320 |     5.6
   37 |   1.0750 |     36.827 |   1.0736 |     36.141 |     5.7
   38 |   1.0723 |     36.984 |   1.0678 |     36.708 |     5.9
   39 |   1.0652 |     36.859 |   1.0627 |     36.350 |     6.1
   40 |   1.0584 |     36.195 |   1.0626 |     35.872 |     6.2
   41 |   1.0498 |     35.836 |   1.0581 |     35.812 |     6.4
   42 |   1.0423 |     35.760 |   1.0609 |     35.603 |     6.5
   43 |   1.0403 |     35.662 |   1.0528 |     36.171 |     6.7
   44 |   1.0285 |     35.357 |   1.0424 |     34.618 |     6.8
   45 |   1.0283 |     35.428 |   1.0468 |     35.663 |     7.0
   46 |   1.0202 |     35.031 |   1.0376 |     34.737 |     7.1
   47 |   1.0110 |     34.748 |   1.0363 |     35.245 |     7.3
   48 |   1.0072 |     34.601 |   1.0421 |     35.036 |     7.5
   49 |   1.0039 |     34.378 |   1.0349 |     34.797 |     7.6
   50 |   0.9952 |     33.823 |   1.0434 |     35.603 |     7.8
   51 |   0.9921 |     34.062 |   1.0467 |     35.753 |     7.9
   52 |   0.9878 |     33.926 |   1.0329 |     35.036 |     8.1
   53 |   0.9795 |     33.812 |   1.0208 |     34.528 |     8.2
   54 |   0.9755 |     33.524 |   1.0304 |     35.096 |     8.4
   55 |   0.9709 |     33.562 |   1.0318 |     35.215 |     8.5
   56 |   0.9670 |     33.306 |   1.0187 |     34.409 |     8.7
   57 |   0.9598 |     32.778 |   1.0296 |     35.036 |     8.8
   58 |   0.9501 |     32.495 |   1.0058 |     34.259 |     9.0
   59 |   0.9489 |     32.441 |   1.0310 |     34.827 |     9.2
   60 |   0.9448 |     32.686 |   1.0066 |     33.961 |     9.3
   61 |   0.9370 |     32.017 |   1.0144 |     34.916 |     9.5
   62 |   0.9342 |     31.924 |   1.0164 |     34.558 |     9.6
   63 |   0.9308 |     32.147 |   1.0053 |     33.871 |     9.8
   64 |   0.9224 |     31.565 |   1.0186 |     35.066 |     9.9
   65 |   0.9172 |     31.413 |   1.0090 |     34.946 |    10.1
   66 |   0.9165 |     31.527 |   1.0021 |     34.140 |    10.2
   67 |   0.9120 |     31.598 |   1.0206 |     34.946 |    10.4
   68 |   0.9026 |     31.146 |   1.0117 |     35.006 |    10.5
   69 |   0.8980 |     30.689 |   1.0053 |     33.931 |    10.7
   70 |   0.8930 |     30.547 |   1.0170 |     34.349 |    10.9
Early stopping

Model: Seq2Seq Transformer
Source index: <Seq2Seq Index with 45 items>
Target index: <Seq2Seq Index with 34 items>
Max sequence length: 800
Embedding dimension: 128
Feedforward dimension: 256
Encoder layers: 4
Decoder layers: 2
Attention heads: 2
Activation: relu
Dropout: 0.1
Trainable parameters: 1,044,898

Training started
X_train.shape: torch.Size([3063, 649])
Y_train.shape: torch.Size([3063, 7])
X_dev.shape: torch.Size([558, 702])
Y_dev.shape: torch.Size([558, 7])
Epochs: 500
Learning rate: 0.001
Weight decay: 1e-05
Epoch | Train                 | Development           | Minutes
      | Loss     | Error Rate | Loss     | Error Rate |
---------------------------------------------------------------
    1 |   1.5144 |     47.415 |   1.2744 |     43.817 |     0.1
    2 |   1.2802 |     44.412 |   1.2174 |     44.654 |     0.3
    3 |   1.2356 |     43.846 |   1.1832 |     42.772 |     0.4
    4 |   1.1998 |     42.877 |   1.1566 |     42.055 |     0.6
    5 |   1.1693 |     42.099 |   1.1399 |     42.204 |     0.7
    6 |   1.1507 |     41.517 |   1.1366 |     40.532 |     0.8
    7 |   1.1371 |     40.810 |   1.1112 |     41.547 |     1.0
    8 |   1.1248 |     40.875 |   1.1155 |     40.621 |     1.1
    9 |   1.1135 |     40.168 |   1.0994 |     40.352 |     1.3
   10 |   1.1060 |     40.418 |   1.0942 |     39.785 |     1.4
   11 |   1.1025 |     40.266 |   1.1052 |     40.562 |     1.5
   12 |   1.1014 |     40.489 |   1.1141 |     40.143 |     1.7
   13 |   1.0966 |     40.255 |   1.0903 |     40.114 |     1.8
   14 |   1.0926 |     40.260 |   1.1070 |     41.577 |     2.0
   15 |   1.0809 |     39.906 |   1.0903 |     39.456 |     2.1
   16 |   1.0724 |     39.215 |   1.0743 |     39.337 |     2.2
   17 |   1.0639 |     39.438 |   1.1158 |     41.278 |     2.4
   18 |   1.0652 |     39.346 |   1.1380 |     41.398 |     2.5
   19 |   1.0636 |     38.878 |   1.0690 |     39.068 |     2.7
   20 |   1.0581 |     38.927 |   1.0668 |     39.875 |     2.8
   21 |   1.0487 |     38.318 |   1.0687 |     40.054 |     2.9
   22 |   1.0677 |     39.596 |   1.0775 |     39.815 |     3.1
   23 |   1.0645 |     39.798 |   1.0801 |     39.486 |     3.2
   24 |   1.0593 |     39.134 |   1.0770 |     39.606 |     3.4
   25 |   1.0454 |     38.503 |   1.0665 |     38.740 |     3.5
   26 |   1.0379 |     38.127 |   1.0512 |     38.381 |     3.6
   27 |   1.0583 |     39.172 |   1.1135 |     40.830 |     3.8
   28 |   1.0528 |     39.101 |   1.0748 |     39.038 |     3.9
   29 |   1.0507 |     39.030 |   1.0582 |     38.740 |     4.1
   30 |   1.0479 |     38.606 |   1.0792 |     40.920 |     4.2
Early stopping

Model: Seq2Seq Transformer
Source index: <Seq2Seq Index with 45 items>
Target index: <Seq2Seq Index with 34 items>
Max sequence length: 800
Embedding dimension: 128
Feedforward dimension: 256
Encoder layers: 2
Decoder layers: 4
Attention heads: 4
Activation: relu
Dropout: 0.1
Trainable parameters: 1,177,506

Training started
X_train.shape: torch.Size([3063, 649])
Y_train.shape: torch.Size([3063, 7])
X_dev.shape: torch.Size([558, 702])
Y_dev.shape: torch.Size([558, 7])
Epochs: 500
Learning rate: 0.0001
Weight decay: 1e-05
Epoch | Train                 | Development           | Minutes
      | Loss     | Error Rate | Loss     | Error Rate |
---------------------------------------------------------------
    1 |   2.2079 |     56.638 |   1.4937 |     45.221 |     0.1
    2 |   1.4998 |     46.006 |   1.3518 |     43.489 |     0.2
    3 |   1.3978 |     45.081 |   1.3031 |     43.787 |     0.4
    4 |   1.3416 |     44.058 |   1.2579 |     41.846 |     0.5
    5 |   1.2929 |     43.024 |   1.2218 |     41.338 |     0.6
    6 |   1.2649 |     42.350 |   1.1947 |     41.010 |     0.7
    7 |   1.2309 |     41.653 |   1.1691 |     39.606 |     0.9
    8 |   1.2060 |     41.131 |   1.1483 |     39.456 |     1.0
    9 |   1.1747 |     39.983 |   1.1380 |     39.307 |     1.1
   10 |   1.1577 |     39.765 |   1.1084 |     37.724 |     1.2
   11 |   1.1363 |     38.976 |   1.0972 |     38.560 |     1.4
   12 |   1.1146 |     37.958 |   1.0831 |     37.157 |     1.5
   13 |   1.0963 |     37.899 |   1.0736 |     36.410 |     1.6
   14 |   1.0685 |     36.653 |   1.0626 |     37.276 |     1.7
   15 |   1.0504 |     35.923 |   1.0500 |     36.350 |     1.9
   16 |   1.0261 |     35.200 |   1.0420 |     35.036 |     2.0
   17 |   1.0123 |     34.438 |   1.0289 |     35.096 |     2.1
   18 |   0.9881 |     33.437 |   1.0344 |     35.484 |     2.3
   19 |   0.9727 |     33.197 |   1.0125 |     34.259 |     2.4
   20 |   0.9594 |     32.757 |   1.0085 |     34.020 |     2.5
   21 |   0.9306 |     31.217 |   1.0128 |     33.781 |     2.7
   22 |   0.9203 |     31.293 |   1.0281 |     34.409 |     2.8
   23 |   0.9044 |     30.738 |   0.9844 |     33.453 |     2.9
   24 |   0.8819 |     29.938 |   0.9898 |     33.214 |     3.1
   25 |   0.8692 |     29.546 |   0.9864 |     32.646 |     3.2
   26 |   0.8545 |     29.105 |   0.9867 |     33.005 |     3.4
   27 |   0.8379 |     28.730 |   0.9774 |     32.557 |     3.5
   28 |   0.8244 |     27.995 |   0.9902 |     33.035 |     3.6
   29 |   0.8068 |     27.201 |   0.9761 |     32.348 |     3.7
   30 |   0.7924 |     26.804 |   0.9902 |     32.587 |     3.9
   31 |   0.7763 |     26.254 |   0.9834 |     31.930 |     4.0
   32 |   0.7670 |     26.205 |   0.9831 |     31.840 |     4.1
   33 |   0.7573 |     25.585 |   0.9671 |     31.392 |     4.3
   34 |   0.7410 |     25.046 |   0.9701 |     31.511 |     4.4
   35 |   0.7254 |     24.834 |   0.9880 |     31.422 |     4.5
   36 |   0.7165 |     24.339 |   0.9920 |     32.168 |     4.6
   37 |   0.7017 |     23.757 |   0.9938 |     31.750 |     4.8
Early stopping

Model: Seq2Seq Transformer
Source index: <Seq2Seq Index with 45 items>
Target index: <Seq2Seq Index with 34 items>
Max sequence length: 800
Embedding dimension: 64
Feedforward dimension: 128
Encoder layers: 4
Decoder layers: 3
Attention heads: 2
Activation: relu
Dropout: 0.1
Trainable parameters: 343,330

Training started
X_train.shape: torch.Size([3063, 649])
Y_train.shape: torch.Size([3063, 7])
X_dev.shape: torch.Size([558, 702])
Y_dev.shape: torch.Size([558, 7])
Epochs: 500
Learning rate: 0.0001
Weight decay: 0.0001
Epoch | Train                 | Development           | Minutes
      | Loss     | Error Rate | Loss     | Error Rate |
---------------------------------------------------------------
    1 |   2.7335 |     67.597 |   2.0172 |     47.551 |     0.1
    2 |   1.8939 |     47.225 |   1.6129 |     45.341 |     0.2
    3 |   1.6476 |     46.278 |   1.5013 |     45.251 |     0.3
    4 |   1.5445 |     46.071 |   1.4383 |     44.385 |     0.4
    5 |   1.4855 |     46.180 |   1.3962 |     44.474 |     0.5
    6 |   1.4419 |     45.544 |   1.3632 |     43.280 |     0.6
    7 |   1.4121 |     45.462 |   1.3407 |     43.459 |     0.7
    8 |   1.3866 |     44.912 |   1.3218 |     43.459 |     0.9
    9 |   1.3662 |     44.570 |   1.3032 |     42.503 |     1.0
   10 |   1.3460 |     44.374 |   1.2845 |     42.324 |     1.1
   11 |   1.3258 |     43.868 |   1.2652 |     41.069 |     1.2
   12 |   1.3091 |     43.188 |   1.2591 |     41.667 |     1.3
   13 |   1.2940 |     42.905 |   1.2488 |     40.980 |     1.4
   14 |   1.2803 |     42.360 |   1.2322 |     40.502 |     1.5
   15 |   1.2640 |     42.208 |   1.2223 |     40.562 |     1.6
   16 |   1.2536 |     42.148 |   1.2095 |     40.532 |     1.7
   17 |   1.2385 |     41.593 |   1.1951 |     40.233 |     1.8
   18 |   1.2308 |     41.223 |   1.1880 |     40.084 |     1.9
   19 |   1.2154 |     41.033 |   1.1772 |     40.233 |     2.0
   20 |   1.2036 |     40.744 |   1.1603 |     38.710 |     2.2
   21 |   1.1933 |     40.374 |   1.1539 |     38.799 |     2.3
   22 |   1.1849 |     40.081 |   1.1442 |     38.501 |     2.4
   23 |   1.1770 |     40.124 |   1.1388 |     37.963 |     2.5
   24 |   1.1606 |     39.498 |   1.1348 |     37.873 |     2.6
   25 |   1.1537 |     38.916 |   1.1237 |     37.784 |     2.7
   26 |   1.1440 |     38.862 |   1.1232 |     38.441 |     2.8
   27 |   1.1343 |     38.285 |   1.1113 |     37.336 |     2.9
   28 |   1.1245 |     38.742 |   1.1071 |     36.977 |     3.0
   29 |   1.1165 |     37.926 |   1.0980 |     37.037 |     3.1
   30 |   1.1128 |     37.997 |   1.0852 |     36.470 |     3.2
   31 |   1.1025 |     37.714 |   1.0852 |     36.858 |     3.3
   32 |   1.0926 |     37.393 |   1.0775 |     36.619 |     3.5
   33 |   1.0847 |     37.137 |   1.0715 |     37.306 |     3.6
   34 |   1.0810 |     36.870 |   1.0722 |     37.276 |     3.7
   35 |   1.0699 |     36.337 |   1.0665 |     36.679 |     3.8
   36 |   1.0712 |     36.707 |   1.0558 |     36.738 |     3.9
   37 |   1.0562 |     35.782 |   1.0551 |     36.918 |     4.0
   38 |   1.0535 |     35.978 |   1.0540 |     36.559 |     4.1
   39 |   1.0441 |     35.961 |   1.0466 |     35.902 |     4.2
   40 |   1.0405 |     35.526 |   1.0442 |     35.932 |     4.3
   41 |   1.0347 |     35.270 |   1.0361 |     35.842 |     4.4
   42 |   1.0255 |     35.058 |   1.0447 |     36.858 |     4.5
   43 |   1.0217 |     34.775 |   1.0342 |     36.320 |     4.6
   44 |   1.0160 |     34.715 |   1.0239 |     35.275 |     4.7
   45 |   1.0037 |     34.296 |   1.0182 |     35.275 |     4.9
   46 |   1.0003 |     34.226 |   1.0292 |     36.171 |     5.0
   47 |   0.9955 |     34.367 |   1.0109 |     34.707 |     5.1
   48 |   0.9926 |     34.079 |   1.0112 |     35.335 |     5.2
   49 |   0.9856 |     33.578 |   1.0097 |     34.648 |     5.3
   50 |   0.9765 |     33.426 |   1.0081 |     35.663 |     5.4
   51 |   0.9739 |     32.958 |   1.0112 |     35.036 |     5.5
   52 |   0.9670 |     33.110 |   1.0095 |     35.723 |     5.6
   53 |   0.9643 |     32.893 |   1.0027 |     34.289 |     5.7
   54 |   0.9589 |     32.729 |   1.0078 |     35.484 |     5.8
   55 |   0.9582 |     32.550 |   0.9974 |     34.857 |     5.9
   56 |   0.9486 |     32.087 |   0.9868 |     33.961 |     6.0
   57 |   0.9420 |     32.120 |   0.9955 |     34.737 |     6.2
   58 |   0.9401 |     31.935 |   0.9897 |     34.020 |     6.3
   59 |   0.9371 |     31.940 |   0.9891 |     34.080 |     6.4
   60 |   0.9318 |     31.717 |   0.9906 |     34.528 |     6.5
Early stopping

Model: Seq2Seq Transformer
Source index: <Seq2Seq Index with 45 items>
Target index: <Seq2Seq Index with 34 items>
Max sequence length: 800
Embedding dimension: 128
Feedforward dimension: 256
Encoder layers: 4
Decoder layers: 4
Attention heads: 2
Activation: relu
Dropout: 0.0
Trainable parameters: 1,442,466

Training started
X_train.shape: torch.Size([3063, 649])
Y_train.shape: torch.Size([3063, 7])
X_dev.shape: torch.Size([558, 702])
Y_dev.shape: torch.Size([558, 7])
Epochs: 500
Learning rate: 0.0001
Weight decay: 1e-05
Epoch | Train                 | Development           | Minutes
      | Loss     | Error Rate | Loss     | Error Rate |
---------------------------------------------------------------
    1 |   1.9155 |     51.703 |   1.4354 |     45.400 |     0.1
    2 |   1.3771 |     44.434 |   1.3251 |     43.608 |     0.3
    3 |   1.2920 |     42.861 |   1.2480 |     41.487 |     0.4
    4 |   1.2322 |     41.212 |   1.2047 |     40.681 |     0.6
    5 |   1.1868 |     40.146 |   1.1642 |     39.038 |     0.7
    6 |   1.1399 |     38.894 |   1.1219 |     37.814 |     0.9
    7 |   1.0986 |     37.246 |   1.1082 |     37.784 |     1.0
    8 |   1.0606 |     35.929 |   1.0845 |     36.499 |     1.2
    9 |   1.0177 |     34.416 |   1.0793 |     37.127 |     1.3
   10 |   0.9865 |     33.219 |   1.0341 |     35.125 |     1.5
   11 |   0.9526 |     31.913 |   1.0267 |     34.946 |     1.6
   12 |   0.9161 |     31.043 |   1.0103 |     34.349 |     1.8
   13 |   0.8818 |     29.807 |   0.9806 |     33.244 |     1.9
   14 |   0.8529 |     28.855 |   0.9889 |     33.393 |     2.0
   15 |   0.8208 |     27.538 |   0.9847 |     32.826 |     2.2
   16 |   0.7863 |     26.287 |   0.9664 |     32.915 |     2.3
   17 |   0.7568 |     25.634 |   0.9586 |     32.168 |     2.5
   18 |   0.7284 |     24.796 |   0.9553 |     31.870 |     2.6
   19 |   0.6945 |     23.289 |   0.9597 |     32.796 |     2.8
   20 |   0.6629 |     22.157 |   0.9673 |     31.661 |     2.9
   21 |   0.6349 |     21.335 |   0.9642 |     31.063 |     3.1
   22 |   0.6027 |     20.040 |   0.9469 |     30.944 |     3.2
   23 |   0.5705 |     18.941 |   0.9665 |     30.974 |     3.4
   24 |   0.5464 |     18.103 |   0.9993 |     31.302 |     3.5
   25 |   0.5241 |     17.613 |   0.9662 |     30.167 |     3.7
   26 |   0.4981 |     16.634 |   1.0665 |     32.407 |     3.8
Early stopping

Model: Seq2Seq Transformer
Source index: <Seq2Seq Index with 45 items>
Target index: <Seq2Seq Index with 34 items>
Max sequence length: 800
Embedding dimension: 128
Feedforward dimension: 64
Encoder layers: 4
Decoder layers: 2
Attention heads: 2
Activation: relu
Dropout: 0.0
Trainable parameters: 748,834

Training started
X_train.shape: torch.Size([3063, 649])
Y_train.shape: torch.Size([3063, 7])
X_dev.shape: torch.Size([558, 702])
Y_dev.shape: torch.Size([558, 7])
Epochs: 500
Learning rate: 0.0001
Weight decay: 1e-05
Epoch | Train                 | Development           | Minutes
      | Loss     | Error Rate | Loss     | Error Rate |
---------------------------------------------------------------
    1 |   2.2109 |     55.164 |   1.6168 |     45.221 |     0.1
    2 |   1.4971 |     45.457 |   1.4043 |     43.877 |     0.2
    3 |   1.3767 |     43.770 |   1.3227 |     42.563 |     0.4
    4 |   1.3185 |     42.866 |   1.2786 |     41.965 |     0.5
    5 |   1.2752 |     42.001 |   1.2364 |     41.069 |     0.6
    6 |   1.2345 |     41.299 |   1.2157 |     40.950 |     0.7
    7 |   1.2024 |     40.320 |   1.1818 |     39.337 |     0.9
    8 |   1.1700 |     39.330 |   1.1727 |     39.725 |     1.0
    9 |   1.1402 |     38.241 |   1.1472 |     38.650 |     1.1
   10 |   1.1115 |     37.305 |   1.1344 |     38.262 |     1.2
   11 |   1.0831 |     36.473 |   1.1170 |     37.186 |     1.4
   12 |   1.0499 |     35.118 |   1.0935 |     36.798 |     1.5
   13 |   1.0233 |     34.106 |   1.1060 |     37.186 |     1.6
   14 |   0.9922 |     33.121 |   1.0904 |     37.395 |     1.7
   15 |   0.9601 |     31.755 |   1.0795 |     37.067 |     1.8
   16 |   0.9372 |     31.543 |   1.0628 |     35.902 |     2.0
   17 |   0.8985 |     29.845 |   1.0644 |     36.201 |     2.1
   18 |   0.8708 |     28.855 |   1.0700 |     35.544 |     2.2
   19 |   0.8431 |     27.952 |   1.0564 |     35.335 |     2.3
   20 |   0.8129 |     26.831 |   1.0532 |     34.438 |     2.5
   21 |   0.7805 |     25.759 |   1.0698 |     34.886 |     2.6
   22 |   0.7597 |     24.818 |   1.0902 |     35.603 |     2.7
   23 |   0.7307 |     23.887 |   1.0777 |     34.468 |     2.8
   24 |   0.7003 |     22.674 |   1.0989 |     34.767 |     3.0
Early stopping

Model: Seq2Seq Transformer
Source index: <Seq2Seq Index with 45 items>
Target index: <Seq2Seq Index with 34 items>
Max sequence length: 800
Embedding dimension: 128
Feedforward dimension: 256
Encoder layers: 2
Decoder layers: 4
Attention heads: 4
Activation: relu
Dropout: 0.0
Trainable parameters: 1,177,506

Training started
X_train.shape: torch.Size([3063, 649])
Y_train.shape: torch.Size([3063, 7])
X_dev.shape: torch.Size([558, 702])
Y_dev.shape: torch.Size([558, 7])
Epochs: 500
Learning rate: 0.0001
Weight decay: 0.0001
Epoch | Train                 | Development           | Minutes
      | Loss     | Error Rate | Loss     | Error Rate |
---------------------------------------------------------------
    1 |   1.9103 |     50.849 |   1.4330 |     44.564 |     0.1
    2 |   1.3781 |     44.385 |   1.3151 |     42.742 |     0.2
    3 |   1.2878 |     42.061 |   1.2592 |     42.264 |     0.3
    4 |   1.2295 |     41.299 |   1.2025 |     40.621 |     0.4
    5 |   1.1854 |     40.168 |   1.1700 |     39.307 |     0.6
    6 |   1.1425 |     38.709 |   1.1413 |     38.710 |     0.7
    7 |   1.0985 |     37.267 |   1.1241 |     38.501 |     0.8
    8 |   1.0707 |     36.614 |   1.1033 |     38.262 |     0.9
    9 |   1.0357 |     35.189 |   1.0771 |     36.141 |     1.0
   10 |   1.0057 |     34.286 |   1.0569 |     36.320 |     1.1
   11 |   0.9766 |     33.192 |   1.0290 |     34.767 |     1.2
   12 |   0.9503 |     32.017 |   1.0160 |     35.454 |     1.4
   13 |   0.9153 |     30.923 |   1.0052 |     34.528 |     1.5
   14 |   0.8845 |     29.758 |   0.9889 |     33.841 |     1.6
   15 |   0.8632 |     29.426 |   0.9869 |     33.124 |     1.7
   16 |   0.8346 |     27.952 |   0.9654 |     32.796 |     1.8
   17 |   0.8040 |     27.108 |   0.9795 |     33.990 |     1.9
   18 |   0.7742 |     25.917 |   0.9552 |     31.750 |     2.0
   19 |   0.7507 |     25.193 |   0.9725 |     32.109 |     2.1
   20 |   0.7241 |     23.898 |   0.9452 |     31.063 |     2.3
   21 |   0.6936 |     23.169 |   0.9458 |     31.033 |     2.4
   22 |   0.6709 |     22.239 |   0.9396 |     31.243 |     2.5
   23 |   0.6408 |     21.074 |   0.9515 |     31.481 |     2.6
   24 |   0.6225 |     20.628 |   0.9515 |     31.332 |     2.7
   25 |   0.5931 |     19.665 |   0.9401 |     30.735 |     2.9
   26 |   0.5648 |     18.631 |   0.9646 |     30.526 |     3.0
Early stopping

Model: Seq2Seq Transformer
Source index: <Seq2Seq Index with 45 items>
Target index: <Seq2Seq Index with 34 items>
Max sequence length: 800
Embedding dimension: 64
Feedforward dimension: 256
Encoder layers: 2
Decoder layers: 2
Attention heads: 2
Activation: relu
Dropout: 0.2
Trainable parameters: 292,194

Training started
X_train.shape: torch.Size([3063, 649])
Y_train.shape: torch.Size([3063, 7])
X_dev.shape: torch.Size([558, 702])
Y_dev.shape: torch.Size([558, 7])
Epochs: 500
Learning rate: 0.0001
Weight decay: 0.0001
Epoch | Train                 | Development           | Minutes
      | Loss     | Error Rate | Loss     | Error Rate |
---------------------------------------------------------------
    1 |   2.7532 |     63.652 |   1.9562 |     48.387 |     0.1
    2 |   1.9347 |     47.916 |   1.6103 |     45.490 |     0.1
    3 |   1.6782 |     46.616 |   1.4961 |     44.654 |     0.2
    4 |   1.5670 |     46.365 |   1.4399 |     44.624 |     0.3
    5 |   1.5052 |     45.990 |   1.3993 |     44.683 |     0.3
    6 |   1.4628 |     45.865 |   1.3670 |     44.146 |     0.4
    7 |   1.4332 |     45.663 |   1.3447 |     43.787 |     0.4
    8 |   1.4083 |     45.359 |   1.3261 |     43.369 |     0.5
    9 |   1.3866 |     45.495 |   1.3110 |     43.309 |     0.6
   10 |   1.3668 |     44.891 |   1.2974 |     43.100 |     0.6
   11 |   1.3562 |     44.804 |   1.2824 |     42.921 |     0.7
   12 |   1.3393 |     44.706 |   1.2712 |     42.443 |     0.8
   13 |   1.3267 |     44.140 |   1.2561 |     42.204 |     0.8
   14 |   1.3137 |     44.249 |   1.2491 |     42.473 |     0.9
   15 |   1.2989 |     43.775 |   1.2411 |     42.354 |     1.0
   16 |   1.2914 |     43.645 |   1.2298 |     41.398 |     1.0
   17 |   1.2847 |     43.721 |   1.2216 |     41.577 |     1.1
   18 |   1.2769 |     43.416 |   1.2120 |     41.547 |     1.2
   19 |   1.2622 |     42.954 |   1.2052 |     41.577 |     1.2
   20 |   1.2591 |     43.084 |   1.1982 |     41.159 |     1.3
   21 |   1.2510 |     42.720 |   1.1924 |     41.129 |     1.4
   22 |   1.2403 |     42.447 |   1.1855 |     41.189 |     1.4
   23 |   1.2363 |     42.545 |   1.1783 |     40.532 |     1.5
   24 |   1.2292 |     42.306 |   1.1687 |     40.352 |     1.6
   25 |   1.2184 |     42.045 |   1.1694 |     41.159 |     1.6
   26 |   1.2133 |     41.887 |   1.1590 |     39.755 |     1.7
   27 |   1.2071 |     41.648 |   1.1597 |     39.964 |     1.7
   28 |   1.1984 |     41.234 |   1.1490 |     40.114 |     1.8
   29 |   1.1922 |     41.212 |   1.1421 |     39.964 |     1.9
   30 |   1.1880 |     40.880 |   1.1395 |     40.114 |     1.9
   31 |   1.1781 |     40.788 |   1.1352 |     39.367 |     2.0
   32 |   1.1739 |     40.483 |   1.1321 |     40.054 |     2.1
   33 |   1.1667 |     40.260 |   1.1262 |     39.068 |     2.1
   34 |   1.1621 |     40.124 |   1.1159 |     38.710 |     2.2
   35 |   1.1594 |     40.184 |   1.1176 |     39.427 |     2.2
   36 |   1.1511 |     39.678 |   1.1150 |     38.769 |     2.3
   37 |   1.1452 |     39.819 |   1.1150 |     38.262 |     2.4
   38 |   1.1400 |     39.351 |   1.1033 |     37.963 |     2.4
   39 |   1.1336 |     38.862 |   1.0959 |     37.336 |     2.5
   40 |   1.1291 |     39.047 |   1.0998 |     38.769 |     2.6
   41 |   1.1217 |     38.862 |   1.0930 |     37.634 |     2.6
   42 |   1.1177 |     38.622 |   1.0962 |     38.829 |     2.7
   43 |   1.1103 |     38.524 |   1.0869 |     37.575 |     2.7
   44 |   1.1100 |     38.601 |   1.0904 |     38.023 |     2.8
   45 |   1.1016 |     37.969 |   1.0947 |     38.321 |     2.9
   46 |   1.1014 |     38.122 |   1.0867 |     37.873 |     2.9
   47 |   1.0985 |     38.018 |   1.0789 |     37.575 |     3.0
   48 |   1.0876 |     37.578 |   1.0716 |     37.037 |     3.1
   49 |   1.0871 |     37.469 |   1.0744 |     36.679 |     3.1
   50 |   1.0779 |     37.088 |   1.0678 |     36.649 |     3.2
   51 |   1.0741 |     37.066 |   1.0647 |     36.679 |     3.2
   52 |   1.0686 |     36.718 |   1.0731 |     36.977 |     3.3
   53 |   1.0682 |     36.799 |   1.0678 |     37.037 |     3.4
   54 |   1.0599 |     36.457 |   1.0656 |     36.201 |     3.4
   55 |   1.0578 |     36.636 |   1.0674 |     36.410 |     3.5
   56 |   1.0504 |     36.549 |   1.0557 |     36.380 |     3.6
   57 |   1.0495 |     36.337 |   1.0583 |     36.350 |     3.6
   58 |   1.0444 |     36.054 |   1.0535 |     36.051 |     3.7
   59 |   1.0441 |     35.847 |   1.0526 |     36.231 |     3.7
   60 |   1.0351 |     35.428 |   1.0482 |     36.171 |     3.8
   61 |   1.0296 |     35.162 |   1.0501 |     35.723 |     3.9
   62 |   1.0280 |     35.107 |   1.0417 |     35.603 |     3.9
   63 |   1.0251 |     35.172 |   1.0559 |     36.051 |     4.0
   64 |   1.0211 |     35.053 |   1.0483 |     35.723 |     4.1
   65 |   1.0148 |     34.862 |   1.0406 |     35.633 |     4.1
   66 |   1.0082 |     34.743 |   1.0450 |     35.753 |     4.2
   67 |   1.0105 |     34.797 |   1.0380 |     35.364 |     4.2
   68 |   1.0052 |     34.307 |   1.0394 |     34.946 |     4.3
   69 |   1.0022 |     34.617 |   1.0343 |     35.514 |     4.4
   70 |   1.0012 |     34.705 |   1.0290 |     34.797 |     4.4
   71 |   0.9958 |     34.220 |   1.0323 |     34.797 |     4.5
   72 |   0.9866 |     33.845 |   1.0293 |     34.857 |     4.6
   73 |   0.9837 |     33.611 |   1.0263 |     34.618 |     4.6
   74 |   0.9803 |     33.731 |   1.0414 |     34.886 |     4.7
   75 |   0.9794 |     33.943 |   1.0467 |     35.006 |     4.7
   76 |   0.9770 |     33.703 |   1.0365 |     34.438 |     4.8
   77 |   0.9697 |     33.638 |   1.0346 |     34.588 |     4.9
   78 |   0.9713 |     32.952 |   1.0198 |     34.259 |     4.9
   79 |   0.9628 |     33.192 |   1.0357 |     34.976 |     5.0
   80 |   0.9636 |     33.154 |   1.0211 |     34.319 |     5.1
   81 |   0.9571 |     33.154 |   1.0236 |     34.976 |     5.1
   82 |   0.9548 |     32.963 |   1.0316 |     34.588 |     5.2
Early stopping

Model: Seq2Seq Transformer
Source index: <Seq2Seq Index with 45 items>
Target index: <Seq2Seq Index with 34 items>
Max sequence length: 800
Embedding dimension: 64
Feedforward dimension: 256
Encoder layers: 2
Decoder layers: 3
Attention heads: 4
Activation: relu
Dropout: 0.2
Trainable parameters: 358,946

Training started
X_train.shape: torch.Size([3063, 649])
Y_train.shape: torch.Size([3063, 7])
X_dev.shape: torch.Size([558, 702])
Y_dev.shape: torch.Size([558, 7])
Epochs: 500
Learning rate: 0.0001
Weight decay: 1e-05
Epoch | Train                 | Development           | Minutes
      | Loss     | Error Rate | Loss     | Error Rate |
---------------------------------------------------------------
    1 |   2.7975 |     70.280 |   1.9671 |     48.447 |     0.1
    2 |   1.9113 |     48.705 |   1.5812 |     45.908 |     0.2
    3 |   1.6430 |     46.523 |   1.4773 |     44.295 |     0.3
    4 |   1.5466 |     46.251 |   1.4281 |     44.086 |     0.4
    5 |   1.4940 |     46.012 |   1.3925 |     44.534 |     0.5
    6 |   1.4600 |     46.294 |   1.3649 |     44.295 |     0.6
    7 |   1.4283 |     45.587 |   1.3399 |     43.907 |     0.7
    8 |   1.4003 |     45.484 |   1.3145 |     43.548 |     0.8
    9 |   1.3778 |     44.972 |   1.2925 |     42.951 |     0.9
   10 |   1.3581 |     44.760 |   1.2695 |     42.652 |     1.0
   11 |   1.3327 |     43.944 |   1.2572 |     42.682 |     1.0
   12 |   1.3198 |     43.906 |   1.2387 |     42.234 |     1.1
   13 |   1.3052 |     43.628 |   1.2301 |     41.965 |     1.2
   14 |   1.2826 |     42.872 |   1.2178 |     42.443 |     1.3
   15 |   1.2747 |     42.611 |   1.2142 |     41.965 |     1.4
   16 |   1.2654 |     43.166 |   1.1941 |     41.099 |     1.5
   17 |   1.2491 |     42.273 |   1.1856 |     41.039 |     1.6
   18 |   1.2439 |     42.023 |   1.1802 |     40.502 |     1.7
   19 |   1.2345 |     42.094 |   1.1679 |     40.054 |     1.8
   20 |   1.2210 |     41.756 |   1.1625 |     39.606 |     1.9
   21 |   1.2126 |     41.076 |   1.1565 |     39.785 |     2.0
   22 |   1.2049 |     41.065 |   1.1514 |     39.755 |     2.1
   23 |   1.1987 |     40.886 |   1.1405 |     38.978 |     2.2
   24 |   1.1891 |     40.521 |   1.1439 |     39.486 |     2.3
   25 |   1.1759 |     40.374 |   1.1354 |     39.038 |     2.4
   26 |   1.1782 |     40.472 |   1.1267 |     38.560 |     2.5
   27 |   1.1707 |     39.901 |   1.1223 |     38.769 |     2.6
   28 |   1.1634 |     40.010 |   1.1156 |     38.471 |     2.7
   29 |   1.1568 |     39.487 |   1.1106 |     38.381 |     2.8
   30 |   1.1493 |     39.487 |   1.1148 |     38.142 |     2.9
   31 |   1.1452 |     39.319 |   1.0996 |     37.575 |     2.9
   32 |   1.1367 |     39.324 |   1.1006 |     37.843 |     3.0
   33 |   1.1305 |     39.166 |   1.0946 |     37.276 |     3.1
   34 |   1.1260 |     38.639 |   1.0927 |     37.814 |     3.2
   35 |   1.1196 |     38.698 |   1.0963 |     37.246 |     3.3
   36 |   1.1096 |     37.752 |   1.0853 |     37.246 |     3.4
   37 |   1.1089 |     38.290 |   1.0818 |     36.589 |     3.5
   38 |   1.1035 |     37.997 |   1.0745 |     36.559 |     3.6
   39 |   1.0962 |     37.637 |   1.0758 |     37.037 |     3.7
   40 |   1.0954 |     37.583 |   1.0730 |     36.529 |     3.8
   41 |   1.0894 |     37.338 |   1.0758 |     37.037 |     3.9
   42 |   1.0839 |     37.240 |   1.0598 |     36.529 |     4.0
   43 |   1.0791 |     37.202 |   1.0690 |     36.470 |     4.1
   44 |   1.0683 |     36.723 |   1.0595 |     36.320 |     4.2
   45 |   1.0637 |     36.321 |   1.0551 |     36.051 |     4.3
   46 |   1.0564 |     36.435 |   1.0529 |     36.201 |     4.4
   47 |   1.0575 |     36.380 |   1.0537 |     35.783 |     4.5
   48 |   1.0507 |     36.201 |   1.0466 |     35.992 |     4.6
   49 |   1.0440 |     35.787 |   1.0543 |     35.603 |     4.7
   50 |   1.0381 |     35.651 |   1.0719 |     36.141 |     4.8
   51 |   1.0378 |     35.847 |   1.0436 |     35.544 |     4.9
   52 |   1.0302 |     35.352 |   1.0398 |     35.096 |     4.9
   53 |   1.0229 |     35.058 |   1.0411 |     35.514 |     5.0
   54 |   1.0218 |     34.987 |   1.0334 |     34.946 |     5.1
   55 |   1.0185 |     34.737 |   1.0300 |     34.857 |     5.2
   56 |   1.0104 |     34.960 |   1.0306 |     34.737 |     5.3
   57 |   1.0112 |     34.743 |   1.0305 |     34.857 |     5.4
   58 |   1.0033 |     34.275 |   1.0318 |     35.155 |     5.5
   59 |   0.9948 |     34.247 |   1.0374 |     35.125 |     5.6
   60 |   0.9941 |     34.340 |   1.0215 |     34.438 |     5.7
   61 |   0.9921 |     34.400 |   1.0251 |     35.006 |     5.8
   62 |   0.9773 |     33.720 |   1.0244 |     35.006 |     5.9
   63 |   0.9808 |     33.469 |   1.0257 |     34.707 |     6.0
   64 |   0.9789 |     33.638 |   1.0255 |     34.558 |     6.1
Early stopping

Model: Seq2Seq Transformer
Source index: <Seq2Seq Index with 45 items>
Target index: <Seq2Seq Index with 34 items>
Max sequence length: 800
Embedding dimension: 128
Feedforward dimension: 256
Encoder layers: 4
Decoder layers: 2
Attention heads: 4
Activation: relu
Dropout: 0.2
Trainable parameters: 1,044,898

Training started
X_train.shape: torch.Size([3063, 649])
Y_train.shape: torch.Size([3063, 7])
X_dev.shape: torch.Size([558, 702])
Y_dev.shape: torch.Size([558, 7])
Epochs: 500
Learning rate: 0.001
Weight decay: 1e-05
Epoch | Train                 | Development           | Minutes
      | Loss     | Error Rate | Loss     | Error Rate |
---------------------------------------------------------------
    1 |   1.5601 |     48.297 |   1.2935 |     44.952 |     0.2
    2 |   1.3230 |     45.424 |   1.2460 |     44.415 |     0.3
    3 |   1.2752 |     44.771 |   1.2086 |     42.324 |     0.5
    4 |   1.2361 |     43.764 |   1.1902 |     42.593 |     0.7
    5 |   1.2186 |     43.367 |   1.1604 |     42.622 |     0.9
    6 |   1.1933 |     43.019 |   1.1338 |     41.398 |     1.1
    7 |   1.1746 |     42.001 |   1.1151 |     40.651 |     1.2
    8 |   1.1569 |     41.963 |   1.1141 |     40.980 |     1.4
    9 |   1.1474 |     41.588 |   1.1302 |     40.980 |     1.6
   10 |   1.1379 |     41.278 |   1.1017 |     40.860 |     1.8
   11 |   1.1234 |     40.782 |   1.0983 |     39.367 |     1.9
   12 |   1.1183 |     40.576 |   1.0888 |     39.964 |     2.1
   13 |   1.1051 |     40.336 |   1.0827 |     38.889 |     2.3
   14 |   1.0896 |     39.313 |   1.0815 |     38.889 |     2.5
   15 |   1.0874 |     39.553 |   1.0764 |     38.501 |     2.7
   16 |   1.0772 |     38.938 |   1.0909 |     39.277 |     2.8
   17 |   1.0799 |     38.715 |   1.0716 |     38.471 |     3.0
   18 |   1.0654 |     38.693 |   1.0771 |     38.381 |     3.2
   19 |   1.0577 |     38.405 |   1.0655 |     38.949 |     3.4
   20 |   1.0525 |     38.318 |   1.0475 |     37.157 |     3.5
   21 |   1.0432 |     37.855 |   1.0579 |     38.172 |     3.7
   22 |   1.0388 |     37.572 |   1.0474 |     38.232 |     3.9
   23 |   1.0354 |     37.616 |   1.0508 |     38.859 |     4.1
   24 |   1.0392 |     37.817 |   1.0670 |     38.590 |     4.2
   25 |   1.0303 |     37.616 |   1.0654 |     37.903 |     4.4
   26 |   1.0214 |     36.876 |   1.0502 |     37.515 |     4.6
   27 |   1.0171 |     37.050 |   1.0375 |     38.262 |     4.8
   28 |   1.0081 |     36.984 |   1.0502 |     37.515 |     5.0
   29 |   1.0020 |     36.293 |   1.0392 |     37.754 |     5.1
   30 |   1.0029 |     36.375 |   1.0365 |     37.545 |     5.3
   31 |   0.9967 |     36.179 |   1.0416 |     37.993 |     5.5
   32 |   0.9903 |     36.179 |   1.0409 |     37.007 |     5.7
   33 |   0.9906 |     35.923 |   1.0410 |     37.395 |     5.8
   34 |   0.9782 |     35.406 |   1.0281 |     36.679 |     6.0
   35 |   0.9752 |     35.423 |   1.0300 |     36.918 |     6.2
   36 |   0.9687 |     34.748 |   1.0332 |     36.738 |     6.4
   37 |   0.9737 |     35.124 |   1.0421 |     36.260 |     6.6
   38 |   0.9578 |     34.683 |   1.0256 |     36.529 |     6.7
   39 |   0.9613 |     34.454 |   1.0402 |     37.545 |     6.9
   40 |   0.9640 |     34.884 |   1.0547 |     37.843 |     7.1
   41 |   0.9528 |     34.400 |   1.0293 |     36.858 |     7.3
   42 |   0.9519 |     34.351 |   1.0442 |     37.575 |     7.4
Early stopping

Model: Seq2Seq Transformer
Source index: <Seq2Seq Index with 45 items>
Target index: <Seq2Seq Index with 34 items>
Max sequence length: 800
Embedding dimension: 128
Feedforward dimension: 128
Encoder layers: 4
Decoder layers: 2
Attention heads: 2
Activation: relu
Dropout: 0.1
Trainable parameters: 847,522

Training started
X_train.shape: torch.Size([3063, 649])
Y_train.shape: torch.Size([3063, 7])
X_dev.shape: torch.Size([558, 702])
Y_dev.shape: torch.Size([558, 7])
Epochs: 500
Learning rate: 0.0001
Weight decay: 0.0001
Epoch | Train                 | Development           | Minutes
      | Loss     | Error Rate | Loss     | Error Rate |
---------------------------------------------------------------
    1 |   2.2924 |     56.720 |   1.5843 |     45.221 |     0.1
    2 |   1.5722 |     46.512 |   1.3973 |     43.937 |     0.3
    3 |   1.4403 |     45.429 |   1.3358 |     43.429 |     0.4
    4 |   1.3802 |     44.918 |   1.2915 |     42.772 |     0.5
    5 |   1.3380 |     43.797 |   1.2620 |     42.055 |     0.7
    6 |   1.3058 |     42.877 |   1.2369 |     41.697 |     0.8
    7 |   1.2766 |     42.344 |   1.2168 |     41.368 |     0.9
    8 |   1.2555 |     41.822 |   1.2036 |     40.651 |     1.1
    9 |   1.2301 |     41.191 |   1.1967 |     41.278 |     1.2
   10 |   1.2121 |     40.973 |   1.1674 |     39.247 |     1.3
   11 |   1.1935 |     40.135 |   1.1475 |     38.411 |     1.5
   12 |   1.1715 |     39.428 |   1.1438 |     39.188 |     1.6
   13 |   1.1534 |     38.524 |   1.1341 |     38.112 |     1.7
   14 |   1.1369 |     38.807 |   1.1203 |     37.993 |     1.9
   15 |   1.1215 |     37.942 |   1.1090 |     37.814 |     2.0
   16 |   1.1023 |     37.474 |   1.0978 |     38.381 |     2.1
   17 |   1.0839 |     36.854 |   1.0962 |     36.947 |     2.2
   18 |   1.0697 |     36.136 |   1.0858 |     37.216 |     2.4
   19 |   1.0563 |     35.744 |   1.0859 |     36.708 |     2.5
   20 |   1.0451 |     35.292 |   1.0733 |     35.633 |     2.6
   21 |   1.0242 |     34.498 |   1.0631 |     36.022 |     2.8
   22 |   1.0136 |     33.992 |   1.0580 |     35.693 |     2.9
   23 |   1.0034 |     34.280 |   1.0561 |     35.962 |     3.0
   24 |   0.9889 |     33.453 |   1.0539 |     35.275 |     3.2
   25 |   0.9765 |     33.257 |   1.0461 |     34.797 |     3.3
   26 |   0.9679 |     33.116 |   1.0526 |     35.006 |     3.4
   27 |   0.9562 |     32.457 |   1.0626 |     35.663 |     3.6
   28 |   0.9385 |     32.071 |   1.0462 |     34.916 |     3.7
   29 |   0.9335 |     31.603 |   1.0472 |     34.438 |     3.8
   30 |   0.9180 |     31.151 |   1.0428 |     34.170 |     4.0
   31 |   0.9080 |     30.547 |   1.0516 |     34.498 |     4.1
   32 |   0.8996 |     30.596 |   1.0524 |     34.767 |     4.2
   33 |   0.8864 |     29.960 |   1.0448 |     34.468 |     4.4
   34 |   0.8766 |     29.927 |   1.0521 |     34.946 |     4.5
Early stopping

Model: Seq2Seq Transformer
Source index: <Seq2Seq Index with 45 items>
Target index: <Seq2Seq Index with 34 items>
Max sequence length: 800
Embedding dimension: 128
Feedforward dimension: 128
Encoder layers: 2
Decoder layers: 2
Attention heads: 4
Activation: relu
Dropout: 0.2
Trainable parameters: 648,354

Training started
X_train.shape: torch.Size([3063, 649])
Y_train.shape: torch.Size([3063, 7])
X_dev.shape: torch.Size([558, 702])
Y_dev.shape: torch.Size([558, 7])
Epochs: 500
Learning rate: 0.0001
Weight decay: 0.0001
Epoch | Train                 | Development           | Minutes
      | Loss     | Error Rate | Loss     | Error Rate |
---------------------------------------------------------------
    1 |   2.3860 |     57.890 |   1.6087 |     45.848 |     0.1
    2 |   1.6348 |     46.414 |   1.4299 |     44.295 |     0.2
    3 |   1.4932 |     46.246 |   1.3736 |     45.191 |     0.3
    4 |   1.4298 |     46.099 |   1.3264 |     44.385 |     0.4
    5 |   1.3890 |     45.848 |   1.3006 |     43.907 |     0.5
    6 |   1.3568 |     45.032 |   1.2742 |     43.160 |     0.6
    7 |   1.3280 |     44.036 |   1.2537 |     42.025 |     0.7
    8 |   1.3056 |     43.487 |   1.2270 |     41.816 |     0.8
    9 |   1.2778 |     42.671 |   1.2193 |     41.219 |     0.9
   10 |   1.2599 |     42.404 |   1.2036 |     40.532 |     1.0
   11 |   1.2416 |     41.610 |   1.1943 |     40.860 |     1.1
   12 |   1.2233 |     41.196 |   1.1730 |     40.442 |     1.2
   13 |   1.2036 |     40.494 |   1.1589 |     39.516 |     1.3
   14 |   1.1846 |     40.315 |   1.1467 |     39.755 |     1.4
   15 |   1.1677 |     39.623 |   1.1366 |     39.188 |     1.5
   16 |   1.1530 |     39.264 |   1.1315 |     39.098 |     1.6
   17 |   1.1408 |     38.954 |   1.1333 |     38.650 |     1.7
   18 |   1.1230 |     38.377 |   1.1191 |     38.501 |     1.8
   19 |   1.1133 |     37.779 |   1.1244 |     38.471 |     1.9
   20 |   1.1002 |     37.665 |   1.0923 |     37.067 |     2.0
   21 |   1.0846 |     36.859 |   1.0918 |     37.366 |     2.1
   22 |   1.0759 |     36.620 |   1.0915 |     37.037 |     2.2
   23 |   1.0605 |     36.108 |   1.0914 |     36.798 |     2.3
   24 |   1.0502 |     35.804 |   1.0893 |     36.768 |     2.4
   25 |   1.0390 |     35.423 |   1.0890 |     37.037 |     2.5
   26 |   1.0263 |     35.124 |   1.0994 |     37.395 |     2.6
   27 |   1.0152 |     34.732 |   1.0910 |     37.933 |     2.7
   28 |   1.0111 |     34.432 |   1.1050 |     37.575 |     2.8
   29 |   1.0034 |     34.394 |   1.0906 |     36.589 |     2.9
Early stopping

Model: Seq2Seq Transformer
Source index: <Seq2Seq Index with 45 items>
Target index: <Seq2Seq Index with 34 items>
Max sequence length: 800
Embedding dimension: 64
Feedforward dimension: 128
Encoder layers: 2
Decoder layers: 3
Attention heads: 2
Activation: relu
Dropout: 0.2
Trainable parameters: 276,386

Training started
X_train.shape: torch.Size([3063, 649])
Y_train.shape: torch.Size([3063, 7])
X_dev.shape: torch.Size([558, 702])
Y_dev.shape: torch.Size([558, 7])
Epochs: 500
Learning rate: 0.001
Weight decay: 1e-05
Epoch | Train                 | Development           | Minutes
      | Loss     | Error Rate | Loss     | Error Rate |
---------------------------------------------------------------
    1 |   1.8027 |     50.762 |   1.3642 |     45.908 |     0.1
    2 |   1.3786 |     46.120 |   1.2821 |     43.190 |     0.1
    3 |   1.3088 |     44.673 |   1.2102 |     41.846 |     0.2
    4 |   1.2552 |     43.144 |   1.1764 |     40.950 |     0.3
    5 |   1.2184 |     41.925 |   1.1559 |     40.233 |     0.3
    6 |   1.1926 |     41.196 |   1.1218 |     39.337 |     0.4
    7 |   1.1603 |     40.195 |   1.1193 |     39.038 |     0.5
    8 |   1.1365 |     38.998 |   1.0974 |     38.142 |     0.5
    9 |   1.1177 |     38.421 |   1.1003 |     39.098 |     0.6
   10 |   1.0932 |     37.763 |   1.0604 |     36.589 |     0.7
   11 |   1.0699 |     37.055 |   1.1071 |     38.082 |     0.7
   12 |   1.0489 |     36.321 |   1.0653 |     36.888 |     0.8
   13 |   1.0304 |     35.483 |   1.0583 |     35.723 |     0.9
   14 |   0.9952 |     34.569 |   1.0480 |     36.111 |     0.9
   15 |   0.9874 |     34.416 |   1.0365 |     34.976 |     1.0
   16 |   0.9659 |     32.958 |   1.0452 |     35.633 |     1.1
   17 |   0.9421 |     32.408 |   1.0865 |     36.022 |     1.1
   18 |   0.9238 |     32.027 |   1.0369 |     34.200 |     1.2
   19 |   0.9146 |     31.527 |   1.0246 |     34.618 |     1.3
   20 |   0.8925 |     31.032 |   1.0497 |     35.484 |     1.3
   21 |   0.8754 |     30.368 |   1.0407 |     34.677 |     1.4
   22 |   0.8532 |     29.693 |   1.0378 |     34.289 |     1.5
   23 |   0.8381 |     28.969 |   1.0394 |     34.140 |     1.5
Early stopping

Model: Seq2Seq Transformer
Source index: <Seq2Seq Index with 45 items>
Target index: <Seq2Seq Index with 34 items>
Max sequence length: 800
Embedding dimension: 128
Feedforward dimension: 128
Encoder layers: 2
Decoder layers: 3
Attention heads: 2
Activation: relu
Dropout: 0.0
Trainable parameters: 814,242

Training started
X_train.shape: torch.Size([3063, 649])
Y_train.shape: torch.Size([3063, 7])
X_dev.shape: torch.Size([558, 702])
Y_dev.shape: torch.Size([558, 7])
Epochs: 500
Learning rate: 0.001
Weight decay: 1e-05
Epoch | Train                 | Development           | Minutes
      | Loss     | Error Rate | Loss     | Error Rate |
---------------------------------------------------------------
    1 |   1.5017 |     46.811 |   1.2511 |     42.981 |     0.1
    2 |   1.2150 |     41.903 |   1.1641 |     40.323 |     0.2
    3 |   1.1250 |     38.889 |   1.1156 |     39.576 |     0.2
    4 |   1.0541 |     36.283 |   1.0937 |     38.530 |     0.3
    5 |   0.9901 |     34.286 |   1.0567 |     36.081 |     0.4
    6 |   0.9365 |     32.501 |   1.0364 |     35.036 |     0.5
    7 |   0.8873 |     30.591 |   1.0329 |     35.036 |     0.6
    8 |   0.8364 |     29.116 |   1.0197 |     33.901 |     0.6
    9 |   0.8042 |     27.620 |   1.0111 |     33.572 |     0.7
   10 |   0.7385 |     25.661 |   0.9918 |     32.736 |     0.8
   11 |   0.7136 |     24.633 |   0.9971 |     32.826 |     0.9
   12 |   0.6614 |     22.886 |   1.0031 |     31.810 |     1.0
   13 |   0.6232 |     21.433 |   1.0121 |     32.079 |     1.1
   14 |   0.5981 |     21.047 |   1.0420 |     32.676 |     1.1
Early stopping

Model: Seq2Seq Transformer
Source index: <Seq2Seq Index with 45 items>
Target index: <Seq2Seq Index with 34 items>
Max sequence length: 800
Embedding dimension: 128
Feedforward dimension: 128
Encoder layers: 2
Decoder layers: 3
Attention heads: 2
Activation: relu
Dropout: 0.1
Trainable parameters: 814,242

Training started
X_train.shape: torch.Size([3063, 649])
Y_train.shape: torch.Size([3063, 7])
X_dev.shape: torch.Size([558, 702])
Y_dev.shape: torch.Size([558, 7])
Epochs: 500
Learning rate: 0.0001
Weight decay: 0.0001
Epoch | Train                 | Development           | Minutes
      | Loss     | Error Rate | Loss     | Error Rate |
---------------------------------------------------------------
    1 |   2.2859 |     56.687 |   1.5189 |     44.534 |     0.1
    2 |   1.5324 |     46.099 |   1.3747 |     44.355 |     0.2
    3 |   1.4144 |     45.282 |   1.3137 |     43.130 |     0.3
    4 |   1.3521 |     44.428 |   1.2657 |     42.384 |     0.3
    5 |   1.3098 |     43.269 |   1.2410 |     42.921 |     0.4
    6 |   1.2773 |     42.921 |   1.2164 |     41.338 |     0.5
    7 |   1.2470 |     41.941 |   1.1814 |     40.830 |     0.6
    8 |   1.2228 |     41.337 |   1.1639 |     40.352 |     0.7
    9 |   1.2014 |     40.788 |   1.1483 |     39.994 |     0.8
   10 |   1.1787 |     39.917 |   1.1453 |     39.904 |     0.9
   11 |   1.1651 |     39.950 |   1.1246 |     38.710 |     0.9
   12 |   1.1458 |     39.270 |   1.1105 |     38.710 |     1.0
   13 |   1.1301 |     38.786 |   1.1035 |     38.471 |     1.1
   14 |   1.1119 |     38.127 |   1.0890 |     37.634 |     1.2
   15 |   1.0992 |     37.572 |   1.0929 |     37.754 |     1.3
   16 |   1.0882 |     37.556 |   1.0821 |     37.605 |     1.4
   17 |   1.0699 |     37.077 |   1.0901 |     37.157 |     1.5
   18 |   1.0591 |     36.446 |   1.0616 |     36.738 |     1.6
   19 |   1.0432 |     35.951 |   1.0549 |     35.812 |     1.6
   20 |   1.0306 |     35.635 |   1.0513 |     35.783 |     1.7
   21 |   1.0183 |     34.715 |   1.0657 |     36.171 |     1.8
   22 |   1.0008 |     34.318 |   1.0384 |     35.424 |     1.9
   23 |   0.9923 |     34.150 |   1.0614 |     36.051 |     2.0
   24 |   0.9875 |     33.676 |   1.0332 |     35.364 |     2.1
   25 |   0.9721 |     33.176 |   1.0418 |     35.812 |     2.2
   26 |   0.9633 |     33.083 |   1.0227 |     35.155 |     2.2
   27 |   0.9509 |     32.806 |   1.0196 |     34.349 |     2.3
   28 |   0.9377 |     32.055 |   1.0232 |     34.588 |     2.4
   29 |   0.9337 |     32.066 |   1.0144 |     34.289 |     2.5
   30 |   0.9188 |     31.434 |   1.0187 |     34.409 |     2.6
   31 |   0.9114 |     31.434 |   1.0184 |     34.558 |     2.7
   32 |   0.9035 |     31.146 |   1.0260 |     34.797 |     2.8
   33 |   0.8929 |     30.384 |   1.0101 |     34.200 |     2.8
   34 |   0.8829 |     30.433 |   0.9885 |     33.453 |     2.9
   35 |   0.8701 |     29.916 |   0.9944 |     33.423 |     3.0
   36 |   0.8643 |     29.791 |   0.9938 |     33.483 |     3.1
   37 |   0.8566 |     29.203 |   1.0021 |     33.572 |     3.2
   38 |   0.8469 |     29.318 |   1.0031 |     33.423 |     3.3
Early stopping

Model: Seq2Seq Transformer
Source index: <Seq2Seq Index with 45 items>
Target index: <Seq2Seq Index with 34 items>
Max sequence length: 800
Embedding dimension: 128
Feedforward dimension: 128
Encoder layers: 2
Decoder layers: 2
Attention heads: 2
Activation: relu
Dropout: 0.2
Trainable parameters: 648,354

Training started
X_train.shape: torch.Size([3063, 649])
Y_train.shape: torch.Size([3063, 7])
X_dev.shape: torch.Size([558, 702])
Y_dev.shape: torch.Size([558, 7])
Epochs: 500
Learning rate: 0.0001
Weight decay: 1e-05
Epoch | Train                 | Development           | Minutes
      | Loss     | Error Rate | Loss     | Error Rate |
---------------------------------------------------------------
    1 |   2.4804 |     60.415 |   1.6461 |     45.998 |     0.1
    2 |   1.6476 |     46.458 |   1.4256 |     45.161 |     0.2
    3 |   1.4780 |     46.180 |   1.3452 |     45.311 |     0.2
    4 |   1.4105 |     45.924 |   1.3076 |     44.146 |     0.3
    5 |   1.3637 |     45.016 |   1.2667 |     42.742 |     0.4
    6 |   1.3336 |     44.450 |   1.2480 |     42.115 |     0.5
    7 |   1.3035 |     43.710 |   1.2238 |     42.234 |     0.5
    8 |   1.2771 |     42.779 |   1.2098 |     42.324 |     0.6
    9 |   1.2604 |     42.698 |   1.1856 |     40.890 |     0.7
   10 |   1.2431 |     41.985 |   1.1753 |     41.010 |     0.8
   11 |   1.2231 |     41.533 |   1.1734 |     41.159 |     0.9
   12 |   1.2067 |     41.240 |   1.1509 |     39.456 |     0.9
   13 |   1.1910 |     40.407 |   1.1445 |     39.367 |     1.0
   14 |   1.1805 |     40.565 |   1.1603 |     39.486 |     1.1
   15 |   1.1675 |     39.950 |   1.1428 |     39.516 |     1.2
   16 |   1.1543 |     39.498 |   1.1259 |     39.128 |     1.2
   17 |   1.1446 |     39.335 |   1.1437 |     39.695 |     1.3
   18 |   1.1292 |     38.562 |   1.1091 |     38.082 |     1.4
   19 |   1.1220 |     38.557 |   1.1355 |     38.769 |     1.5
   20 |   1.1100 |     37.991 |   1.1162 |     38.262 |     1.6
   21 |   1.1046 |     37.920 |   1.0904 |     37.216 |     1.6
   22 |   1.0879 |     37.322 |   1.1157 |     37.634 |     1.7
   23 |   1.0874 |     37.534 |   1.0995 |     37.097 |     1.8
   24 |   1.0740 |     36.925 |   1.0957 |     36.947 |     1.9
   25 |   1.0620 |     36.446 |   1.0815 |     36.529 |     2.0
   26 |   1.0535 |     36.212 |   1.0822 |     36.559 |     2.0
   27 |   1.0451 |     35.923 |   1.0970 |     36.947 |     2.1
   28 |   1.0336 |     35.477 |   1.0790 |     36.649 |     2.2
   29 |   1.0250 |     35.309 |   1.0742 |     35.753 |     2.3
   30 |   1.0205 |     34.966 |   1.0664 |     34.886 |     2.3
   31 |   1.0140 |     34.873 |   1.0880 |     36.649 |     2.4
   32 |   1.0034 |     34.449 |   1.0969 |     36.141 |     2.5
   33 |   0.9974 |     34.231 |   1.0645 |     35.753 |     2.6
   34 |   0.9889 |     33.736 |   1.0758 |     35.872 |     2.7
   35 |   0.9794 |     33.611 |   1.0804 |     35.066 |     2.7
   36 |   0.9767 |     33.399 |   1.0709 |     35.544 |     2.8
   37 |   0.9672 |     32.969 |   1.0545 |     35.066 |     2.9
   38 |   0.9539 |     32.811 |   1.0788 |     35.125 |     3.0
   39 |   0.9535 |     32.653 |   1.0613 |     34.827 |     3.1
   40 |   0.9491 |     32.359 |   1.0688 |     35.185 |     3.1
   41 |   0.9369 |     32.163 |   1.0694 |     34.976 |     3.2
Early stopping

Model: Seq2Seq Transformer
Source index: <Seq2Seq Index with 45 items>
Target index: <Seq2Seq Index with 34 items>
Max sequence length: 800
Embedding dimension: 64
Feedforward dimension: 128
Encoder layers: 4
Decoder layers: 2
Attention heads: 4
Activation: relu
Dropout: 0.0
Trainable parameters: 293,090

Training started
X_train.shape: torch.Size([3063, 649])
Y_train.shape: torch.Size([3063, 7])
X_dev.shape: torch.Size([558, 702])
Y_dev.shape: torch.Size([558, 7])
Epochs: 500
Learning rate: 0.0001
Weight decay: 1e-05
Epoch | Train                 | Development           | Minutes
      | Loss     | Error Rate | Loss     | Error Rate |
---------------------------------------------------------------
    1 |   2.5130 |     59.212 |   1.9679 |     45.818 |     0.1
    2 |   1.7803 |     46.692 |   1.6268 |     45.550 |     0.3
    3 |   1.5727 |     45.990 |   1.5046 |     44.504 |     0.4
    4 |   1.4812 |     45.827 |   1.4333 |     45.161 |     0.5
    5 |   1.4213 |     45.201 |   1.3815 |     44.444 |     0.7
    6 |   1.3744 |     44.341 |   1.3454 |     42.921 |     0.8
    7 |   1.3363 |     43.454 |   1.3133 |     42.742 |     0.9
    8 |   1.3025 |     42.431 |   1.2810 |     41.726 |     1.1
    9 |   1.2755 |     42.072 |   1.2627 |     41.756 |     1.2
   10 |   1.2504 |     41.707 |   1.2379 |     41.458 |     1.3
   11 |   1.2264 |     40.810 |   1.2134 |     41.278 |     1.5
   12 |   1.2053 |     40.336 |   1.2032 |     40.920 |     1.6
   13 |   1.1836 |     39.781 |   1.1791 |     39.217 |     1.7
   14 |   1.1627 |     39.058 |   1.1662 |     39.307 |     1.9
   15 |   1.1479 |     38.682 |   1.1518 |     39.068 |     2.0
   16 |   1.1295 |     38.367 |   1.1323 |     37.605 |     2.1
   17 |   1.1087 |     37.463 |   1.1193 |     37.933 |     2.3
   18 |   1.0903 |     36.473 |   1.1059 |     36.828 |     2.4
   19 |   1.0734 |     36.206 |   1.0966 |     37.395 |     2.5
   20 |   1.0547 |     35.488 |   1.0866 |     37.336 |     2.7
   21 |   1.0396 |     35.096 |   1.0727 |     36.111 |     2.8
   22 |   1.0230 |     34.552 |   1.0727 |     36.858 |     2.9
   23 |   1.0089 |     33.807 |   1.0638 |     36.440 |     3.1
   24 |   0.9932 |     33.355 |   1.0529 |     36.320 |     3.2
   25 |   0.9778 |     32.887 |   1.0389 |     35.305 |     3.3
   26 |   0.9610 |     32.354 |   1.0397 |     36.051 |     3.5
   27 |   0.9428 |     31.657 |   1.0216 |     34.498 |     3.6
   28 |   0.9310 |     31.130 |   1.0350 |     35.305 |     3.7
   29 |   0.9158 |     30.694 |   1.0082 |     34.558 |     3.9
   30 |   0.9025 |     30.232 |   1.0046 |     34.438 |     4.0
   31 |   0.8863 |     29.541 |   1.0016 |     33.513 |     4.1
   32 |   0.8743 |     29.339 |   0.9989 |     34.319 |     4.3
   33 |   0.8611 |     28.719 |   0.9991 |     33.363 |     4.4
   34 |   0.8464 |     27.892 |   0.9886 |     32.796 |     4.5
   35 |   0.8335 |     27.734 |   0.9774 |     33.184 |     4.7
   36 |   0.8216 |     27.413 |   0.9763 |     32.557 |     4.8
   37 |   0.8125 |     27.332 |   0.9825 |     32.557 |     4.9
   38 |   0.7984 |     26.706 |   0.9780 |     33.214 |     5.1
   39 |   0.7848 |     26.216 |   0.9723 |     32.168 |     5.2
   40 |   0.7701 |     25.498 |   0.9806 |     32.766 |     5.3
   41 |   0.7616 |     25.476 |   0.9878 |     32.497 |     5.5
   42 |   0.7513 |     25.193 |   0.9883 |     33.154 |     5.6
   43 |   0.7361 |     24.518 |   0.9793 |     31.780 |     5.7
Early stopping

Model: Seq2Seq Transformer
Source index: <Seq2Seq Index with 45 items>
Target index: <Seq2Seq Index with 34 items>
Max sequence length: 800
Embedding dimension: 64
Feedforward dimension: 128
Encoder layers: 4
Decoder layers: 3
Attention heads: 2
Activation: relu
Dropout: 0.2
Trainable parameters: 343,330

Training started
X_train.shape: torch.Size([3063, 649])
Y_train.shape: torch.Size([3063, 7])
X_dev.shape: torch.Size([558, 702])
Y_dev.shape: torch.Size([558, 7])
Epochs: 500
Learning rate: 0.0001
Weight decay: 0.0001
Epoch | Train                 | Development           | Minutes
      | Loss     | Error Rate | Loss     | Error Rate |
---------------------------------------------------------------
    1 |   2.7734 |     70.998 |   2.0514 |     47.999 |     0.1
    2 |   2.0303 |     49.543 |   1.6391 |     45.818 |     0.2
    3 |   1.7201 |     46.741 |   1.5064 |     45.221 |     0.3
    4 |   1.5896 |     46.376 |   1.4546 |     45.789 |     0.4
    5 |   1.5215 |     46.077 |   1.4066 |     45.102 |     0.5
    6 |   1.4813 |     45.914 |   1.3760 |     44.922 |     0.6
    7 |   1.4478 |     45.778 |   1.3626 |     44.654 |     0.7
    8 |   1.4212 |     45.446 |   1.3367 |     44.355 |     0.8
    9 |   1.3993 |     45.108 |   1.3160 |     43.190 |     0.9
   10 |   1.3782 |     44.771 |   1.3070 |     42.921 |     1.1
   11 |   1.3659 |     44.423 |   1.2885 |     42.025 |     1.2
   12 |   1.3476 |     44.254 |   1.2765 |     42.204 |     1.3
   13 |   1.3407 |     43.933 |   1.2609 |     41.458 |     1.4
   14 |   1.3230 |     43.568 |   1.2494 |     40.980 |     1.5
   15 |   1.3109 |     43.264 |   1.2425 |     41.398 |     1.6
   16 |   1.2994 |     43.133 |   1.2346 |     41.428 |     1.7
   17 |   1.2868 |     42.725 |   1.2197 |     40.860 |     1.8
   18 |   1.2785 |     42.910 |   1.2146 |     40.711 |     1.9
   19 |   1.2727 |     42.540 |   1.2061 |     40.203 |     2.0
   20 |   1.2619 |     42.447 |   1.2014 |     40.143 |     2.1
   21 |   1.2535 |     42.001 |   1.1936 |     39.755 |     2.2
   22 |   1.2482 |     41.952 |   1.1813 |     39.546 |     2.3
   23 |   1.2358 |     41.675 |   1.1840 |     40.472 |     2.4
   24 |   1.2280 |     41.359 |   1.1724 |     40.323 |     2.5
   25 |   1.2221 |     41.109 |   1.1696 |     40.472 |     2.6
   26 |   1.2141 |     41.136 |   1.1602 |     39.904 |     2.7
   27 |   1.2076 |     40.891 |   1.1605 |     39.964 |     2.9
   28 |   1.1989 |     40.434 |   1.1492 |     39.845 |     3.0
   29 |   1.1924 |     40.238 |   1.1452 |     39.367 |     3.1
   30 |   1.1847 |     39.939 |   1.1473 |     39.994 |     3.2
   31 |   1.1810 |     40.178 |   1.1331 |     39.397 |     3.3
   32 |   1.1728 |     39.847 |   1.1333 |     39.486 |     3.4
   33 |   1.1675 |     39.836 |   1.1295 |     39.665 |     3.5
   34 |   1.1608 |     39.542 |   1.1299 |     39.068 |     3.6
   35 |   1.1534 |     39.085 |   1.1403 |     40.054 |     3.7
   36 |   1.1514 |     39.019 |   1.1100 |     38.112 |     3.8
   37 |   1.1457 |     39.139 |   1.1113 |     38.530 |     3.9
   38 |   1.1426 |     38.889 |   1.1190 |     38.053 |     4.0
   39 |   1.1382 |     38.905 |   1.1180 |     38.740 |     4.1
   40 |   1.1326 |     38.682 |   1.1077 |     38.859 |     4.2
   41 |   1.1293 |     38.764 |   1.1091 |     37.963 |     4.3
   42 |   1.1205 |     38.405 |   1.0987 |     38.112 |     4.4
   43 |   1.1157 |     38.339 |   1.0995 |     38.351 |     4.5
   44 |   1.1101 |     38.116 |   1.0842 |     37.336 |     4.7
   45 |   1.1054 |     37.812 |   1.0822 |     36.977 |     4.8
   46 |   1.1015 |     37.627 |   1.0818 |     37.634 |     4.9
   47 |   1.1001 |     37.588 |   1.0862 |     37.007 |     5.0
   48 |   1.0959 |     37.490 |   1.0757 |     36.679 |     5.1
   49 |   1.0932 |     37.393 |   1.0787 |     37.485 |     5.2
   50 |   1.0863 |     37.093 |   1.0732 |     37.157 |     5.3
   51 |   1.0774 |     37.120 |   1.0725 |     36.499 |     5.4
   52 |   1.0764 |     36.968 |   1.0762 |     37.216 |     5.5
   53 |   1.0733 |     36.914 |   1.0712 |     36.679 |     5.6
   54 |   1.0739 |     36.914 |   1.0618 |     36.201 |     5.7
   55 |   1.0647 |     36.593 |   1.0634 |     36.529 |     5.8
   56 |   1.0613 |     36.234 |   1.0589 |     36.051 |     5.9
   57 |   1.0587 |     36.538 |   1.0671 |     36.858 |     6.0
   58 |   1.0483 |     35.978 |   1.0638 |     36.858 |     6.1
   59 |   1.0514 |     36.010 |   1.0525 |     35.484 |     6.2
   60 |   1.0489 |     35.989 |   1.0468 |     35.842 |     6.3
   61 |   1.0444 |     35.885 |   1.0643 |     36.589 |     6.5
   62 |   1.0412 |     35.657 |   1.0525 |     35.723 |     6.6
   63 |   1.0378 |     35.717 |   1.0481 |     35.484 |     6.7
   64 |   1.0300 |     35.510 |   1.0565 |     36.141 |     6.8
Early stopping

Model: Seq2Seq Transformer
Source index: <Seq2Seq Index with 45 items>
Target index: <Seq2Seq Index with 34 items>
Max sequence length: 800
Embedding dimension: 64
Feedforward dimension: 64
Encoder layers: 4
Decoder layers: 2
Attention heads: 4
Activation: relu
Dropout: 0.1
Trainable parameters: 243,554

Training started
X_train.shape: torch.Size([3063, 649])
Y_train.shape: torch.Size([3063, 7])
X_dev.shape: torch.Size([558, 702])
Y_dev.shape: torch.Size([558, 7])
Epochs: 500
Learning rate: 0.0001
Weight decay: 0.0001
Epoch | Train                 | Development           | Minutes
      | Loss     | Error Rate | Loss     | Error Rate |
---------------------------------------------------------------
    1 |   2.8562 |     70.051 |   2.2698 |     48.088 |     0.1
    2 |   2.0579 |     48.308 |   1.6986 |     44.534 |     0.3
    3 |   1.7047 |     46.518 |   1.5304 |     45.191 |     0.4
    4 |   1.5697 |     45.946 |   1.4508 |     44.534 |     0.6
    5 |   1.4984 |     45.946 |   1.4037 |     45.102 |     0.7
    6 |   1.4511 |     45.718 |   1.3676 |     44.086 |     0.9
    7 |   1.4178 |     45.212 |   1.3432 |     43.668 |     1.0
    8 |   1.3916 |     45.114 |   1.3170 |     43.668 |     1.1
    9 |   1.3674 |     44.608 |   1.3014 |     43.608 |     1.3
   10 |   1.3513 |     44.493 |   1.2851 |     42.622 |     1.4
   11 |   1.3304 |     43.612 |   1.2697 |     41.487 |     1.6
   12 |   1.3131 |     43.231 |   1.2570 |     41.816 |     1.7
   13 |   1.2972 |     42.932 |   1.2397 |     41.308 |     1.9
   14 |   1.2851 |     42.578 |   1.2295 |     41.278 |     2.0
   15 |   1.2733 |     42.328 |   1.2180 |     40.472 |     2.2
   16 |   1.2561 |     41.909 |   1.2041 |     40.054 |     2.3
   17 |   1.2472 |     41.811 |   1.1987 |     39.427 |     2.4
   18 |   1.2324 |     41.071 |   1.1881 |     40.323 |     2.6
   19 |   1.2227 |     41.076 |   1.1796 |     39.994 |     2.7
   20 |   1.2086 |     40.701 |   1.1676 |     39.188 |     2.9
   21 |   1.1965 |     40.478 |   1.1571 |     39.217 |     3.0
   22 |   1.1878 |     39.923 |   1.1495 |     38.530 |     3.2
   23 |   1.1754 |     39.803 |   1.1482 |     38.859 |     3.3
   24 |   1.1700 |     39.351 |   1.1376 |     38.978 |     3.5
   25 |   1.1627 |     39.449 |   1.1265 |     38.620 |     3.6
   26 |   1.1547 |     39.232 |   1.1195 |     37.903 |     3.7
   27 |   1.1464 |     39.177 |   1.1292 |     39.247 |     3.9
   28 |   1.1376 |     38.590 |   1.1102 |     38.560 |     4.0
   29 |   1.1295 |     38.405 |   1.1079 |     38.172 |     4.2
   30 |   1.1174 |     37.839 |   1.1065 |     38.232 |     4.3
   31 |   1.1147 |     38.171 |   1.0985 |     37.425 |     4.5
   32 |   1.1110 |     37.860 |   1.0962 |     37.814 |     4.6
   33 |   1.1062 |     37.795 |   1.0905 |     37.485 |     4.8
   34 |   1.0962 |     37.496 |   1.0832 |     37.485 |     4.9
   35 |   1.0890 |     37.006 |   1.0900 |     38.172 |     5.0
   36 |   1.0832 |     36.821 |   1.0834 |     37.634 |     5.2
   37 |   1.0728 |     36.576 |   1.0860 |     37.127 |     5.3
   38 |   1.0703 |     36.310 |   1.0730 |     36.977 |     5.5
   39 |   1.0646 |     36.342 |   1.0854 |     36.947 |     5.6
   40 |   1.0592 |     36.136 |   1.0652 |     35.753 |     5.8
   41 |   1.0545 |     35.994 |   1.0674 |     36.470 |     5.9
   42 |   1.0477 |     35.864 |   1.0650 |     36.947 |     6.1
   43 |   1.0411 |     35.548 |   1.0602 |     36.619 |     6.2
   44 |   1.0358 |     35.330 |   1.0572 |     36.320 |     6.3
   45 |   1.0299 |     35.162 |   1.0549 |     36.171 |     6.5
   46 |   1.0263 |     35.026 |   1.0464 |     36.231 |     6.6
   47 |   1.0164 |     34.688 |   1.0456 |     35.394 |     6.8
   48 |   1.0175 |     34.634 |   1.0469 |     35.454 |     6.9
   49 |   1.0110 |     34.514 |   1.0558 |     36.290 |     7.1
   50 |   1.0010 |     34.101 |   1.0453 |     35.514 |     7.2
   51 |   0.9974 |     33.872 |   1.0481 |     36.111 |     7.3
   52 |   0.9954 |     33.747 |   1.0447 |     36.081 |     7.5
   53 |   0.9908 |     33.774 |   1.0299 |     35.364 |     7.6
   54 |   0.9872 |     33.469 |   1.0304 |     34.797 |     7.8
   55 |   0.9773 |     33.366 |   1.0420 |     35.962 |     7.9
   56 |   0.9765 |     33.290 |   1.0306 |     35.902 |     8.1
   57 |   0.9717 |     33.203 |   1.0313 |     35.305 |     8.2
Early stopping

Model: Seq2Seq Transformer
Source index: <Seq2Seq Index with 45 items>
Target index: <Seq2Seq Index with 34 items>
Max sequence length: 800
Embedding dimension: 128
Feedforward dimension: 128
Encoder layers: 4
Decoder layers: 4
Attention heads: 4
Activation: relu
Dropout: 0.2
Trainable parameters: 1,179,298

Training started
X_train.shape: torch.Size([3063, 649])
Y_train.shape: torch.Size([3063, 7])
X_dev.shape: torch.Size([558, 702])
Y_dev.shape: torch.Size([558, 7])
Epochs: 500
Learning rate: 0.0001
Weight decay: 0.0001
Epoch | Train                 | Development           | Minutes
      | Loss     | Error Rate | Loss     | Error Rate |
---------------------------------------------------------------
    1 |   2.5011 |     63.543 |   1.6630 |     45.759 |     0.2
    2 |   1.6606 |     46.839 |   1.4251 |     45.221 |     0.4
    3 |   1.4947 |     46.137 |   1.3606 |     45.281 |     0.6
    4 |   1.4300 |     46.186 |   1.3271 |     44.743 |     0.8
    5 |   1.3883 |     45.620 |   1.2983 |     43.907 |     0.9
    6 |   1.3617 |     45.092 |   1.2625 |     42.563 |     1.1
    7 |   1.3343 |     44.423 |   1.2498 |     41.906 |     1.3
    8 |   1.3082 |     43.873 |   1.2283 |     41.189 |     1.5
    9 |   1.2868 |     43.400 |   1.2190 |     41.338 |     1.7
   10 |   1.2736 |     42.970 |   1.1923 |     39.606 |     1.9
   11 |   1.2504 |     42.290 |   1.1811 |     40.173 |     2.1
   12 |   1.2332 |     41.659 |   1.1656 |     39.188 |     2.3
   13 |   1.2150 |     40.951 |   1.1624 |     39.606 |     2.5
   14 |   1.1979 |     40.543 |   1.1432 |     39.367 |     2.7
   15 |   1.1797 |     39.803 |   1.1258 |     38.351 |     2.8
   16 |   1.1662 |     39.428 |   1.1122 |     37.395 |     3.0
   17 |   1.1490 |     38.840 |   1.1057 |     37.784 |     3.2
   18 |   1.1419 |     38.367 |   1.1017 |     36.858 |     3.4
   19 |   1.1244 |     38.029 |   1.0816 |     36.260 |     3.6
   20 |   1.1137 |     37.425 |   1.0839 |     37.067 |     3.8
   21 |   1.0974 |     36.908 |   1.0748 |     35.812 |     4.0
   22 |   1.0845 |     36.495 |   1.0706 |     35.454 |     4.2
   23 |   1.0715 |     36.038 |   1.0850 |     36.410 |     4.4
   24 |   1.0559 |     35.548 |   1.0702 |     36.022 |     4.6
   25 |   1.0477 |     35.172 |   1.0732 |     35.305 |     4.7
   26 |   1.0407 |     35.118 |   1.0657 |     35.902 |     4.9
   27 |   1.0244 |     34.345 |   1.0774 |     36.022 |     5.1
   28 |   1.0133 |     33.975 |   1.0750 |     35.633 |     5.3
   29 |   0.9993 |     33.649 |   1.0588 |     34.558 |     5.5
   30 |   0.9895 |     33.295 |   1.0536 |     34.677 |     5.7
   31 |   0.9805 |     32.914 |   1.0841 |     35.305 |     5.9
   32 |   0.9701 |     32.484 |   1.0580 |     34.707 |     6.1
   33 |   0.9594 |     32.648 |   1.0558 |     34.259 |     6.3
   34 |   0.9469 |     31.902 |   1.0528 |     33.751 |     6.5
   35 |   0.9425 |     31.897 |   1.0544 |     34.200 |     6.6
   36 |   0.9244 |     31.532 |   1.0412 |     33.453 |     6.8
   37 |   0.9190 |     31.157 |   1.0686 |     34.707 |     7.0
   38 |   0.9090 |     30.950 |   1.0678 |     34.229 |     7.2
   39 |   0.8979 |     30.656 |   1.0587 |     34.289 |     7.4
   40 |   0.8905 |     30.308 |   1.0657 |     34.050 |     7.6
Early stopping

Model: Seq2Seq Transformer
Source index: <Seq2Seq Index with 45 items>
Target index: <Seq2Seq Index with 34 items>
Max sequence length: 800
Embedding dimension: 64
Feedforward dimension: 64
Encoder layers: 2
Decoder layers: 3
Attention heads: 2
Activation: relu
Dropout: 0.2
Trainable parameters: 235,106

Training started
X_train.shape: torch.Size([3063, 649])
Y_train.shape: torch.Size([3063, 7])
X_dev.shape: torch.Size([558, 702])
Y_dev.shape: torch.Size([558, 7])
Epochs: 500
Learning rate: 0.0001
Weight decay: 0.0001
Epoch | Train                 | Development           | Minutes
      | Loss     | Error Rate | Loss     | Error Rate |
---------------------------------------------------------------
    1 |   2.9012 |     73.593 |   2.2278 |     50.627 |     0.1
    2 |   2.1819 |     51.213 |   1.7077 |     47.551 |     0.1
    3 |   1.8013 |     47.519 |   1.5318 |     45.281 |     0.2
    4 |   1.6319 |     46.550 |   1.4579 |     45.221 |     0.3
    5 |   1.5451 |     46.099 |   1.4217 |     45.221 |     0.3
    6 |   1.4950 |     46.109 |   1.3868 |     45.221 |     0.4
    7 |   1.4611 |     46.071 |   1.3650 |     45.102 |     0.5
    8 |   1.4295 |     45.729 |   1.3420 |     44.982 |     0.6
    9 |   1.4102 |     45.663 |   1.3260 |     44.683 |     0.6
   10 |   1.3922 |     45.364 |   1.3118 |     44.295 |     0.7
   11 |   1.3756 |     45.277 |   1.2987 |     44.146 |     0.8
   12 |   1.3637 |     45.114 |   1.2844 |     43.519 |     0.8
   13 |   1.3504 |     44.678 |   1.2755 |     43.339 |     0.9
   14 |   1.3383 |     44.629 |   1.2622 |     42.802 |     1.0
   15 |   1.3254 |     44.227 |   1.2514 |     41.906 |     1.1
   16 |   1.3134 |     43.949 |   1.2427 |     41.547 |     1.1
   17 |   1.2976 |     43.645 |   1.2406 |     41.428 |     1.2
   18 |   1.2953 |     43.721 |   1.2215 |     41.637 |     1.3
   19 |   1.2804 |     43.253 |   1.2149 |     41.039 |     1.3
   20 |   1.2741 |     43.215 |   1.2067 |     41.010 |     1.4
   21 |   1.2628 |     42.926 |   1.1971 |     40.084 |     1.5
   22 |   1.2596 |     42.943 |   1.1873 |     40.054 |     1.6
   23 |   1.2475 |     42.643 |   1.1788 |     39.845 |     1.6
   24 |   1.2414 |     42.317 |   1.1759 |     39.934 |     1.7
   25 |   1.2402 |     42.431 |   1.1715 |     39.904 |     1.8
   26 |   1.2281 |     42.088 |   1.1630 |     39.725 |     1.8
   27 |   1.2205 |     41.876 |   1.1585 |     39.456 |     1.9
   28 |   1.2165 |     41.566 |   1.1544 |     39.068 |     2.0
   29 |   1.2104 |     41.446 |   1.1474 |     38.620 |     2.0
   30 |   1.2055 |     41.316 |   1.1447 |     39.098 |     2.1
   31 |   1.2012 |     41.278 |   1.1421 |     38.978 |     2.2
   32 |   1.1974 |     41.207 |   1.1357 |     38.949 |     2.2
   33 |   1.1924 |     40.957 |   1.1353 |     38.799 |     2.3
   34 |   1.1874 |     40.706 |   1.1284 |     38.082 |     2.4
   35 |   1.1798 |     40.592 |   1.1247 |     38.321 |     2.4
   36 |   1.1786 |     40.510 |   1.1213 |     37.903 |     2.5
   37 |   1.1694 |     39.977 |   1.1202 |     38.023 |     2.6
   38 |   1.1656 |     40.168 |   1.1151 |     37.724 |     2.6
   39 |   1.1642 |     40.255 |   1.1202 |     38.292 |     2.7
   40 |   1.1602 |     40.042 |   1.1122 |     37.664 |     2.8
   41 |   1.1562 |     39.896 |   1.1046 |     37.575 |     2.8
   42 |   1.1572 |     39.743 |   1.1039 |     37.425 |     2.9
   43 |   1.1506 |     40.015 |   1.0979 |     37.605 |     3.0
   44 |   1.1424 |     39.232 |   1.1010 |     37.216 |     3.0
   45 |   1.1433 |     39.694 |   1.0913 |     37.127 |     3.1
   46 |   1.1336 |     39.194 |   1.0898 |     36.708 |     3.2
   47 |   1.1347 |     39.313 |   1.0933 |     37.007 |     3.3
   48 |   1.1267 |     38.742 |   1.0888 |     36.649 |     3.3
   49 |   1.1265 |     38.851 |   1.0824 |     36.410 |     3.4
   50 |   1.1216 |     38.617 |   1.0844 |     36.679 |     3.5
   51 |   1.1208 |     38.688 |   1.0827 |     36.888 |     3.5
   52 |   1.1110 |     38.100 |   1.0760 |     36.350 |     3.6
   53 |   1.1079 |     38.557 |   1.0757 |     36.589 |     3.7
   54 |   1.1107 |     38.111 |   1.0730 |     36.499 |     3.7
   55 |   1.1009 |     38.138 |   1.0785 |     37.485 |     3.8
   56 |   1.0994 |     37.812 |   1.0670 |     36.440 |     3.9
   57 |   1.0964 |     37.675 |   1.0642 |     35.842 |     3.9
   58 |   1.0935 |     37.703 |   1.0597 |     36.022 |     4.0
   59 |   1.0906 |     37.708 |   1.0649 |     36.290 |     4.1
   60 |   1.0922 |     37.300 |   1.0627 |     36.022 |     4.1
   61 |   1.0821 |     37.164 |   1.0633 |     36.798 |     4.2
   62 |   1.0812 |     37.131 |   1.0620 |     36.081 |     4.3
   63 |   1.0755 |     37.028 |   1.0525 |     35.962 |     4.3
   64 |   1.0724 |     37.327 |   1.0530 |     35.155 |     4.4
   65 |   1.0682 |     36.821 |   1.0505 |     35.006 |     4.5
   66 |   1.0660 |     36.892 |   1.0554 |     35.305 |     4.5
   67 |   1.0627 |     36.625 |   1.0466 |     35.185 |     4.6
   68 |   1.0592 |     36.506 |   1.0496 |     34.707 |     4.7
   69 |   1.0548 |     36.054 |   1.0506 |     34.976 |     4.7
   70 |   1.0542 |     36.179 |   1.0464 |     34.797 |     4.8
   71 |   1.0504 |     36.114 |   1.0381 |     34.319 |     4.9
   72 |   1.0452 |     35.880 |   1.0363 |     34.797 |     5.0
   73 |   1.0412 |     35.907 |   1.0331 |     34.289 |     5.0
   74 |   1.0411 |     35.787 |   1.0434 |     34.737 |     5.1
   75 |   1.0357 |     35.417 |   1.0302 |     34.050 |     5.2
   76 |   1.0304 |     35.216 |   1.0313 |     33.931 |     5.2
   77 |   1.0277 |     35.205 |   1.0323 |     34.438 |     5.3
   78 |   1.0273 |     35.390 |   1.0282 |     34.170 |     5.4
   79 |   1.0250 |     35.178 |   1.0235 |     33.811 |     5.4
   80 |   1.0158 |     34.960 |   1.0181 |     33.572 |     5.5
   81 |   1.0144 |     35.053 |   1.0184 |     33.692 |     5.6
   82 |   1.0145 |     34.922 |   1.0107 |     33.751 |     5.6
   83 |   1.0139 |     34.944 |   1.0293 |     34.468 |     5.7
   84 |   1.0109 |     35.113 |   1.0169 |     33.722 |     5.8
   85 |   1.0115 |     34.764 |   1.0166 |     33.722 |     5.8
   86 |   1.0030 |     34.454 |   1.0192 |     33.751 |     5.9
Early stopping

Model: Seq2Seq Transformer
Source index: <Seq2Seq Index with 45 items>
Target index: <Seq2Seq Index with 34 items>
Max sequence length: 800
Embedding dimension: 64
Feedforward dimension: 64
Encoder layers: 4
Decoder layers: 4
Attention heads: 2
Activation: relu
Dropout: 0.1
Trainable parameters: 327,522

Training started
X_train.shape: torch.Size([3063, 649])
Y_train.shape: torch.Size([3063, 7])
X_dev.shape: torch.Size([558, 702])
Y_dev.shape: torch.Size([558, 7])
Epochs: 500
Learning rate: 0.001
Weight decay: 1e-05
Epoch | Train                 | Development           | Minutes
      | Loss     | Error Rate | Loss     | Error Rate |
---------------------------------------------------------------
    1 |   1.7766 |     50.218 |   1.3331 |     44.295 |     0.1
    2 |   1.3560 |     45.598 |   1.2668 |     43.757 |     0.2
    3 |   1.2837 |     44.417 |   1.2117 |     41.398 |     0.3
    4 |   1.2482 |     43.558 |   1.1905 |     42.294 |     0.4
    5 |   1.2198 |     42.486 |   1.1602 |     39.815 |     0.5
    6 |   1.1901 |     41.446 |   1.1330 |     39.188 |     0.7
    7 |   1.1663 |     40.973 |   1.1372 |     39.277 |     0.8
    8 |   1.1431 |     39.901 |   1.1077 |     38.949 |     0.9
    9 |   1.1178 |     39.047 |   1.0866 |     38.202 |     1.0
   10 |   1.1010 |     38.513 |   1.0731 |     38.023 |     1.1
   11 |   1.0812 |     37.926 |   1.0503 |     36.918 |     1.2
   12 |   1.0565 |     37.175 |   1.0722 |     38.053 |     1.3
   13 |   1.0339 |     36.179 |   1.0504 |     36.918 |     1.4
   14 |   1.0157 |     35.951 |   1.0314 |     36.977 |     1.6
   15 |   0.9964 |     34.944 |   1.0402 |     36.260 |     1.7
   16 |   0.9797 |     34.476 |   1.0528 |     37.186 |     1.8
   17 |   0.9699 |     34.422 |   1.0248 |     36.679 |     1.9
   18 |   0.9467 |     33.595 |   1.0295 |     35.723 |     2.0
   19 |   0.9267 |     32.588 |   1.0156 |     36.051 |     2.1
   20 |   0.9109 |     32.060 |   1.0132 |     36.529 |     2.2
   21 |   0.8970 |     31.630 |   1.0048 |     34.857 |     2.4
   22 |   0.8837 |     31.429 |   1.0114 |     35.514 |     2.5
   23 |   0.8696 |     30.749 |   1.0116 |     35.902 |     2.6
   24 |   0.8450 |     29.835 |   1.0119 |     34.827 |     2.7
   25 |   0.8286 |     29.601 |   1.0243 |     34.588 |     2.8
Early stopping

Model: Seq2Seq Transformer
Source index: <Seq2Seq Index with 45 items>
Target index: <Seq2Seq Index with 34 items>
Max sequence length: 800
Embedding dimension: 64
Feedforward dimension: 128
Encoder layers: 2
Decoder layers: 2
Attention heads: 2
Activation: relu
Dropout: 0.2
Trainable parameters: 226,146

Training started
X_train.shape: torch.Size([3063, 649])
Y_train.shape: torch.Size([3063, 7])
X_dev.shape: torch.Size([558, 702])
Y_dev.shape: torch.Size([558, 7])
Epochs: 500
Learning rate: 0.0001
Weight decay: 0.0001
Epoch | Train                 | Development           | Minutes
      | Loss     | Error Rate | Loss     | Error Rate |
---------------------------------------------------------------
    1 |   2.8839 |     72.815 |   2.3078 |     55.526 |     0.1
    2 |   2.1958 |     50.707 |   1.7929 |     44.654 |     0.1
    3 |   1.8225 |     46.822 |   1.5894 |     44.654 |     0.2
    4 |   1.6482 |     46.289 |   1.4925 |     44.654 |     0.2
    5 |   1.5558 |     46.262 |   1.4352 |     44.504 |     0.3
    6 |   1.5019 |     46.066 |   1.3958 |     44.235 |     0.4
    7 |   1.4627 |     45.990 |   1.3648 |     44.385 |     0.4
    8 |   1.4284 |     45.729 |   1.3384 |     43.519 |     0.5
    9 |   1.4067 |     45.467 |   1.3151 |     43.698 |     0.5
   10 |   1.3828 |     45.206 |   1.2990 |     42.772 |     0.6
   11 |   1.3661 |     45.223 |   1.2803 |     42.682 |     0.7
   12 |   1.3473 |     44.695 |   1.2660 |     42.951 |     0.7
   13 |   1.3338 |     44.455 |   1.2568 |     42.533 |     0.8
   14 |   1.3197 |     44.504 |   1.2432 |     41.637 |     0.8
   15 |   1.3084 |     43.753 |   1.2354 |     41.398 |     0.9
   16 |   1.2960 |     43.737 |   1.2253 |     41.667 |     1.0
   17 |   1.2907 |     43.329 |   1.2186 |     41.577 |     1.0
   18 |   1.2831 |     43.394 |   1.2143 |     41.159 |     1.1
   19 |   1.2782 |     43.193 |   1.2068 |     40.830 |     1.1
   20 |   1.2691 |     42.828 |   1.1984 |     41.249 |     1.2
   21 |   1.2555 |     42.464 |   1.1978 |     41.099 |     1.3
   22 |   1.2531 |     42.828 |   1.1830 |     40.472 |     1.3
   23 |   1.2440 |     42.132 |   1.1821 |     40.532 |     1.4
   24 |   1.2364 |     41.903 |   1.1727 |     40.293 |     1.4
   25 |   1.2275 |     41.892 |   1.1762 |     40.293 |     1.5
   26 |   1.2258 |     41.980 |   1.1808 |     40.412 |     1.6
   27 |   1.2206 |     41.729 |   1.1601 |     39.785 |     1.6
   28 |   1.2165 |     41.533 |   1.1658 |     40.263 |     1.7
   29 |   1.2050 |     41.348 |   1.1642 |     39.815 |     1.7
   30 |   1.2035 |     41.027 |   1.1518 |     39.486 |     1.8
   31 |   1.1999 |     41.207 |   1.1478 |     39.576 |     1.9
   32 |   1.1899 |     40.935 |   1.1480 |     39.785 |     1.9
   33 |   1.1882 |     40.821 |   1.1493 |     39.695 |     2.0
   34 |   1.1807 |     40.788 |   1.1465 |     39.964 |     2.1
   35 |   1.1755 |     40.429 |   1.1379 |     39.307 |     2.1
   36 |   1.1738 |     40.456 |   1.1393 |     39.486 |     2.2
   37 |   1.1709 |     40.380 |   1.1303 |     39.486 |     2.2
   38 |   1.1618 |     40.271 |   1.1327 |     39.277 |     2.3
   39 |   1.1607 |     39.808 |   1.1380 |     39.546 |     2.4
   40 |   1.1522 |     39.558 |   1.1452 |     39.456 |     2.4
   41 |   1.1495 |     39.694 |   1.1347 |     39.337 |     2.5
   42 |   1.1460 |     39.656 |   1.1299 |     39.008 |     2.5
   43 |   1.1395 |     38.981 |   1.1311 |     39.188 |     2.6
   44 |   1.1363 |     39.531 |   1.1200 |     39.008 |     2.7
   45 |   1.1272 |     38.987 |   1.1360 |     39.606 |     2.7
   46 |   1.1303 |     39.172 |   1.1180 |     39.068 |     2.8
   47 |   1.1194 |     38.579 |   1.1255 |     38.859 |     2.9
   48 |   1.1169 |     38.611 |   1.1330 |     39.576 |     2.9
   49 |   1.1160 |     38.426 |   1.1265 |     38.710 |     3.0
   50 |   1.1094 |     38.492 |   1.1308 |     38.680 |     3.0
Early stopping

Model: Seq2Seq Transformer
Source index: <Seq2Seq Index with 45 items>
Target index: <Seq2Seq Index with 34 items>
Max sequence length: 800
Embedding dimension: 128
Feedforward dimension: 64
Encoder layers: 2
Decoder layers: 3
Attention heads: 2
Activation: relu
Dropout: 0.2
Trainable parameters: 732,002

Training started
X_train.shape: torch.Size([3063, 649])
Y_train.shape: torch.Size([3063, 7])
X_dev.shape: torch.Size([558, 702])
Y_dev.shape: torch.Size([558, 7])
Epochs: 500
Learning rate: 0.001
Weight decay: 1e-05
Epoch | Train                 | Development           | Minutes
      | Loss     | Error Rate | Loss     | Error Rate |
---------------------------------------------------------------
    1 |   1.7097 |     50.348 |   1.3055 |     44.295 |     0.1
    2 |   1.3374 |     45.250 |   1.2655 |     42.264 |     0.2
    3 |   1.2832 |     43.661 |   1.2486 |     42.712 |     0.3
    4 |   1.2408 |     42.224 |   1.2291 |     42.802 |     0.4
    5 |   1.2100 |     41.653 |   1.1645 |     40.203 |     0.4
    6 |   1.1759 |     40.532 |   1.1483 |     39.068 |     0.5
    7 |   1.1556 |     39.944 |   1.1446 |     38.829 |     0.6
    8 |   1.1312 |     39.047 |   1.1293 |     39.845 |     0.7
    9 |   1.1086 |     38.851 |   1.1303 |     38.321 |     0.8
   10 |   1.0933 |     37.588 |   1.1157 |     38.082 |     0.9
   11 |   1.0593 |     36.870 |   1.1219 |     38.650 |     1.0
   12 |   1.0465 |     36.549 |   1.1151 |     38.112 |     1.1
   13 |   1.0242 |     35.434 |   1.1010 |     37.634 |     1.1
   14 |   1.0025 |     34.764 |   1.1257 |     37.545 |     1.2
   15 |   0.9743 |     34.052 |   1.1218 |     37.664 |     1.3
   16 |   0.9546 |     33.067 |   1.1476 |     38.262 |     1.4
   17 |   0.9457 |     32.577 |   1.1311 |     37.694 |     1.5
Early stopping

Model: Seq2Seq Transformer
Source index: <Seq2Seq Index with 45 items>
Target index: <Seq2Seq Index with 34 items>
Max sequence length: 800
Embedding dimension: 128
Feedforward dimension: 128
Encoder layers: 4
Decoder layers: 2
Attention heads: 2
Activation: relu
Dropout: 0.2
Trainable parameters: 847,522

Training started
X_train.shape: torch.Size([3063, 649])
Y_train.shape: torch.Size([3063, 7])
X_dev.shape: torch.Size([558, 702])
Y_dev.shape: torch.Size([558, 7])
Epochs: 500
Learning rate: 0.001
Weight decay: 1e-05
Epoch | Train                 | Development           | Minutes
      | Loss     | Error Rate | Loss     | Error Rate |
---------------------------------------------------------------
    1 |   1.5858 |     48.270 |   1.3185 |     44.773 |     0.1
    2 |   1.3476 |     45.854 |   1.2702 |     43.967 |     0.3
    3 |   1.2993 |     45.288 |   1.2424 |     43.698 |     0.4
    4 |   1.2761 |     44.923 |   1.2100 |     43.011 |     0.5
    5 |   1.2529 |     44.613 |   1.2040 |     42.712 |     0.7
    6 |   1.2351 |     44.434 |   1.1814 |     43.190 |     0.8
    7 |   1.2230 |     44.113 |   1.1780 |     43.578 |     0.9
    8 |   1.2043 |     43.411 |   1.1677 |     42.264 |     1.1
    9 |   1.1988 |     43.465 |   1.1515 |     41.368 |     1.2
   10 |   1.1883 |     43.579 |   1.1791 |     42.533 |     1.4
   11 |   1.1811 |     43.258 |   1.1537 |     44.205 |     1.5
   12 |   1.1772 |     42.877 |   1.1432 |     42.981 |     1.6
   13 |   1.1733 |     43.139 |   1.1373 |     41.667 |     1.8
   14 |   1.1673 |     42.937 |   1.1362 |     41.816 |     1.9
   15 |   1.1653 |     42.714 |   1.1232 |     41.965 |     2.0
   16 |   1.1607 |     42.676 |   1.1278 |     41.607 |     2.2
   17 |   1.1559 |     42.725 |   1.1271 |     41.995 |     2.3
   18 |   1.1502 |     42.453 |   1.1323 |     41.278 |     2.5
   19 |   1.1506 |     42.088 |   1.1346 |     41.607 |     2.6
Early stopping

