Model: Seq2Seq Multimodal Transformer
Source index: <Seq2Seq Index with 44 items>
Target index: <Seq2Seq Index with 34 items>
Max sequence length: 800
Embedding dimension: 128
Descriptors dimension: 1136
Feedforward dimension: 256
Encoder layers: 3
Decoder layers: 4
Attention heads: 2
Activation: relu
Dropout: 0.1
Trainable parameters: 1,471,778

Training started
X_train.shape: torch.Size([3052, 702])
Y_train.shape: torch.Size([3052, 7])
X_dev.shape: torch.Size([533, 266])
Y_dev.shape: torch.Size([533, 7])
Epochs: 500
Learning rate: 0.0001
Weight decay: 1e-05
Epoch | Train                 | Development           | Minutes
      | Loss     | Error Rate | Loss     | Error Rate |
---------------------------------------------------------------
    1 |   2.1811 |     55.980 |   1.4783 |     44.215 |     0.1
    2 |   1.4635 |     43.911 |   1.3264 |     42.058 |     0.3
    3 |   1.3326 |     41.115 |   1.2290 |     38.806 |     0.4
    4 |   1.2413 |     38.849 |   1.1717 |     36.836 |     0.5
    5 |   1.1651 |     36.102 |   1.1200 |     34.897 |     0.7
    6 |   1.1027 |     34.524 |   1.0912 |     34.396 |     0.8
    7 |   1.0535 |     33.557 |   1.0427 |     32.864 |     0.9
    8 |   0.9974 |     31.690 |   1.0028 |     31.238 |     1.1
    9 |   0.9504 |     30.303 |   0.9853 |     30.957 |     1.2
   10 |   0.9081 |     29.057 |   0.9726 |     30.707 |     1.4
   11 |   0.8546 |     27.474 |   0.9539 |     30.113 |     1.5
   12 |   0.8278 |     26.491 |   0.9405 |     29.112 |     1.6
   13 |   0.7981 |     25.562 |   0.9325 |     29.362 |     1.8
   14 |   0.7575 |     24.410 |   0.9099 |     28.299 |     1.9
   15 |   0.7270 |     23.831 |   0.9104 |     28.455 |     2.0
   16 |   0.7032 |     22.608 |   0.8896 |     27.455 |     2.2
   17 |   0.6755 |     21.816 |   0.8971 |     27.830 |     2.3
   18 |   0.6490 |     20.888 |   0.9017 |     27.173 |     2.4
   19 |   0.6291 |     20.211 |   0.9073 |     27.173 |     2.6
   20 |   0.6083 |     19.555 |   0.8919 |     26.517 |     2.7
   21 |   0.5836 |     19.173 |   0.8698 |     25.704 |     2.9
   22 |   0.5599 |     18.360 |   0.8767 |     25.453 |     3.0
   23 |   0.5420 |     17.573 |   0.8900 |     25.891 |     3.1
   24 |   0.5290 |     17.371 |   0.8896 |     25.797 |     3.3
   25 |   0.5073 |     16.858 |   0.8997 |     25.141 |     3.4
Early stopping

Model: Seq2Seq Multimodal Transformer
Source index: <Seq2Seq Index with 44 items>
Target index: <Seq2Seq Index with 34 items>
Max sequence length: 800
Embedding dimension: 128
Descriptors dimension: 1136
Feedforward dimension: 128
Encoder layers: 4
Decoder layers: 3
Attention heads: 4
Activation: relu
Dropout: 0.1
Trainable parameters: 1,175,202

Training started
X_train.shape: torch.Size([3052, 702])
Y_train.shape: torch.Size([3052, 7])
X_dev.shape: torch.Size([533, 266])
Y_dev.shape: torch.Size([533, 7])
Epochs: 500
Learning rate: 0.0001
Weight decay: 1e-05
Epoch | Train                 | Development           | Minutes
      | Loss     | Error Rate | Loss     | Error Rate |
---------------------------------------------------------------
    1 |   2.2054 |     55.270 |   1.5025 |     44.590 |     0.2
    2 |   1.4873 |     43.796 |   1.3292 |     41.463 |     0.4
    3 |   1.3453 |     41.334 |   1.2478 |     38.868 |     0.6
    4 |   1.2593 |     39.122 |   1.1878 |     36.961 |     0.8
    5 |   1.1872 |     37.309 |   1.1380 |     35.929 |     0.9
    6 |   1.1226 |     35.649 |   1.1038 |     35.303 |     1.1
    7 |   1.0705 |     33.727 |   1.0749 |     34.240 |     1.3
    8 |   1.0203 |     32.345 |   1.0426 |     32.958 |     1.5
    9 |   0.9746 |     31.023 |   1.0222 |     32.958 |     1.7
   10 |   0.9326 |     29.401 |   0.9928 |     32.020 |     1.9
   11 |   0.8934 |     28.653 |   0.9863 |     31.207 |     2.1
   12 |   0.8535 |     27.070 |   0.9601 |     30.300 |     2.3
   13 |   0.8213 |     26.065 |   0.9543 |     29.800 |     2.5
   14 |   0.7878 |     25.005 |   0.9436 |     29.925 |     2.7
   15 |   0.7566 |     24.033 |   0.9439 |     29.456 |     2.8
   16 |   0.7361 |     23.624 |   0.9278 |     28.674 |     3.0
   17 |   0.7035 |     22.422 |   0.9148 |     28.455 |     3.2
   18 |   0.6761 |     21.571 |   0.8937 |     27.361 |     3.4
   19 |   0.6508 |     21.079 |   0.9076 |     27.986 |     3.6
   20 |   0.6302 |     20.063 |   0.9051 |     28.018 |     3.8
   21 |   0.6124 |     19.665 |   0.8874 |     27.142 |     4.0
   22 |   0.5915 |     19.195 |   0.9000 |     27.517 |     4.2
   23 |   0.5706 |     18.278 |   0.9034 |     26.923 |     4.4
   24 |   0.5531 |     18.256 |   0.9032 |     27.142 |     4.6
   25 |   0.5418 |     17.748 |   0.9113 |     26.735 |     4.7
Early stopping

Model: Seq2Seq Multimodal Transformer
Source index: <Seq2Seq Index with 44 items>
Target index: <Seq2Seq Index with 34 items>
Max sequence length: 800
Embedding dimension: 64
Descriptors dimension: 1136
Feedforward dimension: 256
Encoder layers: 3
Decoder layers: 3
Attention heads: 4
Activation: relu
Dropout: 0.0
Trainable parameters: 485,730

Training started
X_train.shape: torch.Size([3052, 702])
Y_train.shape: torch.Size([3052, 7])
X_dev.shape: torch.Size([533, 266])
Y_dev.shape: torch.Size([533, 7])
Epochs: 500
Learning rate: 0.001
Weight decay: 0.0001
Epoch | Train                 | Development           | Minutes
      | Loss     | Error Rate | Loss     | Error Rate |
---------------------------------------------------------------
    1 |   1.6307 |     46.865 |   1.2832 |     41.432 |     0.1
    2 |   1.1917 |     39.171 |   1.1216 |     36.366 |     0.2
    3 |   1.0578 |     35.414 |   1.0370 |     34.021 |     0.4
    4 |   0.9604 |     32.711 |   0.9874 |     33.271 |     0.5
    5 |   0.8901 |     30.013 |   0.9493 |     30.644 |     0.6
    6 |   0.8231 |     27.758 |   0.9341 |     30.707 |     0.7
    7 |   0.7812 |     26.862 |   0.8951 |     29.956 |     0.8
    8 |   0.7315 |     25.158 |   0.8504 |     27.548 |     1.0
    9 |   0.6919 |     23.536 |   0.8695 |     27.111 |     1.1
   10 |   0.6447 |     21.953 |   0.8414 |     26.485 |     1.2
   11 |   0.6100 |     20.751 |   0.8458 |     27.548 |     1.3
   12 |   0.5808 |     19.943 |   0.8218 |     25.610 |     1.5
   13 |   0.5486 |     18.846 |   0.8498 |     26.610 |     1.6
   14 |   0.5118 |     17.426 |   0.8096 |     25.109 |     1.7
   15 |   0.5006 |     17.065 |   0.7902 |     24.296 |     1.8
   16 |   0.4718 |     16.415 |   0.8030 |     23.890 |     1.9
   17 |   0.4547 |     15.793 |   0.8302 |     23.984 |     2.1
   18 |   0.4320 |     15.176 |   0.8385 |     25.016 |     2.2
   19 |   0.4138 |     14.602 |   0.8317 |     23.671 |     2.3
Early stopping

Model: Seq2Seq Multimodal Transformer
Source index: <Seq2Seq Index with 44 items>
Target index: <Seq2Seq Index with 34 items>
Max sequence length: 800
Embedding dimension: 128
Descriptors dimension: 1136
Feedforward dimension: 256
Encoder layers: 3
Decoder layers: 4
Attention heads: 4
Activation: relu
Dropout: 0.0
Trainable parameters: 1,471,778

Training started
X_train.shape: torch.Size([3052, 702])
Y_train.shape: torch.Size([3052, 7])
X_dev.shape: torch.Size([533, 266])
Y_dev.shape: torch.Size([533, 7])
Epochs: 500
Learning rate: 0.001
Weight decay: 0.0001
Epoch | Train                 | Development           | Minutes
      | Loss     | Error Rate | Loss     | Error Rate |
---------------------------------------------------------------
    1 |   1.5047 |     46.390 |   1.2549 |     41.338 |     0.2
    2 |   1.1595 |     38.871 |   1.1164 |     37.305 |     0.3
    3 |   1.0300 |     35.021 |   1.0327 |     34.553 |     0.5
    4 |   0.9571 |     32.918 |   0.9952 |     33.396 |     0.6
    5 |   0.8856 |     30.543 |   0.9586 |     31.864 |     0.8
    6 |   0.8401 |     28.790 |   0.9193 |     30.801 |     0.9
    7 |   0.7822 |     26.753 |   0.9284 |     30.050 |     1.1
    8 |   0.7477 |     25.639 |   0.8785 |     29.018 |     1.2
    9 |   0.7074 |     24.312 |   0.8815 |     27.517 |     1.4
   10 |   0.6788 |     23.449 |   0.8748 |     27.924 |     1.6
   11 |   0.6305 |     22.095 |   0.8360 |     26.266 |     1.7
   12 |   0.6193 |     21.554 |   0.8616 |     26.610 |     1.9
   13 |   0.5871 |     20.227 |   0.8150 |     24.640 |     2.0
   14 |   0.5517 |     19.244 |   0.8522 |     26.391 |     2.2
   15 |   0.5323 |     18.638 |   0.8165 |     25.141 |     2.3
   16 |   0.5163 |     18.054 |   0.8221 |     25.578 |     2.5
   17 |   0.4864 |     17.142 |   0.8393 |     25.485 |     2.6
Early stopping

Model: Seq2Seq Multimodal Transformer
Source index: <Seq2Seq Index with 44 items>
Target index: <Seq2Seq Index with 34 items>
Max sequence length: 800
Embedding dimension: 128
Descriptors dimension: 1136
Feedforward dimension: 128
Encoder layers: 4
Decoder layers: 4
Attention heads: 4
Activation: relu
Dropout: 0.0
Trainable parameters: 1,341,090

Training started
X_train.shape: torch.Size([3052, 702])
Y_train.shape: torch.Size([3052, 7])
X_dev.shape: torch.Size([533, 266])
Y_dev.shape: torch.Size([533, 7])
Epochs: 500
Learning rate: 0.001
Weight decay: 0.0001
Epoch | Train                 | Development           | Minutes
      | Loss     | Error Rate | Loss     | Error Rate |
---------------------------------------------------------------
    1 |   1.5412 |     46.871 |   1.2542 |     40.838 |     0.2
    2 |   1.1857 |     40.094 |   1.1346 |     37.836 |     0.4
    3 |   1.0808 |     36.959 |   1.0560 |     36.116 |     0.5
    4 |   1.0060 |     34.655 |   1.0577 |     35.616 |     0.7
    5 |   0.9494 |     32.907 |   0.9658 |     32.458 |     0.9
    6 |   0.8888 |     30.652 |   0.9418 |     30.738 |     1.1
    7 |   0.8490 |     29.287 |   0.9215 |     30.519 |     1.3
    8 |   0.8191 |     28.604 |   0.9050 |     30.582 |     1.5
    9 |   0.7852 |     27.392 |   0.9027 |     29.956 |     1.6
   10 |   0.7465 |     26.207 |   0.8702 |     29.268 |     1.8
   11 |   0.7116 |     24.667 |   0.8668 |     28.549 |     2.0
   12 |   0.6916 |     23.984 |   0.8453 |     27.767 |     2.2
   13 |   0.6701 |     23.143 |   0.8173 |     26.798 |     2.4
   14 |   0.6441 |     22.390 |   0.8221 |     26.767 |     2.6
   15 |   0.6182 |     21.571 |   0.8463 |     27.799 |     2.8
   16 |   0.6062 |     21.423 |   0.8080 |     25.203 |     2.9
   17 |   0.5760 |     19.998 |   0.8234 |     25.766 |     3.1
   18 |   0.5700 |     19.845 |   0.8102 |     26.141 |     3.3
   19 |   0.5416 |     19.004 |   0.8047 |     25.328 |     3.5
   20 |   0.5300 |     18.583 |   0.8195 |     25.485 |     3.7
   21 |   0.5079 |     17.633 |   0.7797 |     24.015 |     3.9
   22 |   0.4982 |     17.519 |   0.8090 |     25.016 |     4.0
   23 |   0.4751 |     16.661 |   0.8295 |     25.047 |     4.2
   24 |   0.4676 |     16.656 |   0.7932 |     23.609 |     4.4
   25 |   0.4699 |     16.361 |   0.8045 |     23.421 |     4.6
Early stopping

Model: Seq2Seq Multimodal Transformer
Source index: <Seq2Seq Index with 44 items>
Target index: <Seq2Seq Index with 34 items>
Max sequence length: 800
Embedding dimension: 128
Descriptors dimension: 1136
Feedforward dimension: 256
Encoder layers: 4
Decoder layers: 3
Attention heads: 2
Activation: relu
Dropout: 0.1
Trainable parameters: 1,405,474

Training started
X_train.shape: torch.Size([3052, 702])
Y_train.shape: torch.Size([3052, 7])
X_dev.shape: torch.Size([533, 266])
Y_dev.shape: torch.Size([533, 7])
Epochs: 500
Learning rate: 0.001
Weight decay: 1e-05
Epoch | Train                 | Development           | Minutes
      | Loss     | Error Rate | Loss     | Error Rate |
---------------------------------------------------------------
    1 |   1.5440 |     46.784 |   1.2620 |     41.463 |     0.2
    2 |   1.2407 |     41.536 |   1.1728 |     38.305 |     0.3
    3 |   1.1597 |     39.144 |   1.1123 |     37.398 |     0.5
    4 |   1.0896 |     37.276 |   1.0831 |     36.492 |     0.6
    5 |   1.0439 |     35.802 |   1.0195 |     33.802 |     0.8
    6 |   0.9951 |     34.300 |   1.0086 |     34.053 |     0.9
    7 |   0.9594 |     33.350 |   0.9857 |     33.990 |     1.1
    8 |   0.9227 |     31.804 |   0.9632 |     32.927 |     1.2
    9 |   0.8953 |     30.991 |   0.9749 |     33.771 |     1.4
   10 |   0.8697 |     30.286 |   0.9406 |     32.301 |     1.6
   11 |   0.8466 |     29.396 |   0.9479 |     33.146 |     1.7
   12 |   0.8201 |     28.937 |   0.9241 |     30.801 |     1.9
   13 |   0.7993 |     27.987 |   0.9348 |     31.926 |     2.0
   14 |   0.7710 |     26.982 |   0.9260 |     31.332 |     2.2
   15 |   0.7892 |     27.528 |   0.9470 |     33.208 |     2.3
   16 |   0.7423 |     26.305 |   0.9260 |     32.583 |     2.5
   17 |   0.7326 |     25.808 |   0.9199 |     31.207 |     2.6
   18 |   0.6969 |     24.137 |   0.8946 |     29.925 |     2.8
   19 |   0.6813 |     23.962 |   0.9024 |     30.613 |     3.0
   20 |   0.6750 |     23.799 |   0.9133 |     31.270 |     3.1
   21 |   0.6465 |     22.898 |   0.9719 |     32.802 |     3.3
   22 |   0.6366 |     22.521 |   0.9103 |     30.425 |     3.4
Early stopping

Model: Seq2Seq Multimodal Transformer
Source index: <Seq2Seq Index with 44 items>
Target index: <Seq2Seq Index with 34 items>
Max sequence length: 800
Embedding dimension: 64
Descriptors dimension: 1136
Feedforward dimension: 128
Encoder layers: 4
Decoder layers: 4
Attention heads: 2
Activation: relu
Dropout: 0.1
Trainable parameters: 470,370

Training started
X_train.shape: torch.Size([3052, 702])
Y_train.shape: torch.Size([3052, 7])
X_dev.shape: torch.Size([533, 266])
Y_dev.shape: torch.Size([533, 7])
Epochs: 500
Learning rate: 0.0001
Weight decay: 1e-05
Epoch | Train                 | Development           | Minutes
      | Loss     | Error Rate | Loss     | Error Rate |
---------------------------------------------------------------
    1 |   2.7054 |     65.427 |   1.9644 |     45.247 |     0.1
    2 |   1.8839 |     46.778 |   1.5852 |     43.527 |     0.2
    3 |   1.6150 |     44.648 |   1.4515 |     43.465 |     0.4
    4 |   1.4918 |     43.196 |   1.3775 |     42.495 |     0.5
    5 |   1.4094 |     41.710 |   1.3165 |     40.994 |     0.6
    6 |   1.3428 |     40.225 |   1.2628 |     38.680 |     0.7
    7 |   1.2817 |     38.778 |   1.2316 |     38.055 |     0.8
    8 |   1.2334 |     37.598 |   1.1893 |     36.773 |     0.9
    9 |   1.1913 |     36.533 |   1.1599 |     36.273 |     1.1
   10 |   1.1548 |     35.643 |   1.1366 |     36.273 |     1.2
   11 |   1.1112 |     34.098 |   1.1189 |     35.272 |     1.3
   12 |   1.0784 |     33.202 |   1.0853 |     34.178 |     1.4
   13 |   1.0436 |     32.525 |   1.0860 |     34.146 |     1.5
   14 |   1.0165 |     31.930 |   1.0627 |     33.458 |     1.7
   15 |   0.9859 |     30.969 |   1.0528 |     33.146 |     1.8
   16 |   0.9637 |     30.412 |   1.0411 |     32.489 |     1.9
   17 |   0.9348 |     29.434 |   1.0185 |     32.083 |     2.0
   18 |   0.9042 |     28.490 |   1.0129 |     31.426 |     2.1
   19 |   0.8865 |     27.610 |   1.0177 |     31.082 |     2.2
   20 |   0.8686 |     27.654 |   1.0037 |     31.238 |     2.4
   21 |   0.8559 |     27.113 |   0.9928 |     30.300 |     2.5
   22 |   0.8318 |     25.945 |   0.9936 |     30.644 |     2.6
   23 |   0.8088 |     25.704 |   0.9843 |     30.238 |     2.7
   24 |   0.7972 |     25.213 |   0.9876 |     30.707 |     2.9
   25 |   0.7781 |     24.672 |   0.9958 |     30.269 |     3.0
   26 |   0.7655 |     24.317 |   0.9797 |     29.737 |     3.1
   27 |   0.7440 |     23.493 |   0.9795 |     29.894 |     3.2
   28 |   0.7346 |     23.132 |   0.9849 |     29.581 |     3.4
   29 |   0.7215 |     22.756 |   0.9821 |     29.737 |     3.5
   30 |   0.7084 |     22.483 |   0.9764 |     28.768 |     3.6
   31 |   0.6928 |     21.953 |   0.9914 |     28.705 |     3.7
   32 |   0.6771 |     21.652 |   0.9888 |     29.550 |     3.8
   33 |   0.6675 |     21.369 |   0.9782 |     28.862 |     3.9
   34 |   0.6497 |     20.604 |   1.0196 |     29.393 |     4.1
Early stopping

Model: Seq2Seq Multimodal Transformer
Source index: <Seq2Seq Index with 44 items>
Target index: <Seq2Seq Index with 34 items>
Max sequence length: 800
Embedding dimension: 128
Descriptors dimension: 1136
Feedforward dimension: 256
Encoder layers: 4
Decoder layers: 3
Attention heads: 4
Activation: relu
Dropout: 0.1
Trainable parameters: 1,405,474

Training started
X_train.shape: torch.Size([3052, 702])
Y_train.shape: torch.Size([3052, 7])
X_dev.shape: torch.Size([533, 266])
Y_dev.shape: torch.Size([533, 7])
Epochs: 500
Learning rate: 0.0001
Weight decay: 0.0001
Epoch | Train                 | Development           | Minutes
      | Loss     | Error Rate | Loss     | Error Rate |
---------------------------------------------------------------
    1 |   2.1457 |     54.789 |   1.4714 |     43.996 |     0.2
    2 |   1.4602 |     43.676 |   1.3141 |     41.651 |     0.4
    3 |   1.3199 |     40.782 |   1.2274 |     38.587 |     0.6
    4 |   1.2285 |     38.532 |   1.1632 |     37.211 |     0.8
    5 |   1.1558 |     36.315 |   1.1138 |     36.085 |     1.0
    6 |   1.0906 |     34.185 |   1.0832 |     34.334 |     1.2
    7 |   1.0333 |     32.957 |   1.0545 |     32.708 |     1.4
    8 |   0.9758 |     30.952 |   1.0082 |     32.208 |     1.6
    9 |   0.9267 |     29.172 |   0.9871 |     30.801 |     1.7
   10 |   0.8783 |     27.856 |   0.9619 |     29.550 |     1.9
   11 |   0.8400 |     26.535 |   0.9480 |     28.674 |     2.1
   12 |   0.8009 |     25.459 |   0.9674 |     29.237 |     2.3
   13 |   0.7658 |     24.612 |   0.9330 |     28.799 |     2.5
   14 |   0.7374 |     23.618 |   0.9599 |     29.112 |     2.7
   15 |   0.7011 |     22.351 |   0.9391 |     28.236 |     2.9
   16 |   0.6780 |     21.789 |   0.9270 |     28.018 |     3.1
   17 |   0.6425 |     20.773 |   0.9187 |     26.673 |     3.3
   18 |   0.6263 |     20.085 |   0.9169 |     27.611 |     3.5
   19 |   0.6029 |     19.353 |   0.9386 |     27.236 |     3.7
   20 |   0.5766 |     18.731 |   0.9259 |     26.861 |     3.9
   21 |   0.5625 |     17.988 |   0.9249 |     26.829 |     4.1
   22 |   0.5369 |     17.388 |   0.9235 |     26.360 |     4.3
Early stopping

Model: Seq2Seq Multimodal Transformer
Source index: <Seq2Seq Index with 44 items>
Target index: <Seq2Seq Index with 34 items>
Max sequence length: 800
Embedding dimension: 64
Descriptors dimension: 1136
Feedforward dimension: 256
Encoder layers: 3
Decoder layers: 3
Attention heads: 4
Activation: relu
Dropout: 0.1
Trainable parameters: 485,730

Training started
X_train.shape: torch.Size([3052, 702])
Y_train.shape: torch.Size([3052, 7])
X_dev.shape: torch.Size([533, 266])
Y_dev.shape: torch.Size([533, 7])
Epochs: 500
Learning rate: 0.001
Weight decay: 0.0001
Epoch | Train                 | Development           | Minutes
      | Loss     | Error Rate | Loss     | Error Rate |
---------------------------------------------------------------
    1 |   1.7105 |     48.438 |   1.3096 |     42.026 |     0.1
    2 |   1.2520 |     41.000 |   1.1612 |     38.180 |     0.3
    3 |   1.1509 |     38.379 |   1.0892 |     36.585 |     0.4
    4 |   1.0681 |     35.873 |   1.0451 |     34.271 |     0.5
    5 |   1.0069 |     34.147 |   0.9712 |     31.895 |     0.7
    6 |   0.9554 |     32.454 |   0.9609 |     31.395 |     0.8
    7 |   0.9167 |     30.991 |   0.9328 |     31.457 |     0.9
    8 |   0.8691 |     29.576 |   0.9174 |     30.425 |     1.0
    9 |   0.8348 |     28.238 |   0.9120 |     29.456 |     1.2
   10 |   0.7903 |     27.108 |   0.8987 |     29.706 |     1.3
   11 |   0.7573 |     25.786 |   0.8761 |     27.861 |     1.4
   12 |   0.7301 |     24.902 |   0.8416 |     26.798 |     1.6
   13 |   0.6981 |     23.902 |   0.8703 |     27.017 |     1.7
   14 |   0.6647 |     22.597 |   0.8564 |     27.142 |     1.8
   15 |   0.6426 |     21.980 |   0.8248 |     26.141 |     2.0
   16 |   0.6162 |     20.959 |   0.8348 |     26.861 |     2.1
   17 |   0.6029 |     20.604 |   0.8335 |     25.954 |     2.2
   18 |   0.5838 |     20.391 |   0.8439 |     26.673 |     2.3
   19 |   0.5628 |     19.637 |   0.7979 |     24.672 |     2.5
   20 |   0.5353 |     18.638 |   0.8417 |     24.703 |     2.6
   21 |   0.5158 |     17.513 |   0.8469 |     25.235 |     2.7
   22 |   0.4987 |     17.671 |   0.8389 |     24.515 |     2.9
   23 |   0.4802 |     16.689 |   0.8368 |     24.140 |     3.0
Early stopping

Model: Seq2Seq Multimodal Transformer
Source index: <Seq2Seq Index with 44 items>
Target index: <Seq2Seq Index with 34 items>
Max sequence length: 800
Embedding dimension: 128
Descriptors dimension: 1136
Feedforward dimension: 128
Encoder layers: 3
Decoder layers: 3
Attention heads: 2
Activation: relu
Dropout: 0.0
Trainable parameters: 1,075,618

Training started
X_train.shape: torch.Size([3052, 702])
Y_train.shape: torch.Size([3052, 7])
X_dev.shape: torch.Size([533, 266])
Y_dev.shape: torch.Size([533, 7])
Epochs: 500
Learning rate: 0.001
Weight decay: 0.0001
Epoch | Train                 | Development           | Minutes
      | Loss     | Error Rate | Loss     | Error Rate |
---------------------------------------------------------------
    1 |   1.4683 |     45.102 |   1.2343 |     40.400 |     0.1
    2 |   1.1626 |     39.351 |   1.1067 |     36.554 |     0.2
    3 |   1.0535 |     36.310 |   1.0805 |     35.804 |     0.3
    4 |   0.9865 |     33.759 |   1.0147 |     32.770 |     0.5
    5 |   0.9196 |     31.580 |   0.9581 |     32.489 |     0.6
    6 |   0.8680 |     29.915 |   0.9213 |     29.862 |     0.7
    7 |   0.8158 |     28.096 |   0.9064 |     29.862 |     0.8
    8 |   0.7809 |     26.802 |   0.9022 |     30.613 |     0.9
    9 |   0.7416 |     25.639 |   0.8649 |     27.986 |     1.0
   10 |   0.6994 |     23.995 |   0.8524 |     28.205 |     1.1
   11 |   0.6707 |     23.334 |   0.8798 |     27.892 |     1.3
   12 |   0.6358 |     22.067 |   0.8753 |     27.830 |     1.4
   13 |   0.6075 |     20.861 |   0.8459 |     26.954 |     1.5
   14 |   0.5853 |     20.325 |   0.8231 |     25.922 |     1.6
   15 |   0.5684 |     19.572 |   0.8299 |     26.298 |     1.7
   16 |   0.5350 |     18.682 |   0.8166 |     25.485 |     1.8
   17 |   0.5113 |     17.857 |   0.8406 |     26.642 |     1.9
   18 |   0.5040 |     17.611 |   0.8452 |     26.048 |     2.1
   19 |   0.4800 |     16.934 |   0.8286 |     25.297 |     2.2
   20 |   0.4582 |     16.006 |   0.8326 |     24.109 |     2.3
Early stopping

Model: Seq2Seq Multimodal Transformer
Source index: <Seq2Seq Index with 44 items>
Target index: <Seq2Seq Index with 34 items>
Max sequence length: 800
Embedding dimension: 64
Descriptors dimension: 1136
Feedforward dimension: 256
Encoder layers: 4
Decoder layers: 4
Attention heads: 2
Activation: relu
Dropout: 0.1
Trainable parameters: 602,466

Training started
X_train.shape: torch.Size([3052, 702])
Y_train.shape: torch.Size([3052, 7])
X_dev.shape: torch.Size([533, 266])
Y_dev.shape: torch.Size([533, 7])
Epochs: 500
Learning rate: 0.0001
Weight decay: 1e-05
Epoch | Train                 | Development           | Minutes
      | Loss     | Error Rate | Loss     | Error Rate |
---------------------------------------------------------------
    1 |   2.5068 |     60.327 |   1.8076 |     47.655 |     0.1
    2 |   1.7553 |     46.057 |   1.5322 |     42.871 |     0.2
    3 |   1.5577 |     43.321 |   1.4248 |     42.151 |     0.4
    4 |   1.4532 |     42.131 |   1.3478 |     40.713 |     0.5
    5 |   1.3737 |     40.509 |   1.2901 |     39.525 |     0.6
    6 |   1.3077 |     39.422 |   1.2485 |     38.587 |     0.7
    7 |   1.2504 |     37.959 |   1.2009 |     36.398 |     0.9
    8 |   1.1960 |     36.648 |   1.1741 |     35.835 |     1.0
    9 |   1.1509 |     35.398 |   1.1325 |     35.397 |     1.1
   10 |   1.1016 |     33.912 |   1.1144 |     35.272 |     1.2
   11 |   1.0683 |     33.361 |   1.0747 |     33.552 |     1.4
   12 |   1.0302 |     32.214 |   1.0590 |     33.740 |     1.5
   13 |   0.9930 |     31.160 |   1.0307 |     32.833 |     1.6
   14 |   0.9598 |     30.221 |   1.0401 |     32.645 |     1.7
   15 |   0.9332 |     29.462 |   1.0065 |     31.301 |     1.9
   16 |   0.9036 |     28.692 |   1.0071 |     31.426 |     2.0
   17 |   0.8791 |     27.659 |   0.9949 |     31.426 |     2.1
   18 |   0.8546 |     26.726 |   0.9819 |     30.550 |     2.2
   19 |   0.8292 |     26.382 |   0.9744 |     29.862 |     2.3
   20 |   0.8047 |     25.306 |   0.9677 |     30.238 |     2.5
   21 |   0.7857 |     24.902 |   0.9649 |     29.550 |     2.6
   22 |   0.7669 |     24.143 |   0.9906 |     29.987 |     2.7
   23 |   0.7402 |     23.231 |   0.9753 |     28.862 |     2.8
   24 |   0.7230 |     22.777 |   0.9481 |     28.518 |     3.0
   25 |   0.7093 |     22.499 |   0.9583 |     28.268 |     3.1
   26 |   0.6988 |     22.073 |   0.9686 |     29.331 |     3.2
   27 |   0.6735 |     21.347 |   0.9653 |     28.455 |     3.3
   28 |   0.6609 |     21.090 |   0.9497 |     27.548 |     3.5
Early stopping

Model: Seq2Seq Multimodal Transformer
Source index: <Seq2Seq Index with 44 items>
Target index: <Seq2Seq Index with 34 items>
Max sequence length: 800
Embedding dimension: 128
Descriptors dimension: 1136
Feedforward dimension: 128
Encoder layers: 3
Decoder layers: 4
Attention heads: 2
Activation: relu
Dropout: 0.1
Trainable parameters: 1,241,506

Training started
X_train.shape: torch.Size([3052, 702])
Y_train.shape: torch.Size([3052, 7])
X_dev.shape: torch.Size([533, 266])
Y_dev.shape: torch.Size([533, 7])
Epochs: 500
Learning rate: 0.0001
Weight decay: 1e-05
Epoch | Train                 | Development           | Minutes
      | Loss     | Error Rate | Loss     | Error Rate |
---------------------------------------------------------------
    1 |   2.4079 |     61.987 |   1.5576 |     43.746 |     0.1
    2 |   1.5287 |     44.282 |   1.3354 |     41.276 |     0.3
    3 |   1.3588 |     41.694 |   1.2367 |     39.368 |     0.4
    4 |   1.2614 |     39.237 |   1.1811 |     37.273 |     0.5
    5 |   1.1852 |     37.172 |   1.1432 |     36.429 |     0.6
    6 |   1.1264 |     35.731 |   1.0990 |     34.928 |     0.8
    7 |   1.0782 |     34.480 |   1.0785 |     34.053 |     0.9
    8 |   1.0351 |     33.339 |   1.0422 |     33.677 |     1.0
    9 |   0.9899 |     31.449 |   1.0111 |     32.614 |     1.2
   10 |   0.9449 |     30.171 |   1.0030 |     31.520 |     1.3
   11 |   0.9120 |     29.505 |   0.9911 |     31.645 |     1.4
   12 |   0.8837 |     28.746 |   0.9628 |     29.831 |     1.6
   13 |   0.8489 |     27.163 |   0.9512 |     30.363 |     1.7
   14 |   0.8169 |     26.251 |   0.9588 |     30.144 |     1.8
   15 |   0.7867 |     25.142 |   0.9552 |     29.956 |     2.0
   16 |   0.7581 |     24.487 |   0.9402 |     28.799 |     2.1
   17 |   0.7380 |     24.022 |   0.9409 |     29.049 |     2.2
   18 |   0.7094 |     22.701 |   0.9231 |     28.737 |     2.3
   19 |   0.6932 |     22.390 |   0.9185 |     28.111 |     2.5
   20 |   0.6742 |     21.964 |   0.9338 |     27.517 |     2.6
   21 |   0.6502 |     21.379 |   0.9211 |     27.705 |     2.7
   22 |   0.6265 |     20.271 |   0.9169 |     27.861 |     2.9
   23 |   0.6100 |     19.867 |   0.9160 |     27.079 |     3.0
   24 |   0.5989 |     19.430 |   0.9188 |     27.674 |     3.1
   25 |   0.5763 |     18.611 |   0.9255 |     26.579 |     3.3
   26 |   0.5584 |     18.190 |   0.9074 |     26.798 |     3.4
   27 |   0.5495 |     17.852 |   0.9120 |     26.610 |     3.5
   28 |   0.5292 |     17.180 |   0.9252 |     26.454 |     3.7
   29 |   0.5176 |     17.153 |   0.9346 |     26.423 |     3.8
   30 |   0.5100 |     16.721 |   0.9410 |     26.266 |     3.9
Early stopping

Model: Seq2Seq Multimodal Transformer
Source index: <Seq2Seq Index with 44 items>
Target index: <Seq2Seq Index with 34 items>
Max sequence length: 800
Embedding dimension: 128
Descriptors dimension: 1136
Feedforward dimension: 128
Encoder layers: 4
Decoder layers: 4
Attention heads: 4
Activation: relu
Dropout: 0.1
Trainable parameters: 1,341,090

Training started
X_train.shape: torch.Size([3052, 702])
Y_train.shape: torch.Size([3052, 7])
X_dev.shape: torch.Size([533, 266])
Y_dev.shape: torch.Size([533, 7])
Epochs: 500
Learning rate: 0.001
Weight decay: 1e-05
Epoch | Train                 | Development           | Minutes
      | Loss     | Error Rate | Loss     | Error Rate |
---------------------------------------------------------------
    1 |   1.6162 |     48.471 |   1.2680 |     42.402 |     0.2
    2 |   1.2591 |     42.377 |   1.1625 |     39.619 |     0.4
    3 |   1.1704 |     40.007 |   1.1189 |     38.118 |     0.6
    4 |   1.1090 |     37.735 |   1.0701 |     36.210 |     0.8
    5 |   1.0547 |     36.107 |   1.0424 |     34.803 |     1.0
    6 |   1.0148 |     35.004 |   1.0324 |     34.991 |     1.2
    7 |   0.9753 |     33.382 |   1.0136 |     33.990 |     1.4
    8 |   0.9596 |     32.902 |   0.9894 |     34.709 |     1.6
    9 |   0.9196 |     31.690 |   0.9834 |     32.927 |     1.8
   10 |   0.8926 |     30.761 |   0.9538 |     32.301 |     2.0
   11 |   0.8695 |     29.980 |   0.9347 |     32.958 |     2.2
   12 |   0.8408 |     29.101 |   0.9291 |     30.894 |     2.4
   13 |   0.8175 |     28.255 |   0.9060 |     29.956 |     2.6
   14 |   0.7960 |     27.556 |   0.9407 |     32.083 |     2.8
   15 |   0.7821 |     27.190 |   0.9034 |     30.144 |     3.0
   16 |   0.7600 |     26.491 |   0.9266 |     31.363 |     3.2
   17 |   0.7348 |     25.628 |   0.9053 |     30.519 |     3.3
   18 |   0.7026 |     24.361 |   0.9084 |     30.738 |     3.5
   19 |   0.7064 |     24.547 |   0.9165 |     31.176 |     3.7
   20 |   0.6794 |     23.547 |   0.8821 |     28.643 |     3.9
   21 |   0.6589 |     23.263 |   0.9248 |     31.082 |     4.1
   22 |   0.6498 |     22.990 |   0.9068 |     30.519 |     4.3
   23 |   0.6389 |     22.428 |   0.8784 |     29.018 |     4.5
   24 |   0.6176 |     21.762 |   0.8871 |     29.956 |     4.7
   25 |   0.6045 |     21.237 |   0.9224 |     30.238 |     4.9
   26 |   0.5870 |     20.735 |   0.8904 |     29.862 |     5.1
   27 |   0.5711 |     19.932 |   0.8943 |     29.143 |     5.3
Early stopping

Model: Seq2Seq Multimodal Transformer
Source index: <Seq2Seq Index with 44 items>
Target index: <Seq2Seq Index with 34 items>
Max sequence length: 800
Embedding dimension: 64
Descriptors dimension: 1136
Feedforward dimension: 256
Encoder layers: 4
Decoder layers: 4
Attention heads: 4
Activation: relu
Dropout: 0.0
Trainable parameters: 602,466

Training started
X_train.shape: torch.Size([3052, 702])
Y_train.shape: torch.Size([3052, 7])
X_dev.shape: torch.Size([533, 266])
Y_dev.shape: torch.Size([533, 7])
Epochs: 500
Learning rate: 0.0001
Weight decay: 1e-05
Epoch | Train                 | Development           | Minutes
      | Loss     | Error Rate | Loss     | Error Rate |
---------------------------------------------------------------
    1 |   2.4995 |     62.254 |   1.6996 |     44.434 |     0.2
    2 |   1.5460 |     42.628 |   1.4383 |     40.525 |     0.3
    3 |   1.3710 |     39.723 |   1.3269 |     39.149 |     0.5
    4 |   1.2636 |     37.598 |   1.2438 |     37.023 |     0.6
    5 |   1.1769 |     35.092 |   1.1884 |     34.991 |     0.8
    6 |   1.1085 |     33.666 |   1.1457 |     34.428 |     0.9
    7 |   1.0450 |     31.870 |   1.1080 |     32.802 |     1.1
    8 |   0.9857 |     29.931 |   1.0696 |     31.520 |     1.3
    9 |   0.9362 |     28.484 |   1.0358 |     31.270 |     1.4
   10 |   0.8817 |     26.747 |   1.0189 |     31.426 |     1.6
   11 |   0.8457 |     25.890 |   0.9750 |     29.112 |     1.7
   12 |   0.8005 |     24.459 |   0.9674 |     30.988 |     1.9
   13 |   0.7708 |     23.815 |   0.9646 |     29.237 |     2.0
   14 |   0.7250 |     22.040 |   0.9421 |     28.643 |     2.2
   15 |   0.6903 |     20.953 |   0.9162 |     27.642 |     2.4
   16 |   0.6633 |     20.145 |   0.9042 |     26.829 |     2.5
   17 |   0.6288 |     19.353 |   0.9006 |     26.986 |     2.7
   18 |   0.6007 |     18.496 |   0.9049 |     27.392 |     2.8
   19 |   0.5775 |     17.781 |   0.8975 |     26.673 |     3.0
   20 |   0.5638 |     17.355 |   0.9364 |     28.549 |     3.2
   21 |   0.5305 |     16.383 |   0.8933 |     26.642 |     3.3
   22 |   0.5121 |     15.678 |   0.8851 |     26.266 |     3.5
   23 |   0.4899 |     15.236 |   0.8870 |     25.641 |     3.6
   24 |   0.4769 |     14.914 |   0.8813 |     25.954 |     3.8
   25 |   0.4508 |     13.893 |   0.8649 |     24.891 |     3.9
   26 |   0.4293 |     13.434 |   0.8925 |     25.641 |     4.1
   27 |   0.4233 |     13.314 |   0.8803 |     24.609 |     4.3
   28 |   0.4016 |     12.402 |   0.8833 |     25.578 |     4.4
   29 |   0.3908 |     12.402 |   0.8832 |     24.359 |     4.6
Early stopping

Model: Seq2Seq Multimodal Transformer
Source index: <Seq2Seq Index with 44 items>
Target index: <Seq2Seq Index with 34 items>
Max sequence length: 800
Embedding dimension: 64
Descriptors dimension: 1136
Feedforward dimension: 128
Encoder layers: 4
Decoder layers: 4
Attention heads: 4
Activation: relu
Dropout: 0.1
Trainable parameters: 470,370

Training started
X_train.shape: torch.Size([3052, 702])
Y_train.shape: torch.Size([3052, 7])
X_dev.shape: torch.Size([533, 266])
Y_dev.shape: torch.Size([533, 7])
Epochs: 500
Learning rate: 0.0001
Weight decay: 0.0001
Epoch | Train                 | Development           | Minutes
      | Loss     | Error Rate | Loss     | Error Rate |
---------------------------------------------------------------
    1 |   2.7339 |     70.375 |   2.0325 |     51.532 |     0.2
    2 |   1.8821 |     47.433 |   1.5725 |     44.215 |     0.3
    3 |   1.6002 |     44.523 |   1.4536 |     42.777 |     0.5
    4 |   1.4919 |     43.267 |   1.3702 |     41.370 |     0.7
    5 |   1.4076 |     42.125 |   1.3122 |     39.962 |     0.8
    6 |   1.3481 |     40.798 |   1.2661 |     39.525 |     1.0
    7 |   1.2937 |     39.291 |   1.2354 |     37.867 |     1.2
    8 |   1.2451 |     38.232 |   1.1995 |     37.867 |     1.3
    9 |   1.2011 |     37.080 |   1.1748 |     36.273 |     1.5
   10 |   1.1680 |     36.151 |   1.1574 |     36.085 |     1.7
   11 |   1.1299 |     35.190 |   1.1335 |     36.179 |     1.8
   12 |   1.0965 |     33.939 |   1.1119 |     34.959 |     2.0
   13 |   1.0634 |     33.142 |   1.1061 |     34.553 |     2.2
   14 |   1.0391 |     32.498 |   1.0932 |     34.240 |     2.3
   15 |   1.0078 |     31.493 |   1.0734 |     32.958 |     2.5
   16 |   0.9802 |     30.794 |   1.0708 |     34.053 |     2.7
   17 |   0.9499 |     29.909 |   1.0530 |     32.176 |     2.8
   18 |   0.9331 |     29.052 |   1.0547 |     32.770 |     3.0
   19 |   0.9104 |     28.746 |   1.0424 |     32.583 |     3.2
   20 |   0.8918 |     28.173 |   1.0399 |     32.333 |     3.3
   21 |   0.8701 |     27.692 |   1.0270 |     31.989 |     3.5
   22 |   0.8498 |     27.010 |   1.0517 |     32.708 |     3.6
   23 |   0.8376 |     26.687 |   1.0177 |     30.675 |     3.8
   24 |   0.8209 |     26.196 |   1.0139 |     31.426 |     4.0
   25 |   0.7955 |     25.437 |   1.0137 |     31.176 |     4.1
   26 |   0.7881 |     25.235 |   1.0171 |     30.519 |     4.3
   27 |   0.7695 |     24.896 |   1.0103 |     31.363 |     4.5
   28 |   0.7596 |     24.683 |   0.9979 |     30.613 |     4.6
   29 |   0.7390 |     23.706 |   1.0099 |     29.737 |     4.8
   30 |   0.7283 |     23.553 |   1.0087 |     30.175 |     5.0
   31 |   0.7126 |     23.149 |   1.0000 |     30.050 |     5.1
   32 |   0.7039 |     22.788 |   0.9899 |     29.393 |     5.3
   33 |   0.6902 |     22.209 |   0.9926 |     29.300 |     5.5
   34 |   0.6726 |     21.625 |   0.9897 |     29.675 |     5.6
   35 |   0.6598 |     21.041 |   0.9915 |     28.924 |     5.8
   36 |   0.6576 |     21.336 |   1.0188 |     30.081 |     6.0
   37 |   0.6461 |     21.052 |   0.9942 |     29.081 |     6.1
   38 |   0.6342 |     20.560 |   1.0130 |     29.362 |     6.3
Early stopping

Model: Seq2Seq Multimodal Transformer
Source index: <Seq2Seq Index with 44 items>
Target index: <Seq2Seq Index with 34 items>
Max sequence length: 800
Embedding dimension: 64
Descriptors dimension: 1136
Feedforward dimension: 256
Encoder layers: 4
Decoder layers: 4
Attention heads: 2
Activation: relu
Dropout: 0.0
Trainable parameters: 602,466

Training started
X_train.shape: torch.Size([3052, 702])
Y_train.shape: torch.Size([3052, 7])
X_dev.shape: torch.Size([533, 266])
Y_dev.shape: torch.Size([533, 7])
Epochs: 500
Learning rate: 0.001
Weight decay: 0.0001
Epoch | Train                 | Development           | Minutes
      | Loss     | Error Rate | Loss     | Error Rate |
---------------------------------------------------------------
    1 |   1.6357 |     47.608 |   1.3016 |     41.807 |     0.1
    2 |   1.2140 |     40.258 |   1.1809 |     40.056 |     0.2
    3 |   1.0953 |     37.058 |   1.0866 |     35.428 |     0.3
    4 |   1.0075 |     34.174 |   1.0037 |     33.458 |     0.4
    5 |   0.9352 |     32.012 |   0.9873 |     33.333 |     0.6
    6 |   0.8833 |     30.423 |   0.9456 |     32.364 |     0.7
    7 |   0.8356 |     28.615 |   0.9186 |     31.270 |     0.8
    8 |   0.7801 |     26.900 |   0.9105 |     30.050 |     0.9
    9 |   0.7523 |     25.530 |   0.8996 |     29.644 |     1.0
   10 |   0.7253 |     24.934 |   0.8747 |     29.581 |     1.1
   11 |   0.6863 |     23.831 |   0.8780 |     29.393 |     1.2
   12 |   0.6437 |     21.991 |   0.8451 |     27.705 |     1.4
   13 |   0.6127 |     21.216 |   0.8603 |     27.236 |     1.5
   14 |   0.5845 |     20.435 |   0.8527 |     26.798 |     1.6
   15 |   0.5599 |     19.512 |   0.8161 |     25.297 |     1.7
   16 |   0.5408 |     18.660 |   0.8422 |     26.266 |     1.8
   17 |   0.5177 |     18.152 |   0.8083 |     24.828 |     1.9
   18 |   0.4864 |     16.601 |   0.8592 |     25.641 |     2.0
   19 |   0.4753 |     16.432 |   0.8625 |     24.703 |     2.2
   20 |   0.4620 |     16.263 |   0.8470 |     24.578 |     2.3
   21 |   0.4384 |     15.471 |   0.8263 |     24.265 |     2.4
Early stopping

Model: Seq2Seq Multimodal Transformer
Source index: <Seq2Seq Index with 44 items>
Target index: <Seq2Seq Index with 34 items>
Max sequence length: 800
Embedding dimension: 128
Descriptors dimension: 1136
Feedforward dimension: 256
Encoder layers: 3
Decoder layers: 4
Attention heads: 2
Activation: relu
Dropout: 0.0
Trainable parameters: 1,471,778

Training started
X_train.shape: torch.Size([3052, 702])
Y_train.shape: torch.Size([3052, 7])
X_dev.shape: torch.Size([533, 266])
Y_dev.shape: torch.Size([533, 7])
Epochs: 500
Learning rate: 0.001
Weight decay: 0.0001
Epoch | Train                 | Development           | Minutes
      | Loss     | Error Rate | Loss     | Error Rate |
---------------------------------------------------------------
    1 |   1.4952 |     46.642 |   1.2258 |     40.901 |     0.1
    2 |   1.1743 |     39.450 |   1.1520 |     38.086 |     0.3
    3 |   1.0541 |     35.829 |   1.0695 |     35.866 |     0.4
    4 |   0.9871 |     33.710 |   0.9955 |     32.708 |     0.5
    5 |   0.9133 |     31.520 |   0.9835 |     32.677 |     0.6
    6 |   0.8619 |     29.314 |   0.9565 |     31.676 |     0.8
    7 |   0.8118 |     28.107 |   0.9090 |     30.394 |     0.9
    8 |   0.7639 |     26.349 |   0.8676 |     29.331 |     1.0
    9 |   0.7170 |     24.629 |   0.8609 |     27.986 |     1.1
   10 |   0.6893 |     23.990 |   0.8983 |     29.800 |     1.3
   11 |   0.6541 |     22.706 |   0.8485 |     27.455 |     1.4
   12 |   0.6246 |     21.652 |   0.8432 |     27.486 |     1.5
   13 |   0.5934 |     20.675 |   0.8404 |     26.454 |     1.7
   14 |   0.5643 |     19.747 |   0.8100 |     25.422 |     1.8
   15 |   0.5469 |     19.272 |   0.8201 |     25.453 |     1.9
   16 |   0.5162 |     18.157 |   0.8212 |     26.610 |     2.0
   17 |   0.5016 |     17.819 |   0.7733 |     24.891 |     2.2
   18 |   0.4749 |     16.579 |   0.7928 |     24.515 |     2.3
   19 |   0.4524 |     16.055 |   0.8100 |     24.547 |     2.4
   20 |   0.4325 |     15.116 |   0.8269 |     24.359 |     2.5
   21 |   0.4155 |     14.821 |   0.8290 |     24.015 |     2.7
Early stopping

Model: Seq2Seq Multimodal Transformer
Source index: <Seq2Seq Index with 44 items>
Target index: <Seq2Seq Index with 34 items>
Max sequence length: 800
Embedding dimension: 64
Descriptors dimension: 1136
Feedforward dimension: 128
Encoder layers: 4
Decoder layers: 4
Attention heads: 4
Activation: relu
Dropout: 0.1
Trainable parameters: 470,370

Training started
X_train.shape: torch.Size([3052, 702])
Y_train.shape: torch.Size([3052, 7])
X_dev.shape: torch.Size([533, 266])
Y_dev.shape: torch.Size([533, 7])
Epochs: 500
Learning rate: 0.001
Weight decay: 1e-05
Epoch | Train                 | Development           | Minutes
      | Loss     | Error Rate | Loss     | Error Rate |
---------------------------------------------------------------
    1 |   1.7458 |     49.443 |   1.3190 |     42.370 |     0.2
    2 |   1.3034 |     42.300 |   1.2015 |     39.744 |     0.3
    3 |   1.2009 |     40.023 |   1.1475 |     37.711 |     0.5
    4 |   1.1277 |     37.860 |   1.0997 |     36.492 |     0.7
    5 |   1.0688 |     35.998 |   1.0331 |     33.865 |     0.8
    6 |   1.0153 |     34.365 |   1.0033 |     33.208 |     1.0
    7 |   0.9686 |     32.787 |   0.9872 |     32.896 |     1.2
    8 |   0.9251 |     30.980 |   0.9556 |     31.739 |     1.3
    9 |   0.8954 |     30.657 |   0.9244 |     30.206 |     1.5
   10 |   0.8620 |     29.139 |   0.9101 |     30.675 |     1.7
   11 |   0.8375 |     28.500 |   0.9009 |     30.863 |     1.8
   12 |   0.7931 |     27.070 |   0.8835 |     30.113 |     2.0
   13 |   0.7641 |     26.283 |   0.9015 |     29.925 |     2.2
   14 |   0.7403 |     25.131 |   0.8727 |     28.518 |     2.3
   15 |   0.7250 |     24.727 |   0.8904 |     30.081 |     2.5
   16 |   0.6996 |     23.891 |   0.8863 |     28.737 |     2.7
   17 |   0.6787 |     23.143 |   0.8990 |     28.737 |     2.8
   18 |   0.6539 |     22.630 |   0.8973 |     30.081 |     3.0
   19 |   0.6412 |     22.100 |   0.8583 |     27.924 |     3.2
   20 |   0.6172 |     21.090 |   0.8612 |     28.080 |     3.3
   21 |   0.5967 |     20.429 |   0.8771 |     28.393 |     3.5
   22 |   0.5708 |     19.594 |   0.8659 |     28.018 |     3.6
   23 |   0.5634 |     19.277 |   0.8899 |     27.799 |     3.8
Early stopping

Model: Seq2Seq Multimodal Transformer
Source index: <Seq2Seq Index with 44 items>
Target index: <Seq2Seq Index with 34 items>
Max sequence length: 800
Embedding dimension: 128
Descriptors dimension: 1136
Feedforward dimension: 128
Encoder layers: 4
Decoder layers: 4
Attention heads: 2
Activation: relu
Dropout: 0.0
Trainable parameters: 1,341,090

Training started
X_train.shape: torch.Size([3052, 702])
Y_train.shape: torch.Size([3052, 7])
X_dev.shape: torch.Size([533, 266])
Y_dev.shape: torch.Size([533, 7])
Epochs: 500
Learning rate: 0.001
Weight decay: 0.0001
Epoch | Train                 | Development           | Minutes
      | Loss     | Error Rate | Loss     | Error Rate |
---------------------------------------------------------------
    1 |   1.5115 |     46.265 |   1.2302 |     40.369 |     0.1
    2 |   1.1751 |     39.389 |   1.1645 |     38.868 |     0.3
    3 |   1.0750 |     36.888 |   1.0987 |     37.179 |     0.4
    4 |   1.0030 |     34.049 |   1.0346 |     34.959 |     0.6
    5 |   0.9456 |     32.569 |   0.9931 |     33.240 |     0.7
    6 |   0.8963 |     30.707 |   0.9621 |     31.832 |     0.9
    7 |   0.8483 |     29.139 |   0.9710 |     32.239 |     1.0
    8 |   0.8154 |     28.391 |   0.8971 |     29.331 |     1.2
    9 |   0.7814 |     26.846 |   0.8800 |     30.394 |     1.3
   10 |   0.7395 |     25.661 |   0.8963 |     29.362 |     1.5
   11 |   0.7209 |     24.989 |   0.8616 |     27.548 |     1.6
   12 |   0.7007 |     24.225 |   0.8709 |     29.706 |     1.8
   13 |   0.6617 |     23.121 |   0.8549 |     26.829 |     1.9
   14 |   0.6547 |     22.646 |   0.8662 |     27.111 |     2.1
   15 |   0.6219 |     21.865 |   0.8434 |     27.048 |     2.2
   16 |   0.5972 |     20.686 |   0.7992 |     25.235 |     2.4
   17 |   0.5705 |     19.752 |   0.8693 |     27.298 |     2.5
   18 |   0.5555 |     19.539 |   0.8481 |     26.173 |     2.7
   19 |   0.5310 |     18.589 |   0.8017 |     25.297 |     2.8
   20 |   0.5221 |     18.414 |   0.8400 |     25.141 |     3.0
Early stopping

Model: Seq2Seq Multimodal Transformer
Source index: <Seq2Seq Index with 44 items>
Target index: <Seq2Seq Index with 34 items>
Max sequence length: 800
Embedding dimension: 64
Descriptors dimension: 1136
Feedforward dimension: 256
Encoder layers: 4
Decoder layers: 3
Attention heads: 2
Activation: relu
Dropout: 0.0
Trainable parameters: 535,714

Training started
X_train.shape: torch.Size([3052, 702])
Y_train.shape: torch.Size([3052, 7])
X_dev.shape: torch.Size([533, 266])
Y_dev.shape: torch.Size([533, 7])
Epochs: 500
Learning rate: 0.0001
Weight decay: 1e-05
Epoch | Train                 | Development           | Minutes
      | Loss     | Error Rate | Loss     | Error Rate |
---------------------------------------------------------------
    1 |   2.3960 |     57.580 |   1.7629 |     44.278 |     0.1
    2 |   1.6178 |     43.824 |   1.5007 |     42.933 |     0.2
    3 |   1.4332 |     41.585 |   1.3753 |     40.619 |     0.3
    4 |   1.3171 |     39.247 |   1.3015 |     37.711 |     0.4
    5 |   1.2261 |     36.364 |   1.2283 |     36.366 |     0.5
    6 |   1.1542 |     34.262 |   1.1785 |     35.147 |     0.6
    7 |   1.0935 |     33.180 |   1.1468 |     35.178 |     0.8
    8 |   1.0388 |     31.591 |   1.1113 |     33.927 |     0.9
    9 |   0.9909 |     30.177 |   1.0836 |     33.552 |     1.0
   10 |   0.9468 |     29.287 |   1.0574 |     31.707 |     1.1
   11 |   0.9055 |     28.249 |   1.0374 |     32.239 |     1.2
   12 |   0.8682 |     26.922 |   1.0402 |     31.551 |     1.3
   13 |   0.8276 |     25.562 |   0.9918 |     30.300 |     1.4
   14 |   0.7951 |     24.541 |   0.9978 |     30.675 |     1.5
   15 |   0.7592 |     23.575 |   0.9623 |     29.268 |     1.6
   16 |   0.7245 |     22.264 |   0.9605 |     29.393 |     1.7
   17 |   0.6961 |     21.494 |   0.9514 |     29.393 |     1.8
   18 |   0.6679 |     20.708 |   0.9631 |     28.956 |     1.9
   19 |   0.6323 |     19.386 |   0.9366 |     28.424 |     2.0
   20 |   0.6141 |     19.037 |   0.9355 |     28.393 |     2.2
   21 |   0.5868 |     18.032 |   0.9410 |     28.549 |     2.3
   22 |   0.5650 |     17.393 |   0.9291 |     27.611 |     2.4
   23 |   0.5384 |     16.639 |   0.9154 |     27.267 |     2.5
   24 |   0.5200 |     16.192 |   0.9636 |     27.548 |     2.6
   25 |   0.4984 |     15.542 |   0.9178 |     26.986 |     2.7
   26 |   0.4761 |     14.586 |   0.9375 |     27.611 |     2.8
   27 |   0.4614 |     14.428 |   0.9169 |     26.610 |     2.9
Early stopping

Model: Seq2Seq Multimodal Transformer
Source index: <Seq2Seq Index with 44 items>
Target index: <Seq2Seq Index with 34 items>
Max sequence length: 800
Embedding dimension: 128
Descriptors dimension: 1136
Feedforward dimension: 256
Encoder layers: 4
Decoder layers: 4
Attention heads: 2
Activation: relu
Dropout: 0.1
Trainable parameters: 1,604,258

Training started
X_train.shape: torch.Size([3052, 702])
Y_train.shape: torch.Size([3052, 7])
X_dev.shape: torch.Size([533, 266])
Y_dev.shape: torch.Size([533, 7])
Epochs: 500
Learning rate: 0.001
Weight decay: 0.0001
Epoch | Train                 | Development           | Minutes
      | Loss     | Error Rate | Loss     | Error Rate |
---------------------------------------------------------------
    1 |   1.5504 |     47.330 |   1.2703 |     41.776 |     0.2
    2 |   1.2379 |     41.459 |   1.1849 |     39.962 |     0.3
    3 |   1.1541 |     39.581 |   1.1062 |     36.992 |     0.5
    4 |   1.0983 |     37.686 |   1.0604 |     35.022 |     0.7
    5 |   1.0479 |     36.058 |   1.0491 |     35.553 |     0.8
    6 |   1.0073 |     34.726 |   1.0078 |     34.271 |     1.0
    7 |   0.9798 |     33.634 |   0.9892 |     33.271 |     1.1
    8 |   0.9299 |     32.132 |   0.9721 |     33.959 |     1.3
    9 |   0.9000 |     31.346 |   0.9648 |     32.520 |     1.5
   10 |   0.8748 |     30.079 |   0.9221 |     31.645 |     1.6
   11 |   0.8534 |     29.751 |   0.9197 |     30.394 |     1.8
   12 |   0.8340 |     28.741 |   0.9061 |     30.238 |     2.0
   13 |   0.7968 |     27.588 |   0.8983 |     30.206 |     2.1
   14 |   0.7695 |     27.048 |   0.8965 |     28.361 |     2.3
   15 |   0.7526 |     26.327 |   0.8785 |     28.549 |     2.5
   16 |   0.7219 |     25.000 |   0.8882 |     28.580 |     2.6
   17 |   0.7083 |     24.612 |   0.8338 |     26.548 |     2.8
   18 |   0.6763 |     23.433 |   0.8367 |     27.079 |     3.0
   19 |   0.6585 |     22.947 |   0.8888 |     27.486 |     3.1
   20 |   0.6367 |     22.264 |   0.8484 |     26.610 |     3.3
   21 |   0.6064 |     20.953 |   0.8360 |     26.423 |     3.4
   22 |   0.5983 |     20.948 |   0.8332 |     25.829 |     3.6
   23 |   0.5764 |     20.178 |   0.8265 |     26.048 |     3.8
   24 |   0.5619 |     19.648 |   0.8466 |     25.735 |     3.9
   25 |   0.5387 |     18.862 |   0.8483 |     25.266 |     4.1
   26 |   0.5265 |     18.796 |   0.8535 |     24.953 |     4.3
   27 |   0.5024 |     17.590 |   0.8308 |     24.765 |     4.4
Early stopping

Model: Seq2Seq Multimodal Transformer
Source index: <Seq2Seq Index with 44 items>
Target index: <Seq2Seq Index with 34 items>
Max sequence length: 800
Embedding dimension: 64
Descriptors dimension: 1136
Feedforward dimension: 256
Encoder layers: 4
Decoder layers: 4
Attention heads: 4
Activation: relu
Dropout: 0.1
Trainable parameters: 602,466

Training started
X_train.shape: torch.Size([3052, 702])
Y_train.shape: torch.Size([3052, 7])
X_dev.shape: torch.Size([533, 266])
Y_dev.shape: torch.Size([533, 7])
Epochs: 500
Learning rate: 0.0001
Weight decay: 0.0001
Epoch | Train                 | Development           | Minutes
      | Loss     | Error Rate | Loss     | Error Rate |
---------------------------------------------------------------
    1 |   2.6756 |     65.159 |   1.8429 |     44.966 |     0.2
    2 |   1.7846 |     45.926 |   1.5563 |     44.121 |     0.3
    3 |   1.5766 |     44.228 |   1.4402 |     42.370 |     0.5
    4 |   1.4621 |     42.136 |   1.3620 |     40.588 |     0.7
    5 |   1.3751 |     40.443 |   1.2892 |     39.181 |     0.9
    6 |   1.3090 |     39.045 |   1.2429 |     38.055 |     1.0
    7 |   1.2518 |     37.708 |   1.2046 |     37.179 |     1.2
    8 |   1.2074 |     36.801 |   1.1668 |     35.741 |     1.4
    9 |   1.1610 |     35.529 |   1.1414 |     34.772 |     1.5
   10 |   1.1206 |     34.584 |   1.1235 |     35.303 |     1.7
   11 |   1.0848 |     33.306 |   1.0922 |     34.522 |     1.9
   12 |   1.0445 |     32.492 |   1.0785 |     33.771 |     2.1
   13 |   1.0145 |     31.548 |   1.0534 |     32.989 |     2.2
   14 |   0.9829 |     30.603 |   1.0455 |     33.052 |     2.4
   15 |   0.9556 |     29.844 |   1.0341 |     32.176 |     2.6
   16 |   0.9264 |     28.915 |   1.0021 |     31.895 |     2.7
   17 |   0.8944 |     27.867 |   0.9915 |     31.395 |     2.9
   18 |   0.8721 |     27.550 |   0.9921 |     31.426 |     3.1
   19 |   0.8476 |     26.573 |   0.9830 |     30.675 |     3.3
   20 |   0.8216 |     25.655 |   0.9805 |     30.519 |     3.4
   21 |   0.8034 |     25.191 |   0.9615 |     30.019 |     3.6
   22 |   0.7823 |     24.596 |   0.9693 |     30.144 |     3.8
   23 |   0.7601 |     23.919 |   0.9449 |     29.206 |     3.9
   24 |   0.7348 |     23.160 |   0.9551 |     29.174 |     4.1
   25 |   0.7224 |     22.974 |   0.9545 |     29.518 |     4.3
   26 |   0.7085 |     22.199 |   0.9655 |     28.643 |     4.5
   27 |   0.6842 |     21.494 |   0.9374 |     28.799 |     4.6
   28 |   0.6736 |     21.450 |   0.9664 |     29.143 |     4.8
   29 |   0.6544 |     20.631 |   0.9650 |     28.674 |     5.0
   30 |   0.6407 |     20.298 |   0.9525 |     28.205 |     5.1
   31 |   0.6277 |     20.003 |   0.9591 |     27.767 |     5.3
Early stopping

Model: Seq2Seq Multimodal Transformer
Source index: <Seq2Seq Index with 44 items>
Target index: <Seq2Seq Index with 34 items>
Max sequence length: 800
Embedding dimension: 128
Descriptors dimension: 1136
Feedforward dimension: 128
Encoder layers: 4
Decoder layers: 4
Attention heads: 2
Activation: relu
Dropout: 0.0
Trainable parameters: 1,341,090

Training started
X_train.shape: torch.Size([3052, 702])
Y_train.shape: torch.Size([3052, 7])
X_dev.shape: torch.Size([533, 266])
Y_dev.shape: torch.Size([533, 7])
Epochs: 500
Learning rate: 0.0001
Weight decay: 1e-05
Epoch | Train                 | Development           | Minutes
      | Loss     | Error Rate | Loss     | Error Rate |
---------------------------------------------------------------
    1 |   2.0326 |     52.638 |   1.4424 |     41.338 |     0.1
    2 |   1.3455 |     40.738 |   1.2655 |     38.462 |     0.3
    3 |   1.2031 |     37.161 |   1.1825 |     37.023 |     0.4
    4 |   1.1014 |     34.382 |   1.1160 |     35.210 |     0.6
    5 |   1.0201 |     31.864 |   1.0432 |     31.707 |     0.7
    6 |   0.9478 |     30.161 |   1.0123 |     31.426 |     0.9
    7 |   0.8770 |     27.436 |   0.9865 |     31.645 |     1.0
    8 |   0.8131 |     25.153 |   0.9393 |     29.362 |     1.2
    9 |   0.7662 |     24.241 |   0.9203 |     28.924 |     1.3
   10 |   0.7176 |     22.581 |   0.9026 |     27.799 |     1.5
   11 |   0.6681 |     20.992 |   0.8855 |     28.268 |     1.6
   12 |   0.6220 |     19.397 |   0.8863 |     27.548 |     1.8
   13 |   0.5912 |     18.551 |   0.8724 |     26.548 |     1.9
   14 |   0.5436 |     16.896 |   0.9008 |     27.705 |     2.1
   15 |   0.5254 |     16.689 |   0.8435 |     25.360 |     2.2
   16 |   0.4858 |     15.476 |   0.8734 |     26.360 |     2.4
   17 |   0.4683 |     14.821 |   0.8583 |     25.578 |     2.5
   18 |   0.4406 |     14.149 |   0.8563 |     25.922 |     2.7
   19 |   0.4181 |     12.981 |   0.8504 |     24.922 |     2.8
Early stopping

Model: Seq2Seq Multimodal Transformer
Source index: <Seq2Seq Index with 44 items>
Target index: <Seq2Seq Index with 34 items>
Max sequence length: 800
Embedding dimension: 64
Descriptors dimension: 1136
Feedforward dimension: 128
Encoder layers: 4
Decoder layers: 3
Attention heads: 4
Activation: relu
Dropout: 0.0
Trainable parameters: 420,130

Training started
X_train.shape: torch.Size([3052, 702])
Y_train.shape: torch.Size([3052, 7])
X_dev.shape: torch.Size([533, 266])
Y_dev.shape: torch.Size([533, 7])
Epochs: 500
Learning rate: 0.001
Weight decay: 0.0001
Epoch | Train                 | Development           | Minutes
      | Loss     | Error Rate | Loss     | Error Rate |
---------------------------------------------------------------
    1 |   1.6268 |     46.794 |   1.2751 |     41.620 |     0.1
    2 |   1.1944 |     39.428 |   1.1317 |     37.273 |     0.3
    3 |   1.0699 |     35.709 |   1.0774 |     35.460 |     0.4
    4 |   0.9803 |     33.000 |   0.9989 |     33.677 |     0.6
    5 |   0.9048 |     30.745 |   0.9530 |     31.176 |     0.7
    6 |   0.8456 |     28.664 |   0.9219 |     31.144 |     0.9
    7 |   0.7996 |     27.261 |   0.9356 |     31.645 |     1.0
    8 |   0.7601 |     25.950 |   0.8768 |     29.362 |     1.2
    9 |   0.7131 |     24.525 |   0.9047 |     29.612 |     1.3
   10 |   0.6819 |     23.329 |   0.8932 |     29.456 |     1.4
   11 |   0.6513 |     22.461 |   0.8451 |     27.361 |     1.6
   12 |   0.6159 |     21.341 |   0.8581 |     27.986 |     1.7
   13 |   0.5941 |     20.484 |   0.8420 |     27.455 |     1.9
   14 |   0.5659 |     19.288 |   0.8227 |     26.110 |     2.0
   15 |   0.5336 |     18.463 |   0.7991 |     24.672 |     2.2
   16 |   0.5187 |     17.939 |   0.8147 |     25.297 |     2.3
   17 |   0.4946 |     17.136 |   0.8383 |     25.547 |     2.5
   18 |   0.4839 |     16.732 |   0.8521 |     26.141 |     2.6
   19 |   0.4696 |     16.536 |   0.7915 |     23.640 |     2.8
   20 |   0.4498 |     15.940 |   0.8272 |     24.640 |     2.9
   21 |   0.4215 |     14.892 |   0.8227 |     23.859 |     3.0
   22 |   0.4128 |     14.510 |   0.8134 |     23.859 |     3.2
   23 |   0.4018 |     14.013 |   0.8221 |     24.484 |     3.3
Early stopping

Model: Seq2Seq Multimodal Transformer
Source index: <Seq2Seq Index with 44 items>
Target index: <Seq2Seq Index with 34 items>
Max sequence length: 800
Embedding dimension: 128
Descriptors dimension: 1136
Feedforward dimension: 256
Encoder layers: 4
Decoder layers: 3
Attention heads: 2
Activation: relu
Dropout: 0.1
Trainable parameters: 1,405,474

Training started
X_train.shape: torch.Size([3052, 702])
Y_train.shape: torch.Size([3052, 7])
X_dev.shape: torch.Size([533, 266])
Y_dev.shape: torch.Size([533, 7])
Epochs: 500
Learning rate: 0.0001
Weight decay: 0.0001
Epoch | Train                 | Development           | Minutes
      | Loss     | Error Rate | Loss     | Error Rate |
---------------------------------------------------------------
    1 |   2.1524 |     54.888 |   1.4693 |     42.996 |     0.2
    2 |   1.4583 |     43.540 |   1.2958 |     39.587 |     0.3
    3 |   1.3166 |     40.591 |   1.2129 |     38.055 |     0.5
    4 |   1.2210 |     38.002 |   1.1566 |     36.116 |     0.6
    5 |   1.1494 |     35.900 |   1.0999 |     34.209 |     0.8
    6 |   1.0888 |     34.109 |   1.0621 |     33.333 |     0.9
    7 |   1.0331 |     32.585 |   1.0332 |     33.177 |     1.1
    8 |   0.9815 |     30.914 |   1.0036 |     30.863 |     1.2
    9 |   0.9344 |     29.467 |   0.9663 |     30.019 |     1.4
   10 |   0.8842 |     27.818 |   0.9577 |     29.862 |     1.6
   11 |   0.8414 |     26.496 |   0.9435 |     29.237 |     1.7
   12 |   0.8064 |     25.650 |   0.9351 |     28.674 |     1.9
   13 |   0.7738 |     24.487 |   0.9249 |     28.705 |     2.0
   14 |   0.7330 |     23.182 |   0.9062 |     27.642 |     2.2
   15 |   0.7049 |     22.379 |   0.9092 |     27.767 |     2.3
   16 |   0.6771 |     22.007 |   0.9175 |     27.736 |     2.5
   17 |   0.6541 |     20.992 |   0.9045 |     26.798 |     2.7
   18 |   0.6314 |     20.244 |   0.8875 |     26.391 |     2.8
   19 |   0.6030 |     19.495 |   0.8922 |     26.079 |     3.0
   20 |   0.5797 |     18.633 |   0.9089 |     25.985 |     3.1
   21 |   0.5643 |     18.447 |   0.8847 |     25.422 |     3.3
   22 |   0.5360 |     17.360 |   0.8993 |     25.610 |     3.4
   23 |   0.5206 |     16.956 |   0.8962 |     25.109 |     3.6
   24 |   0.5087 |     16.519 |   0.9063 |     25.391 |     3.8
   25 |   0.4870 |     15.809 |   0.9135 |     25.297 |     3.9
Early stopping

Model: Seq2Seq Multimodal Transformer
Source index: <Seq2Seq Index with 44 items>
Target index: <Seq2Seq Index with 34 items>
Max sequence length: 800
Embedding dimension: 128
Descriptors dimension: 1136
Feedforward dimension: 128
Encoder layers: 3
Decoder layers: 3
Attention heads: 4
Activation: relu
Dropout: 0.0
Trainable parameters: 1,075,618

Training started
X_train.shape: torch.Size([3052, 702])
Y_train.shape: torch.Size([3052, 7])
X_dev.shape: torch.Size([533, 266])
Y_dev.shape: torch.Size([533, 7])
Epochs: 500
Learning rate: 0.0001
Weight decay: 0.0001
Epoch | Train                 | Development           | Minutes
      | Loss     | Error Rate | Loss     | Error Rate |
---------------------------------------------------------------
    1 |   2.0651 |     53.255 |   1.4652 |     43.027 |     0.1
    2 |   1.3579 |     41.033 |   1.2804 |     39.806 |     0.3
    3 |   1.2043 |     36.899 |   1.1871 |     35.960 |     0.4
    4 |   1.0985 |     34.114 |   1.1329 |     34.959 |     0.6
    5 |   1.0215 |     31.984 |   1.0744 |     33.240 |     0.7
    6 |   0.9538 |     30.226 |   1.0226 |     31.520 |     0.8
    7 |   0.8913 |     28.189 |   0.9960 |     30.550 |     1.0
    8 |   0.8395 |     26.584 |   0.9730 |     30.331 |     1.2
    9 |   0.7902 |     24.880 |   0.9300 |     28.924 |     1.3
   10 |   0.7391 |     23.094 |   0.9108 |     28.612 |     1.4
   11 |   0.6979 |     21.833 |   0.9017 |     27.267 |     1.6
   12 |   0.6613 |     20.910 |   0.9060 |     28.080 |     1.7
   13 |   0.6217 |     19.823 |   0.8879 |     26.548 |     1.9
   14 |   0.5820 |     18.381 |   0.8713 |     25.891 |     2.0
   15 |   0.5475 |     17.415 |   0.8835 |     27.048 |     2.2
   16 |   0.5248 |     16.667 |   0.8657 |     26.610 |     2.3
   17 |   0.4936 |     15.362 |   0.8615 |     25.829 |     2.4
   18 |   0.4689 |     14.837 |   0.8603 |     25.422 |     2.6
   19 |   0.4504 |     14.581 |   0.8738 |     25.266 |     2.7
   20 |   0.4258 |     13.576 |   0.8802 |     25.297 |     2.9
   21 |   0.3963 |     12.729 |   0.8730 |     24.453 |     3.0
   22 |   0.3824 |     12.303 |   0.8910 |     25.453 |     3.1
Early stopping

Model: Seq2Seq Multimodal Transformer
Source index: <Seq2Seq Index with 44 items>
Target index: <Seq2Seq Index with 34 items>
Max sequence length: 800
Embedding dimension: 64
Descriptors dimension: 1136
Feedforward dimension: 256
Encoder layers: 3
Decoder layers: 4
Attention heads: 4
Activation: relu
Dropout: 0.0
Trainable parameters: 552,482

Training started
X_train.shape: torch.Size([3052, 702])
Y_train.shape: torch.Size([3052, 7])
X_dev.shape: torch.Size([533, 266])
Y_dev.shape: torch.Size([533, 7])
Epochs: 500
Learning rate: 0.0001
Weight decay: 0.0001
Epoch | Train                 | Development           | Minutes
      | Loss     | Error Rate | Loss     | Error Rate |
---------------------------------------------------------------
    1 |   2.4724 |     59.999 |   1.7456 |     44.059 |     0.1
    2 |   1.5905 |     43.545 |   1.4883 |     42.683 |     0.3
    3 |   1.4192 |     40.946 |   1.3615 |     39.744 |     0.4
    4 |   1.3003 |     38.024 |   1.2818 |     37.367 |     0.5
    5 |   1.2086 |     35.763 |   1.2069 |     35.397 |     0.6
    6 |   1.1322 |     33.448 |   1.1553 |     34.303 |     0.8
    7 |   1.0658 |     31.684 |   1.1136 |     33.240 |     0.9
    8 |   1.0065 |     30.319 |   1.0739 |     32.020 |     1.0
    9 |   0.9466 |     28.610 |   1.0408 |     31.488 |     1.2
   10 |   0.9017 |     27.326 |   1.0233 |     30.331 |     1.3
   11 |   0.8633 |     26.567 |   0.9980 |     30.363 |     1.4
   12 |   0.8198 |     24.891 |   0.9871 |     30.206 |     1.5
   13 |   0.7810 |     23.881 |   0.9635 |     29.487 |     1.7
   14 |   0.7490 |     22.788 |   0.9606 |     29.550 |     1.8
   15 |   0.7138 |     21.844 |   0.9263 |     28.111 |     1.9
   16 |   0.6806 |     20.708 |   0.9194 |     27.924 |     2.1
   17 |   0.6561 |     19.992 |   0.9042 |     27.392 |     2.2
   18 |   0.6272 |     19.222 |   0.9119 |     26.861 |     2.3
   19 |   0.5914 |     18.103 |   0.9108 |     26.391 |     2.5
   20 |   0.5742 |     17.742 |   0.8956 |     26.204 |     2.6
   21 |   0.5476 |     16.770 |   0.8907 |     25.985 |     2.7
   22 |   0.5234 |     16.121 |   0.8962 |     27.048 |     2.9
   23 |   0.5032 |     15.230 |   0.8824 |     25.985 |     3.0
   24 |   0.4900 |     15.078 |   0.8739 |     25.266 |     3.1
   25 |   0.4630 |     14.564 |   0.8815 |     25.485 |     3.3
   26 |   0.4488 |     13.898 |   0.8810 |     24.922 |     3.4
   27 |   0.4372 |     13.494 |   0.8846 |     25.078 |     3.5
   28 |   0.4174 |     13.172 |   0.8840 |     24.797 |     3.6
Early stopping

Model: Seq2Seq Multimodal Transformer
Source index: <Seq2Seq Index with 44 items>
Target index: <Seq2Seq Index with 34 items>
Max sequence length: 800
Embedding dimension: 64
Descriptors dimension: 1136
Feedforward dimension: 128
Encoder layers: 3
Decoder layers: 3
Attention heads: 2
Activation: relu
Dropout: 0.0
Trainable parameters: 386,658

Training started
X_train.shape: torch.Size([3052, 702])
Y_train.shape: torch.Size([3052, 7])
X_dev.shape: torch.Size([533, 266])
Y_dev.shape: torch.Size([533, 7])
Epochs: 500
Learning rate: 0.001
Weight decay: 1e-05
Epoch | Train                 | Development           | Minutes
      | Loss     | Error Rate | Loss     | Error Rate |
---------------------------------------------------------------
    1 |   1.6281 |     46.734 |   1.3003 |     43.777 |     0.1
    2 |   1.2146 |     39.968 |   1.1719 |     38.118 |     0.2
    3 |   1.0818 |     36.015 |   1.0914 |     36.179 |     0.3
    4 |   0.9923 |     33.175 |   1.0112 |     32.489 |     0.3
    5 |   0.9108 |     30.778 |   0.9748 |     31.144 |     0.4
    6 |   0.8532 |     28.866 |   0.9536 |     30.832 |     0.5
    7 |   0.8003 |     27.119 |   0.9423 |     30.331 |     0.6
    8 |   0.7320 |     24.798 |   0.9094 |     28.862 |     0.7
    9 |   0.6979 |     23.624 |   0.9005 |     28.768 |     0.8
   10 |   0.6671 |     22.663 |   0.8991 |     28.174 |     0.9
   11 |   0.6236 |     21.276 |   0.8730 |     27.079 |     0.9
   12 |   0.6073 |     20.746 |   0.8723 |     27.799 |     1.0
   13 |   0.5654 |     19.468 |   0.8601 |     26.204 |     1.1
   14 |   0.5451 |     18.665 |   0.8402 |     25.891 |     1.2
   15 |   0.5190 |     18.021 |   0.8676 |     26.329 |     1.3
   16 |   0.4897 |     16.847 |   0.8574 |     25.235 |     1.4
   17 |   0.4747 |     16.503 |   0.8511 |     25.547 |     1.4
   18 |   0.4542 |     16.022 |   0.8397 |     24.171 |     1.5
   19 |   0.4314 |     15.083 |   0.8411 |     24.640 |     1.6
   20 |   0.4185 |     14.624 |   0.8558 |     24.891 |     1.7
   21 |   0.4033 |     14.051 |   0.8596 |     24.296 |     1.8
   22 |   0.3847 |     13.527 |   0.8527 |     24.234 |     1.9
Early stopping

Model: Seq2Seq Multimodal Transformer
Source index: <Seq2Seq Index with 44 items>
Target index: <Seq2Seq Index with 34 items>
Max sequence length: 800
Embedding dimension: 64
Descriptors dimension: 1136
Feedforward dimension: 128
Encoder layers: 4
Decoder layers: 3
Attention heads: 2
Activation: relu
Dropout: 0.1
Trainable parameters: 420,130

Training started
X_train.shape: torch.Size([3052, 702])
Y_train.shape: torch.Size([3052, 7])
X_dev.shape: torch.Size([533, 266])
Y_dev.shape: torch.Size([533, 7])
Epochs: 500
Learning rate: 0.001
Weight decay: 0.0001
Epoch | Train                 | Development           | Minutes
      | Loss     | Error Rate | Loss     | Error Rate |
---------------------------------------------------------------
    1 |   1.7258 |     48.788 |   1.3092 |     42.996 |     0.1
    2 |   1.2670 |     41.918 |   1.1748 |     39.650 |     0.2
    3 |   1.1747 |     39.379 |   1.1240 |     37.305 |     0.3
    4 |   1.1068 |     37.462 |   1.0776 |     36.679 |     0.4
    5 |   1.0392 |     35.092 |   1.0274 |     34.459 |     0.6
    6 |   0.9898 |     33.339 |   0.9846 |     32.802 |     0.7
    7 |   0.9482 |     31.903 |   0.9650 |     31.926 |     0.8
    8 |   0.9057 |     30.854 |   0.9478 |     31.144 |     0.9
    9 |   0.8676 |     29.292 |   0.9498 |     31.051 |     1.0
   10 |   0.8406 |     28.621 |   0.9170 |     29.831 |     1.1
   11 |   0.8040 |     27.425 |   0.9186 |     29.675 |     1.2
   12 |   0.7878 |     26.879 |   0.8942 |     29.425 |     1.3
   13 |   0.7525 |     25.868 |   0.9027 |     29.237 |     1.4
   14 |   0.7299 |     24.825 |   0.8800 |     27.548 |     1.6
   15 |   0.7063 |     23.946 |   0.8848 |     28.299 |     1.7
   16 |   0.6878 |     23.700 |   0.8808 |     27.642 |     1.8
   17 |   0.6636 |     22.619 |   0.8484 |     26.986 |     1.9
   18 |   0.6285 |     21.543 |   0.8753 |     26.485 |     2.0
   19 |   0.6210 |     21.385 |   0.8502 |     26.579 |     2.1
   20 |   0.6039 |     20.784 |   0.8915 |     27.079 |     2.2
   21 |   0.5769 |     19.916 |   0.8544 |     26.579 |     2.3
Early stopping

Model: Seq2Seq Multimodal Transformer
Source index: <Seq2Seq Index with 44 items>
Target index: <Seq2Seq Index with 34 items>
Max sequence length: 800
Embedding dimension: 128
Descriptors dimension: 1136
Feedforward dimension: 128
Encoder layers: 3
Decoder layers: 3
Attention heads: 4
Activation: relu
Dropout: 0.0
Trainable parameters: 1,075,618

Training started
X_train.shape: torch.Size([3052, 702])
Y_train.shape: torch.Size([3052, 7])
X_dev.shape: torch.Size([533, 266])
Y_dev.shape: torch.Size([533, 7])
Epochs: 500
Learning rate: 0.001
Weight decay: 0.0001
Epoch | Train                 | Development           | Minutes
      | Loss     | Error Rate | Loss     | Error Rate |
---------------------------------------------------------------
    1 |   1.4875 |     45.358 |   1.2035 |     38.712 |     0.1
    2 |   1.1245 |     37.751 |   1.0858 |     37.117 |     0.3
    3 |   1.0139 |     34.005 |   1.0573 |     35.741 |     0.4
    4 |   0.9228 |     31.318 |   0.9924 |     33.208 |     0.6
    5 |   0.8756 |     30.150 |   0.9500 |     31.051 |     0.7
    6 |   0.8075 |     27.659 |   0.9117 |     29.675 |     0.8
    7 |   0.7714 |     26.753 |   0.8847 |     29.112 |     1.0
    8 |   0.7234 |     25.208 |   0.8891 |     29.362 |     1.1
    9 |   0.6921 |     23.941 |   0.8338 |     26.767 |     1.3
   10 |   0.6603 |     23.029 |   0.8436 |     27.048 |     1.4
   11 |   0.6349 |     22.149 |   0.8826 |     28.111 |     1.6
   12 |   0.6040 |     20.855 |   0.8289 |     26.704 |     1.7
   13 |   0.5572 |     19.140 |   0.8389 |     26.829 |     1.8
   14 |   0.5525 |     19.299 |   0.8169 |     25.141 |     2.0
   15 |   0.5316 |     18.545 |   0.8153 |     25.922 |     2.1
   16 |   0.5066 |     17.497 |   0.8296 |     25.109 |     2.3
   17 |   0.4878 |     17.158 |   0.8116 |     24.609 |     2.4
   18 |   0.4677 |     16.470 |   0.8231 |     24.578 |     2.5
   19 |   0.4411 |     15.651 |   0.8464 |     23.890 |     2.7
   20 |   0.4284 |     15.176 |   0.8140 |     24.484 |     2.8
   21 |   0.4187 |     14.761 |   0.8570 |     24.859 |     3.0
Early stopping

Model: Seq2Seq Multimodal Transformer
Source index: <Seq2Seq Index with 44 items>
Target index: <Seq2Seq Index with 34 items>
Max sequence length: 800
Embedding dimension: 64
Descriptors dimension: 1136
Feedforward dimension: 256
Encoder layers: 3
Decoder layers: 4
Attention heads: 4
Activation: relu
Dropout: 0.1
Trainable parameters: 552,482

Training started
X_train.shape: torch.Size([3052, 702])
Y_train.shape: torch.Size([3052, 7])
X_dev.shape: torch.Size([533, 266])
Y_dev.shape: torch.Size([533, 7])
Epochs: 500
Learning rate: 0.0001
Weight decay: 1e-05
Epoch | Train                 | Development           | Minutes
      | Loss     | Error Rate | Loss     | Error Rate |
---------------------------------------------------------------
    1 |   2.5540 |     63.505 |   1.7769 |     44.747 |     0.1
    2 |   1.7335 |     45.446 |   1.5299 |     44.246 |     0.3
    3 |   1.5484 |     44.097 |   1.4273 |     43.152 |     0.4
    4 |   1.4500 |     43.032 |   1.3553 |     41.432 |     0.6
    5 |   1.3740 |     41.142 |   1.2939 |     39.869 |     0.7
    6 |   1.3099 |     40.176 |   1.2377 |     38.336 |     0.8
    7 |   1.2518 |     38.488 |   1.2019 |     36.867 |     1.0
    8 |   1.2069 |     37.249 |   1.1730 |     36.836 |     1.1
    9 |   1.1651 |     36.020 |   1.1475 |     36.429 |     1.3
   10 |   1.1299 |     34.955 |   1.1232 |     35.147 |     1.4
   11 |   1.0898 |     34.147 |   1.0969 |     35.210 |     1.5
   12 |   1.0593 |     33.279 |   1.0830 |     33.771 |     1.7
   13 |   1.0231 |     32.165 |   1.0544 |     33.458 |     1.8
   14 |   0.9941 |     31.285 |   1.0524 |     32.739 |     2.0
   15 |   0.9643 |     30.335 |   1.0339 |     33.083 |     2.1
   16 |   0.9364 |     29.620 |   1.0186 |     31.770 |     2.2
   17 |   0.9100 |     28.419 |   1.0216 |     32.051 |     2.4
   18 |   0.8879 |     28.331 |   0.9944 |     30.613 |     2.5
   19 |   0.8623 |     27.468 |   0.9870 |     30.519 |     2.7
   20 |   0.8401 |     26.928 |   0.9841 |     30.738 |     2.8
   21 |   0.8150 |     25.885 |   0.9885 |     30.269 |     2.9
   22 |   0.7999 |     25.530 |   0.9750 |     29.862 |     3.1
   23 |   0.7778 |     24.782 |   0.9722 |     29.362 |     3.2
   24 |   0.7607 |     24.230 |   0.9734 |     29.518 |     3.4
   25 |   0.7417 |     23.799 |   0.9551 |     28.737 |     3.5
   26 |   0.7309 |     23.542 |   0.9463 |     28.674 |     3.6
   27 |   0.7078 |     22.979 |   0.9570 |     29.425 |     3.8
   28 |   0.6987 |     22.570 |   0.9645 |     29.081 |     3.9
   29 |   0.6792 |     21.926 |   0.9588 |     29.331 |     4.1
   30 |   0.6670 |     21.456 |   0.9422 |     27.705 |     4.2
   31 |   0.6417 |     20.473 |   0.9623 |     27.361 |     4.3
   32 |   0.6327 |     20.495 |   0.9670 |     28.143 |     4.5
   33 |   0.6225 |     20.189 |   0.9562 |     27.955 |     4.6
   34 |   0.6072 |     19.834 |   0.9407 |     27.361 |     4.8
   35 |   0.5990 |     19.900 |   0.9611 |     28.393 |     4.9
   36 |   0.5898 |     19.392 |   0.9502 |     27.486 |     5.0
   37 |   0.5785 |     18.829 |   0.9629 |     28.018 |     5.2
   38 |   0.5620 |     18.420 |   0.9503 |     27.361 |     5.3
Early stopping

Model: Seq2Seq Multimodal Transformer
Source index: <Seq2Seq Index with 44 items>
Target index: <Seq2Seq Index with 34 items>
Max sequence length: 800
Embedding dimension: 128
Descriptors dimension: 1136
Feedforward dimension: 128
Encoder layers: 4
Decoder layers: 3
Attention heads: 2
Activation: relu
Dropout: 0.1
Trainable parameters: 1,175,202

Training started
X_train.shape: torch.Size([3052, 702])
Y_train.shape: torch.Size([3052, 7])
X_dev.shape: torch.Size([533, 266])
Y_dev.shape: torch.Size([533, 7])
Epochs: 500
Learning rate: 0.001
Weight decay: 0.0001
Epoch | Train                 | Development           | Minutes
      | Loss     | Error Rate | Loss     | Error Rate |
---------------------------------------------------------------
    1 |   1.5703 |     46.876 |   1.2669 |     42.183 |     0.1
    2 |   1.2439 |     41.585 |   1.2172 |     40.901 |     0.3
    3 |   1.1598 |     39.340 |   1.1375 |     37.492 |     0.4
    4 |   1.0948 |     37.445 |   1.0769 |     35.835 |     0.6
    5 |   1.0506 |     35.643 |   1.0484 |     34.928 |     0.7
    6 |   1.0040 |     34.278 |   1.0007 |     33.896 |     0.9
    7 |   0.9787 |     33.743 |   0.9963 |     33.490 |     1.0
    8 |   0.9412 |     32.618 |   0.9844 |     33.927 |     1.2
    9 |   0.8993 |     31.007 |   0.9523 |     33.146 |     1.3
   10 |   0.8785 |     30.576 |   0.9375 |     31.457 |     1.5
   11 |   0.8485 |     29.341 |   0.9388 |     31.770 |     1.6
   12 |   0.8176 |     28.304 |   0.9017 |     30.707 |     1.8
   13 |   0.7946 |     27.556 |   0.8893 |     29.425 |     1.9
   14 |   0.7772 |     26.720 |   0.8897 |     29.331 |     2.1
   15 |   0.7542 |     26.190 |   0.9025 |     29.331 |     2.2
   16 |   0.7254 |     25.208 |   0.8663 |     28.674 |     2.4
   17 |   0.6986 |     24.235 |   0.8705 |     28.299 |     2.5
   18 |   0.6845 |     23.531 |   0.9044 |     30.175 |     2.7
   19 |   0.6651 |     22.881 |   0.8941 |     27.955 |     2.8
   20 |   0.6422 |     22.373 |   0.8629 |     26.423 |     3.0
   21 |   0.6205 |     21.303 |   0.8873 |     27.986 |     3.1
   22 |   0.6113 |     21.205 |   0.8544 |     26.485 |     3.3
   23 |   0.5931 |     20.528 |   0.8388 |     26.360 |     3.4
   24 |   0.5656 |     19.823 |   0.8770 |     25.672 |     3.6
   25 |   0.5521 |     19.179 |   0.8602 |     25.797 |     3.7
   26 |   0.5356 |     18.627 |   0.8898 |     25.891 |     3.9
   27 |   0.5192 |     18.119 |   0.8727 |     26.861 |     4.0
Early stopping

Model: Seq2Seq Multimodal Transformer
Source index: <Seq2Seq Index with 44 items>
Target index: <Seq2Seq Index with 34 items>
Max sequence length: 800
Embedding dimension: 64
Descriptors dimension: 1136
Feedforward dimension: 128
Encoder layers: 4
Decoder layers: 3
Attention heads: 4
Activation: relu
Dropout: 0.1
Trainable parameters: 420,130

Training started
X_train.shape: torch.Size([3052, 702])
Y_train.shape: torch.Size([3052, 7])
X_dev.shape: torch.Size([533, 266])
Y_dev.shape: torch.Size([533, 7])
Epochs: 500
Learning rate: 0.0001
Weight decay: 0.0001
Epoch | Train                 | Development           | Minutes
      | Loss     | Error Rate | Loss     | Error Rate |
---------------------------------------------------------------
    1 |   2.7328 |     67.251 |   1.9356 |     43.777 |     0.2
    2 |   1.8252 |     45.238 |   1.5428 |     43.277 |     0.3
    3 |   1.5655 |     43.299 |   1.4246 |     41.682 |     0.5
    4 |   1.4534 |     42.071 |   1.3477 |     40.713 |     0.6
    5 |   1.3738 |     40.913 |   1.2941 |     40.181 |     0.8
    6 |   1.3149 |     39.826 |   1.2544 |     39.212 |     0.9
    7 |   1.2689 |     39.106 |   1.2128 |     37.336 |     1.1
    8 |   1.2167 |     37.555 |   1.1928 |     37.992 |     1.3
    9 |   1.1806 |     36.583 |   1.1643 |     36.366 |     1.4
   10 |   1.1429 |     35.594 |   1.1435 |     35.772 |     1.6
   11 |   1.1113 |     34.906 |   1.1258 |     35.366 |     1.7
   12 |   1.0831 |     33.972 |   1.1108 |     35.147 |     1.9
   13 |   1.0528 |     32.749 |   1.1023 |     34.584 |     2.1
   14 |   1.0292 |     32.514 |   1.0940 |     34.740 |     2.2
   15 |   1.0045 |     31.766 |   1.0827 |     34.709 |     2.4
   16 |   0.9790 |     31.034 |   1.0790 |     34.178 |     2.5
   17 |   0.9558 |     30.253 |   1.0609 |     33.990 |     2.7
   18 |   0.9315 |     29.860 |   1.0565 |     33.427 |     2.8
   19 |   0.9080 |     28.866 |   1.0585 |     33.146 |     3.0
   20 |   0.8885 |     28.315 |   1.0441 |     32.833 |     3.2
   21 |   0.8734 |     28.074 |   1.0411 |     32.583 |     3.3
   22 |   0.8515 |     27.414 |   1.0197 |     31.957 |     3.5
   23 |   0.8330 |     26.775 |   1.0199 |     31.614 |     3.6
   24 |   0.8189 |     26.190 |   1.0183 |     31.488 |     3.8
   25 |   0.8027 |     25.688 |   1.0121 |     31.614 |     4.0
   26 |   0.7818 |     25.109 |   1.0211 |     31.457 |     4.1
   27 |   0.7682 |     24.787 |   1.0227 |     31.676 |     4.3
   28 |   0.7600 |     24.721 |   1.0143 |     30.926 |     4.4
   29 |   0.7413 |     24.001 |   1.0248 |     31.332 |     4.6
Early stopping

Model: Seq2Seq Multimodal Transformer
Source index: <Seq2Seq Index with 44 items>
Target index: <Seq2Seq Index with 34 items>
Max sequence length: 800
Embedding dimension: 64
Descriptors dimension: 1136
Feedforward dimension: 128
Encoder layers: 4
Decoder layers: 3
Attention heads: 2
Activation: relu
Dropout: 0.1
Trainable parameters: 420,130

Training started
X_train.shape: torch.Size([3052, 702])
Y_train.shape: torch.Size([3052, 7])
X_dev.shape: torch.Size([533, 266])
Y_dev.shape: torch.Size([533, 7])
Epochs: 500
Learning rate: 0.0001
Weight decay: 1e-05
Epoch | Train                 | Development           | Minutes
      | Loss     | Error Rate | Loss     | Error Rate |
---------------------------------------------------------------
    1 |   2.6704 |     66.110 |   1.9514 |     48.687 |     0.1
    2 |   1.8610 |     46.734 |   1.5709 |     44.403 |     0.2
    3 |   1.6018 |     44.506 |   1.4446 |     43.183 |     0.3
    4 |   1.4840 |     43.267 |   1.3732 |     41.995 |     0.4
    5 |   1.3995 |     41.547 |   1.3106 |     39.368 |     0.6
    6 |   1.3392 |     40.427 |   1.2631 |     38.931 |     0.7
    7 |   1.2811 |     39.111 |   1.2218 |     37.555 |     0.8
    8 |   1.2346 |     37.833 |   1.1900 |     36.429 |     0.9
    9 |   1.1927 |     36.703 |   1.1762 |     36.492 |     1.0
   10 |   1.1529 |     35.627 |   1.1419 |     35.210 |     1.1
   11 |   1.1191 |     34.447 |   1.1312 |     35.585 |     1.2
   12 |   1.0841 |     33.519 |   1.0994 |     34.772 |     1.3
   13 |   1.0476 |     32.285 |   1.0886 |     34.021 |     1.4
   14 |   1.0234 |     32.072 |   1.0778 |     33.302 |     1.6
   15 |   0.9975 |     31.111 |   1.0644 |     32.489 |     1.7
   16 |   0.9730 |     30.308 |   1.0597 |     32.458 |     1.8
   17 |   0.9513 |     30.144 |   1.0440 |     32.270 |     1.9
   18 |   0.9242 |     29.025 |   1.0536 |     33.114 |     2.0
   19 |   0.9021 |     28.670 |   1.0501 |     33.302 |     2.1
   20 |   0.8830 |     28.129 |   1.0289 |     31.739 |     2.2
   21 |   0.8584 |     27.441 |   1.0293 |     32.552 |     2.3
   22 |   0.8484 |     27.004 |   1.0248 |     31.582 |     2.4
   23 |   0.8279 |     26.354 |   1.0392 |     31.957 |     2.6
   24 |   0.8066 |     25.617 |   1.0298 |     30.894 |     2.7
   25 |   0.7964 |     25.595 |   1.0264 |     31.332 |     2.8
   26 |   0.7777 |     24.913 |   1.0198 |     30.988 |     2.9
   27 |   0.7614 |     24.345 |   1.0262 |     30.957 |     3.0
   28 |   0.7460 |     23.902 |   1.0209 |     29.925 |     3.1
   29 |   0.7286 |     23.427 |   1.0145 |     30.331 |     3.2
   30 |   0.7180 |     22.777 |   1.0318 |     30.206 |     3.3
   31 |   0.7082 |     22.646 |   1.0190 |     30.801 |     3.4
   32 |   0.6947 |     22.264 |   1.0117 |     30.144 |     3.6
   33 |   0.6814 |     21.560 |   1.0191 |     30.113 |     3.7
   34 |   0.6659 |     21.358 |   1.0217 |     30.113 |     3.8
   35 |   0.6545 |     21.325 |   1.0258 |     30.457 |     3.9
   36 |   0.6470 |     20.861 |   1.0110 |     30.081 |     4.0
   37 |   0.6348 |     20.347 |   1.0306 |     29.737 |     4.1
   38 |   0.6209 |     19.954 |   1.0269 |     29.393 |     4.2
   39 |   0.6159 |     19.960 |   1.0255 |     29.456 |     4.3
   40 |   0.6037 |     19.446 |   1.0378 |     29.737 |     4.4
Early stopping

Model: Seq2Seq Multimodal Transformer
Source index: <Seq2Seq Index with 44 items>
Target index: <Seq2Seq Index with 34 items>
Max sequence length: 800
Embedding dimension: 64
Descriptors dimension: 1136
Feedforward dimension: 256
Encoder layers: 3
Decoder layers: 4
Attention heads: 4
Activation: relu
Dropout: 0.1
Trainable parameters: 552,482

Training started
X_train.shape: torch.Size([3052, 702])
Y_train.shape: torch.Size([3052, 7])
X_dev.shape: torch.Size([533, 266])
Y_dev.shape: torch.Size([533, 7])
Epochs: 500
Learning rate: 0.0001
Weight decay: 0.0001
Epoch | Train                 | Development           | Minutes
      | Loss     | Error Rate | Loss     | Error Rate |
---------------------------------------------------------------
    1 |   2.6811 |     67.120 |   1.8964 |     47.811 |     0.1
    2 |   1.7899 |     46.254 |   1.5341 |     43.183 |     0.3
    3 |   1.5545 |     43.627 |   1.4202 |     42.120 |     0.4
    4 |   1.4418 |     41.869 |   1.3415 |     40.494 |     0.6
    5 |   1.3642 |     40.269 |   1.2809 |     38.993 |     0.7
    6 |   1.2983 |     38.734 |   1.2375 |     37.805 |     0.8
    7 |   1.2479 |     37.991 |   1.1990 |     37.492 |     1.0
    8 |   1.2017 |     37.145 |   1.1617 |     36.116 |     1.1
    9 |   1.1582 |     35.572 |   1.1302 |     34.584 |     1.3
   10 |   1.1259 |     35.141 |   1.1040 |     33.802 |     1.4
   11 |   1.0869 |     33.552 |   1.0762 |     32.520 |     1.5
   12 |   1.0579 |     32.924 |   1.0603 |     32.208 |     1.7
   13 |   1.0269 |     32.143 |   1.0509 |     32.645 |     1.8
   14 |   0.9997 |     31.482 |   1.0277 |     31.926 |     2.0
   15 |   0.9689 |     30.133 |   1.0128 |     31.895 |     2.1
   16 |   0.9460 |     29.915 |   1.0061 |     31.551 |     2.2
   17 |   0.9191 |     28.877 |   0.9983 |     30.988 |     2.4
   18 |   0.8933 |     28.266 |   0.9866 |     31.113 |     2.5
   19 |   0.8729 |     27.687 |   0.9784 |     30.769 |     2.7
   20 |   0.8554 |     27.146 |   0.9756 |     30.832 |     2.8
   21 |   0.8308 |     26.294 |   0.9612 |     30.050 |     2.9
   22 |   0.8122 |     25.612 |   0.9477 |     29.362 |     3.1
   23 |   0.7921 |     25.027 |   0.9566 |     29.737 |     3.2
   24 |   0.7727 |     24.711 |   0.9369 |     29.174 |     3.4
   25 |   0.7468 |     23.744 |   0.9558 |     28.455 |     3.5
   26 |   0.7347 |     23.236 |   0.9377 |     28.361 |     3.6
   27 |   0.7211 |     22.766 |   0.9420 |     29.112 |     3.8
   28 |   0.7050 |     22.548 |   0.9269 |     28.330 |     3.9
   29 |   0.6853 |     21.745 |   0.9339 |     27.736 |     4.1
   30 |   0.6740 |     21.581 |   0.9483 |     28.424 |     4.2
   31 |   0.6597 |     21.035 |   0.9338 |     27.642 |     4.4
   32 |   0.6424 |     20.904 |   0.9275 |     27.611 |     4.5
Early stopping

Model: Seq2Seq Multimodal Transformer
Source index: <Seq2Seq Index with 44 items>
Target index: <Seq2Seq Index with 34 items>
Max sequence length: 800
Embedding dimension: 64
Descriptors dimension: 1136
Feedforward dimension: 256
Encoder layers: 4
Decoder layers: 3
Attention heads: 4
Activation: relu
Dropout: 0.1
Trainable parameters: 535,714

Training started
X_train.shape: torch.Size([3052, 702])
Y_train.shape: torch.Size([3052, 7])
X_dev.shape: torch.Size([533, 266])
Y_dev.shape: torch.Size([533, 7])
Epochs: 500
Learning rate: 0.001
Weight decay: 1e-05
Epoch | Train                 | Development           | Minutes
      | Loss     | Error Rate | Loss     | Error Rate |
---------------------------------------------------------------
    1 |   1.6804 |     47.854 |   1.2846 |     41.745 |     0.2
    2 |   1.2557 |     41.618 |   1.1569 |     38.180 |     0.3
    3 |   1.1514 |     39.084 |   1.1222 |     38.211 |     0.5
    4 |   1.0834 |     36.927 |   1.0704 |     35.929 |     0.7
    5 |   1.0273 |     34.966 |   1.0167 |     34.334 |     0.8
    6 |   0.9872 |     33.623 |   0.9911 |     33.365 |     1.0
    7 |   0.9360 |     31.930 |   0.9438 |     31.739 |     1.1
    8 |   0.9069 |     31.346 |   0.9206 |     30.832 |     1.3
    9 |   0.8735 |     30.002 |   0.9477 |     31.332 |     1.5
   10 |   0.8380 |     29.052 |   0.8898 |     29.581 |     1.6
   11 |   0.8104 |     27.807 |   0.8838 |     28.799 |     1.8
   12 |   0.7826 |     27.315 |   0.8734 |     28.674 |     2.0
   13 |   0.7484 |     25.579 |   0.8805 |     28.956 |     2.1
   14 |   0.7165 |     24.700 |   0.8794 |     28.549 |     2.3
   15 |   0.6914 |     23.990 |   0.8635 |     27.892 |     2.5
   16 |   0.6838 |     23.646 |   0.8681 |     27.674 |     2.6
   17 |   0.6651 |     23.225 |   0.8534 |     26.079 |     2.8
   18 |   0.6364 |     21.691 |   0.8555 |     27.517 |     2.9
   19 |   0.6151 |     21.248 |   0.8734 |     27.455 |     3.1
   20 |   0.5949 |     20.757 |   0.8461 |     26.673 |     3.3
   21 |   0.5757 |     19.829 |   0.8595 |     26.141 |     3.4
   22 |   0.5639 |     19.315 |   0.8048 |     24.953 |     3.6
   23 |   0.5401 |     18.824 |   0.8421 |     26.173 |     3.8
   24 |   0.5149 |     17.682 |   0.8484 |     24.765 |     3.9
   25 |   0.5081 |     17.748 |   0.8241 |     24.765 |     4.1
   26 |   0.4887 |     16.907 |   0.8599 |     25.235 |     4.3
Early stopping

Model: Seq2Seq Multimodal Transformer
Source index: <Seq2Seq Index with 44 items>
Target index: <Seq2Seq Index with 34 items>
Max sequence length: 800
Embedding dimension: 64
Descriptors dimension: 1136
Feedforward dimension: 128
Encoder layers: 3
Decoder layers: 4
Attention heads: 4
Activation: relu
Dropout: 0.0
Trainable parameters: 436,898

Training started
X_train.shape: torch.Size([3052, 702])
Y_train.shape: torch.Size([3052, 7])
X_dev.shape: torch.Size([533, 266])
Y_dev.shape: torch.Size([533, 7])
Epochs: 500
Learning rate: 0.001
Weight decay: 1e-05
Epoch | Train                 | Development           | Minutes
      | Loss     | Error Rate | Loss     | Error Rate |
---------------------------------------------------------------
    1 |   1.6498 |     47.930 |   1.2982 |     41.682 |     0.1
    2 |   1.1875 |     38.953 |   1.1639 |     38.211 |     0.2
    3 |   1.0559 |     35.447 |   1.0455 |     34.991 |     0.4
    4 |   0.9618 |     32.356 |   0.9864 |     32.364 |     0.5
    5 |   0.8819 |     29.898 |   0.9413 |     30.988 |     0.6
    6 |   0.8179 |     27.687 |   0.9097 |     30.050 |     0.7
    7 |   0.7725 |     26.245 |   0.8918 |     29.268 |     0.9
    8 |   0.7246 |     24.569 |   0.9051 |     28.487 |     1.0
    9 |   0.6773 |     23.143 |   0.9045 |     28.549 |     1.1
   10 |   0.6439 |     22.002 |   0.8702 |     27.924 |     1.3
   11 |   0.6092 |     21.090 |   0.8675 |     27.142 |     1.4
   12 |   0.5787 |     19.850 |   0.8652 |     26.517 |     1.5
   13 |   0.5442 |     18.725 |   0.8386 |     25.704 |     1.6
   14 |   0.5264 |     18.163 |   0.8310 |     25.704 |     1.8
   15 |   0.5046 |     17.420 |   0.8636 |     26.235 |     1.9
   16 |   0.4775 |     16.465 |   0.8793 |     26.454 |     2.0
   17 |   0.4616 |     15.880 |   0.8367 |     25.203 |     2.1
   18 |   0.4386 |     15.209 |   0.8829 |     26.360 |     2.3
Early stopping

Model: Seq2Seq Multimodal Transformer
Source index: <Seq2Seq Index with 44 items>
Target index: <Seq2Seq Index with 34 items>
Max sequence length: 800
Embedding dimension: 128
Descriptors dimension: 1136
Feedforward dimension: 256
Encoder layers: 3
Decoder layers: 4
Attention heads: 2
Activation: relu
Dropout: 0.0
Trainable parameters: 1,471,778

Training started
X_train.shape: torch.Size([3052, 702])
Y_train.shape: torch.Size([3052, 7])
X_dev.shape: torch.Size([533, 266])
Y_dev.shape: torch.Size([533, 7])
Epochs: 500
Learning rate: 0.0001
Weight decay: 1e-05
Epoch | Train                 | Development           | Minutes
      | Loss     | Error Rate | Loss     | Error Rate |
---------------------------------------------------------------
    1 |   1.9647 |     51.611 |   1.3934 |     40.650 |     0.1
    2 |   1.3062 |     39.630 |   1.2353 |     37.398 |     0.2
    3 |   1.1684 |     35.796 |   1.1554 |     35.647 |     0.4
    4 |   1.0720 |     33.339 |   1.0838 |     33.740 |     0.5
    5 |   0.9863 |     31.078 |   1.0280 |     31.739 |     0.6
    6 |   0.9135 |     28.855 |   0.9998 |     31.176 |     0.8
    7 |   0.8429 |     26.562 |   0.9400 |     29.518 |     0.9
    8 |   0.7871 |     24.814 |   0.9344 |     29.300 |     1.0
    9 |   0.7285 |     22.745 |   0.8984 |     28.111 |     1.1
   10 |   0.6797 |     21.352 |   0.9037 |     27.298 |     1.3
   11 |   0.6329 |     19.643 |   0.8744 |     26.923 |     1.4
   12 |   0.5915 |     18.742 |   0.8551 |     26.329 |     1.5
   13 |   0.5555 |     17.469 |   0.8303 |     24.484 |     1.7
   14 |   0.5200 |     16.492 |   0.8492 |     24.765 |     1.8
   15 |   0.4839 |     15.465 |   0.8203 |     24.422 |     1.9
   16 |   0.4557 |     14.444 |   0.8215 |     24.422 |     2.0
   17 |   0.4297 |     13.723 |   0.8322 |     24.234 |     2.2
   18 |   0.4023 |     12.860 |   0.8247 |     22.827 |     2.3
   19 |   0.3747 |     11.959 |   0.8441 |     24.547 |     2.4
Early stopping

Model: Seq2Seq Multimodal Transformer
Source index: <Seq2Seq Index with 44 items>
Target index: <Seq2Seq Index with 34 items>
Max sequence length: 800
Embedding dimension: 128
Descriptors dimension: 1136
Feedforward dimension: 256
Encoder layers: 4
Decoder layers: 4
Attention heads: 2
Activation: relu
Dropout: 0.1
Trainable parameters: 1,604,258

Training started
X_train.shape: torch.Size([3052, 702])
Y_train.shape: torch.Size([3052, 7])
X_dev.shape: torch.Size([533, 266])
Y_dev.shape: torch.Size([533, 7])
Epochs: 500
Learning rate: 0.001
Weight decay: 1e-05
Epoch | Train                 | Development           | Minutes
      | Loss     | Error Rate | Loss     | Error Rate |
---------------------------------------------------------------
    1 |   1.5889 |     47.777 |   1.2710 |     42.527 |     0.2
    2 |   1.2357 |     41.705 |   1.1782 |     39.118 |     0.3
    3 |   1.1602 |     39.193 |   1.1185 |     38.305 |     0.5
    4 |   1.0999 |     37.413 |   1.0868 |     37.336 |     0.7
    5 |   1.0550 |     35.944 |   1.0382 |     35.866 |     0.8
    6 |   1.0034 |     34.256 |   1.0015 |     33.959 |     1.0
    7 |   0.9720 |     33.333 |   1.0197 |     35.491 |     1.1
    8 |   0.9486 |     32.623 |   1.0377 |     34.834 |     1.3
    9 |   0.9160 |     31.657 |   0.9628 |     32.645 |     1.5
   10 |   0.8863 |     30.461 |   0.9761 |     33.333 |     1.6
   11 |   0.8530 |     29.462 |   0.9119 |     30.269 |     1.8
   12 |   0.8443 |     29.341 |   0.9325 |     31.770 |     2.0
   13 |   0.8107 |     27.889 |   0.8895 |     29.800 |     2.1
   14 |   0.7885 |     27.266 |   0.9262 |     30.926 |     2.3
   15 |   0.7729 |     27.075 |   0.9481 |     31.363 |     2.5
   16 |   0.7542 |     26.442 |   0.9318 |     30.926 |     2.6
   17 |   0.7222 |     25.246 |   0.9407 |     30.394 |     2.8
Early stopping

Model: Seq2Seq Multimodal Transformer
Source index: <Seq2Seq Index with 44 items>
Target index: <Seq2Seq Index with 34 items>
Max sequence length: 800
Embedding dimension: 128
Descriptors dimension: 1136
Feedforward dimension: 256
Encoder layers: 3
Decoder layers: 4
Attention heads: 2
Activation: relu
Dropout: 0.0
Trainable parameters: 1,471,778

Training started
X_train.shape: torch.Size([3052, 702])
Y_train.shape: torch.Size([3052, 7])
X_dev.shape: torch.Size([533, 266])
Y_dev.shape: torch.Size([533, 7])
Epochs: 500
Learning rate: 0.0001
Weight decay: 0.0001
Epoch | Train                 | Development           | Minutes
      | Loss     | Error Rate | Loss     | Error Rate |
---------------------------------------------------------------
    1 |   2.0207 |     52.905 |   1.4176 |     42.902 |     0.1
    2 |   1.3185 |     40.203 |   1.2484 |     37.742 |     0.3
    3 |   1.1771 |     36.255 |   1.1575 |     35.522 |     0.4
    4 |   1.0729 |     33.126 |   1.0902 |     33.677 |     0.5
    5 |   0.9812 |     30.592 |   1.0269 |     31.363 |     0.6
    6 |   0.9045 |     28.670 |   0.9715 |     30.238 |     0.8
    7 |   0.8403 |     26.234 |   0.9557 |     29.987 |     0.9
    8 |   0.7762 |     24.203 |   0.9003 |     27.861 |     1.0
    9 |   0.7242 |     22.799 |   0.9086 |     27.767 |     1.1
   10 |   0.6758 |     21.128 |   0.8593 |     26.735 |     1.3
   11 |   0.6195 |     19.665 |   0.8425 |     26.204 |     1.4
   12 |   0.5848 |     18.458 |   0.8671 |     26.485 |     1.5
   13 |   0.5502 |     17.333 |   0.8356 |     25.766 |     1.7
   14 |   0.5133 |     16.323 |   0.8368 |     25.266 |     1.8
   15 |   0.4819 |     15.154 |   0.8284 |     25.141 |     1.9
   16 |   0.4502 |     14.182 |   0.8252 |     25.172 |     2.0
   17 |   0.4256 |     13.472 |   0.8315 |     24.640 |     2.2
   18 |   0.3986 |     12.811 |   0.8261 |     24.453 |     2.3
   19 |   0.3766 |     12.194 |   0.8619 |     24.797 |     2.4
   20 |   0.3624 |     11.741 |   0.8533 |     25.235 |     2.5
Early stopping

Model: Seq2Seq Multimodal Transformer
Source index: <Seq2Seq Index with 44 items>
Target index: <Seq2Seq Index with 34 items>
Max sequence length: 800
Embedding dimension: 128
Descriptors dimension: 1136
Feedforward dimension: 256
Encoder layers: 3
Decoder layers: 4
Attention heads: 4
Activation: relu
Dropout: 0.0
Trainable parameters: 1,471,778

Training started
X_train.shape: torch.Size([3052, 702])
Y_train.shape: torch.Size([3052, 7])
X_dev.shape: torch.Size([533, 266])
Y_dev.shape: torch.Size([533, 7])
Epochs: 500
Learning rate: 0.0001
Weight decay: 0.0001
Epoch | Train                 | Development           | Minutes
      | Loss     | Error Rate | Loss     | Error Rate |
---------------------------------------------------------------
    1 |   1.9869 |     52.528 |   1.4104 |     42.245 |     0.2
    2 |   1.3180 |     40.460 |   1.2378 |     37.930 |     0.3
    3 |   1.1724 |     36.419 |   1.1644 |     36.241 |     0.5
    4 |   1.0667 |     33.191 |   1.0593 |     32.552 |     0.6
    5 |   0.9700 |     30.155 |   1.0130 |     30.894 |     0.8
    6 |   0.8914 |     27.616 |   0.9547 |     29.518 |     0.9
    7 |   0.8296 |     25.939 |   0.9309 |     29.518 |     1.1
    8 |   0.7657 |     24.394 |   0.9253 |     28.674 |     1.2
    9 |   0.7217 |     22.701 |   0.9006 |     27.986 |     1.4
   10 |   0.6677 |     20.959 |   0.8698 |     27.799 |     1.6
   11 |   0.6214 |     19.512 |   0.8593 |     26.141 |     1.7
   12 |   0.5764 |     17.917 |   0.8270 |     25.516 |     1.9
   13 |   0.5405 |     16.994 |   0.8386 |     25.641 |     2.0
   14 |   0.5107 |     15.804 |   0.8212 |     24.609 |     2.2
   15 |   0.4789 |     15.203 |   0.8662 |     25.985 |     2.3
   16 |   0.4478 |     14.040 |   0.8029 |     23.233 |     2.5
   17 |   0.4139 |     13.123 |   0.8153 |     23.327 |     2.7
   18 |   0.3884 |     12.309 |   0.8136 |     22.702 |     2.8
   19 |   0.3735 |     11.976 |   0.8387 |     23.796 |     3.0
   20 |   0.3603 |     11.435 |   0.8383 |     23.640 |     3.1
Early stopping

Model: Seq2Seq Multimodal Transformer
Source index: <Seq2Seq Index with 44 items>
Target index: <Seq2Seq Index with 34 items>
Max sequence length: 800
Embedding dimension: 128
Descriptors dimension: 1136
Feedforward dimension: 256
Encoder layers: 3
Decoder layers: 3
Attention heads: 2
Activation: relu
Dropout: 0.1
Trainable parameters: 1,272,994

Training started
X_train.shape: torch.Size([3052, 702])
Y_train.shape: torch.Size([3052, 7])
X_dev.shape: torch.Size([533, 266])
Y_dev.shape: torch.Size([533, 7])
Epochs: 500
Learning rate: 0.001
Weight decay: 0.0001
Epoch | Train                 | Development           | Minutes
      | Loss     | Error Rate | Loss     | Error Rate |
---------------------------------------------------------------
    1 |   1.5525 |     46.953 |   1.2610 |     41.338 |     0.1
    2 |   1.2337 |     40.891 |   1.1523 |     38.086 |     0.2
    3 |   1.1419 |     38.696 |   1.1099 |     37.148 |     0.4
    4 |   1.0746 |     36.282 |   1.0958 |     35.929 |     0.5
    5 |   1.0123 |     34.464 |   1.0295 |     34.959 |     0.6
    6 |   0.9738 |     33.557 |   0.9958 |     33.990 |     0.8
    7 |   0.9212 |     31.395 |   0.9946 |     31.895 |     0.9
    8 |   0.8879 |     30.619 |   0.9599 |     32.489 |     1.0
    9 |   0.8501 |     29.238 |   0.9514 |     31.176 |     1.1
   10 |   0.8081 |     27.812 |   0.9319 |     30.269 |     1.3
   11 |   0.7791 |     26.775 |   0.8896 |     29.800 |     1.4
   12 |   0.7477 |     25.967 |   0.8696 |     28.393 |     1.5
   13 |   0.7344 |     25.284 |   0.8652 |     27.892 |     1.6
   14 |   0.6849 |     23.689 |   0.8783 |     29.143 |     1.8
   15 |   0.6654 |     23.018 |   0.8865 |     28.643 |     1.9
   16 |   0.6448 |     22.253 |   0.8471 |     27.330 |     2.0
   17 |   0.6232 |     21.483 |   0.8307 |     25.954 |     2.2
   18 |   0.5871 |     20.254 |   0.8243 |     26.391 |     2.3
   19 |   0.5632 |     19.583 |   0.8510 |     25.735 |     2.4
   20 |   0.5488 |     19.037 |   0.8433 |     25.172 |     2.5
   21 |   0.5253 |     18.420 |   0.8330 |     24.453 |     2.7
   22 |   0.5088 |     17.764 |   0.8528 |     25.235 |     2.8
   23 |   0.4924 |     17.317 |   0.8208 |     24.984 |     2.9
   24 |   0.4831 |     16.732 |   0.8353 |     25.016 |     3.0
   25 |   0.4672 |     16.645 |   0.8066 |     23.452 |     3.2
   26 |   0.4393 |     15.602 |   0.8410 |     23.984 |     3.3
   27 |   0.4190 |     15.143 |   0.8544 |     24.359 |     3.4
   28 |   0.4203 |     14.804 |   0.8506 |     23.202 |     3.6
   29 |   0.4025 |     14.608 |   0.8235 |     23.702 |     3.7
Early stopping

Model: Seq2Seq Multimodal Transformer
Source index: <Seq2Seq Index with 44 items>
Target index: <Seq2Seq Index with 34 items>
Max sequence length: 800
Embedding dimension: 128
Descriptors dimension: 1136
Feedforward dimension: 128
Encoder layers: 4
Decoder layers: 3
Attention heads: 4
Activation: relu
Dropout: 0.0
Trainable parameters: 1,175,202

Training started
X_train.shape: torch.Size([3052, 702])
Y_train.shape: torch.Size([3052, 7])
X_dev.shape: torch.Size([533, 266])
Y_dev.shape: torch.Size([533, 7])
Epochs: 500
Learning rate: 0.001
Weight decay: 1e-05
Epoch | Train                 | Development           | Minutes
      | Loss     | Error Rate | Loss     | Error Rate |
---------------------------------------------------------------
    1 |   1.4899 |     45.882 |   1.2406 |     41.213 |     0.2
    2 |   1.1669 |     39.395 |   1.1237 |     37.086 |     0.3
    3 |   1.0746 |     36.910 |   1.0914 |     37.430 |     0.5
    4 |   1.0089 |     34.851 |   1.0055 |     34.021 |     0.7
    5 |   0.9374 |     32.476 |   1.0233 |     35.241 |     0.9
    6 |   0.8862 |     30.668 |   0.9430 |     31.457 |     1.0
    7 |   0.8547 |     29.740 |   0.9179 |     30.769 |     1.2
    8 |   0.8146 |     28.145 |   0.9113 |     29.612 |     1.4
    9 |   0.7875 |     27.659 |   0.9043 |     29.769 |     1.6
   10 |   0.7485 |     26.343 |   0.9003 |     30.019 |     1.7
   11 |   0.7289 |     26.016 |   0.8911 |     29.174 |     1.9
   12 |   0.7127 |     24.951 |   0.8831 |     29.268 |     2.1
   13 |   0.6826 |     23.558 |   0.8631 |     28.361 |     2.3
   14 |   0.6572 |     23.067 |   0.8424 |     27.830 |     2.4
   15 |   0.6380 |     22.734 |   0.8645 |     28.268 |     2.6
   16 |   0.6214 |     21.718 |   0.8352 |     27.674 |     2.8
   17 |   0.6213 |     21.882 |   0.8573 |     27.267 |     3.0
   18 |   0.5933 |     20.943 |   0.8299 |     27.142 |     3.1
   19 |   0.5662 |     19.768 |   0.8052 |     25.391 |     3.3
   20 |   0.5436 |     19.299 |   0.8198 |     24.672 |     3.5
   21 |   0.5383 |     19.124 |   0.8193 |     25.422 |     3.7
   22 |   0.5187 |     18.562 |   0.8428 |     25.578 |     3.8
   23 |   0.5251 |     18.753 |   0.8074 |     24.891 |     4.0
Early stopping

Model: Seq2Seq Multimodal Transformer
Source index: <Seq2Seq Index with 44 items>
Target index: <Seq2Seq Index with 34 items>
Max sequence length: 800
Embedding dimension: 64
Descriptors dimension: 1136
Feedforward dimension: 128
Encoder layers: 3
Decoder layers: 4
Attention heads: 2
Activation: relu
Dropout: 0.1
Trainable parameters: 436,898

Training started
X_train.shape: torch.Size([3052, 702])
Y_train.shape: torch.Size([3052, 7])
X_dev.shape: torch.Size([533, 266])
Y_dev.shape: torch.Size([533, 7])
Epochs: 500
Learning rate: 0.001
Weight decay: 1e-05
Epoch | Train                 | Development           | Minutes
      | Loss     | Error Rate | Loss     | Error Rate |
---------------------------------------------------------------
    1 |   1.7414 |     49.711 |   1.3211 |     43.746 |     0.1
    2 |   1.2823 |     41.912 |   1.1907 |     39.149 |     0.2
    3 |   1.1858 |     38.991 |   1.1202 |     37.273 |     0.3
    4 |   1.0990 |     36.659 |   1.0861 |     36.023 |     0.4
    5 |   1.0381 |     34.655 |   1.0179 |     34.803 |     0.5
    6 |   0.9835 |     33.350 |   0.9900 |     33.177 |     0.6
    7 |   0.9360 |     31.384 |   0.9679 |     32.770 |     0.7
    8 |   0.9071 |     30.734 |   0.9346 |     31.019 |     0.8
    9 |   0.8590 |     29.030 |   0.9342 |     30.457 |     0.9
   10 |   0.8367 |     28.358 |   0.9128 |     30.175 |     1.0
   11 |   0.7962 |     26.813 |   0.9036 |     29.206 |     1.1
   12 |   0.7631 |     25.775 |   0.8958 |     29.143 |     1.2
   13 |   0.7387 |     25.093 |   0.9143 |     29.143 |     1.3
   14 |   0.7066 |     24.257 |   0.8507 |     27.830 |     1.4
   15 |   0.6773 |     22.969 |   0.9151 |     28.987 |     1.5
   16 |   0.6635 |     22.439 |   0.8888 |     28.737 |     1.6
   17 |   0.6353 |     21.707 |   0.8808 |     27.330 |     1.7
   18 |   0.6120 |     20.915 |   0.8933 |     27.736 |     1.8
Early stopping

Model: Seq2Seq Multimodal Transformer
Source index: <Seq2Seq Index with 44 items>
Target index: <Seq2Seq Index with 34 items>
Max sequence length: 800
Embedding dimension: 128
Descriptors dimension: 1136
Feedforward dimension: 128
Encoder layers: 3
Decoder layers: 3
Attention heads: 2
Activation: relu
Dropout: 0.1
Trainable parameters: 1,075,618

Training started
X_train.shape: torch.Size([3052, 702])
Y_train.shape: torch.Size([3052, 7])
X_dev.shape: torch.Size([533, 266])
Y_dev.shape: torch.Size([533, 7])
Epochs: 500
Learning rate: 0.001
Weight decay: 0.0001
Epoch | Train                 | Development           | Minutes
      | Loss     | Error Rate | Loss     | Error Rate |
---------------------------------------------------------------
    1 |   1.5794 |     47.062 |   1.2634 |     41.119 |     0.1
    2 |   1.2171 |     40.192 |   1.1393 |     38.993 |     0.2
    3 |   1.1215 |     37.495 |   1.0801 |     37.023 |     0.4
    4 |   1.0555 |     35.621 |   1.0130 |     34.146 |     0.5
    5 |   0.9835 |     33.159 |   0.9747 |     32.927 |     0.6
    6 |   0.9375 |     31.701 |   0.9845 |     32.770 |     0.7
    7 |   0.8967 |     30.532 |   0.9524 |     31.770 |     0.8
    8 |   0.8715 |     29.844 |   0.9532 |     32.364 |     1.0
    9 |   0.8309 |     28.462 |   0.9170 |     30.488 |     1.1
   10 |   0.7938 |     27.392 |   0.9120 |     29.987 |     1.2
   11 |   0.7668 |     26.289 |   0.8932 |     30.050 |     1.3
   12 |   0.7355 |     25.246 |   0.8640 |     27.611 |     1.5
   13 |   0.7255 |     25.169 |   0.8976 |     29.393 |     1.6
   14 |   0.7035 |     24.192 |   0.8771 |     29.456 |     1.7
   15 |   0.6717 |     23.220 |   0.8576 |     27.611 |     1.8
   16 |   0.6521 |     22.406 |   0.8858 |     28.205 |     1.9
   17 |   0.6325 |     21.887 |   0.8376 |     25.922 |     2.1
   18 |   0.6121 |     21.166 |   0.8706 |     27.924 |     2.2
   19 |   0.5954 |     20.686 |   0.8649 |     26.892 |     2.3
   20 |   0.5777 |     19.910 |   0.8697 |     26.829 |     2.5
   21 |   0.5587 |     19.528 |   0.8510 |     25.891 |     2.6
Early stopping

Model: Seq2Seq Multimodal Transformer
Source index: <Seq2Seq Index with 44 items>
Target index: <Seq2Seq Index with 34 items>
Max sequence length: 800
Embedding dimension: 128
Descriptors dimension: 1136
Feedforward dimension: 128
Encoder layers: 4
Decoder layers: 4
Attention heads: 4
Activation: relu
Dropout: 0.0
Trainable parameters: 1,341,090

Training started
X_train.shape: torch.Size([3052, 702])
Y_train.shape: torch.Size([3052, 7])
X_dev.shape: torch.Size([533, 266])
Y_dev.shape: torch.Size([533, 7])
Epochs: 500
Learning rate: 0.001
Weight decay: 1e-05
Epoch | Train                 | Development           | Minutes
      | Loss     | Error Rate | Loss     | Error Rate |
---------------------------------------------------------------
    1 |   1.5699 |     47.832 |   1.2630 |     42.527 |     0.2
    2 |   1.1884 |     39.766 |   1.1416 |     38.055 |     0.4
    3 |   1.0794 |     36.823 |   1.0636 |     35.335 |     0.5
    4 |   0.9987 |     34.147 |   1.0231 |     34.553 |     0.7
    5 |   0.9435 |     32.268 |   0.9832 |     33.333 |     0.9
    6 |   0.8870 |     30.532 |   0.9942 |     33.240 |     1.1
    7 |   0.8571 |     29.746 |   0.9609 |     32.083 |     1.3
    8 |   0.8063 |     27.889 |   0.9302 |     30.957 |     1.5
    9 |   0.7877 |     27.457 |   0.9262 |     31.832 |     1.7
   10 |   0.7522 |     26.016 |   0.8954 |     30.457 |     1.8
   11 |   0.7310 |     25.169 |   0.9028 |     30.081 |     2.0
   12 |   0.7258 |     25.011 |   0.9102 |     30.113 |     2.2
   13 |   0.6881 |     23.799 |   0.8572 |     28.487 |     2.4
   14 |   0.6641 |     23.465 |   0.8403 |     27.955 |     2.6
   15 |   0.6518 |     22.674 |   0.8525 |     26.798 |     2.8
   16 |   0.6146 |     21.680 |   0.8378 |     26.892 |     2.9
   17 |   0.6077 |     21.341 |   0.8568 |     26.704 |     3.1
   18 |   0.5957 |     21.106 |   0.8360 |     26.423 |     3.3
   19 |   0.5787 |     20.331 |   0.8431 |     25.985 |     3.5
   20 |   0.5672 |     19.676 |   0.8737 |     26.986 |     3.7
   21 |   0.5529 |     19.326 |   0.8240 |     25.704 |     3.9
   22 |   0.5278 |     18.600 |   0.9061 |     29.018 |     4.0
   23 |   0.5286 |     18.709 |   0.8340 |     25.891 |     4.2
   24 |   0.5110 |     18.234 |   0.8655 |     25.109 |     4.4
   25 |   0.4828 |     16.951 |   0.8355 |     25.516 |     4.6
Early stopping

Model: Seq2Seq Multimodal Transformer
Source index: <Seq2Seq Index with 44 items>
Target index: <Seq2Seq Index with 34 items>
Max sequence length: 800
Embedding dimension: 128
Descriptors dimension: 1136
Feedforward dimension: 256
Encoder layers: 3
Decoder layers: 4
Attention heads: 2
Activation: relu
Dropout: 0.1
Trainable parameters: 1,471,778

Training started
X_train.shape: torch.Size([3052, 702])
Y_train.shape: torch.Size([3052, 7])
X_dev.shape: torch.Size([533, 266])
Y_dev.shape: torch.Size([533, 7])
Epochs: 500
Learning rate: 0.0001
Weight decay: 0.0001
Epoch | Train                 | Development           | Minutes
      | Loss     | Error Rate | Loss     | Error Rate |
---------------------------------------------------------------
    1 |   2.1775 |     55.565 |   1.4839 |     44.278 |     0.1
    2 |   1.4598 |     43.747 |   1.3035 |     40.682 |     0.3
    3 |   1.3226 |     40.684 |   1.2214 |     39.181 |     0.4
    4 |   1.2284 |     38.472 |   1.1540 |     36.617 |     0.5
    5 |   1.1532 |     36.184 |   1.1138 |     34.928 |     0.7
    6 |   1.0930 |     34.688 |   1.0652 |     33.927 |     0.8
    7 |   1.0351 |     32.875 |   1.0321 |     33.208 |     0.9
    8 |   0.9894 |     31.471 |   1.0093 |     32.083 |     1.1
    9 |   0.9472 |     30.406 |   0.9832 |     31.332 |     1.2
   10 |   0.9007 |     28.713 |   0.9571 |     30.488 |     1.3
   11 |   0.8606 |     27.550 |   0.9472 |     30.175 |     1.5
   12 |   0.8209 |     26.332 |   0.9397 |     29.831 |     1.6
   13 |   0.7848 |     25.251 |   0.9224 |     29.237 |     1.8
   14 |   0.7571 |     24.383 |   0.9291 |     29.174 |     1.9
   15 |   0.7257 |     23.498 |   0.9142 |     28.549 |     2.0
   16 |   0.6996 |     22.532 |   0.9126 |     28.393 |     2.2
   17 |   0.6775 |     21.931 |   0.8895 |     27.642 |     2.3
   18 |   0.6503 |     20.882 |   0.8849 |     26.767 |     2.4
   19 |   0.6240 |     20.102 |   0.9056 |     27.736 |     2.6
   20 |   0.6014 |     19.206 |   0.8952 |     27.111 |     2.7
   21 |   0.5783 |     18.485 |   0.8956 |     26.610 |     2.8
   22 |   0.5606 |     18.157 |   0.8998 |     26.673 |     3.0
Early stopping

Model: Seq2Seq Multimodal Transformer
Source index: <Seq2Seq Index with 44 items>
Target index: <Seq2Seq Index with 34 items>
Max sequence length: 800
Embedding dimension: 64
Descriptors dimension: 1136
Feedforward dimension: 128
Encoder layers: 3
Decoder layers: 3
Attention heads: 4
Activation: relu
Dropout: 0.0
Trainable parameters: 386,658

Training started
X_train.shape: torch.Size([3052, 702])
Y_train.shape: torch.Size([3052, 7])
X_dev.shape: torch.Size([533, 266])
Y_dev.shape: torch.Size([533, 7])
Epochs: 500
Learning rate: 0.001
Weight decay: 1e-05
Epoch | Train                 | Development           | Minutes
      | Loss     | Error Rate | Loss     | Error Rate |
---------------------------------------------------------------
    1 |   1.6694 |     47.614 |   1.2885 |     42.089 |     0.1
    2 |   1.2040 |     39.308 |   1.1442 |     36.929 |     0.2
    3 |   1.0633 |     35.239 |   1.0499 |     34.365 |     0.3
    4 |   0.9674 |     32.301 |   1.0029 |     32.739 |     0.5
    5 |   0.8853 |     29.795 |   0.9613 |     31.238 |     0.6
    6 |   0.8275 |     28.173 |   0.9413 |     31.676 |     0.7
    7 |   0.7732 |     25.999 |   0.8776 |     28.956 |     0.8
    8 |   0.7156 |     24.159 |   0.8501 |     27.017 |     0.9
    9 |   0.6760 |     22.990 |   0.8503 |     27.048 |     1.1
   10 |   0.6412 |     21.707 |   0.8325 |     26.141 |     1.2
   11 |   0.6153 |     21.106 |   0.8265 |     26.329 |     1.3
   12 |   0.5682 |     19.304 |   0.8182 |     25.985 |     1.4
   13 |   0.5446 |     18.698 |   0.8303 |     25.704 |     1.5
   14 |   0.5141 |     17.759 |   0.8185 |     25.016 |     1.6
   15 |   0.4979 |     17.125 |   0.8460 |     25.016 |     1.8
   16 |   0.4684 |     16.131 |   0.8439 |     25.516 |     1.9
   17 |   0.4561 |     15.902 |   0.8110 |     24.359 |     2.0
   18 |   0.4317 |     15.263 |   0.8364 |     24.609 |     2.1
   19 |   0.4149 |     14.701 |   0.8287 |     24.171 |     2.2
   20 |   0.3949 |     13.980 |   0.8619 |     23.921 |     2.3
   21 |   0.3839 |     13.559 |   0.8369 |     24.109 |     2.5
Early stopping

Model: Seq2Seq Multimodal Transformer
Source index: <Seq2Seq Index with 44 items>
Target index: <Seq2Seq Index with 34 items>
Max sequence length: 800
Embedding dimension: 128
Descriptors dimension: 1136
Feedforward dimension: 256
Encoder layers: 4
Decoder layers: 3
Attention heads: 4
Activation: relu
Dropout: 0.1
Trainable parameters: 1,405,474

Training started
X_train.shape: torch.Size([3052, 702])
Y_train.shape: torch.Size([3052, 7])
X_dev.shape: torch.Size([533, 266])
Y_dev.shape: torch.Size([533, 7])
Epochs: 500
Learning rate: 0.0001
Weight decay: 1e-05
Epoch | Train                 | Development           | Minutes
      | Loss     | Error Rate | Loss     | Error Rate |
---------------------------------------------------------------
    1 |   2.2151 |     55.821 |   1.4739 |     43.308 |     0.2
    2 |   1.4485 |     43.043 |   1.3022 |     40.338 |     0.4
    3 |   1.3038 |     40.438 |   1.2214 |     38.524 |     0.6
    4 |   1.2076 |     37.953 |   1.1518 |     36.023 |     0.8
    5 |   1.1392 |     35.627 |   1.1004 |     34.084 |     1.0
    6 |   1.0681 |     33.688 |   1.0827 |     33.802 |     1.2
    7 |   1.0193 |     32.017 |   1.0253 |     32.458 |     1.4
    8 |   0.9607 |     30.657 |   1.0005 |     31.395 |     1.6
    9 |   0.9150 |     29.128 |   0.9713 |     30.519 |     1.8
   10 |   0.8685 |     27.670 |   0.9672 |     30.175 |     2.0
   11 |   0.8284 |     26.212 |   0.9744 |     30.300 |     2.1
   12 |   0.7907 |     25.175 |   0.9294 |     28.174 |     2.3
   13 |   0.7576 |     24.427 |   0.9192 |     28.268 |     2.5
   14 |   0.7231 |     23.116 |   0.9347 |     28.580 |     2.7
   15 |   0.6986 |     22.461 |   0.9206 |     27.861 |     2.9
   16 |   0.6702 |     21.472 |   0.9108 |     27.830 |     3.1
   17 |   0.6437 |     20.779 |   0.9048 |     26.735 |     3.3
   18 |   0.6130 |     19.774 |   0.8928 |     26.329 |     3.5
   19 |   0.5935 |     19.304 |   0.9082 |     26.391 |     3.7
   20 |   0.5716 |     18.452 |   0.9004 |     26.767 |     3.9
   21 |   0.5534 |     18.125 |   0.8954 |     25.547 |     4.1
   22 |   0.5325 |     17.404 |   0.8972 |     25.360 |     4.3
Early stopping

Model: Seq2Seq Multimodal Transformer
Source index: <Seq2Seq Index with 44 items>
Target index: <Seq2Seq Index with 34 items>
Max sequence length: 800
Embedding dimension: 128
Descriptors dimension: 1136
Feedforward dimension: 256
Encoder layers: 3
Decoder layers: 4
Attention heads: 2
Activation: relu
Dropout: 0.1
Trainable parameters: 1,471,778

Training started
X_train.shape: torch.Size([3052, 702])
Y_train.shape: torch.Size([3052, 7])
X_dev.shape: torch.Size([533, 266])
Y_dev.shape: torch.Size([533, 7])
Epochs: 500
Learning rate: 0.001
Weight decay: 0.0001
Epoch | Train                 | Development           | Minutes
      | Loss     | Error Rate | Loss     | Error Rate |
---------------------------------------------------------------
    1 |   1.5613 |     47.373 |   1.2813 |     42.433 |     0.1
    2 |   1.2490 |     41.192 |   1.1937 |     39.869 |     0.3
    3 |   1.1672 |     38.876 |   1.1271 |     37.836 |     0.4
    4 |   1.0999 |     36.828 |   1.0841 |     35.835 |     0.5
    5 |   1.0241 |     34.699 |   1.0864 |     36.179 |     0.7
    6 |   0.9849 |     33.557 |   1.0118 |     34.084 |     0.8
    7 |   0.9425 |     32.187 |   0.9932 |     32.583 |     0.9
    8 |   0.8908 |     30.264 |   0.9537 |     31.332 |     1.1
    9 |   0.8574 |     29.500 |   0.9263 |     31.301 |     1.2
   10 |   0.8233 |     27.922 |   0.9613 |     31.582 |     1.3
   11 |   0.8028 |     27.654 |   0.9134 |     29.362 |     1.5
   12 |   0.7595 |     25.983 |   0.8911 |     29.331 |     1.6
   13 |   0.7367 |     25.497 |   0.9152 |     29.393 |     1.8
   14 |   0.6938 |     23.908 |   0.8712 |     28.268 |     1.9
   15 |   0.6774 |     23.263 |   0.8905 |     28.393 |     2.0
   16 |   0.6544 |     22.586 |   0.8964 |     29.081 |     2.2
   17 |   0.6307 |     21.598 |   0.8453 |     26.954 |     2.3
   18 |   0.6120 |     21.139 |   0.8626 |     26.454 |     2.4
   19 |   0.5893 |     20.249 |   0.8408 |     26.298 |     2.6
   20 |   0.5681 |     19.763 |   0.8407 |     26.048 |     2.7
   21 |   0.5396 |     18.785 |   0.8447 |     26.673 |     2.8
   22 |   0.5189 |     18.087 |   0.8487 |     24.703 |     3.0
   23 |   0.4898 |     17.229 |   0.8186 |     25.141 |     3.1
   24 |   0.4855 |     17.114 |   0.8733 |     25.672 |     3.2
   25 |   0.4715 |     16.776 |   0.8858 |     25.360 |     3.4
   26 |   0.4563 |     16.410 |   0.8819 |     25.235 |     3.5
   27 |   0.4429 |     15.826 |   0.8913 |     25.985 |     3.6
Early stopping

