Model: Seq2Seq Multimodal Transformer
Source index: <Seq2Seq Index with 43 items>
Target index: <Seq2Seq Index with 34 items>
Max sequence length: 800
Embedding dimension: 128
Descriptors dimension: 1136
Feedforward dimension: 256
Encoder layers: 4
Decoder layers: 3
Attention heads: 4
Activation: relu
Dropout: 0.0
Trainable parameters: 1,405,346

Training started
X_train.shape: torch.Size([3085, 702])
Y_train.shape: torch.Size([3085, 7])
X_dev.shape: torch.Size([537, 649])
Y_dev.shape: torch.Size([537, 7])
Epochs: 500
Learning rate: 0.001
Weight decay: 0.0001
Epoch | Train                 | Development           | Minutes
      | Loss     | Error Rate | Loss     | Error Rate |
---------------------------------------------------------------
    1 |   1.4873 |     46.483 |   1.2209 |     39.665 |     0.2
    2 |   1.1592 |     39.244 |   1.1223 |     37.368 |     0.4
    3 |   1.0570 |     36.305 |   1.0568 |     36.251 |     0.6
    4 |   0.9803 |     33.852 |   0.9924 |     33.954 |     0.7
    5 |   0.9299 |     32.366 |   0.9664 |     33.395 |     0.9
    6 |   0.8682 |     30.297 |   0.9453 |     32.154 |     1.1
    7 |   0.8263 |     29.033 |   0.9456 |     32.030 |     1.3
    8 |   0.7866 |     27.563 |   0.9202 |     31.068 |     1.5
    9 |   0.7511 |     26.413 |   0.9221 |     30.912 |     1.7
   10 |   0.7433 |     26.067 |   0.8995 |     31.223 |     1.9
   11 |   0.7054 |     24.414 |   0.8630 |     29.174 |     2.1
   12 |   0.6638 |     23.220 |   0.8511 |     28.088 |     2.3
   13 |   0.6445 |     22.663 |   0.8535 |     28.243 |     2.5
   14 |   0.6221 |     22.042 |   0.8412 |     27.529 |     2.7
   15 |   0.5929 |     20.870 |   0.8321 |     26.443 |     2.9
   16 |   0.5815 |     20.454 |   0.8310 |     27.126 |     3.0
   17 |   0.5628 |     19.903 |   0.8345 |     27.188 |     3.2
   18 |   0.5393 |     19.384 |   0.8303 |     26.505 |     3.4
   19 |   0.5263 |     18.541 |   0.8360 |     26.133 |     3.6
   20 |   0.5032 |     18.055 |   0.8033 |     24.953 |     3.8
   21 |   0.4815 |     17.256 |   0.8468 |     25.667 |     4.0
   22 |   0.4746 |     16.991 |   0.8172 |     24.674 |     4.2
   23 |   0.4458 |     15.867 |   0.8172 |     24.829 |     4.4
   24 |   0.4344 |     15.543 |   0.8647 |     25.760 |     4.6
Early stopping

Model: Seq2Seq Multimodal Transformer
Source index: <Seq2Seq Index with 43 items>
Target index: <Seq2Seq Index with 34 items>
Max sequence length: 800
Embedding dimension: 128
Descriptors dimension: 1136
Feedforward dimension: 128
Encoder layers: 3
Decoder layers: 4
Attention heads: 2
Activation: relu
Dropout: 0.0
Trainable parameters: 1,241,378

Training started
X_train.shape: torch.Size([3085, 702])
Y_train.shape: torch.Size([3085, 7])
X_dev.shape: torch.Size([537, 649])
Y_dev.shape: torch.Size([537, 7])
Epochs: 500
Learning rate: 0.0001
Weight decay: 0.0001
Epoch | Train                 | Development           | Minutes
      | Loss     | Error Rate | Loss     | Error Rate |
---------------------------------------------------------------
    1 |   2.0369 |     52.183 |   1.4759 |     43.606 |     0.1
    2 |   1.3404 |     40.972 |   1.2879 |     40.379 |     0.3
    3 |   1.1959 |     37.126 |   1.1923 |     37.027 |     0.4
    4 |   1.0893 |     33.787 |   1.1285 |     35.382 |     0.5
    5 |   1.0061 |     31.383 |   1.0996 |     35.289 |     0.6
    6 |   0.9348 |     29.363 |   1.0328 |     32.775 |     0.8
    7 |   0.8675 |     27.218 |   1.0077 |     32.806 |     0.9
    8 |   0.8170 |     25.267 |   0.9574 |     30.416 |     1.0
    9 |   0.7602 |     23.684 |   0.9326 |     29.330 |     1.2
   10 |   0.7177 |     22.469 |   0.9457 |     29.423 |     1.3
   11 |   0.6697 |     20.794 |   0.9194 |     28.461 |     1.4
   12 |   0.6309 |     19.789 |   0.9187 |     28.740 |     1.6
   13 |   0.5918 |     18.287 |   0.9038 |     28.119 |     1.7
   14 |   0.5587 |     17.450 |   0.8931 |     28.119 |     1.8
   15 |   0.5276 |     16.645 |   0.8625 |     26.226 |     2.0
   16 |   0.5076 |     16.153 |   0.8651 |     26.257 |     2.1
   17 |   0.4763 |     15.186 |   0.8739 |     25.605 |     2.2
   18 |   0.4497 |     14.473 |   0.8628 |     25.543 |     2.3
   19 |   0.4306 |     13.663 |   0.8642 |     25.450 |     2.5
Early stopping

Model: Seq2Seq Multimodal Transformer
Source index: <Seq2Seq Index with 43 items>
Target index: <Seq2Seq Index with 34 items>
Max sequence length: 800
Embedding dimension: 128
Descriptors dimension: 1136
Feedforward dimension: 128
Encoder layers: 4
Decoder layers: 3
Attention heads: 2
Activation: relu
Dropout: 0.0
Trainable parameters: 1,175,074

Training started
X_train.shape: torch.Size([3085, 702])
Y_train.shape: torch.Size([3085, 7])
X_dev.shape: torch.Size([537, 649])
Y_dev.shape: torch.Size([537, 7])
Epochs: 500
Learning rate: 0.0001
Weight decay: 1e-05
Epoch | Train                 | Development           | Minutes
      | Loss     | Error Rate | Loss     | Error Rate |
---------------------------------------------------------------
    1 |   2.0221 |     51.351 |   1.4681 |     42.241 |     0.1
    2 |   1.3361 |     40.540 |   1.2892 |     40.751 |     0.3
    3 |   1.1930 |     37.045 |   1.1882 |     36.282 |     0.4
    4 |   1.0949 |     34.230 |   1.1319 |     35.351 |     0.6
    5 |   1.0230 |     32.080 |   1.0778 |     33.985 |     0.7
    6 |   0.9503 |     29.854 |   1.0457 |     33.116 |     0.9
    7 |   0.8895 |     28.066 |   1.0287 |     32.588 |     1.0
    8 |   0.8299 |     26.343 |   0.9844 |     31.006 |     1.2
    9 |   0.7673 |     23.922 |   0.9595 |     30.385 |     1.3
   10 |   0.7221 |     22.820 |   0.9362 |     29.702 |     1.5
   11 |   0.6740 |     21.199 |   0.9259 |     28.554 |     1.6
   12 |   0.6281 |     19.519 |   0.9179 |     28.988 |     1.7
   13 |   0.5955 |     18.547 |   0.9052 |     27.902 |     1.9
   14 |   0.5564 |     17.450 |   0.9159 |     27.747 |     2.0
   15 |   0.5245 |     16.510 |   0.8892 |     27.219 |     2.2
   16 |   0.4985 |     15.548 |   0.8929 |     26.847 |     2.3
   17 |   0.4719 |     14.689 |   0.8862 |     26.226 |     2.5
   18 |   0.4466 |     14.176 |   0.9070 |     26.319 |     2.6
   19 |   0.4257 |     13.528 |   0.8859 |     26.040 |     2.8
   20 |   0.4042 |     12.863 |   0.9097 |     25.791 |     2.9
   21 |   0.3860 |     12.501 |   0.9103 |     25.947 |     3.1
   22 |   0.3698 |     11.723 |   0.8872 |     25.202 |     3.2
   23 |   0.3567 |     11.659 |   0.9015 |     24.767 |     3.4
Early stopping

Model: Seq2Seq Multimodal Transformer
Source index: <Seq2Seq Index with 43 items>
Target index: <Seq2Seq Index with 34 items>
Max sequence length: 800
Embedding dimension: 64
Descriptors dimension: 1136
Feedforward dimension: 256
Encoder layers: 3
Decoder layers: 3
Attention heads: 2
Activation: relu
Dropout: 0.1
Trainable parameters: 485,666

Training started
X_train.shape: torch.Size([3085, 702])
Y_train.shape: torch.Size([3085, 7])
X_dev.shape: torch.Size([537, 649])
Y_dev.shape: torch.Size([537, 7])
Epochs: 500
Learning rate: 0.0001
Weight decay: 1e-05
Epoch | Train                 | Development           | Minutes
      | Loss     | Error Rate | Loss     | Error Rate |
---------------------------------------------------------------
    1 |   2.4998 |     58.320 |   1.8228 |     46.214 |     0.1
    2 |   1.7333 |     45.575 |   1.5481 |     44.196 |     0.2
    3 |   1.5303 |     43.906 |   1.4364 |     42.365 |     0.3
    4 |   1.4297 |     42.366 |   1.3628 |     41.775 |     0.4
    5 |   1.3508 |     40.448 |   1.2967 |     39.199 |     0.5
    6 |   1.2847 |     39.022 |   1.2479 |     37.989 |     0.6
    7 |   1.2276 |     37.147 |   1.2018 |     36.592 |     0.7
    8 |   1.1805 |     35.700 |   1.1673 |     35.630 |     0.8
    9 |   1.1307 |     34.338 |   1.1388 |     35.164 |     0.9
   10 |   1.0900 |     33.004 |   1.1265 |     34.761 |     1.0
   11 |   1.0588 |     32.183 |   1.0929 |     33.861 |     1.1
   12 |   1.0236 |     31.243 |   1.0681 |     33.085 |     1.2
   13 |   0.9875 |     30.384 |   1.0684 |     32.247 |     1.3
   14 |   0.9578 |     29.308 |   1.0411 |     32.464 |     1.4
   15 |   0.9317 |     28.676 |   1.0286 |     31.968 |     1.5
   16 |   0.9090 |     28.336 |   1.0291 |     31.999 |     1.6
   17 |   0.8813 |     27.158 |   1.0064 |     31.347 |     1.7
   18 |   0.8557 |     26.267 |   1.0047 |     31.719 |     1.8
   19 |   0.8362 |     26.197 |   0.9851 |     30.354 |     1.9
   20 |   0.8117 |     25.440 |   0.9942 |     30.881 |     2.0
   21 |   0.7968 |     24.970 |   0.9888 |     30.881 |     2.1
   22 |   0.7745 |     24.435 |   0.9971 |     30.509 |     2.2
   23 |   0.7589 |     23.857 |   0.9677 |     29.702 |     2.3
   24 |   0.7397 |     23.387 |   0.9813 |     30.199 |     2.4
   25 |   0.7215 |     22.788 |   0.9924 |     31.192 |     2.5
   26 |   0.7029 |     22.123 |   0.9725 |     28.988 |     2.6
   27 |   0.6919 |     21.945 |   0.9971 |     30.509 |     2.7
Early stopping

Model: Seq2Seq Multimodal Transformer
Source index: <Seq2Seq Index with 43 items>
Target index: <Seq2Seq Index with 34 items>
Max sequence length: 800
Embedding dimension: 128
Descriptors dimension: 1136
Feedforward dimension: 128
Encoder layers: 4
Decoder layers: 3
Attention heads: 2
Activation: relu
Dropout: 0.1
Trainable parameters: 1,175,074

Training started
X_train.shape: torch.Size([3085, 702])
Y_train.shape: torch.Size([3085, 7])
X_dev.shape: torch.Size([537, 649])
Y_dev.shape: torch.Size([537, 7])
Epochs: 500
Learning rate: 0.0001
Weight decay: 1e-05
Epoch | Train                 | Development           | Minutes
      | Loss     | Error Rate | Loss     | Error Rate |
---------------------------------------------------------------
    1 |   2.3201 |     58.574 |   1.5772 |     44.569 |     0.2
    2 |   1.5157 |     44.489 |   1.3618 |     42.893 |     0.3
    3 |   1.3516 |     42.048 |   1.2582 |     39.820 |     0.5
    4 |   1.2516 |     39.017 |   1.2009 |     37.554 |     0.6
    5 |   1.1772 |     36.510 |   1.1453 |     35.227 |     0.8
    6 |   1.1116 |     34.549 |   1.0974 |     34.668 |     1.0
    7 |   1.0542 |     32.944 |   1.0722 |     34.047 |     1.1
    8 |   0.9975 |     31.167 |   1.0575 |     34.016 |     1.3
    9 |   0.9561 |     30.092 |   1.0376 |     32.806 |     1.5
   10 |   0.9102 |     28.466 |   1.0025 |     31.906 |     1.6
   11 |   0.8791 |     27.742 |   0.9905 |     30.881 |     1.8
   12 |   0.8427 |     26.548 |   0.9767 |     30.726 |     1.9
   13 |   0.8034 |     25.559 |   0.9727 |     30.757 |     2.1
   14 |   0.7705 |     24.392 |   0.9664 |     29.919 |     2.3
   15 |   0.7461 |     23.695 |   0.9432 |     29.174 |     2.4
   16 |   0.7214 |     22.853 |   0.9589 |     30.074 |     2.6
   17 |   0.6906 |     21.956 |   0.9441 |     28.802 |     2.7
   18 |   0.6682 |     21.270 |   0.9296 |     27.685 |     2.9
   19 |   0.6472 |     20.648 |   0.9406 |     28.585 |     3.1
   20 |   0.6263 |     19.968 |   0.9337 |     28.181 |     3.2
   21 |   0.6083 |     19.708 |   0.9413 |     27.809 |     3.4
   22 |   0.5872 |     18.898 |   0.9614 |     27.902 |     3.6
Early stopping

Model: Seq2Seq Multimodal Transformer
Source index: <Seq2Seq Index with 43 items>
Target index: <Seq2Seq Index with 34 items>
Max sequence length: 800
Embedding dimension: 128
Descriptors dimension: 1136
Feedforward dimension: 128
Encoder layers: 4
Decoder layers: 3
Attention heads: 2
Activation: relu
Dropout: 0.0
Trainable parameters: 1,175,074

Training started
X_train.shape: torch.Size([3085, 702])
Y_train.shape: torch.Size([3085, 7])
X_dev.shape: torch.Size([537, 649])
Y_dev.shape: torch.Size([537, 7])
Epochs: 500
Learning rate: 0.0001
Weight decay: 0.0001
Epoch | Train                 | Development           | Minutes
      | Loss     | Error Rate | Loss     | Error Rate |
---------------------------------------------------------------
    1 |   2.0072 |     51.216 |   1.4876 |     43.917 |     0.1
    2 |   1.3527 |     41.064 |   1.3114 |     39.727 |     0.3
    3 |   1.2099 |     37.250 |   1.2103 |     37.709 |     0.4
    4 |   1.1030 |     34.495 |   1.1438 |     35.568 |     0.6
    5 |   1.0224 |     31.934 |   1.0904 |     34.233 |     0.8
    6 |   0.9451 |     29.525 |   1.0407 |     32.682 |     0.9
    7 |   0.8879 |     28.023 |   1.0160 |     32.278 |     1.1
    8 |   0.8278 |     26.180 |   0.9865 |     30.695 |     1.2
    9 |   0.7736 |     24.160 |   0.9689 |     31.161 |     1.4
   10 |   0.7346 |     23.139 |   0.9453 |     29.981 |     1.5
   11 |   0.6809 |     21.080 |   0.9326 |     28.926 |     1.7
   12 |   0.6424 |     20.270 |   0.9181 |     29.050 |     1.8
   13 |   0.6029 |     18.844 |   0.9148 |     27.809 |     2.0
   14 |   0.5693 |     18.050 |   0.9149 |     28.616 |     2.2
   15 |   0.5419 |     17.158 |   0.8862 |     27.312 |     2.3
   16 |   0.5058 |     15.818 |   0.8955 |     27.188 |     2.5
   17 |   0.4864 |     15.365 |   0.8936 |     26.102 |     2.6
   18 |   0.4573 |     14.333 |   0.8928 |     26.474 |     2.8
   19 |   0.4369 |     13.901 |   0.8829 |     26.009 |     2.9
   20 |   0.4144 |     13.463 |   0.9085 |     26.381 |     3.1
   21 |   0.3982 |     12.825 |   0.9006 |     25.357 |     3.2
   22 |   0.3810 |     12.572 |   0.9000 |     24.891 |     3.4
   23 |   0.3638 |     11.837 |   0.9152 |     25.140 |     3.5
Early stopping

Model: Seq2Seq Multimodal Transformer
Source index: <Seq2Seq Index with 43 items>
Target index: <Seq2Seq Index with 34 items>
Max sequence length: 800
Embedding dimension: 64
Descriptors dimension: 1136
Feedforward dimension: 256
Encoder layers: 4
Decoder layers: 4
Attention heads: 4
Activation: relu
Dropout: 0.0
Trainable parameters: 602,402

Training started
X_train.shape: torch.Size([3085, 702])
Y_train.shape: torch.Size([3085, 7])
X_dev.shape: torch.Size([537, 649])
Y_dev.shape: torch.Size([537, 7])
Epochs: 500
Learning rate: 0.0001
Weight decay: 0.0001
Epoch | Train                 | Development           | Minutes
      | Loss     | Error Rate | Loss     | Error Rate |
---------------------------------------------------------------
    1 |   2.3408 |     58.747 |   1.7072 |     45.034 |     0.2
    2 |   1.5532 |     42.663 |   1.4865 |     42.241 |     0.3
    3 |   1.3887 |     40.292 |   1.3696 |     40.751 |     0.5
    4 |   1.2755 |     37.952 |   1.2699 |     38.610 |     0.7
    5 |   1.1851 |     35.613 |   1.2225 |     37.244 |     0.8
    6 |   1.1099 |     33.576 |   1.1669 |     35.133 |     1.0
    7 |   1.0445 |     31.664 |   1.1184 |     34.078 |     1.2
    8 |   0.9809 |     29.719 |   1.1090 |     34.202 |     1.3
    9 |   0.9259 |     28.082 |   1.0409 |     32.309 |     1.5
   10 |   0.8711 |     26.180 |   1.0187 |     31.192 |     1.7
   11 |   0.8288 |     25.246 |   1.0094 |     31.378 |     1.8
   12 |   0.7836 |     24.003 |   0.9801 |     30.199 |     2.0
   13 |   0.7462 |     22.437 |   0.9743 |     29.485 |     2.2
   14 |   0.7085 |     21.264 |   0.9334 |     28.026 |     2.3
   15 |   0.6748 |     20.313 |   0.9308 |     27.871 |     2.5
   16 |   0.6440 |     19.584 |   0.9339 |     28.367 |     2.7
   17 |   0.6151 |     18.406 |   0.9028 |     26.226 |     2.8
   18 |   0.5922 |     17.877 |   0.9253 |     27.623 |     3.0
   19 |   0.5633 |     16.975 |   0.9180 |     27.126 |     3.2
   20 |   0.5402 |     16.580 |   0.9070 |     26.785 |     3.3
   21 |   0.5197 |     15.873 |   0.9159 |     27.157 |     3.5
   22 |   0.4994 |     15.597 |   0.8950 |     26.567 |     3.7
   23 |   0.4750 |     14.700 |   0.9030 |     26.567 |     3.8
   24 |   0.4608 |     14.457 |   0.9090 |     25.636 |     4.0
   25 |   0.4412 |     13.706 |   0.9084 |     26.226 |     4.2
   26 |   0.4247 |     13.171 |   0.8959 |     25.202 |     4.3
Early stopping

Model: Seq2Seq Multimodal Transformer
Source index: <Seq2Seq Index with 43 items>
Target index: <Seq2Seq Index with 34 items>
Max sequence length: 800
Embedding dimension: 64
Descriptors dimension: 1136
Feedforward dimension: 256
Encoder layers: 3
Decoder layers: 4
Attention heads: 2
Activation: relu
Dropout: 0.1
Trainable parameters: 552,418

Training started
X_train.shape: torch.Size([3085, 702])
Y_train.shape: torch.Size([3085, 7])
X_dev.shape: torch.Size([537, 649])
Y_dev.shape: torch.Size([537, 7])
Epochs: 500
Learning rate: 0.0001
Weight decay: 1e-05
Epoch | Train                 | Development           | Minutes
      | Loss     | Error Rate | Loss     | Error Rate |
---------------------------------------------------------------
    1 |   2.6121 |     62.863 |   1.8377 |     47.145 |     0.1
    2 |   1.7263 |     46.056 |   1.5517 |     44.972 |     0.2
    3 |   1.5307 |     43.998 |   1.4437 |     44.134 |     0.3
    4 |   1.4327 |     42.388 |   1.3674 |     42.272 |     0.4
    5 |   1.3581 |     41.140 |   1.3099 |     40.503 |     0.5
    6 |   1.2924 |     39.390 |   1.2675 |     39.882 |     0.6
    7 |   1.2350 |     37.920 |   1.2158 |     37.741 |     0.7
    8 |   1.1937 |     36.769 |   1.1789 |     36.375 |     0.8
    9 |   1.1494 |     35.473 |   1.1574 |     36.623 |     0.9
   10 |   1.1089 |     34.625 |   1.1399 |     35.909 |     1.0
   11 |   1.0761 |     33.593 |   1.1180 |     34.978 |     1.2
   12 |   1.0435 |     32.658 |   1.1006 |     35.164 |     1.3
   13 |   1.0067 |     31.388 |   1.0873 |     34.109 |     1.4
   14 |   0.9758 |     30.443 |   1.0690 |     32.837 |     1.5
   15 |   0.9442 |     29.854 |   1.0689 |     34.047 |     1.6
   16 |   0.9156 |     28.709 |   1.0404 |     32.309 |     1.7
   17 |   0.8964 |     28.050 |   1.0417 |     33.085 |     1.8
   18 |   0.8733 |     27.758 |   1.0271 |     32.030 |     1.9
   19 |   0.8509 |     26.613 |   1.0262 |     31.937 |     2.0
   20 |   0.8245 |     25.954 |   1.0184 |     31.875 |     2.1
   21 |   0.8020 |     25.354 |   1.0147 |     30.881 |     2.2
   22 |   0.7791 |     24.700 |   1.0211 |     31.564 |     2.3
   23 |   0.7597 |     24.149 |   1.0246 |     31.130 |     2.4
   24 |   0.7472 |     23.593 |   1.0134 |     30.788 |     2.5
   25 |   0.7290 |     23.139 |   1.0057 |     29.981 |     2.6
   26 |   0.7092 |     22.658 |   0.9985 |     30.012 |     2.7
   27 |   0.6946 |     22.215 |   0.9970 |     29.795 |     2.8
   28 |   0.6789 |     21.551 |   1.0080 |     30.447 |     3.0
   29 |   0.6590 |     21.113 |   1.0124 |     30.695 |     3.1
   30 |   0.6522 |     20.724 |   1.0030 |     30.168 |     3.2
   31 |   0.6362 |     20.281 |   1.0240 |     30.106 |     3.3
Early stopping

Model: Seq2Seq Multimodal Transformer
Source index: <Seq2Seq Index with 43 items>
Target index: <Seq2Seq Index with 34 items>
Max sequence length: 800
Embedding dimension: 128
Descriptors dimension: 1136
Feedforward dimension: 256
Encoder layers: 4
Decoder layers: 4
Attention heads: 2
Activation: relu
Dropout: 0.1
Trainable parameters: 1,604,130

Training started
X_train.shape: torch.Size([3085, 702])
Y_train.shape: torch.Size([3085, 7])
X_dev.shape: torch.Size([537, 649])
Y_dev.shape: torch.Size([537, 7])
Epochs: 500
Learning rate: 0.001
Weight decay: 0.0001
Epoch | Train                 | Development           | Minutes
      | Loss     | Error Rate | Loss     | Error Rate |
---------------------------------------------------------------
    1 |   1.6083 |     49.271 |   1.2784 |     42.427 |     0.2
    2 |   1.2423 |     41.858 |   1.2078 |     41.837 |     0.3
    3 |   1.1521 |     39.092 |   1.1319 |     38.206 |     0.5
    4 |   1.0871 |     37.229 |   1.0946 |     37.120 |     0.7
    5 |   1.0350 |     35.619 |   1.0651 |     35.785 |     0.8
    6 |   1.0026 |     34.738 |   1.0251 |     35.196 |     1.0
    7 |   0.9567 |     33.431 |   0.9933 |     33.892 |     1.2
    8 |   0.9246 |     31.837 |   0.9655 |     33.147 |     1.4
    9 |   0.8948 |     30.713 |   0.9384 |     32.030 |     1.5
   10 |   0.8547 |     30.135 |   0.9296 |     31.564 |     1.7
   11 |   0.8291 |     28.925 |   0.9077 |     30.726 |     1.9
   12 |   0.7988 |     27.920 |   0.9279 |     31.688 |     2.1
   13 |   0.7751 |     26.931 |   0.9090 |     30.695 |     2.2
   14 |   0.7467 |     26.137 |   0.8831 |     28.616 |     2.4
   15 |   0.7419 |     25.829 |   0.9048 |     29.174 |     2.6
   16 |   0.7037 |     24.376 |   0.8764 |     29.081 |     2.7
   17 |   0.6830 |     23.668 |   0.8720 |     28.088 |     2.9
   18 |   0.6512 |     22.685 |   0.8879 |     28.274 |     3.1
   19 |   0.6338 |     21.977 |   0.8429 |     27.157 |     3.3
   20 |   0.6035 |     21.216 |   0.8703 |     27.498 |     3.4
   21 |   0.5958 |     20.837 |   0.8359 |     26.319 |     3.6
   22 |   0.5708 |     19.843 |   0.8401 |     25.605 |     3.8
   23 |   0.5632 |     19.768 |   0.8702 |     25.885 |     3.9
   24 |   0.5375 |     19.476 |   0.8348 |     25.947 |     4.1
   25 |   0.5238 |     18.487 |   0.8719 |     26.629 |     4.3
   26 |   0.5021 |     17.866 |   0.8543 |     25.016 |     4.4
   27 |   0.4887 |     17.418 |   0.8845 |     25.450 |     4.6
   28 |   0.4722 |     16.796 |   0.8618 |     24.581 |     4.8
Early stopping

Model: Seq2Seq Multimodal Transformer
Source index: <Seq2Seq Index with 43 items>
Target index: <Seq2Seq Index with 34 items>
Max sequence length: 800
Embedding dimension: 64
Descriptors dimension: 1136
Feedforward dimension: 128
Encoder layers: 3
Decoder layers: 4
Attention heads: 4
Activation: relu
Dropout: 0.1
Trainable parameters: 436,834

Training started
X_train.shape: torch.Size([3085, 702])
Y_train.shape: torch.Size([3085, 7])
X_dev.shape: torch.Size([537, 649])
Y_dev.shape: torch.Size([537, 7])
Epochs: 500
Learning rate: 0.0001
Weight decay: 1e-05
Epoch | Train                 | Development           | Minutes
      | Loss     | Error Rate | Loss     | Error Rate |
---------------------------------------------------------------
    1 |   2.7155 |     66.867 |   2.0076 |     48.821 |     0.1
    2 |   1.8562 |     47.245 |   1.6002 |     44.724 |     0.3
    3 |   1.5848 |     44.819 |   1.4794 |     44.134 |     0.4
    4 |   1.4730 |     43.603 |   1.4022 |     42.893 |     0.6
    5 |   1.3967 |     42.193 |   1.3408 |     41.558 |     0.7
    6 |   1.3314 |     40.665 |   1.3000 |     40.689 |     0.8
    7 |   1.2831 |     39.465 |   1.2480 |     38.889 |     1.0
    8 |   1.2341 |     38.055 |   1.2153 |     37.430 |     1.1
    9 |   1.1960 |     37.126 |   1.1980 |     37.213 |     1.3
   10 |   1.1577 |     35.878 |   1.1684 |     36.623 |     1.4
   11 |   1.1268 |     35.240 |   1.1462 |     35.723 |     1.5
   12 |   1.0918 |     34.014 |   1.1293 |     35.009 |     1.7
   13 |   1.0611 |     33.123 |   1.1040 |     33.985 |     1.8
   14 |   1.0354 |     32.496 |   1.0999 |     35.413 |     2.0
   15 |   1.0087 |     31.912 |   1.0892 |     34.264 |     2.1
   16 |   0.9852 |     31.070 |   1.0919 |     34.761 |     2.2
   17 |   0.9632 |     30.432 |   1.0610 |     33.333 |     2.4
   18 |   0.9397 |     29.827 |   1.0476 |     32.806 |     2.5
   19 |   0.9163 |     28.974 |   1.0412 |     32.899 |     2.7
   20 |   0.8992 |     28.428 |   1.0460 |     32.992 |     2.8
   21 |   0.8683 |     27.504 |   1.0336 |     31.844 |     3.0
   22 |   0.8548 |     27.434 |   1.0190 |     31.719 |     3.1
   23 |   0.8335 |     26.683 |   1.0124 |     31.626 |     3.2
   24 |   0.8168 |     25.894 |   1.0097 |     30.850 |     3.4
   25 |   0.7963 |     25.332 |   1.0115 |     30.447 |     3.5
   26 |   0.7889 |     25.289 |   1.0148 |     31.223 |     3.7
   27 |   0.7711 |     24.803 |   1.0121 |     30.323 |     3.8
   28 |   0.7494 |     23.949 |   0.9926 |     29.826 |     3.9
   29 |   0.7356 |     23.447 |   1.0022 |     29.981 |     4.1
   30 |   0.7220 |     22.998 |   1.0215 |     30.664 |     4.2
   31 |   0.7148 |     22.939 |   0.9874 |     29.578 |     4.4
   32 |   0.6973 |     22.442 |   1.0148 |     30.106 |     4.5
   33 |   0.6859 |     22.042 |   1.0045 |     30.199 |     4.6
   34 |   0.6660 |     21.475 |   0.9853 |     29.081 |     4.8
   35 |   0.6618 |     21.453 |   1.0094 |     29.826 |     4.9
   36 |   0.6494 |     21.032 |   0.9927 |     28.709 |     5.1
   37 |   0.6451 |     20.994 |   1.0060 |     29.702 |     5.2
   38 |   0.6293 |     20.675 |   0.9879 |     29.888 |     5.3
   39 |   0.6133 |     19.978 |   0.9823 |     29.236 |     5.5
   40 |   0.6103 |     19.827 |   0.9852 |     28.926 |     5.6
   41 |   0.5952 |     19.514 |   1.0063 |     29.050 |     5.8
   42 |   0.5891 |     19.314 |   1.0118 |     28.895 |     5.9
   43 |   0.5813 |     18.979 |   1.0122 |     28.740 |     6.1
Early stopping

Model: Seq2Seq Multimodal Transformer
Source index: <Seq2Seq Index with 43 items>
Target index: <Seq2Seq Index with 34 items>
Max sequence length: 800
Embedding dimension: 64
Descriptors dimension: 1136
Feedforward dimension: 128
Encoder layers: 3
Decoder layers: 3
Attention heads: 4
Activation: relu
Dropout: 0.1
Trainable parameters: 386,594

Training started
X_train.shape: torch.Size([3085, 702])
Y_train.shape: torch.Size([3085, 7])
X_dev.shape: torch.Size([537, 649])
Y_dev.shape: torch.Size([537, 7])
Epochs: 500
Learning rate: 0.001
Weight decay: 1e-05
Epoch | Train                 | Development           | Minutes
      | Loss     | Error Rate | Loss     | Error Rate |
---------------------------------------------------------------
    1 |   1.7108 |     48.363 |   1.3071 |     42.148 |     0.1
    2 |   1.2544 |     40.632 |   1.1796 |     37.244 |     0.3
    3 |   1.1399 |     37.407 |   1.1030 |     35.692 |     0.4
    4 |   1.0627 |     35.386 |   1.0417 |     33.582 |     0.5
    5 |   0.9943 |     33.085 |   1.0293 |     34.513 |     0.7
    6 |   0.9384 |     31.723 |   0.9754 |     32.309 |     0.8
    7 |   0.8920 |     30.265 |   0.9377 |     30.323 |     0.9
    8 |   0.8479 |     28.909 |   0.9545 |     31.564 |     1.0
    9 |   0.8118 |     27.412 |   0.9151 |     30.074 |     1.2
   10 |   0.7812 |     26.440 |   0.8861 |     29.268 |     1.3
   11 |   0.7466 |     25.451 |   0.9257 |     30.819 |     1.4
   12 |   0.7278 |     24.814 |   0.8853 |     28.895 |     1.6
   13 |   0.6817 |     23.501 |   0.8631 |     27.436 |     1.7
   14 |   0.6609 |     22.836 |   0.8561 |     27.467 |     1.8
   15 |   0.6422 |     22.075 |   0.8737 |     28.026 |     2.0
   16 |   0.6263 |     21.459 |   0.8986 |     28.274 |     2.1
   17 |   0.6036 |     20.783 |   0.8848 |     27.840 |     2.2
   18 |   0.5784 |     20.405 |   0.8923 |     27.840 |     2.4
Early stopping

Model: Seq2Seq Multimodal Transformer
Source index: <Seq2Seq Index with 43 items>
Target index: <Seq2Seq Index with 34 items>
Max sequence length: 800
Embedding dimension: 64
Descriptors dimension: 1136
Feedforward dimension: 256
Encoder layers: 3
Decoder layers: 4
Attention heads: 2
Activation: relu
Dropout: 0.0
Trainable parameters: 552,418

Training started
X_train.shape: torch.Size([3085, 702])
Y_train.shape: torch.Size([3085, 7])
X_dev.shape: torch.Size([537, 649])
Y_dev.shape: torch.Size([537, 7])
Epochs: 500
Learning rate: 0.001
Weight decay: 0.0001
Epoch | Train                 | Development           | Minutes
      | Loss     | Error Rate | Loss     | Error Rate |
---------------------------------------------------------------
    1 |   1.6005 |     46.840 |   1.2780 |     42.272 |     0.1
    2 |   1.1756 |     38.687 |   1.1549 |     37.399 |     0.2
    3 |   1.0488 |     35.149 |   1.0529 |     33.923 |     0.3
    4 |   0.9461 |     31.831 |   1.0135 |     33.644 |     0.4
    5 |   0.8733 |     29.697 |   0.9493 |     31.192 |     0.5
    6 |   0.8143 |     27.720 |   0.9235 |     30.168 |     0.6
    7 |   0.7644 |     25.975 |   0.8855 |     28.833 |     0.7
    8 |   0.7184 |     24.468 |   0.8672 |     29.143 |     0.8
    9 |   0.6717 |     23.020 |   0.9136 |     29.081 |     0.9
   10 |   0.6442 |     22.080 |   0.8568 |     27.219 |     1.0
   11 |   0.5989 |     20.524 |   0.8576 |     26.660 |     1.1
   12 |   0.5837 |     19.897 |   0.8192 |     25.947 |     1.2
   13 |   0.5368 |     18.720 |   0.8306 |     25.574 |     1.3
   14 |   0.5282 |     18.428 |   0.8511 |     26.598 |     1.4
   15 |   0.5016 |     17.488 |   0.8169 |     25.512 |     1.5
   16 |   0.4759 |     16.985 |   0.8461 |     25.822 |     1.6
   17 |   0.4723 |     16.515 |   0.8217 |     24.891 |     1.7
   18 |   0.4505 |     15.770 |   0.8240 |     24.612 |     1.8
   19 |   0.4377 |     15.532 |   0.8359 |     24.302 |     1.9
Early stopping

Model: Seq2Seq Multimodal Transformer
Source index: <Seq2Seq Index with 43 items>
Target index: <Seq2Seq Index with 34 items>
Max sequence length: 800
Embedding dimension: 64
Descriptors dimension: 1136
Feedforward dimension: 256
Encoder layers: 3
Decoder layers: 3
Attention heads: 4
Activation: relu
Dropout: 0.0
Trainable parameters: 485,666

Training started
X_train.shape: torch.Size([3085, 702])
Y_train.shape: torch.Size([3085, 7])
X_dev.shape: torch.Size([537, 649])
Y_dev.shape: torch.Size([537, 7])
Epochs: 500
Learning rate: 0.0001
Weight decay: 0.0001
Epoch | Train                 | Development           | Minutes
      | Loss     | Error Rate | Loss     | Error Rate |
---------------------------------------------------------------
    1 |   2.4332 |     58.860 |   1.7750 |     45.282 |     0.1
    2 |   1.5942 |     43.992 |   1.5277 |     43.451 |     0.2
    3 |   1.4254 |     41.243 |   1.4077 |     41.713 |     0.4
    4 |   1.3174 |     39.233 |   1.3255 |     40.130 |     0.5
    5 |   1.2329 |     37.169 |   1.2699 |     38.982 |     0.6
    6 |   1.1636 |     35.311 |   1.2188 |     37.058 |     0.7
    7 |   1.0966 |     33.328 |   1.1709 |     35.196 |     0.9
    8 |   1.0420 |     31.534 |   1.1285 |     34.606 |     1.0
    9 |   0.9903 |     29.876 |   1.1037 |     34.264 |     1.1
   10 |   0.9369 |     28.622 |   1.0718 |     33.395 |     1.2
   11 |   0.9000 |     27.715 |   1.0393 |     32.340 |     1.4
   12 |   0.8503 |     25.824 |   1.0100 |     32.030 |     1.5
   13 |   0.8099 |     24.668 |   0.9985 |     30.912 |     1.6
   14 |   0.7800 |     23.992 |   1.0030 |     31.006 |     1.7
   15 |   0.7476 |     23.214 |   0.9672 |     30.385 |     1.9
   16 |   0.7131 |     21.707 |   0.9763 |     30.137 |     2.0
   17 |   0.6881 |     21.189 |   0.9532 |     29.268 |     2.1
   18 |   0.6581 |     20.216 |   0.9373 |     27.902 |     2.2
   19 |   0.6301 |     19.227 |   0.9381 |     29.299 |     2.4
   20 |   0.6095 |     18.806 |   0.9350 |     28.088 |     2.5
   21 |   0.5830 |     18.023 |   0.9372 |     27.188 |     2.6
   22 |   0.5625 |     17.288 |   0.9153 |     27.778 |     2.7
   23 |   0.5397 |     16.618 |   0.9190 |     27.561 |     2.9
   24 |   0.5167 |     15.824 |   0.9247 |     26.691 |     3.0
   25 |   0.5042 |     15.532 |   0.9376 |     27.467 |     3.1
   26 |   0.4853 |     15.068 |   0.9135 |     26.629 |     3.2
   27 |   0.4713 |     14.776 |   0.8997 |     26.381 |     3.4
   28 |   0.4507 |     14.279 |   0.9092 |     25.978 |     3.5
   29 |   0.4360 |     13.495 |   0.9326 |     26.319 |     3.6
   30 |   0.4213 |     12.988 |   0.9113 |     25.822 |     3.7
   31 |   0.4120 |     13.025 |   0.9206 |     25.947 |     3.9
Early stopping

Model: Seq2Seq Multimodal Transformer
Source index: <Seq2Seq Index with 43 items>
Target index: <Seq2Seq Index with 34 items>
Max sequence length: 800
Embedding dimension: 64
Descriptors dimension: 1136
Feedforward dimension: 128
Encoder layers: 3
Decoder layers: 4
Attention heads: 2
Activation: relu
Dropout: 0.1
Trainable parameters: 436,834

Training started
X_train.shape: torch.Size([3085, 702])
Y_train.shape: torch.Size([3085, 7])
X_dev.shape: torch.Size([537, 649])
Y_dev.shape: torch.Size([537, 7])
Epochs: 500
Learning rate: 0.0001
Weight decay: 0.0001
Epoch | Train                 | Development           | Minutes
      | Loss     | Error Rate | Loss     | Error Rate |
---------------------------------------------------------------
    1 |   2.7909 |     72.188 |   2.1370 |     50.279 |     0.1
    2 |   1.8934 |     47.704 |   1.6095 |     44.910 |     0.2
    3 |   1.5980 |     44.814 |   1.4817 |     44.258 |     0.3
    4 |   1.4838 |     43.690 |   1.4039 |     43.234 |     0.4
    5 |   1.4012 |     42.021 |   1.3357 |     41.310 |     0.5
    6 |   1.3375 |     40.773 |   1.2810 |     39.820 |     0.6
    7 |   1.2832 |     39.379 |   1.2444 |     38.827 |     0.7
    8 |   1.2325 |     38.115 |   1.1980 |     36.903 |     0.8
    9 |   1.1865 |     36.645 |   1.1759 |     35.723 |     0.9
   10 |   1.1474 |     35.278 |   1.1375 |     35.258 |     1.0
   11 |   1.1141 |     34.182 |   1.1276 |     34.823 |     1.1
   12 |   1.0785 |     33.398 |   1.1064 |     34.389 |     1.2
   13 |   1.0501 |     32.750 |   1.0911 |     34.233 |     1.3
   14 |   1.0243 |     31.945 |   1.0837 |     33.985 |     1.4
   15 |   0.9977 |     31.075 |   1.0663 |     33.706 |     1.5
   16 |   0.9729 |     30.524 |   1.0616 |     33.426 |     1.6
   17 |   0.9546 |     29.838 |   1.0471 |     33.271 |     1.7
   18 |   0.9309 |     28.828 |   1.0459 |     32.930 |     1.8
   19 |   0.9038 |     28.104 |   1.0365 |     33.147 |     1.9
   20 |   0.8889 |     28.050 |   1.0400 |     32.713 |     2.0
   21 |   0.8693 |     27.353 |   1.0365 |     32.495 |     2.1
   22 |   0.8493 |     26.688 |   1.0173 |     31.688 |     2.2
   23 |   0.8280 |     26.326 |   1.0133 |     31.875 |     2.3
   24 |   0.8144 |     25.716 |   1.0203 |     31.285 |     2.4
   25 |   0.7961 |     25.257 |   1.0055 |     31.533 |     2.5
   26 |   0.7877 |     24.986 |   1.0172 |     32.030 |     2.6
   27 |   0.7669 |     24.365 |   1.0269 |     31.937 |     2.7
   28 |   0.7535 |     24.084 |   0.9991 |     31.285 |     2.8
   29 |   0.7387 |     23.128 |   1.0244 |     30.944 |     2.9
   30 |   0.7308 |     23.420 |   1.0246 |     31.223 |     3.1
   31 |   0.7105 |     22.572 |   1.0188 |     31.006 |     3.2
   32 |   0.7068 |     22.728 |   1.0145 |     30.664 |     3.3
Early stopping

Model: Seq2Seq Multimodal Transformer
Source index: <Seq2Seq Index with 43 items>
Target index: <Seq2Seq Index with 34 items>
Max sequence length: 800
Embedding dimension: 128
Descriptors dimension: 1136
Feedforward dimension: 128
Encoder layers: 3
Decoder layers: 4
Attention heads: 4
Activation: relu
Dropout: 0.0
Trainable parameters: 1,241,378

Training started
X_train.shape: torch.Size([3085, 702])
Y_train.shape: torch.Size([3085, 7])
X_dev.shape: torch.Size([537, 649])
Y_dev.shape: torch.Size([537, 7])
Epochs: 500
Learning rate: 0.0001
Weight decay: 1e-05
Epoch | Train                 | Development           | Minutes
      | Loss     | Error Rate | Loss     | Error Rate |
---------------------------------------------------------------
    1 |   2.1670 |     55.640 |   1.5076 |     44.475 |     0.1
    2 |   1.3573 |     40.945 |   1.3054 |     40.441 |     0.3
    3 |   1.2067 |     37.412 |   1.1993 |     36.468 |     0.5
    4 |   1.1050 |     34.527 |   1.1441 |     35.661 |     0.6
    5 |   1.0231 |     32.058 |   1.0981 |     34.140 |     0.8
    6 |   0.9520 |     29.822 |   1.0525 |     32.651 |     0.9
    7 |   0.8855 |     27.461 |   0.9989 |     30.975 |     1.1
    8 |   0.8251 |     25.727 |   0.9996 |     30.912 |     1.2
    9 |   0.7669 |     23.760 |   0.9546 |     30.385 |     1.4
   10 |   0.7164 |     22.318 |   0.9471 |     29.205 |     1.6
   11 |   0.6681 |     20.913 |   0.9189 |     28.119 |     1.7
   12 |   0.6247 |     19.195 |   0.9065 |     28.150 |     1.9
   13 |   0.5928 |     18.698 |   0.8785 |     27.157 |     2.0
   14 |   0.5497 |     17.769 |   0.8884 |     27.033 |     2.2
   15 |   0.5145 |     15.808 |   0.8782 |     26.785 |     2.3
   16 |   0.4934 |     15.370 |   0.8782 |     26.847 |     2.5
   17 |   0.4591 |     14.533 |   0.8720 |     25.574 |     2.6
   18 |   0.4306 |     13.647 |   0.8834 |     26.412 |     2.8
   19 |   0.4122 |     13.042 |   0.8628 |     25.636 |     3.0
   20 |   0.3930 |     12.528 |   0.8646 |     24.891 |     3.1
   21 |   0.3722 |     12.361 |   0.8769 |     24.426 |     3.3
   22 |   0.3575 |     11.686 |   0.8863 |     24.891 |     3.4
   23 |   0.3355 |     10.881 |   0.8880 |     24.674 |     3.6
Early stopping

Model: Seq2Seq Multimodal Transformer
Source index: <Seq2Seq Index with 43 items>
Target index: <Seq2Seq Index with 34 items>
Max sequence length: 800
Embedding dimension: 64
Descriptors dimension: 1136
Feedforward dimension: 256
Encoder layers: 3
Decoder layers: 3
Attention heads: 4
Activation: relu
Dropout: 0.0
Trainable parameters: 485,666

Training started
X_train.shape: torch.Size([3085, 702])
Y_train.shape: torch.Size([3085, 7])
X_dev.shape: torch.Size([537, 649])
Y_dev.shape: torch.Size([537, 7])
Epochs: 500
Learning rate: 0.001
Weight decay: 1e-05
Epoch | Train                 | Development           | Minutes
      | Loss     | Error Rate | Loss     | Error Rate |
---------------------------------------------------------------
    1 |   1.6018 |     46.661 |   1.3031 |     42.986 |     0.1
    2 |   1.1707 |     38.606 |   1.1279 |     37.399 |     0.2
    3 |   1.0326 |     34.938 |   1.0553 |     35.227 |     0.4
    4 |   0.9531 |     32.642 |   0.9785 |     33.023 |     0.5
    5 |   0.8666 |     29.481 |   0.9752 |     33.457 |     0.6
    6 |   0.8107 |     27.320 |   0.9108 |     30.416 |     0.7
    7 |   0.7517 |     25.710 |   0.9245 |     31.471 |     0.9
    8 |   0.7111 |     24.095 |   0.9077 |     28.740 |     1.0
    9 |   0.6693 |     22.977 |   0.8985 |     29.330 |     1.1
   10 |   0.6332 |     21.761 |   0.8491 |     26.816 |     1.2
   11 |   0.5925 |     20.497 |   0.8622 |     27.809 |     1.4
   12 |   0.5660 |     19.924 |   0.8769 |     27.219 |     1.5
   13 |   0.5349 |     18.417 |   0.8638 |     26.660 |     1.6
   14 |   0.5188 |     18.174 |   0.8600 |     27.623 |     1.7
   15 |   0.4876 |     17.153 |   0.8416 |     26.009 |     1.9
   16 |   0.4668 |     16.121 |   0.8261 |     25.233 |     2.0
   17 |   0.4391 |     15.354 |   0.8924 |     26.257 |     2.1
   18 |   0.4304 |     15.084 |   0.8876 |     25.947 |     2.2
   19 |   0.4082 |     14.560 |   0.8646 |     24.178 |     2.4
   20 |   0.3813 |     13.593 |   0.8792 |     24.581 |     2.5
Early stopping

Model: Seq2Seq Multimodal Transformer
Source index: <Seq2Seq Index with 43 items>
Target index: <Seq2Seq Index with 34 items>
Max sequence length: 800
Embedding dimension: 128
Descriptors dimension: 1136
Feedforward dimension: 128
Encoder layers: 4
Decoder layers: 4
Attention heads: 4
Activation: relu
Dropout: 0.0
Trainable parameters: 1,340,962

Training started
X_train.shape: torch.Size([3085, 702])
Y_train.shape: torch.Size([3085, 7])
X_dev.shape: torch.Size([537, 649])
Y_dev.shape: torch.Size([537, 7])
Epochs: 500
Learning rate: 0.0001
Weight decay: 1e-05
Epoch | Train                 | Development           | Minutes
      | Loss     | Error Rate | Loss     | Error Rate |
---------------------------------------------------------------
    1 |   2.0106 |     53.133 |   1.4539 |     43.669 |     0.2
    2 |   1.3240 |     40.605 |   1.2705 |     39.323 |     0.4
    3 |   1.1810 |     36.823 |   1.1782 |     35.816 |     0.6
    4 |   1.0838 |     33.749 |   1.1210 |     35.692 |     0.8
    5 |   1.0022 |     31.469 |   1.0537 |     32.588 |     0.9
    6 |   0.9250 |     28.725 |   1.0250 |     32.588 |     1.1
    7 |   0.8627 |     27.066 |   1.0009 |     31.750 |     1.3
    8 |   0.8056 |     25.311 |   0.9468 |     29.547 |     1.5
    9 |   0.7517 |     23.717 |   0.9484 |     31.099 |     1.7
   10 |   0.7159 |     22.534 |   0.9197 |     29.236 |     1.9
   11 |   0.6668 |     21.097 |   0.9463 |     29.454 |     2.1
   12 |   0.6330 |     19.941 |   0.9054 |     27.840 |     2.3
   13 |   0.5916 |     18.860 |   0.9212 |     28.771 |     2.5
   14 |   0.5546 |     17.780 |   0.8753 |     27.436 |     2.7
   15 |   0.5215 |     16.391 |   0.8558 |     26.195 |     2.9
   16 |   0.5034 |     16.132 |   0.8662 |     26.536 |     3.0
   17 |   0.4691 |     14.916 |   0.8585 |     25.326 |     3.2
   18 |   0.4433 |     14.165 |   0.8718 |     25.109 |     3.4
   19 |   0.4200 |     13.517 |   0.8885 |     25.760 |     3.6
Early stopping

Model: Seq2Seq Multimodal Transformer
Source index: <Seq2Seq Index with 43 items>
Target index: <Seq2Seq Index with 34 items>
Max sequence length: 800
Embedding dimension: 64
Descriptors dimension: 1136
Feedforward dimension: 256
Encoder layers: 3
Decoder layers: 3
Attention heads: 4
Activation: relu
Dropout: 0.0
Trainable parameters: 485,666

Training started
X_train.shape: torch.Size([3085, 702])
Y_train.shape: torch.Size([3085, 7])
X_dev.shape: torch.Size([537, 649])
Y_dev.shape: torch.Size([537, 7])
Epochs: 500
Learning rate: 0.001
Weight decay: 0.0001
Epoch | Train                 | Development           | Minutes
      | Loss     | Error Rate | Loss     | Error Rate |
---------------------------------------------------------------
    1 |   1.5969 |     46.596 |   1.2934 |     41.930 |     0.1
    2 |   1.1946 |     39.200 |   1.1801 |     38.703 |     0.2
    3 |   1.0575 |     35.392 |   1.0602 |     34.978 |     0.4
    4 |   0.9616 |     32.069 |   1.0074 |     33.737 |     0.5
    5 |   0.8863 |     30.108 |   0.9348 |     30.881 |     0.6
    6 |   0.8184 |     28.082 |   0.9356 |     31.626 |     0.7
    7 |   0.7568 |     25.727 |   0.9301 |     30.881 |     0.9
    8 |   0.7170 |     24.733 |   0.9038 |     28.492 |     1.0
    9 |   0.6754 |     23.069 |   0.8688 |     28.243 |     1.1
   10 |   0.6329 |     21.831 |   0.8457 |     27.250 |     1.2
   11 |   0.6042 |     20.967 |   0.8691 |     27.188 |     1.4
   12 |   0.5683 |     19.427 |   0.8425 |     26.257 |     1.5
   13 |   0.5340 |     18.579 |   0.8602 |     26.505 |     1.6
   14 |   0.5050 |     17.418 |   0.8404 |     25.854 |     1.7
   15 |   0.4875 |     17.099 |   0.8524 |     26.195 |     1.9
   16 |   0.4661 |     16.299 |   0.8288 |     25.854 |     2.0
   17 |   0.4362 |     15.392 |   0.8546 |     24.767 |     2.1
   18 |   0.4205 |     15.019 |   0.8179 |     24.178 |     2.2
   19 |   0.4101 |     14.560 |   0.8356 |     24.178 |     2.4
   20 |   0.3877 |     13.938 |   0.8699 |     24.643 |     2.5
   21 |   0.3764 |     13.404 |   0.9055 |     25.109 |     2.6
   22 |   0.3558 |     12.782 |   0.8809 |     24.457 |     2.7
Early stopping

Model: Seq2Seq Multimodal Transformer
Source index: <Seq2Seq Index with 43 items>
Target index: <Seq2Seq Index with 34 items>
Max sequence length: 800
Embedding dimension: 64
Descriptors dimension: 1136
Feedforward dimension: 256
Encoder layers: 3
Decoder layers: 3
Attention heads: 4
Activation: relu
Dropout: 0.1
Trainable parameters: 485,666

Training started
X_train.shape: torch.Size([3085, 702])
Y_train.shape: torch.Size([3085, 7])
X_dev.shape: torch.Size([537, 649])
Y_dev.shape: torch.Size([537, 7])
Epochs: 500
Learning rate: 0.0001
Weight decay: 1e-05
Epoch | Train                 | Development           | Minutes
      | Loss     | Error Rate | Loss     | Error Rate |
---------------------------------------------------------------
    1 |   2.7008 |     66.207 |   1.9660 |     48.883 |     0.1
    2 |   1.7932 |     46.316 |   1.5695 |     43.886 |     0.3
    3 |   1.5536 |     44.263 |   1.4532 |     42.706 |     0.4
    4 |   1.4446 |     42.545 |   1.3730 |     41.868 |     0.5
    5 |   1.3641 |     40.810 |   1.3071 |     40.130 |     0.7
    6 |   1.2968 |     39.109 |   1.2575 |     39.230 |     0.8
    7 |   1.2455 |     37.758 |   1.2171 |     36.934 |     0.9
    8 |   1.1943 |     36.175 |   1.1781 |     36.158 |     1.1
    9 |   1.1458 |     35.159 |   1.1526 |     35.227 |     1.2
   10 |   1.1055 |     34.041 |   1.1237 |     34.637 |     1.4
   11 |   1.0656 |     32.744 |   1.1040 |     34.451 |     1.5
   12 |   1.0353 |     32.161 |   1.0930 |     34.264 |     1.6
   13 |   0.9962 |     31.016 |   1.0662 |     33.364 |     1.8
   14 |   0.9642 |     29.968 |   1.0546 |     33.271 |     1.9
   15 |   0.9332 |     28.990 |   1.0380 |     32.526 |     2.0
   16 |   0.9064 |     28.266 |   1.0230 |     32.340 |     2.2
   17 |   0.8822 |     27.590 |   1.0144 |     31.502 |     2.3
   18 |   0.8534 |     26.823 |   1.0198 |     32.061 |     2.4
   19 |   0.8341 |     26.078 |   0.9973 |     31.068 |     2.6
   20 |   0.8125 |     25.597 |   1.0022 |     31.006 |     2.7
   21 |   0.7910 |     24.635 |   0.9819 |     31.130 |     2.9
   22 |   0.7686 |     24.052 |   0.9857 |     30.540 |     3.0
   23 |   0.7545 |     23.793 |   0.9592 |     29.795 |     3.1
   24 |   0.7339 |     23.279 |   0.9650 |     29.702 |     3.3
   25 |   0.7187 |     22.907 |   0.9643 |     29.764 |     3.4
   26 |   0.6970 |     22.112 |   0.9862 |     29.795 |     3.5
   27 |   0.6798 |     21.653 |   0.9759 |     29.330 |     3.7
Early stopping

Model: Seq2Seq Multimodal Transformer
Source index: <Seq2Seq Index with 43 items>
Target index: <Seq2Seq Index with 34 items>
Max sequence length: 800
Embedding dimension: 128
Descriptors dimension: 1136
Feedforward dimension: 128
Encoder layers: 3
Decoder layers: 3
Attention heads: 4
Activation: relu
Dropout: 0.0
Trainable parameters: 1,075,490

Training started
X_train.shape: torch.Size([3085, 702])
Y_train.shape: torch.Size([3085, 7])
X_dev.shape: torch.Size([537, 649])
Y_dev.shape: torch.Size([537, 7])
Epochs: 500
Learning rate: 0.0001
Weight decay: 0.0001
Epoch | Train                 | Development           | Minutes
      | Loss     | Error Rate | Loss     | Error Rate |
---------------------------------------------------------------
    1 |   1.9974 |     51.507 |   1.4590 |     43.917 |     0.1
    2 |   1.3438 |     40.686 |   1.2942 |     39.820 |     0.3
    3 |   1.2004 |     36.748 |   1.1887 |     36.127 |     0.4
    4 |   1.0956 |     33.760 |   1.1174 |     34.140 |     0.6
    5 |   1.0143 |     31.491 |   1.0843 |     34.264 |     0.7
    6 |   0.9438 |     29.471 |   1.0330 |     33.085 |     0.9
    7 |   0.8780 |     27.364 |   0.9820 |     30.975 |     1.0
    8 |   0.8259 |     25.527 |   0.9680 |     30.881 |     1.2
    9 |   0.7740 |     24.019 |   0.9555 |     30.944 |     1.3
   10 |   0.7266 |     22.528 |   0.9208 |     29.702 |     1.5
   11 |   0.6815 |     21.405 |   0.9166 |     28.492 |     1.6
   12 |   0.6458 |     20.076 |   0.8940 |     28.026 |     1.7
   13 |   0.6078 |     18.984 |   0.8837 |     28.336 |     1.9
   14 |   0.5737 |     17.834 |   0.8754 |     26.164 |     2.0
   15 |   0.5522 |     17.212 |   0.8831 |     27.281 |     2.2
   16 |   0.5175 |     16.110 |   0.8792 |     26.443 |     2.3
   17 |   0.4920 |     15.500 |   0.8765 |     26.381 |     2.5
   18 |   0.4675 |     14.722 |   0.8669 |     25.667 |     2.6
   19 |   0.4410 |     13.868 |   0.8733 |     26.071 |     2.8
   20 |   0.4187 |     13.128 |   0.8616 |     24.953 |     2.9
   21 |   0.4056 |     13.052 |   0.8538 |     24.798 |     3.1
   22 |   0.3812 |     12.193 |   0.8850 |     24.984 |     3.2
   23 |   0.3736 |     11.994 |   0.8920 |     25.016 |     3.4
   24 |   0.3510 |     11.194 |   0.8722 |     24.581 |     3.5
   25 |   0.3376 |     10.935 |   0.8974 |     24.674 |     3.7
Early stopping

Model: Seq2Seq Multimodal Transformer
Source index: <Seq2Seq Index with 43 items>
Target index: <Seq2Seq Index with 34 items>
Max sequence length: 800
Embedding dimension: 64
Descriptors dimension: 1136
Feedforward dimension: 128
Encoder layers: 3
Decoder layers: 3
Attention heads: 2
Activation: relu
Dropout: 0.0
Trainable parameters: 386,594

Training started
X_train.shape: torch.Size([3085, 702])
Y_train.shape: torch.Size([3085, 7])
X_dev.shape: torch.Size([537, 649])
Y_dev.shape: torch.Size([537, 7])
Epochs: 500
Learning rate: 0.001
Weight decay: 0.0001
Epoch | Train                 | Development           | Minutes
      | Loss     | Error Rate | Loss     | Error Rate |
---------------------------------------------------------------
    1 |   1.6158 |     47.104 |   1.3176 |     43.824 |     0.1
    2 |   1.1793 |     38.476 |   1.1444 |     36.903 |     0.2
    3 |   1.0548 |     35.068 |   1.0379 |     33.706 |     0.3
    4 |   0.9477 |     31.551 |   0.9816 |     32.216 |     0.3
    5 |   0.8751 |     29.595 |   0.9739 |     32.061 |     0.4
    6 |   0.8183 |     27.807 |   0.9643 |     31.285 |     0.5
    7 |   0.7598 |     25.494 |   0.9029 |     29.485 |     0.6
    8 |   0.7125 |     24.122 |   0.8985 |     29.547 |     0.7
    9 |   0.6733 |     23.058 |   0.8709 |     29.112 |     0.8
   10 |   0.6313 |     21.659 |   0.8633 |     27.933 |     0.9
   11 |   0.6043 |     20.735 |   0.8897 |     28.895 |     1.0
   12 |   0.5808 |     19.973 |   0.8486 |     27.002 |     1.1
   13 |   0.5388 |     18.487 |   0.8696 |     26.723 |     1.1
   14 |   0.5234 |     18.093 |   0.8801 |     26.847 |     1.2
   15 |   0.5024 |     17.688 |   0.8496 |     25.450 |     1.3
   16 |   0.4742 |     16.467 |   0.8874 |     25.854 |     1.4
Early stopping

Model: Seq2Seq Multimodal Transformer
Source index: <Seq2Seq Index with 43 items>
Target index: <Seq2Seq Index with 34 items>
Max sequence length: 800
Embedding dimension: 128
Descriptors dimension: 1136
Feedforward dimension: 128
Encoder layers: 4
Decoder layers: 3
Attention heads: 2
Activation: relu
Dropout: 0.1
Trainable parameters: 1,175,074

Training started
X_train.shape: torch.Size([3085, 702])
Y_train.shape: torch.Size([3085, 7])
X_dev.shape: torch.Size([537, 649])
Y_dev.shape: torch.Size([537, 7])
Epochs: 500
Learning rate: 0.0001
Weight decay: 0.0001
Epoch | Train                 | Development           | Minutes
      | Loss     | Error Rate | Loss     | Error Rate |
---------------------------------------------------------------
    1 |   2.2030 |     56.505 |   1.5307 |     45.158 |     0.1
    2 |   1.4839 |     44.014 |   1.3614 |     43.296 |     0.3
    3 |   1.3413 |     41.572 |   1.2614 |     39.913 |     0.5
    4 |   1.2387 |     38.255 |   1.1871 |     36.561 |     0.6
    5 |   1.1694 |     36.515 |   1.1488 |     36.934 |     0.8
    6 |   1.1065 |     34.706 |   1.1024 |     35.413 |     0.9
    7 |   1.0499 |     33.015 |   1.0874 |     34.854 |     1.1
    8 |   1.0026 |     31.551 |   1.0558 |     33.302 |     1.2
    9 |   0.9583 |     30.540 |   1.0333 |     32.092 |     1.4
   10 |   0.9110 |     28.822 |   1.0109 |     31.844 |     1.5
   11 |   0.8777 |     28.115 |   1.0005 |     31.347 |     1.7
   12 |   0.8432 |     26.856 |   0.9866 |     30.975 |     1.8
   13 |   0.8065 |     25.667 |   0.9630 |     30.385 |     2.0
   14 |   0.7793 |     24.808 |   0.9826 |     30.230 |     2.2
   15 |   0.7528 |     23.938 |   0.9454 |     29.330 |     2.3
   16 |   0.7268 |     23.241 |   0.9703 |     29.981 |     2.5
   17 |   0.6961 |     22.523 |   0.9528 |     29.702 |     2.6
   18 |   0.6737 |     21.810 |   0.9709 |     29.454 |     2.8
   19 |   0.6475 |     20.870 |   0.9524 |     28.895 |     2.9
   20 |   0.6303 |     20.443 |   0.9421 |     28.895 |     3.1
   21 |   0.6088 |     19.978 |   0.9462 |     27.995 |     3.2
   22 |   0.5855 |     18.784 |   0.9521 |     27.157 |     3.4
   23 |   0.5794 |     18.747 |   0.9526 |     27.498 |     3.6
   24 |   0.5543 |     17.839 |   0.9560 |     28.740 |     3.7
Early stopping

Model: Seq2Seq Multimodal Transformer
Source index: <Seq2Seq Index with 43 items>
Target index: <Seq2Seq Index with 34 items>
Max sequence length: 800
Embedding dimension: 128
Descriptors dimension: 1136
Feedforward dimension: 256
Encoder layers: 4
Decoder layers: 3
Attention heads: 2
Activation: relu
Dropout: 0.1
Trainable parameters: 1,405,346

Training started
X_train.shape: torch.Size([3085, 702])
Y_train.shape: torch.Size([3085, 7])
X_dev.shape: torch.Size([537, 649])
Y_dev.shape: torch.Size([537, 7])
Epochs: 500
Learning rate: 0.001
Weight decay: 0.0001
Epoch | Train                 | Development           | Minutes
      | Loss     | Error Rate | Loss     | Error Rate |
---------------------------------------------------------------
    1 |   1.5267 |     46.899 |   1.3001 |     43.079 |     0.2
    2 |   1.2403 |     41.561 |   1.2094 |     40.937 |     0.3
    3 |   1.1513 |     39.001 |   1.1325 |     38.082 |     0.5
    4 |   1.0910 |     37.115 |   1.0574 |     35.847 |     0.6
    5 |   1.0348 |     35.575 |   1.0185 |     34.171 |     0.8
    6 |   0.9922 |     34.408 |   1.0330 |     35.227 |     1.0
    7 |   0.9562 |     33.031 |   0.9862 |     33.489 |     1.1
    8 |   0.9190 |     31.794 |   0.9577 |     33.426 |     1.3
    9 |   0.8837 |     30.340 |   0.9658 |     32.247 |     1.4
   10 |   0.8510 |     29.627 |   0.9582 |     32.682 |     1.6
   11 |   0.8231 |     28.612 |   0.9341 |     31.068 |     1.8
   12 |   0.7947 |     27.774 |   0.9289 |     31.564 |     1.9
   13 |   0.7734 |     26.958 |   0.9208 |     30.633 |     2.1
   14 |   0.7411 |     26.035 |   0.9095 |     30.664 |     2.3
   15 |   0.7160 |     25.046 |   0.8730 |     29.143 |     2.4
   16 |   0.6825 |     23.917 |   0.8905 |     28.771 |     2.6
   17 |   0.6691 |     23.393 |   0.8968 |     28.833 |     2.7
   18 |   0.6509 |     23.112 |   0.8925 |     28.430 |     2.9
   19 |   0.6240 |     21.696 |   0.8989 |     28.150 |     3.1
   20 |   0.6071 |     21.102 |   0.8506 |     26.909 |     3.2
   21 |   0.5823 |     20.335 |   0.8601 |     26.319 |     3.4
   22 |   0.5760 |     20.486 |   0.8683 |     26.505 |     3.5
   23 |   0.5485 |     19.363 |   0.8764 |     26.847 |     3.7
   24 |   0.5276 |     18.504 |   0.8707 |     25.978 |     3.9
Early stopping

Model: Seq2Seq Multimodal Transformer
Source index: <Seq2Seq Index with 43 items>
Target index: <Seq2Seq Index with 34 items>
Max sequence length: 800
Embedding dimension: 64
Descriptors dimension: 1136
Feedforward dimension: 128
Encoder layers: 3
Decoder layers: 4
Attention heads: 2
Activation: relu
Dropout: 0.0
Trainable parameters: 436,834

Training started
X_train.shape: torch.Size([3085, 702])
Y_train.shape: torch.Size([3085, 7])
X_dev.shape: torch.Size([537, 649])
Y_dev.shape: torch.Size([537, 7])
Epochs: 500
Learning rate: 0.001
Weight decay: 1e-05
Epoch | Train                 | Development           | Minutes
      | Loss     | Error Rate | Loss     | Error Rate |
---------------------------------------------------------------
    1 |   1.7312 |     49.249 |   1.3089 |     42.644 |     0.1
    2 |   1.1972 |     38.790 |   1.1287 |     36.809 |     0.2
    3 |   1.0559 |     35.170 |   1.0663 |     35.630 |     0.3
    4 |   0.9585 |     32.350 |   1.0098 |     33.054 |     0.4
    5 |   0.8887 |     29.973 |   0.9558 |     32.123 |     0.5
    6 |   0.8257 |     28.098 |   0.9348 |     29.950 |     0.6
    7 |   0.7617 |     25.943 |   0.8890 |     29.019 |     0.7
    8 |   0.7327 |     25.030 |   0.9154 |     29.547 |     0.8
    9 |   0.6776 |     23.096 |   0.9119 |     29.547 |     0.9
   10 |   0.6571 |     22.658 |   0.8542 |     27.623 |     1.0
   11 |   0.6104 |     20.875 |   0.8895 |     27.902 |     1.0
   12 |   0.5879 |     20.459 |   0.8765 |     27.219 |     1.1
   13 |   0.5507 |     19.044 |   0.8745 |     27.126 |     1.2
   14 |   0.5235 |     18.109 |   0.8594 |     26.040 |     1.3
Early stopping

Model: Seq2Seq Multimodal Transformer
Source index: <Seq2Seq Index with 43 items>
Target index: <Seq2Seq Index with 34 items>
Max sequence length: 800
Embedding dimension: 128
Descriptors dimension: 1136
Feedforward dimension: 256
Encoder layers: 3
Decoder layers: 3
Attention heads: 4
Activation: relu
Dropout: 0.1
Trainable parameters: 1,272,866

Training started
X_train.shape: torch.Size([3085, 702])
Y_train.shape: torch.Size([3085, 7])
X_dev.shape: torch.Size([537, 649])
Y_dev.shape: torch.Size([537, 7])
Epochs: 500
Learning rate: 0.001
Weight decay: 1e-05
Epoch | Train                 | Development           | Minutes
      | Loss     | Error Rate | Loss     | Error Rate |
---------------------------------------------------------------
    1 |   1.5399 |     47.229 |   1.2487 |     41.310 |     0.2
    2 |   1.2016 |     39.719 |   1.1516 |     38.268 |     0.3
    3 |   1.0921 |     37.007 |   1.1020 |     37.585 |     0.5
    4 |   1.0297 |     35.078 |   1.0380 |     35.164 |     0.6
    5 |   0.9790 |     33.436 |   1.0053 |     34.295 |     0.8
    6 |   0.9225 |     31.750 |   0.9514 |     32.682 |     1.0
    7 |   0.8832 |     30.508 |   0.9284 |     31.533 |     1.1
    8 |   0.8462 |     29.379 |   0.9242 |     32.123 |     1.3
    9 |   0.8148 |     28.201 |   0.9007 |     31.223 |     1.5
   10 |   0.7713 |     26.877 |   0.8707 |     28.771 |     1.6
   11 |   0.7493 |     25.829 |   0.8812 |     29.826 |     1.8
   12 |   0.7267 |     25.240 |   0.8378 |     28.181 |     1.9
   13 |   0.6980 |     24.090 |   0.8442 |     28.057 |     2.1
   14 |   0.6677 |     23.052 |   0.8416 |     28.864 |     2.3
   15 |   0.6463 |     22.431 |   0.8295 |     27.902 |     2.4
   16 |   0.6186 |     21.659 |   0.8290 |     27.436 |     2.6
   17 |   0.6000 |     20.967 |   0.8600 |     27.995 |     2.8
   18 |   0.5856 |     20.486 |   0.8578 |     27.747 |     2.9
   19 |   0.5646 |     19.670 |   0.8607 |     28.088 |     3.1
   20 |   0.5380 |     18.963 |   0.8743 |     27.561 |     3.2
   21 |   0.5258 |     18.498 |   0.8166 |     25.916 |     3.4
   22 |   0.5138 |     18.055 |   0.8288 |     26.288 |     3.6
   23 |   0.4990 |     17.585 |   0.8270 |     26.288 |     3.7
   24 |   0.4755 |     16.807 |   0.8261 |     26.195 |     3.9
   25 |   0.4563 |     16.402 |   0.8460 |     25.760 |     4.1
Early stopping

Model: Seq2Seq Multimodal Transformer
Source index: <Seq2Seq Index with 43 items>
Target index: <Seq2Seq Index with 34 items>
Max sequence length: 800
Embedding dimension: 128
Descriptors dimension: 1136
Feedforward dimension: 256
Encoder layers: 3
Decoder layers: 4
Attention heads: 4
Activation: relu
Dropout: 0.1
Trainable parameters: 1,471,650

Training started
X_train.shape: torch.Size([3085, 702])
Y_train.shape: torch.Size([3085, 7])
X_dev.shape: torch.Size([537, 649])
Y_dev.shape: torch.Size([537, 7])
Epochs: 500
Learning rate: 0.0001
Weight decay: 0.0001
Epoch | Train                 | Development           | Minutes
      | Loss     | Error Rate | Loss     | Error Rate |
---------------------------------------------------------------
    1 |   2.1869 |     56.985 |   1.4904 |     44.817 |     0.2
    2 |   1.4450 |     43.798 |   1.3130 |     42.303 |     0.3
    3 |   1.2987 |     40.454 |   1.2190 |     37.616 |     0.5
    4 |   1.2078 |     37.628 |   1.1491 |     36.220 |     0.7
    5 |   1.1396 |     36.202 |   1.1160 |     35.475 |     0.9
    6 |   1.0772 |     33.857 |   1.0697 |     34.513 |     1.0
    7 |   1.0209 |     32.134 |   1.0459 |     33.520 |     1.2
    8 |   0.9674 |     30.616 |   1.0109 |     32.092 |     1.4
    9 |   0.9279 |     29.487 |   0.9984 |     32.402 |     1.5
   10 |   0.8810 |     27.920 |   0.9968 |     32.775 |     1.7
   11 |   0.8421 |     26.823 |   0.9621 |     30.447 |     1.9
   12 |   0.8074 |     25.889 |   0.9679 |     30.571 |     2.1
   13 |   0.7702 |     24.722 |   0.9337 |     29.764 |     2.2
   14 |   0.7357 |     23.441 |   0.9566 |     29.702 |     2.4
   15 |   0.7054 |     22.561 |   0.9260 |     28.833 |     2.6
   16 |   0.6749 |     21.718 |   0.9108 |     28.243 |     2.7
   17 |   0.6593 |     21.199 |   0.9218 |     28.461 |     2.9
   18 |   0.6277 |     20.335 |   0.9260 |     27.995 |     3.1
   19 |   0.6066 |     19.849 |   0.9105 |     27.157 |     3.3
   20 |   0.5786 |     18.838 |   0.9089 |     27.654 |     3.4
   21 |   0.5627 |     18.028 |   0.9218 |     27.374 |     3.6
   22 |   0.5432 |     17.861 |   0.9229 |     26.629 |     3.8
   23 |   0.5245 |     17.169 |   0.9195 |     26.691 |     4.0
   24 |   0.5093 |     16.845 |   0.9301 |     27.778 |     4.1
Early stopping

Model: Seq2Seq Multimodal Transformer
Source index: <Seq2Seq Index with 43 items>
Target index: <Seq2Seq Index with 34 items>
Max sequence length: 800
Embedding dimension: 128
Descriptors dimension: 1136
Feedforward dimension: 256
Encoder layers: 4
Decoder layers: 3
Attention heads: 2
Activation: relu
Dropout: 0.0
Trainable parameters: 1,405,346

Training started
X_train.shape: torch.Size([3085, 702])
Y_train.shape: torch.Size([3085, 7])
X_dev.shape: torch.Size([537, 649])
Y_dev.shape: torch.Size([537, 7])
Epochs: 500
Learning rate: 0.001
Weight decay: 1e-05
Epoch | Train                 | Development           | Minutes
      | Loss     | Error Rate | Loss     | Error Rate |
---------------------------------------------------------------
    1 |   1.4498 |     45.035 |   1.2152 |     40.037 |     0.1
    2 |   1.1560 |     38.833 |   1.1434 |     37.709 |     0.3
    3 |   1.0476 |     36.121 |   1.0660 |     36.468 |     0.4
    4 |   0.9800 |     33.895 |   1.0324 |     35.599 |     0.6
    5 |   0.9254 |     32.166 |   0.9755 |     33.147 |     0.8
    6 |   0.8787 |     30.610 |   0.9903 |     33.271 |     0.9
    7 |   0.8395 |     29.017 |   0.9507 |     32.061 |     1.1
    8 |   0.7955 |     27.753 |   0.9139 |     30.788 |     1.2
    9 |   0.7641 |     26.532 |   0.9250 |     30.881 |     1.4
   10 |   0.7232 |     25.170 |   0.8785 |     29.299 |     1.5
   11 |   0.7070 |     24.543 |   0.9050 |     29.609 |     1.7
   12 |   0.6821 |     23.749 |   0.8787 |     27.778 |     1.8
   13 |   0.6471 |     22.874 |   0.8820 |     28.243 |     2.0
   14 |   0.6355 |     22.361 |   0.8730 |     28.026 |     2.1
   15 |   0.6100 |     21.372 |   0.8644 |     27.033 |     2.3
   16 |   0.5945 |     20.913 |   0.8373 |     26.350 |     2.4
   17 |   0.5699 |     19.962 |   0.8725 |     27.654 |     2.6
   18 |   0.5658 |     20.076 |   0.8507 |     26.505 |     2.7
   19 |   0.5416 |     19.400 |   0.8498 |     27.033 |     2.9
   20 |   0.5301 |     18.957 |   0.8614 |     26.071 |     3.0
Early stopping

Model: Seq2Seq Multimodal Transformer
Source index: <Seq2Seq Index with 43 items>
Target index: <Seq2Seq Index with 34 items>
Max sequence length: 800
Embedding dimension: 128
Descriptors dimension: 1136
Feedforward dimension: 128
Encoder layers: 4
Decoder layers: 3
Attention heads: 4
Activation: relu
Dropout: 0.1
Trainable parameters: 1,175,074

Training started
X_train.shape: torch.Size([3085, 702])
Y_train.shape: torch.Size([3085, 7])
X_dev.shape: torch.Size([537, 649])
Y_dev.shape: torch.Size([537, 7])
Epochs: 500
Learning rate: 0.0001
Weight decay: 1e-05
Epoch | Train                 | Development           | Minutes
      | Loss     | Error Rate | Loss     | Error Rate |
---------------------------------------------------------------
    1 |   2.1407 |     54.576 |   1.5052 |     44.538 |     0.2
    2 |   1.4597 |     43.625 |   1.3218 |     41.558 |     0.4
    3 |   1.3170 |     40.816 |   1.2445 |     39.199 |     0.6
    4 |   1.2261 |     38.271 |   1.1812 |     37.647 |     0.8
    5 |   1.1562 |     36.413 |   1.1342 |     36.034 |     1.0
    6 |   1.0950 |     34.614 |   1.1014 |     34.544 |     1.2
    7 |   1.0419 |     33.209 |   1.0735 |     33.923 |     1.4
    8 |   0.9926 |     31.675 |   1.0442 |     32.775 |     1.6
    9 |   0.9508 |     30.610 |   1.0188 |     32.588 |     1.7
   10 |   0.9064 |     29.114 |   1.0245 |     32.961 |     1.9
   11 |   0.8699 |     27.753 |   1.0084 |     31.813 |     2.1
   12 |   0.8314 |     26.607 |   0.9919 |     31.440 |     2.3
   13 |   0.7978 |     25.392 |   0.9978 |     31.223 |     2.5
   14 |   0.7713 |     24.787 |   0.9676 |     30.230 |     2.7
   15 |   0.7386 |     23.836 |   0.9609 |     29.578 |     2.9
   16 |   0.7085 |     23.063 |   0.9582 |     29.795 |     3.1
   17 |   0.6849 |     22.021 |   0.9668 |     29.795 |     3.3
   18 |   0.6581 |     21.145 |   0.9647 |     29.299 |     3.5
   19 |   0.6356 |     20.637 |   0.9543 |     29.236 |     3.7
   20 |   0.6134 |     20.005 |   0.9478 |     28.647 |     3.9
   21 |   0.5870 |     19.071 |   0.9512 |     28.274 |     4.1
   22 |   0.5717 |     18.563 |   0.9379 |     27.809 |     4.3
   23 |   0.5596 |     18.525 |   0.9745 |     27.809 |     4.5
   24 |   0.5437 |     17.844 |   0.9598 |     27.467 |     4.7
   25 |   0.5180 |     17.110 |   0.9643 |     27.747 |     4.9
   26 |   0.5030 |     16.521 |   0.9640 |     28.026 |     5.1
Early stopping

Model: Seq2Seq Multimodal Transformer
Source index: <Seq2Seq Index with 43 items>
Target index: <Seq2Seq Index with 34 items>
Max sequence length: 800
Embedding dimension: 64
Descriptors dimension: 1136
Feedforward dimension: 256
Encoder layers: 4
Decoder layers: 4
Attention heads: 2
Activation: relu
Dropout: 0.1
Trainable parameters: 602,402

Training started
X_train.shape: torch.Size([3085, 702])
Y_train.shape: torch.Size([3085, 7])
X_dev.shape: torch.Size([537, 649])
Y_dev.shape: torch.Size([537, 7])
Epochs: 500
Learning rate: 0.0001
Weight decay: 1e-05
Epoch | Train                 | Development           | Minutes
      | Loss     | Error Rate | Loss     | Error Rate |
---------------------------------------------------------------
    1 |   2.5978 |     63.247 |   1.8320 |     45.407 |     0.1
    2 |   1.7502 |     45.473 |   1.5551 |     43.420 |     0.3
    3 |   1.5429 |     43.566 |   1.4406 |     42.582 |     0.4
    4 |   1.4349 |     42.102 |   1.3615 |     41.030 |     0.5
    5 |   1.3510 |     40.513 |   1.2979 |     39.479 |     0.6
    6 |   1.2807 |     38.649 |   1.2354 |     39.044 |     0.8
    7 |   1.2228 |     37.234 |   1.2013 |     36.282 |     0.9
    8 |   1.1753 |     36.040 |   1.1594 |     35.506 |     1.0
    9 |   1.1305 |     34.198 |   1.1468 |     35.196 |     1.2
   10 |   1.0926 |     33.657 |   1.0954 |     33.954 |     1.3
   11 |   1.0525 |     32.312 |   1.0918 |     34.327 |     1.4
   12 |   1.0118 |     31.118 |   1.0675 |     33.613 |     1.5
   13 |   0.9824 |     30.189 |   1.0519 |     32.744 |     1.7
   14 |   0.9538 |     29.552 |   1.0315 |     31.937 |     1.8
   15 |   0.9236 |     28.811 |   1.0462 |     32.682 |     2.0
   16 |   0.8972 |     27.893 |   1.0163 |     31.937 |     2.1
   17 |   0.8739 |     27.380 |   1.0279 |     31.719 |     2.2
   18 |   0.8462 |     26.380 |   1.0210 |     31.533 |     2.3
   19 |   0.8223 |     25.905 |   1.0046 |     31.223 |     2.5
   20 |   0.8057 |     25.332 |   1.0119 |     31.254 |     2.6
   21 |   0.7851 |     24.646 |   1.0076 |     30.944 |     2.7
   22 |   0.7629 |     24.268 |   1.0189 |     30.975 |     2.8
   23 |   0.7453 |     23.733 |   0.9870 |     29.950 |     3.0
   24 |   0.7276 |     22.842 |   1.0230 |     30.850 |     3.1
   25 |   0.7104 |     22.620 |   1.0004 |     30.261 |     3.2
   26 |   0.6922 |     22.015 |   0.9927 |     29.205 |     3.4
   27 |   0.6715 |     21.340 |   1.0047 |     30.385 |     3.5
Early stopping

Model: Seq2Seq Multimodal Transformer
Source index: <Seq2Seq Index with 43 items>
Target index: <Seq2Seq Index with 34 items>
Max sequence length: 800
Embedding dimension: 64
Descriptors dimension: 1136
Feedforward dimension: 128
Encoder layers: 3
Decoder layers: 3
Attention heads: 2
Activation: relu
Dropout: 0.0
Trainable parameters: 386,594

Training started
X_train.shape: torch.Size([3085, 702])
Y_train.shape: torch.Size([3085, 7])
X_dev.shape: torch.Size([537, 649])
Y_dev.shape: torch.Size([537, 7])
Epochs: 500
Learning rate: 0.0001
Weight decay: 0.0001
Epoch | Train                 | Development           | Minutes
      | Loss     | Error Rate | Loss     | Error Rate |
---------------------------------------------------------------
    1 |   2.4343 |     60.881 |   1.8628 |     44.786 |     0.1
    2 |   1.6389 |     44.122 |   1.5490 |     43.203 |     0.2
    3 |   1.4503 |     41.875 |   1.4202 |     41.744 |     0.3
    4 |   1.3396 |     39.616 |   1.3467 |     40.348 |     0.3
    5 |   1.2532 |     37.855 |   1.2682 |     39.106 |     0.4
    6 |   1.1800 |     35.608 |   1.2187 |     37.523 |     0.5
    7 |   1.1189 |     33.679 |   1.1708 |     35.630 |     0.6
    8 |   1.0617 |     31.988 |   1.1435 |     34.978 |     0.7
    9 |   1.0142 |     30.794 |   1.0992 |     33.737 |     0.8
   10 |   0.9716 |     29.233 |   1.0751 |     33.147 |     0.9
   11 |   0.9283 |     28.455 |   1.0538 |     32.713 |     1.0
   12 |   0.8918 |     27.380 |   1.0395 |     32.123 |     1.1
   13 |   0.8593 |     26.299 |   1.0160 |     32.588 |     1.1
   14 |   0.8271 |     25.586 |   1.0114 |     31.161 |     1.2
   15 |   0.7998 |     24.787 |   1.0215 |     32.247 |     1.3
   16 |   0.7695 |     24.003 |   0.9864 |     30.726 |     1.4
   17 |   0.7366 |     22.755 |   0.9770 |     30.168 |     1.5
   18 |   0.7153 |     22.069 |   0.9580 |     29.795 |     1.6
   19 |   0.6930 |     21.524 |   0.9635 |     29.857 |     1.7
   20 |   0.6658 |     20.632 |   0.9623 |     29.671 |     1.8
   21 |   0.6458 |     20.367 |   0.9542 |     28.678 |     1.8
   22 |   0.6228 |     19.444 |   0.9584 |     28.740 |     1.9
   23 |   0.6060 |     18.768 |   0.9367 |     29.205 |     2.0
   24 |   0.5880 |     18.352 |   0.9387 |     28.088 |     2.1
   25 |   0.5631 |     17.569 |   0.9592 |     28.802 |     2.2
   26 |   0.5500 |     17.002 |   0.9211 |     27.871 |     2.3
   27 |   0.5352 |     16.856 |   0.9294 |     26.971 |     2.4
   28 |   0.5171 |     16.234 |   0.9342 |     27.002 |     2.5
   29 |   0.5051 |     15.900 |   0.9243 |     26.257 |     2.5
   30 |   0.4919 |     15.446 |   0.9318 |     27.374 |     2.6
   31 |   0.4768 |     14.976 |   0.9133 |     27.064 |     2.7
   32 |   0.4630 |     14.484 |   0.9262 |     26.505 |     2.8
   33 |   0.4514 |     14.214 |   0.9530 |     26.629 |     2.9
   34 |   0.4353 |     13.576 |   0.9557 |     26.412 |     3.0
   35 |   0.4241 |     13.425 |   0.9462 |     26.164 |     3.1
Early stopping

Model: Seq2Seq Multimodal Transformer
Source index: <Seq2Seq Index with 43 items>
Target index: <Seq2Seq Index with 34 items>
Max sequence length: 800
Embedding dimension: 64
Descriptors dimension: 1136
Feedforward dimension: 128
Encoder layers: 4
Decoder layers: 3
Attention heads: 4
Activation: relu
Dropout: 0.0
Trainable parameters: 420,066

Training started
X_train.shape: torch.Size([3085, 702])
Y_train.shape: torch.Size([3085, 7])
X_dev.shape: torch.Size([537, 649])
Y_dev.shape: torch.Size([537, 7])
Epochs: 500
Learning rate: 0.001
Weight decay: 1e-05
Epoch | Train                 | Development           | Minutes
      | Loss     | Error Rate | Loss     | Error Rate |
---------------------------------------------------------------
    1 |   1.6395 |     47.569 |   1.3214 |     43.265 |     0.1
    2 |   1.2224 |     40.265 |   1.1636 |     37.337 |     0.3
    3 |   1.0969 |     36.769 |   1.0737 |     35.351 |     0.4
    4 |   0.9876 |     32.944 |   1.0288 |     33.768 |     0.6
    5 |   0.9210 |     31.264 |   0.9850 |     32.837 |     0.7
    6 |   0.8648 |     29.444 |   1.0046 |     33.799 |     0.9
    7 |   0.8103 |     27.731 |   0.9398 |     30.975 |     1.0
    8 |   0.7621 |     26.213 |   0.9145 |     30.168 |     1.2
    9 |   0.7210 |     24.527 |   0.8773 |     28.461 |     1.4
   10 |   0.6777 |     23.269 |   0.8994 |     29.640 |     1.5
   11 |   0.6535 |     22.545 |   0.8736 |     28.399 |     1.7
   12 |   0.6174 |     21.270 |   0.8640 |     27.747 |     1.8
   13 |   0.5878 |     20.162 |   0.8523 |     27.219 |     2.0
   14 |   0.5706 |     19.778 |   0.8544 |     27.064 |     2.1
   15 |   0.5435 |     19.119 |   0.8685 |     26.040 |     2.3
   16 |   0.5155 |     18.012 |   0.8624 |     26.071 |     2.4
   17 |   0.4960 |     17.137 |   0.8664 |     26.319 |     2.6
Early stopping

Model: Seq2Seq Multimodal Transformer
Source index: <Seq2Seq Index with 43 items>
Target index: <Seq2Seq Index with 34 items>
Max sequence length: 800
Embedding dimension: 64
Descriptors dimension: 1136
Feedforward dimension: 128
Encoder layers: 3
Decoder layers: 4
Attention heads: 2
Activation: relu
Dropout: 0.1
Trainable parameters: 436,834

Training started
X_train.shape: torch.Size([3085, 702])
Y_train.shape: torch.Size([3085, 7])
X_dev.shape: torch.Size([537, 649])
Y_dev.shape: torch.Size([537, 7])
Epochs: 500
Learning rate: 0.001
Weight decay: 0.0001
Epoch | Train                 | Development           | Minutes
      | Loss     | Error Rate | Loss     | Error Rate |
---------------------------------------------------------------
    1 |   1.8156 |     50.972 |   1.3443 |     44.227 |     0.1
    2 |   1.2894 |     42.258 |   1.2155 |     40.937 |     0.2
    3 |   1.1763 |     38.947 |   1.1241 |     36.716 |     0.3
    4 |   1.1017 |     36.694 |   1.0690 |     35.164 |     0.4
    5 |   1.0323 |     34.598 |   1.0606 |     35.071 |     0.5
    6 |   0.9767 |     32.458 |   1.0142 |     33.302 |     0.6
    7 |   0.9296 |     31.291 |   0.9993 |     33.644 |     0.7
    8 |   0.8845 |     29.897 |   0.9687 |     32.092 |     0.8
    9 |   0.8409 |     28.433 |   0.9376 |     30.850 |     0.9
   10 |   0.8033 |     27.120 |   0.9573 |     30.323 |     1.0
   11 |   0.7779 |     26.202 |   0.9077 |     29.950 |     1.1
   12 |   0.7474 |     25.538 |   0.9076 |     29.826 |     1.2
   13 |   0.7203 |     24.479 |   0.8896 |     29.547 |     1.3
   14 |   0.6907 |     23.630 |   0.9209 |     30.043 |     1.4
   15 |   0.6634 |     22.615 |   0.8699 |     28.057 |     1.5
   16 |   0.6469 |     22.393 |   0.9005 |     28.150 |     1.6
   17 |   0.6313 |     21.702 |   0.8707 |     26.660 |     1.7
   18 |   0.5951 |     20.432 |   0.9075 |     27.374 |     1.8
   19 |   0.5798 |     20.005 |   0.9093 |     26.598 |     1.9
Early stopping

Model: Seq2Seq Multimodal Transformer
Source index: <Seq2Seq Index with 43 items>
Target index: <Seq2Seq Index with 34 items>
Max sequence length: 800
Embedding dimension: 64
Descriptors dimension: 1136
Feedforward dimension: 256
Encoder layers: 4
Decoder layers: 4
Attention heads: 4
Activation: relu
Dropout: 0.0
Trainable parameters: 602,402

Training started
X_train.shape: torch.Size([3085, 702])
Y_train.shape: torch.Size([3085, 7])
X_dev.shape: torch.Size([537, 649])
Y_dev.shape: torch.Size([537, 7])
Epochs: 500
Learning rate: 0.001
Weight decay: 1e-05
Epoch | Train                 | Development           | Minutes
      | Loss     | Error Rate | Loss     | Error Rate |
---------------------------------------------------------------
    1 |   1.5762 |     47.045 |   1.2746 |     42.179 |     0.2
    2 |   1.1841 |     39.465 |   1.1515 |     38.920 |     0.3
    3 |   1.0580 |     35.500 |   1.0622 |     34.916 |     0.5
    4 |   0.9762 |     33.258 |   1.0075 |     33.799 |     0.6
    5 |   0.9114 |     30.886 |   0.9895 |     33.364 |     0.8
    6 |   0.8462 |     28.617 |   0.9619 |     32.713 |     1.0
    7 |   0.7945 |     27.428 |   0.9150 |     29.857 |     1.1
    8 |   0.7626 |     26.083 |   0.8912 |     29.019 |     1.3
    9 |   0.7205 |     24.722 |   0.8893 |     29.112 |     1.5
   10 |   0.6953 |     24.036 |   0.8652 |     27.964 |     1.6
   11 |   0.6496 |     22.318 |   0.8566 |     27.033 |     1.8
   12 |   0.6176 |     21.307 |   0.8489 |     27.312 |     2.0
   13 |   0.6036 |     20.902 |   0.8475 |     26.257 |     2.1
   14 |   0.5609 |     19.654 |   0.8495 |     26.971 |     2.3
   15 |   0.5446 |     19.092 |   0.8252 |     26.164 |     2.4
   16 |   0.5282 |     18.379 |   0.8294 |     25.729 |     2.6
   17 |   0.4995 |     17.239 |   0.8404 |     25.078 |     2.8
   18 |   0.4795 |     16.807 |   0.8281 |     23.681 |     2.9
   19 |   0.4612 |     16.197 |   0.8505 |     24.612 |     3.1
Early stopping

Model: Seq2Seq Multimodal Transformer
Source index: <Seq2Seq Index with 43 items>
Target index: <Seq2Seq Index with 34 items>
Max sequence length: 800
Embedding dimension: 64
Descriptors dimension: 1136
Feedforward dimension: 128
Encoder layers: 4
Decoder layers: 3
Attention heads: 4
Activation: relu
Dropout: 0.1
Trainable parameters: 420,066

Training started
X_train.shape: torch.Size([3085, 702])
Y_train.shape: torch.Size([3085, 7])
X_dev.shape: torch.Size([537, 649])
Y_dev.shape: torch.Size([537, 7])
Epochs: 500
Learning rate: 0.0001
Weight decay: 1e-05
Epoch | Train                 | Development           | Minutes
      | Loss     | Error Rate | Loss     | Error Rate |
---------------------------------------------------------------
    1 |   2.7086 |     68.131 |   2.0645 |     49.659 |     0.2
    2 |   1.8962 |     46.683 |   1.6182 |     44.320 |     0.3
    3 |   1.6014 |     44.268 |   1.4728 |     43.203 |     0.5
    4 |   1.4761 |     42.674 |   1.3898 |     42.675 |     0.6
    5 |   1.3895 |     41.313 |   1.3240 |     41.527 |     0.8
    6 |   1.3228 |     39.984 |   1.2786 |     39.696 |     1.0
    7 |   1.2677 |     38.639 |   1.2314 |     38.827 |     1.1
    8 |   1.2170 |     37.412 |   1.2046 |     37.803 |     1.3
    9 |   1.1790 |     36.316 |   1.1745 |     36.530 |     1.5
   10 |   1.1401 |     35.446 |   1.1585 |     36.251 |     1.6
   11 |   1.1059 |     34.100 |   1.1318 |     35.009 |     1.8
   12 |   1.0732 |     33.647 |   1.1247 |     34.978 |     2.0
   13 |   1.0357 |     32.048 |   1.1060 |     34.451 |     2.1
   14 |   1.0121 |     31.799 |   1.0849 |     33.861 |     2.3
   15 |   0.9854 |     30.886 |   1.0847 |     34.016 |     2.5
   16 |   0.9582 |     30.227 |   1.0768 |     33.706 |     2.6
   17 |   0.9353 |     29.335 |   1.0718 |     33.644 |     2.8
   18 |   0.9110 |     28.757 |   1.0601 |     32.930 |     3.0
   19 |   0.8931 |     28.347 |   1.0471 |     32.651 |     3.1
   20 |   0.8678 |     27.536 |   1.0530 |     32.371 |     3.3
   21 |   0.8551 |     27.007 |   1.0416 |     32.682 |     3.4
   22 |   0.8399 |     26.602 |   1.0301 |     31.192 |     3.6
   23 |   0.8083 |     25.764 |   1.0406 |     32.278 |     3.8
   24 |   0.7976 |     25.575 |   1.0393 |     32.123 |     3.9
   25 |   0.7752 |     24.749 |   1.0260 |     31.719 |     4.1
   26 |   0.7714 |     24.587 |   1.0232 |     31.037 |     4.3
   27 |   0.7504 |     24.182 |   1.0214 |     31.068 |     4.4
   28 |   0.7330 |     23.241 |   1.0095 |     30.540 |     4.6
   29 |   0.7266 |     23.360 |   1.0088 |     31.409 |     4.8
   30 |   0.7072 |     22.458 |   1.0156 |     31.192 |     4.9
   31 |   0.6931 |     22.339 |   1.0063 |     30.571 |     5.1
   32 |   0.6795 |     21.561 |   1.0217 |     31.626 |     5.3
   33 |   0.6712 |     21.599 |   1.0177 |     29.826 |     5.4
   34 |   0.6568 |     21.080 |   1.0375 |     30.695 |     5.6
   35 |   0.6435 |     20.756 |   1.0315 |     30.540 |     5.7
Early stopping

Model: Seq2Seq Multimodal Transformer
Source index: <Seq2Seq Index with 43 items>
Target index: <Seq2Seq Index with 34 items>
Max sequence length: 800
Embedding dimension: 64
Descriptors dimension: 1136
Feedforward dimension: 128
Encoder layers: 3
Decoder layers: 3
Attention heads: 4
Activation: relu
Dropout: 0.1
Trainable parameters: 386,594

Training started
X_train.shape: torch.Size([3085, 702])
Y_train.shape: torch.Size([3085, 7])
X_dev.shape: torch.Size([537, 649])
Y_dev.shape: torch.Size([537, 7])
Epochs: 500
Learning rate: 0.0001
Weight decay: 1e-05
Epoch | Train                 | Development           | Minutes
      | Loss     | Error Rate | Loss     | Error Rate |
---------------------------------------------------------------
    1 |   2.7226 |     65.213 |   2.0143 |     49.069 |     0.1
    2 |   1.8635 |     47.531 |   1.6008 |     45.220 |     0.3
    3 |   1.5970 |     44.970 |   1.4802 |     43.327 |     0.4
    4 |   1.4836 |     43.247 |   1.4091 |     42.644 |     0.5
    5 |   1.4048 |     42.096 |   1.3448 |     41.310 |     0.7
    6 |   1.3408 |     40.508 |   1.2993 |     39.944 |     0.8
    7 |   1.2862 |     39.481 |   1.2572 |     38.827 |     0.9
    8 |   1.2387 |     38.368 |   1.2149 |     36.903 |     1.1
    9 |   1.1942 |     36.818 |   1.1899 |     36.561 |     1.2
   10 |   1.1559 |     35.613 |   1.1618 |     36.096 |     1.3
   11 |   1.1207 |     35.051 |   1.1382 |     35.040 |     1.4
   12 |   1.0932 |     33.949 |   1.1341 |     35.723 |     1.6
   13 |   1.0617 |     32.901 |   1.1110 |     35.444 |     1.7
   14 |   1.0312 |     32.534 |   1.0918 |     34.792 |     1.8
   15 |   1.0053 |     31.399 |   1.0860 |     34.389 |     2.0
   16 |   0.9730 |     30.643 |   1.0667 |     33.551 |     2.1
   17 |   0.9537 |     30.005 |   1.0584 |     33.240 |     2.2
   18 |   0.9326 |     29.314 |   1.0416 |     32.713 |     2.4
   19 |   0.9052 |     28.352 |   1.0449 |     32.899 |     2.5
   20 |   0.8825 |     27.888 |   1.0386 |     32.899 |     2.6
   21 |   0.8593 |     27.191 |   1.0268 |     31.657 |     2.8
   22 |   0.8472 |     27.147 |   1.0295 |     31.968 |     2.9
   23 |   0.8285 |     26.164 |   1.0209 |     31.192 |     3.0
   24 |   0.8131 |     25.727 |   1.0176 |     31.068 |     3.2
   25 |   0.7905 |     25.057 |   1.0116 |     31.285 |     3.3
   26 |   0.7792 |     24.792 |   1.0014 |     30.695 |     3.4
   27 |   0.7599 |     24.273 |   1.0129 |     31.006 |     3.6
   28 |   0.7474 |     23.798 |   1.0038 |     31.440 |     3.7
   29 |   0.7310 |     23.387 |   1.0035 |     30.447 |     3.8
   30 |   0.7197 |     22.939 |   1.0015 |     30.230 |     4.0
   31 |   0.6993 |     22.372 |   0.9934 |     29.268 |     4.1
   32 |   0.6914 |     22.258 |   1.0111 |     30.323 |     4.2
   33 |   0.6837 |     22.048 |   1.0051 |     29.578 |     4.4
   34 |   0.6705 |     21.648 |   0.9951 |     29.423 |     4.5
   35 |   0.6558 |     20.994 |   1.0105 |     29.299 |     4.6
Early stopping

Model: Seq2Seq Multimodal Transformer
Source index: <Seq2Seq Index with 43 items>
Target index: <Seq2Seq Index with 34 items>
Max sequence length: 800
Embedding dimension: 128
Descriptors dimension: 1136
Feedforward dimension: 128
Encoder layers: 3
Decoder layers: 3
Attention heads: 4
Activation: relu
Dropout: 0.0
Trainable parameters: 1,075,490

Training started
X_train.shape: torch.Size([3085, 702])
Y_train.shape: torch.Size([3085, 7])
X_dev.shape: torch.Size([537, 649])
Y_dev.shape: torch.Size([537, 7])
Epochs: 500
Learning rate: 0.001
Weight decay: 1e-05
Epoch | Train                 | Development           | Minutes
      | Loss     | Error Rate | Loss     | Error Rate |
---------------------------------------------------------------
    1 |   1.4735 |     45.300 |   1.2278 |     40.906 |     0.1
    2 |   1.1253 |     37.823 |   1.1097 |     37.275 |     0.3
    3 |   1.0031 |     34.209 |   1.0235 |     33.923 |     0.4
    4 |   0.9290 |     31.858 |   0.9969 |     33.489 |     0.6
    5 |   0.8595 |     29.195 |   0.9572 |     32.619 |     0.7
    6 |   0.8039 |     27.780 |   0.9467 |     30.881 |     0.9
    7 |   0.7580 |     26.294 |   0.9100 |     30.912 |     1.0
    8 |   0.7224 |     24.905 |   0.8886 |     29.578 |     1.2
    9 |   0.6921 |     24.230 |   0.8723 |     28.026 |     1.3
   10 |   0.6469 |     22.507 |   0.8699 |     28.305 |     1.5
   11 |   0.6217 |     21.750 |   0.8442 |     27.498 |     1.6
   12 |   0.5851 |     20.373 |   0.8663 |     28.771 |     1.8
   13 |   0.5720 |     20.059 |   0.8890 |     27.157 |     1.9
   14 |   0.5561 |     19.757 |   0.8660 |     27.002 |     2.1
   15 |   0.5267 |     18.622 |   0.8580 |     25.885 |     2.2
Early stopping

Model: Seq2Seq Multimodal Transformer
Source index: <Seq2Seq Index with 43 items>
Target index: <Seq2Seq Index with 34 items>
Max sequence length: 800
Embedding dimension: 64
Descriptors dimension: 1136
Feedforward dimension: 128
Encoder layers: 3
Decoder layers: 4
Attention heads: 4
Activation: relu
Dropout: 0.1
Trainable parameters: 436,834

Training started
X_train.shape: torch.Size([3085, 702])
Y_train.shape: torch.Size([3085, 7])
X_dev.shape: torch.Size([537, 649])
Y_dev.shape: torch.Size([537, 7])
Epochs: 500
Learning rate: 0.001
Weight decay: 0.0001
Epoch | Train                 | Development           | Minutes
      | Loss     | Error Rate | Loss     | Error Rate |
---------------------------------------------------------------
    1 |   1.7743 |     49.941 |   1.3300 |     43.079 |     0.1
    2 |   1.2835 |     41.734 |   1.2049 |     39.603 |     0.3
    3 |   1.1784 |     38.682 |   1.1267 |     36.685 |     0.4
    4 |   1.0874 |     36.267 |   1.0686 |     35.444 |     0.6
    5 |   1.0180 |     34.165 |   1.0354 |     34.140 |     0.7
    6 |   0.9627 |     32.258 |   0.9970 |     32.557 |     0.8
    7 |   0.9096 |     30.789 |   0.9729 |     32.030 |     1.0
    8 |   0.8774 |     29.741 |   0.9352 |     31.254 |     1.1
    9 |   0.8318 |     28.077 |   0.9328 |     30.447 |     1.3
   10 |   0.8025 |     27.229 |   0.9278 |     30.323 |     1.4
   11 |   0.7745 |     26.256 |   0.9048 |     28.461 |     1.6
   12 |   0.7456 |     25.640 |   0.8947 |     28.585 |     1.7
   13 |   0.7027 |     24.025 |   0.8820 |     28.336 |     1.8
   14 |   0.6930 |     23.998 |   0.8789 |     28.181 |     2.0
   15 |   0.6592 |     22.588 |   0.8797 |     28.057 |     2.1
   16 |   0.6370 |     21.826 |   0.8973 |     27.778 |     2.3
   17 |   0.6176 |     21.194 |   0.9079 |     28.399 |     2.4
   18 |   0.5976 |     20.438 |   0.8780 |     27.312 |     2.5
   19 |   0.5799 |     19.730 |   0.8556 |     26.288 |     2.7
   20 |   0.5628 |     19.535 |   0.8920 |     26.443 |     2.8
   21 |   0.5466 |     19.119 |   0.9089 |     26.847 |     3.0
   22 |   0.5219 |     18.104 |   0.8858 |     26.785 |     3.1
   23 |   0.5083 |     17.796 |   0.9143 |     26.691 |     3.3
Early stopping

Model: Seq2Seq Multimodal Transformer
Source index: <Seq2Seq Index with 43 items>
Target index: <Seq2Seq Index with 34 items>
Max sequence length: 800
Embedding dimension: 64
Descriptors dimension: 1136
Feedforward dimension: 128
Encoder layers: 3
Decoder layers: 3
Attention heads: 4
Activation: relu
Dropout: 0.0
Trainable parameters: 386,594

Training started
X_train.shape: torch.Size([3085, 702])
Y_train.shape: torch.Size([3085, 7])
X_dev.shape: torch.Size([537, 649])
Y_dev.shape: torch.Size([537, 7])
Epochs: 500
Learning rate: 0.0001
Weight decay: 1e-05
Epoch | Train                 | Development           | Minutes
      | Loss     | Error Rate | Loss     | Error Rate |
---------------------------------------------------------------
    1 |   2.6825 |     68.687 |   1.9857 |     45.407 |     0.1
    2 |   1.6855 |     43.657 |   1.5515 |     43.700 |     0.2
    3 |   1.4504 |     41.534 |   1.4178 |     41.434 |     0.4
    4 |   1.3361 |     39.498 |   1.3240 |     39.385 |     0.5
    5 |   1.2489 |     37.401 |   1.2503 |     37.430 |     0.6
    6 |   1.1762 |     35.240 |   1.2071 |     36.437 |     0.7
    7 |   1.1128 |     33.717 |   1.1551 |     34.699 |     0.8
    8 |   1.0587 |     31.848 |   1.1245 |     34.202 |     1.0
    9 |   1.0070 |     30.659 |   1.0943 |     33.178 |     1.1
   10 |   0.9641 |     29.400 |   1.0902 |     33.302 |     1.2
   11 |   0.9155 |     27.601 |   1.0561 |     31.906 |     1.3
   12 |   0.8830 |     26.948 |   1.0324 |     31.130 |     1.5
   13 |   0.8453 |     25.835 |   1.0158 |     30.850 |     1.6
   14 |   0.8131 |     24.635 |   1.0081 |     30.912 |     1.7
   15 |   0.7853 |     24.003 |   1.0122 |     30.975 |     1.8
   16 |   0.7539 |     23.031 |   0.9861 |     30.230 |     1.9
   17 |   0.7305 |     22.507 |   0.9754 |     29.516 |     2.1
   18 |   0.7098 |     21.972 |   0.9859 |     29.733 |     2.2
   19 |   0.6876 |     21.237 |   0.9690 |     29.578 |     2.3
   20 |   0.6658 |     20.524 |   0.9740 |     30.168 |     2.4
   21 |   0.6403 |     19.854 |   0.9631 |     28.523 |     2.6
   22 |   0.6249 |     19.335 |   0.9526 |     28.088 |     2.7
   23 |   0.6038 |     18.585 |   0.9535 |     27.995 |     2.8
   24 |   0.5842 |     18.185 |   0.9477 |     28.554 |     2.9
   25 |   0.5687 |     17.780 |   0.9462 |     27.561 |     3.0
   26 |   0.5491 |     16.915 |   0.9607 |     28.026 |     3.2
   27 |   0.5343 |     16.840 |   0.9571 |     27.995 |     3.3
   28 |   0.5215 |     16.056 |   0.9699 |     27.747 |     3.4
   29 |   0.5052 |     15.608 |   0.9553 |     27.250 |     3.5
Early stopping

Model: Seq2Seq Multimodal Transformer
Source index: <Seq2Seq Index with 43 items>
Target index: <Seq2Seq Index with 34 items>
Max sequence length: 800
Embedding dimension: 128
Descriptors dimension: 1136
Feedforward dimension: 128
Encoder layers: 3
Decoder layers: 3
Attention heads: 4
Activation: relu
Dropout: 0.1
Trainable parameters: 1,075,490

Training started
X_train.shape: torch.Size([3085, 702])
Y_train.shape: torch.Size([3085, 7])
X_dev.shape: torch.Size([537, 649])
Y_dev.shape: torch.Size([537, 7])
Epochs: 500
Learning rate: 0.0001
Weight decay: 0.0001
Epoch | Train                 | Development           | Minutes
      | Loss     | Error Rate | Loss     | Error Rate |
---------------------------------------------------------------
    1 |   2.2886 |     57.029 |   1.5782 |     45.872 |     0.2
    2 |   1.5096 |     44.079 |   1.3522 |     42.179 |     0.3
    3 |   1.3443 |     41.421 |   1.2562 |     39.975 |     0.5
    4 |   1.2472 |     38.763 |   1.1840 |     36.375 |     0.6
    5 |   1.1755 |     36.710 |   1.1398 |     35.040 |     0.8
    6 |   1.1137 |     34.965 |   1.1035 |     34.668 |     0.9
    7 |   1.0635 |     33.355 |   1.0625 |     33.582 |     1.1
    8 |   1.0206 |     32.426 |   1.0363 |     32.899 |     1.3
    9 |   0.9739 |     30.589 |   1.0215 |     32.185 |     1.4
   10 |   0.9280 |     29.476 |   0.9905 |     31.471 |     1.6
   11 |   0.8895 |     28.125 |   0.9838 |     31.502 |     1.7
   12 |   0.8542 |     26.953 |   0.9615 |     30.726 |     1.9
   13 |   0.8241 |     26.440 |   0.9413 |     29.795 |     2.0
   14 |   0.7912 |     25.230 |   0.9343 |     29.609 |     2.2
   15 |   0.7619 |     24.625 |   0.9233 |     28.678 |     2.4
   16 |   0.7338 |     23.609 |   0.9311 |     29.764 |     2.5
   17 |   0.7161 |     23.225 |   0.9223 |     29.081 |     2.7
   18 |   0.6878 |     22.118 |   0.9268 |     28.523 |     2.8
   19 |   0.6725 |     21.799 |   0.9183 |     27.747 |     3.0
   20 |   0.6424 |     20.935 |   0.9280 |     27.964 |     3.1
   21 |   0.6223 |     19.946 |   0.9214 |     28.057 |     3.3
   22 |   0.6078 |     19.730 |   0.9096 |     26.847 |     3.4
   23 |   0.5922 |     19.411 |   0.9353 |     28.243 |     3.6
   24 |   0.5759 |     19.098 |   0.9054 |     26.878 |     3.8
   25 |   0.5631 |     18.504 |   0.9287 |     27.250 |     3.9
   26 |   0.5423 |     17.590 |   0.9246 |     26.474 |     4.1
   27 |   0.5274 |     17.180 |   0.9237 |     26.226 |     4.2
   28 |   0.5132 |     16.850 |   0.9359 |     26.412 |     4.4
Early stopping

Model: Seq2Seq Multimodal Transformer
Source index: <Seq2Seq Index with 43 items>
Target index: <Seq2Seq Index with 34 items>
Max sequence length: 800
Embedding dimension: 64
Descriptors dimension: 1136
Feedforward dimension: 256
Encoder layers: 4
Decoder layers: 4
Attention heads: 4
Activation: relu
Dropout: 0.1
Trainable parameters: 602,402

Training started
X_train.shape: torch.Size([3085, 702])
Y_train.shape: torch.Size([3085, 7])
X_dev.shape: torch.Size([537, 649])
Y_dev.shape: torch.Size([537, 7])
Epochs: 500
Learning rate: 0.001
Weight decay: 0.0001
Epoch | Train                 | Development           | Minutes
      | Loss     | Error Rate | Loss     | Error Rate |
---------------------------------------------------------------
    1 |   1.7031 |     49.427 |   1.3446 |     43.637 |     0.2
    2 |   1.2689 |     41.551 |   1.2209 |     40.317 |     0.3
    3 |   1.1629 |     38.671 |   1.1196 |     36.934 |     0.5
    4 |   1.0951 |     36.964 |   1.0760 |     36.158 |     0.7
    5 |   1.0406 |     35.170 |   1.0680 |     35.909 |     0.9
    6 |   0.9861 |     33.641 |   1.0323 |     34.513 |     1.1
    7 |   0.9453 |     32.447 |   0.9783 |     32.930 |     1.2
    8 |   0.9197 |     31.740 |   0.9703 |     32.154 |     1.4
    9 |   0.8690 |     30.005 |   0.9696 |     32.464 |     1.6
   10 |   0.8443 |     29.179 |   0.9302 |     31.471 |     1.8
   11 |   0.8115 |     27.920 |   0.9323 |     31.068 |     1.9
   12 |   0.7814 |     26.759 |   0.9315 |     30.447 |     2.1
   13 |   0.7532 |     26.132 |   0.9228 |     29.268 |     2.3
   14 |   0.7286 |     25.057 |   0.9260 |     30.199 |     2.5
   15 |   0.7121 |     24.598 |   0.8849 |     28.678 |     2.7
   16 |   0.6801 |     23.463 |   0.8847 |     27.933 |     2.9
   17 |   0.6531 |     22.410 |   0.8767 |     26.723 |     3.0
   18 |   0.6227 |     21.388 |   0.8903 |     27.312 |     3.2
   19 |   0.5994 |     20.708 |   0.8611 |     27.033 |     3.4
   20 |   0.5807 |     20.103 |   0.8682 |     26.660 |     3.6
   21 |   0.5651 |     19.352 |   0.8685 |     26.723 |     3.7
   22 |   0.5479 |     19.076 |   0.8858 |     25.978 |     3.9
   23 |   0.5392 |     18.817 |   0.8878 |     26.195 |     4.1
Early stopping

Model: Seq2Seq Multimodal Transformer
Source index: <Seq2Seq Index with 43 items>
Target index: <Seq2Seq Index with 34 items>
Max sequence length: 800
Embedding dimension: 64
Descriptors dimension: 1136
Feedforward dimension: 256
Encoder layers: 4
Decoder layers: 3
Attention heads: 4
Activation: relu
Dropout: 0.1
Trainable parameters: 535,650

Training started
X_train.shape: torch.Size([3085, 702])
Y_train.shape: torch.Size([3085, 7])
X_dev.shape: torch.Size([537, 649])
Y_dev.shape: torch.Size([537, 7])
Epochs: 500
Learning rate: 0.001
Weight decay: 1e-05
Epoch | Train                 | Development           | Minutes
      | Loss     | Error Rate | Loss     | Error Rate |
---------------------------------------------------------------
    1 |   1.6439 |     47.585 |   1.3161 |     43.389 |     0.2
    2 |   1.2658 |     41.999 |   1.2305 |     41.248 |     0.3
    3 |   1.1570 |     38.855 |   1.1048 |     36.282 |     0.5
    4 |   1.0861 |     36.402 |   1.0544 |     35.413 |     0.7
    5 |   1.0237 |     34.452 |   1.0136 |     33.768 |     0.8
    6 |   0.9731 |     33.112 |   1.0034 |     33.457 |     1.0
    7 |   0.9488 |     32.339 |   0.9851 |     32.216 |     1.2
    8 |   0.8984 |     30.546 |   0.9654 |     32.619 |     1.4
    9 |   0.8652 |     29.514 |   0.9142 |     31.161 |     1.5
   10 |   0.8242 |     28.185 |   0.9180 |     31.161 |     1.7
   11 |   0.8045 |     27.563 |   0.9124 |     29.392 |     1.9
   12 |   0.7719 |     26.764 |   0.9115 |     30.230 |     2.0
   13 |   0.7401 |     25.710 |   0.8821 |     29.919 |     2.2
   14 |   0.7071 |     24.214 |   0.8708 |     28.895 |     2.4
   15 |   0.6816 |     23.755 |   0.8829 |     28.895 |     2.5
   16 |   0.6737 |     23.312 |   0.8858 |     28.802 |     2.7
   17 |   0.6419 |     22.307 |   0.8809 |     27.871 |     2.9
   18 |   0.6213 |     21.469 |   0.8693 |     27.902 |     3.1
   19 |   0.6193 |     21.842 |   0.8652 |     27.405 |     3.2
   20 |   0.5888 |     20.600 |   0.8732 |     27.281 |     3.4
   21 |   0.5654 |     19.724 |   0.8815 |     27.561 |     3.6
   22 |   0.5571 |     19.265 |   0.9032 |     27.002 |     3.7
   23 |   0.5383 |     19.146 |   0.9155 |     27.188 |     3.9
Early stopping

Model: Seq2Seq Multimodal Transformer
Source index: <Seq2Seq Index with 43 items>
Target index: <Seq2Seq Index with 34 items>
Max sequence length: 800
Embedding dimension: 128
Descriptors dimension: 1136
Feedforward dimension: 128
Encoder layers: 3
Decoder layers: 4
Attention heads: 4
Activation: relu
Dropout: 0.1
Trainable parameters: 1,241,378

Training started
X_train.shape: torch.Size([3085, 702])
Y_train.shape: torch.Size([3085, 7])
X_dev.shape: torch.Size([537, 649])
Y_dev.shape: torch.Size([537, 7])
Epochs: 500
Learning rate: 0.001
Weight decay: 0.0001
Epoch | Train                 | Development           | Minutes
      | Loss     | Error Rate | Loss     | Error Rate |
---------------------------------------------------------------
    1 |   1.6003 |     48.044 |   1.2837 |     41.310 |     0.2
    2 |   1.2267 |     40.805 |   1.1430 |     38.237 |     0.3
    3 |   1.1288 |     38.012 |   1.1427 |     37.865 |     0.5
    4 |   1.0534 |     35.397 |   1.0436 |     34.513 |     0.7
    5 |   0.9817 |     33.522 |   1.0201 |     33.923 |     0.8
    6 |   0.9370 |     31.745 |   0.9849 |     32.682 |     1.0
    7 |   0.9004 |     30.837 |   0.9992 |     33.892 |     1.2
    8 |   0.8584 |     29.600 |   0.9426 |     31.316 |     1.3
    9 |   0.8246 |     28.260 |   0.9316 |     31.440 |     1.5
   10 |   0.7878 |     27.315 |   0.9266 |     30.819 |     1.7
   11 |   0.7672 |     26.370 |   0.9255 |     29.919 |     1.8
   12 |   0.7321 |     25.122 |   0.9089 |     29.888 |     2.0
   13 |   0.7047 |     24.300 |   0.9007 |     29.236 |     2.2
   14 |   0.6809 |     23.539 |   0.8952 |     27.685 |     2.3
   15 |   0.6595 |     22.555 |   0.8976 |     28.243 |     2.5
   16 |   0.6272 |     21.572 |   0.8871 |     27.716 |     2.7
   17 |   0.6111 |     21.410 |   0.8676 |     27.126 |     2.8
   18 |   0.5939 |     20.411 |   0.8845 |     27.157 |     3.0
   19 |   0.5753 |     19.843 |   0.8645 |     26.009 |     3.2
   20 |   0.5466 |     18.979 |   0.8907 |     27.002 |     3.3
   21 |   0.5385 |     18.714 |   0.8754 |     25.388 |     3.5
   22 |   0.5295 |     18.660 |   0.8890 |     25.605 |     3.7
   23 |   0.5028 |     17.931 |   0.9075 |     25.947 |     3.8
Early stopping

Model: Seq2Seq Multimodal Transformer
Source index: <Seq2Seq Index with 43 items>
Target index: <Seq2Seq Index with 34 items>
Max sequence length: 800
Embedding dimension: 64
Descriptors dimension: 1136
Feedforward dimension: 256
Encoder layers: 3
Decoder layers: 3
Attention heads: 4
Activation: relu
Dropout: 0.1
Trainable parameters: 485,666

Training started
X_train.shape: torch.Size([3085, 702])
Y_train.shape: torch.Size([3085, 7])
X_dev.shape: torch.Size([537, 649])
Y_dev.shape: torch.Size([537, 7])
Epochs: 500
Learning rate: 0.001
Weight decay: 1e-05
Epoch | Train                 | Development           | Minutes
      | Loss     | Error Rate | Loss     | Error Rate |
---------------------------------------------------------------
    1 |   1.6583 |     48.298 |   1.2795 |     42.396 |     0.1
    2 |   1.2378 |     40.832 |   1.1541 |     37.244 |     0.3
    3 |   1.1299 |     38.066 |   1.0989 |     36.251 |     0.4
    4 |   1.0505 |     35.397 |   1.0484 |     34.668 |     0.5
    5 |   0.9907 |     33.187 |   0.9879 |     33.147 |     0.7
    6 |   0.9393 |     31.918 |   0.9638 |     31.533 |     0.8
    7 |   0.8841 |     30.194 |   0.9336 |     30.881 |     0.9
    8 |   0.8442 |     28.622 |   0.9255 |     30.478 |     1.1
    9 |   0.8126 |     27.542 |   0.9140 |     29.857 |     1.2
   10 |   0.7741 |     26.343 |   0.9333 |     30.137 |     1.4
   11 |   0.7453 |     25.424 |   0.8848 |     29.361 |     1.5
   12 |   0.7149 |     24.403 |   0.8723 |     28.585 |     1.6
   13 |   0.6780 |     22.890 |   0.8597 |     28.430 |     1.8
   14 |   0.6554 |     22.328 |   0.8817 |     27.871 |     1.9
   15 |   0.6238 |     21.442 |   0.8502 |     27.498 |     2.0
   16 |   0.6084 |     21.178 |   0.8729 |     27.002 |     2.2
   17 |   0.5879 |     20.227 |   0.8810 |     27.064 |     2.3
   18 |   0.5619 |     19.627 |   0.8567 |     26.505 |     2.4
   19 |   0.5443 |     18.828 |   0.8581 |     25.419 |     2.6
Early stopping

Model: Seq2Seq Multimodal Transformer
Source index: <Seq2Seq Index with 43 items>
Target index: <Seq2Seq Index with 34 items>
Max sequence length: 800
Embedding dimension: 128
Descriptors dimension: 1136
Feedforward dimension: 128
Encoder layers: 3
Decoder layers: 4
Attention heads: 2
Activation: relu
Dropout: 0.1
Trainable parameters: 1,241,378

Training started
X_train.shape: torch.Size([3085, 702])
Y_train.shape: torch.Size([3085, 7])
X_dev.shape: torch.Size([537, 649])
Y_dev.shape: torch.Size([537, 7])
Epochs: 500
Learning rate: 0.001
Weight decay: 1e-05
Epoch | Train                 | Development           | Minutes
      | Loss     | Error Rate | Loss     | Error Rate |
---------------------------------------------------------------
    1 |   1.6157 |     48.671 |   1.2615 |     42.831 |     0.1
    2 |   1.2267 |     41.102 |   1.1542 |     37.772 |     0.3
    3 |   1.1380 |     38.725 |   1.1104 |     36.903 |     0.4
    4 |   1.0702 |     36.094 |   1.0345 |     35.164 |     0.5
    5 |   1.0131 |     34.182 |   1.0245 |     34.451 |     0.7
    6 |   0.9719 |     33.123 |   0.9802 |     32.495 |     0.8
    7 |   0.9268 |     31.885 |   0.9644 |     32.340 |     0.9
    8 |   0.8741 |     30.335 |   0.9605 |     33.085 |     1.1
    9 |   0.8590 |     29.395 |   0.9575 |     31.875 |     1.2
   10 |   0.8177 |     28.368 |   0.9661 |     32.154 |     1.3
   11 |   0.7804 |     26.850 |   0.8921 |     30.043 |     1.5
   12 |   0.7503 |     25.894 |   0.9211 |     30.199 |     1.6
   13 |   0.7207 |     25.100 |   0.9349 |     30.881 |     1.7
   14 |   0.7059 |     24.522 |   0.8999 |     28.585 |     1.9
   15 |   0.6645 |     22.739 |   0.9318 |     30.230 |     2.0
Early stopping

Model: Seq2Seq Multimodal Transformer
Source index: <Seq2Seq Index with 43 items>
Target index: <Seq2Seq Index with 34 items>
Max sequence length: 800
Embedding dimension: 128
Descriptors dimension: 1136
Feedforward dimension: 256
Encoder layers: 4
Decoder layers: 3
Attention heads: 4
Activation: relu
Dropout: 0.0
Trainable parameters: 1,405,346

Training started
X_train.shape: torch.Size([3085, 702])
Y_train.shape: torch.Size([3085, 7])
X_dev.shape: torch.Size([537, 649])
Y_dev.shape: torch.Size([537, 7])
Epochs: 500
Learning rate: 0.001
Weight decay: 1e-05
Epoch | Train                 | Development           | Minutes
      | Loss     | Error Rate | Loss     | Error Rate |
---------------------------------------------------------------
    1 |   1.4891 |     46.559 |   1.2446 |     41.217 |     0.2
    2 |   1.1439 |     38.476 |   1.1119 |     38.206 |     0.4
    3 |   1.0408 |     35.284 |   1.0852 |     36.716 |     0.6
    4 |   0.9786 |     33.749 |   1.0215 |     34.947 |     0.7
    5 |   0.9190 |     31.680 |   0.9964 |     34.140 |     0.9
    6 |   0.8591 |     29.908 |   0.9463 |     31.595 |     1.1
    7 |   0.8193 |     28.541 |   0.9086 |     30.850 |     1.3
    8 |   0.7868 |     27.018 |   0.8891 |     29.174 |     1.5
    9 |   0.7381 |     25.575 |   0.8988 |     29.702 |     1.7
   10 |   0.7281 |     25.554 |   0.9156 |     30.354 |     1.9
   11 |   0.6940 |     24.284 |   0.8698 |     28.554 |     2.0
   12 |   0.6795 |     23.560 |   0.8744 |     28.119 |     2.2
   13 |   0.6407 |     22.561 |   0.8787 |     29.174 |     2.4
   14 |   0.6263 |     21.907 |   0.8383 |     27.343 |     2.6
   15 |   0.6056 |     21.135 |   0.8381 |     27.064 |     2.8
   16 |   0.5893 |     20.729 |   0.8570 |     28.212 |     3.0
   17 |   0.5742 |     20.178 |   0.8653 |     27.778 |     3.2
   18 |   0.5484 |     19.487 |   0.8411 |     26.878 |     3.4
   19 |   0.5328 |     18.660 |   0.8579 |     26.412 |     3.5
   20 |   0.5191 |     18.579 |   0.8040 |     24.146 |     3.7
   21 |   0.5085 |     17.990 |   0.8670 |     26.350 |     3.9
   22 |   0.5027 |     17.855 |   0.8469 |     26.381 |     4.1
   23 |   0.4884 |     17.553 |   0.8993 |     26.660 |     4.3
   24 |   0.4683 |     16.645 |   0.8807 |     26.350 |     4.5
Early stopping

Model: Seq2Seq Multimodal Transformer
Source index: <Seq2Seq Index with 43 items>
Target index: <Seq2Seq Index with 34 items>
Max sequence length: 800
Embedding dimension: 64
Descriptors dimension: 1136
Feedforward dimension: 256
Encoder layers: 3
Decoder layers: 3
Attention heads: 2
Activation: relu
Dropout: 0.0
Trainable parameters: 485,666

Training started
X_train.shape: torch.Size([3085, 702])
Y_train.shape: torch.Size([3085, 7])
X_dev.shape: torch.Size([537, 649])
Y_dev.shape: torch.Size([537, 7])
Epochs: 500
Learning rate: 0.001
Weight decay: 0.0001
Epoch | Train                 | Development           | Minutes
      | Loss     | Error Rate | Loss     | Error Rate |
---------------------------------------------------------------
    1 |   1.6143 |     46.969 |   1.2855 |     42.210 |     0.1
    2 |   1.1904 |     39.184 |   1.1416 |     37.368 |     0.2
    3 |   1.0572 |     35.348 |   1.0901 |     35.723 |     0.3
    4 |   0.9623 |     32.382 |   1.0210 |     34.730 |     0.4
    5 |   0.8816 |     30.011 |   0.9481 |     31.999 |     0.5
    6 |   0.8163 |     27.726 |   0.9273 |     30.944 |     0.5
    7 |   0.7684 |     26.505 |   0.9011 |     29.981 |     0.6
    8 |   0.7171 |     24.543 |   0.8815 |     29.609 |     0.7
    9 |   0.6739 |     23.123 |   0.8622 |     28.088 |     0.8
   10 |   0.6327 |     21.864 |   0.8486 |     27.188 |     0.9
   11 |   0.5950 |     20.384 |   0.8359 |     27.157 |     1.0
   12 |   0.5699 |     19.346 |   0.8259 |     25.481 |     1.1
   13 |   0.5463 |     18.687 |   0.8507 |     27.188 |     1.2
   14 |   0.5124 |     17.742 |   0.8358 |     26.071 |     1.3
   15 |   0.4929 |     17.099 |   0.8594 |     25.140 |     1.4
   16 |   0.4615 |     16.002 |   0.8593 |     25.357 |     1.5
Early stopping

Model: Seq2Seq Multimodal Transformer
Source index: <Seq2Seq Index with 43 items>
Target index: <Seq2Seq Index with 34 items>
Max sequence length: 800
Embedding dimension: 64
Descriptors dimension: 1136
Feedforward dimension: 256
Encoder layers: 4
Decoder layers: 3
Attention heads: 4
Activation: relu
Dropout: 0.0
Trainable parameters: 535,650

Training started
X_train.shape: torch.Size([3085, 702])
Y_train.shape: torch.Size([3085, 7])
X_dev.shape: torch.Size([537, 649])
Y_dev.shape: torch.Size([537, 7])
Epochs: 500
Learning rate: 0.0001
Weight decay: 1e-05
Epoch | Train                 | Development           | Minutes
      | Loss     | Error Rate | Loss     | Error Rate |
---------------------------------------------------------------
    1 |   2.3996 |     60.032 |   1.7684 |     45.438 |     0.1
    2 |   1.6059 |     43.928 |   1.5195 |     42.520 |     0.3
    3 |   1.4298 |     41.653 |   1.3949 |     40.844 |     0.5
    4 |   1.3208 |     38.957 |   1.3160 |     39.882 |     0.6
    5 |   1.2377 |     37.110 |   1.2383 |     38.206 |     0.8
    6 |   1.1631 |     35.008 |   1.1899 |     36.034 |     0.9
    7 |   1.1011 |     33.328 |   1.1585 |     34.947 |     1.1
    8 |   1.0391 |     30.951 |   1.1117 |     34.513 |     1.2
    9 |   0.9851 |     29.919 |   1.0799 |     33.240 |     1.4
   10 |   0.9341 |     28.358 |   1.0454 |     32.030 |     1.5
   11 |   0.8881 |     26.888 |   1.0442 |     32.682 |     1.7
   12 |   0.8503 |     25.829 |   1.0136 |     32.154 |     1.9
   13 |   0.8065 |     24.603 |   0.9857 |     30.602 |     2.0
   14 |   0.7723 |     23.895 |   0.9782 |     29.888 |     2.2
   15 |   0.7414 |     22.631 |   0.9632 |     30.509 |     2.3
   16 |   0.7094 |     21.788 |   0.9577 |     29.826 |     2.5
   17 |   0.6804 |     20.989 |   0.9479 |     29.392 |     2.6
   18 |   0.6490 |     19.957 |   0.9292 |     28.554 |     2.8
   19 |   0.6202 |     18.990 |   0.9309 |     28.212 |     2.9
   20 |   0.5937 |     18.223 |   0.9425 |     29.112 |     3.1
   21 |   0.5725 |     17.780 |   0.9275 |     28.430 |     3.3
   22 |   0.5528 |     17.266 |   0.9321 |     28.181 |     3.4
   23 |   0.5316 |     16.499 |   0.9463 |     27.933 |     3.6
   24 |   0.5046 |     15.262 |   0.9177 |     27.809 |     3.7
   25 |   0.4898 |     15.008 |   0.9225 |     27.157 |     3.9
   26 |   0.4702 |     14.554 |   0.9228 |     27.498 |     4.0
   27 |   0.4519 |     14.057 |   0.9109 |     27.126 |     4.2
   28 |   0.4382 |     13.668 |   0.9209 |     26.878 |     4.3
   29 |   0.4200 |     13.160 |   0.9460 |     26.878 |     4.5
   30 |   0.4100 |     12.880 |   0.9437 |     27.312 |     4.7
   31 |   0.3964 |     12.577 |   0.9327 |     25.978 |     4.8
Early stopping

Model: Seq2Seq Multimodal Transformer
Source index: <Seq2Seq Index with 43 items>
Target index: <Seq2Seq Index with 34 items>
Max sequence length: 800
Embedding dimension: 64
Descriptors dimension: 1136
Feedforward dimension: 128
Encoder layers: 4
Decoder layers: 3
Attention heads: 2
Activation: relu
Dropout: 0.1
Trainable parameters: 420,066

Training started
X_train.shape: torch.Size([3085, 702])
Y_train.shape: torch.Size([3085, 7])
X_dev.shape: torch.Size([537, 649])
Y_dev.shape: torch.Size([537, 7])
Epochs: 500
Learning rate: 0.001
Weight decay: 1e-05
Epoch | Train                 | Development           | Minutes
      | Loss     | Error Rate | Loss     | Error Rate |
---------------------------------------------------------------
    1 |   1.7265 |     49.271 |   1.3223 |     43.358 |     0.1
    2 |   1.2890 |     42.237 |   1.2347 |     41.124 |     0.2
    3 |   1.1966 |     39.908 |   1.1354 |     37.896 |     0.3
    4 |   1.1229 |     37.672 |   1.0770 |     36.282 |     0.5
    5 |   1.0492 |     35.473 |   1.0531 |     35.040 |     0.6
    6 |   1.0098 |     34.500 |   0.9956 |     32.495 |     0.7
    7 |   0.9537 |     32.307 |   0.9703 |     32.154 |     0.8
    8 |   0.9113 |     31.178 |   0.9542 |     31.782 |     0.9
    9 |   0.8724 |     29.887 |   0.9408 |     31.750 |     1.0
   10 |   0.8507 |     28.914 |   0.9265 |     30.540 |     1.1
   11 |   0.8252 |     28.363 |   0.9137 |     30.168 |     1.3
   12 |   0.7866 |     27.072 |   0.9118 |     29.299 |     1.4
   13 |   0.7713 |     26.359 |   0.9148 |     29.733 |     1.5
   14 |   0.7452 |     25.565 |   0.9170 |     29.268 |     1.6
   15 |   0.7114 |     24.565 |   0.8806 |     28.864 |     1.7
   16 |   0.6927 |     23.955 |   0.8495 |     27.623 |     1.8
   17 |   0.6628 |     23.112 |   0.8926 |     28.802 |     2.0
   18 |   0.6468 |     22.237 |   0.9010 |     28.523 |     2.1
   19 |   0.6300 |     21.842 |   0.8702 |     26.940 |     2.2
   20 |   0.6145 |     21.642 |   0.8636 |     26.319 |     2.3
Early stopping

Model: Seq2Seq Multimodal Transformer
Source index: <Seq2Seq Index with 43 items>
Target index: <Seq2Seq Index with 34 items>
Max sequence length: 800
Embedding dimension: 64
Descriptors dimension: 1136
Feedforward dimension: 128
Encoder layers: 4
Decoder layers: 4
Attention heads: 2
Activation: relu
Dropout: 0.1
Trainable parameters: 470,306

Training started
X_train.shape: torch.Size([3085, 702])
Y_train.shape: torch.Size([3085, 7])
X_dev.shape: torch.Size([537, 649])
Y_dev.shape: torch.Size([537, 7])
Epochs: 500
Learning rate: 0.001
Weight decay: 0.0001
Epoch | Train                 | Development           | Minutes
      | Loss     | Error Rate | Loss     | Error Rate |
---------------------------------------------------------------
    1 |   1.7867 |     50.481 |   1.3657 |     44.475 |     0.1
    2 |   1.3221 |     43.274 |   1.2673 |     41.651 |     0.2
    3 |   1.2172 |     40.157 |   1.1527 |     37.803 |     0.4
    4 |   1.1429 |     38.142 |   1.1188 |     37.182 |     0.5
    5 |   1.0801 |     36.283 |   1.0795 |     36.375 |     0.6
    6 |   1.0305 |     34.516 |   1.0303 |     33.768 |     0.7
    7 |   0.9770 |     33.155 |   1.0125 |     34.109 |     0.8
    8 |   0.9342 |     31.669 |   0.9746 |     32.992 |     1.0
    9 |   0.8945 |     30.513 |   0.9428 |     31.316 |     1.1
   10 |   0.8641 |     29.082 |   0.9218 |     30.354 |     1.2
   11 |   0.8282 |     28.449 |   0.9528 |     31.813 |     1.3
   12 |   0.8024 |     27.369 |   0.9281 |     30.633 |     1.5
   13 |   0.7637 |     26.202 |   0.9019 |     29.019 |     1.6
   14 |   0.7409 |     25.575 |   0.9235 |     28.864 |     1.7
   15 |   0.7246 |     24.830 |   0.9144 |     29.454 |     1.8
   16 |   0.6970 |     23.755 |   0.8868 |     27.654 |     1.9
   17 |   0.6706 |     23.128 |   0.8975 |     27.964 |     2.1
   18 |   0.6541 |     22.566 |   0.8779 |     27.374 |     2.2
   19 |   0.6375 |     22.447 |   0.8978 |     27.343 |     2.3
   20 |   0.6232 |     21.421 |   0.9064 |     28.430 |     2.4
   21 |   0.5945 |     20.502 |   0.9079 |     26.723 |     2.6
   22 |   0.5796 |     20.227 |   0.8768 |     26.226 |     2.7
   23 |   0.5622 |     19.422 |   0.9282 |     26.971 |     2.8
   24 |   0.5578 |     19.400 |   0.8735 |     25.481 |     2.9
   25 |   0.5245 |     18.385 |   0.9171 |     26.350 |     3.0
   26 |   0.5196 |     17.823 |   0.9001 |     25.543 |     3.2
   27 |   0.5088 |     17.736 |   0.9043 |     26.350 |     3.3
   28 |   0.4895 |     17.007 |   0.8994 |     25.605 |     3.4
Early stopping

Model: Seq2Seq Multimodal Transformer
Source index: <Seq2Seq Index with 43 items>
Target index: <Seq2Seq Index with 34 items>
Max sequence length: 800
Embedding dimension: 128
Descriptors dimension: 1136
Feedforward dimension: 128
Encoder layers: 3
Decoder layers: 4
Attention heads: 4
Activation: relu
Dropout: 0.0
Trainable parameters: 1,241,378

Training started
X_train.shape: torch.Size([3085, 702])
Y_train.shape: torch.Size([3085, 7])
X_dev.shape: torch.Size([537, 649])
Y_dev.shape: torch.Size([537, 7])
Epochs: 500
Learning rate: 0.001
Weight decay: 1e-05
Epoch | Train                 | Development           | Minutes
      | Loss     | Error Rate | Loss     | Error Rate |
---------------------------------------------------------------
    1 |   1.5249 |     46.699 |   1.2499 |     40.099 |     0.1
    2 |   1.1494 |     38.444 |   1.1043 |     35.878 |     0.3
    3 |   1.0218 |     35.062 |   1.0075 |     34.327 |     0.5
    4 |   0.9542 |     32.550 |   0.9797 |     32.526 |     0.6
    5 |   0.8779 |     30.335 |   0.9697 |     32.588 |     0.8
    6 |   0.8302 |     28.795 |   0.9661 |     31.440 |     0.9
    7 |   0.7907 |     27.277 |   0.9266 |     31.564 |     1.1
    8 |   0.7414 |     25.494 |   0.9054 |     30.168 |     1.2
    9 |   0.7126 |     24.857 |   0.9203 |     29.361 |     1.4
   10 |   0.6636 |     22.912 |   0.9105 |     29.423 |     1.5
   11 |   0.6426 |     22.193 |   0.9053 |     28.740 |     1.7
   12 |   0.6343 |     21.988 |   0.8740 |     28.895 |     1.9
   13 |   0.6048 |     20.875 |   0.8488 |     26.195 |     2.0
   14 |   0.5737 |     20.032 |   0.8636 |     26.723 |     2.2
   15 |   0.5550 |     19.579 |   0.8674 |     28.088 |     2.3
   16 |   0.5392 |     18.974 |   0.8371 |     26.754 |     2.5
   17 |   0.5041 |     17.563 |   0.8368 |     26.195 |     2.6
   18 |   0.5017 |     17.807 |   0.8528 |     25.947 |     2.8
   19 |   0.4782 |     16.586 |   0.8478 |     25.202 |     2.9
   20 |   0.4685 |     16.564 |   0.8608 |     25.636 |     3.1
   21 |   0.4654 |     16.337 |   0.8523 |     25.202 |     3.3
Early stopping

