Model: Seq2Seq Multimodal Bi-LSTM
Source index: <Seq2Seq Index with 44 items>
Target index: <Seq2Seq Index with 34 items>
Encoder embedding dimension: 128
Descriptors dimension: 1136
Decoder embedding dimension: 128
Encoder hidden units: 64
Encoder layers: 4
Decoder hidden units: 128
Decoder layers: 3
Dropout: 0.1
Trainable parameters: 1,295,650

Training started
X_train.shape: torch.Size([3052, 702])
Y_train.shape: torch.Size([3052, 7])
X_dev.shape: torch.Size([533, 266])
Y_dev.shape: torch.Size([533, 7])
Epochs: 500
Learning rate: 0.0001
Weight decay: 1e-05
Epoch | Train                 | Development           | Minutes
      | Loss     | Error Rate | Loss     | Error Rate |
---------------------------------------------------------------
    1 |   3.1770 |     85.561 |   2.6578 |     81.363 |     0.0
    2 |   2.4624 |     63.385 |   2.2418 |     58.318 |     0.1
    3 |   2.1477 |     57.520 |   2.0101 |     56.754 |     0.1
    4 |   1.9563 |     54.833 |   1.8506 |     47.655 |     0.1
    5 |   1.8087 |     49.410 |   1.7185 |     47.749 |     0.2
    6 |   1.6901 |     48.526 |   1.6233 |     45.153 |     0.2
    7 |   1.6076 |     46.270 |   1.5583 |     45.153 |     0.3
    8 |   1.5508 |     46.221 |   1.5118 |     45.153 |     0.3
    9 |   1.5137 |     46.216 |   1.4791 |     45.153 |     0.3
   10 |   1.4865 |     46.216 |   1.4570 |     45.153 |     0.4
   11 |   1.4666 |     46.221 |   1.4413 |     45.153 |     0.4
   12 |   1.4516 |     46.216 |   1.4271 |     45.153 |     0.4
   13 |   1.4385 |     46.227 |   1.4153 |     45.153 |     0.5
   14 |   1.4262 |     46.221 |   1.4065 |     45.153 |     0.5
   15 |   1.4162 |     46.216 |   1.3956 |     45.153 |     0.5
   16 |   1.4057 |     46.243 |   1.3870 |     45.153 |     0.6
   17 |   1.3950 |     46.221 |   1.3781 |     45.153 |     0.6
   18 |   1.3818 |     46.221 |   1.3652 |     45.153 |     0.7
   19 |   1.3699 |     46.117 |   1.3561 |     45.153 |     0.7
   20 |   1.3589 |     45.795 |   1.3452 |     44.934 |     0.7
   21 |   1.3493 |     45.402 |   1.3356 |     44.028 |     0.8
   22 |   1.3361 |     45.194 |   1.3272 |     43.809 |     0.8
   23 |   1.3265 |     44.807 |   1.3201 |     44.028 |     0.8
   24 |   1.3168 |     44.659 |   1.3102 |     43.777 |     0.9
   25 |   1.3053 |     44.097 |   1.3007 |     43.433 |     0.9
   26 |   1.2940 |     43.851 |   1.2929 |     42.745 |     0.9
   27 |   1.2822 |     42.824 |   1.2844 |     42.527 |     1.0
   28 |   1.2686 |     42.229 |   1.2783 |     41.995 |     1.0
   29 |   1.2554 |     41.432 |   1.2648 |     41.776 |     1.0
   30 |   1.2426 |     40.853 |   1.2546 |     41.588 |     1.1
   31 |   1.2270 |     40.542 |   1.2465 |     41.276 |     1.1
   32 |   1.2125 |     40.181 |   1.2339 |     41.495 |     1.2
   33 |   1.1969 |     39.952 |   1.2243 |     41.026 |     1.2
   34 |   1.1799 |     39.493 |   1.2109 |     40.932 |     1.2
   35 |   1.1642 |     38.942 |   1.2035 |     40.807 |     1.3
   36 |   1.1510 |     38.723 |   1.1936 |     39.869 |     1.3
   37 |   1.1341 |     38.281 |   1.1839 |     40.369 |     1.3
   38 |   1.1196 |     38.041 |   1.1691 |     39.243 |     1.4
   39 |   1.0994 |     37.424 |   1.1608 |     39.181 |     1.4
   40 |   1.0836 |     36.686 |   1.1480 |     38.368 |     1.4
   41 |   1.0663 |     36.064 |   1.1390 |     37.367 |     1.5
   42 |   1.0481 |     35.152 |   1.1256 |     37.680 |     1.5
   43 |   1.0331 |     34.720 |   1.1178 |     37.023 |     1.5
   44 |   1.0154 |     33.666 |   1.1135 |     36.710 |     1.6
   45 |   0.9982 |     33.055 |   1.1072 |     36.398 |     1.6
   46 |   0.9801 |     31.979 |   1.1043 |     36.116 |     1.7
   47 |   0.9687 |     31.613 |   1.0900 |     36.054 |     1.7
   48 |   0.9535 |     30.767 |   1.0820 |     35.897 |     1.7
   49 |   0.9356 |     30.406 |   1.0751 |     34.584 |     1.8
   50 |   0.9221 |     29.696 |   1.0671 |     34.490 |     1.8
   51 |   0.9051 |     28.937 |   1.0662 |     34.490 |     1.8
   52 |   0.8935 |     28.386 |   1.0674 |     34.522 |     1.9
   53 |   0.8811 |     27.960 |   1.0609 |     33.333 |     1.9
   54 |   0.8657 |     27.572 |   1.0486 |     33.146 |     1.9
   55 |   0.8499 |     26.917 |   1.0574 |     33.646 |     2.0
   56 |   0.8390 |     26.409 |   1.0517 |     33.177 |     2.0
   57 |   0.8246 |     25.934 |   1.0375 |     32.395 |     2.0
   58 |   0.8120 |     25.202 |   1.0393 |     32.270 |     2.1
   59 |   0.8009 |     24.967 |   1.0383 |     32.333 |     2.1
   60 |   0.7902 |     25.005 |   1.0321 |     32.083 |     2.1
   61 |   0.7750 |     24.132 |   1.0337 |     31.989 |     2.2
   62 |   0.7641 |     23.952 |   1.0288 |     31.551 |     2.2
   63 |   0.7568 |     23.416 |   1.0260 |     31.207 |     2.3
   64 |   0.7440 |     23.050 |   1.0240 |     30.926 |     2.3
   65 |   0.7335 |     22.592 |   1.0192 |     30.801 |     2.3
   66 |   0.7241 |     22.264 |   1.0247 |     30.738 |     2.4
   67 |   0.7101 |     21.958 |   1.0238 |     30.675 |     2.4
   68 |   0.7027 |     21.778 |   1.0096 |     30.300 |     2.4
   69 |   0.6945 |     21.560 |   1.0199 |     30.300 |     2.5
   70 |   0.6829 |     21.014 |   1.0158 |     30.269 |     2.5
   71 |   0.6768 |     21.057 |   1.0218 |     30.113 |     2.5
   72 |   0.6669 |     20.768 |   1.0185 |     30.425 |     2.6
Early stopping

Model: Seq2Seq Multimodal Bi-LSTM
Source index: <Seq2Seq Index with 44 items>
Target index: <Seq2Seq Index with 34 items>
Encoder embedding dimension: 128
Descriptors dimension: 1136
Decoder embedding dimension: 64
Encoder hidden units: 64
Encoder layers: 4
Decoder hidden units: 128
Decoder layers: 4
Dropout: 0.2
Trainable parameters: 1,392,802

Training started
X_train.shape: torch.Size([3052, 702])
Y_train.shape: torch.Size([3052, 7])
X_dev.shape: torch.Size([533, 266])
Y_dev.shape: torch.Size([533, 7])
Epochs: 500
Learning rate: 0.0001
Weight decay: 1e-05
Epoch | Train                 | Development           | Minutes
      | Loss     | Error Rate | Loss     | Error Rate |
---------------------------------------------------------------
    1 |   3.2311 |     83.606 |   2.7214 |     81.332 |     0.0
    2 |   2.4952 |     67.022 |   2.2023 |     58.318 |     0.1
    3 |   2.0991 |     56.307 |   1.9420 |     53.002 |     0.1
    4 |   1.9105 |     53.014 |   1.8016 |     47.749 |     0.1
    5 |   1.7868 |     49.175 |   1.7058 |     47.749 |     0.2
    6 |   1.6954 |     48.826 |   1.6270 |     47.749 |     0.2
    7 |   1.6222 |     48.782 |   1.5676 |     47.780 |     0.3
    8 |   1.5656 |     48.072 |   1.5186 |     45.153 |     0.3
    9 |   1.5236 |     46.232 |   1.4837 |     45.153 |     0.3
   10 |   1.4926 |     46.216 |   1.4598 |     45.153 |     0.4
   11 |   1.4715 |     46.221 |   1.4413 |     45.153 |     0.4
   12 |   1.4558 |     46.216 |   1.4290 |     45.153 |     0.4
   13 |   1.4452 |     46.237 |   1.4185 |     45.153 |     0.5
   14 |   1.4367 |     46.221 |   1.4115 |     45.153 |     0.5
   15 |   1.4292 |     46.243 |   1.4058 |     45.153 |     0.6
   16 |   1.4230 |     46.161 |   1.4015 |     45.153 |     0.6
   17 |   1.4172 |     46.199 |   1.3954 |     45.153 |     0.6
   18 |   1.4126 |     46.210 |   1.3905 |     45.153 |     0.7
   19 |   1.4061 |     46.199 |   1.3852 |     45.153 |     0.7
   20 |   1.4007 |     46.270 |   1.3810 |     45.153 |     0.7
   21 |   1.3954 |     46.199 |   1.3772 |     45.278 |     0.8
   22 |   1.3887 |     46.379 |   1.3745 |     45.372 |     0.8
   23 |   1.3832 |     46.194 |   1.3687 |     45.153 |     0.8
   24 |   1.3775 |     46.188 |   1.3641 |     45.153 |     0.9
   25 |   1.3707 |     46.057 |   1.3614 |     44.903 |     0.9
   26 |   1.3658 |     45.713 |   1.3564 |     44.434 |     1.0
   27 |   1.3604 |     45.735 |   1.3509 |     44.434 |     1.0
   28 |   1.3529 |     45.533 |   1.3487 |     44.090 |     1.0
   29 |   1.3465 |     45.123 |   1.3398 |     44.590 |     1.1
   30 |   1.3367 |     45.063 |   1.3322 |     43.996 |     1.1
   31 |   1.3270 |     44.648 |   1.3234 |     43.715 |     1.1
   32 |   1.3172 |     44.463 |   1.3100 |     43.590 |     1.2
   33 |   1.3032 |     44.075 |   1.2968 |     43.809 |     1.2
   34 |   1.2927 |     43.856 |   1.2874 |     43.590 |     1.2
   35 |   1.2814 |     43.441 |   1.2815 |     43.558 |     1.3
   36 |   1.2698 |     43.278 |   1.2744 |     43.496 |     1.3
   37 |   1.2602 |     42.934 |   1.2696 |     43.590 |     1.4
   38 |   1.2484 |     42.562 |   1.2585 |     43.121 |     1.4
   39 |   1.2409 |     42.475 |   1.2619 |     42.495 |     1.4
   40 |   1.2291 |     41.989 |   1.2459 |     42.183 |     1.5
   41 |   1.2205 |     41.738 |   1.2404 |     42.245 |     1.5
   42 |   1.2115 |     41.295 |   1.2362 |     41.807 |     1.5
   43 |   1.2014 |     41.050 |   1.2300 |     42.089 |     1.6
   44 |   1.1943 |     40.624 |   1.2216 |     41.119 |     1.6
   45 |   1.1847 |     40.367 |   1.2181 |     41.682 |     1.6
   46 |   1.1765 |     40.083 |   1.2119 |     40.994 |     1.7
   47 |   1.1701 |     39.870 |   1.2090 |     41.151 |     1.7
   48 |   1.1592 |     39.422 |   1.2083 |     40.932 |     1.7
   49 |   1.1538 |     39.351 |   1.2029 |     40.994 |     1.8
   50 |   1.1493 |     39.247 |   1.1946 |     40.525 |     1.8
   51 |   1.1376 |     38.811 |   1.1959 |     40.494 |     1.9
   52 |   1.1295 |     38.461 |   1.1917 |     39.869 |     1.9
   53 |   1.1225 |     38.265 |   1.1821 |     39.900 |     1.9
   54 |   1.1145 |     37.773 |   1.1837 |     39.712 |     2.0
   55 |   1.1073 |     37.560 |   1.1828 |     39.556 |     2.0
   56 |   1.0972 |     37.129 |   1.1865 |     40.088 |     2.0
   57 |   1.0919 |     37.205 |   1.1690 |     39.181 |     2.1
   58 |   1.0831 |     36.801 |   1.1706 |     39.087 |     2.1
   59 |   1.0754 |     36.249 |   1.1660 |     38.587 |     2.1
   60 |   1.0709 |     36.124 |   1.1656 |     38.868 |     2.2
   61 |   1.0640 |     36.064 |   1.1656 |     38.180 |     2.2
   62 |   1.0511 |     35.419 |   1.1580 |     38.555 |     2.2
   63 |   1.0493 |     35.529 |   1.1585 |     38.118 |     2.3
   64 |   1.0418 |     35.163 |   1.1538 |     37.961 |     2.3
   65 |   1.0354 |     34.862 |   1.1491 |     37.774 |     2.4
   66 |   1.0260 |     34.704 |   1.1560 |     38.180 |     2.4
   67 |   1.0207 |     34.185 |   1.1487 |     37.711 |     2.4
   68 |   1.0120 |     34.016 |   1.1549 |     37.899 |     2.5
   69 |   1.0084 |     34.010 |   1.1514 |     38.149 |     2.5
   70 |   1.0011 |     33.579 |   1.1462 |     37.398 |     2.5
   71 |   0.9895 |     33.197 |   1.1502 |     37.774 |     2.6
   72 |   0.9884 |     33.208 |   1.1431 |     37.774 |     2.6
   73 |   0.9830 |     33.011 |   1.1388 |     36.804 |     2.6
   74 |   0.9781 |     32.798 |   1.1526 |     37.742 |     2.7
   75 |   0.9656 |     32.438 |   1.1399 |     37.054 |     2.7
   76 |   0.9631 |     32.301 |   1.1379 |     36.648 |     2.8
   77 |   0.9575 |     32.023 |   1.1327 |     36.710 |     2.8
   78 |   0.9496 |     31.351 |   1.1277 |     36.523 |     2.8
   79 |   0.9416 |     31.171 |   1.1292 |     36.679 |     2.9
   80 |   0.9330 |     30.903 |   1.1299 |     36.398 |     2.9
   81 |   0.9301 |     31.023 |   1.1305 |     36.210 |     2.9
   82 |   0.9211 |     30.630 |   1.1292 |     36.398 |     3.0
   83 |   0.9185 |     30.395 |   1.1270 |     35.929 |     3.0
   84 |   0.9110 |     30.068 |   1.1278 |     35.960 |     3.0
   85 |   0.9039 |     30.062 |   1.1276 |     36.492 |     3.1
   86 |   0.8965 |     29.533 |   1.1223 |     35.147 |     3.1
   87 |   0.8902 |     29.287 |   1.1166 |     35.460 |     3.1
   88 |   0.8884 |     29.199 |   1.1256 |     35.679 |     3.2
   89 |   0.8792 |     28.692 |   1.1149 |     35.210 |     3.2
   90 |   0.8728 |     28.358 |   1.1153 |     35.428 |     3.3
   91 |   0.8655 |     28.135 |   1.1232 |     35.116 |     3.3
   92 |   0.8627 |     27.982 |   1.1105 |     34.553 |     3.3
   93 |   0.8521 |     27.567 |   1.1146 |     34.834 |     3.4
   94 |   0.8504 |     27.354 |   1.1092 |     34.647 |     3.4
   95 |   0.8381 |     27.108 |   1.1076 |     34.209 |     3.4
   96 |   0.8346 |     27.086 |   1.1153 |     33.896 |     3.5
   97 |   0.8324 |     27.037 |   1.1084 |     33.959 |     3.5
   98 |   0.8231 |     26.589 |   1.1155 |     34.303 |     3.5
   99 |   0.8158 |     26.201 |   1.1113 |     34.115 |     3.6
Early stopping

Model: Seq2Seq Multimodal Bi-LSTM
Source index: <Seq2Seq Index with 44 items>
Target index: <Seq2Seq Index with 34 items>
Encoder embedding dimension: 64
Descriptors dimension: 1136
Decoder embedding dimension: 128
Encoder hidden units: 32
Encoder layers: 3
Decoder hidden units: 128
Decoder layers: 3
Dropout: 0.1
Trainable parameters: 650,626

Training started
X_train.shape: torch.Size([3052, 702])
Y_train.shape: torch.Size([3052, 7])
X_dev.shape: torch.Size([533, 266])
Y_dev.shape: torch.Size([533, 7])
Epochs: 500
Learning rate: 0.0001
Weight decay: 1e-05
Epoch | Train                 | Development           | Minutes
      | Loss     | Error Rate | Loss     | Error Rate |
---------------------------------------------------------------
    1 |   3.1990 |     82.017 |   2.6303 |     83.177 |     0.0
    2 |   2.3863 |     60.518 |   2.1285 |     58.318 |     0.0
    3 |   2.0460 |     56.624 |   1.9246 |     52.595 |     0.1
    4 |   1.8813 |     50.541 |   1.7904 |     47.749 |     0.1
    5 |   1.7581 |     48.990 |   1.6831 |     47.749 |     0.1
    6 |   1.6603 |     48.815 |   1.5979 |     47.749 |     0.1
    7 |   1.5842 |     47.646 |   1.5360 |     45.153 |     0.1
    8 |   1.5324 |     46.221 |   1.4938 |     45.153 |     0.1
    9 |   1.4944 |     46.216 |   1.4634 |     45.153 |     0.2
   10 |   1.4663 |     46.216 |   1.4385 |     45.153 |     0.2
   11 |   1.4436 |     46.227 |   1.4213 |     45.153 |     0.2
   12 |   1.4220 |     46.227 |   1.3995 |     45.153 |     0.2
   13 |   1.4030 |     46.188 |   1.3821 |     45.153 |     0.2
   14 |   1.3867 |     46.117 |   1.3703 |     45.184 |     0.3
   15 |   1.3734 |     45.822 |   1.3566 |     44.559 |     0.3
   16 |   1.3585 |     45.249 |   1.3425 |     43.684 |     0.3
   17 |   1.3451 |     44.659 |   1.3312 |     43.371 |     0.3
   18 |   1.3356 |     44.424 |   1.3216 |     42.964 |     0.3
   19 |   1.3244 |     43.900 |   1.3155 |     43.590 |     0.4
   20 |   1.3154 |     43.769 |   1.3057 |     42.620 |     0.4
   21 |   1.3069 |     43.425 |   1.3038 |     42.839 |     0.4
   22 |   1.2975 |     43.485 |   1.2919 |     42.495 |     0.4
   23 |   1.2894 |     43.305 |   1.2893 |     42.683 |     0.4
   24 |   1.2813 |     42.994 |   1.2809 |     42.495 |     0.4
   25 |   1.2728 |     42.644 |   1.2764 |     42.464 |     0.5
   26 |   1.2663 |     42.508 |   1.2706 |     41.932 |     0.5
   27 |   1.2595 |     42.256 |   1.2649 |     41.682 |     0.5
   28 |   1.2509 |     41.880 |   1.2630 |     42.214 |     0.5
   29 |   1.2441 |     41.781 |   1.2555 |     41.745 |     0.5
   30 |   1.2364 |     41.394 |   1.2463 |     41.370 |     0.6
   31 |   1.2288 |     40.968 |   1.2428 |     41.745 |     0.6
   32 |   1.2192 |     40.891 |   1.2346 |     41.182 |     0.6
   33 |   1.2068 |     40.220 |   1.2286 |     41.182 |     0.6
   34 |   1.1987 |     39.242 |   1.2298 |     40.494 |     0.6
   35 |   1.1873 |     39.045 |   1.2191 |     40.150 |     0.6
   36 |   1.1771 |     38.832 |   1.2083 |     40.056 |     0.7
   37 |   1.1641 |     38.609 |   1.2000 |     40.306 |     0.7
   38 |   1.1505 |     38.101 |   1.1869 |     39.744 |     0.7
   39 |   1.1403 |     37.833 |   1.1785 |     39.493 |     0.7
   40 |   1.1276 |     37.587 |   1.1745 |     39.368 |     0.7
   41 |   1.1163 |     37.112 |   1.1680 |     38.868 |     0.8
   42 |   1.1038 |     36.512 |   1.1631 |     38.962 |     0.8
   43 |   1.0892 |     36.195 |   1.1546 |     38.180 |     0.8
   44 |   1.0805 |     35.905 |   1.1433 |     37.774 |     0.8
   45 |   1.0706 |     35.703 |   1.1410 |     37.930 |     0.8
   46 |   1.0603 |     35.463 |   1.1315 |     37.649 |     0.9
   47 |   1.0480 |     34.928 |   1.1257 |     37.617 |     0.9
   48 |   1.0363 |     34.376 |   1.1254 |     37.367 |     0.9
   49 |   1.0240 |     34.223 |   1.1198 |     36.836 |     0.9
   50 |   1.0162 |     33.781 |   1.1086 |     36.366 |     0.9
   51 |   1.0056 |     33.071 |   1.1080 |     36.179 |     0.9
   52 |   0.9931 |     33.148 |   1.0967 |     36.366 |     1.0
   53 |   0.9842 |     32.738 |   1.0868 |     35.679 |     1.0
   54 |   0.9721 |     32.077 |   1.0817 |     35.178 |     1.0
   55 |   0.9597 |     31.591 |   1.0807 |     35.491 |     1.0
   56 |   0.9548 |     31.482 |   1.0751 |     35.335 |     1.0
   57 |   0.9421 |     31.204 |   1.0701 |     34.709 |     1.1
   58 |   0.9285 |     30.860 |   1.0617 |     34.647 |     1.1
   59 |   0.9215 |     30.423 |   1.0602 |     34.396 |     1.1
   60 |   0.9135 |     30.122 |   1.0549 |     34.178 |     1.1
   61 |   0.9022 |     29.871 |   1.0609 |     34.334 |     1.1
   62 |   0.8897 |     29.156 |   1.0488 |     34.084 |     1.1
   63 |   0.8873 |     28.997 |   1.0357 |     32.896 |     1.2
   64 |   0.8728 |     28.653 |   1.0392 |     33.333 |     1.2
   65 |   0.8645 |     28.184 |   1.0339 |     33.177 |     1.2
   66 |   0.8571 |     28.135 |   1.0317 |     33.365 |     1.2
   67 |   0.8488 |     27.703 |   1.0227 |     32.270 |     1.2
   68 |   0.8362 |     27.468 |   1.0192 |     32.364 |     1.3
   69 |   0.8321 |     27.375 |   1.0163 |     32.051 |     1.3
   70 |   0.8233 |     26.851 |   1.0209 |     32.364 |     1.3
   71 |   0.8148 |     26.687 |   1.0090 |     31.801 |     1.3
   72 |   0.8107 |     26.283 |   1.0133 |     31.989 |     1.3
   73 |   0.7939 |     25.754 |   1.0089 |     31.645 |     1.3
   74 |   0.7918 |     25.672 |   1.0049 |     30.832 |     1.4
   75 |   0.7816 |     25.420 |   0.9999 |     31.395 |     1.4
   76 |   0.7802 |     25.355 |   0.9924 |     30.769 |     1.4
   77 |   0.7677 |     24.765 |   0.9999 |     30.801 |     1.4
   78 |   0.7613 |     24.683 |   0.9992 |     30.550 |     1.4
   79 |   0.7539 |     24.530 |   0.9987 |     30.644 |     1.5
   80 |   0.7438 |     23.897 |   0.9925 |     30.081 |     1.5
Early stopping

Model: Seq2Seq Multimodal Bi-LSTM
Source index: <Seq2Seq Index with 44 items>
Target index: <Seq2Seq Index with 34 items>
Encoder embedding dimension: 64
Descriptors dimension: 1136
Decoder embedding dimension: 128
Encoder hidden units: 32
Encoder layers: 3
Decoder hidden units: 128
Decoder layers: 4
Dropout: 0.1
Trainable parameters: 782,722

Training started
X_train.shape: torch.Size([3052, 702])
Y_train.shape: torch.Size([3052, 7])
X_dev.shape: torch.Size([533, 266])
Y_dev.shape: torch.Size([533, 7])
Epochs: 500
Learning rate: 0.0001
Weight decay: 1e-05
Epoch | Train                 | Development           | Minutes
      | Loss     | Error Rate | Loss     | Error Rate |
---------------------------------------------------------------
    1 |   3.2920 |     85.469 |   2.7427 |     83.333 |     0.0
    2 |   2.4834 |     65.973 |   2.1861 |     58.318 |     0.0
    3 |   2.0777 |     57.050 |   1.9335 |     50.876 |     0.1
    4 |   1.8863 |     50.502 |   1.7921 |     47.811 |     0.1
    5 |   1.7653 |     48.952 |   1.6933 |     47.749 |     0.1
    6 |   1.6732 |     48.810 |   1.6124 |     47.749 |     0.1
    7 |   1.6010 |     48.771 |   1.5495 |     47.749 |     0.1
    8 |   1.5440 |     46.680 |   1.5011 |     45.153 |     0.1
    9 |   1.5033 |     46.210 |   1.4678 |     45.153 |     0.2
   10 |   1.4724 |     46.210 |   1.4438 |     45.153 |     0.2
   11 |   1.4503 |     46.216 |   1.4215 |     45.153 |     0.2
   12 |   1.4306 |     46.210 |   1.4046 |     45.153 |     0.2
   13 |   1.4137 |     46.221 |   1.3910 |     45.153 |     0.2
   14 |   1.3988 |     46.199 |   1.3786 |     45.184 |     0.3
   15 |   1.3870 |     45.932 |   1.3661 |     44.934 |     0.3
   16 |   1.3757 |     45.637 |   1.3586 |     44.059 |     0.3
   17 |   1.3658 |     45.249 |   1.3513 |     44.121 |     0.3
   18 |   1.3596 |     45.091 |   1.3457 |     44.059 |     0.3
   19 |   1.3508 |     44.921 |   1.3398 |     44.184 |     0.4
   20 |   1.3441 |     44.856 |   1.3408 |     44.215 |     0.4
   21 |   1.3395 |     44.867 |   1.3327 |     44.121 |     0.4
   22 |   1.3327 |     44.829 |   1.3278 |     44.028 |     0.4
   23 |   1.3270 |     44.839 |   1.3242 |     43.934 |     0.4
   24 |   1.3231 |     44.878 |   1.3191 |     44.215 |     0.4
   25 |   1.3174 |     44.654 |   1.3151 |     44.028 |     0.5
   26 |   1.3131 |     44.665 |   1.3109 |     44.028 |     0.5
   27 |   1.3086 |     44.637 |   1.3104 |     44.153 |     0.5
   28 |   1.3052 |     44.637 |   1.3072 |     44.090 |     0.5
   29 |   1.2998 |     44.528 |   1.3074 |     44.090 |     0.5
   30 |   1.2953 |     44.359 |   1.3009 |     44.028 |     0.6
   31 |   1.2927 |     44.381 |   1.2998 |     44.059 |     0.6
   32 |   1.2893 |     44.222 |   1.2963 |     43.621 |     0.6
   33 |   1.2851 |     43.960 |   1.2949 |     43.527 |     0.6
   34 |   1.2788 |     43.824 |   1.2982 |     43.652 |     0.6
   35 |   1.2756 |     43.600 |   1.2908 |     43.402 |     0.7
   36 |   1.2694 |     43.305 |   1.2899 |     43.246 |     0.7
   37 |   1.2669 |     43.119 |   1.2844 |     43.277 |     0.7
   38 |   1.2619 |     42.906 |   1.2847 |     43.152 |     0.7
   39 |   1.2592 |     42.994 |   1.2790 |     42.370 |     0.7
   40 |   1.2526 |     42.600 |   1.2762 |     42.495 |     0.8
   41 |   1.2485 |     42.409 |   1.2775 |     42.589 |     0.8
   42 |   1.2424 |     42.185 |   1.2698 |     42.620 |     0.8
   43 |   1.2382 |     41.869 |   1.2632 |     42.433 |     0.8
   44 |   1.2287 |     41.514 |   1.2588 |     42.058 |     0.8
   45 |   1.2240 |     41.503 |   1.2573 |     41.745 |     0.8
   46 |   1.2164 |     41.000 |   1.2487 |     42.026 |     0.9
   47 |   1.2097 |     40.990 |   1.2456 |     41.714 |     0.9
   48 |   1.2029 |     40.842 |   1.2387 |     41.245 |     0.9
   49 |   1.1947 |     40.542 |   1.2391 |     41.370 |     0.9
   50 |   1.1864 |     40.329 |   1.2335 |     41.245 |     0.9
   51 |   1.1785 |     40.263 |   1.2299 |     41.276 |     1.0
   52 |   1.1727 |     40.067 |   1.2215 |     40.838 |     1.0
   53 |   1.1632 |     39.799 |   1.2181 |     40.807 |     1.0
   54 |   1.1590 |     39.531 |   1.2297 |     41.119 |     1.0
   55 |   1.1531 |     39.652 |   1.2103 |     40.932 |     1.0
   56 |   1.1449 |     39.411 |   1.2071 |     40.713 |     1.1
   57 |   1.1394 |     39.308 |   1.2051 |     40.400 |     1.1
   58 |   1.1311 |     39.144 |   1.2032 |     40.557 |     1.1
   59 |   1.1249 |     38.680 |   1.1977 |     40.369 |     1.1
   60 |   1.1174 |     38.690 |   1.1945 |     39.900 |     1.1
   61 |   1.1133 |     38.319 |   1.2010 |     40.682 |     1.1
   62 |   1.1062 |     38.368 |   1.1908 |     40.025 |     1.2
   63 |   1.0982 |     38.101 |   1.1825 |     39.681 |     1.2
   64 |   1.0907 |     37.931 |   1.1899 |     40.025 |     1.2
   65 |   1.0868 |     37.855 |   1.1811 |     39.806 |     1.2
   66 |   1.0791 |     37.800 |   1.1744 |     39.525 |     1.2
   67 |   1.0731 |     37.440 |   1.1692 |     39.525 |     1.3
   68 |   1.0653 |     37.151 |   1.1741 |     39.243 |     1.3
   69 |   1.0616 |     37.063 |   1.1668 |     39.587 |     1.3
   70 |   1.0531 |     37.112 |   1.1670 |     39.337 |     1.3
   71 |   1.0432 |     36.473 |   1.1575 |     38.680 |     1.3
   72 |   1.0369 |     36.315 |   1.1586 |     38.524 |     1.3
   73 |   1.0313 |     35.824 |   1.1545 |     37.930 |     1.4
   74 |   1.0232 |     35.845 |   1.1502 |     37.805 |     1.4
   75 |   1.0173 |     35.392 |   1.1516 |     37.992 |     1.4
   76 |   1.0153 |     35.348 |   1.1517 |     38.211 |     1.4
   77 |   1.0031 |     34.704 |   1.1405 |     37.774 |     1.4
   78 |   0.9981 |     34.884 |   1.1482 |     38.274 |     1.5
   79 |   0.9939 |     34.655 |   1.1510 |     38.055 |     1.5
   80 |   0.9875 |     34.316 |   1.1399 |     37.742 |     1.5
   81 |   0.9797 |     34.158 |   1.1472 |     37.680 |     1.5
   82 |   0.9761 |     34.152 |   1.1415 |     37.774 |     1.5
   83 |   0.9645 |     33.595 |   1.1433 |     37.992 |     1.6
   84 |   0.9625 |     33.770 |   1.1494 |     37.992 |     1.6
   85 |   0.9590 |     33.426 |   1.1290 |     37.148 |     1.6
   86 |   0.9483 |     33.126 |   1.1331 |     37.617 |     1.6
   87 |   0.9428 |     33.006 |   1.1297 |     37.211 |     1.6
   88 |   0.9362 |     32.645 |   1.1320 |     37.367 |     1.6
   89 |   0.9327 |     32.219 |   1.1297 |     37.086 |     1.7
   90 |   0.9215 |     31.673 |   1.1243 |     36.867 |     1.7
   91 |   0.9153 |     31.193 |   1.1279 |     36.679 |     1.7
   92 |   0.9078 |     30.652 |   1.1251 |     36.210 |     1.7
   93 |   0.9021 |     30.455 |   1.1217 |     36.398 |     1.7
   94 |   0.8976 |     30.226 |   1.1228 |     35.897 |     1.8
   95 |   0.8882 |     29.707 |   1.1160 |     35.772 |     1.8
   96 |   0.8880 |     29.997 |   1.1181 |     35.804 |     1.8
   97 |   0.8729 |     29.178 |   1.1242 |     35.835 |     1.8
   98 |   0.8687 |     29.008 |   1.1163 |     35.428 |     1.8
   99 |   0.8632 |     28.801 |   1.1119 |     35.897 |     1.8
  100 |   0.8542 |     28.702 |   1.1103 |     35.303 |     1.9
  101 |   0.8494 |     28.287 |   1.1119 |     35.679 |     1.9
  102 |   0.8383 |     27.845 |   1.1040 |     34.959 |     1.9
  103 |   0.8361 |     28.058 |   1.1080 |     35.022 |     1.9
  104 |   0.8278 |     27.807 |   1.1119 |     35.366 |     1.9
  105 |   0.8225 |     27.332 |   1.1166 |     34.647 |     2.0
  106 |   0.8182 |     27.081 |   1.1138 |     34.897 |     2.0
Early stopping

Model: Seq2Seq Multimodal Bi-LSTM
Source index: <Seq2Seq Index with 44 items>
Target index: <Seq2Seq Index with 34 items>
Encoder embedding dimension: 128
Descriptors dimension: 1136
Decoder embedding dimension: 64
Encoder hidden units: 128
Encoder layers: 2
Decoder hidden units: 128
Decoder layers: 2
Dropout: 0.0
Trainable parameters: 1,390,754

Training started
X_train.shape: torch.Size([3052, 702])
Y_train.shape: torch.Size([3052, 7])
X_dev.shape: torch.Size([533, 266])
Y_dev.shape: torch.Size([533, 7])
Epochs: 500
Learning rate: 0.0001
Weight decay: 0.0001
Epoch | Train                 | Development           | Minutes
      | Loss     | Error Rate | Loss     | Error Rate |
---------------------------------------------------------------
    1 |   3.0633 |     78.167 |   2.5276 |     60.381 |     0.0
    2 |   2.2955 |     58.399 |   2.0835 |     55.972 |     0.1
    3 |   1.9894 |     53.293 |   1.8774 |     48.249 |     0.1
    4 |   1.8105 |     48.542 |   1.7234 |     47.655 |     0.2
    5 |   1.6787 |     48.564 |   1.6168 |     47.780 |     0.2
    6 |   1.5830 |     46.734 |   1.5362 |     45.091 |     0.2
    7 |   1.5155 |     46.145 |   1.4762 |     45.153 |     0.3
    8 |   1.4635 |     46.019 |   1.4374 |     44.997 |     0.3
    9 |   1.4240 |     45.730 |   1.4051 |     44.559 |     0.4
   10 |   1.3920 |     45.058 |   1.3764 |     44.028 |     0.4
   11 |   1.3626 |     43.988 |   1.3536 |     43.590 |     0.4
   12 |   1.3382 |     43.381 |   1.3342 |     42.964 |     0.5
   13 |   1.3143 |     42.246 |   1.3199 |     42.495 |     0.5
   14 |   1.2929 |     41.066 |   1.3007 |     41.526 |     0.6
   15 |   1.2715 |     40.165 |   1.2802 |     40.400 |     0.6
   16 |   1.2520 |     39.264 |   1.2642 |     39.869 |     0.6
   17 |   1.2307 |     38.598 |   1.2547 |     39.462 |     0.7
   18 |   1.2112 |     37.975 |   1.2362 |     39.400 |     0.7
   19 |   1.1896 |     37.200 |   1.2218 |     38.931 |     0.8
   20 |   1.1702 |     36.692 |   1.2132 |     38.430 |     0.8
   21 |   1.1517 |     36.255 |   1.1985 |     38.118 |     0.8
   22 |   1.1342 |     35.638 |   1.1860 |     37.523 |     0.9
   23 |   1.1148 |     35.261 |   1.1816 |     37.430 |     0.9
   24 |   1.0945 |     34.349 |   1.1635 |     37.211 |     1.0
   25 |   1.0772 |     33.754 |   1.1493 |     36.523 |     1.0
   26 |   1.0616 |     33.355 |   1.1380 |     36.710 |     1.0
   27 |   1.0422 |     32.602 |   1.1354 |     36.116 |     1.1
   28 |   1.0251 |     31.952 |   1.1277 |     35.772 |     1.1
   29 |   1.0077 |     31.438 |   1.1133 |     35.178 |     1.1
   30 |   0.9913 |     30.821 |   1.1039 |     35.647 |     1.2
   31 |   0.9750 |     30.226 |   1.0992 |     35.303 |     1.2
   32 |   0.9602 |     29.937 |   1.0994 |     35.460 |     1.3
   33 |   0.9428 |     29.199 |   1.0805 |     33.771 |     1.3
   34 |   0.9266 |     28.763 |   1.0700 |     33.834 |     1.3
   35 |   0.9120 |     28.173 |   1.0644 |     33.865 |     1.4
   36 |   0.8960 |     27.774 |   1.0577 |     33.333 |     1.4
   37 |   0.8794 |     27.217 |   1.0513 |     33.271 |     1.5
   38 |   0.8688 |     26.862 |   1.0398 |     32.552 |     1.5
   39 |   0.8499 |     26.207 |   1.0399 |     32.770 |     1.5
   40 |   0.8365 |     25.961 |   1.0349 |     32.614 |     1.6
   41 |   0.8207 |     25.175 |   1.0214 |     32.208 |     1.6
   42 |   0.8060 |     24.705 |   1.0233 |     32.645 |     1.7
   43 |   0.7936 |     24.519 |   1.0095 |     31.582 |     1.7
   44 |   0.7809 |     23.968 |   1.0142 |     32.114 |     1.7
   45 |   0.7672 |     23.504 |   1.0052 |     31.270 |     1.8
   46 |   0.7544 |     22.870 |   0.9963 |     31.676 |     1.8
   47 |   0.7389 |     22.466 |   1.0034 |     31.676 |     1.9
   48 |   0.7277 |     21.997 |   0.9970 |     30.894 |     1.9
   49 |   0.7154 |     21.401 |   0.9945 |     30.957 |     1.9
   50 |   0.7031 |     21.232 |   0.9931 |     30.707 |     2.0
   51 |   0.6924 |     20.773 |   0.9832 |     30.613 |     2.0
   52 |   0.6794 |     20.478 |   0.9812 |     30.269 |     2.1
   53 |   0.6686 |     20.003 |   0.9768 |     29.956 |     2.1
   54 |   0.6568 |     19.517 |   0.9734 |     29.800 |     2.1
   55 |   0.6452 |     19.075 |   0.9775 |     30.331 |     2.2
   56 |   0.6335 |     18.512 |   0.9631 |     29.612 |     2.2
   57 |   0.6278 |     18.578 |   0.9696 |     29.862 |     2.3
   58 |   0.6133 |     17.906 |   0.9723 |     29.550 |     2.3
   59 |   0.6035 |     17.633 |   0.9734 |     29.737 |     2.3
   60 |   0.5938 |     17.278 |   0.9604 |     29.049 |     2.4
   61 |   0.5834 |     16.885 |   0.9706 |     28.643 |     2.4
   62 |   0.5754 |     17.005 |   0.9638 |     28.705 |     2.5
   63 |   0.5651 |     16.481 |   0.9701 |     28.768 |     2.5
   64 |   0.5564 |     16.164 |   0.9676 |     28.737 |     2.5
Early stopping

Model: Seq2Seq Multimodal Bi-LSTM
Source index: <Seq2Seq Index with 44 items>
Target index: <Seq2Seq Index with 34 items>
Encoder embedding dimension: 64
Descriptors dimension: 1136
Decoder embedding dimension: 128
Encoder hidden units: 64
Encoder layers: 2
Decoder hidden units: 128
Decoder layers: 2
Dropout: 0.2
Trainable parameters: 669,090

Training started
X_train.shape: torch.Size([3052, 702])
Y_train.shape: torch.Size([3052, 7])
X_dev.shape: torch.Size([533, 266])
Y_dev.shape: torch.Size([533, 7])
Epochs: 500
Learning rate: 0.0001
Weight decay: 1e-05
Epoch | Train                 | Development           | Minutes
      | Loss     | Error Rate | Loss     | Error Rate |
---------------------------------------------------------------
    1 |   3.1977 |     82.700 |   2.5956 |     68.168 |     0.0
    2 |   2.3046 |     58.858 |   2.0498 |     56.254 |     0.0
    3 |   1.9609 |     51.562 |   1.8283 |     48.280 |     0.1
    4 |   1.7786 |     48.777 |   1.6824 |     47.655 |     0.1
    5 |   1.6471 |     48.444 |   1.5727 |     47.655 |     0.1
    6 |   1.5544 |     46.276 |   1.4994 |     45.028 |     0.1
    7 |   1.4891 |     45.833 |   1.4458 |     45.028 |     0.1
    8 |   1.4421 |     45.719 |   1.4090 |     44.966 |     0.1
    9 |   1.4049 |     45.386 |   1.3774 |     44.121 |     0.2
   10 |   1.3738 |     44.883 |   1.3537 |     43.433 |     0.2
   11 |   1.3478 |     44.217 |   1.3338 |     43.402 |     0.2
   12 |   1.3248 |     43.316 |   1.3146 |     42.902 |     0.2
   13 |   1.3020 |     43.016 |   1.2925 |     41.839 |     0.2
   14 |   1.2837 |     42.388 |   1.2791 |     41.432 |     0.3
   15 |   1.2633 |     41.093 |   1.2626 |     41.276 |     0.3
   16 |   1.2459 |     40.241 |   1.2491 |     39.525 |     0.3
   17 |   1.2286 |     39.318 |   1.2413 |     40.088 |     0.3
   18 |   1.2112 |     38.751 |   1.2177 |     38.680 |     0.3
   19 |   1.1922 |     38.281 |   1.2020 |     38.336 |     0.3
   20 |   1.1749 |     37.418 |   1.1962 |     38.962 |     0.4
   21 |   1.1562 |     36.796 |   1.1787 |     37.461 |     0.4
   22 |   1.1415 |     36.020 |   1.1743 |     37.899 |     0.4
   23 |   1.1265 |     35.725 |   1.1615 |     36.836 |     0.4
   24 |   1.1092 |     35.201 |   1.1475 |     36.585 |     0.4
   25 |   1.0922 |     34.693 |   1.1343 |     36.836 |     0.5
   26 |   1.0787 |     34.344 |   1.1230 |     36.179 |     0.5
   27 |   1.0660 |     33.792 |   1.1134 |     36.241 |     0.5
   28 |   1.0477 |     33.170 |   1.1033 |     35.616 |     0.5
   29 |   1.0383 |     32.995 |   1.0983 |     35.553 |     0.5
   30 |   1.0254 |     32.667 |   1.0889 |     35.178 |     0.5
   31 |   1.0076 |     32.350 |   1.0836 |     35.553 |     0.6
   32 |   0.9995 |     32.083 |   1.0770 |     35.116 |     0.6
   33 |   0.9855 |     31.673 |   1.0623 |     34.396 |     0.6
   34 |   0.9690 |     31.105 |   1.0537 |     33.802 |     0.6
   35 |   0.9589 |     30.679 |   1.0469 |     33.490 |     0.6
   36 |   0.9477 |     30.237 |   1.0396 |     33.802 |     0.6
   37 |   0.9344 |     29.969 |   1.0346 |     33.615 |     0.7
   38 |   0.9234 |     29.653 |   1.0297 |     33.271 |     0.7
   39 |   0.9106 |     29.030 |   1.0237 |     32.927 |     0.7
   40 |   0.8984 |     28.817 |   1.0214 |     33.396 |     0.7
   41 |   0.8906 |     28.440 |   1.0109 |     33.052 |     0.7
   42 |   0.8800 |     27.911 |   1.0109 |     32.333 |     0.7
   43 |   0.8704 |     28.069 |   0.9960 |     31.801 |     0.8
   44 |   0.8586 |     27.490 |   0.9860 |     31.457 |     0.8
   45 |   0.8453 |     27.042 |   0.9894 |     31.582 |     0.8
   46 |   0.8380 |     26.578 |   0.9899 |     31.895 |     0.8
   47 |   0.8259 |     26.256 |   0.9823 |     31.019 |     0.8
   48 |   0.8168 |     25.759 |   0.9705 |     30.801 |     0.9
   49 |   0.8099 |     25.819 |   0.9686 |     30.988 |     0.9
   50 |   0.7947 |     25.158 |   0.9612 |     30.113 |     0.9
   51 |   0.7846 |     25.022 |   0.9608 |     30.300 |     0.9
   52 |   0.7790 |     24.481 |   0.9539 |     30.113 |     0.9
   53 |   0.7689 |     24.154 |   0.9487 |     29.393 |     0.9
   54 |   0.7595 |     23.684 |   0.9487 |     29.831 |     1.0
   55 |   0.7530 |     23.274 |   0.9471 |     29.925 |     1.0
   56 |   0.7407 |     23.078 |   0.9392 |     28.924 |     1.0
   57 |   0.7316 |     22.952 |   0.9413 |     29.268 |     1.0
   58 |   0.7242 |     22.646 |   0.9304 |     28.705 |     1.0
   59 |   0.7129 |     22.291 |   0.9321 |     28.643 |     1.0
   60 |   0.7089 |     22.133 |   0.9299 |     28.643 |     1.1
   61 |   0.7006 |     21.931 |   0.9229 |     28.455 |     1.1
   62 |   0.6920 |     21.352 |   0.9268 |     28.580 |     1.1
   63 |   0.6847 |     21.150 |   0.9223 |     28.205 |     1.1
   64 |   0.6755 |     21.369 |   0.9148 |     28.080 |     1.1
   65 |   0.6662 |     20.424 |   0.9099 |     27.861 |     1.1
   66 |   0.6610 |     20.882 |   0.9176 |     28.268 |     1.2
   67 |   0.6526 |     20.282 |   0.9065 |     27.236 |     1.2
   68 |   0.6471 |     20.063 |   0.9128 |     27.455 |     1.2
   69 |   0.6404 |     19.736 |   0.9051 |     26.767 |     1.2
   70 |   0.6310 |     19.484 |   0.9008 |     27.267 |     1.2
   71 |   0.6206 |     19.086 |   0.9004 |     27.111 |     1.3
   72 |   0.6182 |     19.173 |   0.8994 |     26.673 |     1.3
   73 |   0.6114 |     19.097 |   0.9046 |     26.829 |     1.3
   74 |   0.6033 |     18.654 |   0.8984 |     26.735 |     1.3
   75 |   0.5969 |     18.398 |   0.8969 |     26.673 |     1.3
   76 |   0.5938 |     18.163 |   0.9027 |     26.704 |     1.3
   77 |   0.5843 |     17.852 |   0.8977 |     26.485 |     1.4
   78 |   0.5790 |     17.846 |   0.8941 |     26.454 |     1.4
   79 |   0.5767 |     17.803 |   0.8950 |     26.642 |     1.4
   80 |   0.5661 |     17.377 |   0.8890 |     26.079 |     1.4
   81 |   0.5649 |     17.349 |   0.8928 |     26.235 |     1.4
   82 |   0.5563 |     17.038 |   0.8906 |     26.704 |     1.4
   83 |   0.5484 |     16.781 |   0.8928 |     26.485 |     1.5
   84 |   0.5472 |     16.880 |   0.8788 |     25.547 |     1.5
   85 |   0.5415 |     16.639 |   0.8877 |     26.391 |     1.5
   86 |   0.5341 |     16.366 |   0.8868 |     26.298 |     1.5
   87 |   0.5300 |     16.355 |   0.8897 |     25.922 |     1.5
   88 |   0.5226 |     16.224 |   0.8798 |     25.360 |     1.5
Early stopping

Model: Seq2Seq Multimodal Bi-LSTM
Source index: <Seq2Seq Index with 44 items>
Target index: <Seq2Seq Index with 34 items>
Encoder embedding dimension: 128
Descriptors dimension: 1136
Decoder embedding dimension: 64
Encoder hidden units: 64
Encoder layers: 2
Decoder hidden units: 128
Decoder layers: 2
Dropout: 0.2
Trainable parameters: 669,730

Training started
X_train.shape: torch.Size([3052, 702])
Y_train.shape: torch.Size([3052, 7])
X_dev.shape: torch.Size([533, 266])
Y_dev.shape: torch.Size([533, 7])
Epochs: 500
Learning rate: 0.001
Weight decay: 0.0001
Epoch | Train                 | Development           | Minutes
      | Loss     | Error Rate | Loss     | Error Rate |
---------------------------------------------------------------
    1 |   2.1500 |     58.694 |   1.5327 |     44.715 |     0.0
    2 |   1.4315 |     44.960 |   1.3473 |     43.840 |     0.0
    3 |   1.3168 |     43.026 |   1.2718 |     40.775 |     0.1
    4 |   1.2462 |     40.804 |   1.2269 |     39.806 |     0.1
    5 |   1.1885 |     39.302 |   1.1822 |     38.587 |     0.1
    6 |   1.1260 |     37.309 |   1.1406 |     37.680 |     0.1
    7 |   1.0730 |     35.157 |   1.0929 |     35.553 |     0.1
    8 |   1.0133 |     33.044 |   1.0743 |     35.366 |     0.2
    9 |   0.9649 |     31.422 |   1.0418 |     33.583 |     0.2
   10 |   0.9138 |     29.751 |   1.0117 |     32.677 |     0.2
   11 |   0.8691 |     28.528 |   0.9704 |     31.238 |     0.2
   12 |   0.8201 |     26.808 |   0.9439 |     30.519 |     0.2
   13 |   0.7859 |     25.792 |   0.9825 |     30.519 |     0.2
   14 |   0.7506 |     24.590 |   0.9354 |     29.769 |     0.3
   15 |   0.7065 |     23.171 |   0.9212 |     29.049 |     0.3
   16 |   0.6769 |     21.997 |   0.9037 |     28.111 |     0.3
   17 |   0.6421 |     21.003 |   0.8925 |     28.299 |     0.3
   18 |   0.6087 |     19.894 |   0.8820 |     26.829 |     0.3
   19 |   0.5862 |     19.310 |   0.8929 |     27.611 |     0.4
   20 |   0.5617 |     18.354 |   0.8638 |     26.298 |     0.4
   21 |   0.5358 |     17.655 |   0.8859 |     26.673 |     0.4
   22 |   0.5134 |     17.114 |   0.8807 |     26.517 |     0.4
   23 |   0.4975 |     16.284 |   0.8746 |     25.797 |     0.4
   24 |   0.4768 |     15.678 |   0.8813 |     25.610 |     0.5
Early stopping

Model: Seq2Seq Multimodal Bi-LSTM
Source index: <Seq2Seq Index with 44 items>
Target index: <Seq2Seq Index with 34 items>
Encoder embedding dimension: 128
Descriptors dimension: 1136
Decoder embedding dimension: 64
Encoder hidden units: 64
Encoder layers: 2
Decoder hidden units: 64
Decoder layers: 2
Dropout: 0.2
Trainable parameters: 469,922

Training started
X_train.shape: torch.Size([3052, 702])
Y_train.shape: torch.Size([3052, 7])
X_dev.shape: torch.Size([533, 266])
Y_dev.shape: torch.Size([533, 7])
Epochs: 500
Learning rate: 0.0001
Weight decay: 0.0001
Epoch | Train                 | Development           | Minutes
      | Loss     | Error Rate | Loss     | Error Rate |
---------------------------------------------------------------
    1 |   3.3474 |     83.683 |   3.0219 |     83.333 |     0.0
    2 |   2.7435 |     74.093 |   2.5196 |     67.261 |     0.0
    3 |   2.4279 |     63.336 |   2.2898 |     58.474 |     0.1
    4 |   2.2468 |     58.464 |   2.1416 |     58.193 |     0.1
    5 |   2.1211 |     57.323 |   2.0377 |     57.129 |     0.1
    6 |   2.0245 |     55.062 |   1.9482 |     51.532 |     0.1
    7 |   1.9402 |     51.513 |   1.8684 |     48.843 |     0.1
    8 |   1.8641 |     49.492 |   1.7974 |     47.811 |     0.2
    9 |   1.7961 |     49.066 |   1.7345 |     47.874 |     0.2
   10 |   1.7340 |     48.820 |   1.6810 |     47.811 |     0.2
   11 |   1.6801 |     48.580 |   1.6311 |     47.655 |     0.2
   12 |   1.6311 |     47.390 |   1.5878 |     44.966 |     0.2
   13 |   1.5883 |     46.128 |   1.5503 |     44.934 |     0.2
   14 |   1.5523 |     45.948 |   1.5200 |     45.059 |     0.3
   15 |   1.5214 |     45.981 |   1.4927 |     44.903 |     0.3
   16 |   1.4967 |     45.953 |   1.4691 |     45.028 |     0.3
   17 |   1.4737 |     45.970 |   1.4516 |     45.028 |     0.3
   18 |   1.4547 |     45.872 |   1.4320 |     44.934 |     0.3
   19 |   1.4371 |     45.768 |   1.4183 |     45.028 |     0.4
   20 |   1.4221 |     45.702 |   1.4031 |     44.684 |     0.4
   21 |   1.4056 |     45.517 |   1.3916 |     44.622 |     0.4
   22 |   1.3941 |     45.424 |   1.3805 |     44.528 |     0.4
   23 |   1.3809 |     45.222 |   1.3697 |     44.184 |     0.4
   24 |   1.3717 |     44.861 |   1.3638 |     43.902 |     0.5
   25 |   1.3605 |     44.774 |   1.3553 |     43.871 |     0.5
   26 |   1.3515 |     44.561 |   1.3438 |     43.715 |     0.5
   27 |   1.3408 |     44.228 |   1.3358 |     43.496 |     0.5
   28 |   1.3331 |     44.162 |   1.3298 |     43.402 |     0.5
   29 |   1.3233 |     43.851 |   1.3173 |     43.371 |     0.6
   30 |   1.3137 |     43.693 |   1.3131 |     43.215 |     0.6
   31 |   1.3039 |     43.447 |   1.3050 |     43.277 |     0.6
   32 |   1.2937 |     43.272 |   1.2949 |     42.495 |     0.6
   33 |   1.2848 |     42.682 |   1.2847 |     42.089 |     0.6
   34 |   1.2745 |     42.327 |   1.2784 |     42.058 |     0.6
   35 |   1.2658 |     41.869 |   1.2694 |     41.995 |     0.7
   36 |   1.2572 |     41.770 |   1.2673 |     41.151 |     0.7
   37 |   1.2500 |     41.252 |   1.2576 |     41.557 |     0.7
   38 |   1.2384 |     40.815 |   1.2499 |     40.901 |     0.7
   39 |   1.2321 |     40.553 |   1.2428 |     40.244 |     0.7
   40 |   1.2219 |     40.061 |   1.2368 |     39.962 |     0.8
   41 |   1.2161 |     39.739 |   1.2319 |     39.837 |     0.8
   42 |   1.2036 |     39.297 |   1.2219 |     39.712 |     0.8
   43 |   1.1933 |     38.876 |   1.2180 |     39.024 |     0.8
   44 |   1.1897 |     38.707 |   1.2089 |     38.993 |     0.8
   45 |   1.1814 |     38.259 |   1.2050 |     38.899 |     0.9
   46 |   1.1715 |     37.691 |   1.1967 |     38.868 |     0.9
   47 |   1.1654 |     37.489 |   1.1928 |     38.430 |     0.9
   48 |   1.1550 |     37.074 |   1.1882 |     38.180 |     0.9
   49 |   1.1472 |     36.856 |   1.1823 |     38.086 |     0.9
   50 |   1.1358 |     36.299 |   1.1729 |     37.774 |     0.9
   51 |   1.1305 |     36.102 |   1.1688 |     37.617 |     1.0
   52 |   1.1199 |     36.020 |   1.1626 |     37.148 |     1.0
   53 |   1.1148 |     35.638 |   1.1599 |     36.992 |     1.0
   54 |   1.1028 |     35.125 |   1.1539 |     37.054 |     1.0
   55 |   1.0964 |     35.119 |   1.1506 |     36.836 |     1.0
   56 |   1.0883 |     34.431 |   1.1384 |     36.648 |     1.1
   57 |   1.0787 |     34.387 |   1.1367 |     36.241 |     1.1
   58 |   1.0683 |     33.972 |   1.1307 |     36.398 |     1.1
   59 |   1.0609 |     33.628 |   1.1259 |     36.054 |     1.1
   60 |   1.0553 |     33.710 |   1.1210 |     35.929 |     1.1
   61 |   1.0452 |     33.453 |   1.1156 |     35.804 |     1.2
   62 |   1.0371 |     33.137 |   1.1066 |     35.522 |     1.2
   63 |   1.0290 |     32.438 |   1.1056 |     35.772 |     1.2
   64 |   1.0211 |     32.563 |   1.0986 |     35.210 |     1.2
   65 |   1.0135 |     32.334 |   1.0925 |     35.241 |     1.2
   66 |   1.0074 |     32.083 |   1.0927 |     34.897 |     1.2
   67 |   0.9961 |     31.619 |   1.0869 |     34.959 |     1.3
   68 |   0.9894 |     31.602 |   1.0848 |     34.772 |     1.3
   69 |   0.9819 |     31.346 |   1.0851 |     34.834 |     1.3
   70 |   0.9751 |     31.187 |   1.0759 |     35.303 |     1.3
   71 |   0.9695 |     30.925 |   1.0750 |     34.584 |     1.3
   72 |   0.9584 |     30.838 |   1.0735 |     34.897 |     1.4
   73 |   0.9580 |     30.652 |   1.0643 |     34.209 |     1.4
   74 |   0.9493 |     30.543 |   1.0673 |     34.271 |     1.4
   75 |   0.9398 |     30.171 |   1.0647 |     34.271 |     1.4
   76 |   0.9399 |     30.100 |   1.0604 |     34.240 |     1.4
   77 |   0.9282 |     29.920 |   1.0540 |     34.303 |     1.5
   78 |   0.9203 |     29.576 |   1.0534 |     34.303 |     1.5
   79 |   0.9176 |     29.472 |   1.0463 |     33.896 |     1.5
   80 |   0.9102 |     29.320 |   1.0507 |     33.802 |     1.5
   81 |   0.9024 |     29.014 |   1.0472 |     33.959 |     1.5
   82 |   0.9002 |     28.932 |   1.0444 |     33.615 |     1.6
   83 |   0.8947 |     28.670 |   1.0436 |     34.021 |     1.6
   84 |   0.8867 |     28.337 |   1.0374 |     33.709 |     1.6
   85 |   0.8831 |     28.484 |   1.0318 |     33.365 |     1.6
   86 |   0.8757 |     27.916 |   1.0280 |     33.052 |     1.6
   87 |   0.8752 |     28.124 |   1.0294 |     32.896 |     1.6
   88 |   0.8645 |     27.605 |   1.0291 |     32.989 |     1.7
   89 |   0.8610 |     27.665 |   1.0248 |     33.240 |     1.7
   90 |   0.8505 |     27.201 |   1.0231 |     32.739 |     1.7
   91 |   0.8484 |     26.906 |   1.0216 |     32.520 |     1.7
   92 |   0.8449 |     27.026 |   1.0164 |     32.520 |     1.7
   93 |   0.8383 |     26.808 |   1.0152 |     31.957 |     1.8
   94 |   0.8331 |     26.633 |   1.0126 |     31.957 |     1.8
   95 |   0.8287 |     26.540 |   1.0107 |     31.676 |     1.8
   96 |   0.8219 |     26.081 |   1.0183 |     31.926 |     1.8
   97 |   0.8207 |     26.289 |   1.0060 |     31.520 |     1.8
   98 |   0.8114 |     25.808 |   1.0089 |     31.614 |     1.9
   99 |   0.8071 |     25.863 |   1.0109 |     31.426 |     1.9
  100 |   0.8063 |     25.633 |   1.0018 |     31.363 |     1.9
  101 |   0.8000 |     25.437 |   1.0046 |     31.301 |     1.9
  102 |   0.7923 |     25.109 |   0.9971 |     31.113 |     1.9
  103 |   0.7891 |     24.984 |   1.0054 |     31.144 |     1.9
  104 |   0.7859 |     25.011 |   0.9971 |     30.738 |     2.0
  105 |   0.7791 |     24.798 |   0.9979 |     30.957 |     2.0
  106 |   0.7777 |     24.678 |   0.9938 |     30.613 |     2.0
  107 |   0.7686 |     24.399 |   0.9971 |     30.894 |     2.0
  108 |   0.7690 |     24.558 |   0.9887 |     30.613 |     2.0
  109 |   0.7642 |     24.214 |   0.9928 |     30.832 |     2.1
  110 |   0.7583 |     23.875 |   0.9847 |     30.550 |     2.1
  111 |   0.7568 |     24.028 |   0.9941 |     30.519 |     2.1
  112 |   0.7522 |     23.946 |   0.9838 |     30.550 |     2.1
  113 |   0.7471 |     23.706 |   0.9868 |     30.300 |     2.1
  114 |   0.7415 |     23.607 |   0.9935 |     30.926 |     2.1
  115 |   0.7354 |     22.930 |   0.9847 |     30.363 |     2.2
  116 |   0.7337 |     23.247 |   0.9787 |     30.206 |     2.2
  117 |   0.7279 |     22.674 |   0.9825 |     30.050 |     2.2
  118 |   0.7284 |     22.919 |   0.9839 |     30.394 |     2.2
  119 |   0.7240 |     22.832 |   0.9818 |     29.925 |     2.2
  120 |   0.7188 |     22.908 |   0.9865 |     30.801 |     2.3
Early stopping

Model: Seq2Seq Multimodal Bi-LSTM
Source index: <Seq2Seq Index with 44 items>
Target index: <Seq2Seq Index with 34 items>
Encoder embedding dimension: 64
Descriptors dimension: 1136
Decoder embedding dimension: 64
Encoder hidden units: 32
Encoder layers: 3
Decoder hidden units: 128
Decoder layers: 3
Dropout: 0.2
Trainable parameters: 615,682

Training started
X_train.shape: torch.Size([3052, 702])
Y_train.shape: torch.Size([3052, 7])
X_dev.shape: torch.Size([533, 266])
Y_dev.shape: torch.Size([533, 7])
Epochs: 500
Learning rate: 0.0001
Weight decay: 1e-05
Epoch | Train                 | Development           | Minutes
      | Loss     | Error Rate | Loss     | Error Rate |
---------------------------------------------------------------
    1 |   3.2393 |     82.804 |   2.6783 |     81.363 |     0.0
    2 |   2.4557 |     64.450 |   2.1967 |     58.318 |     0.0
    3 |   2.1141 |     57.498 |   1.9692 |     53.846 |     0.1
    4 |   1.9317 |     52.911 |   1.8217 |     47.842 |     0.1
    5 |   1.7979 |     49.339 |   1.7067 |     47.749 |     0.1
    6 |   1.6923 |     48.919 |   1.6171 |     47.749 |     0.1
    7 |   1.6111 |     47.745 |   1.5512 |     45.153 |     0.1
    8 |   1.5519 |     46.265 |   1.5047 |     45.153 |     0.1
    9 |   1.5111 |     46.227 |   1.4717 |     45.153 |     0.2
   10 |   1.4816 |     46.210 |   1.4477 |     45.153 |     0.2
   11 |   1.4587 |     46.227 |   1.4306 |     45.153 |     0.2
   12 |   1.4410 |     46.194 |   1.4134 |     45.153 |     0.2
   13 |   1.4234 |     46.216 |   1.3997 |     45.153 |     0.2
   14 |   1.4114 |     46.210 |   1.3898 |     45.153 |     0.3
   15 |   1.3954 |     46.112 |   1.3733 |     44.903 |     0.3
   16 |   1.3816 |     45.910 |   1.3631 |     44.684 |     0.3
   17 |   1.3724 |     45.511 |   1.3524 |     44.090 |     0.3
   18 |   1.3611 |     45.271 |   1.3427 |     44.121 |     0.3
   19 |   1.3533 |     45.069 |   1.3386 |     43.934 |     0.4
   20 |   1.3455 |     44.850 |   1.3302 |     43.809 |     0.4
   21 |   1.3369 |     44.665 |   1.3257 |     43.902 |     0.4
   22 |   1.3305 |     44.599 |   1.3178 |     43.840 |     0.4
   23 |   1.3237 |     44.299 |   1.3146 |     43.871 |     0.4
   24 |   1.3177 |     44.326 |   1.3073 |     43.684 |     0.4
   25 |   1.3117 |     43.982 |   1.3065 |     43.652 |     0.5
   26 |   1.3049 |     44.048 |   1.2992 |     43.590 |     0.5
   27 |   1.3001 |     43.889 |   1.2941 |     43.527 |     0.5
   28 |   1.2959 |     43.775 |   1.2912 |     43.402 |     0.5
   29 |   1.2911 |     43.529 |   1.2907 |     43.496 |     0.5
   30 |   1.2853 |     43.480 |   1.2863 |     43.183 |     0.6
   31 |   1.2824 |     43.414 |   1.2813 |     42.933 |     0.6
   32 |   1.2774 |     43.228 |   1.2787 |     42.964 |     0.6
   33 |   1.2720 |     43.147 |   1.2747 |     42.683 |     0.6
   34 |   1.2674 |     43.147 |   1.2710 |     42.620 |     0.6
   35 |   1.2653 |     43.114 |   1.2715 |     42.589 |     0.7
   36 |   1.2579 |     42.928 |   1.2674 |     42.558 |     0.7
   37 |   1.2556 |     42.863 |   1.2667 |     42.370 |     0.7
   38 |   1.2493 |     42.628 |   1.2645 |     42.370 |     0.7
   39 |   1.2447 |     42.666 |   1.2621 |     42.214 |     0.7
   40 |   1.2432 |     42.622 |   1.2588 |     42.058 |     0.7
   41 |   1.2387 |     42.349 |   1.2559 |     41.651 |     0.8
   42 |   1.2337 |     42.142 |   1.2537 |     42.183 |     0.8
   43 |   1.2315 |     42.076 |   1.2531 |     41.807 |     0.8
   44 |   1.2276 |     41.825 |   1.2500 |     41.807 |     0.8
   45 |   1.2223 |     41.814 |   1.2444 |     41.620 |     0.8
   46 |   1.2159 |     41.568 |   1.2423 |     41.307 |     0.9
   47 |   1.2121 |     41.525 |   1.2424 |     41.370 |     0.9
   48 |   1.2067 |     41.388 |   1.2415 |     41.151 |     0.9
   49 |   1.2010 |     41.192 |   1.2350 |     40.994 |     0.9
   50 |   1.1947 |     41.050 |   1.2312 |     41.026 |     0.9
   51 |   1.1899 |     40.979 |   1.2259 |     40.838 |     0.9
   52 |   1.1805 |     40.755 |   1.2237 |     40.963 |     1.0
   53 |   1.1761 |     40.640 |   1.2184 |     40.775 |     1.0
   54 |   1.1698 |     40.329 |   1.2194 |     40.807 |     1.0
   55 |   1.1629 |     40.220 |   1.2131 |     40.838 |     1.0
   56 |   1.1520 |     39.914 |   1.2059 |     40.494 |     1.0
   57 |   1.1444 |     39.357 |   1.2001 |     40.588 |     1.1
   58 |   1.1351 |     39.209 |   1.1925 |     39.525 |     1.1
   59 |   1.1286 |     38.570 |   1.1891 |     39.712 |     1.1
   60 |   1.1196 |     38.068 |   1.1860 |     39.525 |     1.1
   61 |   1.1082 |     37.833 |   1.1775 |     39.181 |     1.1
   62 |   1.1003 |     37.358 |   1.1664 |     39.056 |     1.2
   63 |   1.0902 |     36.845 |   1.1632 |     38.649 |     1.2
   64 |   1.0779 |     36.484 |   1.1589 |     38.524 |     1.2
   65 |   1.0677 |     36.184 |   1.1590 |     38.806 |     1.2
   66 |   1.0606 |     35.933 |   1.1417 |     37.555 |     1.2
   67 |   1.0508 |     35.376 |   1.1418 |     38.243 |     1.2
   68 |   1.0417 |     34.846 |   1.1402 |     37.273 |     1.3
   69 |   1.0332 |     34.868 |   1.1297 |     37.649 |     1.3
   70 |   1.0275 |     34.633 |   1.1247 |     37.242 |     1.3
   71 |   1.0202 |     34.371 |   1.1196 |     36.648 |     1.3
   72 |   1.0038 |     34.060 |   1.1124 |     36.929 |     1.3
   73 |   0.9962 |     33.290 |   1.1111 |     36.554 |     1.4
   74 |   0.9873 |     33.366 |   1.1054 |     36.429 |     1.4
   75 |   0.9842 |     32.989 |   1.1013 |     36.241 |     1.4
   76 |   0.9742 |     32.656 |   1.1005 |     36.116 |     1.4
   77 |   0.9667 |     32.334 |   1.0870 |     35.428 |     1.4
   78 |   0.9588 |     32.121 |   1.0914 |     35.428 |     1.5
   79 |   0.9476 |     31.810 |   1.0877 |     35.178 |     1.5
   80 |   0.9439 |     31.886 |   1.0799 |     35.366 |     1.5
   81 |   0.9346 |     31.406 |   1.0764 |     35.084 |     1.5
   82 |   0.9296 |     31.307 |   1.0718 |     35.116 |     1.5
   83 |   0.9203 |     30.734 |   1.0663 |     34.991 |     1.5
   84 |   0.9140 |     30.750 |   1.0673 |     34.709 |     1.6
   85 |   0.9051 |     30.090 |   1.0594 |     34.178 |     1.6
   86 |   0.8966 |     29.767 |   1.0642 |     34.146 |     1.6
   87 |   0.8930 |     29.729 |   1.0588 |     34.240 |     1.6
   88 |   0.8888 |     29.380 |   1.0543 |     33.927 |     1.6
   89 |   0.8775 |     29.221 |   1.0643 |     33.677 |     1.7
   90 |   0.8722 |     28.965 |   1.0521 |     33.427 |     1.7
   91 |   0.8661 |     28.894 |   1.0574 |     33.990 |     1.7
   92 |   0.8574 |     28.631 |   1.0488 |     33.021 |     1.7
   93 |   0.8503 |     28.140 |   1.0487 |     33.208 |     1.7
   94 |   0.8420 |     27.867 |   1.0434 |     33.083 |     1.7
   95 |   0.8385 |     27.676 |   1.0371 |     32.864 |     1.8
   96 |   0.8297 |     27.774 |   1.0310 |     32.301 |     1.8
   97 |   0.8220 |     27.163 |   1.0339 |     32.114 |     1.8
   98 |   0.8209 |     26.966 |   1.0350 |     31.989 |     1.8
   99 |   0.8114 |     26.715 |   1.0490 |     32.301 |     1.8
  100 |   0.8073 |     26.556 |   1.0249 |     31.957 |     1.9
  101 |   0.8026 |     26.513 |   1.0315 |     32.458 |     1.9
  102 |   0.7943 |     25.890 |   1.0299 |     31.614 |     1.9
  103 |   0.7852 |     25.988 |   1.0329 |     32.145 |     1.9
  104 |   0.7846 |     25.546 |   1.0229 |     31.270 |     1.9
  105 |   0.7762 |     25.562 |   1.0171 |     30.957 |     2.0
  106 |   0.7688 |     25.202 |   1.0199 |     31.457 |     2.0
  107 |   0.7621 |     25.208 |   1.0236 |     31.332 |     2.0
  108 |   0.7564 |     24.711 |   1.0214 |     31.301 |     2.0
  109 |   0.7529 |     24.536 |   1.0180 |     30.926 |     2.0
  110 |   0.7449 |     24.421 |   1.0151 |     30.582 |     2.0
  111 |   0.7371 |     23.820 |   1.0235 |     31.207 |     2.1
  112 |   0.7402 |     24.427 |   1.0164 |     30.738 |     2.1
  113 |   0.7349 |     24.312 |   1.0118 |     30.550 |     2.1
  114 |   0.7246 |     23.629 |   1.0080 |     29.862 |     2.1
  115 |   0.7255 |     24.050 |   1.0085 |     30.300 |     2.1
  116 |   0.7165 |     23.586 |   1.0134 |     30.050 |     2.2
  117 |   0.7079 |     23.187 |   1.0047 |     30.363 |     2.2
  118 |   0.7005 |     22.903 |   1.0052 |     30.081 |     2.2
  119 |   0.7029 |     23.165 |   1.0080 |     30.425 |     2.2
  120 |   0.6996 |     23.143 |   1.0099 |     30.425 |     2.2
  121 |   0.6949 |     22.679 |   1.0111 |     29.956 |     2.2
Early stopping

Model: Seq2Seq Multimodal Bi-LSTM
Source index: <Seq2Seq Index with 44 items>
Target index: <Seq2Seq Index with 34 items>
Encoder embedding dimension: 128
Descriptors dimension: 1136
Decoder embedding dimension: 64
Encoder hidden units: 128
Encoder layers: 2
Decoder hidden units: 64
Decoder layers: 3
Dropout: 0.0
Trainable parameters: 1,191,458

Training started
X_train.shape: torch.Size([3052, 702])
Y_train.shape: torch.Size([3052, 7])
X_dev.shape: torch.Size([533, 266])
Y_dev.shape: torch.Size([533, 7])
Epochs: 500
Learning rate: 0.001
Weight decay: 1e-05
Epoch | Train                 | Development           | Minutes
      | Loss     | Error Rate | Loss     | Error Rate |
---------------------------------------------------------------
    1 |   2.5483 |     67.469 |   2.0040 |     58.318 |     0.0
    2 |   1.7864 |     49.831 |   1.5782 |     45.153 |     0.1
    3 |   1.5146 |     46.237 |   1.4441 |     45.278 |     0.1
    4 |   1.4436 |     46.347 |   1.4107 |     45.153 |     0.2
    5 |   1.4206 |     46.314 |   1.3940 |     45.153 |     0.2
    6 |   1.4078 |     46.221 |   1.3818 |     45.153 |     0.2
    7 |   1.3912 |     46.259 |   1.3661 |     44.934 |     0.3
    8 |   1.3731 |     45.249 |   1.3511 |     44.465 |     0.3
    9 |   1.3515 |     44.785 |   1.3361 |     43.746 |     0.4
   10 |   1.3379 |     44.332 |   1.3280 |     43.965 |     0.4
   11 |   1.3245 |     43.851 |   1.3223 |     43.902 |     0.4
   12 |   1.3092 |     43.398 |   1.3104 |     43.465 |     0.5
   13 |   1.3010 |     43.108 |   1.3078 |     43.340 |     0.5
   14 |   1.2878 |     42.955 |   1.2942 |     42.808 |     0.6
   15 |   1.2727 |     42.458 |   1.2817 |     42.683 |     0.6
   16 |   1.2551 |     41.847 |   1.2832 |     42.276 |     0.6
   17 |   1.2469 |     41.339 |   1.2589 |     40.807 |     0.7
   18 |   1.2309 |     40.962 |   1.2554 |     40.807 |     0.7
   19 |   1.2191 |     40.656 |   1.2567 |     40.713 |     0.8
   20 |   1.2023 |     39.848 |   1.2392 |     40.400 |     0.8
   21 |   1.1875 |     39.946 |   1.2358 |     40.557 |     0.8
   22 |   1.1727 |     39.231 |   1.2281 |     39.837 |     0.9
   23 |   1.1565 |     38.619 |   1.2079 |     39.869 |     0.9
   24 |   1.1373 |     37.899 |   1.1983 |     39.149 |     1.0
   25 |   1.1317 |     37.844 |   1.1943 |     39.462 |     1.0
   26 |   1.1141 |     37.003 |   1.1809 |     38.149 |     1.0
   27 |   1.0938 |     36.391 |   1.1671 |     38.399 |     1.1
   28 |   1.0861 |     35.971 |   1.1721 |     37.805 |     1.1
   29 |   1.0653 |     35.064 |   1.1445 |     37.774 |     1.2
   30 |   1.0477 |     34.972 |   1.1394 |     37.117 |     1.2
   31 |   1.0286 |     34.158 |   1.1305 |     37.430 |     1.2
   32 |   1.0171 |     33.803 |   1.1298 |     37.492 |     1.3
   33 |   0.9925 |     32.951 |   1.1174 |     35.897 |     1.3
   34 |   0.9893 |     33.230 |   1.1279 |     37.054 |     1.4
   35 |   0.9802 |     33.251 |   1.1020 |     36.241 |     1.4
   36 |   0.9576 |     32.121 |   1.1012 |     36.710 |     1.4
   37 |   0.9385 |     31.488 |   1.0795 |     35.428 |     1.5
   38 |   0.9297 |     31.471 |   1.0836 |     35.241 |     1.5
   39 |   0.9182 |     30.827 |   1.0844 |     36.054 |     1.6
   40 |   0.9117 |     30.592 |   1.0848 |     35.397 |     1.6
   41 |   0.8920 |     30.144 |   1.0752 |     35.741 |     1.6
   42 |   0.8812 |     29.795 |   1.0660 |     35.022 |     1.7
   43 |   0.8642 |     28.915 |   1.0866 |     35.366 |     1.7
   44 |   0.8515 |     28.730 |   1.0697 |     34.959 |     1.8
   45 |   0.8469 |     28.571 |   1.0909 |     35.741 |     1.8
   46 |   0.8359 |     28.271 |   1.0613 |     34.396 |     1.8
   47 |   0.8224 |     27.965 |   1.0716 |     35.241 |     1.9
   48 |   0.8119 |     27.190 |   1.0552 |     34.490 |     1.9
   49 |   0.8021 |     26.933 |   1.0641 |     34.553 |     2.0
   50 |   0.7846 |     26.458 |   1.0756 |     34.897 |     2.0
   51 |   0.7728 |     25.770 |   1.0489 |     34.459 |     2.0
   52 |   0.7633 |     25.491 |   1.0714 |     34.115 |     2.1
   53 |   0.7632 |     25.879 |   1.0491 |     34.365 |     2.1
   54 |   0.7522 |     25.251 |   1.0624 |     33.583 |     2.2
   55 |   0.7266 |     24.519 |   1.0745 |     34.303 |     2.2
Early stopping

Model: Seq2Seq Multimodal Bi-LSTM
Source index: <Seq2Seq Index with 44 items>
Target index: <Seq2Seq Index with 34 items>
Encoder embedding dimension: 128
Descriptors dimension: 1136
Decoder embedding dimension: 128
Encoder hidden units: 32
Encoder layers: 4
Decoder hidden units: 64
Decoder layers: 2
Dropout: 0.0
Trainable parameters: 406,562

Training started
X_train.shape: torch.Size([3052, 702])
Y_train.shape: torch.Size([3052, 7])
X_dev.shape: torch.Size([533, 266])
Y_dev.shape: torch.Size([533, 7])
Epochs: 500
Learning rate: 0.0001
Weight decay: 1e-05
Epoch | Train                 | Development           | Minutes
      | Loss     | Error Rate | Loss     | Error Rate |
---------------------------------------------------------------
    1 |   3.3388 |     83.120 |   2.9803 |     83.333 |     0.0
    2 |   2.6582 |     68.698 |   2.4341 |     59.350 |     0.0
    3 |   2.3487 |     59.010 |   2.2413 |     57.911 |     0.1
    4 |   2.1946 |     58.093 |   2.1196 |     57.630 |     0.1
    5 |   2.0864 |     56.586 |   2.0219 |     55.253 |     0.1
    6 |   1.9897 |     55.008 |   1.9234 |     53.690 |     0.1
    7 |   1.8942 |     51.218 |   1.8362 |     47.905 |     0.1
    8 |   1.8117 |     48.433 |   1.7643 |     47.686 |     0.2
    9 |   1.7463 |     48.394 |   1.7029 |     47.936 |     0.2
   10 |   1.6876 |     48.389 |   1.6504 |     47.749 |     0.2
   11 |   1.6384 |     48.345 |   1.6035 |     47.561 |     0.2
   12 |   1.5939 |     46.827 |   1.5646 |     44.872 |     0.3
   13 |   1.5582 |     45.757 |   1.5312 |     44.997 |     0.3
   14 |   1.5258 |     45.773 |   1.5021 |     44.903 |     0.3
   15 |   1.4987 |     45.751 |   1.4770 |     44.809 |     0.3
   16 |   1.4756 |     45.697 |   1.4571 |     44.872 |     0.3
   17 |   1.4537 |     45.528 |   1.4376 |     44.590 |     0.4
   18 |   1.4344 |     45.429 |   1.4233 |     44.684 |     0.4
   19 |   1.4158 |     45.014 |   1.4049 |     44.497 |     0.4
   20 |   1.3980 |     44.752 |   1.3891 |     43.934 |     0.4
   21 |   1.3819 |     44.168 |   1.3761 |     43.777 |     0.4
   22 |   1.3655 |     44.190 |   1.3623 |     43.746 |     0.5
   23 |   1.3489 |     43.573 |   1.3493 |     43.527 |     0.5
   24 |   1.3367 |     43.469 |   1.3380 |     42.996 |     0.5
   25 |   1.3221 |     43.441 |   1.3270 |     42.714 |     0.5
   26 |   1.3097 |     42.655 |   1.3169 |     41.901 |     0.5
   27 |   1.2960 |     41.727 |   1.3059 |     41.057 |     0.6
   28 |   1.2825 |     41.093 |   1.2945 |     40.932 |     0.6
   29 |   1.2691 |     40.416 |   1.2859 |     41.088 |     0.6
   30 |   1.2587 |     39.979 |   1.2739 |     39.900 |     0.6
   31 |   1.2452 |     39.635 |   1.2655 |     39.931 |     0.6
   32 |   1.2334 |     39.275 |   1.2544 |     39.650 |     0.7
   33 |   1.2203 |     38.794 |   1.2467 |     39.400 |     0.7
   34 |   1.2087 |     38.204 |   1.2393 |     39.275 |     0.7
   35 |   1.1965 |     37.817 |   1.2295 |     38.806 |     0.7
   36 |   1.1858 |     37.407 |   1.2238 |     38.555 |     0.8
   37 |   1.1718 |     36.703 |   1.2122 |     38.211 |     0.8
   38 |   1.1607 |     36.233 |   1.2039 |     37.867 |     0.8
   39 |   1.1489 |     35.736 |   1.1957 |     37.617 |     0.8
   40 |   1.1354 |     35.337 |   1.1930 |     37.367 |     0.8
   41 |   1.1255 |     34.857 |   1.1850 |     37.148 |     0.9
   42 |   1.1132 |     34.349 |   1.1764 |     36.710 |     0.9
   43 |   1.1042 |     33.869 |   1.1701 |     37.023 |     0.9
   44 |   1.0924 |     33.486 |   1.1651 |     36.742 |     0.9
   45 |   1.0816 |     33.235 |   1.1554 |     36.023 |     0.9
   46 |   1.0692 |     32.825 |   1.1499 |     35.835 |     1.0
   47 |   1.0593 |     32.629 |   1.1455 |     35.772 |     1.0
   48 |   1.0486 |     32.350 |   1.1391 |     35.491 |     1.0
   49 |   1.0385 |     31.963 |   1.1305 |     35.084 |     1.0
   50 |   1.0263 |     31.548 |   1.1225 |     34.959 |     1.0
   51 |   1.0187 |     31.264 |   1.1216 |     35.053 |     1.1
   52 |   1.0086 |     31.133 |   1.1142 |     34.647 |     1.1
   53 |   0.9989 |     30.821 |   1.1108 |     34.678 |     1.1
   54 |   0.9901 |     30.477 |   1.1071 |     34.834 |     1.1
   55 |   0.9785 |     30.122 |   1.1009 |     33.927 |     1.1
   56 |   0.9688 |     29.838 |   1.0981 |     34.615 |     1.2
   57 |   0.9594 |     29.625 |   1.0924 |     34.209 |     1.2
   58 |   0.9498 |     29.161 |   1.0791 |     33.896 |     1.2
   59 |   0.9407 |     29.145 |   1.0794 |     33.740 |     1.2
   60 |   0.9314 |     28.915 |   1.0808 |     33.583 |     1.3
   61 |   0.9215 |     28.528 |   1.0734 |     33.834 |     1.3
   62 |   0.9120 |     28.102 |   1.0716 |     33.615 |     1.3
   63 |   0.9038 |     27.851 |   1.0673 |     33.552 |     1.3
   64 |   0.8950 |     27.649 |   1.0596 |     32.927 |     1.3
   65 |   0.8870 |     27.610 |   1.0587 |     32.989 |     1.4
   66 |   0.8788 |     27.272 |   1.0583 |     32.802 |     1.4
   67 |   0.8687 |     26.933 |   1.0486 |     32.739 |     1.4
   68 |   0.8609 |     26.660 |   1.0475 |     32.802 |     1.4
   69 |   0.8514 |     26.158 |   1.0474 |     32.645 |     1.4
   70 |   0.8464 |     26.098 |   1.0406 |     32.427 |     1.5
   71 |   0.8390 |     25.661 |   1.0330 |     31.989 |     1.5
   72 |   0.8304 |     25.366 |   1.0284 |     31.582 |     1.5
   73 |   0.8195 |     24.945 |   1.0331 |     31.989 |     1.5
   74 |   0.8149 |     24.956 |   1.0321 |     31.801 |     1.5
   75 |   0.8075 |     24.656 |   1.0346 |     31.739 |     1.6
   76 |   0.7972 |     24.334 |   1.0241 |     31.363 |     1.6
   77 |   0.7887 |     23.995 |   1.0213 |     31.332 |     1.6
   78 |   0.7826 |     23.684 |   1.0223 |     31.363 |     1.6
   79 |   0.7737 |     23.460 |   1.0154 |     31.238 |     1.6
   80 |   0.7656 |     23.149 |   1.0133 |     30.801 |     1.7
   81 |   0.7578 |     22.969 |   1.0151 |     30.894 |     1.7
   82 |   0.7531 |     22.674 |   1.0138 |     31.176 |     1.7
   83 |   0.7442 |     22.570 |   1.0093 |     30.832 |     1.7
   84 |   0.7368 |     22.226 |   1.0037 |     29.862 |     1.8
   85 |   0.7301 |     22.095 |   1.0043 |     30.269 |     1.8
   86 |   0.7224 |     21.560 |   1.0053 |     30.269 |     1.8
   87 |   0.7157 |     21.407 |   1.0001 |     30.206 |     1.8
   88 |   0.7078 |     21.068 |   1.0025 |     30.269 |     1.8
   89 |   0.7033 |     21.024 |   1.0023 |     30.019 |     1.9
   90 |   0.6982 |     20.915 |   0.9954 |     30.394 |     1.9
   91 |   0.6886 |     20.304 |   0.9981 |     29.644 |     1.9
   92 |   0.6828 |     20.380 |   0.9964 |     29.987 |     1.9
   93 |   0.6761 |     20.200 |   1.0019 |     30.113 |     1.9
   94 |   0.6711 |     20.134 |   0.9903 |     29.706 |     2.0
   95 |   0.6626 |     19.839 |   0.9947 |     29.487 |     2.0
   96 |   0.6561 |     19.588 |   0.9971 |     30.050 |     2.0
   97 |   0.6496 |     19.255 |   0.9915 |     29.737 |     2.0
   98 |   0.6444 |     19.064 |   0.9882 |     29.581 |     2.0
   99 |   0.6403 |     19.217 |   0.9897 |     29.800 |     2.1
  100 |   0.6326 |     18.840 |   0.9944 |     29.644 |     2.1
  101 |   0.6273 |     18.567 |   0.9915 |     29.550 |     2.1
  102 |   0.6192 |     18.507 |   0.9912 |     29.581 |     2.1
  103 |   0.6153 |     18.305 |   0.9846 |     29.456 |     2.1
  104 |   0.6089 |     17.934 |   0.9884 |     29.081 |     2.2
  105 |   0.6028 |     17.824 |   0.9842 |     29.049 |     2.2
  106 |   0.5974 |     17.600 |   0.9853 |     29.456 |     2.2
  107 |   0.5923 |     17.568 |   0.9907 |     29.174 |     2.2
  108 |   0.5885 |     17.371 |   0.9815 |     28.831 |     2.2
  109 |   0.5805 |     17.114 |   0.9796 |     29.018 |     2.3
  110 |   0.5763 |     17.082 |   0.9827 |     28.862 |     2.3
  111 |   0.5705 |     16.683 |   0.9827 |     28.424 |     2.3
  112 |   0.5662 |     16.650 |   0.9932 |     28.674 |     2.3
  113 |   0.5592 |     16.241 |   0.9731 |     28.424 |     2.4
  114 |   0.5542 |     16.279 |   0.9725 |     28.299 |     2.4
  115 |   0.5504 |     15.897 |   0.9903 |     28.393 |     2.4
  116 |   0.5458 |     15.875 |   0.9782 |     28.174 |     2.4
  117 |   0.5382 |     15.635 |   0.9814 |     28.049 |     2.4
  118 |   0.5352 |     15.596 |   0.9836 |     28.455 |     2.5
Early stopping

Model: Seq2Seq Multimodal Bi-LSTM
Source index: <Seq2Seq Index with 44 items>
Target index: <Seq2Seq Index with 34 items>
Encoder embedding dimension: 128
Descriptors dimension: 1136
Decoder embedding dimension: 64
Encoder hidden units: 32
Encoder layers: 3
Decoder hidden units: 128
Decoder layers: 2
Dropout: 0.2
Trainable parameters: 502,786

Training started
X_train.shape: torch.Size([3052, 702])
Y_train.shape: torch.Size([3052, 7])
X_dev.shape: torch.Size([533, 266])
Y_dev.shape: torch.Size([533, 7])
Epochs: 500
Learning rate: 0.0001
Weight decay: 1e-05
Epoch | Train                 | Development           | Minutes
      | Loss     | Error Rate | Loss     | Error Rate |
---------------------------------------------------------------
    1 |   3.2367 |     85.097 |   2.6527 |     81.426 |     0.0
    2 |   2.3907 |     62.740 |   2.1242 |     57.911 |     0.0
    3 |   2.0196 |     54.347 |   1.8765 |     48.093 |     0.1
    4 |   1.8210 |     49.022 |   1.7175 |     47.624 |     0.1
    5 |   1.6813 |     48.465 |   1.6027 |     47.498 |     0.1
    6 |   1.5799 |     47.772 |   1.5207 |     44.966 |     0.1
    7 |   1.5110 |     45.970 |   1.4647 |     44.903 |     0.1
    8 |   1.4577 |     45.806 |   1.4219 |     44.778 |     0.1
    9 |   1.4199 |     45.511 |   1.3893 |     44.121 |     0.2
   10 |   1.3888 |     45.069 |   1.3633 |     43.840 |     0.2
   11 |   1.3631 |     44.555 |   1.3414 |     43.402 |     0.2
   12 |   1.3422 |     43.938 |   1.3263 |     43.433 |     0.2
   13 |   1.3240 |     43.387 |   1.3109 |     42.527 |     0.2
   14 |   1.3070 |     42.235 |   1.2977 |     42.402 |     0.3
   15 |   1.2916 |     41.776 |   1.2818 |     41.557 |     0.3
   16 |   1.2743 |     41.241 |   1.2733 |     41.557 |     0.3
   17 |   1.2586 |     40.553 |   1.2572 |     40.807 |     0.3
   18 |   1.2426 |     40.132 |   1.2438 |     40.150 |     0.3
   19 |   1.2289 |     39.804 |   1.2335 |     39.368 |     0.3
   20 |   1.2132 |     39.187 |   1.2281 |     39.462 |     0.4
   21 |   1.2023 |     38.893 |   1.2114 |     38.868 |     0.4
   22 |   1.1873 |     38.527 |   1.2061 |     38.743 |     0.4
   23 |   1.1731 |     38.139 |   1.1969 |     38.211 |     0.4
   24 |   1.1589 |     37.637 |   1.1810 |     38.024 |     0.4
   25 |   1.1447 |     36.976 |   1.1750 |     38.055 |     0.5
   26 |   1.1340 |     36.785 |   1.1639 |     37.836 |     0.5
   27 |   1.1209 |     36.282 |   1.1585 |     37.398 |     0.5
   28 |   1.1099 |     35.796 |   1.1440 |     36.773 |     0.5
   29 |   1.0953 |     35.266 |   1.1358 |     36.366 |     0.5
   30 |   1.0837 |     34.944 |   1.1287 |     36.304 |     0.5
   31 |   1.0709 |     34.551 |   1.1184 |     36.148 |     0.6
   32 |   1.0601 |     34.273 |   1.1081 |     35.960 |     0.6
   33 |   1.0470 |     33.639 |   1.1035 |     35.335 |     0.6
   34 |   1.0360 |     33.606 |   1.0971 |     35.647 |     0.6
   35 |   1.0267 |     33.066 |   1.0880 |     34.928 |     0.6
   36 |   1.0134 |     32.574 |   1.0809 |     34.678 |     0.7
   37 |   1.0036 |     32.258 |   1.0750 |     34.240 |     0.7
   38 |   0.9904 |     31.782 |   1.0667 |     34.772 |     0.7
   39 |   0.9836 |     31.307 |   1.0607 |     34.021 |     0.7
   40 |   0.9705 |     31.116 |   1.0495 |     33.458 |     0.7
   41 |   0.9620 |     30.756 |   1.0447 |     32.896 |     0.7
   42 |   0.9504 |     30.406 |   1.0437 |     33.146 |     0.8
   43 |   0.9415 |     30.068 |   1.0334 |     32.614 |     0.8
   44 |   0.9304 |     29.527 |   1.0308 |     32.677 |     0.8
   45 |   0.9196 |     29.538 |   1.0245 |     32.114 |     0.8
   46 |   0.9120 |     29.101 |   1.0185 |     32.333 |     0.8
   47 |   0.9010 |     28.648 |   1.0090 |     32.020 |     0.9
   48 |   0.8898 |     28.539 |   1.0024 |     31.332 |     0.9
   49 |   0.8818 |     28.036 |   1.0016 |     31.270 |     0.9
   50 |   0.8754 |     27.845 |   0.9966 |     31.207 |     0.9
   51 |   0.8639 |     27.381 |   0.9946 |     31.082 |     0.9
   52 |   0.8555 |     27.234 |   0.9825 |     30.988 |     0.9
   53 |   0.8489 |     27.124 |   0.9831 |     31.051 |     1.0
   54 |   0.8397 |     26.791 |   0.9796 |     30.926 |     1.0
   55 |   0.8297 |     26.469 |   0.9772 |     30.738 |     1.0
   56 |   0.8215 |     25.917 |   0.9790 |     30.707 |     1.0
   57 |   0.8130 |     25.186 |   0.9634 |     30.238 |     1.0
   58 |   0.8066 |     25.683 |   0.9595 |     30.081 |     1.1
   59 |   0.7958 |     25.022 |   0.9589 |     30.363 |     1.1
   60 |   0.7915 |     24.924 |   0.9538 |     29.987 |     1.1
   61 |   0.7824 |     24.716 |   0.9486 |     29.737 |     1.1
   62 |   0.7736 |     24.356 |   0.9581 |     29.925 |     1.1
   63 |   0.7662 |     24.192 |   0.9474 |     29.174 |     1.1
   64 |   0.7575 |     23.919 |   0.9432 |     29.487 |     1.2
   65 |   0.7532 |     23.635 |   0.9488 |     29.206 |     1.2
   66 |   0.7442 |     23.394 |   0.9454 |     29.393 |     1.2
   67 |   0.7349 |     23.296 |   0.9344 |     28.831 |     1.2
   68 |   0.7296 |     23.416 |   0.9340 |     28.862 |     1.2
   69 |   0.7220 |     22.619 |   0.9292 |     28.393 |     1.3
   70 |   0.7123 |     22.504 |   0.9300 |     28.549 |     1.3
   71 |   0.7086 |     22.390 |   0.9300 |     28.893 |     1.3
   72 |   0.7046 |     22.291 |   0.9252 |     28.549 |     1.3
   73 |   0.6956 |     21.964 |   0.9281 |     28.518 |     1.3
   74 |   0.6877 |     21.581 |   0.9181 |     27.799 |     1.3
   75 |   0.6802 |     21.205 |   0.9282 |     28.018 |     1.4
   76 |   0.6789 |     21.642 |   0.9223 |     28.236 |     1.4
   77 |   0.6717 |     21.172 |   0.9182 |     27.799 |     1.4
   78 |   0.6644 |     20.904 |   0.9193 |     28.518 |     1.4
   79 |   0.6563 |     20.593 |   0.9129 |     27.924 |     1.4
   80 |   0.6558 |     20.517 |   0.9129 |     28.111 |     1.5
   81 |   0.6451 |     20.566 |   0.9132 |     27.955 |     1.5
   82 |   0.6407 |     19.992 |   0.9079 |     27.267 |     1.5
   83 |   0.6323 |     19.703 |   0.9083 |     27.173 |     1.5
   84 |   0.6289 |     19.943 |   0.9055 |     27.298 |     1.5
   85 |   0.6189 |     19.550 |   0.9096 |     27.767 |     1.5
   86 |   0.6163 |     19.250 |   0.9092 |     27.611 |     1.6
   87 |   0.6124 |     19.337 |   0.9018 |     27.142 |     1.6
   88 |   0.6057 |     19.102 |   0.9063 |     27.423 |     1.6
   89 |   0.6045 |     18.802 |   0.9034 |     26.892 |     1.6
   90 |   0.5959 |     18.676 |   0.9081 |     27.017 |     1.6
   91 |   0.5895 |     18.682 |   0.9040 |     27.048 |     1.7
Early stopping

Model: Seq2Seq Multimodal Bi-LSTM
Source index: <Seq2Seq Index with 44 items>
Target index: <Seq2Seq Index with 34 items>
Encoder embedding dimension: 128
Descriptors dimension: 1136
Decoder embedding dimension: 64
Encoder hidden units: 128
Encoder layers: 2
Decoder hidden units: 64
Decoder layers: 3
Dropout: 0.1
Trainable parameters: 1,191,458

Training started
X_train.shape: torch.Size([3052, 702])
Y_train.shape: torch.Size([3052, 7])
X_dev.shape: torch.Size([533, 266])
Y_dev.shape: torch.Size([533, 7])
Epochs: 500
Learning rate: 0.001
Weight decay: 0.0001
Epoch | Train                 | Development           | Minutes
      | Loss     | Error Rate | Loss     | Error Rate |
---------------------------------------------------------------
    1 |   2.5342 |     67.355 |   1.9645 |     53.127 |     0.0
    2 |   1.7659 |     49.896 |   1.5567 |     45.153 |     0.1
    3 |   1.5084 |     46.265 |   1.4412 |     45.216 |     0.1
    4 |   1.4450 |     46.221 |   1.4093 |     45.153 |     0.2
    5 |   1.4241 |     46.308 |   1.3926 |     45.153 |     0.2
    6 |   1.4122 |     46.177 |   1.3877 |     45.153 |     0.2
    7 |   1.4065 |     46.270 |   1.3819 |     45.278 |     0.3
    8 |   1.4019 |     46.314 |   1.3849 |     45.184 |     0.3
    9 |   1.3976 |     46.210 |   1.3734 |     45.153 |     0.4
   10 |   1.3921 |     46.276 |   1.3671 |     44.841 |     0.4
   11 |   1.3831 |     45.893 |   1.3567 |     44.434 |     0.4
   12 |   1.3675 |     45.112 |   1.3423 |     44.090 |     0.5
   13 |   1.3445 |     44.528 |   1.3277 |     44.121 |     0.5
   14 |   1.3282 |     44.495 |   1.3182 |     43.777 |     0.6
   15 |   1.3106 |     43.835 |   1.3169 |     43.996 |     0.6
   16 |   1.2939 |     43.108 |   1.2817 |     42.839 |     0.6
   17 |   1.2690 |     42.404 |   1.2733 |     42.808 |     0.7
   18 |   1.2421 |     41.661 |   1.2464 |     41.213 |     0.7
   19 |   1.2220 |     41.252 |   1.2288 |     41.276 |     0.8
   20 |   1.1979 |     40.640 |   1.2130 |     41.088 |     0.8
   21 |   1.1780 |     40.192 |   1.1957 |     40.525 |     0.9
   22 |   1.1687 |     39.919 |   1.1850 |     40.369 |     0.9
   23 |   1.1562 |     39.690 |   1.1856 |     40.338 |     0.9
   24 |   1.1386 |     38.958 |   1.1681 |     39.775 |     1.0
   25 |   1.1230 |     38.319 |   1.1527 |     38.837 |     1.0
   26 |   1.1086 |     37.910 |   1.1515 |     38.399 |     1.1
   27 |   1.0959 |     36.948 |   1.1435 |     38.305 |     1.1
   28 |   1.0816 |     36.391 |   1.1295 |     37.961 |     1.1
   29 |   1.0636 |     35.884 |   1.1082 |     37.430 |     1.2
   30 |   1.0490 |     35.458 |   1.1170 |     38.024 |     1.2
   31 |   1.0417 |     35.714 |   1.1088 |     37.023 |     1.3
   32 |   1.0232 |     34.884 |   1.0929 |     36.054 |     1.3
   33 |   1.0058 |     34.202 |   1.1069 |     37.367 |     1.3
   34 |   0.9943 |     33.852 |   1.0896 |     36.210 |     1.4
   35 |   0.9823 |     33.284 |   1.0803 |     35.772 |     1.4
   36 |   0.9617 |     32.563 |   1.0662 |     35.460 |     1.5
   37 |   0.9512 |     31.957 |   1.0712 |     35.835 |     1.5
   38 |   0.9317 |     31.793 |   1.0480 |     35.428 |     1.6
   39 |   0.9275 |     31.324 |   1.0534 |     34.709 |     1.6
   40 |   0.9156 |     30.816 |   1.0486 |     34.428 |     1.6
   41 |   0.9099 |     30.909 |   1.0363 |     33.771 |     1.7
   42 |   0.8864 |     29.948 |   1.0354 |     34.240 |     1.7
   43 |   0.8751 |     29.462 |   1.0238 |     34.053 |     1.8
   44 |   0.8644 |     29.189 |   1.0296 |     34.271 |     1.8
   45 |   0.8488 |     28.730 |   1.0124 |     33.052 |     1.8
   46 |   0.8446 |     28.255 |   1.0207 |     33.021 |     1.9
   47 |   0.8287 |     27.949 |   1.0333 |     34.522 |     1.9
   48 |   0.8136 |     27.468 |   1.0093 |     32.552 |     2.0
   49 |   0.8023 |     26.971 |   1.0164 |     33.146 |     2.0
   50 |   0.7906 |     26.775 |   1.0155 |     33.177 |     2.0
   51 |   0.7944 |     26.818 |   1.0059 |     31.832 |     2.1
   52 |   0.7905 |     26.676 |   1.0123 |     32.395 |     2.1
   53 |   0.7832 |     26.682 |   1.0053 |     33.052 |     2.2
   54 |   0.7766 |     26.196 |   0.9990 |     31.864 |     2.2
   55 |   0.7541 |     25.005 |   0.9743 |     32.489 |     2.2
   56 |   0.7311 |     24.519 |   0.9889 |     31.363 |     2.3
   57 |   0.7369 |     24.924 |   1.0173 |     32.051 |     2.3
   58 |   0.7298 |     24.323 |   1.0002 |     31.051 |     2.4
   59 |   0.7187 |     23.968 |   0.9888 |     31.082 |     2.4
Early stopping

Model: Seq2Seq Multimodal Bi-LSTM
Source index: <Seq2Seq Index with 44 items>
Target index: <Seq2Seq Index with 34 items>
Encoder embedding dimension: 128
Descriptors dimension: 1136
Decoder embedding dimension: 64
Encoder hidden units: 128
Encoder layers: 4
Decoder hidden units: 128
Decoder layers: 2
Dropout: 0.0
Trainable parameters: 2,800,034

Training started
X_train.shape: torch.Size([3052, 702])
Y_train.shape: torch.Size([3052, 7])
X_dev.shape: torch.Size([533, 266])
Y_dev.shape: torch.Size([533, 7])
Epochs: 500
Learning rate: 0.001
Weight decay: 1e-05
Epoch | Train                 | Development           | Minutes
      | Loss     | Error Rate | Loss     | Error Rate |
---------------------------------------------------------------
    1 |   2.1544 |     58.814 |   1.5927 |     45.153 |     0.1
    2 |   1.4819 |     46.232 |   1.4063 |     44.684 |     0.2
    3 |   1.4114 |     45.910 |   1.3834 |     44.340 |     0.2
    4 |   1.3764 |     44.910 |   1.3533 |     44.403 |     0.3
    5 |   1.3451 |     44.304 |   1.3307 |     43.402 |     0.4
    6 |   1.3135 |     43.398 |   1.3033 |     42.370 |     0.5
    7 |   1.2810 |     42.650 |   1.2771 |     42.058 |     0.6
    8 |   1.2449 |     41.011 |   1.2561 |     41.651 |     0.6
    9 |   1.2198 |     40.553 |   1.2395 |     41.119 |     0.7
   10 |   1.1948 |     39.821 |   1.2301 |     40.619 |     0.8
   11 |   1.1716 |     38.958 |   1.2048 |     39.118 |     0.9
   12 |   1.1473 |     37.986 |   1.1921 |     39.368 |     0.9
   13 |   1.1332 |     37.926 |   1.1952 |     39.619 |     1.0
   14 |   1.1101 |     37.353 |   1.1730 |     39.118 |     1.1
   15 |   1.0915 |     36.512 |   1.1670 |     37.774 |     1.2
   16 |   1.0592 |     35.523 |   1.1623 |     37.867 |     1.3
   17 |   1.0425 |     34.917 |   1.1504 |     38.430 |     1.3
   18 |   1.0169 |     34.180 |   1.1548 |     37.805 |     1.4
   19 |   1.0023 |     33.896 |   1.1336 |     36.929 |     1.5
   20 |   0.9770 |     32.962 |   1.1210 |     36.992 |     1.6
   21 |   0.9565 |     32.367 |   1.1155 |     36.460 |     1.7
   22 |   0.9384 |     31.728 |   1.1191 |     36.366 |     1.7
   23 |   0.9172 |     30.854 |   1.1151 |     37.086 |     1.8
   24 |   0.9073 |     30.450 |   1.0889 |     35.679 |     1.9
   25 |   0.8838 |     30.292 |   1.0778 |     36.273 |     2.0
   26 |   0.8627 |     29.134 |   1.0694 |     35.272 |     2.0
   27 |   0.8394 |     28.419 |   1.0563 |     34.615 |     2.1
   28 |   0.8215 |     28.315 |   1.0429 |     34.240 |     2.2
   29 |   0.7964 |     27.048 |   1.0697 |     34.615 |     2.3
   30 |   0.7781 |     26.436 |   1.0577 |     34.240 |     2.4
   31 |   0.7563 |     25.825 |   1.0320 |     34.271 |     2.4
   32 |   0.7602 |     25.857 |   1.0561 |     33.677 |     2.5
   33 |   0.7513 |     25.404 |   1.0306 |     33.302 |     2.6
   34 |   0.7223 |     24.432 |   1.0415 |     33.021 |     2.7
   35 |   0.7131 |     24.328 |   1.0380 |     33.615 |     2.7
   36 |   0.7138 |     24.727 |   1.0584 |     33.208 |     2.8
   37 |   0.6970 |     23.766 |   1.0505 |     33.771 |     2.9
Early stopping

Model: Seq2Seq Multimodal Bi-LSTM
Source index: <Seq2Seq Index with 44 items>
Target index: <Seq2Seq Index with 34 items>
Encoder embedding dimension: 128
Descriptors dimension: 1136
Decoder embedding dimension: 128
Encoder hidden units: 128
Encoder layers: 2
Decoder hidden units: 128
Decoder layers: 4
Dropout: 0.0
Trainable parameters: 1,689,890

Training started
X_train.shape: torch.Size([3052, 702])
Y_train.shape: torch.Size([3052, 7])
X_dev.shape: torch.Size([533, 266])
Y_dev.shape: torch.Size([533, 7])
Epochs: 500
Learning rate: 0.0001
Weight decay: 1e-05
Epoch | Train                 | Development           | Minutes
      | Loss     | Error Rate | Loss     | Error Rate |
---------------------------------------------------------------
    1 |   3.2057 |     82.596 |   2.6696 |     83.333 |     0.0
    2 |   2.4270 |     63.068 |   2.1719 |     58.318 |     0.1
    3 |   2.0561 |     55.767 |   1.9292 |     53.002 |     0.1
    4 |   1.8761 |     49.623 |   1.7956 |     47.749 |     0.2
    5 |   1.7657 |     48.782 |   1.7027 |     47.749 |     0.2
    6 |   1.6798 |     48.777 |   1.6252 |     47.749 |     0.2
    7 |   1.6101 |     48.782 |   1.5598 |     47.749 |     0.3
    8 |   1.5516 |     46.674 |   1.5108 |     45.153 |     0.3
    9 |   1.5092 |     46.210 |   1.4738 |     45.153 |     0.4
   10 |   1.4789 |     46.216 |   1.4485 |     45.153 |     0.4
   11 |   1.4580 |     46.210 |   1.4320 |     45.153 |     0.5
   12 |   1.4444 |     46.221 |   1.4193 |     45.153 |     0.5
   13 |   1.4323 |     46.221 |   1.4093 |     45.153 |     0.5
   14 |   1.4221 |     46.216 |   1.4000 |     45.153 |     0.6
   15 |   1.4126 |     46.221 |   1.3915 |     45.153 |     0.6
   16 |   1.4028 |     46.216 |   1.3830 |     45.153 |     0.7
   17 |   1.3928 |     46.221 |   1.3740 |     45.153 |     0.7
   18 |   1.3809 |     46.024 |   1.3649 |     44.497 |     0.7
   19 |   1.3712 |     45.435 |   1.3593 |     44.434 |     0.8
   20 |   1.3614 |     45.107 |   1.3484 |     44.528 |     0.8
   21 |   1.3507 |     44.676 |   1.3451 |     43.684 |     0.9
   22 |   1.3422 |     44.272 |   1.3405 |     43.902 |     0.9
   23 |   1.3326 |     44.108 |   1.3350 |     43.465 |     0.9
   24 |   1.3260 |     43.829 |   1.3289 |     43.215 |     1.0
   25 |   1.3185 |     43.802 |   1.3256 |     43.152 |     1.0
   26 |   1.3120 |     43.583 |   1.3253 |     43.340 |     1.1
   27 |   1.3045 |     43.491 |   1.3212 |     43.340 |     1.1
   28 |   1.2995 |     43.403 |   1.3153 |     43.371 |     1.1
   29 |   1.2920 |     43.136 |   1.3133 |     43.121 |     1.2
   30 |   1.2851 |     42.961 |   1.3072 |     43.246 |     1.2
   31 |   1.2826 |     42.966 |   1.3068 |     42.996 |     1.3
   32 |   1.2747 |     42.808 |   1.2991 |     43.027 |     1.3
   33 |   1.2678 |     42.682 |   1.2953 |     42.808 |     1.3
   34 |   1.2593 |     42.535 |   1.2941 |     42.871 |     1.4
   35 |   1.2541 |     42.289 |   1.2889 |     42.339 |     1.4
   36 |   1.2472 |     42.125 |   1.2864 |     42.871 |     1.5
   37 |   1.2381 |     41.869 |   1.2774 |     42.058 |     1.5
   38 |   1.2293 |     41.355 |   1.2671 |     41.839 |     1.5
   39 |   1.2182 |     40.618 |   1.2671 |     41.401 |     1.6
   40 |   1.2064 |     40.088 |   1.2566 |     40.994 |     1.6
   41 |   1.1938 |     39.422 |   1.2500 |     40.682 |     1.7
   42 |   1.1802 |     39.029 |   1.2409 |     40.713 |     1.7
   43 |   1.1676 |     38.690 |   1.2388 |     40.619 |     1.8
   44 |   1.1545 |     38.303 |   1.2337 |     40.369 |     1.8
   45 |   1.1402 |     38.035 |   1.2192 |     40.119 |     1.8
   46 |   1.1321 |     37.970 |   1.2163 |     40.181 |     1.9
   47 |   1.1144 |     37.495 |   1.2142 |     40.400 |     1.9
   48 |   1.1026 |     37.298 |   1.2091 |     39.869 |     2.0
   49 |   1.0902 |     36.626 |   1.2022 |     39.619 |     2.0
   50 |   1.0787 |     36.408 |   1.2004 |     39.650 |     2.0
   51 |   1.0676 |     36.173 |   1.1958 |     39.431 |     2.1
   52 |   1.0563 |     35.922 |   1.1907 |     39.431 |     2.1
   53 |   1.0465 |     35.845 |   1.1956 |     39.493 |     2.2
   54 |   1.0347 |     35.485 |   1.1857 |     39.368 |     2.2
   55 |   1.0209 |     35.054 |   1.1814 |     39.056 |     2.2
   56 |   1.0100 |     34.682 |   1.1811 |     38.993 |     2.3
   57 |   1.0000 |     34.207 |   1.1747 |     39.118 |     2.3
   58 |   0.9871 |     33.890 |   1.1729 |     39.275 |     2.4
   59 |   0.9748 |     33.273 |   1.1712 |     39.212 |     2.4
   60 |   0.9643 |     32.853 |   1.1646 |     38.868 |     2.4
   61 |   0.9528 |     32.673 |   1.1611 |     38.899 |     2.5
   62 |   0.9440 |     31.963 |   1.1684 |     38.806 |     2.5
   63 |   0.9330 |     31.821 |   1.1604 |     38.149 |     2.6
   64 |   0.9202 |     30.969 |   1.1647 |     37.961 |     2.6
   65 |   0.9133 |     30.936 |   1.1703 |     38.149 |     2.6
   66 |   0.8982 |     30.390 |   1.1640 |     37.836 |     2.7
   67 |   0.8902 |     29.675 |   1.1600 |     37.211 |     2.7
   68 |   0.8760 |     29.396 |   1.1536 |     37.336 |     2.8
   69 |   0.8639 |     28.773 |   1.1660 |     37.617 |     2.8
   70 |   0.8560 |     28.435 |   1.1466 |     36.460 |     2.8
   71 |   0.8398 |     27.883 |   1.1435 |     36.929 |     2.9
   72 |   0.8316 |     27.146 |   1.1571 |     36.585 |     2.9
   73 |   0.8181 |     26.687 |   1.1466 |     36.210 |     3.0
   74 |   0.8076 |     26.087 |   1.1473 |     36.241 |     3.0
   75 |   0.7955 |     25.617 |   1.1505 |     36.335 |     3.1
Early stopping

Model: Seq2Seq Multimodal Bi-LSTM
Source index: <Seq2Seq Index with 44 items>
Target index: <Seq2Seq Index with 34 items>
Encoder embedding dimension: 64
Descriptors dimension: 1136
Decoder embedding dimension: 64
Encoder hidden units: 128
Encoder layers: 3
Decoder hidden units: 64
Decoder layers: 4
Dropout: 0.2
Trainable parameters: 1,811,874

Training started
X_train.shape: torch.Size([3052, 702])
Y_train.shape: torch.Size([3052, 7])
X_dev.shape: torch.Size([533, 266])
Y_dev.shape: torch.Size([533, 7])
Epochs: 500
Learning rate: 0.0001
Weight decay: 1e-05
Epoch | Train                 | Development           | Minutes
      | Loss     | Error Rate | Loss     | Error Rate |
---------------------------------------------------------------
    1 |   3.4348 |     83.453 |   3.1219 |     81.363 |     0.1
    2 |   2.8305 |     81.553 |   2.6104 |     81.363 |     0.1
    3 |   2.5170 |     65.897 |   2.3623 |     58.318 |     0.2
    4 |   2.3158 |     58.273 |   2.1993 |     58.318 |     0.2
    5 |   2.1838 |     57.339 |   2.0834 |     58.318 |     0.3
    6 |   2.0820 |     56.520 |   1.9981 |     58.318 |     0.4
    7 |   2.0011 |     55.739 |   1.9251 |     53.002 |     0.4
    8 |   1.9353 |     54.178 |   1.8666 |     47.717 |     0.5
    9 |   1.8758 |     51.278 |   1.8110 |     47.749 |     0.6
   10 |   1.8199 |     49.645 |   1.7576 |     47.780 |     0.6
   11 |   1.7662 |     49.301 |   1.7097 |     47.749 |     0.7
   12 |   1.7175 |     49.006 |   1.6670 |     47.749 |     0.7
   13 |   1.6754 |     48.919 |   1.6288 |     47.749 |     0.8
   14 |   1.6398 |     48.815 |   1.5949 |     47.749 |     0.9
   15 |   1.6065 |     48.558 |   1.5663 |     47.749 |     0.9
   16 |   1.5789 |     46.784 |   1.5418 |     45.153 |     1.0
   17 |   1.5560 |     46.287 |   1.5208 |     45.153 |     1.0
   18 |   1.5361 |     46.216 |   1.5032 |     45.153 |     1.1
   19 |   1.5177 |     46.221 |   1.4881 |     45.153 |     1.2
   20 |   1.5040 |     46.216 |   1.4755 |     45.153 |     1.2
   21 |   1.4925 |     46.221 |   1.4648 |     45.153 |     1.3
   22 |   1.4822 |     46.221 |   1.4558 |     45.153 |     1.4
   23 |   1.4731 |     46.210 |   1.4477 |     45.153 |     1.4
   24 |   1.4664 |     46.216 |   1.4409 |     45.153 |     1.5
   25 |   1.4586 |     46.221 |   1.4358 |     45.153 |     1.5
   26 |   1.4534 |     46.205 |   1.4299 |     45.153 |     1.6
   27 |   1.4483 |     46.227 |   1.4244 |     45.153 |     1.7
   28 |   1.4421 |     46.227 |   1.4215 |     45.153 |     1.7
   29 |   1.4370 |     46.216 |   1.4158 |     45.153 |     1.8
   30 |   1.4320 |     46.221 |   1.4100 |     45.153 |     1.8
   31 |   1.4264 |     46.232 |   1.4048 |     45.153 |     1.9
   32 |   1.4210 |     46.216 |   1.3990 |     45.153 |     2.0
   33 |   1.4131 |     46.232 |   1.3926 |     45.153 |     2.0
   34 |   1.4061 |     46.221 |   1.3882 |     45.153 |     2.1
   35 |   1.4001 |     46.221 |   1.3800 |     45.153 |     2.1
   36 |   1.3921 |     46.172 |   1.3751 |     45.122 |     2.2
   37 |   1.3861 |     46.085 |   1.3691 |     45.091 |     2.3
   38 |   1.3786 |     45.806 |   1.3616 |     44.622 |     2.3
   39 |   1.3721 |     45.413 |   1.3579 |     44.434 |     2.4
   40 |   1.3634 |     45.320 |   1.3529 |     44.403 |     2.5
   41 |   1.3589 |     45.047 |   1.3481 |     44.278 |     2.5
   42 |   1.3507 |     44.927 |   1.3393 |     44.403 |     2.6
   43 |   1.3440 |     44.785 |   1.3348 |     44.340 |     2.6
   44 |   1.3353 |     44.697 |   1.3300 |     44.121 |     2.7
   45 |   1.3294 |     44.758 |   1.3236 |     44.028 |     2.8
   46 |   1.3227 |     44.659 |   1.3168 |     44.153 |     2.8
   47 |   1.3151 |     44.550 |   1.3080 |     44.028 |     2.9
   48 |   1.3094 |     44.523 |   1.3053 |     44.028 |     2.9
   49 |   1.3020 |     44.381 |   1.3005 |     43.527 |     3.0
   50 |   1.2955 |     44.228 |   1.2987 |     43.934 |     3.1
   51 |   1.2907 |     44.179 |   1.2926 |     43.809 |     3.1
   52 |   1.2850 |     44.031 |   1.2902 |     43.340 |     3.2
   53 |   1.2784 |     43.807 |   1.2841 |     43.402 |     3.2
   54 |   1.2752 |     43.698 |   1.2832 |     43.121 |     3.3
   55 |   1.2701 |     43.491 |   1.2777 |     43.215 |     3.4
   56 |   1.2641 |     43.141 |   1.2768 |     42.871 |     3.4
   57 |   1.2635 |     43.103 |   1.2756 |     42.964 |     3.5
   58 |   1.2542 |     42.813 |   1.2716 |     42.589 |     3.5
   59 |   1.2524 |     42.792 |   1.2668 |     42.402 |     3.6
   60 |   1.2448 |     42.448 |   1.2653 |     42.464 |     3.7
   61 |   1.2428 |     42.229 |   1.2660 |     41.870 |     3.7
   62 |   1.2351 |     41.972 |   1.2591 |     41.588 |     3.8
   63 |   1.2329 |     41.836 |   1.2620 |     41.495 |     3.9
   64 |   1.2277 |     41.858 |   1.2559 |     41.276 |     3.9
   65 |   1.2220 |     41.372 |   1.2575 |     41.557 |     4.0
   66 |   1.2180 |     41.388 |   1.2570 |     41.307 |     4.0
   67 |   1.2160 |     41.017 |   1.2502 |     41.213 |     4.1
   68 |   1.2080 |     40.990 |   1.2480 |     40.744 |     4.2
   69 |   1.2040 |     40.831 |   1.2448 |     40.838 |     4.2
   70 |   1.2009 |     40.689 |   1.2468 |     41.338 |     4.3
   71 |   1.1966 |     40.574 |   1.2438 |     40.869 |     4.3
   72 |   1.1924 |     40.553 |   1.2376 |     40.525 |     4.4
   73 |   1.1871 |     40.405 |   1.2365 |     40.775 |     4.5
   74 |   1.1823 |     39.854 |   1.2369 |     40.807 |     4.5
   75 |   1.1795 |     39.908 |   1.2343 |     40.713 |     4.6
   76 |   1.1756 |     39.635 |   1.2312 |     40.025 |     4.6
   77 |   1.1687 |     39.575 |   1.2315 |     40.306 |     4.7
   78 |   1.1677 |     39.351 |   1.2349 |     40.557 |     4.8
   79 |   1.1624 |     39.466 |   1.2352 |     40.494 |     4.8
   80 |   1.1602 |     39.286 |   1.2295 |     40.150 |     4.9
   81 |   1.1547 |     39.302 |   1.2250 |     40.119 |     4.9
   82 |   1.1492 |     38.860 |   1.2271 |     40.025 |     5.0
   83 |   1.1462 |     38.860 |   1.2266 |     40.338 |     5.1
   84 |   1.1414 |     38.756 |   1.2211 |     39.869 |     5.1
   85 |   1.1370 |     38.423 |   1.2187 |     39.837 |     5.2
   86 |   1.1332 |     38.614 |   1.2180 |     39.775 |     5.3
   87 |   1.1284 |     38.292 |   1.2136 |     39.650 |     5.3
   88 |   1.1226 |     38.177 |   1.2163 |     39.931 |     5.4
   89 |   1.1170 |     37.926 |   1.2104 |     39.619 |     5.4
   90 |   1.1165 |     37.746 |   1.2129 |     39.650 |     5.5
   91 |   1.1111 |     37.560 |   1.2049 |     39.337 |     5.6
   92 |   1.1060 |     37.407 |   1.2025 |     39.587 |     5.6
   93 |   1.1049 |     37.779 |   1.2011 |     39.493 |     5.7
   94 |   1.1011 |     37.353 |   1.2088 |     39.525 |     5.7
   95 |   1.0961 |     37.353 |   1.2046 |     39.619 |     5.8
   96 |   1.0918 |     37.205 |   1.2005 |     39.556 |     5.9
   97 |   1.0887 |     37.041 |   1.2027 |     38.899 |     5.9
   98 |   1.0849 |     36.877 |   1.1995 |     38.618 |     6.0
   99 |   1.0850 |     36.877 |   1.1930 |     38.993 |     6.0
  100 |   1.0779 |     36.741 |   1.1909 |     39.024 |     6.1
  101 |   1.0735 |     36.490 |   1.1940 |     39.024 |     6.2
  102 |   1.0712 |     36.397 |   1.1919 |     39.869 |     6.2
  103 |   1.0671 |     36.293 |   1.1906 |     38.837 |     6.3
  104 |   1.0628 |     36.195 |   1.1904 |     38.743 |     6.4
  105 |   1.0595 |     36.026 |   1.1864 |     38.931 |     6.4
  106 |   1.0580 |     35.742 |   1.1828 |     38.899 |     6.5
  107 |   1.0513 |     35.949 |   1.1837 |     38.806 |     6.5
  108 |   1.0494 |     35.813 |   1.1845 |     38.430 |     6.6
  109 |   1.0460 |     35.692 |   1.1910 |     38.837 |     6.7
  110 |   1.0423 |     35.365 |   1.1786 |     38.368 |     6.7
  111 |   1.0392 |     35.250 |   1.1819 |     38.274 |     6.8
  112 |   1.0340 |     35.081 |   1.1821 |     38.430 |     6.8
  113 |   1.0340 |     35.469 |   1.1833 |     38.837 |     6.9
  114 |   1.0288 |     34.993 |   1.1774 |     38.305 |     7.0
  115 |   1.0212 |     34.704 |   1.1800 |     38.399 |     7.0
  116 |   1.0201 |     34.677 |   1.1801 |     38.462 |     7.1
  117 |   1.0187 |     34.655 |   1.1758 |     38.243 |     7.1
  118 |   1.0155 |     34.502 |   1.1777 |     37.930 |     7.2
  119 |   1.0114 |     34.442 |   1.1701 |     37.961 |     7.3
  120 |   1.0100 |     34.338 |   1.1755 |     37.867 |     7.3
  121 |   1.0050 |     34.442 |   1.1703 |     37.836 |     7.4
  122 |   0.9987 |     34.125 |   1.1758 |     37.586 |     7.4
  123 |   0.9949 |     33.950 |   1.1739 |     38.086 |     7.5
  124 |   0.9940 |     33.890 |   1.1670 |     37.492 |     7.6
  125 |   0.9924 |     33.776 |   1.1645 |     37.555 |     7.6
  126 |   0.9866 |     33.563 |   1.1683 |     37.774 |     7.7
  127 |   0.9842 |     33.688 |   1.1634 |     37.742 |     7.8
  128 |   0.9844 |     33.503 |   1.1675 |     37.523 |     7.8
  129 |   0.9770 |     33.038 |   1.1666 |     37.367 |     7.9
  130 |   0.9779 |     33.344 |   1.1721 |     37.586 |     7.9
  131 |   0.9800 |     33.404 |   1.1748 |     37.555 |     8.0
Early stopping

Model: Seq2Seq Multimodal Bi-LSTM
Source index: <Seq2Seq Index with 44 items>
Target index: <Seq2Seq Index with 34 items>
Encoder embedding dimension: 128
Descriptors dimension: 1136
Decoder embedding dimension: 128
Encoder hidden units: 64
Encoder layers: 3
Decoder hidden units: 64
Decoder layers: 4
Dropout: 0.1
Trainable parameters: 764,002

Training started
X_train.shape: torch.Size([3052, 702])
Y_train.shape: torch.Size([3052, 7])
X_dev.shape: torch.Size([533, 266])
Y_dev.shape: torch.Size([533, 7])
Epochs: 500
Learning rate: 0.0001
Weight decay: 0.0001
Epoch | Train                 | Development           | Minutes
      | Loss     | Error Rate | Loss     | Error Rate |
---------------------------------------------------------------
    1 |   3.4599 |     88.554 |   3.2505 |     80.863 |     0.0
    2 |   2.8905 |     82.782 |   2.6627 |     83.333 |     0.1
    3 |   2.5665 |     64.744 |   2.4126 |     58.318 |     0.1
    4 |   2.3440 |     58.732 |   2.2240 |     58.318 |     0.1
    5 |   2.1965 |     57.809 |   2.1038 |     58.318 |     0.1
    6 |   2.0934 |     56.990 |   2.0168 |     58.318 |     0.2
    7 |   2.0105 |     55.881 |   1.9409 |     53.002 |     0.2
    8 |   1.9388 |     52.168 |   1.8750 |     47.749 |     0.2
    9 |   1.8738 |     49.984 |   1.8187 |     47.749 |     0.3
   10 |   1.8179 |     49.443 |   1.7675 |     47.717 |     0.3
   11 |   1.7693 |     49.170 |   1.7199 |     47.749 |     0.3
   12 |   1.7224 |     48.919 |   1.6771 |     47.749 |     0.3
   13 |   1.6807 |     48.853 |   1.6373 |     47.749 |     0.4
   14 |   1.6420 |     48.662 |   1.6010 |     47.749 |     0.4
   15 |   1.6083 |     46.762 |   1.5691 |     45.153 |     0.4
   16 |   1.5777 |     46.221 |   1.5428 |     45.153 |     0.4
   17 |   1.5528 |     46.210 |   1.5204 |     45.153 |     0.5
   18 |   1.5327 |     46.216 |   1.5023 |     45.153 |     0.5
   19 |   1.5161 |     46.216 |   1.4874 |     45.153 |     0.5
   20 |   1.5026 |     46.221 |   1.4763 |     45.122 |     0.6
   21 |   1.4903 |     46.227 |   1.4648 |     45.122 |     0.6
   22 |   1.4793 |     46.221 |   1.4536 |     45.153 |     0.6
   23 |   1.4698 |     46.216 |   1.4440 |     45.153 |     0.6
   24 |   1.4605 |     46.205 |   1.4354 |     45.122 |     0.7
   25 |   1.4500 |     46.216 |   1.4253 |     45.153 |     0.7
   26 |   1.4385 |     46.227 |   1.4138 |     45.122 |     0.7
   27 |   1.4240 |     46.221 |   1.3999 |     45.153 |     0.7
   28 |   1.4078 |     46.216 |   1.3857 |     45.153 |     0.8
   29 |   1.3940 |     46.232 |   1.3751 |     45.153 |     0.8
   30 |   1.3828 |     46.205 |   1.3627 |     45.184 |     0.8
   31 |   1.3717 |     45.926 |   1.3552 |     44.528 |     0.8
   32 |   1.3631 |     45.528 |   1.3456 |     44.215 |     0.9
   33 |   1.3524 |     45.063 |   1.3372 |     43.965 |     0.9
   34 |   1.3453 |     44.829 |   1.3313 |     43.934 |     0.9
   35 |   1.3369 |     44.599 |   1.3297 |     43.840 |     1.0
   36 |   1.3306 |     44.490 |   1.3177 |     43.621 |     1.0
   37 |   1.3229 |     44.222 |   1.3115 |     43.558 |     1.0
   38 |   1.3158 |     44.146 |   1.3074 |     43.684 |     1.0
   39 |   1.3097 |     43.933 |   1.3005 |     43.527 |     1.1
   40 |   1.3016 |     43.715 |   1.2935 |     43.121 |     1.1
   41 |   1.2972 |     43.698 |   1.2912 |     43.183 |     1.1
   42 |   1.2904 |     43.403 |   1.2834 |     42.808 |     1.1
   43 |   1.2836 |     43.283 |   1.2787 |     42.777 |     1.2
   44 |   1.2793 |     43.103 |   1.2733 |     42.777 |     1.2
   45 |   1.2707 |     43.103 |   1.2692 |     42.402 |     1.2
   46 |   1.2657 |     42.846 |   1.2640 |     42.276 |     1.3
   47 |   1.2586 |     42.693 |   1.2619 |     42.402 |     1.3
   48 |   1.2528 |     42.617 |   1.2591 |     42.402 |     1.3
   49 |   1.2472 |     42.519 |   1.2513 |     42.276 |     1.3
   50 |   1.2402 |     42.180 |   1.2515 |     41.995 |     1.4
   51 |   1.2362 |     42.300 |   1.2424 |     41.839 |     1.4
   52 |   1.2281 |     41.983 |   1.2433 |     42.089 |     1.4
   53 |   1.2226 |     41.814 |   1.2432 |     41.964 |     1.4
   54 |   1.2187 |     41.754 |   1.2390 |     41.870 |     1.5
   55 |   1.2146 |     41.612 |   1.2350 |     41.495 |     1.5
   56 |   1.2077 |     41.328 |   1.2381 |     41.932 |     1.5
   57 |   1.2062 |     41.388 |   1.2267 |     41.495 |     1.6
   58 |   1.1979 |     41.039 |   1.2302 |     41.964 |     1.6
   59 |   1.1951 |     41.088 |   1.2260 |     41.401 |     1.6
   60 |   1.1880 |     40.749 |   1.2225 |     40.963 |     1.6
   61 |   1.1854 |     40.585 |   1.2192 |     40.744 |     1.7
   62 |   1.1763 |     40.285 |   1.2147 |     41.026 |     1.7
   63 |   1.1725 |     39.865 |   1.2146 |     40.775 |     1.7
   64 |   1.1683 |     39.930 |   1.2127 |     40.869 |     1.7
   65 |   1.1639 |     39.766 |   1.2153 |     40.807 |     1.8
   66 |   1.1622 |     39.482 |   1.2108 |     40.713 |     1.8
   67 |   1.1541 |     39.422 |   1.2040 |     40.432 |     1.8
   68 |   1.1543 |     39.231 |   1.2001 |     40.275 |     1.8
   69 |   1.1489 |     38.936 |   1.1992 |     40.025 |     1.9
   70 |   1.1421 |     38.860 |   1.1974 |     39.994 |     1.9
   71 |   1.1394 |     38.761 |   1.2008 |     39.837 |     1.9
   72 |   1.1341 |     38.505 |   1.1997 |     39.837 |     2.0
   73 |   1.1322 |     38.079 |   1.1962 |     39.775 |     2.0
   74 |   1.1258 |     37.937 |   1.1970 |     39.775 |     2.0
   75 |   1.1244 |     37.888 |   1.1929 |     39.400 |     2.0
   76 |   1.1181 |     37.691 |   1.1943 |     39.462 |     2.1
   77 |   1.1197 |     37.866 |   1.1861 |     39.650 |     2.1
   78 |   1.1138 |     37.456 |   1.1892 |     39.681 |     2.1
   79 |   1.1075 |     37.292 |   1.1870 |     39.337 |     2.1
   80 |   1.1069 |     37.522 |   1.1889 |     39.337 |     2.2
   81 |   1.0990 |     36.938 |   1.1838 |     39.306 |     2.2
   82 |   1.1004 |     36.927 |   1.1828 |     39.024 |     2.2
   83 |   1.0930 |     37.052 |   1.1811 |     39.181 |     2.3
   84 |   1.0898 |     36.921 |   1.1838 |     39.400 |     2.3
   85 |   1.0859 |     36.468 |   1.1800 |     38.899 |     2.3
   86 |   1.0826 |     36.517 |   1.1809 |     39.275 |     2.3
   87 |   1.0789 |     36.435 |   1.1771 |     38.993 |     2.4
   88 |   1.0731 |     35.965 |   1.1769 |     39.368 |     2.4
   89 |   1.0697 |     36.184 |   1.1824 |     38.899 |     2.4
   90 |   1.0684 |     35.807 |   1.1729 |     38.837 |     2.4
   91 |   1.0650 |     36.009 |   1.1691 |     38.712 |     2.5
   92 |   1.0603 |     36.009 |   1.1711 |     38.837 |     2.5
   93 |   1.0589 |     35.753 |   1.1703 |     39.056 |     2.5
   94 |   1.0501 |     35.332 |   1.1752 |     38.712 |     2.6
   95 |   1.0507 |     35.561 |   1.1746 |     38.931 |     2.6
   96 |   1.0448 |     35.452 |   1.1669 |     38.305 |     2.6
   97 |   1.0430 |     35.174 |   1.1620 |     38.555 |     2.6
   98 |   1.0396 |     35.266 |   1.1602 |     38.649 |     2.7
   99 |   1.0338 |     35.054 |   1.1583 |     38.149 |     2.7
  100 |   1.0332 |     34.912 |   1.1643 |     38.399 |     2.7
  101 |   1.0286 |     34.797 |   1.1676 |     38.493 |     2.7
  102 |   1.0287 |     34.791 |   1.1641 |     38.524 |     2.8
  103 |   1.0262 |     34.666 |   1.1623 |     37.992 |     2.8
Early stopping

Model: Seq2Seq Multimodal Bi-LSTM
Source index: <Seq2Seq Index with 44 items>
Target index: <Seq2Seq Index with 34 items>
Encoder embedding dimension: 128
Descriptors dimension: 1136
Decoder embedding dimension: 64
Encoder hidden units: 32
Encoder layers: 2
Decoder hidden units: 128
Decoder layers: 3
Dropout: 0.2
Trainable parameters: 551,906

Training started
X_train.shape: torch.Size([3052, 702])
Y_train.shape: torch.Size([3052, 7])
X_dev.shape: torch.Size([533, 266])
Y_dev.shape: torch.Size([533, 7])
Epochs: 500
Learning rate: 0.001
Weight decay: 0.0001
Epoch | Train                 | Development           | Minutes
      | Loss     | Error Rate | Loss     | Error Rate |
---------------------------------------------------------------
    1 |   2.2728 |     61.654 |   1.6402 |     47.749 |     0.0
    2 |   1.5032 |     46.516 |   1.4104 |     45.278 |     0.0
    3 |   1.3990 |     45.970 |   1.3461 |     44.090 |     0.0
    4 |   1.3406 |     44.075 |   1.3042 |     43.527 |     0.1
    5 |   1.2943 |     42.928 |   1.2671 |     42.151 |     0.1
    6 |   1.2608 |     41.754 |   1.2530 |     41.651 |     0.1
    7 |   1.2321 |     41.235 |   1.2344 |     41.370 |     0.1
    8 |   1.2040 |     40.760 |   1.2027 |     39.243 |     0.1
    9 |   1.1697 |     39.548 |   1.1691 |     38.555 |     0.1
   10 |   1.1331 |     38.417 |   1.1637 |     38.555 |     0.1
   11 |   1.1012 |     37.238 |   1.1428 |     38.211 |     0.1
   12 |   1.0637 |     36.053 |   1.1127 |     36.836 |     0.2
   13 |   1.0299 |     34.770 |   1.0916 |     36.304 |     0.2
   14 |   0.9913 |     33.426 |   1.0583 |     35.084 |     0.2
   15 |   0.9436 |     31.389 |   1.0356 |     34.490 |     0.2
   16 |   0.9157 |     30.608 |   1.0226 |     32.896 |     0.2
   17 |   0.8708 |     28.752 |   1.0113 |     32.427 |     0.2
   18 |   0.8464 |     28.255 |   1.0049 |     32.020 |     0.2
   19 |   0.8029 |     26.502 |   0.9672 |     30.363 |     0.3
   20 |   0.7758 |     25.846 |   0.9719 |     31.457 |     0.3
   21 |   0.7470 |     24.803 |   0.9563 |     29.987 |     0.3
   22 |   0.7172 |     23.782 |   0.9619 |     30.457 |     0.3
   23 |   0.6950 |     23.192 |   0.9525 |     29.644 |     0.3
   24 |   0.6616 |     22.117 |   0.9335 |     28.643 |     0.3
   25 |   0.6447 |     21.401 |   0.9227 |     28.518 |     0.3
   26 |   0.6149 |     20.173 |   0.9436 |     28.580 |     0.3
   27 |   0.5858 |     19.130 |   0.9471 |     28.893 |     0.4
   28 |   0.5773 |     18.977 |   0.9590 |     28.799 |     0.4
   29 |   0.5588 |     18.540 |   0.9390 |     27.642 |     0.4
Early stopping

Model: Seq2Seq Multimodal Bi-LSTM
Source index: <Seq2Seq Index with 44 items>
Target index: <Seq2Seq Index with 34 items>
Encoder embedding dimension: 64
Descriptors dimension: 1136
Decoder embedding dimension: 64
Encoder hidden units: 32
Encoder layers: 4
Decoder hidden units: 128
Decoder layers: 4
Dropout: 0.2
Trainable parameters: 832,802

Training started
X_train.shape: torch.Size([3052, 702])
Y_train.shape: torch.Size([3052, 7])
X_dev.shape: torch.Size([533, 266])
Y_dev.shape: torch.Size([533, 7])
Epochs: 500
Learning rate: 0.001
Weight decay: 0.0001
Epoch | Train                 | Development           | Minutes
      | Loss     | Error Rate | Loss     | Error Rate |
---------------------------------------------------------------
    1 |   2.3273 |     62.025 |   1.6815 |     47.749 |     0.0
    2 |   1.5226 |     46.636 |   1.4196 |     45.153 |     0.0
    3 |   1.4229 |     46.423 |   1.3953 |     45.153 |     0.1
    4 |   1.3998 |     46.227 |   1.3683 |     44.684 |     0.1
    5 |   1.3562 |     44.900 |   1.3252 |     43.652 |     0.1
    6 |   1.3213 |     44.173 |   1.2887 |     43.465 |     0.1
    7 |   1.2815 |     43.452 |   1.2621 |     42.714 |     0.2
    8 |   1.2534 |     42.644 |   1.2493 |     42.808 |     0.2
    9 |   1.2289 |     42.038 |   1.2346 |     41.995 |     0.2
   10 |   1.2059 |     41.410 |   1.2017 |     39.837 |     0.2
   11 |   1.1799 |     40.132 |   1.2039 |     41.213 |     0.2
   12 |   1.1614 |     39.624 |   1.1864 |     39.837 |     0.3
   13 |   1.1369 |     38.811 |   1.1598 |     39.587 |     0.3
   14 |   1.1131 |     38.106 |   1.1374 |     38.618 |     0.3
   15 |   1.0903 |     37.282 |   1.1294 |     37.774 |     0.3
   16 |   1.0633 |     36.091 |   1.1082 |     37.711 |     0.4
   17 |   1.0429 |     35.589 |   1.0994 |     36.054 |     0.4
   18 |   1.0239 |     34.944 |   1.0914 |     36.023 |     0.4
   19 |   1.0030 |     34.213 |   1.0939 |     36.523 |     0.4
   20 |   0.9865 |     33.508 |   1.0747 |     36.179 |     0.4
   21 |   0.9610 |     32.815 |   1.0761 |     35.272 |     0.5
   22 |   0.9477 |     32.389 |   1.0579 |     34.834 |     0.5
   23 |   0.9233 |     31.302 |   1.0552 |     34.553 |     0.5
   24 |   0.9094 |     31.018 |   1.0495 |     34.490 |     0.5
   25 |   0.8869 |     30.161 |   1.0565 |     34.772 |     0.6
   26 |   0.8672 |     29.811 |   1.0268 |     32.739 |     0.6
   27 |   0.8583 |     29.145 |   1.0078 |     31.520 |     0.6
   28 |   0.8307 |     28.282 |   1.0237 |     32.802 |     0.6
   29 |   0.8138 |     27.419 |   1.0235 |     33.740 |     0.7
   30 |   0.7900 |     26.556 |   0.9996 |     32.677 |     0.7
   31 |   0.7822 |     26.458 |   1.0138 |     32.427 |     0.7
   32 |   0.7661 |     25.879 |   1.0085 |     32.114 |     0.7
   33 |   0.7455 |     25.126 |   1.0209 |     31.426 |     0.7
   34 |   0.7284 |     24.072 |   1.0040 |     30.988 |     0.8
   35 |   0.7049 |     23.515 |   0.9908 |     31.144 |     0.8
   36 |   0.7021 |     23.187 |   0.9861 |     29.987 |     0.8
   37 |   0.6793 |     22.696 |   1.0086 |     32.083 |     0.8
   38 |   0.6669 |     22.128 |   0.9832 |     30.457 |     0.9
   39 |   0.6675 |     22.417 |   0.9868 |     29.800 |     0.9
   40 |   0.6329 |     20.855 |   0.9911 |     30.019 |     0.9
   41 |   0.6228 |     20.735 |   0.9791 |     29.987 |     0.9
   42 |   0.6170 |     20.451 |   0.9618 |     29.143 |     0.9
   43 |   0.6090 |     20.402 |   0.9757 |     29.174 |     1.0
   44 |   0.5919 |     19.725 |   0.9851 |     29.644 |     1.0
   45 |   0.5843 |     19.310 |   0.9565 |     28.612 |     1.0
   46 |   0.5701 |     18.851 |   0.9543 |     28.018 |     1.0
   47 |   0.5586 |     18.578 |   0.9944 |     30.238 |     1.1
   48 |   0.5412 |     17.857 |   0.9561 |     27.611 |     1.1
   49 |   0.5421 |     18.092 |   0.9748 |     28.987 |     1.1
   50 |   0.5299 |     17.737 |   0.9758 |     27.705 |     1.1
Early stopping

Model: Seq2Seq Multimodal Bi-LSTM
Source index: <Seq2Seq Index with 44 items>
Target index: <Seq2Seq Index with 34 items>
Encoder embedding dimension: 128
Descriptors dimension: 1136
Decoder embedding dimension: 64
Encoder hidden units: 128
Encoder layers: 3
Decoder hidden units: 64
Decoder layers: 2
Dropout: 0.1
Trainable parameters: 1,813,666

Training started
X_train.shape: torch.Size([3052, 702])
Y_train.shape: torch.Size([3052, 7])
X_dev.shape: torch.Size([533, 266])
Y_dev.shape: torch.Size([533, 7])
Epochs: 500
Learning rate: 0.0001
Weight decay: 1e-05
Epoch | Train                 | Development           | Minutes
      | Loss     | Error Rate | Loss     | Error Rate |
---------------------------------------------------------------
    1 |   3.2672 |     75.928 |   2.8991 |     67.699 |     0.1
    2 |   2.7133 |     67.229 |   2.5373 |     66.886 |     0.1
    3 |   2.4652 |     62.445 |   2.3513 |     58.318 |     0.2
    4 |   2.3125 |     59.043 |   2.2247 |     58.099 |     0.2
    5 |   2.1999 |     58.159 |   2.1273 |     58.099 |     0.3
    6 |   2.1070 |     57.416 |   2.0400 |     56.567 |     0.4
    7 |   2.0256 |     56.739 |   1.9652 |     54.440 |     0.4
    8 |   1.9522 |     55.297 |   1.8940 |     52.314 |     0.5
    9 |   1.8829 |     51.775 |   1.8300 |     49.437 |     0.6
   10 |   1.8165 |     49.530 |   1.7663 |     47.967 |     0.6
   11 |   1.7541 |     48.154 |   1.7090 |     45.591 |     0.7
   12 |   1.6996 |     46.636 |   1.6591 |     45.184 |     0.8
   13 |   1.6539 |     46.450 |   1.6194 |     45.184 |     0.8
   14 |   1.6154 |     46.461 |   1.5833 |     45.247 |     0.9
   15 |   1.5799 |     46.166 |   1.5515 |     45.059 |     0.9
   16 |   1.5490 |     45.839 |   1.5236 |     45.059 |     1.0
   17 |   1.5191 |     45.615 |   1.4958 |     44.966 |     1.1
   18 |   1.4919 |     45.473 |   1.4707 |     44.747 |     1.1
   19 |   1.4663 |     45.249 |   1.4517 |     44.747 |     1.2
   20 |   1.4448 |     44.829 |   1.4300 |     44.371 |     1.3
   21 |   1.4224 |     44.272 |   1.4125 |     43.621 |     1.3
   22 |   1.4034 |     43.895 |   1.3938 |     43.496 |     1.4
   23 |   1.3857 |     43.414 |   1.3780 |     42.996 |     1.4
   24 |   1.3666 |     43.207 |   1.3636 |     42.902 |     1.5
   25 |   1.3480 |     42.568 |   1.3490 |     42.183 |     1.6
   26 |   1.3309 |     42.251 |   1.3389 |     41.714 |     1.6
   27 |   1.3149 |     41.776 |   1.3215 |     41.213 |     1.7
   28 |   1.3002 |     41.017 |   1.3112 |     40.901 |     1.8
   29 |   1.2862 |     40.700 |   1.2985 |     40.869 |     1.8
   30 |   1.2695 |     39.728 |   1.2863 |     40.119 |     1.9
   31 |   1.2554 |     39.406 |   1.2720 |     39.994 |     1.9
   32 |   1.2373 |     38.778 |   1.2649 |     39.650 |     2.0
   33 |   1.2233 |     38.052 |   1.2493 |     38.712 |     2.1
   34 |   1.2080 |     37.675 |   1.2419 |     38.680 |     2.1
   35 |   1.1930 |     36.927 |   1.2317 |     38.462 |     2.2
   36 |   1.1806 |     36.364 |   1.2227 |     37.711 |     2.3
   37 |   1.1653 |     35.987 |   1.2084 |     37.899 |     2.3
   38 |   1.1503 |     35.370 |   1.2043 |     37.711 |     2.4
   39 |   1.1387 |     34.895 |   1.1996 |     37.179 |     2.4
   40 |   1.1225 |     34.546 |   1.1879 |     37.148 |     2.5
   41 |   1.1112 |     34.180 |   1.1778 |     36.585 |     2.6
   42 |   1.0982 |     33.656 |   1.1706 |     35.960 |     2.6
   43 |   1.0849 |     33.306 |   1.1620 |     35.616 |     2.7
   44 |   1.0712 |     32.771 |   1.1579 |     35.366 |     2.8
   45 |   1.0559 |     32.383 |   1.1436 |     35.272 |     2.8
   46 |   1.0446 |     31.952 |   1.1447 |     35.679 |     2.9
   47 |   1.0345 |     31.537 |   1.1302 |     34.740 |     2.9
   48 |   1.0179 |     31.149 |   1.1243 |     34.490 |     3.0
   49 |   1.0049 |     30.455 |   1.1199 |     34.084 |     3.1
   50 |   0.9956 |     30.264 |   1.1133 |     34.459 |     3.1
   51 |   0.9825 |     29.685 |   1.1045 |     34.271 |     3.2
   52 |   0.9682 |     29.451 |   1.1051 |     33.646 |     3.3
   53 |   0.9565 |     29.074 |   1.0968 |     33.646 |     3.3
   54 |   0.9464 |     28.604 |   1.0917 |     33.396 |     3.4
   55 |   0.9310 |     28.064 |   1.0866 |     32.770 |     3.4
   56 |   0.9203 |     27.621 |   1.0783 |     33.114 |     3.5
   57 |   0.9122 |     27.392 |   1.0801 |     32.739 |     3.6
   58 |   0.8997 |     27.446 |   1.0680 |     32.208 |     3.6
   59 |   0.8870 |     26.524 |   1.0673 |     32.364 |     3.7
   60 |   0.8753 |     26.234 |   1.0619 |     32.583 |     3.8
   61 |   0.8647 |     25.814 |   1.0633 |     32.458 |     3.8
   62 |   0.8528 |     25.579 |   1.0589 |     31.770 |     3.9
   63 |   0.8422 |     25.339 |   1.0518 |     32.239 |     4.0
   64 |   0.8323 |     25.044 |   1.0436 |     31.426 |     4.0
   65 |   0.8218 |     24.585 |   1.0510 |     31.457 |     4.1
   66 |   0.8133 |     24.132 |   1.0499 |     31.582 |     4.1
   67 |   0.8020 |     24.061 |   1.0456 |     31.019 |     4.2
   68 |   0.7937 |     23.700 |   1.0436 |     31.113 |     4.3
   69 |   0.7847 |     23.362 |   1.0371 |     31.082 |     4.3
   70 |   0.7711 |     22.837 |   1.0298 |     31.144 |     4.4
   71 |   0.7601 |     22.532 |   1.0336 |     30.675 |     4.5
   72 |   0.7521 |     22.264 |   1.0235 |     31.207 |     4.5
   73 |   0.7424 |     22.133 |   1.0301 |     30.894 |     4.6
   74 |   0.7324 |     21.418 |   1.0163 |     30.582 |     4.6
   75 |   0.7241 |     21.347 |   1.0164 |     30.488 |     4.7
   76 |   0.7153 |     20.981 |   1.0113 |     30.707 |     4.8
   77 |   0.7097 |     21.134 |   1.0222 |     31.113 |     4.8
   78 |   0.6995 |     20.675 |   1.0210 |     30.769 |     4.9
   79 |   0.6945 |     20.429 |   1.0142 |     30.988 |     5.0
   80 |   0.6779 |     19.812 |   1.0094 |     30.175 |     5.0
   81 |   0.6702 |     19.555 |   1.0014 |     30.238 |     5.1
   82 |   0.6630 |     19.277 |   1.0145 |     30.769 |     5.2
   83 |   0.6564 |     19.080 |   1.0003 |     30.175 |     5.2
   84 |   0.6481 |     18.895 |   1.0012 |     30.238 |     5.3
   85 |   0.6403 |     18.567 |   1.0020 |     30.081 |     5.3
   86 |   0.6317 |     18.163 |   1.0031 |     29.612 |     5.4
   87 |   0.6215 |     17.999 |   0.9999 |     30.206 |     5.5
   88 |   0.6202 |     17.994 |   1.0014 |     29.862 |     5.5
   89 |   0.6067 |     17.595 |   0.9956 |     29.487 |     5.6
   90 |   0.6053 |     17.584 |   1.0000 |     29.706 |     5.7
   91 |   0.5918 |     17.224 |   0.9932 |     29.581 |     5.7
   92 |   0.5872 |     16.972 |   0.9874 |     29.706 |     5.8
   93 |   0.5809 |     16.574 |   0.9924 |     29.300 |     5.8
   94 |   0.5755 |     16.579 |   0.9989 |     29.487 |     5.9
   95 |   0.5650 |     16.432 |   0.9943 |     28.956 |     6.0
   96 |   0.5594 |     16.383 |   0.9967 |     29.300 |     6.0
Early stopping

Model: Seq2Seq Multimodal Bi-LSTM
Source index: <Seq2Seq Index with 44 items>
Target index: <Seq2Seq Index with 34 items>
Encoder embedding dimension: 64
Descriptors dimension: 1136
Decoder embedding dimension: 128
Encoder hidden units: 64
Encoder layers: 2
Decoder hidden units: 128
Decoder layers: 4
Dropout: 0.0
Trainable parameters: 933,282

Training started
X_train.shape: torch.Size([3052, 702])
Y_train.shape: torch.Size([3052, 7])
X_dev.shape: torch.Size([533, 266])
Y_dev.shape: torch.Size([533, 7])
Epochs: 500
Learning rate: 0.0001
Weight decay: 1e-05
Epoch | Train                 | Development           | Minutes
      | Loss     | Error Rate | Loss     | Error Rate |
---------------------------------------------------------------
    1 |   3.2136 |     83.978 |   2.7115 |     83.333 |     0.0
    2 |   2.4955 |     67.355 |   2.2249 |     58.318 |     0.0
    3 |   2.1057 |     57.542 |   1.9757 |     58.036 |     0.1
    4 |   1.9194 |     50.928 |   1.8305 |     47.749 |     0.1
    5 |   1.7917 |     48.788 |   1.7230 |     47.749 |     0.1
    6 |   1.6966 |     48.788 |   1.6393 |     47.749 |     0.1
    7 |   1.6197 |     48.777 |   1.5708 |     47.749 |     0.1
    8 |   1.5572 |     46.571 |   1.5173 |     45.153 |     0.1
    9 |   1.5143 |     46.210 |   1.4810 |     45.153 |     0.2
   10 |   1.4865 |     46.210 |   1.4567 |     45.153 |     0.2
   11 |   1.4657 |     46.210 |   1.4391 |     45.153 |     0.2
   12 |   1.4503 |     46.210 |   1.4277 |     45.153 |     0.2
   13 |   1.4399 |     46.210 |   1.4159 |     45.153 |     0.2
   14 |   1.4292 |     46.210 |   1.4092 |     45.184 |     0.2
   15 |   1.4217 |     46.216 |   1.4062 |     44.903 |     0.3
   16 |   1.4137 |     46.112 |   1.3958 |     44.966 |     0.3
   17 |   1.4057 |     45.970 |   1.3910 |     45.184 |     0.3
   18 |   1.3984 |     45.833 |   1.3830 |     44.778 |     0.3
   19 |   1.3916 |     45.746 |   1.3749 |     44.903 |     0.3
   20 |   1.3821 |     45.795 |   1.3700 |     44.903 |     0.3
   21 |   1.3733 |     45.506 |   1.3676 |     44.778 |     0.4
   22 |   1.3658 |     45.429 |   1.3563 |     44.497 |     0.4
   23 |   1.3575 |     44.889 |   1.3527 |     44.090 |     0.4
   24 |   1.3481 |     44.446 |   1.3383 |     44.153 |     0.4
   25 |   1.3362 |     44.124 |   1.3312 |     43.621 |     0.4
   26 |   1.3257 |     43.725 |   1.3229 |     43.246 |     0.4
   27 |   1.3158 |     43.485 |   1.3126 |     43.465 |     0.5
   28 |   1.3037 |     43.343 |   1.3090 |     43.402 |     0.5
   29 |   1.2948 |     42.906 |   1.2994 |     42.839 |     0.5
   30 |   1.2828 |     42.448 |   1.2957 |     42.933 |     0.5
   31 |   1.2734 |     42.082 |   1.2901 |     42.964 |     0.5
   32 |   1.2624 |     41.781 |   1.2856 |     42.871 |     0.5
   33 |   1.2561 |     41.645 |   1.2805 |     42.495 |     0.6
   34 |   1.2452 |     41.290 |   1.2777 |     42.558 |     0.6
   35 |   1.2369 |     41.131 |   1.2758 |     42.964 |     0.6
   36 |   1.2292 |     41.006 |   1.2669 |     42.620 |     0.6
   37 |   1.2206 |     40.711 |   1.2669 |     42.683 |     0.6
   38 |   1.2126 |     40.766 |   1.2623 |     42.839 |     0.7
   39 |   1.2036 |     40.553 |   1.2559 |     42.464 |     0.7
   40 |   1.1928 |     40.280 |   1.2555 |     42.558 |     0.7
   41 |   1.1867 |     40.149 |   1.2513 |     42.276 |     0.7
   42 |   1.1786 |     39.930 |   1.2551 |     42.308 |     0.7
   43 |   1.1712 |     39.663 |   1.2534 |     42.183 |     0.7
   44 |   1.1615 |     39.553 |   1.2545 |     41.964 |     0.8
   45 |   1.1518 |     39.182 |   1.2428 |     42.026 |     0.8
   46 |   1.1442 |     39.035 |   1.2401 |     41.932 |     0.8
   47 |   1.1371 |     38.865 |   1.2465 |     42.058 |     0.8
   48 |   1.1270 |     38.718 |   1.2383 |     41.495 |     0.8
   49 |   1.1199 |     38.456 |   1.2334 |     41.557 |     0.8
   50 |   1.1116 |     38.172 |   1.2369 |     41.495 |     0.9
   51 |   1.1022 |     38.068 |   1.2295 |     40.901 |     0.9
   52 |   1.0954 |     37.664 |   1.2276 |     40.557 |     0.9
   53 |   1.0837 |     37.216 |   1.2306 |     40.463 |     0.9
   54 |   1.0767 |     36.970 |   1.2237 |     40.119 |     0.9
   55 |   1.0678 |     36.725 |   1.2289 |     40.150 |     0.9
   56 |   1.0585 |     36.479 |   1.2206 |     39.837 |     1.0
   57 |   1.0501 |     35.824 |   1.2198 |     39.994 |     1.0
   58 |   1.0398 |     35.654 |   1.2137 |     39.587 |     1.0
   59 |   1.0341 |     35.403 |   1.2063 |     39.243 |     1.0
   60 |   1.0238 |     34.961 |   1.2129 |     39.493 |     1.0
   61 |   1.0155 |     34.649 |   1.2138 |     39.400 |     1.0
   62 |   1.0056 |     34.163 |   1.2065 |     39.275 |     1.1
   63 |   0.9969 |     33.776 |   1.1975 |     38.524 |     1.1
   64 |   0.9880 |     33.656 |   1.2025 |     38.618 |     1.1
   65 |   0.9771 |     33.295 |   1.2081 |     38.399 |     1.1
   66 |   0.9676 |     32.634 |   1.1966 |     38.430 |     1.1
   67 |   0.9576 |     32.187 |   1.2026 |     37.992 |     1.1
   68 |   0.9473 |     31.995 |   1.2026 |     38.430 |     1.2
   69 |   0.9388 |     31.477 |   1.1886 |     38.086 |     1.2
   70 |   0.9286 |     31.231 |   1.2054 |     38.180 |     1.2
   71 |   0.9213 |     31.111 |   1.1912 |     37.211 |     1.2
   72 |   0.9094 |     30.368 |   1.1872 |     36.585 |     1.2
   73 |   0.9016 |     30.324 |   1.1962 |     37.305 |     1.2
   74 |   0.8928 |     29.472 |   1.2036 |     37.305 |     1.3
   75 |   0.8841 |     29.478 |   1.1884 |     37.023 |     1.3
   76 |   0.8742 |     28.926 |   1.1752 |     36.836 |     1.3
   77 |   0.8646 |     28.304 |   1.1825 |     36.804 |     1.3
   78 |   0.8530 |     27.916 |   1.1872 |     36.679 |     1.3
   79 |   0.8424 |     26.933 |   1.1763 |     36.179 |     1.3
   80 |   0.8356 |     26.660 |   1.1823 |     36.241 |     1.4
Early stopping

Model: Seq2Seq Multimodal Bi-LSTM
Source index: <Seq2Seq Index with 44 items>
Target index: <Seq2Seq Index with 34 items>
Encoder embedding dimension: 64
Descriptors dimension: 1136
Decoder embedding dimension: 64
Encoder hidden units: 64
Encoder layers: 4
Decoder hidden units: 128
Decoder layers: 2
Dropout: 0.0
Trainable parameters: 1,093,026

Training started
X_train.shape: torch.Size([3052, 702])
Y_train.shape: torch.Size([3052, 7])
X_dev.shape: torch.Size([533, 266])
Y_dev.shape: torch.Size([533, 7])
Epochs: 500
Learning rate: 0.0001
Weight decay: 1e-05
Epoch | Train                 | Development           | Minutes
      | Loss     | Error Rate | Loss     | Error Rate |
---------------------------------------------------------------
    1 |   3.1091 |     82.126 |   2.5379 |     60.725 |     0.0
    2 |   2.3027 |     58.486 |   2.1016 |     55.847 |     0.1
    3 |   2.0086 |     54.533 |   1.9006 |     49.593 |     0.1
    4 |   1.8399 |     48.777 |   1.7608 |     48.155 |     0.1
    5 |   1.7093 |     48.515 |   1.6402 |     47.530 |     0.2
    6 |   1.6072 |     48.558 |   1.5559 |     47.655 |     0.2
    7 |   1.5326 |     46.227 |   1.4935 |     44.903 |     0.2
    8 |   1.4764 |     45.997 |   1.4508 |     44.872 |     0.3
    9 |   1.4324 |     45.724 |   1.4074 |     44.653 |     0.3
   10 |   1.3961 |     44.818 |   1.3792 |     44.246 |     0.3
   11 |   1.3671 |     44.069 |   1.3512 |     42.402 |     0.3
   12 |   1.3378 |     42.480 |   1.3280 |     41.964 |     0.4
   13 |   1.3134 |     41.437 |   1.3051 |     41.370 |     0.4
   14 |   1.2870 |     40.553 |   1.2903 |     41.088 |     0.4
   15 |   1.2620 |     39.821 |   1.2680 |     39.619 |     0.5
   16 |   1.2401 |     39.089 |   1.2494 |     39.775 |     0.5
   17 |   1.2205 |     38.696 |   1.2367 |     39.306 |     0.5
   18 |   1.1995 |     38.057 |   1.2156 |     38.962 |     0.6
   19 |   1.1779 |     37.620 |   1.2002 |     38.618 |     0.6
   20 |   1.1597 |     37.085 |   1.1922 |     38.055 |     0.6
   21 |   1.1424 |     36.577 |   1.1777 |     37.742 |     0.7
   22 |   1.1236 |     35.911 |   1.1662 |     37.992 |     0.7
   23 |   1.1080 |     35.376 |   1.1530 |     37.336 |     0.7
   24 |   1.0918 |     34.933 |   1.1452 |     36.804 |     0.8
   25 |   1.0766 |     34.289 |   1.1394 |     36.492 |     0.8
   26 |   1.0605 |     33.929 |   1.1216 |     36.023 |     0.8
   27 |   1.0424 |     33.366 |   1.1221 |     36.366 |     0.9
   28 |   1.0328 |     33.017 |   1.1147 |     36.304 |     0.9
   29 |   1.0148 |     32.438 |   1.1005 |     35.710 |     0.9
   30 |   1.0011 |     32.110 |   1.0946 |     35.460 |     1.0
   31 |   0.9860 |     31.433 |   1.0885 |     35.210 |     1.0
   32 |   0.9715 |     30.931 |   1.0808 |     35.053 |     1.0
   33 |   0.9591 |     30.723 |   1.0740 |     34.240 |     1.0
   34 |   0.9435 |     29.931 |   1.0638 |     34.178 |     1.1
   35 |   0.9298 |     29.429 |   1.0541 |     34.146 |     1.1
   36 |   0.9173 |     29.068 |   1.0470 |     34.053 |     1.1
   37 |   0.9008 |     28.517 |   1.0383 |     33.521 |     1.2
   38 |   0.8901 |     27.960 |   1.0361 |     33.458 |     1.2
   39 |   0.8743 |     27.670 |   1.0259 |     32.645 |     1.2
   40 |   0.8597 |     26.993 |   1.0272 |     33.365 |     1.3
   41 |   0.8460 |     26.360 |   1.0242 |     32.208 |     1.3
   42 |   0.8339 |     25.737 |   1.0183 |     31.770 |     1.3
   43 |   0.8201 |     25.420 |   1.0066 |     31.801 |     1.4
   44 |   0.8058 |     24.842 |   0.9971 |     31.176 |     1.4
   45 |   0.7954 |     24.394 |   0.9934 |     30.957 |     1.4
   46 |   0.7796 |     23.913 |   0.9935 |     31.363 |     1.5
   47 |   0.7670 |     23.318 |   0.9797 |     31.051 |     1.5
   48 |   0.7551 |     22.941 |   0.9790 |     31.144 |     1.5
   49 |   0.7432 |     22.701 |   0.9777 |     31.207 |     1.6
   50 |   0.7297 |     21.997 |   0.9677 |     29.894 |     1.6
   51 |   0.7180 |     21.587 |   0.9670 |     30.363 |     1.6
   52 |   0.7050 |     21.156 |   0.9687 |     30.675 |     1.6
   53 |   0.6952 |     20.811 |   0.9518 |     29.737 |     1.7
   54 |   0.6814 |     20.331 |   0.9583 |     29.925 |     1.7
   55 |   0.6693 |     19.861 |   0.9578 |     29.987 |     1.7
   56 |   0.6581 |     19.616 |   0.9476 |     29.581 |     1.8
   57 |   0.6482 |     19.064 |   0.9397 |     29.268 |     1.8
   58 |   0.6371 |     18.747 |   0.9413 |     29.143 |     1.8
   59 |   0.6240 |     18.310 |   0.9384 |     28.705 |     1.9
   60 |   0.6174 |     18.065 |   0.9375 |     28.768 |     1.9
   61 |   0.6053 |     17.704 |   0.9375 |     28.705 |     1.9
   62 |   0.5935 |     17.202 |   0.9263 |     28.737 |     2.0
   63 |   0.5843 |     16.951 |   0.9332 |     28.299 |     2.0
   64 |   0.5722 |     16.432 |   0.9288 |     28.580 |     2.0
   65 |   0.5637 |     16.252 |   0.9291 |     28.424 |     2.1
   66 |   0.5539 |     16.224 |   0.9329 |     28.174 |     2.1
Early stopping

Model: Seq2Seq Multimodal Bi-LSTM
Source index: <Seq2Seq Index with 44 items>
Target index: <Seq2Seq Index with 34 items>
Encoder embedding dimension: 128
Descriptors dimension: 1136
Decoder embedding dimension: 128
Encoder hidden units: 32
Encoder layers: 4
Decoder hidden units: 128
Decoder layers: 4
Dropout: 0.0
Trainable parameters: 886,946

Training started
X_train.shape: torch.Size([3052, 702])
Y_train.shape: torch.Size([3052, 7])
X_dev.shape: torch.Size([533, 266])
Y_dev.shape: torch.Size([533, 7])
Epochs: 500
Learning rate: 0.0001
Weight decay: 1e-05
Epoch | Train                 | Development           | Minutes
      | Loss     | Error Rate | Loss     | Error Rate |
---------------------------------------------------------------
    1 |   3.2517 |     80.505 |   2.7272 |     83.333 |     0.0
    2 |   2.4446 |     64.597 |   2.1571 |     58.318 |     0.0
    3 |   2.0541 |     56.171 |   1.9348 |     53.033 |     0.1
    4 |   1.8832 |     50.546 |   1.7983 |     47.749 |     0.1
    5 |   1.7625 |     48.788 |   1.6934 |     47.749 |     0.1
    6 |   1.6674 |     48.788 |   1.6086 |     47.749 |     0.1
    7 |   1.5915 |     47.417 |   1.5414 |     45.153 |     0.2
    8 |   1.5340 |     46.210 |   1.4952 |     45.153 |     0.2
    9 |   1.4986 |     46.210 |   1.4656 |     45.153 |     0.2
   10 |   1.4720 |     46.210 |   1.4446 |     45.153 |     0.2
   11 |   1.4546 |     46.210 |   1.4300 |     45.153 |     0.2
   12 |   1.4409 |     46.210 |   1.4190 |     45.153 |     0.3
   13 |   1.4299 |     46.210 |   1.4066 |     45.153 |     0.3
   14 |   1.4187 |     46.210 |   1.3983 |     45.153 |     0.3
   15 |   1.4086 |     46.216 |   1.3883 |     45.153 |     0.3
   16 |   1.3965 |     46.216 |   1.3795 |     45.153 |     0.3
   17 |   1.3846 |     46.194 |   1.3690 |     45.122 |     0.4
   18 |   1.3740 |     45.877 |   1.3600 |     44.215 |     0.4
   19 |   1.3653 |     45.167 |   1.3543 |     44.090 |     0.4
   20 |   1.3565 |     45.003 |   1.3484 |     44.215 |     0.4
   21 |   1.3477 |     44.812 |   1.3454 |     44.371 |     0.5
   22 |   1.3400 |     44.730 |   1.3352 |     44.153 |     0.5
   23 |   1.3326 |     44.545 |   1.3343 |     43.621 |     0.5
   24 |   1.3251 |     44.468 |   1.3280 |     44.184 |     0.5
   25 |   1.3202 |     44.490 |   1.3277 |     44.059 |     0.5
   26 |   1.3147 |     44.348 |   1.3268 |     44.309 |     0.6
   27 |   1.3098 |     44.413 |   1.3197 |     43.996 |     0.6
   28 |   1.3065 |     44.277 |   1.3314 |     44.215 |     0.6
   29 |   1.3036 |     44.359 |   1.3153 |     43.277 |     0.6
   30 |   1.2947 |     44.004 |   1.3131 |     43.402 |     0.7
   31 |   1.2900 |     43.742 |   1.3085 |     43.215 |     0.7
   32 |   1.2860 |     43.715 |   1.3053 |     43.089 |     0.7
   33 |   1.2794 |     43.365 |   1.3043 |     43.246 |     0.7
   34 |   1.2767 |     43.289 |   1.3043 |     43.027 |     0.7
   35 |   1.2725 |     43.163 |   1.2976 |     42.777 |     0.8
   36 |   1.2679 |     43.065 |   1.2971 |     42.933 |     0.8
   37 |   1.2608 |     42.595 |   1.2943 |     43.027 |     0.8
   38 |   1.2565 |     42.338 |   1.2890 |     42.433 |     0.8
   39 |   1.2529 |     42.191 |   1.2886 |     42.745 |     0.8
   40 |   1.2462 |     41.863 |   1.2812 |     42.683 |     0.9
   41 |   1.2401 |     41.596 |   1.2807 |     42.402 |     0.9
   42 |   1.2324 |     41.585 |   1.2739 |     42.308 |     0.9
   43 |   1.2264 |     40.995 |   1.2706 |     42.089 |     0.9
   44 |   1.2198 |     40.706 |   1.2713 |     41.745 |     0.9
   45 |   1.2145 |     40.525 |   1.2649 |     41.588 |     1.0
   46 |   1.2046 |     40.225 |   1.2630 |     41.620 |     1.0
   47 |   1.1959 |     39.537 |   1.2540 |     41.276 |     1.0
   48 |   1.1889 |     39.444 |   1.2474 |     40.744 |     1.0
   49 |   1.1786 |     39.144 |   1.2456 |     40.807 |     1.1
   50 |   1.1674 |     38.882 |   1.2396 |     40.744 |     1.1
   51 |   1.1579 |     38.685 |   1.2391 |     40.901 |     1.1
   52 |   1.1492 |     38.483 |   1.2297 |     40.619 |     1.1
   53 |   1.1393 |     38.183 |   1.2251 |     40.119 |     1.1
   54 |   1.1311 |     38.019 |   1.2214 |     40.213 |     1.2
   55 |   1.1223 |     37.991 |   1.2127 |     39.900 |     1.2
   56 |   1.1118 |     37.445 |   1.2153 |     40.432 |     1.2
   57 |   1.1022 |     37.216 |   1.2135 |     40.088 |     1.2
   58 |   1.0941 |     37.101 |   1.2158 |     40.400 |     1.2
   59 |   1.0837 |     36.785 |   1.2023 |     39.650 |     1.3
   60 |   1.0750 |     36.714 |   1.1999 |     40.338 |     1.3
   61 |   1.0633 |     36.654 |   1.1987 |     39.806 |     1.3
   62 |   1.0515 |     35.922 |   1.2076 |     40.181 |     1.3
   63 |   1.0413 |     35.856 |   1.1902 |     39.556 |     1.3
   64 |   1.0326 |     35.474 |   1.1852 |     38.899 |     1.4
   65 |   1.0199 |     34.977 |   1.1870 |     39.681 |     1.4
   66 |   1.0091 |     34.578 |   1.1827 |     39.118 |     1.4
   67 |   0.9980 |     34.404 |   1.1762 |     38.837 |     1.4
   68 |   0.9830 |     33.415 |   1.1698 |     38.430 |     1.4
   69 |   0.9716 |     33.077 |   1.1772 |     38.430 |     1.5
   70 |   0.9570 |     32.711 |   1.1604 |     37.930 |     1.5
   71 |   0.9461 |     31.913 |   1.1597 |     37.742 |     1.5
   72 |   0.9343 |     31.215 |   1.1568 |     37.649 |     1.5
   73 |   0.9232 |     30.838 |   1.1457 |     36.742 |     1.6
   74 |   0.9084 |     30.406 |   1.1511 |     37.086 |     1.6
   75 |   0.9026 |     30.199 |   1.1463 |     37.211 |     1.6
   76 |   0.8882 |     29.216 |   1.1408 |     36.460 |     1.6
   77 |   0.8774 |     29.134 |   1.1495 |     36.648 |     1.6
   78 |   0.8635 |     28.238 |   1.1375 |     36.116 |     1.7
   79 |   0.8520 |     27.698 |   1.1304 |     35.522 |     1.7
   80 |   0.8419 |     27.321 |   1.1403 |     35.366 |     1.7
   81 |   0.8295 |     26.808 |   1.1305 |     34.991 |     1.7
   82 |   0.8172 |     26.393 |   1.1320 |     35.022 |     1.7
   83 |   0.8101 |     25.994 |   1.1376 |     34.584 |     1.8
Early stopping

Model: Seq2Seq Multimodal Bi-LSTM
Source index: <Seq2Seq Index with 44 items>
Target index: <Seq2Seq Index with 34 items>
Encoder embedding dimension: 64
Descriptors dimension: 1136
Decoder embedding dimension: 64
Encoder hidden units: 32
Encoder layers: 4
Decoder hidden units: 64
Decoder layers: 4
Dropout: 0.0
Trainable parameters: 435,362

Training started
X_train.shape: torch.Size([3052, 702])
Y_train.shape: torch.Size([3052, 7])
X_dev.shape: torch.Size([533, 266])
Y_dev.shape: torch.Size([533, 7])
Epochs: 500
Learning rate: 0.001
Weight decay: 0.0001
Epoch | Train                 | Development           | Minutes
      | Loss     | Error Rate | Loss     | Error Rate |
---------------------------------------------------------------
    1 |   2.5773 |     68.272 |   1.9744 |     51.626 |     0.0
    2 |   1.7581 |     49.296 |   1.5550 |     45.153 |     0.0
    3 |   1.5010 |     46.379 |   1.4328 |     45.153 |     0.1
    4 |   1.4356 |     46.221 |   1.4014 |     45.153 |     0.1
    5 |   1.4146 |     46.281 |   1.3862 |     45.153 |     0.1
    6 |   1.3968 |     46.369 |   1.3682 |     45.153 |     0.1
    7 |   1.3786 |     46.057 |   1.3584 |     45.122 |     0.1
    8 |   1.3580 |     45.467 |   1.3337 |     44.215 |     0.2
    9 |   1.3469 |     45.347 |   1.3196 |     43.152 |     0.2
   10 |   1.3291 |     45.309 |   1.3148 |     44.809 |     0.2
   11 |   1.3088 |     44.889 |   1.2994 |     43.934 |     0.2
   12 |   1.2969 |     44.665 |   1.2804 |     43.465 |     0.2
   13 |   1.2822 |     44.009 |   1.2755 |     43.246 |     0.3
   14 |   1.2655 |     42.934 |   1.2562 |     42.183 |     0.3
   15 |   1.2400 |     42.175 |   1.2345 |     41.870 |     0.3
   16 |   1.2220 |     41.579 |   1.2285 |     41.870 |     0.3
   17 |   1.2013 |     41.044 |   1.2154 |     41.119 |     0.3
   18 |   1.1772 |     40.427 |   1.1904 |     39.900 |     0.4
   19 |   1.1570 |     39.406 |   1.1709 |     39.400 |     0.4
   20 |   1.1357 |     38.712 |   1.1581 |     38.555 |     0.4
   21 |   1.1138 |     37.549 |   1.1460 |     38.774 |     0.4
   22 |   1.1016 |     37.189 |   1.1441 |     38.211 |     0.4
   23 |   1.0856 |     36.583 |   1.1394 |     37.273 |     0.5
   24 |   1.0608 |     35.911 |   1.1253 |     37.805 |     0.5
   25 |   1.0362 |     35.032 |   1.1144 |     36.773 |     0.5
   26 |   1.0181 |     34.884 |   1.0985 |     36.460 |     0.5
   27 |   1.0026 |     34.507 |   1.1077 |     36.304 |     0.5
   28 |   0.9795 |     33.563 |   1.0976 |     36.273 |     0.6
   29 |   0.9652 |     33.306 |   1.0903 |     36.398 |     0.6
   30 |   0.9513 |     32.612 |   1.0907 |     35.804 |     0.6
   31 |   0.9303 |     32.181 |   1.0751 |     35.991 |     0.6
   32 |   0.9390 |     32.673 |   1.0998 |     36.179 |     0.6
   33 |   0.9155 |     31.575 |   1.0813 |     36.085 |     0.7
   34 |   0.8967 |     31.051 |   1.0744 |     35.772 |     0.7
   35 |   0.8909 |     30.881 |   1.0714 |     34.834 |     0.7
   36 |   0.8591 |     29.407 |   1.0821 |     35.241 |     0.7
   37 |   0.8442 |     28.866 |   1.0584 |     34.084 |     0.7
   38 |   0.8269 |     28.140 |   1.0886 |     34.615 |     0.7
   39 |   0.8132 |     27.512 |   1.0723 |     34.803 |     0.8
   40 |   0.7952 |     26.988 |   1.0757 |     34.053 |     0.8
   41 |   0.7846 |     26.420 |   1.0795 |     33.740 |     0.8
Early stopping

Model: Seq2Seq Multimodal Bi-LSTM
Source index: <Seq2Seq Index with 44 items>
Target index: <Seq2Seq Index with 34 items>
Encoder embedding dimension: 128
Descriptors dimension: 1136
Decoder embedding dimension: 64
Encoder hidden units: 32
Encoder layers: 3
Decoder hidden units: 128
Decoder layers: 4
Dropout: 0.0
Trainable parameters: 766,978

Training started
X_train.shape: torch.Size([3052, 702])
Y_train.shape: torch.Size([3052, 7])
X_dev.shape: torch.Size([533, 266])
Y_dev.shape: torch.Size([533, 7])
Epochs: 500
Learning rate: 0.001
Weight decay: 1e-05
Epoch | Train                 | Development           | Minutes
      | Loss     | Error Rate | Loss     | Error Rate |
---------------------------------------------------------------
    1 |   2.2750 |     60.796 |   1.6304 |     46.341 |     0.0
    2 |   1.4982 |     46.445 |   1.4124 |     45.153 |     0.0
    3 |   1.4167 |     46.292 |   1.3798 |     45.278 |     0.1
    4 |   1.3858 |     45.484 |   1.3499 |     43.996 |     0.1
    5 |   1.3481 |     44.364 |   1.3185 |     43.996 |     0.1
    6 |   1.3133 |     43.665 |   1.2941 |     42.808 |     0.1
    7 |   1.2842 |     42.868 |   1.2849 |     43.058 |     0.1
    8 |   1.2635 |     42.704 |   1.2747 |     42.058 |     0.1
    9 |   1.2416 |     42.251 |   1.2357 |     41.620 |     0.2
   10 |   1.2119 |     41.279 |   1.2208 |     42.308 |     0.2
   11 |   1.1879 |     40.602 |   1.2006 |     40.400 |     0.2
   12 |   1.1561 |     39.526 |   1.1846 |     39.775 |     0.2
   13 |   1.1356 |     38.964 |   1.1745 |     39.462 |     0.2
   14 |   1.1038 |     37.860 |   1.1685 |     38.555 |     0.2
   15 |   1.0812 |     36.932 |   1.1366 |     37.680 |     0.3
   16 |   1.0449 |     36.047 |   1.1147 |     35.616 |     0.3
   17 |   1.0127 |     34.644 |   1.0975 |     35.897 |     0.3
   18 |   0.9803 |     33.044 |   1.1005 |     35.741 |     0.3
   19 |   0.9543 |     32.481 |   1.0854 |     35.647 |     0.3
   20 |   0.9234 |     31.400 |   1.0416 |     34.396 |     0.3
   21 |   0.8930 |     30.286 |   1.0368 |     33.740 |     0.4
   22 |   0.8567 |     28.812 |   1.0375 |     33.365 |     0.4
   23 |   0.8226 |     27.796 |   1.0366 |     32.896 |     0.4
   24 |   0.7829 |     26.240 |   1.0333 |     33.083 |     0.4
   25 |   0.7751 |     26.070 |   1.0337 |     32.395 |     0.4
   26 |   0.7291 |     24.345 |   1.0287 |     33.021 |     0.4
   27 |   0.7034 |     23.493 |   1.0332 |     32.770 |     0.5
   28 |   0.6819 |     22.499 |   1.0071 |     32.083 |     0.5
   29 |   0.6476 |     21.227 |   1.0376 |     31.426 |     0.5
   30 |   0.6179 |     20.293 |   1.0165 |     31.957 |     0.5
   31 |   0.5984 |     19.588 |   1.0195 |     31.614 |     0.5
   32 |   0.5774 |     19.168 |   1.0275 |     30.988 |     0.5
Early stopping

Model: Seq2Seq Multimodal Bi-LSTM
Source index: <Seq2Seq Index with 44 items>
Target index: <Seq2Seq Index with 34 items>
Encoder embedding dimension: 128
Descriptors dimension: 1136
Decoder embedding dimension: 64
Encoder hidden units: 128
Encoder layers: 3
Decoder hidden units: 64
Decoder layers: 2
Dropout: 0.1
Trainable parameters: 1,813,666

Training started
X_train.shape: torch.Size([3052, 702])
Y_train.shape: torch.Size([3052, 7])
X_dev.shape: torch.Size([533, 266])
Y_dev.shape: torch.Size([533, 7])
Epochs: 500
Learning rate: 0.001
Weight decay: 0.0001
Epoch | Train                 | Development           | Minutes
      | Loss     | Error Rate | Loss     | Error Rate |
---------------------------------------------------------------
    1 |   2.4902 |     65.744 |   2.0037 |     58.318 |     0.1
    2 |   1.8002 |     51.562 |   1.5830 |     45.153 |     0.1
    3 |   1.5200 |     46.123 |   1.4418 |     45.153 |     0.2
    4 |   1.4323 |     45.691 |   1.3899 |     43.621 |     0.2
    5 |   1.3858 |     44.386 |   1.3547 |     43.934 |     0.3
    6 |   1.3507 |     43.491 |   1.3373 |     43.058 |     0.4
    7 |   1.3229 |     43.201 |   1.3088 |     42.464 |     0.4
    8 |   1.3002 |     42.699 |   1.2971 |     41.682 |     0.5
    9 |   1.2733 |     41.972 |   1.2752 |     41.682 |     0.5
   10 |   1.2506 |     41.803 |   1.2620 |     41.026 |     0.6
   11 |   1.2292 |     40.689 |   1.2486 |     41.088 |     0.7
   12 |   1.2032 |     40.340 |   1.2301 |     40.181 |     0.7
   13 |   1.1860 |     39.652 |   1.2182 |     40.588 |     0.8
   14 |   1.1610 |     38.592 |   1.2010 |     39.431 |     0.9
   15 |   1.1375 |     37.522 |   1.1761 |     38.712 |     0.9
   16 |   1.1207 |     37.090 |   1.1964 |     38.712 |     1.0
   17 |   1.1037 |     36.397 |   1.1620 |     37.774 |     1.0
   18 |   1.0816 |     35.922 |   1.1493 |     37.336 |     1.1
   19 |   1.0647 |     35.206 |   1.1460 |     38.024 |     1.2
   20 |   1.0444 |     34.535 |   1.1118 |     36.617 |     1.2
   21 |   1.0136 |     33.634 |   1.1157 |     36.554 |     1.3
   22 |   0.9993 |     33.033 |   1.1012 |     36.148 |     1.3
   23 |   0.9879 |     32.842 |   1.1021 |     36.554 |     1.4
   24 |   0.9718 |     32.361 |   1.0973 |     36.460 |     1.5
   25 |   0.9577 |     31.608 |   1.0657 |     35.053 |     1.5
   26 |   0.9380 |     30.996 |   1.0630 |     34.866 |     1.6
   27 |   0.9272 |     30.734 |   1.0621 |     35.741 |     1.7
   28 |   0.9109 |     30.133 |   1.0841 |     35.210 |     1.7
   29 |   0.9021 |     30.177 |   1.0494 |     34.647 |     1.8
   30 |   0.8849 |     30.024 |   1.0490 |     35.116 |     1.8
   31 |   0.8733 |     29.249 |   1.0324 |     34.178 |     1.9
   32 |   0.8675 |     28.773 |   1.0311 |     34.209 |     2.0
   33 |   0.8615 |     28.757 |   1.0577 |     35.022 |     2.0
   34 |   0.8436 |     28.249 |   1.0577 |     34.928 |     2.1
   35 |   0.8381 |     27.883 |   1.0483 |     34.615 |     2.1
   36 |   0.8266 |     27.867 |   1.0139 |     33.646 |     2.2
   37 |   0.8155 |     27.425 |   1.0224 |     33.052 |     2.3
   38 |   0.8119 |     27.152 |   1.0240 |     33.427 |     2.3
   39 |   0.7953 |     26.573 |   1.0501 |     33.771 |     2.4
   40 |   0.7960 |     26.311 |   1.0189 |     33.458 |     2.4
Early stopping

Model: Seq2Seq Multimodal Bi-LSTM
Source index: <Seq2Seq Index with 44 items>
Target index: <Seq2Seq Index with 34 items>
Encoder embedding dimension: 128
Descriptors dimension: 1136
Decoder embedding dimension: 128
Encoder hidden units: 64
Encoder layers: 2
Decoder hidden units: 64
Decoder layers: 4
Dropout: 0.0
Trainable parameters: 555,042

Training started
X_train.shape: torch.Size([3052, 702])
Y_train.shape: torch.Size([3052, 7])
X_dev.shape: torch.Size([533, 266])
Y_dev.shape: torch.Size([533, 7])
Epochs: 500
Learning rate: 0.0001
Weight decay: 1e-05
Epoch | Train                 | Development           | Minutes
      | Loss     | Error Rate | Loss     | Error Rate |
---------------------------------------------------------------
    1 |   3.4416 |     89.313 |   3.1561 |     82.583 |     0.0
    2 |   2.8263 |     77.430 |   2.6072 |     67.699 |     0.0
    3 |   2.4938 |     61.424 |   2.3569 |     58.318 |     0.1
    4 |   2.2975 |     59.071 |   2.2068 |     58.318 |     0.1
    5 |   2.1727 |     59.071 |   2.1030 |     58.318 |     0.1
    6 |   2.0805 |     58.055 |   2.0203 |     58.318 |     0.1
    7 |   2.0043 |     54.549 |   1.9509 |     53.002 |     0.1
    8 |   1.9382 |     54.030 |   1.8902 |     53.002 |     0.1
    9 |   1.8780 |     50.038 |   1.8322 |     47.749 |     0.2
   10 |   1.8219 |     48.788 |   1.7786 |     47.749 |     0.2
   11 |   1.7690 |     48.777 |   1.7297 |     47.749 |     0.2
   12 |   1.7224 |     48.777 |   1.6846 |     47.749 |     0.2
   13 |   1.6792 |     48.777 |   1.6410 |     47.749 |     0.2
   14 |   1.6359 |     48.777 |   1.6014 |     47.624 |     0.3
   15 |   1.6004 |     46.243 |   1.5685 |     45.153 |     0.3
   16 |   1.5707 |     46.210 |   1.5402 |     45.153 |     0.3
   17 |   1.5451 |     46.210 |   1.5182 |     45.153 |     0.3
   18 |   1.5256 |     46.221 |   1.5001 |     45.153 |     0.3
   19 |   1.5094 |     46.221 |   1.4863 |     45.153 |     0.4
   20 |   1.4971 |     46.221 |   1.4739 |     45.153 |     0.4
   21 |   1.4864 |     46.216 |   1.4636 |     45.153 |     0.4
   22 |   1.4756 |     46.216 |   1.4537 |     45.153 |     0.4
   23 |   1.4678 |     46.216 |   1.4467 |     45.153 |     0.4
   24 |   1.4602 |     46.221 |   1.4388 |     45.153 |     0.4
   25 |   1.4528 |     46.221 |   1.4326 |     45.153 |     0.5
   26 |   1.4481 |     46.221 |   1.4244 |     45.153 |     0.5
   27 |   1.4410 |     46.216 |   1.4212 |     45.216 |     0.5
   28 |   1.4323 |     46.221 |   1.4147 |     45.153 |     0.5
   29 |   1.4277 |     46.216 |   1.4108 |     45.184 |     0.5
   30 |   1.4218 |     46.216 |   1.4103 |     45.184 |     0.6
   31 |   1.4159 |     46.145 |   1.4007 |     45.153 |     0.6
   32 |   1.4116 |     46.019 |   1.3972 |     44.778 |     0.6
   33 |   1.4062 |     45.528 |   1.3952 |     44.778 |     0.6
   34 |   1.4006 |     45.298 |   1.3923 |     44.778 |     0.6
   35 |   1.3966 |     45.020 |   1.3871 |     44.684 |     0.6
   36 |   1.3919 |     44.894 |   1.3911 |     44.841 |     0.7
   37 |   1.3882 |     44.779 |   1.3801 |     44.684 |     0.7
   38 |   1.3836 |     44.747 |   1.3812 |     44.809 |     0.7
   39 |   1.3779 |     44.583 |   1.3805 |     44.747 |     0.7
   40 |   1.3757 |     44.517 |   1.3765 |     44.590 |     0.7
   41 |   1.3708 |     44.463 |   1.3742 |     44.559 |     0.8
   42 |   1.3652 |     44.337 |   1.3736 |     44.559 |     0.8
   43 |   1.3621 |     44.255 |   1.3721 |     44.684 |     0.8
   44 |   1.3581 |     44.272 |   1.3718 |     44.653 |     0.8
   45 |   1.3546 |     44.173 |   1.3733 |     44.747 |     0.8
   46 |   1.3502 |     44.119 |   1.3666 |     44.340 |     0.8
   47 |   1.3464 |     44.015 |   1.3670 |     44.465 |     0.9
   48 |   1.3427 |     43.938 |   1.3675 |     44.590 |     0.9
   49 |   1.3415 |     43.906 |   1.3640 |     44.465 |     0.9
   50 |   1.3366 |     43.813 |   1.3648 |     44.246 |     0.9
   51 |   1.3340 |     43.769 |   1.3651 |     44.590 |     0.9
   52 |   1.3311 |     43.671 |   1.3599 |     44.497 |     1.0
   53 |   1.3269 |     43.463 |   1.3630 |     44.559 |     1.0
   54 |   1.3240 |     43.452 |   1.3604 |     44.371 |     1.0
   55 |   1.3207 |     43.436 |   1.3579 |     44.246 |     1.0
   56 |   1.3187 |     43.316 |   1.3597 |     44.121 |     1.0
   57 |   1.3151 |     42.999 |   1.3567 |     44.059 |     1.1
   58 |   1.3138 |     43.054 |   1.3665 |     44.465 |     1.1
   59 |   1.3116 |     42.950 |   1.3572 |     43.777 |     1.1
   60 |   1.3066 |     42.808 |   1.3544 |     43.777 |     1.1
   61 |   1.3033 |     42.617 |   1.3556 |     43.840 |     1.1
   62 |   1.3026 |     42.770 |   1.3500 |     43.652 |     1.1
   63 |   1.2988 |     42.529 |   1.3509 |     43.840 |     1.2
   64 |   1.2972 |     42.573 |   1.3558 |     43.746 |     1.2
   65 |   1.2934 |     42.398 |   1.3511 |     43.809 |     1.2
   66 |   1.2906 |     42.355 |   1.3493 |     43.590 |     1.2
   67 |   1.2886 |     42.229 |   1.3462 |     43.308 |     1.2
   68 |   1.2859 |     42.262 |   1.3473 |     43.652 |     1.3
   69 |   1.2830 |     42.093 |   1.3520 |     43.715 |     1.3
   70 |   1.2806 |     42.147 |   1.3462 |     43.496 |     1.3
   71 |   1.2799 |     42.164 |   1.3478 |     43.465 |     1.3
   72 |   1.2761 |     42.054 |   1.3478 |     43.558 |     1.3
   73 |   1.2737 |     42.038 |   1.3455 |     43.308 |     1.3
   74 |   1.2701 |     41.918 |   1.3433 |     43.496 |     1.4
   75 |   1.2670 |     41.929 |   1.3443 |     43.402 |     1.4
   76 |   1.2640 |     41.798 |   1.3368 |     43.152 |     1.4
   77 |   1.2602 |     41.781 |   1.3397 |     43.371 |     1.4
   78 |   1.2573 |     41.705 |   1.3418 |     43.527 |     1.4
   79 |   1.2578 |     41.738 |   1.3356 |     43.277 |     1.5
   80 |   1.2514 |     41.552 |   1.3375 |     43.402 |     1.5
   81 |   1.2499 |     41.628 |   1.3421 |     43.371 |     1.5
   82 |   1.2484 |     41.607 |   1.3327 |     43.402 |     1.5
   83 |   1.2440 |     41.661 |   1.3330 |     43.121 |     1.5
   84 |   1.2389 |     41.547 |   1.3365 |     43.465 |     1.6
   85 |   1.2352 |     41.454 |   1.3334 |     43.465 |     1.6
   86 |   1.2314 |     41.263 |   1.3362 |     43.590 |     1.6
   87 |   1.2286 |     41.263 |   1.3293 |     43.308 |     1.6
   88 |   1.2244 |     41.082 |   1.3346 |     43.684 |     1.6
   89 |   1.2193 |     40.919 |   1.3287 |     43.465 |     1.6
   90 |   1.2163 |     40.689 |   1.3260 |     43.215 |     1.7
   91 |   1.2098 |     40.400 |   1.3253 |     43.183 |     1.7
   92 |   1.2049 |     40.110 |   1.3289 |     43.246 |     1.7
   93 |   1.2001 |     39.848 |   1.3183 |     43.027 |     1.7
   94 |   1.1946 |     39.466 |   1.3260 |     42.902 |     1.7
   95 |   1.1887 |     39.389 |   1.3251 |     43.089 |     1.8
   96 |   1.1858 |     39.193 |   1.3266 |     43.402 |     1.8
   97 |   1.1815 |     39.051 |   1.3273 |     43.558 |     1.8
Early stopping

Model: Seq2Seq Multimodal Bi-LSTM
Source index: <Seq2Seq Index with 44 items>
Target index: <Seq2Seq Index with 34 items>
Encoder embedding dimension: 64
Descriptors dimension: 1136
Decoder embedding dimension: 64
Encoder hidden units: 32
Encoder layers: 4
Decoder hidden units: 128
Decoder layers: 4
Dropout: 0.1
Trainable parameters: 832,802

Training started
X_train.shape: torch.Size([3052, 702])
Y_train.shape: torch.Size([3052, 7])
X_dev.shape: torch.Size([533, 266])
Y_dev.shape: torch.Size([533, 7])
Epochs: 500
Learning rate: 0.0001
Weight decay: 1e-05
Epoch | Train                 | Development           | Minutes
      | Loss     | Error Rate | Loss     | Error Rate |
---------------------------------------------------------------
    1 |   3.2689 |     87.183 |   2.7362 |     83.271 |     0.0
    2 |   2.5191 |     68.813 |   2.2392 |     58.318 |     0.0
    3 |   2.1150 |     57.225 |   1.9610 |     53.096 |     0.1
    4 |   1.9127 |     52.124 |   1.8136 |     47.749 |     0.1
    5 |   1.7860 |     48.979 |   1.7108 |     47.749 |     0.1
    6 |   1.6922 |     48.799 |   1.6277 |     47.749 |     0.1
    7 |   1.6123 |     48.127 |   1.5566 |     45.153 |     0.2
    8 |   1.5487 |     46.210 |   1.5050 |     45.153 |     0.2
    9 |   1.5055 |     46.210 |   1.4701 |     45.153 |     0.2
   10 |   1.4776 |     46.210 |   1.4484 |     45.153 |     0.2
   11 |   1.4578 |     46.227 |   1.4311 |     45.153 |     0.3
   12 |   1.4450 |     46.216 |   1.4194 |     45.153 |     0.3
   13 |   1.4346 |     46.221 |   1.4122 |     45.153 |     0.3
   14 |   1.4263 |     46.221 |   1.4055 |     45.153 |     0.3
   15 |   1.4213 |     46.210 |   1.3996 |     45.153 |     0.4
   16 |   1.4174 |     46.216 |   1.3952 |     45.153 |     0.4
   17 |   1.4125 |     46.227 |   1.3918 |     45.153 |     0.4
   18 |   1.4073 |     46.210 |   1.3864 |     45.184 |     0.4
   19 |   1.4016 |     46.216 |   1.3808 |     45.184 |     0.5
   20 |   1.3947 |     46.216 |   1.3714 |     45.216 |     0.5
   21 |   1.3829 |     46.265 |   1.3625 |     45.153 |     0.5
   22 |   1.3742 |     46.156 |   1.3547 |     45.153 |     0.5
   23 |   1.3648 |     45.719 |   1.3467 |     44.497 |     0.5
   24 |   1.3563 |     45.353 |   1.3398 |     44.340 |     0.6
   25 |   1.3472 |     45.216 |   1.3319 |     44.121 |     0.6
   26 |   1.3389 |     44.987 |   1.3305 |     44.153 |     0.6
   27 |   1.3321 |     44.790 |   1.3226 |     44.184 |     0.6
   28 |   1.3259 |     44.687 |   1.3166 |     43.902 |     0.7
   29 |   1.3195 |     44.583 |   1.3153 |     43.809 |     0.7
   30 |   1.3121 |     44.474 |   1.3111 |     43.715 |     0.7
   31 |   1.3087 |     44.266 |   1.3057 |     43.777 |     0.7
   32 |   1.3042 |     44.326 |   1.3064 |     43.902 |     0.8
   33 |   1.2972 |     43.878 |   1.3014 |     43.402 |     0.8
   34 |   1.2926 |     43.796 |   1.2975 |     43.058 |     0.8
   35 |   1.2863 |     43.398 |   1.2936 |     43.527 |     0.8
   36 |   1.2809 |     43.272 |   1.2937 |     42.871 |     0.8
   37 |   1.2751 |     43.152 |   1.2860 |     42.558 |     0.9
   38 |   1.2684 |     42.737 |   1.2836 |     42.652 |     0.9
   39 |   1.2620 |     42.562 |   1.2763 |     42.120 |     0.9
   40 |   1.2528 |     42.338 |   1.2768 |     42.620 |     0.9
   41 |   1.2493 |     42.043 |   1.2628 |     41.807 |     1.0
   42 |   1.2403 |     41.749 |   1.2590 |     41.651 |     1.0
   43 |   1.2353 |     41.470 |   1.2586 |     41.338 |     1.0
   44 |   1.2282 |     41.164 |   1.2509 |     41.588 |     1.0
   45 |   1.2182 |     40.793 |   1.2488 |     41.401 |     1.1
   46 |   1.2135 |     40.585 |   1.2446 |     41.463 |     1.1
   47 |   1.2065 |     40.252 |   1.2409 |     41.119 |     1.1
   48 |   1.1989 |     40.181 |   1.2338 |     40.650 |     1.1
   49 |   1.1913 |     39.761 |   1.2323 |     41.119 |     1.1
   50 |   1.1822 |     39.471 |   1.2281 |     40.901 |     1.2
   51 |   1.1765 |     39.346 |   1.2241 |     40.525 |     1.2
   52 |   1.1678 |     39.231 |   1.2234 |     40.432 |     1.2
   53 |   1.1597 |     38.772 |   1.2163 |     40.338 |     1.2
   54 |   1.1525 |     38.483 |   1.2207 |     40.713 |     1.3
   55 |   1.1409 |     38.248 |   1.2047 |     40.181 |     1.3
   56 |   1.1346 |     38.259 |   1.1995 |     39.712 |     1.3
   57 |   1.1230 |     37.997 |   1.1957 |     40.119 |     1.3
   58 |   1.1123 |     37.757 |   1.1930 |     40.181 |     1.3
   59 |   1.1027 |     37.593 |   1.1922 |     39.994 |     1.4
   60 |   1.0985 |     37.571 |   1.1909 |     40.306 |     1.4
   61 |   1.0890 |     37.391 |   1.1919 |     39.869 |     1.4
   62 |   1.0789 |     37.189 |   1.1766 |     39.337 |     1.4
   63 |   1.0714 |     36.452 |   1.1776 |     39.306 |     1.5
   64 |   1.0637 |     36.413 |   1.1701 |     39.368 |     1.5
   65 |   1.0544 |     36.124 |   1.1677 |     39.087 |     1.5
   66 |   1.0464 |     35.621 |   1.1576 |     38.430 |     1.5
   67 |   1.0401 |     35.736 |   1.1556 |     38.243 |     1.6
   68 |   1.0300 |     35.245 |   1.1528 |     38.336 |     1.6
   69 |   1.0237 |     34.890 |   1.1480 |     38.149 |     1.6
   70 |   1.0144 |     34.764 |   1.1505 |     38.368 |     1.6
   71 |   1.0117 |     34.857 |   1.1406 |     37.992 |     1.6
   72 |   1.0029 |     34.458 |   1.1415 |     38.024 |     1.7
   73 |   0.9943 |     34.180 |   1.1338 |     37.867 |     1.7
   74 |   0.9861 |     34.060 |   1.1274 |     37.492 |     1.7
   75 |   0.9761 |     33.492 |   1.1314 |     37.211 |     1.7
   76 |   0.9721 |     33.322 |   1.1286 |     37.242 |     1.8
   77 |   0.9634 |     33.131 |   1.1257 |     37.179 |     1.8
   78 |   0.9576 |     32.765 |   1.1200 |     36.898 |     1.8
   79 |   0.9488 |     32.476 |   1.1200 |     36.648 |     1.8
   80 |   0.9415 |     32.214 |   1.1130 |     36.804 |     1.8
   81 |   0.9359 |     31.935 |   1.1165 |     36.867 |     1.9
   82 |   0.9291 |     32.028 |   1.1140 |     36.804 |     1.9
   83 |   0.9256 |     31.815 |   1.1139 |     36.648 |     1.9
   84 |   0.9173 |     31.755 |   1.1056 |     36.429 |     1.9
   85 |   0.9100 |     30.996 |   1.1158 |     36.492 |     2.0
   86 |   0.9038 |     31.182 |   1.1081 |     36.241 |     2.0
   87 |   0.8974 |     30.750 |   1.1015 |     35.991 |     2.0
   88 |   0.8912 |     30.603 |   1.1047 |     36.366 |     2.0
   89 |   0.8858 |     30.384 |   1.1052 |     35.710 |     2.1
   90 |   0.8785 |     30.193 |   1.0928 |     35.553 |     2.1
   91 |   0.8738 |     29.800 |   1.1001 |     35.741 |     2.1
   92 |   0.8676 |     29.811 |   1.0849 |     35.147 |     2.1
   93 |   0.8591 |     29.276 |   1.0986 |     35.178 |     2.1
   94 |   0.8548 |     29.156 |   1.0995 |     35.053 |     2.2
   95 |   0.8455 |     28.659 |   1.0848 |     34.459 |     2.2
   96 |   0.8442 |     28.648 |   1.0883 |     34.365 |     2.2
   97 |   0.8399 |     28.506 |   1.0885 |     34.615 |     2.2
   98 |   0.8335 |     28.069 |   1.0892 |     34.240 |     2.3
   99 |   0.8293 |     28.151 |   1.0896 |     34.647 |     2.3
Early stopping

Model: Seq2Seq Multimodal Bi-LSTM
Source index: <Seq2Seq Index with 44 items>
Target index: <Seq2Seq Index with 34 items>
Encoder embedding dimension: 128
Descriptors dimension: 1136
Decoder embedding dimension: 128
Encoder hidden units: 32
Encoder layers: 3
Decoder hidden units: 64
Decoder layers: 2
Dropout: 0.2
Trainable parameters: 329,730

Training started
X_train.shape: torch.Size([3052, 702])
Y_train.shape: torch.Size([3052, 7])
X_dev.shape: torch.Size([533, 266])
Y_dev.shape: torch.Size([533, 7])
Epochs: 500
Learning rate: 0.001
Weight decay: 0.0001
Epoch | Train                 | Development           | Minutes
      | Loss     | Error Rate | Loss     | Error Rate |
---------------------------------------------------------------
    1 |   2.4369 |     62.052 |   1.7966 |     50.344 |     0.0
    2 |   1.5934 |     47.657 |   1.4418 |     44.997 |     0.0
    3 |   1.4023 |     45.675 |   1.3387 |     44.653 |     0.1
    4 |   1.3275 |     44.255 |   1.2896 |     42.839 |     0.1
    5 |   1.2721 |     42.349 |   1.2386 |     40.369 |     0.1
    6 |   1.2203 |     40.711 |   1.2069 |     40.463 |     0.1
    7 |   1.1740 |     39.318 |   1.1695 |     39.368 |     0.1
    8 |   1.1336 |     37.615 |   1.1334 |     37.367 |     0.1
    9 |   1.0938 |     35.922 |   1.1139 |     35.866 |     0.2
   10 |   1.0515 |     34.196 |   1.0828 |     35.303 |     0.2
   11 |   1.0143 |     32.683 |   1.0458 |     33.271 |     0.2
   12 |   0.9752 |     31.460 |   1.0230 |     32.520 |     0.2
   13 |   0.9362 |     30.073 |   0.9975 |     31.770 |     0.2
   14 |   0.9049 |     29.150 |   0.9843 |     31.176 |     0.2
   15 |   0.8720 |     28.042 |   0.9719 |     31.176 |     0.3
   16 |   0.8426 |     26.988 |   0.9471 |     29.456 |     0.3
   17 |   0.8130 |     26.147 |   0.9391 |     29.550 |     0.3
   18 |   0.7878 |     25.289 |   0.9263 |     29.206 |     0.3
   19 |   0.7623 |     24.405 |   0.9305 |     29.487 |     0.3
   20 |   0.7414 |     23.771 |   0.9137 |     28.424 |     0.3
   21 |   0.7172 |     23.018 |   0.9086 |     29.237 |     0.4
   22 |   0.6965 |     22.499 |   0.8870 |     28.361 |     0.4
   23 |   0.6786 |     21.822 |   0.8895 |     27.423 |     0.4
   24 |   0.6582 |     21.003 |   0.8840 |     27.517 |     0.4
   25 |   0.6408 |     20.659 |   0.8916 |     28.018 |     0.4
   26 |   0.6283 |     20.391 |   0.8814 |     27.455 |     0.4
   27 |   0.6122 |     19.626 |   0.8852 |     27.423 |     0.5
   28 |   0.6012 |     19.468 |   0.8882 |     27.111 |     0.5
   29 |   0.5811 |     18.780 |   0.8746 |     27.517 |     0.5
   30 |   0.5704 |     18.507 |   0.8757 |     27.111 |     0.5
   31 |   0.5679 |     18.431 |   0.8782 |     26.329 |     0.5
   32 |   0.5531 |     18.092 |   0.8767 |     26.642 |     0.5
   33 |   0.5369 |     17.295 |   0.8680 |     26.298 |     0.6
   34 |   0.5253 |     17.175 |   0.8594 |     25.485 |     0.6
   35 |   0.5158 |     16.814 |   0.8766 |     26.704 |     0.6
   36 |   0.5005 |     16.405 |   0.8816 |     26.767 |     0.6
   37 |   0.4957 |     16.230 |   0.8657 |     25.391 |     0.6
   38 |   0.4919 |     15.990 |   0.8698 |     26.079 |     0.6
Early stopping

Model: Seq2Seq Multimodal Bi-LSTM
Source index: <Seq2Seq Index with 44 items>
Target index: <Seq2Seq Index with 34 items>
Encoder embedding dimension: 64
Descriptors dimension: 1136
Decoder embedding dimension: 64
Encoder hidden units: 32
Encoder layers: 4
Decoder hidden units: 128
Decoder layers: 4
Dropout: 0.0
Trainable parameters: 832,802

Training started
X_train.shape: torch.Size([3052, 702])
Y_train.shape: torch.Size([3052, 7])
X_dev.shape: torch.Size([533, 266])
Y_dev.shape: torch.Size([533, 7])
Epochs: 500
Learning rate: 0.0001
Weight decay: 0.0001
Epoch | Train                 | Development           | Minutes
      | Loss     | Error Rate | Loss     | Error Rate |
---------------------------------------------------------------
    1 |   3.2637 |     84.289 |   2.7144 |     81.363 |     0.0
    2 |   2.5098 |     68.338 |   2.2408 |     58.318 |     0.0
    3 |   2.1099 |     56.941 |   1.9742 |     53.158 |     0.1
    4 |   1.9163 |     50.988 |   1.8302 |     47.749 |     0.1
    5 |   1.7881 |     48.777 |   1.7162 |     47.749 |     0.1
    6 |   1.6860 |     48.777 |   1.6247 |     47.749 |     0.1
    7 |   1.6036 |     48.171 |   1.5540 |     45.153 |     0.1
    8 |   1.5434 |     46.210 |   1.5024 |     45.153 |     0.2
    9 |   1.5027 |     46.216 |   1.4699 |     45.153 |     0.2
   10 |   1.4772 |     46.216 |   1.4490 |     45.153 |     0.2
   11 |   1.4596 |     46.341 |   1.4346 |     45.153 |     0.2
   12 |   1.4472 |     46.216 |   1.4243 |     45.153 |     0.3
   13 |   1.4383 |     46.221 |   1.4160 |     45.153 |     0.3
   14 |   1.4315 |     46.232 |   1.4088 |     45.153 |     0.3
   15 |   1.4255 |     46.216 |   1.4038 |     45.184 |     0.3
   16 |   1.4193 |     46.216 |   1.3974 |     45.184 |     0.3
   17 |   1.4129 |     46.205 |   1.3933 |     45.184 |     0.4
   18 |   1.4070 |     46.188 |   1.3880 |     45.122 |     0.4
   19 |   1.3991 |     46.041 |   1.3805 |     45.059 |     0.4
   20 |   1.3873 |     45.926 |   1.3712 |     44.841 |     0.4
   21 |   1.3699 |     45.795 |   1.3562 |     44.903 |     0.4
   22 |   1.3554 |     45.555 |   1.3445 |     44.590 |     0.5
   23 |   1.3413 |     45.222 |   1.3351 |     43.902 |     0.5
   24 |   1.3243 |     44.747 |   1.3193 |     44.059 |     0.5
   25 |   1.3112 |     44.403 |   1.3056 |     43.684 |     0.5
   26 |   1.2979 |     44.102 |   1.2970 |     43.621 |     0.5
   27 |   1.2872 |     43.884 |   1.2938 |     43.465 |     0.6
   28 |   1.2757 |     43.813 |   1.2820 |     43.340 |     0.6
   29 |   1.2653 |     43.436 |   1.2800 |     43.027 |     0.6
   30 |   1.2561 |     43.163 |   1.2746 |     42.714 |     0.6
   31 |   1.2455 |     42.480 |   1.2656 |     42.276 |     0.7
   32 |   1.2377 |     41.874 |   1.2559 |     41.682 |     0.7
   33 |   1.2292 |     41.738 |   1.2518 |     41.745 |     0.7
   34 |   1.2195 |     41.344 |   1.2490 |     41.901 |     0.7
   35 |   1.2125 |     41.355 |   1.2405 |     41.620 |     0.7
   36 |   1.2019 |     40.990 |   1.2403 |     41.495 |     0.8
   37 |   1.1944 |     40.777 |   1.2369 |     41.401 |     0.8
   38 |   1.1861 |     40.662 |   1.2293 |     40.994 |     0.8
   39 |   1.1777 |     40.028 |   1.2244 |     41.057 |     0.8
   40 |   1.1700 |     39.794 |   1.2252 |     41.088 |     0.8
   41 |   1.1630 |     39.537 |   1.2253 |     40.744 |     0.9
   42 |   1.1565 |     39.280 |   1.2191 |     40.588 |     0.9
   43 |   1.1490 |     39.013 |   1.2160 |     40.713 |     0.9
   44 |   1.1424 |     38.658 |   1.2179 |     40.557 |     0.9
   45 |   1.1341 |     38.434 |   1.2099 |     39.931 |     0.9
   46 |   1.1273 |     38.030 |   1.2086 |     39.931 |     1.0
   47 |   1.1210 |     38.008 |   1.2109 |     40.088 |     1.0
   48 |   1.1129 |     37.675 |   1.2056 |     40.150 |     1.0
   49 |   1.1053 |     37.462 |   1.2056 |     39.775 |     1.0
   50 |   1.0989 |     37.156 |   1.2115 |     39.900 |     1.0
   51 |   1.0939 |     37.134 |   1.2002 |     39.650 |     1.1
   52 |   1.0858 |     36.905 |   1.1963 |     39.462 |     1.1
   53 |   1.0799 |     36.561 |   1.1921 |     39.619 |     1.1
   54 |   1.0689 |     36.255 |   1.1856 |     39.181 |     1.1
   55 |   1.0636 |     35.955 |   1.1889 |     39.462 |     1.1
   56 |   1.0594 |     36.080 |   1.1824 |     38.868 |     1.2
   57 |   1.0475 |     35.250 |   1.1863 |     39.400 |     1.2
   58 |   1.0387 |     35.174 |   1.1828 |     39.275 |     1.2
   59 |   1.0354 |     34.993 |   1.1900 |     39.087 |     1.2
   60 |   1.0249 |     34.633 |   1.1735 |     38.899 |     1.3
   61 |   1.0176 |     34.202 |   1.1752 |     38.868 |     1.3
   62 |   1.0093 |     33.972 |   1.1717 |     38.899 |     1.3
   63 |   1.0004 |     33.382 |   1.1787 |     39.024 |     1.3
   64 |   0.9956 |     33.235 |   1.1673 |     38.086 |     1.3
   65 |   0.9865 |     32.776 |   1.1602 |     37.492 |     1.4
   66 |   0.9772 |     32.279 |   1.1536 |     37.649 |     1.4
   67 |   0.9657 |     31.788 |   1.1533 |     37.992 |     1.4
   68 |   0.9588 |     31.597 |   1.1557 |     37.961 |     1.4
   69 |   0.9497 |     31.378 |   1.1476 |     37.211 |     1.4
   70 |   0.9391 |     31.018 |   1.1537 |     37.680 |     1.5
   71 |   0.9325 |     30.936 |   1.1432 |     37.054 |     1.5
   72 |   0.9217 |     30.330 |   1.1490 |     37.711 |     1.5
   73 |   0.9131 |     29.980 |   1.1476 |     36.898 |     1.5
   74 |   0.9079 |     29.888 |   1.1418 |     36.929 |     1.5
   75 |   0.8977 |     29.500 |   1.1575 |     37.398 |     1.6
   76 |   0.8922 |     29.456 |   1.1457 |     37.305 |     1.6
   77 |   0.8829 |     29.156 |   1.1437 |     37.398 |     1.6
   78 |   0.8726 |     28.642 |   1.1420 |     36.335 |     1.6
   79 |   0.8682 |     28.588 |   1.1411 |     36.366 |     1.6
   80 |   0.8638 |     28.468 |   1.1483 |     37.054 |     1.7
   81 |   0.8541 |     28.222 |   1.1381 |     36.554 |     1.7
   82 |   0.8485 |     27.998 |   1.1455 |     36.961 |     1.7
   83 |   0.8454 |     27.965 |   1.1367 |     36.179 |     1.7
   84 |   0.8379 |     27.337 |   1.1471 |     36.867 |     1.7
   85 |   0.8259 |     27.026 |   1.1481 |     36.648 |     1.8
   86 |   0.8198 |     26.791 |   1.1430 |     36.273 |     1.8
   87 |   0.8152 |     26.431 |   1.1505 |     36.273 |     1.8
Early stopping

Model: Seq2Seq Multimodal Bi-LSTM
Source index: <Seq2Seq Index with 44 items>
Target index: <Seq2Seq Index with 34 items>
Encoder embedding dimension: 128
Descriptors dimension: 1136
Decoder embedding dimension: 64
Encoder hidden units: 64
Encoder layers: 2
Decoder hidden units: 64
Decoder layers: 3
Dropout: 0.0
Trainable parameters: 503,202

Training started
X_train.shape: torch.Size([3052, 702])
Y_train.shape: torch.Size([3052, 7])
X_dev.shape: torch.Size([533, 266])
Y_dev.shape: torch.Size([533, 7])
Epochs: 500
Learning rate: 0.001
Weight decay: 1e-05
Epoch | Train                 | Development           | Minutes
      | Loss     | Error Rate | Loss     | Error Rate |
---------------------------------------------------------------
    1 |   2.5289 |     67.939 |   1.9681 |     58.318 |     0.0
    2 |   1.7723 |     49.765 |   1.5768 |     45.216 |     0.0
    3 |   1.5122 |     46.248 |   1.4464 |     45.153 |     0.1
    4 |   1.4448 |     46.287 |   1.4099 |     45.216 |     0.1
    5 |   1.4206 |     46.259 |   1.3928 |     45.278 |     0.1
    6 |   1.4083 |     46.314 |   1.3845 |     45.153 |     0.1
    7 |   1.4016 |     46.183 |   1.3797 |     45.059 |     0.1
    8 |   1.3931 |     46.019 |   1.3692 |     44.841 |     0.1
    9 |   1.3795 |     45.331 |   1.3544 |     44.028 |     0.2
   10 |   1.3563 |     44.703 |   1.3359 |     44.121 |     0.2
   11 |   1.3338 |     44.266 |   1.3206 |     44.059 |     0.2
   12 |   1.3094 |     43.349 |   1.3054 |     42.620 |     0.2
   13 |   1.2892 |     42.710 |   1.2922 |     43.152 |     0.2
   14 |   1.2676 |     41.689 |   1.2779 |     41.682 |     0.3
   15 |   1.2500 |     41.077 |   1.2685 |     41.714 |     0.3
   16 |   1.2193 |     39.985 |   1.2497 |     40.056 |     0.3
   17 |   1.1972 |     39.329 |   1.2416 |     40.400 |     0.3
   18 |   1.1751 |     38.996 |   1.2214 |     40.025 |     0.3
   19 |   1.1476 |     38.505 |   1.1970 |     39.275 |     0.3
   20 |   1.1229 |     37.620 |   1.1964 |     39.306 |     0.4
   21 |   1.0992 |     36.714 |   1.1742 |     38.806 |     0.4
   22 |   1.0788 |     36.026 |   1.1690 |     38.493 |     0.4
   23 |   1.0532 |     34.830 |   1.1547 |     38.680 |     0.4
   24 |   1.0337 |     34.300 |   1.1477 |     37.680 |     0.4
   25 |   1.0040 |     33.503 |   1.1405 |     38.180 |     0.5
   26 |   0.9823 |     32.509 |   1.1255 |     37.242 |     0.5
   27 |   0.9605 |     31.843 |   1.1115 |     36.648 |     0.5
   28 |   0.9302 |     30.587 |   1.1101 |     37.273 |     0.5
   29 |   0.9224 |     30.450 |   1.0932 |     36.179 |     0.5
   30 |   0.9018 |     29.915 |   1.0859 |     35.428 |     0.5
   31 |   0.8768 |     28.997 |   1.0963 |     35.616 |     0.6
   32 |   0.8528 |     27.730 |   1.0831 |     35.741 |     0.6
   33 |   0.8384 |     27.408 |   1.0817 |     34.615 |     0.6
   34 |   0.8251 |     27.234 |   1.0827 |     35.022 |     0.6
   35 |   0.8039 |     26.343 |   1.0780 |     34.365 |     0.6
   36 |   0.7855 |     25.912 |   1.0653 |     34.459 |     0.7
   37 |   0.7685 |     25.508 |   1.0602 |     33.740 |     0.7
   38 |   0.7540 |     24.924 |   1.0527 |     33.990 |     0.7
   39 |   0.7437 |     24.448 |   1.0758 |     34.396 |     0.7
   40 |   0.7250 |     23.979 |   1.0611 |     33.083 |     0.7
   41 |   0.7032 |     23.171 |   1.0434 |     33.990 |     0.7
   42 |   0.6887 |     22.548 |   1.0609 |     33.333 |     0.8
   43 |   0.6737 |     22.182 |   1.0457 |     32.552 |     0.8
   44 |   0.6542 |     21.270 |   1.0598 |     33.771 |     0.8
   45 |   0.6386 |     20.882 |   1.0530 |     32.896 |     0.8
Early stopping

Model: Seq2Seq Multimodal Bi-LSTM
Source index: <Seq2Seq Index with 44 items>
Target index: <Seq2Seq Index with 34 items>
Encoder embedding dimension: 64
Descriptors dimension: 1136
Decoder embedding dimension: 128
Encoder hidden units: 64
Encoder layers: 2
Decoder hidden units: 64
Decoder layers: 3
Dropout: 0.2
Trainable parameters: 486,178

Training started
X_train.shape: torch.Size([3052, 702])
Y_train.shape: torch.Size([3052, 7])
X_dev.shape: torch.Size([533, 266])
Y_dev.shape: torch.Size([533, 7])
Epochs: 500
Learning rate: 0.0001
Weight decay: 1e-05
Epoch | Train                 | Development           | Minutes
      | Loss     | Error Rate | Loss     | Error Rate |
---------------------------------------------------------------
    1 |   3.4100 |     89.766 |   3.0882 |     82.739 |     0.0
    2 |   2.7833 |     78.353 |   2.5387 |     67.699 |     0.0
    3 |   2.4306 |     60.337 |   2.2699 |     58.286 |     0.1
    4 |   2.2321 |     58.082 |   2.1244 |     58.318 |     0.1
    5 |   2.1090 |     57.181 |   2.0214 |     57.911 |     0.1
    6 |   2.0169 |     55.794 |   1.9419 |     52.470 |     0.1
    7 |   1.9395 |     52.010 |   1.8712 |     48.843 |     0.1
    8 |   1.8712 |     50.049 |   1.8091 |     47.749 |     0.1
    9 |   1.8106 |     49.601 |   1.7552 |     47.749 |     0.2
   10 |   1.7580 |     49.399 |   1.7065 |     47.749 |     0.2
   11 |   1.7092 |     49.132 |   1.6600 |     47.749 |     0.2
   12 |   1.6633 |     48.962 |   1.6187 |     47.749 |     0.2
   13 |   1.6239 |     48.089 |   1.5825 |     45.153 |     0.2
   14 |   1.5918 |     46.500 |   1.5535 |     45.153 |     0.2
   15 |   1.5623 |     46.254 |   1.5294 |     45.153 |     0.3
   16 |   1.5389 |     46.221 |   1.5086 |     45.153 |     0.3
   17 |   1.5207 |     46.237 |   1.4908 |     45.153 |     0.3
   18 |   1.5035 |     46.227 |   1.4753 |     45.153 |     0.3
   19 |   1.4878 |     46.216 |   1.4623 |     45.153 |     0.3
   20 |   1.4748 |     46.205 |   1.4502 |     45.153 |     0.3
   21 |   1.4645 |     46.199 |   1.4398 |     45.153 |     0.4
   22 |   1.4543 |     46.199 |   1.4337 |     45.153 |     0.4
   23 |   1.4437 |     46.210 |   1.4223 |     45.153 |     0.4
   24 |   1.4345 |     46.216 |   1.4140 |     45.153 |     0.4
   25 |   1.4267 |     46.227 |   1.4053 |     45.153 |     0.4
   26 |   1.4184 |     46.205 |   1.3964 |     45.153 |     0.4
   27 |   1.4092 |     46.161 |   1.3900 |     45.153 |     0.5
   28 |   1.4008 |     46.112 |   1.3834 |     45.184 |     0.5
   29 |   1.3910 |     45.932 |   1.3749 |     44.997 |     0.5
   30 |   1.3843 |     45.735 |   1.3676 |     44.403 |     0.5
   31 |   1.3751 |     45.593 |   1.3604 |     44.278 |     0.5
   32 |   1.3665 |     45.233 |   1.3530 |     44.059 |     0.5
   33 |   1.3608 |     44.867 |   1.3500 |     44.278 |     0.6
   34 |   1.3552 |     44.916 |   1.3424 |     43.746 |     0.6
   35 |   1.3468 |     44.545 |   1.3373 |     43.746 |     0.6
   36 |   1.3423 |     44.211 |   1.3299 |     43.308 |     0.6
   37 |   1.3343 |     43.998 |   1.3267 |     43.277 |     0.6
   38 |   1.3287 |     43.960 |   1.3224 |     42.871 |     0.7
   39 |   1.3244 |     43.682 |   1.3201 |     43.027 |     0.7
   40 |   1.3178 |     43.349 |   1.3147 |     42.527 |     0.7
   41 |   1.3140 |     43.463 |   1.3098 |     42.745 |     0.7
   42 |   1.3082 |     43.185 |   1.3071 |     42.339 |     0.7
   43 |   1.3040 |     43.212 |   1.3027 |     42.777 |     0.7
   44 |   1.3006 |     43.065 |   1.2986 |     42.620 |     0.8
   45 |   1.2923 |     42.934 |   1.2943 |     42.495 |     0.8
   46 |   1.2880 |     42.972 |   1.2913 |     42.058 |     0.8
   47 |   1.2829 |     42.824 |   1.2898 |     41.995 |     0.8
   48 |   1.2777 |     42.644 |   1.2855 |     41.995 |     0.8
   49 |   1.2724 |     42.377 |   1.2849 |     42.620 |     0.8
   50 |   1.2704 |     42.491 |   1.2760 |     42.058 |     0.9
   51 |   1.2606 |     42.202 |   1.2724 |     41.995 |     0.9
   52 |   1.2549 |     42.065 |   1.2672 |     41.588 |     0.9
   53 |   1.2502 |     42.306 |   1.2638 |     41.651 |     0.9
   54 |   1.2463 |     41.962 |   1.2592 |     41.620 |     0.9
   55 |   1.2390 |     41.923 |   1.2535 |     41.588 |     0.9
   56 |   1.2342 |     41.869 |   1.2499 |     41.839 |     1.0
   57 |   1.2287 |     41.650 |   1.2441 |     41.276 |     1.0
   58 |   1.2224 |     41.716 |   1.2423 |     41.370 |     1.0
   59 |   1.2174 |     41.607 |   1.2366 |     41.213 |     1.0
   60 |   1.2103 |     41.448 |   1.2347 |     41.432 |     1.0
   61 |   1.2067 |     41.279 |   1.2299 |     41.119 |     1.0
   62 |   1.2002 |     41.126 |   1.2331 |     41.557 |     1.1
   63 |   1.1959 |     41.033 |   1.2237 |     40.775 |     1.1
   64 |   1.1889 |     40.667 |   1.2193 |     40.869 |     1.1
   65 |   1.1853 |     40.509 |   1.2152 |     40.994 |     1.1
   66 |   1.1765 |     40.372 |   1.2155 |     40.775 |     1.1
   67 |   1.1745 |     40.225 |   1.2121 |     40.932 |     1.1
   68 |   1.1670 |     39.952 |   1.2112 |     40.463 |     1.2
   69 |   1.1610 |     39.384 |   1.2071 |     40.025 |     1.2
   70 |   1.1548 |     39.171 |   1.2004 |     39.556 |     1.2
   71 |   1.1487 |     38.871 |   1.1989 |     39.900 |     1.2
   72 |   1.1448 |     38.707 |   1.1944 |     39.462 |     1.2
   73 |   1.1392 |     38.396 |   1.1929 |     39.587 |     1.3
   74 |   1.1329 |     38.095 |   1.1929 |     39.587 |     1.3
   75 |   1.1271 |     37.516 |   1.1827 |     39.306 |     1.3
   76 |   1.1194 |     37.516 |   1.1858 |     38.899 |     1.3
   77 |   1.1151 |     37.298 |   1.1788 |     39.118 |     1.3
   78 |   1.1067 |     36.976 |   1.1741 |     38.493 |     1.3
   79 |   1.1060 |     36.921 |   1.1719 |     38.837 |     1.4
   80 |   1.0980 |     36.621 |   1.1656 |     38.336 |     1.4
   81 |   1.0898 |     36.239 |   1.1697 |     38.243 |     1.4
   82 |   1.0892 |     36.528 |   1.1587 |     37.711 |     1.4
   83 |   1.0805 |     35.976 |   1.1578 |     38.118 |     1.4
   84 |   1.0726 |     35.867 |   1.1570 |     37.992 |     1.4
   85 |   1.0646 |     35.862 |   1.1605 |     38.399 |     1.5
   86 |   1.0612 |     35.611 |   1.1536 |     37.649 |     1.5
   87 |   1.0568 |     35.370 |   1.1482 |     37.649 |     1.5
   88 |   1.0486 |     35.125 |   1.1463 |     37.617 |     1.5
   89 |   1.0416 |     34.961 |   1.1448 |     37.523 |     1.5
   90 |   1.0372 |     34.753 |   1.1407 |     37.617 |     1.5
   91 |   1.0326 |     34.693 |   1.1393 |     37.398 |     1.6
   92 |   1.0245 |     34.338 |   1.1383 |     37.117 |     1.6
   93 |   1.0211 |     34.300 |   1.1312 |     37.148 |     1.6
   94 |   1.0155 |     34.174 |   1.1282 |     36.710 |     1.6
   95 |   1.0130 |     34.120 |   1.1289 |     36.836 |     1.6
   96 |   1.0081 |     33.934 |   1.1337 |     37.054 |     1.6
   97 |   1.0043 |     33.590 |   1.1268 |     36.961 |     1.7
   98 |   0.9972 |     33.781 |   1.1283 |     36.679 |     1.7
   99 |   0.9902 |     33.295 |   1.1269 |     36.585 |     1.7
  100 |   0.9887 |     33.164 |   1.1211 |     36.304 |     1.7
  101 |   0.9847 |     33.148 |   1.1212 |     36.398 |     1.7
  102 |   0.9787 |     33.262 |   1.1205 |     37.023 |     1.8
  103 |   0.9772 |     33.137 |   1.1263 |     36.648 |     1.8
  104 |   0.9720 |     32.585 |   1.1177 |     36.773 |     1.8
  105 |   0.9665 |     32.869 |   1.1179 |     36.429 |     1.8
  106 |   0.9619 |     32.744 |   1.1176 |     36.116 |     1.8
  107 |   0.9553 |     32.279 |   1.1206 |     36.054 |     1.8
  108 |   0.9526 |     32.460 |   1.1155 |     35.772 |     1.9
  109 |   0.9482 |     32.290 |   1.1134 |     35.553 |     1.9
  110 |   0.9428 |     31.744 |   1.1155 |     35.929 |     1.9
  111 |   0.9404 |     31.870 |   1.1119 |     35.397 |     1.9
  112 |   0.9367 |     31.673 |   1.1151 |     35.428 |     1.9
  113 |   0.9350 |     31.504 |   1.1111 |     35.647 |     1.9
  114 |   0.9237 |     31.296 |   1.1114 |     35.116 |     2.0
  115 |   0.9206 |     31.034 |   1.1056 |     35.178 |     2.0
  116 |   0.9183 |     31.111 |   1.1065 |     35.522 |     2.0
  117 |   0.9153 |     31.023 |   1.1075 |     35.553 |     2.0
  118 |   0.9119 |     30.887 |   1.1023 |     35.366 |     2.0
  119 |   0.9094 |     30.794 |   1.1025 |     35.053 |     2.0
  120 |   0.9020 |     30.657 |   1.1015 |     34.991 |     2.1
  121 |   0.8967 |     30.505 |   1.0976 |     35.053 |     2.1
  122 |   0.8935 |     29.997 |   1.1077 |     35.178 |     2.1
  123 |   0.8923 |     30.199 |   1.1028 |     34.897 |     2.1
  124 |   0.8881 |     30.024 |   1.0901 |     34.647 |     2.1
  125 |   0.8844 |     29.904 |   1.0943 |     34.553 |     2.1
  126 |   0.8808 |     29.931 |   1.0984 |     34.553 |     2.2
  127 |   0.8779 |     29.587 |   1.1021 |     34.772 |     2.2
  128 |   0.8731 |     29.456 |   1.1011 |     34.303 |     2.2
Early stopping

Model: Seq2Seq Multimodal Bi-LSTM
Source index: <Seq2Seq Index with 44 items>
Target index: <Seq2Seq Index with 34 items>
Encoder embedding dimension: 128
Descriptors dimension: 1136
Decoder embedding dimension: 64
Encoder hidden units: 32
Encoder layers: 4
Decoder hidden units: 64
Decoder layers: 4
Dropout: 0.2
Trainable parameters: 454,562

Training started
X_train.shape: torch.Size([3052, 702])
Y_train.shape: torch.Size([3052, 7])
X_dev.shape: torch.Size([533, 266])
Y_dev.shape: torch.Size([533, 7])
Epochs: 500
Learning rate: 0.001
Weight decay: 0.0001
Epoch | Train                 | Development           | Minutes
      | Loss     | Error Rate | Loss     | Error Rate |
---------------------------------------------------------------
    1 |   2.6283 |     69.659 |   2.0168 |     58.318 |     0.0
    2 |   1.8253 |     51.715 |   1.6045 |     45.153 |     0.0
    3 |   1.5378 |     46.374 |   1.4547 |     45.153 |     0.1
    4 |   1.4557 |     46.330 |   1.4157 |     45.153 |     0.1
    5 |   1.4283 |     46.298 |   1.3967 |     45.153 |     0.1
    6 |   1.4135 |     46.216 |   1.3901 |     45.184 |     0.1
    7 |   1.4035 |     46.281 |   1.3716 |     45.310 |     0.2
    8 |   1.3798 |     46.095 |   1.3534 |     44.528 |     0.2
    9 |   1.3565 |     45.675 |   1.3274 |     44.778 |     0.2
   10 |   1.3370 |     45.500 |   1.3096 |     44.059 |     0.2
   11 |   1.3201 |     45.386 |   1.2980 |     44.371 |     0.2
   12 |   1.3082 |     45.162 |   1.2908 |     44.028 |     0.3
   13 |   1.2935 |     45.123 |   1.2848 |     44.278 |     0.3
   14 |   1.2816 |     44.878 |   1.2774 |     43.777 |     0.3
   15 |   1.2733 |     44.605 |   1.2621 |     43.777 |     0.3
   16 |   1.2641 |     44.501 |   1.2494 |     43.215 |     0.4
   17 |   1.2527 |     44.108 |   1.2452 |     42.964 |     0.4
   18 |   1.2399 |     43.223 |   1.2349 |     42.589 |     0.4
   19 |   1.2262 |     42.464 |   1.2327 |     42.120 |     0.4
   20 |   1.2146 |     41.781 |   1.2050 |     40.744 |     0.4
   21 |   1.2012 |     41.426 |   1.2002 |     40.432 |     0.5
   22 |   1.1795 |     40.531 |   1.1819 |     40.025 |     0.5
   23 |   1.1664 |     40.159 |   1.1932 |     40.807 |     0.5
   24 |   1.1453 |     39.335 |   1.1746 |     40.588 |     0.5
   25 |   1.1309 |     38.767 |   1.1529 |     39.744 |     0.6
   26 |   1.1169 |     37.828 |   1.1590 |     39.869 |     0.6
   27 |   1.1020 |     37.751 |   1.1381 |     38.837 |     0.6
   28 |   1.0889 |     36.987 |   1.1328 |     38.649 |     0.6
   29 |   1.0720 |     36.615 |   1.1271 |     37.273 |     0.6
   30 |   1.0634 |     36.173 |   1.1147 |     37.305 |     0.7
   31 |   1.0492 |     35.703 |   1.1206 |     38.399 |     0.7
   32 |   1.0369 |     35.403 |   1.1075 |     37.336 |     0.7
   33 |   1.0187 |     34.644 |   1.0867 |     36.804 |     0.7
   34 |   1.0064 |     34.415 |   1.0971 |     37.086 |     0.7
   35 |   1.0005 |     33.918 |   1.1019 |     37.398 |     0.8
   36 |   0.9932 |     33.759 |   1.0859 |     36.492 |     0.8
   37 |   0.9805 |     33.524 |   1.0737 |     36.304 |     0.8
   38 |   0.9635 |     33.202 |   1.0705 |     35.835 |     0.8
   39 |   0.9567 |     32.858 |   1.0766 |     35.710 |     0.9
   40 |   0.9480 |     32.378 |   1.0652 |     35.084 |     0.9
   41 |   0.9335 |     31.963 |   1.0672 |     34.553 |     0.9
   42 |   0.9227 |     31.761 |   1.0513 |     35.428 |     0.9
   43 |   0.9222 |     31.433 |   1.0526 |     34.365 |     0.9
   44 |   0.9062 |     30.783 |   1.0704 |     34.740 |     1.0
   45 |   0.9036 |     30.860 |   1.0561 |     34.615 |     1.0
   46 |   0.8934 |     30.630 |   1.0622 |     34.678 |     1.0
Early stopping

Model: Seq2Seq Multimodal Bi-LSTM
Source index: <Seq2Seq Index with 44 items>
Target index: <Seq2Seq Index with 34 items>
Encoder embedding dimension: 64
Descriptors dimension: 1136
Decoder embedding dimension: 128
Encoder hidden units: 32
Encoder layers: 4
Decoder hidden units: 64
Decoder layers: 4
Dropout: 0.0
Trainable parameters: 453,922

Training started
X_train.shape: torch.Size([3052, 702])
Y_train.shape: torch.Size([3052, 7])
X_dev.shape: torch.Size([533, 266])
Y_dev.shape: torch.Size([533, 7])
Epochs: 500
Learning rate: 0.0001
Weight decay: 1e-05
Epoch | Train                 | Development           | Minutes
      | Loss     | Error Rate | Loss     | Error Rate |
---------------------------------------------------------------
    1 |   3.4754 |     93.594 |   3.2422 |     82.770 |     0.0
    2 |   2.8691 |     82.973 |   2.6300 |     67.699 |     0.0
    3 |   2.5153 |     60.561 |   2.3626 |     58.318 |     0.1
    4 |   2.2975 |     59.071 |   2.1982 |     58.318 |     0.1
    5 |   2.1656 |     58.967 |   2.0912 |     58.318 |     0.1
    6 |   2.0697 |     56.662 |   2.0069 |     53.064 |     0.1
    7 |   1.9902 |     54.380 |   1.9339 |     53.002 |     0.1
    8 |   1.9218 |     53.342 |   1.8707 |     47.811 |     0.2
    9 |   1.8613 |     48.782 |   1.8136 |     47.780 |     0.2
   10 |   1.8048 |     48.782 |   1.7596 |     47.780 |     0.2
   11 |   1.7546 |     48.777 |   1.7114 |     47.749 |     0.2
   12 |   1.7075 |     48.777 |   1.6671 |     47.749 |     0.3
   13 |   1.6648 |     48.777 |   1.6273 |     47.749 |     0.3
   14 |   1.6265 |     48.777 |   1.5914 |     47.749 |     0.3
   15 |   1.5929 |     46.778 |   1.5590 |     45.153 |     0.3
   16 |   1.5636 |     46.210 |   1.5326 |     45.153 |     0.3
   17 |   1.5382 |     46.210 |   1.5105 |     45.153 |     0.4
   18 |   1.5187 |     46.216 |   1.4917 |     45.153 |     0.4
   19 |   1.5018 |     46.210 |   1.4763 |     45.153 |     0.4
   20 |   1.4870 |     46.221 |   1.4632 |     45.153 |     0.4
   21 |   1.4757 |     46.216 |   1.4531 |     45.153 |     0.4
   22 |   1.4658 |     46.221 |   1.4441 |     45.153 |     0.5
   23 |   1.4573 |     46.216 |   1.4364 |     45.153 |     0.5
   24 |   1.4503 |     46.221 |   1.4293 |     45.153 |     0.5
   25 |   1.4434 |     46.216 |   1.4242 |     45.153 |     0.5
   26 |   1.4372 |     46.232 |   1.4164 |     45.153 |     0.5
   27 |   1.4313 |     46.194 |   1.4133 |     44.903 |     0.6
   28 |   1.4233 |     45.855 |   1.4067 |     44.809 |     0.6
   29 |   1.4164 |     45.375 |   1.4021 |     44.590 |     0.6
   30 |   1.4098 |     45.260 |   1.3957 |     44.715 |     0.6
   31 |   1.4034 |     45.025 |   1.3902 |     44.622 |     0.6
   32 |   1.3969 |     44.845 |   1.3858 |     44.465 |     0.7
   33 |   1.3909 |     44.665 |   1.3826 |     44.497 |     0.7
   34 |   1.3835 |     44.594 |   1.3777 |     44.403 |     0.7
   35 |   1.3792 |     44.474 |   1.3785 |     44.528 |     0.7
   36 |   1.3745 |     44.408 |   1.3736 |     44.497 |     0.8
   37 |   1.3681 |     44.250 |   1.3709 |     44.559 |     0.8
   38 |   1.3623 |     44.233 |   1.3658 |     44.340 |     0.8
   39 |   1.3583 |     44.086 |   1.3652 |     44.465 |     0.8
   40 |   1.3516 |     44.059 |   1.3667 |     44.309 |     0.8
   41 |   1.3483 |     44.037 |   1.3591 |     44.278 |     0.9
   42 |   1.3433 |     43.873 |   1.3582 |     44.059 |     0.9
   43 |   1.3399 |     43.862 |   1.3546 |     43.934 |     0.9
   44 |   1.3344 |     43.682 |   1.3550 |     44.153 |     0.9
   45 |   1.3313 |     43.540 |   1.3530 |     43.809 |     0.9
   46 |   1.3289 |     43.409 |   1.3515 |     43.777 |     1.0
   47 |   1.3241 |     43.250 |   1.3511 |     43.996 |     1.0
   48 |   1.3210 |     43.223 |   1.3490 |     43.809 |     1.0
   49 |   1.3167 |     42.999 |   1.3516 |     43.496 |     1.0
   50 |   1.3140 |     42.945 |   1.3482 |     43.840 |     1.0
   51 |   1.3108 |     42.857 |   1.3485 |     43.871 |     1.1
   52 |   1.3073 |     42.759 |   1.3470 |     43.809 |     1.1
   53 |   1.3030 |     42.584 |   1.3457 |     43.840 |     1.1
   54 |   1.2998 |     42.633 |   1.3444 |     43.871 |     1.1
   55 |   1.2973 |     42.606 |   1.3445 |     43.840 |     1.1
   56 |   1.2932 |     42.497 |   1.3418 |     43.840 |     1.2
   57 |   1.2896 |     42.349 |   1.3435 |     43.465 |     1.2
   58 |   1.2877 |     42.311 |   1.3395 |     43.371 |     1.2
   59 |   1.2846 |     42.360 |   1.3372 |     43.621 |     1.2
   60 |   1.2823 |     42.306 |   1.3458 |     43.433 |     1.2
   61 |   1.2809 |     42.185 |   1.3448 |     43.996 |     1.3
   62 |   1.2748 |     42.098 |   1.3386 |     43.715 |     1.3
   63 |   1.2730 |     41.967 |   1.3470 |     43.965 |     1.3
Early stopping

Model: Seq2Seq Multimodal Bi-LSTM
Source index: <Seq2Seq Index with 44 items>
Target index: <Seq2Seq Index with 34 items>
Encoder embedding dimension: 64
Descriptors dimension: 1136
Decoder embedding dimension: 128
Encoder hidden units: 128
Encoder layers: 4
Decoder hidden units: 64
Decoder layers: 2
Dropout: 0.1
Trainable parameters: 2,452,130

Training started
X_train.shape: torch.Size([3052, 702])
Y_train.shape: torch.Size([3052, 7])
X_dev.shape: torch.Size([533, 266])
Y_dev.shape: torch.Size([533, 7])
Epochs: 500
Learning rate: 0.001
Weight decay: 0.0001
Epoch | Train                 | Development           | Minutes
      | Loss     | Error Rate | Loss     | Error Rate |
---------------------------------------------------------------
    1 |   2.4687 |     65.716 |   1.9865 |     56.911 |     0.1
    2 |   1.7737 |     50.191 |   1.5627 |     45.153 |     0.2
    3 |   1.5021 |     46.281 |   1.4331 |     45.153 |     0.2
    4 |   1.4301 |     46.237 |   1.4011 |     45.028 |     0.3
    5 |   1.3971 |     45.850 |   1.3662 |     43.777 |     0.4
    6 |   1.3648 |     44.162 |   1.3472 |     43.465 |     0.5
    7 |   1.3354 |     43.458 |   1.3097 |     42.245 |     0.6
    8 |   1.3051 |     42.557 |   1.3020 |     42.589 |     0.6
    9 |   1.2827 |     42.355 |   1.2755 |     41.807 |     0.7
   10 |   1.2617 |     41.770 |   1.2639 |     41.401 |     0.8
   11 |   1.2372 |     41.230 |   1.2465 |     40.963 |     0.9
   12 |   1.2163 |     40.323 |   1.2357 |     40.838 |     1.0
   13 |   1.1938 |     39.755 |   1.2144 |     40.213 |     1.1
   14 |   1.1663 |     38.778 |   1.1983 |     38.774 |     1.1
   15 |   1.1512 |     38.428 |   1.1889 |     39.118 |     1.2
   16 |   1.1417 |     37.740 |   1.1735 |     38.587 |     1.3
   17 |   1.1185 |     37.271 |   1.1759 |     38.680 |     1.4
   18 |   1.0961 |     36.206 |   1.1626 |     37.961 |     1.5
   19 |   1.0760 |     35.540 |   1.1449 |     37.430 |     1.5
   20 |   1.0601 |     35.261 |   1.1379 |     36.492 |     1.6
   21 |   1.0520 |     34.819 |   1.1244 |     36.273 |     1.7
   22 |   1.0406 |     34.589 |   1.1100 |     35.428 |     1.8
   23 |   1.0196 |     33.792 |   1.1149 |     35.491 |     1.9
   24 |   1.0179 |     33.961 |   1.0924 |     35.991 |     1.9
   25 |   0.9888 |     32.733 |   1.0808 |     35.272 |     2.0
   26 |   0.9805 |     32.765 |   1.0869 |     35.585 |     2.1
   27 |   0.9674 |     32.296 |   1.0609 |     34.647 |     2.2
   28 |   0.9568 |     31.690 |   1.0686 |     35.710 |     2.3
   29 |   0.9371 |     31.247 |   1.0687 |     35.679 |     2.4
   30 |   0.9285 |     31.329 |   1.0547 |     34.522 |     2.4
   31 |   0.9177 |     30.799 |   1.0481 |     34.522 |     2.5
   32 |   0.9059 |     30.275 |   1.0537 |     34.115 |     2.6
   33 |   0.9014 |     30.395 |   1.0403 |     33.771 |     2.7
   34 |   0.8810 |     29.866 |   1.0405 |     33.896 |     2.8
   35 |   0.8734 |     29.303 |   1.0256 |     33.646 |     2.8
   36 |   0.8748 |     29.287 |   1.0415 |     33.927 |     2.9
   37 |   0.8554 |     28.899 |   1.0333 |     33.959 |     3.0
   38 |   0.8547 |     28.599 |   1.0303 |     34.021 |     3.1
   39 |   0.8309 |     28.080 |   1.0106 |     32.958 |     3.2
   40 |   0.8189 |     27.452 |   1.0411 |     33.959 |     3.3
   41 |   0.8155 |     27.397 |   1.0317 |     32.489 |     3.3
   42 |   0.8042 |     27.092 |   1.0194 |     32.896 |     3.4
   43 |   0.7988 |     26.862 |   1.0002 |     32.864 |     3.5
   44 |   0.7885 |     26.715 |   1.0102 |     32.520 |     3.6
   45 |   0.7728 |     26.059 |   1.0083 |     32.645 |     3.7
   46 |   0.7798 |     26.431 |   1.0360 |     33.208 |     3.7
   47 |   0.7739 |     26.240 |   1.0107 |     33.865 |     3.8
Early stopping

Model: Seq2Seq Multimodal Bi-LSTM
Source index: <Seq2Seq Index with 44 items>
Target index: <Seq2Seq Index with 34 items>
Encoder embedding dimension: 128
Descriptors dimension: 1136
Decoder embedding dimension: 128
Encoder hidden units: 128
Encoder layers: 4
Decoder hidden units: 128
Decoder layers: 4
Dropout: 0.2
Trainable parameters: 3,099,170

Training started
X_train.shape: torch.Size([3052, 702])
Y_train.shape: torch.Size([3052, 7])
X_dev.shape: torch.Size([533, 266])
Y_dev.shape: torch.Size([533, 7])
Epochs: 500
Learning rate: 0.0001
Weight decay: 0.0001
Epoch | Train                 | Development           | Minutes
      | Loss     | Error Rate | Loss     | Error Rate |
---------------------------------------------------------------
    1 |   3.2168 |     82.159 |   2.7251 |     81.363 |     0.1
    2 |   2.5013 |     66.830 |   2.2334 |     58.318 |     0.2
    3 |   2.1440 |     57.345 |   2.0002 |     58.318 |     0.3
    4 |   1.9706 |     55.270 |   1.8689 |     47.842 |     0.3
    5 |   1.8516 |     50.279 |   1.7631 |     47.749 |     0.4
    6 |   1.7517 |     49.104 |   1.6786 |     47.749 |     0.5
    7 |   1.6721 |     48.859 |   1.6122 |     47.749 |     0.6
    8 |   1.6078 |     48.804 |   1.5561 |     47.749 |     0.7
    9 |   1.5570 |     47.280 |   1.5118 |     45.153 |     0.8
   10 |   1.5169 |     46.221 |   1.4789 |     45.153 |     0.8
   11 |   1.4866 |     46.221 |   1.4539 |     45.153 |     0.9
   12 |   1.4626 |     46.221 |   1.4341 |     45.153 |     1.0
   13 |   1.4427 |     46.232 |   1.4167 |     45.153 |     1.1
   14 |   1.4254 |     46.205 |   1.3994 |     45.153 |     1.2
   15 |   1.4033 |     46.227 |   1.3802 |     45.091 |     1.3
   16 |   1.3845 |     46.183 |   1.3678 |     45.153 |     1.3
   17 |   1.3674 |     45.801 |   1.3463 |     44.153 |     1.4
   18 |   1.3537 |     45.189 |   1.3343 |     44.028 |     1.5
   19 |   1.3355 |     44.577 |   1.3212 |     43.902 |     1.6
   20 |   1.3242 |     44.288 |   1.3100 |     43.215 |     1.7
   21 |   1.3129 |     43.938 |   1.3032 |     43.246 |     1.8
   22 |   1.3018 |     43.671 |   1.2934 |     42.964 |     1.8
   23 |   1.2945 |     43.370 |   1.2857 |     42.964 |     1.9
   24 |   1.2844 |     43.010 |   1.2755 |     42.589 |     2.0
   25 |   1.2764 |     42.841 |   1.2729 |     42.777 |     2.1
   26 |   1.2680 |     42.611 |   1.2756 |     42.495 |     2.2
   27 |   1.2594 |     42.229 |   1.2609 |     42.058 |     2.3
   28 |   1.2512 |     42.065 |   1.2574 |     42.464 |     2.3
   29 |   1.2429 |     41.683 |   1.2548 |     41.745 |     2.4
   30 |   1.2371 |     41.732 |   1.2524 |     41.495 |     2.5
   31 |   1.2297 |     41.284 |   1.2521 |     41.182 |     2.6
   32 |   1.2212 |     41.355 |   1.2475 |     41.245 |     2.7
   33 |   1.2149 |     40.798 |   1.2375 |     41.057 |     2.8
   34 |   1.2075 |     40.755 |   1.2356 |     41.182 |     2.8
   35 |   1.1992 |     40.356 |   1.2365 |     41.119 |     2.9
   36 |   1.1920 |     40.170 |   1.2322 |     40.838 |     3.0
   37 |   1.1858 |     39.974 |   1.2281 |     40.463 |     3.1
   38 |   1.1782 |     39.471 |   1.2208 |     40.244 |     3.2
   39 |   1.1751 |     39.439 |   1.2230 |     40.557 |     3.3
   40 |   1.1666 |     39.171 |   1.2184 |     40.275 |     3.3
   41 |   1.1569 |     38.625 |   1.2111 |     39.650 |     3.4
   42 |   1.1525 |     38.630 |   1.2076 |     40.244 |     3.5
   43 |   1.1427 |     38.439 |   1.2020 |     40.056 |     3.6
   44 |   1.1371 |     38.527 |   1.2082 |     40.213 |     3.7
   45 |   1.1331 |     38.248 |   1.1926 |     39.587 |     3.8
   46 |   1.1243 |     37.724 |   1.2001 |     40.119 |     3.9
   47 |   1.1153 |     37.544 |   1.1901 |     39.587 |     3.9
   48 |   1.1116 |     37.451 |   1.1888 |     39.525 |     4.0
   49 |   1.1051 |     37.107 |   1.1812 |     39.118 |     4.1
   50 |   1.1004 |     37.161 |   1.1843 |     38.618 |     4.2
   51 |   1.0897 |     36.845 |   1.1824 |     39.431 |     4.3
   52 |   1.0821 |     36.381 |   1.1772 |     38.399 |     4.4
   53 |   1.0793 |     36.288 |   1.1676 |     38.962 |     4.4
   54 |   1.0696 |     36.091 |   1.1629 |     38.618 |     4.5
   55 |   1.0629 |     35.753 |   1.1569 |     37.805 |     4.6
   56 |   1.0569 |     35.600 |   1.1542 |     38.086 |     4.7
   57 |   1.0498 |     35.179 |   1.1665 |     38.618 |     4.8
   58 |   1.0418 |     35.048 |   1.1554 |     38.399 |     4.9
   59 |   1.0366 |     34.912 |   1.1521 |     37.992 |     4.9
   60 |   1.0231 |     34.229 |   1.1419 |     37.336 |     5.0
   61 |   1.0181 |     33.967 |   1.1490 |     37.867 |     5.1
   62 |   1.0124 |     33.907 |   1.1424 |     37.742 |     5.2
   63 |   1.0049 |     33.683 |   1.1537 |     37.492 |     5.3
   64 |   0.9955 |     33.535 |   1.1353 |     37.367 |     5.4
   65 |   0.9884 |     32.891 |   1.1453 |     36.773 |     5.4
   66 |   0.9851 |     33.028 |   1.1439 |     37.242 |     5.5
   67 |   0.9766 |     32.782 |   1.1384 |     36.804 |     5.6
   68 |   0.9727 |     32.285 |   1.1389 |     36.867 |     5.7
Early stopping

Model: Seq2Seq Multimodal Bi-LSTM
Source index: <Seq2Seq Index with 44 items>
Target index: <Seq2Seq Index with 34 items>
Encoder embedding dimension: 128
Descriptors dimension: 1136
Decoder embedding dimension: 64
Encoder hidden units: 32
Encoder layers: 2
Decoder hidden units: 64
Decoder layers: 3
Dropout: 0.0
Trainable parameters: 269,666

Training started
X_train.shape: torch.Size([3052, 702])
Y_train.shape: torch.Size([3052, 7])
X_dev.shape: torch.Size([533, 266])
Y_dev.shape: torch.Size([533, 7])
Epochs: 500
Learning rate: 0.001
Weight decay: 1e-05
Epoch | Train                 | Development           | Minutes
      | Loss     | Error Rate | Loss     | Error Rate |
---------------------------------------------------------------
    1 |   2.5965 |     69.616 |   2.0298 |     58.005 |     0.0
    2 |   1.7848 |     50.541 |   1.5775 |     45.153 |     0.0
    3 |   1.5130 |     46.205 |   1.4431 |     45.278 |     0.0
    4 |   1.4341 |     46.248 |   1.3950 |     45.153 |     0.1
    5 |   1.3943 |     46.106 |   1.3598 |     44.715 |     0.1
    6 |   1.3576 |     45.145 |   1.3340 |     44.184 |     0.1
    7 |   1.3332 |     44.184 |   1.3163 |     43.246 |     0.1
    8 |   1.2967 |     43.141 |   1.2901 |     42.151 |     0.1
    9 |   1.2722 |     42.475 |   1.2676 |     42.652 |     0.1
   10 |   1.2485 |     41.972 |   1.2510 |     42.183 |     0.1
   11 |   1.2225 |     41.148 |   1.2461 |     41.307 |     0.1
   12 |   1.1993 |     40.236 |   1.2157 |     40.682 |     0.2
   13 |   1.1728 |     39.417 |   1.2019 |     39.306 |     0.2
   14 |   1.1489 |     38.718 |   1.1797 |     38.868 |     0.2
   15 |   1.1149 |     37.161 |   1.1715 |     38.806 |     0.2
   16 |   1.0821 |     36.282 |   1.1524 |     37.774 |     0.2
   17 |   1.0525 |     35.425 |   1.1453 |     38.243 |     0.2
   18 |   1.0295 |     34.333 |   1.1330 |     36.867 |     0.2
   19 |   1.0010 |     33.901 |   1.1464 |     37.461 |     0.2
   20 |   0.9723 |     33.148 |   1.1045 |     36.241 |     0.3
   21 |   0.9394 |     31.471 |   1.0839 |     35.178 |     0.3
   22 |   0.9128 |     30.554 |   1.0922 |     35.491 |     0.3
   23 |   0.8860 |     29.625 |   1.0830 |     35.491 |     0.3
   24 |   0.8634 |     28.659 |   1.0767 |     34.490 |     0.3
   25 |   0.8300 |     27.414 |   1.0687 |     33.896 |     0.3
   26 |   0.8165 |     27.113 |   1.0772 |     34.396 |     0.3
   27 |   0.7887 |     25.896 |   1.0710 |     33.396 |     0.3
   28 |   0.7635 |     25.087 |   1.0607 |     34.021 |     0.4
   29 |   0.7392 |     24.132 |   1.0427 |     33.083 |     0.4
   30 |   0.7187 |     23.465 |   1.0548 |     33.834 |     0.4
   31 |   0.6925 |     22.832 |   1.0751 |     33.365 |     0.4
   32 |   0.6795 |     21.827 |   1.0798 |     32.708 |     0.4
   33 |   0.6588 |     21.265 |   1.0624 |     32.051 |     0.4
Early stopping

Model: Seq2Seq Multimodal Bi-LSTM
Source index: <Seq2Seq Index with 44 items>
Target index: <Seq2Seq Index with 34 items>
Encoder embedding dimension: 64
Descriptors dimension: 1136
Decoder embedding dimension: 64
Encoder hidden units: 128
Encoder layers: 3
Decoder hidden units: 64
Decoder layers: 3
Dropout: 0.1
Trainable parameters: 1,778,594

Training started
X_train.shape: torch.Size([3052, 702])
Y_train.shape: torch.Size([3052, 7])
X_dev.shape: torch.Size([533, 266])
Y_dev.shape: torch.Size([533, 7])
Epochs: 500
Learning rate: 0.0001
Weight decay: 1e-05
Epoch | Train                 | Development           | Minutes
      | Loss     | Error Rate | Loss     | Error Rate |
---------------------------------------------------------------
    1 |   3.3422 |     85.725 |   2.9973 |     83.333 |     0.1
    2 |   2.7721 |     78.058 |   2.5889 |     67.230 |     0.1
    3 |   2.5059 |     62.271 |   2.3848 |     58.318 |     0.2
    4 |   2.3386 |     58.983 |   2.2384 |     58.318 |     0.2
    5 |   2.2156 |     58.301 |   2.1322 |     58.224 |     0.3
    6 |   2.1209 |     57.252 |   2.0462 |     57.098 |     0.4
    7 |   2.0388 |     56.395 |   1.9725 |     53.002 |     0.4
    8 |   1.9682 |     55.472 |   1.9059 |     53.002 |     0.5
    9 |   1.9030 |     52.004 |   1.8459 |     47.749 |     0.6
   10 |   1.8422 |     49.771 |   1.7886 |     47.749 |     0.6
   11 |   1.7860 |     49.252 |   1.7345 |     47.811 |     0.7
   12 |   1.7318 |     49.012 |   1.6830 |     47.780 |     0.7
   13 |   1.6807 |     48.766 |   1.6369 |     47.749 |     0.8
   14 |   1.6392 |     46.794 |   1.5988 |     45.153 |     0.9
   15 |   1.6029 |     46.232 |   1.5673 |     45.153 |     0.9
   16 |   1.5728 |     46.227 |   1.5399 |     45.153 |     1.0
   17 |   1.5474 |     46.216 |   1.5174 |     45.153 |     1.0
   18 |   1.5270 |     46.216 |   1.4989 |     45.153 |     1.1
   19 |   1.5096 |     46.216 |   1.4828 |     45.153 |     1.2
   20 |   1.4947 |     46.227 |   1.4691 |     45.153 |     1.2
   21 |   1.4816 |     46.221 |   1.4577 |     45.153 |     1.3
   22 |   1.4716 |     46.221 |   1.4477 |     45.153 |     1.4
   23 |   1.4617 |     46.194 |   1.4393 |     45.153 |     1.4
   24 |   1.4521 |     46.265 |   1.4309 |     45.153 |     1.5
   25 |   1.4443 |     46.199 |   1.4237 |     45.153 |     1.5
   26 |   1.4360 |     46.237 |   1.4167 |     45.153 |     1.6
   27 |   1.4286 |     46.177 |   1.4101 |     45.153 |     1.7
   28 |   1.4213 |     46.139 |   1.4027 |     45.153 |     1.7
   29 |   1.4133 |     46.117 |   1.3972 |     45.028 |     1.8
   30 |   1.4068 |     45.855 |   1.3917 |     45.091 |     1.8
   31 |   1.4000 |     45.664 |   1.3851 |     44.934 |     1.9
   32 |   1.3925 |     45.560 |   1.3804 |     44.903 |     2.0
   33 |   1.3869 |     45.336 |   1.3747 |     44.622 |     2.0
   34 |   1.3780 |     45.293 |   1.3707 |     44.559 |     2.1
   35 |   1.3700 |     45.058 |   1.3635 |     44.497 |     2.1
   36 |   1.3640 |     44.905 |   1.3629 |     44.841 |     2.2
   37 |   1.3568 |     44.785 |   1.3540 |     44.559 |     2.3
   38 |   1.3479 |     44.610 |   1.3515 |     44.622 |     2.3
   39 |   1.3424 |     44.692 |   1.3426 |     44.340 |     2.4
   40 |   1.3343 |     44.343 |   1.3366 |     43.809 |     2.5
   41 |   1.3247 |     44.064 |   1.3315 |     43.684 |     2.5
   42 |   1.3161 |     43.922 |   1.3274 |     43.558 |     2.6
   43 |   1.3080 |     43.709 |   1.3207 |     43.465 |     2.6
   44 |   1.3000 |     43.310 |   1.3151 |     43.246 |     2.7
   45 |   1.2928 |     43.272 |   1.3185 |     43.371 |     2.8
   46 |   1.2870 |     42.988 |   1.3052 |     42.745 |     2.8
   47 |   1.2779 |     42.671 |   1.3029 |     42.558 |     2.9
   48 |   1.2707 |     42.246 |   1.2989 |     42.433 |     2.9
   49 |   1.2620 |     41.869 |   1.2978 |     42.151 |     3.0
   50 |   1.2548 |     41.552 |   1.2945 |     42.464 |     3.1
   51 |   1.2459 |     41.110 |   1.2896 |     42.308 |     3.1
   52 |   1.2397 |     40.635 |   1.2877 |     42.495 |     3.2
   53 |   1.2325 |     40.602 |   1.2778 |     41.932 |     3.2
   54 |   1.2245 |     40.367 |   1.2793 |     41.557 |     3.3
   55 |   1.2171 |     40.110 |   1.2718 |     41.463 |     3.4
   56 |   1.2087 |     39.619 |   1.2703 |     41.276 |     3.4
   57 |   1.2017 |     39.624 |   1.2643 |     40.932 |     3.5
   58 |   1.1940 |     39.035 |   1.2605 |     40.901 |     3.5
   59 |   1.1852 |     38.680 |   1.2592 |     41.307 |     3.6
   60 |   1.1754 |     38.336 |   1.2579 |     40.619 |     3.7
   61 |   1.1693 |     37.882 |   1.2507 |     40.275 |     3.7
   62 |   1.1591 |     37.445 |   1.2495 |     40.275 |     3.8
   63 |   1.1534 |     36.981 |   1.2489 |     40.338 |     3.9
   64 |   1.1459 |     36.806 |   1.2431 |     39.962 |     3.9
   65 |   1.1373 |     36.615 |   1.2350 |     39.869 |     4.0
   66 |   1.1285 |     36.277 |   1.2323 |     39.368 |     4.0
   67 |   1.1214 |     35.911 |   1.2301 |     39.931 |     4.1
   68 |   1.1144 |     35.763 |   1.2280 |     39.525 |     4.2
   69 |   1.1076 |     35.288 |   1.2236 |     39.368 |     4.2
   70 |   1.0983 |     35.174 |   1.2272 |     39.431 |     4.3
   71 |   1.0920 |     34.884 |   1.2184 |     39.024 |     4.3
   72 |   1.0808 |     34.600 |   1.2210 |     39.181 |     4.4
   73 |   1.0756 |     34.464 |   1.2152 |     38.524 |     4.5
   74 |   1.0668 |     33.759 |   1.2142 |     38.743 |     4.5
   75 |   1.0570 |     33.617 |   1.2088 |     38.524 |     4.6
   76 |   1.0512 |     33.628 |   1.2080 |     38.680 |     4.6
   77 |   1.0430 |     33.224 |   1.2020 |     38.680 |     4.7
   78 |   1.0333 |     32.678 |   1.1981 |     38.305 |     4.8
   79 |   1.0267 |     32.612 |   1.1973 |     37.930 |     4.8
   80 |   1.0204 |     32.596 |   1.1937 |     37.586 |     4.9
   81 |   1.0108 |     32.132 |   1.1923 |     37.899 |     5.0
   82 |   1.0020 |     31.984 |   1.1900 |     37.523 |     5.0
   83 |   0.9986 |     32.105 |   1.1849 |     37.461 |     5.1
   84 |   0.9919 |     31.526 |   1.1943 |     37.711 |     5.1
   85 |   0.9824 |     31.602 |   1.1830 |     37.211 |     5.2
   86 |   0.9765 |     31.477 |   1.1899 |     37.492 |     5.3
   87 |   0.9692 |     31.138 |   1.1967 |     37.930 |     5.3
   88 |   0.9631 |     31.034 |   1.1806 |     37.023 |     5.4
   89 |   0.9584 |     30.783 |   1.1853 |     37.211 |     5.4
   90 |   0.9488 |     30.690 |   1.1828 |     37.492 |     5.5
   91 |   0.9442 |     30.483 |   1.1740 |     36.898 |     5.6
   92 |   0.9353 |     30.182 |   1.1756 |     36.898 |     5.6
   93 |   0.9281 |     30.139 |   1.1749 |     36.585 |     5.7
   94 |   0.9173 |     29.877 |   1.1644 |     36.679 |     5.7
   95 |   0.9137 |     29.784 |   1.1851 |     36.679 |     5.8
   96 |   0.9104 |     29.680 |   1.1739 |     36.898 |     5.9
   97 |   0.9034 |     29.609 |   1.1666 |     36.679 |     5.9
   98 |   0.8973 |     29.478 |   1.1862 |     37.523 |     6.0
Early stopping

Model: Seq2Seq Multimodal Bi-LSTM
Source index: <Seq2Seq Index with 44 items>
Target index: <Seq2Seq Index with 34 items>
Encoder embedding dimension: 64
Descriptors dimension: 1136
Decoder embedding dimension: 64
Encoder hidden units: 32
Encoder layers: 3
Decoder hidden units: 128
Decoder layers: 2
Dropout: 0.2
Trainable parameters: 483,586

Training started
X_train.shape: torch.Size([3052, 702])
Y_train.shape: torch.Size([3052, 7])
X_dev.shape: torch.Size([533, 266])
Y_dev.shape: torch.Size([533, 7])
Epochs: 500
Learning rate: 0.001
Weight decay: 0.0001
Epoch | Train                 | Development           | Minutes
      | Loss     | Error Rate | Loss     | Error Rate |
---------------------------------------------------------------
    1 |   2.1587 |     58.732 |   1.5367 |     45.591 |     0.0
    2 |   1.4119 |     44.648 |   1.3304 |     43.652 |     0.0
    3 |   1.2932 |     42.491 |   1.2605 |     41.432 |     0.1
    4 |   1.2243 |     40.329 |   1.2061 |     39.525 |     0.1
    5 |   1.1676 |     39.258 |   1.1597 |     38.931 |     0.1
    6 |   1.1131 |     37.298 |   1.1271 |     36.773 |     0.1
    7 |   1.0553 |     34.628 |   1.1022 |     35.991 |     0.1
    8 |   1.0110 |     33.328 |   1.0559 |     33.959 |     0.1
    9 |   0.9553 |     31.422 |   1.0276 |     33.521 |     0.2
   10 |   0.9047 |     30.046 |   0.9740 |     31.426 |     0.2
   11 |   0.8491 |     27.922 |   0.9568 |     30.707 |     0.2
   12 |   0.8123 |     26.753 |   0.9471 |     30.206 |     0.2
   13 |   0.7655 |     25.038 |   0.9043 |     28.455 |     0.2
   14 |   0.7211 |     23.564 |   0.9046 |     29.331 |     0.2
   15 |   0.6972 |     22.772 |   0.8946 |     28.893 |     0.3
   16 |   0.6636 |     21.947 |   0.8686 |     26.923 |     0.3
   17 |   0.6285 |     20.325 |   0.8879 |     27.924 |     0.3
   18 |   0.5990 |     19.446 |   0.8576 |     26.548 |     0.3
   19 |   0.5676 |     18.813 |   0.8551 |     26.829 |     0.3
   20 |   0.5487 |     18.026 |   0.8669 |     25.985 |     0.4
   21 |   0.5278 |     17.382 |   0.8517 |     25.985 |     0.4
   22 |   0.5012 |     16.492 |   0.8615 |     25.391 |     0.4
   23 |   0.4818 |     15.564 |   0.8728 |     26.298 |     0.4
   24 |   0.4661 |     15.558 |   0.8634 |     25.422 |     0.4
   25 |   0.4464 |     14.886 |   0.8500 |     25.391 |     0.4
   26 |   0.4331 |     14.460 |   0.8530 |     24.828 |     0.5
   27 |   0.4181 |     13.756 |   0.8774 |     24.609 |     0.5
   28 |   0.4120 |     13.920 |   0.8956 |     26.048 |     0.5
   29 |   0.3950 |     13.265 |   0.8582 |     24.484 |     0.5
Early stopping

Model: Seq2Seq Multimodal Bi-LSTM
Source index: <Seq2Seq Index with 44 items>
Target index: <Seq2Seq Index with 34 items>
Encoder embedding dimension: 64
Descriptors dimension: 1136
Decoder embedding dimension: 128
Encoder hidden units: 64
Encoder layers: 3
Decoder hidden units: 64
Decoder layers: 4
Dropout: 0.1
Trainable parameters: 728,418

Training started
X_train.shape: torch.Size([3052, 702])
Y_train.shape: torch.Size([3052, 7])
X_dev.shape: torch.Size([533, 266])
Y_dev.shape: torch.Size([533, 7])
Epochs: 500
Learning rate: 0.0001
Weight decay: 0.0001
Epoch | Train                 | Development           | Minutes
      | Loss     | Error Rate | Loss     | Error Rate |
---------------------------------------------------------------
    1 |   3.4392 |     88.090 |   3.1877 |     81.051 |     0.0
    2 |   2.8591 |     82.356 |   2.6556 |     81.395 |     0.1
    3 |   2.5523 |     67.928 |   2.3943 |     58.318 |     0.1
    4 |   2.3298 |     58.858 |   2.2223 |     58.318 |     0.1
    5 |   2.1964 |     58.230 |   2.1146 |     58.318 |     0.1
    6 |   2.1013 |     57.279 |   2.0312 |     58.318 |     0.2
    7 |   2.0237 |     56.537 |   1.9593 |     53.002 |     0.2
    8 |   1.9552 |     55.095 |   1.8958 |     48.374 |     0.2
    9 |   1.8937 |     51.196 |   1.8365 |     47.780 |     0.2
   10 |   1.8355 |     49.443 |   1.7837 |     47.749 |     0.3
   11 |   1.7835 |     49.225 |   1.7341 |     47.749 |     0.3
   12 |   1.7345 |     48.935 |   1.6907 |     47.749 |     0.3
   13 |   1.6929 |     48.864 |   1.6522 |     47.780 |     0.3
   14 |   1.6541 |     48.285 |   1.6152 |     45.153 |     0.4
   15 |   1.6217 |     46.385 |   1.5842 |     45.153 |     0.4
   16 |   1.5908 |     46.232 |   1.5576 |     45.153 |     0.4
   17 |   1.5662 |     46.221 |   1.5345 |     45.153 |     0.4
   18 |   1.5444 |     46.216 |   1.5153 |     45.153 |     0.5
   19 |   1.5258 |     46.221 |   1.4973 |     45.153 |     0.5
   20 |   1.5095 |     46.227 |   1.4824 |     45.153 |     0.5
   21 |   1.4946 |     46.221 |   1.4690 |     45.153 |     0.5
   22 |   1.4807 |     46.243 |   1.4556 |     45.184 |     0.6
   23 |   1.4661 |     46.265 |   1.4423 |     45.216 |     0.6
   24 |   1.4491 |     46.243 |   1.4284 |     45.153 |     0.6
   25 |   1.4329 |     46.221 |   1.4121 |     45.184 |     0.6
   26 |   1.4159 |     46.166 |   1.3943 |     45.122 |     0.7
   27 |   1.4003 |     46.128 |   1.3762 |     44.903 |     0.7
   28 |   1.3858 |     45.801 |   1.3645 |     44.997 |     0.7
   29 |   1.3712 |     45.544 |   1.3546 |     44.528 |     0.7
   30 |   1.3597 |     45.162 |   1.3431 |     43.902 |     0.8
   31 |   1.3483 |     44.490 |   1.3338 |     44.028 |     0.8
   32 |   1.3380 |     43.949 |   1.3261 |     43.465 |     0.8
   33 |   1.3284 |     43.873 |   1.3156 |     43.402 |     0.8
   34 |   1.3189 |     43.562 |   1.3099 |     43.215 |     0.9
   35 |   1.3105 |     43.436 |   1.3088 |     43.183 |     0.9
   36 |   1.3017 |     43.299 |   1.2997 |     42.964 |     0.9
   37 |   1.2951 |     43.125 |   1.2929 |     42.745 |     0.9
   38 |   1.2883 |     42.803 |   1.2907 |     43.371 |     1.0
   39 |   1.2804 |     42.835 |   1.2817 |     42.683 |     1.0
   40 |   1.2727 |     42.431 |   1.2776 |     42.370 |     1.0
   41 |   1.2679 |     42.065 |   1.2747 |     42.089 |     1.0
   42 |   1.2601 |     42.022 |   1.2721 |     42.120 |     1.1
   43 |   1.2541 |     41.841 |   1.2656 |     41.932 |     1.1
   44 |   1.2483 |     41.628 |   1.2617 |     41.714 |     1.1
   45 |   1.2424 |     41.388 |   1.2562 |     41.682 |     1.1
   46 |   1.2365 |     41.164 |   1.2592 |     41.995 |     1.2
   47 |   1.2309 |     40.706 |   1.2509 |     41.119 |     1.2
   48 |   1.2251 |     40.558 |   1.2485 |     41.182 |     1.2
   49 |   1.2186 |     40.422 |   1.2470 |     41.213 |     1.2
   50 |   1.2130 |     40.372 |   1.2416 |     41.401 |     1.3
   51 |   1.2100 |     40.345 |   1.2423 |     41.151 |     1.3
   52 |   1.2036 |     40.110 |   1.2380 |     41.276 |     1.3
   53 |   1.1975 |     39.914 |   1.2462 |     41.651 |     1.3
   54 |   1.1986 |     39.810 |   1.2351 |     41.026 |     1.3
   55 |   1.1887 |     39.428 |   1.2307 |     40.775 |     1.4
   56 |   1.1826 |     39.526 |   1.2308 |     40.807 |     1.4
   57 |   1.1800 |     39.433 |   1.2282 |     40.901 |     1.4
   58 |   1.1730 |     39.106 |   1.2270 |     40.713 |     1.4
   59 |   1.1694 |     39.078 |   1.2241 |     40.932 |     1.5
   60 |   1.1655 |     38.980 |   1.2219 |     40.682 |     1.5
   61 |   1.1588 |     38.723 |   1.2215 |     40.650 |     1.5
   62 |   1.1552 |     38.756 |   1.2165 |     40.682 |     1.5
   63 |   1.1534 |     38.827 |   1.2118 |     40.119 |     1.6
   64 |   1.1463 |     38.450 |   1.2097 |     40.369 |     1.6
   65 |   1.1409 |     38.308 |   1.2064 |     40.682 |     1.6
   66 |   1.1360 |     38.112 |   1.2104 |     40.682 |     1.6
   67 |   1.1315 |     37.849 |   1.2072 |     40.275 |     1.7
   68 |   1.1276 |     37.937 |   1.2101 |     40.338 |     1.7
   69 |   1.1255 |     37.724 |   1.2079 |     39.994 |     1.7
Early stopping

Model: Seq2Seq Multimodal Bi-LSTM
Source index: <Seq2Seq Index with 44 items>
Target index: <Seq2Seq Index with 34 items>
Encoder embedding dimension: 64
Descriptors dimension: 1136
Decoder embedding dimension: 64
Encoder hidden units: 128
Encoder layers: 3
Decoder hidden units: 64
Decoder layers: 3
Dropout: 0.0
Trainable parameters: 1,778,594

Training started
X_train.shape: torch.Size([3052, 702])
Y_train.shape: torch.Size([3052, 7])
X_dev.shape: torch.Size([533, 266])
Y_dev.shape: torch.Size([533, 7])
Epochs: 500
Learning rate: 0.001
Weight decay: 0.0001
Epoch | Train                 | Development           | Minutes
      | Loss     | Error Rate | Loss     | Error Rate |
---------------------------------------------------------------
    1 |   2.5171 |     66.055 |   1.9367 |     57.473 |     0.1
    2 |   1.7270 |     48.455 |   1.5358 |     45.153 |     0.1
    3 |   1.4888 |     46.347 |   1.4299 |     45.153 |     0.2
    4 |   1.4322 |     46.281 |   1.4033 |     45.153 |     0.2
    5 |   1.4114 |     46.243 |   1.3773 |     45.153 |     0.3
    6 |   1.3944 |     46.259 |   1.3711 |     45.153 |     0.3
    7 |   1.3817 |     46.248 |   1.3592 |     45.122 |     0.4
    8 |   1.3680 |     45.806 |   1.3500 |     45.278 |     0.5
    9 |   1.3524 |     44.779 |   1.3423 |     44.747 |     0.5
   10 |   1.3378 |     44.310 |   1.3308 |     44.028 |     0.6
   11 |   1.3294 |     44.201 |   1.3195 |     43.965 |     0.6
   12 |   1.3163 |     43.665 |   1.3100 |     42.996 |     0.7
   13 |   1.3086 |     43.469 |   1.3077 |     43.089 |     0.7
   14 |   1.3061 |     43.512 |   1.3057 |     43.371 |     0.8
   15 |   1.2961 |     43.360 |   1.3068 |     42.808 |     0.9
   16 |   1.2922 |     43.037 |   1.3007 |     43.152 |     0.9
   17 |   1.2822 |     42.824 |   1.2979 |     43.152 |     1.0
   18 |   1.2716 |     42.404 |   1.2951 |     43.089 |     1.0
   19 |   1.2616 |     42.224 |   1.2699 |     41.995 |     1.1
   20 |   1.2493 |     41.841 |   1.2802 |     42.120 |     1.1
   21 |   1.2417 |     41.683 |   1.2676 |     41.839 |     1.2
   22 |   1.2388 |     41.618 |   1.2774 |     42.058 |     1.3
   23 |   1.2242 |     41.383 |   1.2548 |     41.901 |     1.3
   24 |   1.2062 |     40.427 |   1.2571 |     41.714 |     1.4
   25 |   1.2041 |     40.574 |   1.2522 |     41.432 |     1.4
   26 |   1.1900 |     39.979 |   1.2390 |     40.994 |     1.5
   27 |   1.1794 |     39.701 |   1.2157 |     40.494 |     1.5
   28 |   1.1703 |     39.215 |   1.2201 |     40.682 |     1.6
   29 |   1.1615 |     39.051 |   1.2288 |     39.869 |     1.7
   30 |   1.1495 |     38.559 |   1.2181 |     39.712 |     1.7
   31 |   1.1538 |     38.663 |   1.2170 |     39.400 |     1.8
Early stopping

Model: Seq2Seq Multimodal Bi-LSTM
Source index: <Seq2Seq Index with 44 items>
Target index: <Seq2Seq Index with 34 items>
Encoder embedding dimension: 128
Descriptors dimension: 1136
Decoder embedding dimension: 128
Encoder hidden units: 32
Encoder layers: 3
Decoder hidden units: 64
Decoder layers: 2
Dropout: 0.0
Trainable parameters: 329,730

Training started
X_train.shape: torch.Size([3052, 702])
Y_train.shape: torch.Size([3052, 7])
X_dev.shape: torch.Size([533, 266])
Y_dev.shape: torch.Size([533, 7])
Epochs: 500
Learning rate: 0.001
Weight decay: 1e-05
Epoch | Train                 | Development           | Minutes
      | Loss     | Error Rate | Loss     | Error Rate |
---------------------------------------------------------------
    1 |   2.4016 |     62.140 |   1.7853 |     49.187 |     0.0
    2 |   1.5914 |     47.013 |   1.4595 |     45.216 |     0.0
    3 |   1.4082 |     45.325 |   1.3573 |     44.028 |     0.0
    4 |   1.3224 |     43.212 |   1.2952 |     42.308 |     0.1
    5 |   1.2521 |     40.869 |   1.2269 |     39.712 |     0.1
    6 |   1.1882 |     38.669 |   1.1855 |     38.305 |     0.1
    7 |   1.1323 |     37.085 |   1.1542 |     37.711 |     0.1
    8 |   1.0907 |     35.780 |   1.1227 |     36.617 |     0.1
    9 |   1.0409 |     33.628 |   1.0835 |     34.615 |     0.2
   10 |   0.9913 |     31.952 |   1.0604 |     34.334 |     0.2
   11 |   0.9483 |     30.510 |   1.0392 |     32.833 |     0.2
   12 |   0.9023 |     29.052 |   1.0192 |     32.833 |     0.2
   13 |   0.8573 |     27.463 |   1.0012 |     32.427 |     0.2
   14 |   0.8189 |     25.961 |   0.9888 |     30.613 |     0.2
   15 |   0.7874 |     24.842 |   0.9609 |     30.113 |     0.2
   16 |   0.7497 |     23.678 |   0.9487 |     29.206 |     0.3
   17 |   0.7059 |     22.193 |   0.9445 |     29.550 |     0.3
   18 |   0.6761 |     21.101 |   0.9461 |     29.049 |     0.3
   19 |   0.6469 |     20.205 |   0.9241 |     28.330 |     0.3
   20 |   0.6134 |     19.299 |   0.9112 |     27.830 |     0.3
   21 |   0.5898 |     18.502 |   0.9242 |     28.018 |     0.3
   22 |   0.5611 |     17.469 |   0.9141 |     27.486 |     0.4
   23 |   0.5347 |     16.787 |   0.9029 |     26.923 |     0.4
   24 |   0.5140 |     16.164 |   0.9005 |     26.767 |     0.4
   25 |   0.4841 |     14.919 |   0.9176 |     27.111 |     0.4
   26 |   0.4775 |     14.848 |   0.9340 |     27.455 |     0.4
   27 |   0.4660 |     14.602 |   0.9127 |     25.829 |     0.4
   28 |   0.4344 |     13.576 |   0.9160 |     25.766 |     0.5
Early stopping

Model: Seq2Seq Multimodal Bi-LSTM
Source index: <Seq2Seq Index with 44 items>
Target index: <Seq2Seq Index with 34 items>
Encoder embedding dimension: 128
Descriptors dimension: 1136
Decoder embedding dimension: 64
Encoder hidden units: 64
Encoder layers: 2
Decoder hidden units: 128
Decoder layers: 2
Dropout: 0.1
Trainable parameters: 669,730

Training started
X_train.shape: torch.Size([3052, 702])
Y_train.shape: torch.Size([3052, 7])
X_dev.shape: torch.Size([533, 266])
Y_dev.shape: torch.Size([533, 7])
Epochs: 500
Learning rate: 0.0001
Weight decay: 1e-05
Epoch | Train                 | Development           | Minutes
      | Loss     | Error Rate | Loss     | Error Rate |
---------------------------------------------------------------
    1 |   3.1431 |     80.625 |   2.5711 |     78.018 |     0.0
    2 |   2.3077 |     59.567 |   2.0866 |     56.723 |     0.0
    3 |   2.0110 |     54.369 |   1.8953 |     49.031 |     0.1
    4 |   1.8473 |     49.033 |   1.7559 |     47.842 |     0.1
    5 |   1.7195 |     48.509 |   1.6438 |     47.655 |     0.1
    6 |   1.6170 |     48.253 |   1.5550 |     47.311 |     0.1
    7 |   1.5420 |     46.134 |   1.5010 |     45.341 |     0.1
    8 |   1.4880 |     45.953 |   1.4529 |     44.778 |     0.2
    9 |   1.4453 |     45.708 |   1.4179 |     44.747 |     0.2
   10 |   1.4134 |     45.538 |   1.3912 |     44.340 |     0.2
   11 |   1.3853 |     44.823 |   1.3641 |     43.809 |     0.2
   12 |   1.3602 |     44.026 |   1.3463 |     43.121 |     0.2
   13 |   1.3379 |     43.272 |   1.3289 |     43.121 |     0.3
   14 |   1.3169 |     42.491 |   1.3124 |     42.370 |     0.3
   15 |   1.2986 |     41.738 |   1.2941 |     42.026 |     0.3
   16 |   1.2785 |     41.334 |   1.2847 |     42.058 |     0.3
   17 |   1.2615 |     41.028 |   1.2673 |     41.588 |     0.3
   18 |   1.2469 |     40.454 |   1.2575 |     41.119 |     0.4
   19 |   1.2294 |     40.023 |   1.2401 |     40.713 |     0.4
   20 |   1.2154 |     39.531 |   1.2320 |     40.025 |     0.4
   21 |   1.2007 |     38.974 |   1.2225 |     39.712 |     0.4
   22 |   1.1855 |     38.401 |   1.2133 |     39.837 |     0.4
   23 |   1.1718 |     38.204 |   1.2053 |     39.306 |     0.5
   24 |   1.1589 |     37.844 |   1.1959 |     39.212 |     0.5
   25 |   1.1481 |     37.489 |   1.1831 |     38.837 |     0.5
   26 |   1.1334 |     37.085 |   1.1785 |     38.305 |     0.5
   27 |   1.1189 |     36.490 |   1.1668 |     38.305 |     0.5
   28 |   1.1076 |     36.233 |   1.1630 |     37.961 |     0.5
   29 |   1.0928 |     35.703 |   1.1551 |     37.867 |     0.6
   30 |   1.0821 |     35.441 |   1.1455 |     37.398 |     0.6
   31 |   1.0713 |     34.895 |   1.1384 |     36.867 |     0.6
   32 |   1.0578 |     34.365 |   1.1291 |     36.679 |     0.6
   33 |   1.0478 |     33.847 |   1.1267 |     36.116 |     0.6
   34 |   1.0346 |     33.634 |   1.1213 |     36.304 |     0.7
   35 |   1.0232 |     33.175 |   1.1063 |     35.960 |     0.7
   36 |   1.0115 |     32.618 |   1.1063 |     36.335 |     0.7
   37 |   1.0007 |     32.339 |   1.0965 |     35.366 |     0.7
   38 |   0.9885 |     31.864 |   1.0904 |     35.210 |     0.7
   39 |   0.9772 |     31.553 |   1.0836 |     35.210 |     0.8
   40 |   0.9663 |     31.149 |   1.0758 |     34.647 |     0.8
   41 |   0.9543 |     30.608 |   1.0742 |     34.146 |     0.8
   42 |   0.9430 |     30.242 |   1.0736 |     34.490 |     0.8
   43 |   0.9335 |     29.746 |   1.0568 |     33.615 |     0.8
   44 |   0.9233 |     29.434 |   1.0577 |     33.990 |     0.9
   45 |   0.9139 |     29.396 |   1.0442 |     33.333 |     0.9
   46 |   0.8998 |     28.757 |   1.0429 |     34.021 |     0.9
   47 |   0.8912 |     28.451 |   1.0379 |     33.302 |     0.9
   48 |   0.8812 |     28.184 |   1.0359 |     33.458 |     0.9
   49 |   0.8710 |     27.539 |   1.0288 |     32.927 |     1.0
   50 |   0.8620 |     27.436 |   1.0285 |     32.833 |     1.0
   51 |   0.8488 |     26.906 |   1.0150 |     32.552 |     1.0
   52 |   0.8391 |     26.709 |   1.0081 |     31.895 |     1.0
   53 |   0.8294 |     26.234 |   1.0076 |     32.020 |     1.0
   54 |   0.8224 |     25.890 |   1.0012 |     31.614 |     1.1
   55 |   0.8106 |     25.497 |   0.9996 |     31.645 |     1.1
   56 |   0.8029 |     25.197 |   0.9923 |     31.520 |     1.1
   57 |   0.7938 |     24.716 |   0.9878 |     31.144 |     1.1
   58 |   0.7867 |     24.738 |   0.9839 |     31.082 |     1.1
   59 |   0.7739 |     24.361 |   0.9820 |     30.769 |     1.2
   60 |   0.7628 |     23.924 |   0.9788 |     30.582 |     1.2
   61 |   0.7560 |     23.640 |   0.9799 |     31.176 |     1.2
   62 |   0.7482 |     23.263 |   0.9743 |     30.425 |     1.2
   63 |   0.7370 |     22.799 |   0.9777 |     30.238 |     1.2
   64 |   0.7269 |     22.488 |   0.9729 |     29.987 |     1.3
   65 |   0.7246 |     22.401 |   0.9630 |     29.612 |     1.3
   66 |   0.7114 |     22.007 |   0.9575 |     29.393 |     1.3
   67 |   0.7045 |     21.827 |   0.9617 |     28.956 |     1.3
   68 |   0.6958 |     21.429 |   0.9643 |     29.675 |     1.3
   69 |   0.6836 |     20.992 |   0.9608 |     29.362 |     1.4
   70 |   0.6789 |     20.817 |   0.9441 |     29.518 |     1.4
   71 |   0.6702 |     20.604 |   0.9446 |     28.831 |     1.4
   72 |   0.6631 |     20.413 |   0.9556 |     29.487 |     1.4
   73 |   0.6566 |     20.265 |   0.9426 |     28.862 |     1.4
   74 |   0.6505 |     19.976 |   0.9477 |     29.081 |     1.5
   75 |   0.6414 |     19.883 |   0.9419 |     28.487 |     1.5
   76 |   0.6322 |     19.779 |   0.9519 |     28.924 |     1.5
   77 |   0.6258 |     19.086 |   0.9343 |     28.674 |     1.5
   78 |   0.6185 |     18.835 |   0.9298 |     28.018 |     1.5
   79 |   0.6096 |     18.698 |   0.9384 |     28.018 |     1.6
   80 |   0.6062 |     18.693 |   0.9285 |     27.955 |     1.6
   81 |   0.5946 |     18.212 |   0.9351 |     28.174 |     1.6
   82 |   0.5925 |     18.185 |   0.9352 |     28.111 |     1.6
   83 |   0.5832 |     17.753 |   0.9291 |     27.830 |     1.6
   84 |   0.5799 |     17.830 |   0.9304 |     27.767 |     1.7
Early stopping

Model: Seq2Seq Multimodal Bi-LSTM
Source index: <Seq2Seq Index with 44 items>
Target index: <Seq2Seq Index with 34 items>
Encoder embedding dimension: 128
Descriptors dimension: 1136
Decoder embedding dimension: 64
Encoder hidden units: 128
Encoder layers: 2
Decoder hidden units: 128
Decoder layers: 4
Dropout: 0.2
Trainable parameters: 1,654,946

Training started
X_train.shape: torch.Size([3052, 702])
Y_train.shape: torch.Size([3052, 7])
X_dev.shape: torch.Size([533, 266])
Y_dev.shape: torch.Size([533, 7])
Epochs: 500
Learning rate: 0.001
Weight decay: 1e-05
Epoch | Train                 | Development           | Minutes
      | Loss     | Error Rate | Loss     | Error Rate |
---------------------------------------------------------------
    1 |   2.2950 |     61.987 |   1.6621 |     47.749 |     0.0
    2 |   1.5179 |     46.669 |   1.4189 |     45.153 |     0.1
    3 |   1.4229 |     46.390 |   1.3895 |     45.153 |     0.1
    4 |   1.4074 |     46.325 |   1.3846 |     45.153 |     0.2
    5 |   1.4043 |     46.347 |   1.3793 |     45.122 |     0.2
    6 |   1.3979 |     46.112 |   1.3770 |     44.434 |     0.3
    7 |   1.3850 |     45.249 |   1.3619 |     44.028 |     0.3
    8 |   1.3624 |     44.719 |   1.3425 |     43.934 |     0.3
    9 |   1.3482 |     44.272 |   1.3306 |     44.121 |     0.4
   10 |   1.3348 |     44.173 |   1.3280 |     43.746 |     0.4
   11 |   1.3210 |     43.851 |   1.3221 |     43.746 |     0.5
   12 |   1.3100 |     43.567 |   1.3088 |     43.152 |     0.5
   13 |   1.2969 |     43.299 |   1.3048 |     42.902 |     0.6
   14 |   1.2836 |     42.934 |   1.2928 |     42.527 |     0.6
   15 |   1.2749 |     42.704 |   1.2941 |     42.808 |     0.6
   16 |   1.2614 |     42.398 |   1.2776 |     42.527 |     0.7
   17 |   1.2571 |     42.338 |   1.2772 |     42.089 |     0.7
   18 |   1.2441 |     42.131 |   1.2756 |     41.870 |     0.8
   19 |   1.2372 |     41.470 |   1.2665 |     42.777 |     0.8
   20 |   1.2219 |     41.192 |   1.2566 |     40.994 |     0.9
   21 |   1.2247 |     41.317 |   1.2450 |     40.963 |     0.9
   22 |   1.2091 |     40.787 |   1.2392 |     40.807 |     0.9
   23 |   1.1968 |     40.542 |   1.2276 |     40.525 |     1.0
   24 |   1.1887 |     40.848 |   1.2168 |     39.869 |     1.0
   25 |   1.1790 |     39.815 |   1.2208 |     39.931 |     1.1
   26 |   1.1674 |     39.504 |   1.2225 |     40.713 |     1.1
   27 |   1.1580 |     39.455 |   1.1987 |     39.962 |     1.2
   28 |   1.1392 |     38.674 |   1.2251 |     41.088 |     1.2
   29 |   1.1395 |     38.832 |   1.1953 |     40.369 |     1.2
   30 |   1.1369 |     38.619 |   1.1893 |     39.087 |     1.3
   31 |   1.1159 |     37.849 |   1.1790 |     39.149 |     1.3
   32 |   1.0999 |     37.484 |   1.1922 |     39.400 |     1.4
   33 |   1.0901 |     36.817 |   1.1855 |     39.744 |     1.4
   34 |   1.0879 |     37.309 |   1.1828 |     39.337 |     1.4
   35 |   1.0862 |     36.910 |   1.1857 |     38.806 |     1.5
Early stopping

Model: Seq2Seq Multimodal Bi-LSTM
Source index: <Seq2Seq Index with 44 items>
Target index: <Seq2Seq Index with 34 items>
Encoder embedding dimension: 64
Descriptors dimension: 1136
Decoder embedding dimension: 64
Encoder hidden units: 128
Encoder layers: 4
Decoder hidden units: 64
Decoder layers: 4
Dropout: 0.2
Trainable parameters: 2,500,130

Training started
X_train.shape: torch.Size([3052, 702])
Y_train.shape: torch.Size([3052, 7])
X_dev.shape: torch.Size([533, 266])
Y_dev.shape: torch.Size([533, 7])
Epochs: 500
Learning rate: 0.0001
Weight decay: 0.0001
Epoch | Train                 | Development           | Minutes
      | Loss     | Error Rate | Loss     | Error Rate |
---------------------------------------------------------------
    1 |   3.4175 |     86.954 |   3.1216 |     83.240 |     0.1
    2 |   2.8448 |     82.443 |   2.6685 |     67.699 |     0.2
    3 |   2.5947 |     64.946 |   2.4657 |     58.318 |     0.2
    4 |   2.4027 |     59.262 |   2.2860 |     58.318 |     0.3
    5 |   2.2578 |     58.213 |   2.1662 |     58.318 |     0.4
    6 |   2.1523 |     57.640 |   2.0703 |     58.318 |     0.5
    7 |   2.0653 |     56.875 |   1.9864 |     54.503 |     0.6
    8 |   1.9846 |     55.652 |   1.9068 |     53.002 |     0.7
    9 |   1.9056 |     52.010 |   1.8320 |     47.749 |     0.7
   10 |   1.8339 |     49.787 |   1.7710 |     47.749 |     0.8
   11 |   1.7752 |     49.268 |   1.7170 |     47.749 |     0.9
   12 |   1.7194 |     49.028 |   1.6679 |     47.749 |     1.0
   13 |   1.6715 |     48.897 |   1.6231 |     47.749 |     1.1
   14 |   1.6273 |     47.259 |   1.5830 |     45.153 |     1.2
   15 |   1.5888 |     46.243 |   1.5531 |     45.184 |     1.2
   16 |   1.5598 |     46.221 |   1.5247 |     45.153 |     1.3
   17 |   1.5359 |     46.210 |   1.5052 |     45.153 |     1.4
   18 |   1.5169 |     46.221 |   1.4878 |     45.153 |     1.5
   19 |   1.5028 |     46.221 |   1.4748 |     45.153 |     1.6
   20 |   1.4907 |     46.221 |   1.4628 |     45.153 |     1.6
   21 |   1.4788 |     46.221 |   1.4528 |     45.153 |     1.7
   22 |   1.4685 |     46.221 |   1.4417 |     45.153 |     1.8
   23 |   1.4580 |     46.216 |   1.4342 |     45.153 |     1.9
   24 |   1.4511 |     46.216 |   1.4261 |     45.153 |     2.0
   25 |   1.4426 |     46.227 |   1.4201 |     45.153 |     2.1
   26 |   1.4372 |     46.216 |   1.4139 |     45.153 |     2.1
   27 |   1.4296 |     46.156 |   1.4079 |     45.059 |     2.2
   28 |   1.4229 |     46.052 |   1.4018 |     45.059 |     2.3
   29 |   1.4170 |     45.937 |   1.3972 |     45.059 |     2.4
   30 |   1.4087 |     45.806 |   1.3869 |     44.715 |     2.5
   31 |   1.4005 |     45.588 |   1.3779 |     44.559 |     2.5
   32 |   1.3896 |     45.489 |   1.3743 |     44.559 |     2.6
   33 |   1.3819 |     45.528 |   1.3637 |     44.371 |     2.7
   34 |   1.3705 |     45.260 |   1.3549 |     44.434 |     2.8
   35 |   1.3597 |     45.069 |   1.3457 |     43.996 |     2.9
   36 |   1.3517 |     44.572 |   1.3403 |     43.496 |     3.0
   37 |   1.3418 |     44.201 |   1.3319 |     43.496 |     3.0
   38 |   1.3349 |     43.971 |   1.3273 |     43.402 |     3.1
   39 |   1.3285 |     43.960 |   1.3200 |     43.402 |     3.2
   40 |   1.3180 |     43.856 |   1.3126 |     43.558 |     3.3
   41 |   1.3114 |     43.704 |   1.3068 |     43.558 |     3.4
   42 |   1.3067 |     43.654 |   1.3028 |     43.277 |     3.4
   43 |   1.2972 |     43.398 |   1.2992 |     43.277 |     3.5
   44 |   1.2929 |     43.431 |   1.2987 |     43.183 |     3.6
   45 |   1.2867 |     43.212 |   1.2920 |     42.933 |     3.7
   46 |   1.2805 |     43.032 |   1.2878 |     42.839 |     3.8
   47 |   1.2757 |     43.081 |   1.2822 |     43.027 |     3.9
   48 |   1.2685 |     42.699 |   1.2814 |     42.808 |     3.9
   49 |   1.2665 |     42.901 |   1.2769 |     42.902 |     4.0
   50 |   1.2612 |     42.644 |   1.2816 |     42.933 |     4.1
   51 |   1.2540 |     42.590 |   1.2740 |     42.714 |     4.2
   52 |   1.2491 |     42.360 |   1.2676 |     42.308 |     4.3
   53 |   1.2446 |     42.333 |   1.2693 |     42.589 |     4.3
   54 |   1.2392 |     42.065 |   1.2597 |     42.089 |     4.4
   55 |   1.2363 |     42.267 |   1.2615 |     42.120 |     4.5
   56 |   1.2323 |     42.104 |   1.2579 |     42.245 |     4.6
   57 |   1.2255 |     41.989 |   1.2556 |     41.964 |     4.7
   58 |   1.2198 |     41.858 |   1.2533 |     42.120 |     4.8
   59 |   1.2160 |     41.841 |   1.2544 |     42.151 |     4.8
   60 |   1.2131 |     41.798 |   1.2490 |     42.245 |     4.9
   61 |   1.2066 |     41.476 |   1.2466 |     41.651 |     5.0
   62 |   1.2024 |     41.476 |   1.2467 |     42.245 |     5.1
   63 |   1.1986 |     41.361 |   1.2405 |     42.058 |     5.2
   64 |   1.1926 |     41.268 |   1.2365 |     41.651 |     5.2
   65 |   1.1895 |     40.853 |   1.2357 |     41.432 |     5.3
   66 |   1.1871 |     41.044 |   1.2332 |     41.557 |     5.4
   67 |   1.1830 |     40.848 |   1.2318 |     41.026 |     5.5
   68 |   1.1768 |     40.782 |   1.2324 |     41.682 |     5.6
   69 |   1.1710 |     40.394 |   1.2327 |     41.119 |     5.6
   70 |   1.1660 |     40.274 |   1.2317 |     41.245 |     5.7
   71 |   1.1617 |     39.870 |   1.2321 |     41.213 |     5.8
   72 |   1.1585 |     39.936 |   1.2246 |     40.869 |     5.9
   73 |   1.1553 |     39.875 |   1.2242 |     41.151 |     6.0
   74 |   1.1519 |     39.684 |   1.2252 |     40.713 |     6.1
   75 |   1.1507 |     39.723 |   1.2248 |     41.245 |     6.1
   76 |   1.1435 |     39.329 |   1.2175 |     40.807 |     6.2
   77 |   1.1375 |     39.411 |   1.2238 |     40.619 |     6.3
   78 |   1.1356 |     39.176 |   1.2254 |     41.276 |     6.4
   79 |   1.1304 |     39.182 |   1.2227 |     40.744 |     6.5
   80 |   1.1274 |     38.914 |   1.2175 |     40.619 |     6.5
   81 |   1.1204 |     38.827 |   1.2144 |     40.932 |     6.6
   82 |   1.1226 |     38.909 |   1.2153 |     40.807 |     6.7
   83 |   1.1189 |     38.800 |   1.2124 |     40.244 |     6.8
   84 |   1.1129 |     38.658 |   1.2092 |     40.432 |     6.9
   85 |   1.1081 |     38.314 |   1.2079 |     39.994 |     7.0
   86 |   1.1042 |     37.931 |   1.2106 |     40.494 |     7.0
   87 |   1.1041 |     38.243 |   1.2144 |     40.994 |     7.1
   88 |   1.0971 |     37.647 |   1.2128 |     40.400 |     7.2
   89 |   1.0955 |     37.806 |   1.2020 |     39.806 |     7.3
   90 |   1.0941 |     37.582 |   1.2126 |     39.837 |     7.4
   91 |   1.0907 |     37.495 |   1.2107 |     39.869 |     7.4
   92 |   1.0835 |     37.342 |   1.2078 |     39.681 |     7.5
   93 |   1.0823 |     37.156 |   1.2046 |     39.931 |     7.6
Early stopping

Model: Seq2Seq Multimodal Bi-LSTM
Source index: <Seq2Seq Index with 44 items>
Target index: <Seq2Seq Index with 34 items>
Encoder embedding dimension: 64
Descriptors dimension: 1136
Decoder embedding dimension: 64
Encoder hidden units: 64
Encoder layers: 2
Decoder hidden units: 64
Decoder layers: 3
Dropout: 0.2
Trainable parameters: 467,618

Training started
X_train.shape: torch.Size([3052, 702])
Y_train.shape: torch.Size([3052, 7])
X_dev.shape: torch.Size([533, 266])
Y_dev.shape: torch.Size([533, 7])
Epochs: 500
Learning rate: 0.001
Weight decay: 0.0001
Epoch | Train                 | Development           | Minutes
      | Loss     | Error Rate | Loss     | Error Rate |
---------------------------------------------------------------
    1 |   2.5917 |     68.654 |   2.0149 |     58.318 |     0.0
    2 |   1.8021 |     51.180 |   1.5822 |     45.153 |     0.0
    3 |   1.5223 |     46.287 |   1.4433 |     45.153 |     0.1
    4 |   1.4450 |     46.281 |   1.4108 |     45.153 |     0.1
    5 |   1.4198 |     46.298 |   1.3910 |     45.153 |     0.1
    6 |   1.4025 |     46.270 |   1.3824 |     45.216 |     0.1
    7 |   1.3904 |     46.259 |   1.3673 |     45.341 |     0.1
    8 |   1.3753 |     46.123 |   1.3503 |     45.122 |     0.1
    9 |   1.3577 |     45.795 |   1.3346 |     44.497 |     0.2
   10 |   1.3393 |     45.123 |   1.3196 |     44.153 |     0.2
   11 |   1.3119 |     44.130 |   1.2942 |     43.652 |     0.2
   12 |   1.2848 |     43.824 |   1.2743 |     42.996 |     0.2
   13 |   1.2631 |     43.474 |   1.2555 |     43.183 |     0.2
   14 |   1.2452 |     42.693 |   1.2513 |     42.026 |     0.2
   15 |   1.2251 |     41.809 |   1.2287 |     41.682 |     0.3
   16 |   1.2107 |     41.705 |   1.2120 |     41.526 |     0.3
   17 |   1.1895 |     40.804 |   1.2073 |     40.994 |     0.3
   18 |   1.1703 |     39.963 |   1.1836 |     40.025 |     0.3
   19 |   1.1541 |     39.559 |   1.1703 |     38.868 |     0.3
   20 |   1.1299 |     38.472 |   1.1486 |     38.774 |     0.3
   21 |   1.1131 |     37.899 |   1.1307 |     37.961 |     0.4
   22 |   1.0956 |     37.085 |   1.1262 |     37.899 |     0.4
   23 |   1.0779 |     36.086 |   1.1065 |     37.023 |     0.4
   24 |   1.0560 |     35.403 |   1.1004 |     36.961 |     0.4
   25 |   1.0401 |     34.802 |   1.0975 |     36.273 |     0.4
   26 |   1.0182 |     34.311 |   1.0823 |     35.679 |     0.4
   27 |   1.0029 |     33.770 |   1.0793 |     35.710 |     0.5
   28 |   0.9912 |     33.082 |   1.0773 |     35.960 |     0.5
   29 |   0.9734 |     32.924 |   1.0604 |     35.272 |     0.5
   30 |   0.9567 |     32.258 |   1.0514 |     34.428 |     0.5
   31 |   0.9444 |     31.662 |   1.0506 |     34.053 |     0.5
   32 |   0.9190 |     30.909 |   1.0345 |     33.583 |     0.5
   33 |   0.9127 |     30.745 |   1.0360 |     33.521 |     0.6
   34 |   0.8899 |     30.008 |   1.0387 |     34.334 |     0.6
   35 |   0.8765 |     29.287 |   1.0179 |     33.802 |     0.6
   36 |   0.8730 |     29.336 |   1.0201 |     33.021 |     0.6
   37 |   0.8613 |     28.834 |   1.0281 |     34.178 |     0.6
   38 |   0.8433 |     28.227 |   1.0102 |     32.802 |     0.6
   39 |   0.8266 |     27.375 |   1.0157 |     32.239 |     0.7
   40 |   0.8139 |     27.163 |   1.0126 |     32.051 |     0.7
   41 |   0.8051 |     26.917 |   1.0069 |     31.989 |     0.7
   42 |   0.7906 |     26.305 |   1.0139 |     32.083 |     0.7
   43 |   0.7854 |     26.010 |   0.9834 |     31.520 |     0.7
   44 |   0.7701 |     25.513 |   0.9863 |     31.614 |     0.7
   45 |   0.7596 |     25.344 |   0.9744 |     31.395 |     0.8
   46 |   0.7424 |     24.465 |   0.9878 |     31.864 |     0.8
   47 |   0.7374 |     24.476 |   0.9978 |     31.989 |     0.8
   48 |   0.7329 |     24.159 |   0.9834 |     30.613 |     0.8
   49 |   0.7170 |     23.749 |   0.9843 |     31.051 |     0.8
   50 |   0.7116 |     23.449 |   0.9676 |     30.801 |     0.8
   51 |   0.7132 |     23.526 |   0.9762 |     30.613 |     0.9
   52 |   0.7093 |     23.826 |   0.9851 |     30.144 |     0.9
   53 |   0.6835 |     22.750 |   0.9710 |     29.800 |     0.9
   54 |   0.6761 |     22.433 |   0.9691 |     30.238 |     0.9
Early stopping

Model: Seq2Seq Multimodal Bi-LSTM
Source index: <Seq2Seq Index with 44 items>
Target index: <Seq2Seq Index with 34 items>
Encoder embedding dimension: 128
Descriptors dimension: 1136
Decoder embedding dimension: 128
Encoder hidden units: 128
Encoder layers: 4
Decoder hidden units: 128
Decoder layers: 4
Dropout: 0.0
Trainable parameters: 3,099,170

Training started
X_train.shape: torch.Size([3052, 702])
Y_train.shape: torch.Size([3052, 7])
X_dev.shape: torch.Size([533, 266])
Y_dev.shape: torch.Size([533, 7])
Epochs: 500
Learning rate: 0.001
Weight decay: 1e-05
Epoch | Train                 | Development           | Minutes
      | Loss     | Error Rate | Loss     | Error Rate |
---------------------------------------------------------------
    1 |   2.2824 |     62.445 |   1.6574 |     47.749 |     0.1
    2 |   1.5055 |     46.505 |   1.4185 |     45.278 |     0.2
    3 |   1.4198 |     46.358 |   1.3940 |     45.278 |     0.2
    4 |   1.4055 |     46.319 |   1.3754 |     45.153 |     0.3
    5 |   1.3891 |     45.522 |   1.3658 |     44.497 |     0.4
    6 |   1.3669 |     44.987 |   1.3487 |     44.340 |     0.5
    7 |   1.3507 |     44.725 |   1.3395 |     44.371 |     0.6
    8 |   1.3395 |     44.435 |   1.3414 |     44.778 |     0.6
    9 |   1.3291 |     44.157 |   1.3246 |     44.059 |     0.7
   10 |   1.3197 |     43.813 |   1.3246 |     43.777 |     0.8
   11 |   1.3151 |     43.447 |   1.3280 |     44.215 |     0.9
   12 |   1.3073 |     43.491 |   1.3326 |     44.090 |     1.0
   13 |   1.3046 |     43.409 |   1.3143 |     43.152 |     1.0
   14 |   1.2863 |     42.912 |   1.3026 |     42.683 |     1.1
   15 |   1.2722 |     42.562 |   1.3077 |     42.808 |     1.2
   16 |   1.2619 |     42.240 |   1.2998 |     42.652 |     1.3
   17 |   1.2549 |     42.185 |   1.2855 |     42.370 |     1.4
   18 |   1.2418 |     41.972 |   1.2788 |     41.745 |     1.4
   19 |   1.2370 |     41.836 |   1.2686 |     41.682 |     1.5
   20 |   1.2238 |     41.394 |   1.2610 |     41.839 |     1.6
   21 |   1.2170 |     41.383 |   1.2637 |     41.338 |     1.7
   22 |   1.2081 |     40.995 |   1.2501 |     41.057 |     1.7
   23 |   1.2003 |     40.700 |   1.2751 |     41.682 |     1.8
   24 |   1.1863 |     40.318 |   1.2481 |     41.088 |     1.9
   25 |   1.1843 |     40.362 |   1.2440 |     40.932 |     2.0
   26 |   1.1735 |     39.957 |   1.2490 |     40.338 |     2.1
   27 |   1.1674 |     39.799 |   1.2350 |     40.369 |     2.1
   28 |   1.1568 |     39.444 |   1.2510 |     41.276 |     2.2
   29 |   1.1553 |     39.471 |   1.2310 |     40.494 |     2.3
   30 |   1.1488 |     38.893 |   1.2418 |     40.775 |     2.4
   31 |   1.1342 |     38.778 |   1.2263 |     39.712 |     2.5
   32 |   1.1212 |     38.101 |   1.2225 |     39.869 |     2.5
   33 |   1.1073 |     37.975 |   1.2113 |     40.775 |     2.6
   34 |   1.0971 |     37.751 |   1.1943 |     39.493 |     2.7
   35 |   1.0863 |     36.959 |   1.2130 |     40.463 |     2.8
   36 |   1.0898 |     37.582 |   1.2160 |     39.462 |     2.9
   37 |   1.0679 |     36.686 |   1.2095 |     39.400 |     2.9
   38 |   1.0656 |     36.479 |   1.2122 |     39.368 |     3.0
Early stopping

Model: Seq2Seq Multimodal Bi-LSTM
Source index: <Seq2Seq Index with 44 items>
Target index: <Seq2Seq Index with 34 items>
Encoder embedding dimension: 64
Descriptors dimension: 1136
Decoder embedding dimension: 128
Encoder hidden units: 64
Encoder layers: 3
Decoder hidden units: 128
Decoder layers: 3
Dropout: 0.0
Trainable parameters: 1,026,530

Training started
X_train.shape: torch.Size([3052, 702])
Y_train.shape: torch.Size([3052, 7])
X_dev.shape: torch.Size([533, 266])
Y_dev.shape: torch.Size([533, 7])
Epochs: 500
Learning rate: 0.001
Weight decay: 1e-05
Epoch | Train                 | Development           | Minutes
      | Loss     | Error Rate | Loss     | Error Rate |
---------------------------------------------------------------
    1 |   2.2220 |     60.824 |   1.6042 |     45.216 |     0.0
    2 |   1.4870 |     46.314 |   1.4116 |     45.216 |     0.0
    3 |   1.4118 |     46.085 |   1.3801 |     45.278 |     0.1
    4 |   1.3735 |     45.429 |   1.3473 |     44.215 |     0.1
    5 |   1.3274 |     43.644 |   1.3085 |     43.496 |     0.1
    6 |   1.2911 |     42.934 |   1.2976 |     43.277 |     0.1
    7 |   1.2572 |     42.087 |   1.2626 |     41.964 |     0.2
    8 |   1.2260 |     41.192 |   1.2483 |     40.619 |     0.2
    9 |   1.2014 |     40.443 |   1.1939 |     39.431 |     0.2
   10 |   1.1633 |     39.258 |   1.1918 |     38.962 |     0.2
   11 |   1.1322 |     38.456 |   1.1632 |     38.086 |     0.3
   12 |   1.0986 |     37.096 |   1.1250 |     37.367 |     0.3
   13 |   1.0557 |     35.332 |   1.1100 |     36.085 |     0.3
   14 |   1.0195 |     34.005 |   1.1068 |     36.335 |     0.3
   15 |   0.9818 |     32.913 |   1.0560 |     35.053 |     0.4
   16 |   0.9398 |     31.444 |   1.0542 |     34.271 |     0.4
   17 |   0.9031 |     30.483 |   1.0394 |     33.927 |     0.4
   18 |   0.8690 |     29.085 |   1.0300 |     33.333 |     0.4
   19 |   0.8231 |     27.632 |   1.0301 |     33.240 |     0.5
   20 |   0.7994 |     26.818 |   1.0026 |     32.896 |     0.5
   21 |   0.7607 |     25.399 |   0.9844 |     32.083 |     0.5
   22 |   0.7309 |     24.367 |   0.9781 |     30.894 |     0.5
   23 |   0.7039 |     23.400 |   0.9728 |     30.801 |     0.6
   24 |   0.6699 |     22.384 |   1.0057 |     31.582 |     0.6
   25 |   0.6586 |     21.980 |   0.9543 |     29.675 |     0.6
   26 |   0.6148 |     20.396 |   0.9630 |     28.361 |     0.6
   27 |   0.5813 |     19.441 |   0.9511 |     28.080 |     0.6
   28 |   0.5553 |     18.332 |   0.9448 |     28.205 |     0.7
   29 |   0.5365 |     17.808 |   0.9400 |     27.611 |     0.7
   30 |   0.5130 |     16.978 |   0.9483 |     27.017 |     0.7
   31 |   0.4825 |     15.957 |   0.9766 |     27.392 |     0.7
   32 |   0.4605 |     15.192 |   0.9671 |     27.580 |     0.8
   33 |   0.4430 |     14.777 |   0.9519 |     27.142 |     0.8
Early stopping

Model: Seq2Seq Multimodal Bi-LSTM
Source index: <Seq2Seq Index with 44 items>
Target index: <Seq2Seq Index with 34 items>
Encoder embedding dimension: 64
Descriptors dimension: 1136
Decoder embedding dimension: 128
Encoder hidden units: 32
Encoder layers: 3
Decoder hidden units: 64
Decoder layers: 4
Dropout: 0.2
Trainable parameters: 377,090

Training started
X_train.shape: torch.Size([3052, 702])
Y_train.shape: torch.Size([3052, 7])
X_dev.shape: torch.Size([533, 266])
Y_dev.shape: torch.Size([533, 7])
Epochs: 500
Learning rate: 0.0001
Weight decay: 0.0001
Epoch | Train                 | Development           | Minutes
      | Loss     | Error Rate | Loss     | Error Rate |
---------------------------------------------------------------
    1 |   3.4622 |     88.822 |   3.2889 |     74.828 |     0.0
    2 |   2.8873 |     81.400 |   2.6455 |     83.333 |     0.0
    3 |   2.5381 |     64.875 |   2.3766 |     58.318 |     0.1
    4 |   2.3274 |     58.721 |   2.2119 |     58.318 |     0.1
    5 |   2.1953 |     57.864 |   2.0982 |     58.318 |     0.1
    6 |   2.0950 |     56.968 |   2.0069 |     58.318 |     0.1
    7 |   2.0094 |     55.718 |   1.9290 |     53.096 |     0.1
    8 |   1.9320 |     52.698 |   1.8597 |     47.749 |     0.1
    9 |   1.8636 |     50.344 |   1.7953 |     47.749 |     0.2
   10 |   1.7978 |     49.476 |   1.7379 |     47.749 |     0.2
   11 |   1.7406 |     49.104 |   1.6864 |     47.749 |     0.2
   12 |   1.6915 |     48.924 |   1.6413 |     47.749 |     0.2
   13 |   1.6472 |     48.815 |   1.6041 |     47.749 |     0.2
   14 |   1.6127 |     47.504 |   1.5730 |     45.153 |     0.3
   15 |   1.5832 |     46.325 |   1.5457 |     45.153 |     0.3
   16 |   1.5570 |     46.216 |   1.5232 |     45.153 |     0.3
   17 |   1.5373 |     46.221 |   1.5040 |     45.153 |     0.3
   18 |   1.5194 |     46.216 |   1.4882 |     45.153 |     0.3
   19 |   1.5049 |     46.210 |   1.4752 |     45.153 |     0.3
   20 |   1.4905 |     46.216 |   1.4631 |     45.153 |     0.4
   21 |   1.4802 |     46.221 |   1.4512 |     45.153 |     0.4
   22 |   1.4668 |     46.194 |   1.4402 |     45.153 |     0.4
   23 |   1.4549 |     46.210 |   1.4299 |     45.153 |     0.4
   24 |   1.4394 |     46.248 |   1.4172 |     45.278 |     0.4
   25 |   1.4237 |     46.221 |   1.3995 |     45.216 |     0.5
   26 |   1.4064 |     46.259 |   1.3841 |     45.184 |     0.5
   27 |   1.3916 |     46.248 |   1.3710 |     45.122 |     0.5
   28 |   1.3792 |     46.128 |   1.3605 |     45.028 |     0.5
