Model: Seq2Seq Multimodal Bi-LSTM
Source index: <Seq2Seq Index with 45 items>
Target index: <Seq2Seq Index with 34 items>
Encoder embedding dimension: 128
Descriptors dimension: 1136
Decoder embedding dimension: 128
Encoder hidden units: 128
Encoder layers: 4
Decoder hidden units: 64
Decoder layers: 4
Dropout: 0.0
Trainable parameters: 2,587,170

Training started
X_train.shape: torch.Size([3048, 649])
Y_train.shape: torch.Size([3048, 7])
X_dev.shape: torch.Size([541, 337])
Y_dev.shape: torch.Size([541, 7])
Epochs: 500
Learning rate: 0.001
Weight decay: 1e-05
Epoch | Train                 | Development           | Minutes
      | Loss     | Error Rate | Loss     | Error Rate |
---------------------------------------------------------------
    1 |   2.5535 |     69.220 |   2.0178 |     54.405 |     0.1
    2 |   1.7682 |     49.869 |   1.5989 |     46.919 |     0.1
    3 |   1.5076 |     46.364 |   1.4701 |     46.919 |     0.2
    4 |   1.4383 |     46.254 |   1.4362 |     46.919 |     0.3
    5 |   1.4173 |     46.342 |   1.4229 |     46.919 |     0.4
    6 |   1.4058 |     46.205 |   1.4161 |     46.888 |     0.4
    7 |   1.3999 |     45.915 |   1.4090 |     46.858 |     0.5
    8 |   1.3908 |     45.708 |   1.4031 |     46.365 |     0.6
    9 |   1.3863 |     45.680 |   1.3980 |     46.087 |     0.6
   10 |   1.3728 |     45.002 |   1.3806 |     45.441 |     0.7
   11 |   1.3606 |     44.619 |   1.3664 |     45.348 |     0.8
   12 |   1.3484 |     44.521 |   1.3622 |     45.317 |     0.9
   13 |   1.3397 |     44.351 |   1.3511 |     44.886 |     0.9
   14 |   1.3307 |     44.269 |   1.3450 |     45.317 |     1.0
   15 |   1.3253 |     44.319 |   1.3356 |     44.978 |     1.1
   16 |   1.3166 |     44.144 |   1.3235 |     44.609 |     1.1
   17 |   1.3132 |     43.914 |   1.3236 |     44.578 |     1.2
   18 |   1.3084 |     44.073 |   1.3237 |     44.486 |     1.3
   19 |   1.3039 |     43.859 |   1.3202 |     44.516 |     1.4
   20 |   1.2997 |     43.777 |   1.3197 |     44.732 |     1.4
   21 |   1.2916 |     43.488 |   1.3084 |     43.654 |     1.5
   22 |   1.2905 |     43.630 |   1.3046 |     43.839 |     1.6
   23 |   1.2794 |     43.176 |   1.2993 |     43.469 |     1.6
   24 |   1.2762 |     42.941 |   1.2937 |     42.914 |     1.7
   25 |   1.2663 |     42.443 |   1.2853 |     43.623 |     1.8
   26 |   1.2552 |     42.443 |   1.2835 |     43.007 |     1.8
   27 |   1.2552 |     42.350 |   1.2820 |     42.914 |     1.9
   28 |   1.2496 |     42.153 |   1.2754 |     42.267 |     2.0
   29 |   1.2447 |     41.967 |   1.2793 |     43.130 |     2.1
   30 |   1.2360 |     41.470 |   1.2623 |     41.559 |     2.1
   31 |   1.2315 |     41.415 |   1.2575 |     41.343 |     2.2
   32 |   1.2261 |     41.355 |   1.2457 |     41.620 |     2.3
   33 |   1.2165 |     41.235 |   1.2579 |     41.898 |     2.3
   34 |   1.2159 |     41.175 |   1.2579 |     41.343 |     2.4
   35 |   1.2042 |     40.589 |   1.2409 |     40.758 |     2.5
   36 |   1.1989 |     40.863 |   1.2428 |     41.312 |     2.6
   37 |   1.1914 |     40.524 |   1.2415 |     41.128 |     2.6
   38 |   1.1851 |     40.464 |   1.2528 |     41.528 |     2.7
   39 |   1.1807 |     40.256 |   1.2409 |     41.004 |     2.8
   40 |   1.1764 |     40.174 |   1.2301 |     40.881 |     2.8
   41 |   1.1719 |     39.939 |   1.2368 |     41.189 |     2.9
   42 |   1.1663 |     40.015 |   1.2253 |     40.604 |     3.0
   43 |   1.1608 |     39.441 |   1.2219 |     40.912 |     3.1
   44 |   1.1489 |     39.321 |   1.2055 |     40.357 |     3.1
   45 |   1.1411 |     39.102 |   1.2053 |     39.248 |     3.2
   46 |   1.1404 |     38.862 |   1.2006 |     39.864 |     3.3
   47 |   1.1356 |     38.736 |   1.2136 |     40.419 |     3.3
   48 |   1.1367 |     39.135 |   1.2171 |     40.203 |     3.4
   49 |   1.1290 |     38.501 |   1.2125 |     40.758 |     3.5
   50 |   1.1288 |     38.293 |   1.1883 |     39.741 |     3.6
   51 |   1.1193 |     38.052 |   1.1921 |     39.310 |     3.6
   52 |   1.1123 |     37.959 |   1.1801 |     39.033 |     3.7
   53 |   1.0998 |     37.566 |   1.1863 |     38.879 |     3.8
   54 |   1.0977 |     37.270 |   1.1980 |     39.741 |     3.8
   55 |   1.1024 |     37.166 |   1.1935 |     39.464 |     3.9
   56 |   1.0987 |     37.505 |   1.1929 |     39.279 |     4.0
   57 |   1.0989 |     37.511 |   1.1664 |     37.708 |     4.1
   58 |   1.0816 |     36.778 |   1.1786 |     37.985 |     4.1
   59 |   1.0804 |     36.390 |   1.1665 |     37.400 |     4.2
   60 |   1.0708 |     36.488 |   1.1837 |     38.386 |     4.3
   61 |   1.0634 |     36.204 |   1.1731 |     37.616 |     4.3
   62 |   1.0634 |     35.838 |   1.1617 |     37.893 |     4.4
   63 |   1.0575 |     36.002 |   1.1790 |     39.063 |     4.5
   64 |   1.0736 |     36.702 |   1.1692 |     38.571 |     4.6
   65 |   1.0531 |     35.652 |   1.1762 |     37.985 |     4.6
   66 |   1.0575 |     35.974 |   1.1678 |     37.770 |     4.7
Early stopping

Model: Seq2Seq Multimodal Bi-LSTM
Source index: <Seq2Seq Index with 45 items>
Target index: <Seq2Seq Index with 34 items>
Encoder embedding dimension: 128
Descriptors dimension: 1136
Decoder embedding dimension: 128
Encoder hidden units: 32
Encoder layers: 3
Decoder hidden units: 128
Decoder layers: 3
Dropout: 0.2
Trainable parameters: 669,954

Training started
X_train.shape: torch.Size([3048, 649])
Y_train.shape: torch.Size([3048, 7])
X_dev.shape: torch.Size([541, 337])
Y_dev.shape: torch.Size([541, 7])
Epochs: 500
Learning rate: 0.001
Weight decay: 0.0001
Epoch | Train                 | Development           | Minutes
      | Loss     | Error Rate | Loss     | Error Rate |
---------------------------------------------------------------
    1 |   2.2127 |     60.236 |   1.6008 |     46.919 |     0.0
    2 |   1.4644 |     46.167 |   1.4216 |     46.734 |     0.0
    3 |   1.3728 |     45.872 |   1.3488 |     45.656 |     0.1
    4 |   1.3195 |     44.855 |   1.3265 |     45.379 |     0.1
    5 |   1.2786 |     43.876 |   1.2775 |     43.931 |     0.1
    6 |   1.2325 |     42.000 |   1.2463 |     42.575 |     0.1
    7 |   1.1912 |     40.371 |   1.2040 |     40.265 |     0.1
    8 |   1.1474 |     38.643 |   1.1685 |     39.649 |     0.1
    9 |   1.1095 |     37.478 |   1.1222 |     37.985 |     0.2
   10 |   1.0723 |     36.210 |   1.0971 |     37.431 |     0.2
   11 |   1.0304 |     34.739 |   1.0590 |     35.675 |     0.2
   12 |   0.9976 |     33.880 |   1.0486 |     35.151 |     0.2
   13 |   0.9589 |     32.595 |   1.0198 |     34.073 |     0.2
   14 |   0.9293 |     31.452 |   1.0130 |     34.196 |     0.2
   15 |   0.8974 |     30.572 |   0.9988 |     33.148 |     0.3
   16 |   0.8680 |     29.281 |   0.9678 |     31.824 |     0.3
   17 |   0.8369 |     28.007 |   0.9582 |     30.961 |     0.3
   18 |   0.8008 |     26.509 |   0.9599 |     31.115 |     0.3
   19 |   0.7789 |     25.979 |   0.9220 |     28.835 |     0.3
   20 |   0.7470 |     24.781 |   0.9200 |     29.513 |     0.3
   21 |   0.7050 |     23.004 |   0.9071 |     29.113 |     0.4
   22 |   0.6828 |     22.479 |   0.9136 |     28.527 |     0.4
   23 |   0.6600 |     21.637 |   0.8844 |     27.264 |     0.4
   24 |   0.6294 |     20.522 |   0.8939 |     27.079 |     0.4
   25 |   0.6095 |     19.674 |   0.9296 |     27.757 |     0.4
   26 |   0.5981 |     19.554 |   0.8922 |     26.771 |     0.4
   27 |   0.5680 |     18.449 |   0.9047 |     27.295 |     0.5
Early stopping

Model: Seq2Seq Multimodal Bi-LSTM
Source index: <Seq2Seq Index with 45 items>
Target index: <Seq2Seq Index with 34 items>
Encoder embedding dimension: 128
Descriptors dimension: 1136
Decoder embedding dimension: 128
Encoder hidden units: 32
Encoder layers: 4
Decoder hidden units: 64
Decoder layers: 4
Dropout: 0.2
Trainable parameters: 473,250

Training started
X_train.shape: torch.Size([3048, 649])
Y_train.shape: torch.Size([3048, 7])
X_dev.shape: torch.Size([541, 337])
Y_dev.shape: torch.Size([541, 7])
Epochs: 500
Learning rate: 0.001
Weight decay: 0.0001
Epoch | Train                 | Development           | Minutes
      | Loss     | Error Rate | Loss     | Error Rate |
---------------------------------------------------------------
    1 |   2.5863 |     69.144 |   2.0466 |     58.965 |     0.0
    2 |   1.8248 |     51.619 |   1.6500 |     49.199 |     0.0
    3 |   1.5395 |     46.582 |   1.4816 |     46.919 |     0.1
    4 |   1.4458 |     46.172 |   1.4424 |     46.827 |     0.1
    5 |   1.4161 |     46.424 |   1.4146 |     46.919 |     0.1
    6 |   1.3920 |     46.096 |   1.3929 |     46.026 |     0.1
    7 |   1.3638 |     45.571 |   1.3621 |     45.964 |     0.1
    8 |   1.3330 |     45.248 |   1.3354 |     44.794 |     0.2
    9 |   1.3069 |     44.472 |   1.3148 |     45.163 |     0.2
   10 |   1.2829 |     43.925 |   1.2924 |     44.578 |     0.2
   11 |   1.2642 |     43.460 |   1.2811 |     43.192 |     0.2
   12 |   1.2446 |     42.607 |   1.2591 |     42.329 |     0.3
   13 |   1.2324 |     41.962 |   1.2509 |     43.038 |     0.3
   14 |   1.2178 |     41.820 |   1.2527 |     43.161 |     0.3
   15 |   1.1974 |     41.267 |   1.2213 |     41.898 |     0.3
   16 |   1.1907 |     41.016 |   1.2126 |     42.175 |     0.3
   17 |   1.1731 |     40.666 |   1.2076 |     41.251 |     0.4
   18 |   1.1618 |     39.993 |   1.1915 |     40.789 |     0.4
   19 |   1.1551 |     40.054 |   1.1957 |     40.974 |     0.4
   20 |   1.1375 |     39.294 |   1.1741 |     40.203 |     0.4
   21 |   1.1286 |     39.047 |   1.1790 |     40.018 |     0.4
   22 |   1.1172 |     38.566 |   1.1629 |     39.433 |     0.5
   23 |   1.1000 |     38.025 |   1.1477 |     39.710 |     0.5
   24 |   1.0844 |     37.467 |   1.1501 |     39.402 |     0.5
   25 |   1.0705 |     36.658 |   1.1493 |     39.063 |     0.5
   26 |   1.0565 |     35.892 |   1.1138 |     37.924 |     0.5
   27 |   1.0442 |     35.624 |   1.1177 |     37.307 |     0.6
   28 |   1.0310 |     35.264 |   1.1046 |     37.431 |     0.6
   29 |   1.0131 |     34.826 |   1.1044 |     37.215 |     0.6
   30 |   1.0000 |     34.361 |   1.1033 |     37.616 |     0.6
   31 |   0.9911 |     34.093 |   1.0915 |     36.784 |     0.6
   32 |   0.9854 |     33.907 |   1.0880 |     36.691 |     0.7
   33 |   0.9688 |     33.295 |   1.0780 |     36.784 |     0.7
   34 |   0.9546 |     32.989 |   1.0643 |     35.367 |     0.7
   35 |   0.9384 |     31.939 |   1.0591 |     36.260 |     0.7
   36 |   0.9292 |     32.108 |   1.0419 |     35.798 |     0.7
   37 |   0.9228 |     31.627 |   1.0367 |     34.412 |     0.8
   38 |   0.9145 |     31.425 |   1.0295 |     34.781 |     0.8
   39 |   0.9027 |     30.823 |   1.0295 |     34.935 |     0.8
   40 |   0.8902 |     30.566 |   1.0376 |     34.412 |     0.8
   41 |   0.8836 |     30.435 |   1.0202 |     34.504 |     0.8
   42 |   0.8838 |     30.277 |   1.0268 |     34.627 |     0.9
   43 |   0.8615 |     29.238 |   1.0269 |     34.658 |     0.9
   44 |   0.8588 |     29.358 |   1.0147 |     33.333 |     0.9
   45 |   0.8494 |     28.855 |   1.0209 |     34.104 |     0.9
   46 |   0.8416 |     28.762 |   1.0052 |     33.303 |     1.0
   47 |   0.8366 |     28.439 |   1.0023 |     32.810 |     1.0
   48 |   0.8230 |     27.772 |   1.0115 |     33.364 |     1.0
   49 |   0.8197 |     27.997 |   1.0174 |     33.056 |     1.0
   50 |   0.8195 |     27.997 |   1.0000 |     32.348 |     1.0
   51 |   0.8115 |     27.477 |   1.0041 |     32.810 |     1.1
   52 |   0.7942 |     26.755 |   1.0017 |     32.748 |     1.1
   53 |   0.8010 |     27.089 |   0.9880 |     32.317 |     1.1
   54 |   0.7828 |     26.580 |   1.0049 |     32.378 |     1.1
   55 |   0.7747 |     26.001 |   0.9885 |     32.317 |     1.1
   56 |   0.7725 |     25.979 |   0.9754 |     31.454 |     1.2
   57 |   0.7683 |     25.962 |   0.9910 |     31.023 |     1.2
   58 |   0.7495 |     25.328 |   0.9923 |     31.701 |     1.2
   59 |   0.7490 |     24.869 |   0.9933 |     32.193 |     1.2
   60 |   0.7391 |     24.814 |   0.9764 |     31.608 |     1.2
Early stopping

Model: Seq2Seq Multimodal Bi-LSTM
Source index: <Seq2Seq Index with 45 items>
Target index: <Seq2Seq Index with 34 items>
Encoder embedding dimension: 128
Descriptors dimension: 1136
Decoder embedding dimension: 64
Encoder hidden units: 32
Encoder layers: 3
Decoder hidden units: 128
Decoder layers: 3
Dropout: 0.2
Trainable parameters: 635,010

Training started
X_train.shape: torch.Size([3048, 649])
Y_train.shape: torch.Size([3048, 7])
X_dev.shape: torch.Size([541, 337])
Y_dev.shape: torch.Size([541, 7])
Epochs: 500
Learning rate: 0.001
Weight decay: 1e-05
Epoch | Train                 | Development           | Minutes
      | Loss     | Error Rate | Loss     | Error Rate |
---------------------------------------------------------------
    1 |   2.2978 |     62.473 |   1.6778 |     47.012 |     0.0
    2 |   1.4913 |     46.320 |   1.4362 |     46.827 |     0.0
    3 |   1.3970 |     46.096 |   1.3955 |     45.749 |     0.1
    4 |   1.3511 |     44.346 |   1.3378 |     44.578 |     0.1
    5 |   1.3036 |     43.531 |   1.2944 |     43.315 |     0.1
    6 |   1.2635 |     42.569 |   1.2528 |     42.144 |     0.1
    7 |   1.2286 |     41.803 |   1.2336 |     41.590 |     0.1
    8 |   1.1978 |     40.617 |   1.2089 |     40.696 |     0.1
    9 |   1.1647 |     40.048 |   1.1916 |     41.004 |     0.2
   10 |   1.1381 |     38.927 |   1.1674 |     39.433 |     0.2
   11 |   1.1063 |     38.298 |   1.1493 |     38.694 |     0.2
   12 |   1.0753 |     37.194 |   1.1087 |     37.461 |     0.2
   13 |   1.0390 |     35.477 |   1.1188 |     36.938 |     0.2
   14 |   1.0090 |     34.247 |   1.0871 |     36.075 |     0.2
   15 |   0.9752 |     32.797 |   1.0543 |     34.319 |     0.3
   16 |   0.9356 |     31.507 |   1.0476 |     34.319 |     0.3
   17 |   0.9046 |     30.441 |   1.0158 |     33.179 |     0.3
   18 |   0.8797 |     29.123 |   1.0044 |     31.762 |     0.3
   19 |   0.8374 |     27.865 |   1.0071 |     33.056 |     0.3
   20 |   0.8095 |     26.974 |   0.9824 |     32.009 |     0.4
   21 |   0.7851 |     26.400 |   0.9756 |     31.885 |     0.4
   22 |   0.7514 |     24.874 |   0.9542 |     31.146 |     0.4
   23 |   0.7222 |     24.049 |   0.9562 |     30.499 |     0.4
   24 |   0.6953 |     23.108 |   0.9601 |     30.653 |     0.4
   25 |   0.6867 |     22.742 |   0.9605 |     30.037 |     0.4
   26 |   0.6597 |     21.785 |   0.9441 |     29.328 |     0.5
   27 |   0.6326 |     20.817 |   0.9459 |     29.945 |     0.5
   28 |   0.6132 |     20.166 |   0.9386 |     29.575 |     0.5
   29 |   0.5886 |     19.384 |   0.9513 |     29.575 |     0.5
   30 |   0.5682 |     18.832 |   0.9555 |     28.466 |     0.5
   31 |   0.5503 |     18.138 |   0.9549 |     28.373 |     0.5
   32 |   0.5314 |     17.421 |   0.9368 |     28.004 |     0.6
   33 |   0.5181 |     17.356 |   0.9485 |     28.096 |     0.6
   34 |   0.5030 |     16.656 |   0.9519 |     27.726 |     0.6
   35 |   0.4918 |     16.213 |   0.9647 |     28.281 |     0.6
   36 |   0.4766 |     16.032 |   0.9720 |     27.726 |     0.6
Early stopping

Model: Seq2Seq Multimodal Bi-LSTM
Source index: <Seq2Seq Index with 45 items>
Target index: <Seq2Seq Index with 34 items>
Encoder embedding dimension: 128
Descriptors dimension: 1136
Decoder embedding dimension: 128
Encoder hidden units: 128
Encoder layers: 4
Decoder hidden units: 64
Decoder layers: 2
Dropout: 0.0
Trainable parameters: 2,520,610

Training started
X_train.shape: torch.Size([3048, 649])
Y_train.shape: torch.Size([3048, 7])
X_dev.shape: torch.Size([541, 337])
Y_dev.shape: torch.Size([541, 7])
Epochs: 500
Learning rate: 0.001
Weight decay: 1e-05
Epoch | Train                 | Development           | Minutes
      | Loss     | Error Rate | Loss     | Error Rate |
---------------------------------------------------------------
    1 |   2.5014 |     65.562 |   2.0377 |     58.226 |     0.1
    2 |   1.7954 |     50.498 |   1.6243 |     46.919 |     0.1
    3 |   1.5216 |     46.194 |   1.4801 |     46.919 |     0.2
    4 |   1.4438 |     46.265 |   1.4419 |     46.919 |     0.3
    5 |   1.4187 |     46.254 |   1.4267 |     46.919 |     0.4
    6 |   1.4087 |     45.970 |   1.4172 |     46.950 |     0.4
    7 |   1.4006 |     46.003 |   1.4090 |     46.457 |     0.5
    8 |   1.3940 |     45.697 |   1.4037 |     46.365 |     0.6
    9 |   1.3854 |     45.407 |   1.3937 |     45.656 |     0.6
   10 |   1.3701 |     44.707 |   1.3756 |     45.287 |     0.7
   11 |   1.3568 |     44.636 |   1.3586 |     45.102 |     0.8
   12 |   1.3372 |     44.291 |   1.3510 |     44.948 |     0.9
   13 |   1.3253 |     44.144 |   1.3312 |     44.732 |     0.9
   14 |   1.3057 |     43.663 |   1.3158 |     44.239 |     1.0
   15 |   1.2975 |     43.329 |   1.3078 |     43.900 |     1.1
   16 |   1.2808 |     43.143 |   1.2970 |     43.438 |     1.1
   17 |   1.2730 |     42.481 |   1.2787 |     43.130 |     1.2
   18 |   1.2605 |     42.356 |   1.2860 |     43.469 |     1.3
   19 |   1.2516 |     42.077 |   1.2674 |     42.021 |     1.4
   20 |   1.2348 |     41.574 |   1.2508 |     40.974 |     1.4
   21 |   1.2262 |     41.038 |   1.2590 |     41.651 |     1.5
   22 |   1.2213 |     40.666 |   1.2486 |     40.696 |     1.6
   23 |   1.2068 |     40.606 |   1.2412 |     40.173 |     1.6
   24 |   1.1972 |     40.409 |   1.2353 |     40.173 |     1.7
   25 |   1.1769 |     39.523 |   1.2207 |     39.741 |     1.8
   26 |   1.1696 |     39.611 |   1.2109 |     39.341 |     1.9
   27 |   1.1596 |     39.146 |   1.2028 |     39.002 |     1.9
   28 |   1.1479 |     38.238 |   1.2038 |     38.971 |     2.0
   29 |   1.1391 |     38.348 |   1.1967 |     38.971 |     2.1
   30 |   1.1348 |     38.550 |   1.1940 |     38.848 |     2.1
   31 |   1.1321 |     38.544 |   1.1833 |     38.571 |     2.2
   32 |   1.1109 |     37.451 |   1.1931 |     39.002 |     2.3
   33 |   1.1005 |     37.391 |   1.1897 |     39.310 |     2.4
   34 |   1.0900 |     37.484 |   1.1725 |     38.201 |     2.4
   35 |   1.0753 |     36.505 |   1.1708 |     38.663 |     2.5
   36 |   1.0662 |     36.237 |   1.1581 |     37.616 |     2.6
   37 |   1.0580 |     35.876 |   1.1562 |     37.708 |     2.6
   38 |   1.0511 |     35.685 |   1.1655 |     38.324 |     2.7
   39 |   1.0453 |     35.630 |   1.1675 |     38.293 |     2.8
   40 |   1.0298 |     35.242 |   1.1572 |     37.554 |     2.8
   41 |   1.0254 |     34.881 |   1.1384 |     37.585 |     2.9
   42 |   1.0194 |     34.957 |   1.1429 |     37.523 |     3.0
   43 |   1.0137 |     34.405 |   1.1310 |     37.092 |     3.1
   44 |   1.0028 |     34.181 |   1.1391 |     38.016 |     3.1
   45 |   0.9817 |     33.443 |   1.1146 |     35.952 |     3.2
   46 |   0.9648 |     33.115 |   1.1057 |     35.736 |     3.3
   47 |   0.9945 |     33.831 |   1.1269 |     36.322 |     3.4
   48 |   0.9697 |     32.792 |   1.1393 |     37.307 |     3.4
   49 |   0.9576 |     32.765 |   1.1251 |     37.831 |     3.5
   50 |   0.9578 |     32.732 |   1.1010 |     35.983 |     3.6
   51 |   0.9574 |     33.011 |   1.1027 |     36.383 |     3.7
   52 |   0.9445 |     32.590 |   1.1063 |     36.260 |     3.7
   53 |   0.9423 |     32.437 |   1.0916 |     35.767 |     3.8
   54 |   0.9314 |     31.780 |   1.0934 |     36.260 |     3.9
   55 |   0.9209 |     31.655 |   1.1041 |     35.644 |     3.9
   56 |   0.9075 |     31.059 |   1.0890 |     35.428 |     4.0
   57 |   0.8956 |     30.889 |   1.0871 |     35.490 |     4.1
   58 |   0.8927 |     30.594 |   1.0633 |     34.319 |     4.2
   59 |   0.8893 |     30.457 |   1.1015 |     36.291 |     4.2
   60 |   0.8810 |     30.211 |   1.0954 |     36.137 |     4.3
   61 |   0.8707 |     29.795 |   1.0780 |     34.904 |     4.4
   62 |   0.8583 |     29.194 |   1.0986 |     35.736 |     4.4
Early stopping

Model: Seq2Seq Multimodal Bi-LSTM
Source index: <Seq2Seq Index with 45 items>
Target index: <Seq2Seq Index with 34 items>
Encoder embedding dimension: 64
Descriptors dimension: 1136
Decoder embedding dimension: 64
Encoder hidden units: 64
Encoder layers: 4
Decoder hidden units: 128
Decoder layers: 3
Dropout: 0.0
Trainable parameters: 1,225,186

Training started
X_train.shape: torch.Size([3048, 649])
Y_train.shape: torch.Size([3048, 7])
X_dev.shape: torch.Size([541, 337])
Y_dev.shape: torch.Size([541, 7])
Epochs: 500
Learning rate: 0.001
Weight decay: 1e-05
Epoch | Train                 | Development           | Minutes
      | Loss     | Error Rate | Loss     | Error Rate |
---------------------------------------------------------------
    1 |   2.2289 |     60.827 |   1.6218 |     46.950 |     0.0
    2 |   1.4792 |     46.254 |   1.4385 |     46.919 |     0.1
    3 |   1.4061 |     46.293 |   1.4103 |     46.919 |     0.1
    4 |   1.3800 |     45.565 |   1.3767 |     45.471 |     0.1
    5 |   1.3460 |     44.554 |   1.3404 |     45.256 |     0.1
    6 |   1.3201 |     43.930 |   1.3239 |     44.208 |     0.2
    7 |   1.2918 |     43.176 |   1.2848 |     42.545 |     0.2
    8 |   1.2636 |     42.159 |   1.2582 |     41.436 |     0.2
    9 |   1.2364 |     41.519 |   1.2380 |     40.819 |     0.3
   10 |   1.2049 |     40.354 |   1.2332 |     41.004 |     0.3
   11 |   1.1785 |     39.676 |   1.2054 |     39.957 |     0.3
   12 |   1.1475 |     38.851 |   1.1789 |     38.571 |     0.4
   13 |   1.1128 |     37.795 |   1.1610 |     37.985 |     0.4
   14 |   1.0788 |     36.505 |   1.1577 |     37.277 |     0.4
   15 |   1.0467 |     35.187 |   1.1176 |     36.014 |     0.4
   16 |   1.0131 |     34.000 |   1.1228 |     36.630 |     0.5
   17 |   0.9834 |     32.836 |   1.1074 |     36.168 |     0.5
   18 |   0.9549 |     31.775 |   1.1522 |     36.938 |     0.5
   19 |   0.9290 |     31.020 |   1.0765 |     35.089 |     0.6
   20 |   0.8917 |     29.681 |   1.0660 |     33.826 |     0.6
   21 |   0.8681 |     29.101 |   1.0639 |     34.473 |     0.6
   22 |   0.8393 |     27.975 |   1.0528 |     34.288 |     0.6
   23 |   0.8100 |     27.297 |   1.0342 |     32.286 |     0.7
   24 |   0.7743 |     26.132 |   1.0118 |     31.947 |     0.7
   25 |   0.7508 |     25.208 |   1.0399 |     33.025 |     0.7
   26 |   0.7315 |     24.404 |   1.0403 |     32.286 |     0.8
   27 |   0.7100 |     23.742 |   1.0106 |     31.793 |     0.8
   28 |   0.6847 |     23.021 |   1.0477 |     32.871 |     0.8
   29 |   0.6506 |     21.675 |   1.0157 |     31.885 |     0.9
   30 |   0.6389 |     21.599 |   1.0238 |     31.916 |     0.9
   31 |   0.6035 |     20.609 |   1.0185 |     30.715 |     0.9
Early stopping

Model: Seq2Seq Multimodal Bi-LSTM
Source index: <Seq2Seq Index with 45 items>
Target index: <Seq2Seq Index with 34 items>
Encoder embedding dimension: 64
Descriptors dimension: 1136
Decoder embedding dimension: 128
Encoder hidden units: 32
Encoder layers: 4
Decoder hidden units: 64
Decoder layers: 3
Dropout: 0.2
Trainable parameters: 420,706

Training started
X_train.shape: torch.Size([3048, 649])
Y_train.shape: torch.Size([3048, 7])
X_dev.shape: torch.Size([541, 337])
Y_dev.shape: torch.Size([541, 7])
Epochs: 500
Learning rate: 0.001
Weight decay: 0.0001
Epoch | Train                 | Development           | Minutes
      | Loss     | Error Rate | Loss     | Error Rate |
---------------------------------------------------------------
    1 |   2.5968 |     69.166 |   2.0211 |     54.960 |     0.0
    2 |   1.7824 |     50.437 |   1.6014 |     46.919 |     0.0
    3 |   1.5060 |     46.265 |   1.4655 |     46.919 |     0.1
    4 |   1.4291 |     46.112 |   1.4205 |     46.827 |     0.1
    5 |   1.3941 |     46.178 |   1.3930 |     46.981 |     0.1
    6 |   1.3583 |     46.030 |   1.3565 |     46.242 |     0.1
    7 |   1.3272 |     45.571 |   1.3324 |     45.410 |     0.1
    8 |   1.3050 |     44.691 |   1.3098 |     44.794 |     0.2
    9 |   1.2835 |     44.122 |   1.2971 |     44.362 |     0.2
   10 |   1.2658 |     43.788 |   1.2770 |     43.777 |     0.2
   11 |   1.2493 |     43.127 |   1.2709 |     43.438 |     0.2
   12 |   1.2342 |     42.596 |   1.2505 |     42.575 |     0.2
   13 |   1.2172 |     41.864 |   1.2392 |     42.421 |     0.3
   14 |   1.1977 |     41.453 |   1.2031 |     41.436 |     0.3
   15 |   1.1638 |     40.043 |   1.1888 |     40.912 |     0.3
   16 |   1.1415 |     39.244 |   1.1635 |     40.419 |     0.3
   17 |   1.1152 |     38.134 |   1.1353 |     38.509 |     0.3
   18 |   1.0947 |     37.347 |   1.1171 |     38.355 |     0.4
   19 |   1.0753 |     36.559 |   1.1067 |     37.492 |     0.4
   20 |   1.0561 |     35.712 |   1.0820 |     36.044 |     0.4
   21 |   1.0271 |     35.007 |   1.0714 |     35.860 |     0.4
   22 |   1.0147 |     34.164 |   1.0546 |     35.151 |     0.4
   23 |   0.9946 |     33.804 |   1.0536 |     35.089 |     0.5
   24 |   0.9693 |     33.098 |   1.0481 |     34.812 |     0.5
   25 |   0.9527 |     32.426 |   1.0457 |     34.689 |     0.5
   26 |   0.9348 |     31.474 |   1.0344 |     34.596 |     0.5
   27 |   0.9224 |     31.392 |   1.0225 |     34.350 |     0.5
   28 |   0.9036 |     30.474 |   1.0074 |     33.611 |     0.6
   29 |   0.8836 |     29.610 |   1.0011 |     32.563 |     0.6
   30 |   0.8665 |     29.331 |   0.9881 |     32.070 |     0.6
   31 |   0.8587 |     28.685 |   0.9825 |     31.885 |     0.6
   32 |   0.8476 |     28.177 |   0.9938 |     31.947 |     0.6
   33 |   0.8327 |     27.914 |   0.9822 |     31.978 |     0.7
   34 |   0.8224 |     27.483 |   0.9815 |     31.208 |     0.7
   35 |   0.8034 |     26.777 |   0.9838 |     31.639 |     0.7
   36 |   0.7817 |     26.028 |   0.9750 |     31.177 |     0.7
   37 |   0.7682 |     25.093 |   0.9653 |     31.054 |     0.8
   38 |   0.7535 |     24.617 |   0.9469 |     30.930 |     0.8
   39 |   0.7370 |     24.076 |   0.9600 |     29.760 |     0.8
   40 |   0.7259 |     23.988 |   0.9614 |     30.037 |     0.8
   41 |   0.7147 |     23.742 |   0.9480 |     30.191 |     0.8
   42 |   0.7038 |     23.267 |   0.9658 |     29.698 |     0.9
Early stopping

Model: Seq2Seq Multimodal Bi-LSTM
Source index: <Seq2Seq Index with 45 items>
Target index: <Seq2Seq Index with 34 items>
Encoder embedding dimension: 64
Descriptors dimension: 1136
Decoder embedding dimension: 64
Encoder hidden units: 128
Encoder layers: 3
Decoder hidden units: 128
Decoder layers: 2
Dropout: 0.1
Trainable parameters: 2,010,722

Training started
X_train.shape: torch.Size([3048, 649])
Y_train.shape: torch.Size([3048, 7])
X_dev.shape: torch.Size([541, 337])
Y_dev.shape: torch.Size([541, 7])
Epochs: 500
Learning rate: 0.001
Weight decay: 0.0001
Epoch | Train                 | Development           | Minutes
      | Loss     | Error Rate | Loss     | Error Rate |
---------------------------------------------------------------
    1 |   2.2039 |     59.985 |   1.6537 |     49.199 |     0.1
    2 |   1.4773 |     45.976 |   1.4082 |     45.009 |     0.1
    3 |   1.3615 |     44.395 |   1.3326 |     44.054 |     0.2
    4 |   1.2960 |     42.930 |   1.2784 |     42.575 |     0.2
    5 |   1.2472 |     41.661 |   1.2391 |     40.357 |     0.3
    6 |   1.1917 |     39.572 |   1.2035 |     38.417 |     0.3
    7 |   1.1463 |     37.937 |   1.1489 |     37.523 |     0.4
    8 |   1.1002 |     36.149 |   1.1233 |     36.044 |     0.4
    9 |   1.0520 |     34.684 |   1.0784 |     34.258 |     0.5
   10 |   1.0126 |     33.448 |   1.0703 |     35.120 |     0.6
   11 |   0.9797 |     32.803 |   1.0559 |     33.826 |     0.6
   12 |   0.9493 |     31.687 |   1.0398 |     34.381 |     0.7
   13 |   0.9077 |     30.249 |   1.0197 |     33.241 |     0.7
   14 |   0.8894 |     29.861 |   1.0126 |     32.994 |     0.8
   15 |   0.8875 |     29.899 |   1.0199 |     33.148 |     0.8
   16 |   0.8486 |     28.702 |   0.9840 |     32.193 |     0.9
   17 |   0.8066 |     27.253 |   0.9835 |     31.608 |     1.0
   18 |   0.7771 |     25.930 |   0.9830 |     31.238 |     1.0
   19 |   0.7535 |     25.246 |   0.9775 |     31.331 |     1.1
   20 |   0.7196 |     24.306 |   0.9612 |     31.084 |     1.1
   21 |   0.6963 |     23.354 |   0.9629 |     30.992 |     1.2
   22 |   0.6883 |     23.431 |   0.9703 |     31.978 |     1.2
   23 |   0.6715 |     23.015 |   0.9845 |     31.639 |     1.3
   24 |   0.6392 |     21.621 |   0.9486 |     30.253 |     1.3
   25 |   0.6426 |     21.900 |   0.9818 |     31.238 |     1.4
   26 |   0.6224 |     21.397 |   0.9363 |     29.698 |     1.5
   27 |   0.5988 |     20.418 |   0.9453 |     29.821 |     1.5
   28 |   0.5796 |     19.816 |   0.9601 |     29.421 |     1.6
   29 |   0.5616 |     18.892 |   0.9542 |     29.575 |     1.6
   30 |   0.5532 |     18.892 |   0.9692 |     29.575 |     1.7
Early stopping

Model: Seq2Seq Multimodal Bi-LSTM
Source index: <Seq2Seq Index with 45 items>
Target index: <Seq2Seq Index with 34 items>
Encoder embedding dimension: 64
Descriptors dimension: 1136
Decoder embedding dimension: 128
Encoder hidden units: 128
Encoder layers: 2
Decoder hidden units: 128
Decoder layers: 2
Dropout: 0.1
Trainable parameters: 1,357,410

Training started
X_train.shape: torch.Size([3048, 649])
Y_train.shape: torch.Size([3048, 7])
X_dev.shape: torch.Size([541, 337])
Y_dev.shape: torch.Size([541, 7])
Epochs: 500
Learning rate: 0.001
Weight decay: 0.0001
Epoch | Train                 | Development           | Minutes
      | Loss     | Error Rate | Loss     | Error Rate |
---------------------------------------------------------------
    1 |   2.1019 |     57.191 |   1.5399 |     46.858 |     0.0
    2 |   1.4217 |     45.757 |   1.3732 |     45.256 |     0.1
    3 |   1.3085 |     43.132 |   1.2789 |     42.267 |     0.1
    4 |   1.2228 |     40.141 |   1.2011 |     39.217 |     0.1
    5 |   1.1556 |     37.987 |   1.1504 |     37.954 |     0.2
    6 |   1.0890 |     36.002 |   1.1074 |     35.397 |     0.2
    7 |   1.0294 |     33.661 |   1.0629 |     34.566 |     0.3
    8 |   0.9708 |     32.076 |   1.0202 |     33.148 |     0.3
    9 |   0.9193 |     30.091 |   0.9877 |     31.885 |     0.3
   10 |   0.8643 |     28.330 |   0.9828 |     32.594 |     0.4
   11 |   0.8316 |     27.335 |   0.9629 |     30.992 |     0.4
   12 |   0.7828 |     25.787 |   0.9410 |     29.667 |     0.4
   13 |   0.7471 |     24.628 |   0.9270 |     29.174 |     0.5
   14 |   0.7118 |     23.185 |   0.9113 |     29.328 |     0.5
   15 |   0.6742 |     22.091 |   0.9208 |     28.651 |     0.6
   16 |   0.6389 |     21.074 |   0.9041 |     29.236 |     0.6
   17 |   0.6080 |     20.177 |   0.9148 |     28.497 |     0.6
   18 |   0.5801 |     18.837 |   0.9119 |     27.880 |     0.7
   19 |   0.5659 |     18.575 |   0.8992 |     27.973 |     0.7
   20 |   0.5266 |     17.317 |   0.9085 |     27.911 |     0.7
   21 |   0.5089 |     16.656 |   0.9145 |     28.127 |     0.8
   22 |   0.4965 |     16.612 |   0.9063 |     26.771 |     0.8
   23 |   0.4662 |     15.338 |   0.9072 |     27.757 |     0.9
Early stopping

Model: Seq2Seq Multimodal Bi-LSTM
Source index: <Seq2Seq Index with 45 items>
Target index: <Seq2Seq Index with 34 items>
Encoder embedding dimension: 128
Descriptors dimension: 1136
Decoder embedding dimension: 128
Encoder hidden units: 32
Encoder layers: 2
Decoder hidden units: 64
Decoder layers: 2
Dropout: 0.1
Trainable parameters: 255,074

Training started
X_train.shape: torch.Size([3048, 649])
Y_train.shape: torch.Size([3048, 7])
X_dev.shape: torch.Size([541, 337])
Y_dev.shape: torch.Size([541, 7])
Epochs: 500
Learning rate: 0.001
Weight decay: 0.0001
Epoch | Train                 | Development           | Minutes
      | Loss     | Error Rate | Loss     | Error Rate |
---------------------------------------------------------------
    1 |   2.3785 |     63.118 |   1.7772 |     49.938 |     0.0
    2 |   1.5601 |     46.856 |   1.4631 |     46.642 |     0.0
    3 |   1.3890 |     45.237 |   1.3574 |     43.715 |     0.0
    4 |   1.3196 |     43.805 |   1.3075 |     42.668 |     0.1
    5 |   1.2676 |     41.847 |   1.2640 |     41.959 |     0.1
    6 |   1.2150 |     40.185 |   1.2226 |     40.542 |     0.1
    7 |   1.1686 |     38.473 |   1.1792 |     38.879 |     0.1
    8 |   1.1224 |     37.232 |   1.1362 |     37.954 |     0.1
    9 |   1.0778 |     35.619 |   1.1074 |     36.784 |     0.1
   10 |   1.0369 |     33.913 |   1.0869 |     35.059 |     0.1
   11 |   1.0013 |     32.934 |   1.0523 |     35.120 |     0.1
   12 |   0.9629 |     31.458 |   1.0289 |     33.487 |     0.2
   13 |   0.9249 |     30.173 |   1.0028 |     32.532 |     0.2
   14 |   0.8927 |     29.298 |   0.9837 |     30.900 |     0.2
   15 |   0.8606 |     27.849 |   0.9784 |     31.670 |     0.2
   16 |   0.8271 |     26.892 |   0.9478 |     30.622 |     0.2
   17 |   0.7986 |     25.623 |   0.9572 |     30.992 |     0.2
   18 |   0.7711 |     24.721 |   0.9262 |     28.990 |     0.2
   19 |   0.7463 |     23.742 |   0.9214 |     28.928 |     0.2
   20 |   0.7220 |     23.103 |   0.9183 |     28.743 |     0.3
   21 |   0.6998 |     22.053 |   0.9051 |     27.973 |     0.3
   22 |   0.6827 |     21.517 |   0.8817 |     27.757 |     0.3
   23 |   0.6556 |     20.839 |   0.9013 |     27.819 |     0.3
   24 |   0.6358 |     19.920 |   0.8840 |     27.449 |     0.3
   25 |   0.6177 |     19.516 |   0.8823 |     26.771 |     0.3
   26 |   0.5980 |     19.029 |   0.8894 |     26.679 |     0.3
   27 |   0.5855 |     18.302 |   0.8769 |     26.556 |     0.3
   28 |   0.5678 |     17.678 |   0.8853 |     26.710 |     0.4
   29 |   0.5519 |     17.350 |   0.8773 |     26.494 |     0.4
   30 |   0.5294 |     16.453 |   0.8694 |     25.755 |     0.4
   31 |   0.5136 |     16.196 |   0.8803 |     25.786 |     0.4
   32 |   0.5108 |     16.213 |   0.8684 |     25.539 |     0.4
   33 |   0.4934 |     15.753 |   0.8693 |     25.724 |     0.4
   34 |   0.4807 |     15.507 |   0.8917 |     25.570 |     0.4
   35 |   0.4761 |     15.174 |   0.8905 |     26.402 |     0.4
   36 |   0.4631 |     15.081 |   0.8789 |     25.755 |     0.5
Early stopping

Model: Seq2Seq Multimodal Bi-LSTM
Source index: <Seq2Seq Index with 45 items>
Target index: <Seq2Seq Index with 34 items>
Encoder embedding dimension: 128
Descriptors dimension: 1136
Decoder embedding dimension: 128
Encoder hidden units: 64
Encoder layers: 3
Decoder hidden units: 128
Decoder layers: 2
Dropout: 0.2
Trainable parameters: 930,146

Training started
X_train.shape: torch.Size([3048, 649])
Y_train.shape: torch.Size([3048, 7])
X_dev.shape: torch.Size([541, 337])
Y_dev.shape: torch.Size([541, 7])
Epochs: 500
Learning rate: 0.001
Weight decay: 0.0001
Epoch | Train                 | Development           | Minutes
      | Loss     | Error Rate | Loss     | Error Rate |
---------------------------------------------------------------
    1 |   2.1165 |     58.672 |   1.5346 |     46.888 |     0.0
    2 |   1.4112 |     45.013 |   1.3643 |     45.009 |     0.1
    3 |   1.2916 |     42.460 |   1.2584 |     40.974 |     0.1
    4 |   1.2086 |     40.032 |   1.1965 |     39.772 |     0.1
    5 |   1.1459 |     38.184 |   1.1575 |     39.156 |     0.1
    6 |   1.0869 |     36.166 |   1.0943 |     36.322 |     0.2
    7 |   1.0351 |     34.564 |   1.0517 |     33.580 |     0.2
    8 |   0.9796 |     32.256 |   1.0163 |     32.286 |     0.2
    9 |   0.9295 |     30.102 |   0.9753 |     31.608 |     0.2
   10 |   0.8832 |     29.019 |   0.9578 |     31.577 |     0.3
   11 |   0.8407 |     27.226 |   0.9347 |     30.499 |     0.3
   12 |   0.7941 |     25.804 |   0.9256 |     30.653 |     0.3
   13 |   0.7619 |     24.940 |   0.9176 |     30.407 |     0.3
   14 |   0.7262 |     23.912 |   0.8856 |     28.250 |     0.4
   15 |   0.6863 |     22.501 |   0.8732 |     27.788 |     0.4
   16 |   0.6636 |     21.539 |   0.8719 |     27.973 |     0.4
   17 |   0.6280 |     20.571 |   0.8848 |     27.942 |     0.4
   18 |   0.6023 |     19.641 |   0.8584 |     26.833 |     0.5
   19 |   0.5761 |     18.635 |   0.8742 |     27.357 |     0.5
   20 |   0.5597 |     18.488 |   0.8526 |     26.402 |     0.5
   21 |   0.5367 |     17.350 |   0.8590 |     26.494 |     0.5
   22 |   0.5182 |     17.295 |   0.8632 |     25.539 |     0.6
   23 |   0.4942 |     16.585 |   0.8573 |     25.878 |     0.6
   24 |   0.4683 |     15.562 |   0.8671 |     26.771 |     0.6
Early stopping

Model: Seq2Seq Multimodal Bi-LSTM
Source index: <Seq2Seq Index with 45 items>
Target index: <Seq2Seq Index with 34 items>
Encoder embedding dimension: 64
Descriptors dimension: 1136
Decoder embedding dimension: 64
Encoder hidden units: 64
Encoder layers: 4
Decoder hidden units: 64
Decoder layers: 4
Dropout: 0.2
Trainable parameters: 927,074

Training started
X_train.shape: torch.Size([3048, 649])
Y_train.shape: torch.Size([3048, 7])
X_dev.shape: torch.Size([541, 337])
Y_dev.shape: torch.Size([541, 7])
Epochs: 500
Learning rate: 0.001
Weight decay: 0.0001
Epoch | Train                 | Development           | Minutes
      | Loss     | Error Rate | Loss     | Error Rate |
---------------------------------------------------------------
    1 |   2.5898 |     69.778 |   2.0292 |     58.965 |     0.0
    2 |   1.7901 |     50.880 |   1.6064 |     46.919 |     0.1
    3 |   1.5157 |     46.211 |   1.4796 |     46.919 |     0.1
    4 |   1.4448 |     46.200 |   1.4433 |     46.919 |     0.1
    5 |   1.4210 |     46.156 |   1.4272 |     46.919 |     0.2
    6 |   1.4111 |     46.265 |   1.4182 |     46.919 |     0.2
    7 |   1.4039 |     46.265 |   1.4161 |     46.919 |     0.2
    8 |   1.3995 |     46.222 |   1.4080 |     46.919 |     0.3
    9 |   1.3970 |     46.254 |   1.4087 |     46.919 |     0.3
   10 |   1.3953 |     46.200 |   1.4058 |     46.950 |     0.3
   11 |   1.3920 |     46.222 |   1.4059 |     46.919 |     0.3
   12 |   1.3897 |     46.222 |   1.3989 |     46.888 |     0.4
   13 |   1.3848 |     46.079 |   1.3936 |     46.919 |     0.4
   14 |   1.3709 |     46.074 |   1.3871 |     46.858 |     0.4
   15 |   1.3558 |     46.172 |   1.3544 |     46.611 |     0.5
   16 |   1.3381 |     46.014 |   1.3404 |     46.734 |     0.5
   17 |   1.3195 |     45.516 |   1.3251 |     46.118 |     0.5
   18 |   1.3019 |     45.177 |   1.3168 |     45.471 |     0.6
   19 |   1.2918 |     44.811 |   1.3014 |     45.163 |     0.6
   20 |   1.2824 |     44.302 |   1.2830 |     44.609 |     0.6
   21 |   1.2669 |     43.624 |   1.2678 |     43.746 |     0.7
   22 |   1.2550 |     43.395 |   1.2659 |     43.962 |     0.7
   23 |   1.2445 |     42.919 |   1.2534 |     43.438 |     0.7
   24 |   1.2374 |     42.968 |   1.2414 |     42.668 |     0.8
   25 |   1.2207 |     42.361 |   1.2273 |     42.791 |     0.8
   26 |   1.2055 |     41.787 |   1.2084 |     41.836 |     0.8
   27 |   1.1950 |     41.601 |   1.2063 |     42.206 |     0.8
   28 |   1.1882 |     41.541 |   1.2001 |     42.175 |     0.9
   29 |   1.1832 |     41.196 |   1.2021 |     42.267 |     0.9
   30 |   1.1761 |     41.032 |   1.1985 |     42.237 |     0.9
   31 |   1.1579 |     40.458 |   1.1921 |     41.959 |     1.0
   32 |   1.1523 |     40.136 |   1.1687 |     41.097 |     1.0
   33 |   1.1431 |     39.561 |   1.1663 |     40.327 |     1.0
   34 |   1.1413 |     39.709 |   1.1588 |     39.834 |     1.1
   35 |   1.1249 |     38.998 |   1.1580 |     40.203 |     1.1
   36 |   1.1182 |     38.708 |   1.1443 |     39.156 |     1.1
   37 |   1.1066 |     38.528 |   1.1423 |     38.663 |     1.2
   38 |   1.1066 |     38.506 |   1.1673 |     39.556 |     1.2
   39 |   1.1098 |     38.676 |   1.1273 |     39.402 |     1.2
   40 |   1.0914 |     38.151 |   1.1261 |     38.293 |     1.3
   41 |   1.0954 |     38.178 |   1.1383 |     38.632 |     1.3
   42 |   1.0735 |     37.484 |   1.1110 |     37.954 |     1.3
   43 |   1.0663 |     36.926 |   1.1125 |     38.232 |     1.3
   44 |   1.0684 |     37.057 |   1.1126 |     37.523 |     1.4
   45 |   1.0604 |     37.068 |   1.1016 |     37.246 |     1.4
   46 |   1.0429 |     36.177 |   1.0916 |     37.400 |     1.4
   47 |   1.0369 |     36.319 |   1.0971 |     37.092 |     1.5
   48 |   1.0375 |     36.111 |   1.0923 |     36.753 |     1.5
   49 |   1.0310 |     35.821 |   1.0908 |     37.123 |     1.5
   50 |   1.0387 |     36.346 |   1.0981 |     37.246 |     1.6
   51 |   1.0345 |     36.505 |   1.0915 |     37.523 |     1.6
   52 |   1.0103 |     35.482 |   1.0719 |     37.092 |     1.6
   53 |   1.0039 |     35.231 |   1.0688 |     36.137 |     1.7
   54 |   0.9986 |     34.657 |   1.0781 |     36.506 |     1.7
   55 |   0.9974 |     35.050 |   1.0637 |     36.168 |     1.7
   56 |   0.9912 |     34.203 |   1.0697 |     35.983 |     1.8
   57 |   0.9921 |     34.750 |   1.0495 |     36.229 |     1.8
   58 |   0.9726 |     33.825 |   1.0540 |     35.397 |     1.8
   59 |   0.9646 |     33.344 |   1.0548 |     36.537 |     1.8
   60 |   0.9668 |     33.716 |   1.0491 |     35.798 |     1.9
   61 |   0.9601 |     33.164 |   1.0534 |     35.705 |     1.9
   62 |   0.9528 |     33.098 |   1.0518 |     35.890 |     1.9
   63 |   0.9503 |     33.027 |   1.0406 |     35.705 |     2.0
   64 |   0.9440 |     32.721 |   1.0416 |     35.521 |     2.0
   65 |   0.9510 |     32.776 |   1.0326 |     34.504 |     2.0
   66 |   0.9241 |     32.191 |   1.0397 |     34.935 |     2.1
   67 |   0.9197 |     32.119 |   1.0289 |     35.028 |     2.1
   68 |   0.9174 |     31.813 |   1.0391 |     35.613 |     2.1
   69 |   0.9026 |     31.283 |   1.0255 |     34.134 |     2.2
   70 |   0.9016 |     31.277 |   1.0342 |     35.336 |     2.2
   71 |   0.9064 |     31.381 |   1.0343 |     34.843 |     2.2
   72 |   0.9061 |     31.485 |   1.0260 |     34.658 |     2.3
   73 |   0.8975 |     31.239 |   1.0163 |     33.795 |     2.3
   74 |   0.8934 |     30.911 |   1.0213 |     33.980 |     2.3
   75 |   0.8838 |     30.752 |   1.0155 |     33.888 |     2.3
   76 |   0.8726 |     30.353 |   1.0245 |     34.381 |     2.4
   77 |   0.8728 |     30.102 |   1.0327 |     34.627 |     2.4
   78 |   0.8800 |     30.342 |   1.0209 |     34.073 |     2.4
   79 |   0.8754 |     30.681 |   1.0129 |     34.227 |     2.5
   80 |   0.8668 |     29.899 |   1.0162 |     33.888 |     2.5
   81 |   0.8516 |     29.675 |   1.0046 |     33.641 |     2.5
   82 |   0.8485 |     29.303 |   1.0200 |     34.104 |     2.6
   83 |   0.8400 |     29.145 |   1.0033 |     32.656 |     2.6
   84 |   0.8381 |     29.145 |   1.0004 |     32.101 |     2.6
   85 |   0.8408 |     29.074 |   0.9954 |     32.994 |     2.7
   86 |   0.8327 |     28.664 |   1.0036 |     33.919 |     2.7
   87 |   0.8250 |     28.472 |   1.0170 |     33.457 |     2.7
   88 |   0.8325 |     28.992 |   0.9906 |     33.118 |     2.8
   89 |   0.8105 |     28.018 |   1.0084 |     33.487 |     2.8
   90 |   0.8132 |     27.953 |   0.9869 |     32.101 |     2.8
   91 |   0.8098 |     28.024 |   0.9873 |     32.163 |     2.8
   92 |   0.8084 |     28.237 |   0.9941 |     32.039 |     2.9
   93 |   0.8064 |     27.865 |   0.9915 |     32.625 |     2.9
   94 |   0.8187 |     28.456 |   0.9854 |     31.762 |     2.9
   95 |   0.7992 |     27.373 |   0.9840 |     32.132 |     3.0
   96 |   0.8017 |     27.559 |   0.9790 |     32.070 |     3.0
   97 |   0.8023 |     27.685 |   1.0023 |     32.779 |     3.0
   98 |   0.7891 |     27.433 |   0.9944 |     32.563 |     3.1
   99 |   0.7829 |     27.138 |   0.9817 |     31.793 |     3.1
  100 |   0.7725 |     26.717 |   0.9863 |     32.717 |     3.1
Early stopping

Model: Seq2Seq Multimodal Bi-LSTM
Source index: <Seq2Seq Index with 45 items>
Target index: <Seq2Seq Index with 34 items>
Encoder embedding dimension: 64
Descriptors dimension: 1136
Decoder embedding dimension: 64
Encoder hidden units: 32
Encoder layers: 2
Decoder hidden units: 64
Decoder layers: 2
Dropout: 0.2
Trainable parameters: 217,250

Training started
X_train.shape: torch.Size([3048, 649])
Y_train.shape: torch.Size([3048, 7])
X_dev.shape: torch.Size([541, 337])
Y_dev.shape: torch.Size([541, 7])
Epochs: 500
Learning rate: 0.001
Weight decay: 1e-05
Epoch | Train                 | Development           | Minutes
      | Loss     | Error Rate | Loss     | Error Rate |
---------------------------------------------------------------
    1 |   2.4502 |     64.201 |   1.8637 |     52.064 |     0.0
    2 |   1.6501 |     47.911 |   1.5125 |     46.858 |     0.0
    3 |   1.4453 |     45.899 |   1.4198 |     46.580 |     0.0
    4 |   1.3834 |     44.876 |   1.3763 |     45.779 |     0.0
    5 |   1.3387 |     44.204 |   1.3228 |     43.253 |     0.1
    6 |   1.2810 |     42.044 |   1.2656 |     41.282 |     0.1
    7 |   1.2342 |     40.628 |   1.2315 |     40.850 |     0.1
    8 |   1.1956 |     39.474 |   1.1973 |     39.587 |     0.1
    9 |   1.1541 |     38.063 |   1.1747 |     38.725 |     0.1
   10 |   1.1192 |     37.068 |   1.1442 |     37.954 |     0.1
   11 |   1.0805 |     35.444 |   1.1092 |     36.014 |     0.1
   12 |   1.0470 |     34.164 |   1.0894 |     36.476 |     0.2
   13 |   1.0112 |     33.240 |   1.0585 |     35.028 |     0.2
   14 |   0.9808 |     31.977 |   1.0396 |     33.980 |     0.2
   15 |   0.9438 |     30.479 |   1.0205 |     32.656 |     0.2
   16 |   0.9124 |     29.495 |   0.9937 |     31.423 |     0.2
   17 |   0.8841 |     28.264 |   0.9813 |     31.423 |     0.2
   18 |   0.8604 |     27.422 |   0.9639 |     30.222 |     0.2
   19 |   0.8328 |     26.794 |   0.9536 |     29.482 |     0.2
   20 |   0.8022 |     25.530 |   0.9386 |     29.760 |     0.3
   21 |   0.7840 |     25.142 |   0.9262 |     29.205 |     0.3
   22 |   0.7587 |     24.338 |   0.9225 |     28.558 |     0.3
   23 |   0.7413 |     23.392 |   0.9348 |     29.051 |     0.3
   24 |   0.7198 |     22.884 |   0.9114 |     28.312 |     0.3
   25 |   0.6907 |     21.932 |   0.9081 |     28.404 |     0.3
   26 |   0.6800 |     21.659 |   0.9032 |     27.911 |     0.3
   27 |   0.6600 |     21.107 |   0.9082 |     27.203 |     0.3
   28 |   0.6349 |     20.467 |   0.8932 |     26.802 |     0.4
   29 |   0.6227 |     19.849 |   0.8892 |     27.203 |     0.4
   30 |   0.6054 |     19.543 |   0.8757 |     26.525 |     0.4
   31 |   0.5984 |     19.308 |   0.8982 |     27.203 |     0.4
   32 |   0.5798 |     18.619 |   0.8738 |     26.124 |     0.4
   33 |   0.5634 |     18.427 |   0.8857 |     26.278 |     0.4
   34 |   0.5564 |     17.859 |   0.8864 |     26.340 |     0.4
   35 |   0.5418 |     17.558 |   0.8831 |     26.833 |     0.4
   36 |   0.5323 |     17.164 |   0.8939 |     27.018 |     0.5
Early stopping

Model: Seq2Seq Multimodal Bi-LSTM
Source index: <Seq2Seq Index with 45 items>
Target index: <Seq2Seq Index with 34 items>
Encoder embedding dimension: 128
Descriptors dimension: 1136
Decoder embedding dimension: 64
Encoder hidden units: 32
Encoder layers: 3
Decoder hidden units: 64
Decoder layers: 3
Dropout: 0.2
Trainable parameters: 344,578

Training started
X_train.shape: torch.Size([3048, 649])
Y_train.shape: torch.Size([3048, 7])
X_dev.shape: torch.Size([541, 337])
Y_dev.shape: torch.Size([541, 7])
Epochs: 500
Learning rate: 0.001
Weight decay: 1e-05
Epoch | Train                 | Development           | Minutes
      | Loss     | Error Rate | Loss     | Error Rate |
---------------------------------------------------------------
    1 |   2.5693 |     68.980 |   2.0203 |     58.965 |     0.0
    2 |   1.7551 |     49.809 |   1.5769 |     46.919 |     0.0
    3 |   1.4962 |     46.243 |   1.4665 |     46.919 |     0.1
    4 |   1.4337 |     46.194 |   1.4321 |     46.950 |     0.1
    5 |   1.4016 |     46.238 |   1.4019 |     46.919 |     0.1
    6 |   1.3725 |     45.976 |   1.3706 |     46.026 |     0.1
    7 |   1.3491 |     45.631 |   1.3504 |     45.410 |     0.1
    8 |   1.3326 |     45.172 |   1.3410 |     44.670 |     0.1
    9 |   1.3186 |     44.756 |   1.3268 |     43.962 |     0.2
   10 |   1.3030 |     43.772 |   1.3036 |     43.130 |     0.2
   11 |   1.2828 |     42.799 |   1.2730 |     42.606 |     0.2
   12 |   1.2564 |     42.378 |   1.2589 |     42.237 |     0.2
   13 |   1.2345 |     41.492 |   1.2404 |     41.651 |     0.2
   14 |   1.2115 |     40.819 |   1.2186 |     40.173 |     0.2
   15 |   1.1932 |     40.015 |   1.2030 |     39.279 |     0.3
   16 |   1.1693 |     39.326 |   1.1880 |     39.834 |     0.3
   17 |   1.1479 |     38.588 |   1.1741 |     38.324 |     0.3
   18 |   1.1294 |     38.063 |   1.1708 |     38.694 |     0.3
   19 |   1.1135 |     37.631 |   1.1442 |     38.663 |     0.3
   20 |   1.0889 |     36.784 |   1.1376 |     37.400 |     0.3
   21 |   1.0647 |     36.231 |   1.1153 |     37.184 |     0.4
   22 |   1.0521 |     35.663 |   1.1085 |     36.476 |     0.4
   23 |   1.0303 |     34.815 |   1.1088 |     36.198 |     0.4
   24 |   1.0093 |     34.334 |   1.0814 |     35.274 |     0.4
   25 |   0.9926 |     33.448 |   1.0646 |     34.566 |     0.4
   26 |   0.9738 |     33.131 |   1.0547 |     34.258 |     0.4
   27 |   0.9539 |     31.841 |   1.0431 |     32.532 |     0.5
   28 |   0.9376 |     31.720 |   1.0457 |     33.795 |     0.5
   29 |   0.9221 |     30.955 |   1.0478 |     33.703 |     0.5
   30 |   0.9048 |     30.331 |   1.0263 |     33.087 |     0.5
   31 |   0.8917 |     29.610 |   1.0239 |     33.056 |     0.5
   32 |   0.8754 |     29.347 |   1.0061 |     32.348 |     0.5
   33 |   0.8569 |     28.866 |   0.9968 |     31.300 |     0.6
   34 |   0.8420 |     27.690 |   0.9901 |     30.961 |     0.6
   35 |   0.8268 |     27.756 |   0.9875 |     30.746 |     0.6
   36 |   0.8100 |     27.122 |   0.9856 |     30.684 |     0.6
   37 |   0.8074 |     26.826 |   0.9880 |     31.023 |     0.6
   38 |   0.7930 |     26.187 |   0.9775 |     30.006 |     0.6
   39 |   0.7837 |     26.083 |   0.9882 |     30.622 |     0.7
   40 |   0.7696 |     25.651 |   0.9738 |     30.591 |     0.7
   41 |   0.7516 |     24.913 |   0.9689 |     30.437 |     0.7
   42 |   0.7353 |     24.552 |   0.9762 |     29.975 |     0.7
   43 |   0.7314 |     24.573 |   0.9660 |     29.359 |     0.7
   44 |   0.7194 |     24.147 |   0.9613 |     29.575 |     0.7
   45 |   0.6967 |     22.988 |   0.9695 |     30.099 |     0.8
   46 |   0.6923 |     22.660 |   0.9756 |     30.160 |     0.8
   47 |   0.6839 |     22.627 |   0.9729 |     30.314 |     0.8
   48 |   0.6669 |     21.681 |   0.9491 |     27.880 |     0.8
   49 |   0.6599 |     21.987 |   0.9571 |     27.942 |     0.8
   50 |   0.6440 |     21.325 |   0.9652 |     29.205 |     0.8
   51 |   0.6490 |     21.632 |   0.9498 |     28.527 |     0.9
   52 |   0.6355 |     20.997 |   0.9517 |     28.035 |     0.9
Early stopping

Model: Seq2Seq Multimodal Bi-LSTM
Source index: <Seq2Seq Index with 45 items>
Target index: <Seq2Seq Index with 34 items>
Encoder embedding dimension: 128
Descriptors dimension: 1136
Decoder embedding dimension: 128
Encoder hidden units: 64
Encoder layers: 3
Decoder hidden units: 64
Decoder layers: 2
Dropout: 0.2
Trainable parameters: 697,570

Training started
X_train.shape: torch.Size([3048, 649])
Y_train.shape: torch.Size([3048, 7])
X_dev.shape: torch.Size([541, 337])
Y_dev.shape: torch.Size([541, 7])
Epochs: 500
Learning rate: 0.001
Weight decay: 0.0001
Epoch | Train                 | Development           | Minutes
      | Loss     | Error Rate | Loss     | Error Rate |
---------------------------------------------------------------
    1 |   2.4817 |     65.349 |   1.9433 |     53.450 |     0.0
    2 |   1.7000 |     48.874 |   1.5369 |     46.919 |     0.1
    3 |   1.4567 |     46.058 |   1.4203 |     46.827 |     0.1
    4 |   1.3741 |     44.357 |   1.3533 |     43.869 |     0.1
    5 |   1.3093 |     42.826 |   1.2974 |     42.237 |     0.1
    6 |   1.2544 |     41.202 |   1.2462 |     40.511 |     0.2
    7 |   1.2086 |     39.829 |   1.2052 |     40.419 |     0.2
    8 |   1.1750 |     38.856 |   1.1881 |     39.187 |     0.2
    9 |   1.1369 |     37.352 |   1.1524 |     38.663 |     0.2
   10 |   1.1046 |     36.297 |   1.1319 |     36.722 |     0.3
   11 |   1.0677 |     34.875 |   1.0986 |     35.798 |     0.3
   12 |   1.0327 |     33.645 |   1.0823 |     35.490 |     0.3
   13 |   1.0055 |     32.710 |   1.0589 |     34.381 |     0.3
   14 |   0.9752 |     32.273 |   1.0347 |     33.272 |     0.4
   15 |   0.9551 |     31.507 |   1.0118 |     32.933 |     0.4
   16 |   0.9199 |     29.675 |   1.0072 |     32.471 |     0.4
   17 |   0.8963 |     29.074 |   0.9872 |     31.577 |     0.4
   18 |   0.8658 |     28.029 |   0.9680 |     31.177 |     0.5
   19 |   0.8412 |     27.318 |   0.9646 |     31.392 |     0.5
   20 |   0.8295 |     26.958 |   0.9739 |     31.577 |     0.5
   21 |   0.8064 |     26.471 |   0.9551 |     30.253 |     0.5
   22 |   0.7855 |     25.443 |   0.9367 |     30.068 |     0.6
   23 |   0.7659 |     25.175 |   0.9436 |     30.807 |     0.6
   24 |   0.7492 |     24.300 |   0.9376 |     30.437 |     0.6
   25 |   0.7271 |     23.797 |   0.9313 |     29.975 |     0.6
   26 |   0.7224 |     23.617 |   0.9189 |     29.390 |     0.7
   27 |   0.7008 |     22.643 |   0.9314 |     29.544 |     0.7
   28 |   0.6912 |     22.621 |   0.9209 |     29.760 |     0.7
   29 |   0.6664 |     21.424 |   0.9208 |     29.667 |     0.7
   30 |   0.6582 |     21.539 |   0.9013 |     27.696 |     0.8
   31 |   0.6365 |     20.626 |   0.9134 |     29.020 |     0.8
   32 |   0.6338 |     20.790 |   0.9194 |     28.743 |     0.8
   33 |   0.6194 |     20.341 |   0.9243 |     28.959 |     0.8
   34 |   0.6082 |     20.155 |   0.9186 |     28.404 |     0.9
Early stopping

Model: Seq2Seq Multimodal Bi-LSTM
Source index: <Seq2Seq Index with 45 items>
Target index: <Seq2Seq Index with 34 items>
Encoder embedding dimension: 128
Descriptors dimension: 1136
Decoder embedding dimension: 64
Encoder hidden units: 32
Encoder layers: 2
Decoder hidden units: 64
Decoder layers: 3
Dropout: 0.0
Trainable parameters: 269,794

Training started
X_train.shape: torch.Size([3048, 649])
Y_train.shape: torch.Size([3048, 7])
X_dev.shape: torch.Size([541, 337])
Y_dev.shape: torch.Size([541, 7])
Epochs: 500
Learning rate: 0.001
Weight decay: 0.0001
Epoch | Train                 | Development           | Minutes
      | Loss     | Error Rate | Loss     | Error Rate |
---------------------------------------------------------------
    1 |   2.5678 |     68.739 |   1.9939 |     58.564 |     0.0
    2 |   1.7433 |     49.316 |   1.5887 |     47.012 |     0.0
    3 |   1.4973 |     46.315 |   1.4689 |     46.919 |     0.0
    4 |   1.4217 |     46.211 |   1.4241 |     46.796 |     0.0
    5 |   1.3813 |     45.926 |   1.3904 |     46.118 |     0.1
    6 |   1.3534 |     45.418 |   1.3662 |     45.132 |     0.1
    7 |   1.3272 |     45.117 |   1.3321 |     45.348 |     0.1
    8 |   1.2973 |     44.434 |   1.3122 |     44.054 |     0.1
    9 |   1.2707 |     42.831 |   1.2915 |     43.654 |     0.1
   10 |   1.2437 |     42.000 |   1.2640 |     42.514 |     0.1
   11 |   1.2082 |     41.082 |   1.2395 |     42.483 |     0.1
   12 |   1.1827 |     40.261 |   1.2135 |     41.004 |     0.1
   13 |   1.1613 |     39.386 |   1.1982 |     41.189 |     0.2
   14 |   1.1337 |     38.408 |   1.1898 |     40.111 |     0.2
   15 |   1.1094 |     37.221 |   1.1605 |     37.924 |     0.2
   16 |   1.0841 |     36.412 |   1.1539 |     38.078 |     0.2
   17 |   1.0577 |     35.264 |   1.1410 |     37.646 |     0.2
   18 |   1.0279 |     34.110 |   1.1268 |     36.352 |     0.2
   19 |   1.0057 |     33.257 |   1.1218 |     36.876 |     0.2
   20 |   0.9762 |     32.234 |   1.1137 |     35.675 |     0.2
   21 |   0.9446 |     31.452 |   1.0969 |     35.798 |     0.3
   22 |   0.9178 |     29.960 |   1.0883 |     35.860 |     0.3
   23 |   0.8918 |     29.085 |   1.1090 |     36.106 |     0.3
   24 |   0.8783 |     28.751 |   1.0659 |     34.596 |     0.3
   25 |   0.8471 |     27.679 |   1.0668 |     34.104 |     0.3
   26 |   0.8110 |     26.148 |   1.0411 |     33.241 |     0.3
   27 |   0.7819 |     25.301 |   1.0446 |     33.148 |     0.3
   28 |   0.7671 |     24.836 |   1.0520 |     32.502 |     0.3
   29 |   0.7363 |     23.704 |   1.0379 |     32.563 |     0.4
   30 |   0.7160 |     22.966 |   1.0352 |     31.208 |     0.4
   31 |   0.6884 |     21.741 |   1.0400 |     32.348 |     0.4
   32 |   0.6761 |     21.451 |   1.0138 |     30.961 |     0.4
   33 |   0.6606 |     20.965 |   1.0095 |     30.622 |     0.4
   34 |   0.6259 |     19.576 |   1.0025 |     29.636 |     0.4
   35 |   0.6109 |     19.094 |   1.0197 |     30.807 |     0.4
   36 |   0.5912 |     18.313 |   1.0391 |     29.606 |     0.4
   37 |   0.5713 |     17.624 |   1.0197 |     28.866 |     0.4
   38 |   0.5458 |     16.765 |   1.0329 |     29.421 |     0.5
Early stopping

Model: Seq2Seq Multimodal Bi-LSTM
Source index: <Seq2Seq Index with 45 items>
Target index: <Seq2Seq Index with 34 items>
Encoder embedding dimension: 64
Descriptors dimension: 1136
Decoder embedding dimension: 128
Encoder hidden units: 32
Encoder layers: 3
Decoder hidden units: 128
Decoder layers: 3
Dropout: 0.0
Trainable parameters: 650,690

Training started
X_train.shape: torch.Size([3048, 649])
Y_train.shape: torch.Size([3048, 7])
X_dev.shape: torch.Size([541, 337])
Y_dev.shape: torch.Size([541, 7])
Epochs: 500
Learning rate: 0.001
Weight decay: 0.0001
Epoch | Train                 | Development           | Minutes
      | Loss     | Error Rate | Loss     | Error Rate |
---------------------------------------------------------------
    1 |   2.2202 |     60.586 |   1.6245 |     48.953 |     0.0
    2 |   1.4609 |     46.238 |   1.3981 |     46.396 |     0.0
    3 |   1.3508 |     45.308 |   1.3363 |     43.685 |     0.0
    4 |   1.2864 |     43.220 |   1.2746 |     42.945 |     0.1
    5 |   1.2310 |     41.771 |   1.2587 |     42.206 |     0.1
    6 |   1.1892 |     40.305 |   1.2081 |     41.189 |     0.1
    7 |   1.1432 |     38.703 |   1.2100 |     41.282 |     0.1
    8 |   1.0967 |     36.970 |   1.1345 |     38.108 |     0.1
    9 |   1.0410 |     35.182 |   1.1068 |     37.616 |     0.1
   10 |   1.0016 |     33.951 |   1.0771 |     36.291 |     0.2
   11 |   0.9548 |     31.906 |   1.0335 |     34.258 |     0.2
   12 |   0.8948 |     29.965 |   1.0229 |     33.518 |     0.2
   13 |   0.8618 |     28.210 |   0.9945 |     32.656 |     0.2
   14 |   0.8081 |     26.345 |   0.9738 |     31.023 |     0.2
   15 |   0.7633 |     24.732 |   0.9604 |     30.715 |     0.2
   16 |   0.7229 |     23.392 |   0.9588 |     30.314 |     0.2
   17 |   0.6880 |     22.184 |   0.9333 |     29.421 |     0.3
   18 |   0.6406 |     20.636 |   0.9336 |     28.866 |     0.3
   19 |   0.6170 |     19.630 |   0.9520 |     28.712 |     0.3
   20 |   0.5927 |     18.673 |   0.9472 |     28.835 |     0.3
   21 |   0.5433 |     17.268 |   0.9304 |     27.542 |     0.3
   22 |   0.5160 |     16.355 |   0.9509 |     28.959 |     0.3
   23 |   0.4871 |     15.442 |   0.9262 |     27.264 |     0.4
   24 |   0.4565 |     14.425 |   0.9335 |     27.634 |     0.4
   25 |   0.4353 |     13.916 |   0.9252 |     26.771 |     0.4
   26 |   0.4131 |     13.145 |   0.9332 |     26.278 |     0.4
   27 |   0.3918 |     12.555 |   0.9731 |     26.617 |     0.4
   28 |   0.3781 |     12.341 |   0.9684 |     26.402 |     0.4
   29 |   0.3577 |     11.767 |   0.9919 |     26.617 |     0.4
Early stopping

Model: Seq2Seq Multimodal Bi-LSTM
Source index: <Seq2Seq Index with 45 items>
Target index: <Seq2Seq Index with 34 items>
Encoder embedding dimension: 64
Descriptors dimension: 1136
Decoder embedding dimension: 128
Encoder hidden units: 64
Encoder layers: 3
Decoder hidden units: 128
Decoder layers: 3
Dropout: 0.1
Trainable parameters: 1,026,594

Training started
X_train.shape: torch.Size([3048, 649])
Y_train.shape: torch.Size([3048, 7])
X_dev.shape: torch.Size([541, 337])
Y_dev.shape: torch.Size([541, 7])
Epochs: 500
Learning rate: 0.001
Weight decay: 1e-05
Epoch | Train                 | Development           | Minutes
      | Loss     | Error Rate | Loss     | Error Rate |
---------------------------------------------------------------
    1 |   2.2453 |     61.226 |   1.6426 |     49.199 |     0.0
    2 |   1.4886 |     46.347 |   1.4373 |     46.981 |     0.0
    3 |   1.4047 |     46.205 |   1.3958 |     45.718 |     0.1
    4 |   1.3724 |     45.833 |   1.3677 |     45.441 |     0.1
    5 |   1.3434 |     45.379 |   1.3485 |     45.872 |     0.1
    6 |   1.3254 |     45.172 |   1.3262 |     45.903 |     0.1
    7 |   1.3014 |     44.472 |   1.3006 |     44.640 |     0.2
    8 |   1.2659 |     43.154 |   1.2620 |     43.500 |     0.2
    9 |   1.2413 |     42.175 |   1.2549 |     42.514 |     0.2
   10 |   1.2120 |     41.535 |   1.2542 |     43.346 |     0.2
   11 |   1.1914 |     40.770 |   1.2122 |     41.682 |     0.3
   12 |   1.1567 |     39.244 |   1.1818 |     39.279 |     0.3
   13 |   1.1226 |     38.019 |   1.1527 |     38.016 |     0.3
   14 |   1.0905 |     37.254 |   1.1360 |     38.016 |     0.3
   15 |   1.0568 |     36.275 |   1.0985 |     37.246 |     0.4
   16 |   1.0266 |     35.499 |   1.0913 |     36.722 |     0.4
   17 |   0.9975 |     33.968 |   1.0767 |     35.921 |     0.4
   18 |   0.9612 |     32.568 |   1.0429 |     34.535 |     0.4
   19 |   0.9211 |     31.600 |   1.0376 |     34.011 |     0.5
   20 |   0.9043 |     30.512 |   1.0069 |     32.810 |     0.5
   21 |   0.8712 |     29.451 |   1.0360 |     32.625 |     0.5
   22 |   0.8364 |     28.500 |   1.0048 |     32.625 |     0.5
   23 |   0.8038 |     27.122 |   0.9994 |     32.255 |     0.6
   24 |   0.7641 |     25.755 |   0.9719 |     30.376 |     0.6
   25 |   0.7472 |     24.869 |   0.9751 |     30.869 |     0.6
   26 |   0.7213 |     24.344 |   0.9592 |     30.099 |     0.6
   27 |   0.6919 |     22.955 |   0.9358 |     29.575 |     0.7
   28 |   0.6635 |     22.195 |   0.9386 |     28.959 |     0.7
   29 |   0.6402 |     21.358 |   0.9391 |     29.421 |     0.7
   30 |   0.6232 |     20.609 |   0.9502 |     29.791 |     0.7
   31 |   0.6039 |     20.161 |   0.9316 |     28.497 |     0.8
   32 |   0.5810 |     19.313 |   0.9277 |     28.527 |     0.8
   33 |   0.5601 |     18.706 |   0.9382 |     28.373 |     0.8
   34 |   0.5426 |     18.400 |   0.9409 |     28.343 |     0.8
   35 |   0.5196 |     17.454 |   0.9472 |     27.850 |     0.9
   36 |   0.5112 |     16.967 |   0.9476 |     27.850 |     0.9
Early stopping

Model: Seq2Seq Multimodal Bi-LSTM
Source index: <Seq2Seq Index with 45 items>
Target index: <Seq2Seq Index with 34 items>
Encoder embedding dimension: 128
Descriptors dimension: 1136
Decoder embedding dimension: 128
Encoder hidden units: 64
Encoder layers: 4
Decoder hidden units: 128
Decoder layers: 4
Dropout: 0.2
Trainable parameters: 1,427,874

Training started
X_train.shape: torch.Size([3048, 649])
Y_train.shape: torch.Size([3048, 7])
X_dev.shape: torch.Size([541, 337])
Y_dev.shape: torch.Size([541, 7])
Epochs: 500
Learning rate: 0.001
Weight decay: 1e-05
Epoch | Train                 | Development           | Minutes
      | Loss     | Error Rate | Loss     | Error Rate |
---------------------------------------------------------------
    1 |   2.2590 |     62.139 |   1.6754 |     47.012 |     0.0
    2 |   1.5125 |     46.380 |   1.4526 |     46.919 |     0.1
    3 |   1.4234 |     46.342 |   1.4226 |     46.919 |     0.1
    4 |   1.4047 |     46.194 |   1.4239 |     47.043 |     0.1
    5 |   1.4023 |     46.216 |   1.4087 |     46.919 |     0.2
    6 |   1.3945 |     46.227 |   1.4073 |     46.919 |     0.2
    7 |   1.3907 |     46.254 |   1.4030 |     46.919 |     0.2
    8 |   1.3886 |     46.189 |   1.4052 |     46.919 |     0.3
    9 |   1.3797 |     45.811 |   1.3839 |     45.933 |     0.3
   10 |   1.3609 |     44.958 |   1.3684 |     45.779 |     0.4
   11 |   1.3456 |     44.778 |   1.3443 |     44.978 |     0.4
   12 |   1.3304 |     44.390 |   1.3330 |     44.640 |     0.4
   13 |   1.3199 |     44.094 |   1.3165 |     44.270 |     0.5
   14 |   1.3041 |     43.920 |   1.3111 |     43.993 |     0.5
   15 |   1.2895 |     43.559 |   1.2951 |     44.023 |     0.5
   16 |   1.2788 |     43.241 |   1.2883 |     42.945 |     0.6
   17 |   1.2698 |     42.952 |   1.2780 |     42.699 |     0.6
   18 |   1.2574 |     42.580 |   1.2744 |     42.360 |     0.6
   19 |   1.2479 |     42.044 |   1.2770 |     41.744 |     0.7
   20 |   1.2390 |     41.798 |   1.2604 |     41.620 |     0.7
   21 |   1.2207 |     41.273 |   1.2575 |     41.528 |     0.7
   22 |   1.2084 |     41.065 |   1.2447 |     41.158 |     0.8
   23 |   1.1965 |     40.704 |   1.2425 |     40.481 |     0.8
   24 |   1.1782 |     39.824 |   1.2343 |     40.881 |     0.8
   25 |   1.1659 |     39.496 |   1.2200 |     41.466 |     0.9
   26 |   1.1568 |     39.436 |   1.2207 |     40.388 |     0.9
   27 |   1.1399 |     38.594 |   1.1902 |     38.971 |     0.9
   28 |   1.1140 |     37.844 |   1.1927 |     39.433 |     1.0
   29 |   1.0941 |     37.549 |   1.1773 |     38.232 |     1.0
   30 |   1.0854 |     37.199 |   1.1808 |     38.848 |     1.0
   31 |   1.0809 |     36.964 |   1.1590 |     38.663 |     1.1
   32 |   1.0493 |     35.614 |   1.1349 |     37.893 |     1.1
   33 |   1.0300 |     35.149 |   1.1456 |     37.369 |     1.1
   34 |   1.0127 |     34.350 |   1.1330 |     37.523 |     1.2
   35 |   0.9929 |     33.918 |   1.1130 |     36.784 |     1.2
   36 |   0.9822 |     33.366 |   1.1069 |     36.506 |     1.3
   37 |   0.9665 |     33.049 |   1.1021 |     35.798 |     1.3
   38 |   0.9503 |     32.371 |   1.0921 |     35.613 |     1.3
   39 |   0.9363 |     32.125 |   1.0935 |     35.120 |     1.4
   40 |   0.9187 |     31.420 |   1.0735 |     35.490 |     1.4
   41 |   0.9208 |     31.540 |   1.0686 |     35.367 |     1.4
   42 |   0.8939 |     30.501 |   1.0637 |     35.089 |     1.5
   43 |   0.8790 |     30.047 |   1.0500 |     34.227 |     1.5
   44 |   0.8590 |     29.495 |   1.0496 |     33.672 |     1.5
   45 |   0.8462 |     28.964 |   1.0579 |     34.134 |     1.6
   46 |   0.8252 |     28.150 |   1.0435 |     33.056 |     1.6
   47 |   0.8203 |     27.603 |   1.0272 |     32.594 |     1.6
   48 |   0.7981 |     26.897 |   1.0569 |     33.426 |     1.7
   49 |   0.7806 |     26.465 |   1.0386 |     32.409 |     1.7
   50 |   0.7602 |     25.946 |   1.0525 |     33.426 |     1.7
   51 |   0.7492 |     25.366 |   1.0471 |     32.532 |     1.8
Early stopping

Model: Seq2Seq Multimodal Bi-LSTM
Source index: <Seq2Seq Index with 45 items>
Target index: <Seq2Seq Index with 34 items>
Encoder embedding dimension: 64
Descriptors dimension: 1136
Decoder embedding dimension: 64
Encoder hidden units: 32
Encoder layers: 3
Decoder hidden units: 64
Decoder layers: 3
Dropout: 0.2
Trainable parameters: 325,314

Training started
X_train.shape: torch.Size([3048, 649])
Y_train.shape: torch.Size([3048, 7])
X_dev.shape: torch.Size([541, 337])
Y_dev.shape: torch.Size([541, 7])
Epochs: 500
Learning rate: 0.001
Weight decay: 1e-05
Epoch | Train                 | Development           | Minutes
      | Loss     | Error Rate | Loss     | Error Rate |
---------------------------------------------------------------
    1 |   2.6098 |     70.024 |   2.0596 |     58.965 |     0.0
    2 |   1.8062 |     51.225 |   1.6275 |     49.199 |     0.0
    3 |   1.5305 |     46.462 |   1.4832 |     46.919 |     0.1
    4 |   1.4494 |     46.194 |   1.4380 |     46.919 |     0.1
    5 |   1.4130 |     46.320 |   1.4092 |     46.642 |     0.1
    6 |   1.3884 |     45.992 |   1.3912 |     46.796 |     0.1
    7 |   1.3637 |     45.647 |   1.3580 |     45.163 |     0.1
    8 |   1.3444 |     45.139 |   1.3492 |     44.578 |     0.1
    9 |   1.3257 |     44.909 |   1.3327 |     45.009 |     0.2
   10 |   1.3111 |     44.395 |   1.3174 |     44.362 |     0.2
   11 |   1.2874 |     43.504 |   1.2950 |     43.161 |     0.2
   12 |   1.2580 |     42.257 |   1.2675 |     42.637 |     0.2
   13 |   1.2379 |     41.776 |   1.2521 |     42.545 |     0.2
   14 |   1.2137 |     41.060 |   1.2251 |     41.128 |     0.2
   15 |   1.1898 |     40.141 |   1.2187 |     41.867 |     0.3
   16 |   1.1753 |     39.764 |   1.1992 |     39.680 |     0.3
   17 |   1.1504 |     38.643 |   1.1841 |     39.957 |     0.3
   18 |   1.1287 |     38.282 |   1.1655 |     39.741 |     0.3
   19 |   1.1137 |     38.003 |   1.1523 |     39.341 |     0.3
   20 |   1.0899 |     37.073 |   1.1426 |     38.386 |     0.3
   21 |   1.0737 |     36.390 |   1.1543 |     38.478 |     0.4
   22 |   1.0519 |     35.827 |   1.1308 |     38.786 |     0.4
   23 |   1.0309 |     35.056 |   1.1149 |     37.708 |     0.4
   24 |   1.0125 |     34.208 |   1.0929 |     37.184 |     0.4
   25 |   0.9964 |     33.738 |   1.0949 |     36.815 |     0.4
   26 |   0.9711 |     32.535 |   1.0898 |     36.876 |     0.4
   27 |   0.9516 |     32.267 |   1.0702 |     35.829 |     0.5
   28 |   0.9386 |     31.720 |   1.0752 |     35.459 |     0.5
   29 |   0.9188 |     30.769 |   1.0608 |     35.182 |     0.5
   30 |   0.9022 |     30.424 |   1.0686 |     35.028 |     0.5
   31 |   0.8872 |     29.506 |   1.0569 |     34.596 |     0.5
   32 |   0.8730 |     29.347 |   1.0542 |     33.672 |     0.5
   33 |   0.8579 |     28.713 |   1.0397 |     33.734 |     0.6
   34 |   0.8450 |     28.456 |   1.0442 |     34.412 |     0.6
   35 |   0.8245 |     27.679 |   1.0380 |     34.042 |     0.6
   36 |   0.8175 |     27.444 |   1.0298 |     33.272 |     0.6
   37 |   0.7948 |     26.662 |   1.0336 |     32.871 |     0.6
   38 |   0.7811 |     25.979 |   1.0268 |     32.810 |     0.6
   39 |   0.7619 |     25.361 |   1.0366 |     32.625 |     0.7
   40 |   0.7538 |     25.126 |   1.0359 |     32.717 |     0.7
   41 |   0.7472 |     24.820 |   1.0175 |     31.824 |     0.7
   42 |   0.7290 |     24.191 |   1.0177 |     32.193 |     0.7
   43 |   0.7309 |     24.163 |   1.0147 |     32.009 |     0.7
   44 |   0.7070 |     23.567 |   0.9957 |     31.054 |     0.7
   45 |   0.6967 |     23.201 |   1.0156 |     31.362 |     0.8
   46 |   0.6850 |     22.960 |   1.0039 |     31.454 |     0.8
   47 |   0.6767 |     22.244 |   0.9930 |     31.054 |     0.8
   48 |   0.6588 |     21.829 |   1.0217 |     30.622 |     0.8
   49 |   0.6670 |     22.069 |   1.0235 |     30.900 |     0.8
   50 |   0.6509 |     21.544 |   1.0061 |     30.437 |     0.8
   51 |   0.6400 |     21.233 |   0.9969 |     30.253 |     0.9
Early stopping

Model: Seq2Seq Multimodal Bi-LSTM
Source index: <Seq2Seq Index with 45 items>
Target index: <Seq2Seq Index with 34 items>
Encoder embedding dimension: 64
Descriptors dimension: 1136
Decoder embedding dimension: 64
Encoder hidden units: 32
Encoder layers: 3
Decoder hidden units: 128
Decoder layers: 4
Dropout: 0.0
Trainable parameters: 747,842

Training started
X_train.shape: torch.Size([3048, 649])
Y_train.shape: torch.Size([3048, 7])
X_dev.shape: torch.Size([541, 337])
Y_dev.shape: torch.Size([541, 7])
Epochs: 500
Learning rate: 0.001
Weight decay: 0.0001
Epoch | Train                 | Development           | Minutes
      | Loss     | Error Rate | Loss     | Error Rate |
---------------------------------------------------------------
    1 |   2.3123 |     61.045 |   1.7230 |     49.199 |     0.0
    2 |   1.5192 |     46.768 |   1.4540 |     46.950 |     0.0
    3 |   1.4140 |     46.243 |   1.4107 |     46.919 |     0.0
    4 |   1.3907 |     46.276 |   1.3881 |     46.087 |     0.1
    5 |   1.3592 |     45.533 |   1.3621 |     45.656 |     0.1
    6 |   1.3360 |     44.964 |   1.3432 |     45.872 |     0.1
    7 |   1.3085 |     44.800 |   1.3231 |     44.855 |     0.1
    8 |   1.2842 |     43.865 |   1.2865 |     43.715 |     0.1
    9 |   1.2414 |     42.022 |   1.2654 |     41.929 |     0.1
   10 |   1.2036 |     40.923 |   1.2215 |     41.282 |     0.2
   11 |   1.1723 |     40.420 |   1.2016 |     39.710 |     0.2
   12 |   1.1393 |     39.108 |   1.1870 |     39.526 |     0.2
   13 |   1.1100 |     37.998 |   1.1744 |     39.310 |     0.2
   14 |   1.0803 |     36.811 |   1.1633 |     38.478 |     0.2
   15 |   1.0384 |     35.559 |   1.1219 |     36.722 |     0.2
   16 |   1.0062 |     33.907 |   1.1003 |     35.644 |     0.3
   17 |   0.9680 |     32.644 |   1.0877 |     35.028 |     0.3
   18 |   0.9320 |     31.168 |   1.0647 |     34.781 |     0.3
   19 |   0.8830 |     29.588 |   1.0507 |     32.964 |     0.3
   20 |   0.8578 |     28.587 |   1.0823 |     34.042 |     0.3
   21 |   0.8333 |     27.548 |   1.0286 |     32.933 |     0.3
   22 |   0.7954 |     26.296 |   1.0287 |     32.378 |     0.3
   23 |   0.7724 |     25.328 |   1.0379 |     32.871 |     0.4
   24 |   0.7383 |     24.224 |   1.0203 |     31.824 |     0.4
   25 |   0.7084 |     23.206 |   1.0148 |     31.916 |     0.4
   26 |   0.6763 |     21.796 |   1.0184 |     30.869 |     0.4
   27 |   0.6684 |     21.905 |   1.0136 |     31.084 |     0.4
   28 |   0.6268 |     20.374 |   1.0051 |     30.530 |     0.4
   29 |   0.5979 |     19.259 |   1.0369 |     31.023 |     0.5
   30 |   0.5856 |     18.832 |   1.0323 |     30.684 |     0.5
   31 |   0.5636 |     18.307 |   1.0407 |     30.345 |     0.5
   32 |   0.5475 |     17.662 |   1.0278 |     30.561 |     0.5
Early stopping

Model: Seq2Seq Multimodal Bi-LSTM
Source index: <Seq2Seq Index with 45 items>
Target index: <Seq2Seq Index with 34 items>
Encoder embedding dimension: 64
Descriptors dimension: 1136
Decoder embedding dimension: 128
Encoder hidden units: 128
Encoder layers: 2
Decoder hidden units: 128
Decoder layers: 4
Dropout: 0.2
Trainable parameters: 1,621,602

Training started
X_train.shape: torch.Size([3048, 649])
Y_train.shape: torch.Size([3048, 7])
X_dev.shape: torch.Size([541, 337])
Y_dev.shape: torch.Size([541, 7])
Epochs: 500
Learning rate: 0.001
Weight decay: 1e-05
Epoch | Train                 | Development           | Minutes
      | Loss     | Error Rate | Loss     | Error Rate |
---------------------------------------------------------------
    1 |   2.2610 |     61.882 |   1.6337 |     49.199 |     0.0
    2 |   1.4870 |     46.418 |   1.4404 |     46.919 |     0.1
    3 |   1.4173 |     46.342 |   1.4226 |     46.827 |     0.1
    4 |   1.4015 |     46.145 |   1.4164 |     46.919 |     0.2
    5 |   1.3966 |     46.222 |   1.4057 |     46.919 |     0.2
    6 |   1.3937 |     46.183 |   1.4072 |     46.919 |     0.2
    7 |   1.3909 |     46.074 |   1.3943 |     46.734 |     0.3
    8 |   1.3792 |     45.440 |   1.3790 |     46.026 |     0.3
    9 |   1.3557 |     44.811 |   1.3548 |     45.317 |     0.3
   10 |   1.3412 |     44.773 |   1.3470 |     45.009 |     0.4
   11 |   1.3290 |     44.543 |   1.3384 |     44.886 |     0.4
   12 |   1.3226 |     44.324 |   1.3232 |     44.270 |     0.5
   13 |   1.3094 |     43.963 |   1.3217 |     43.900 |     0.5
   14 |   1.2963 |     43.515 |   1.3098 |     43.746 |     0.5
   15 |   1.2873 |     43.356 |   1.2886 |     42.668 |     0.6
   16 |   1.2794 |     43.149 |   1.2839 |     41.929 |     0.6
   17 |   1.2652 |     42.580 |   1.2793 |     42.083 |     0.6
   18 |   1.2533 |     42.345 |   1.2768 |     41.867 |     0.7
   19 |   1.2435 |     42.006 |   1.2595 |     41.559 |     0.7
   20 |   1.2354 |     41.995 |   1.2506 |     41.374 |     0.8
   21 |   1.2272 |     41.825 |   1.2466 |     40.789 |     0.8
   22 |   1.2078 |     41.098 |   1.2394 |     40.604 |     0.8
   23 |   1.1986 |     40.923 |   1.2144 |     40.049 |     0.9
   24 |   1.1891 |     40.726 |   1.2164 |     39.464 |     0.9
   25 |   1.1722 |     40.108 |   1.2151 |     40.542 |     1.0
   26 |   1.1579 |     39.228 |   1.2181 |     40.696 |     1.0
   27 |   1.1517 |     39.376 |   1.1915 |     38.632 |     1.0
   28 |   1.1383 |     39.058 |   1.2014 |     39.187 |     1.1
   29 |   1.1266 |     38.435 |   1.1985 |     39.187 |     1.1
   30 |   1.1237 |     38.123 |   1.2023 |     38.940 |     1.1
   31 |   1.1064 |     37.877 |   1.1879 |     38.632 |     1.2
   32 |   1.0939 |     37.281 |   1.2005 |     38.817 |     1.2
   33 |   1.0963 |     37.418 |   1.1865 |     39.063 |     1.3
   34 |   1.0741 |     36.395 |   1.1796 |     38.355 |     1.3
   35 |   1.0630 |     36.259 |   1.1872 |     38.879 |     1.3
   36 |   1.0526 |     35.974 |   1.1734 |     37.831 |     1.4
   37 |   1.0431 |     35.444 |   1.1744 |     37.739 |     1.4
   38 |   1.0320 |     35.313 |   1.1950 |     38.386 |     1.5
   39 |   1.0290 |     35.313 |   1.1572 |     36.537 |     1.5
   40 |   1.0043 |     34.482 |   1.1539 |     36.537 |     1.5
   41 |   1.0065 |     34.296 |   1.1395 |     36.291 |     1.6
   42 |   0.9935 |     33.902 |   1.1381 |     36.876 |     1.6
   43 |   0.9916 |     34.011 |   1.1370 |     36.106 |     1.6
   44 |   0.9680 |     33.191 |   1.1469 |     36.661 |     1.7
   45 |   0.9627 |     33.350 |   1.1272 |     35.644 |     1.7
   46 |   0.9422 |     32.546 |   1.1431 |     35.860 |     1.8
   47 |   0.9311 |     31.944 |   1.1276 |     35.243 |     1.8
   48 |   0.9264 |     31.666 |   1.1264 |     35.459 |     1.8
   49 |   0.9151 |     31.403 |   1.1432 |     35.890 |     1.9
   50 |   0.9034 |     31.053 |   1.1257 |     34.843 |     1.9
   51 |   0.8886 |     30.484 |   1.1010 |     34.904 |     2.0
   52 |   0.8916 |     30.638 |   1.1128 |     34.935 |     2.0
   53 |   0.8781 |     30.238 |   1.1316 |     36.229 |     2.0
   54 |   0.8700 |     29.899 |   1.1236 |     35.428 |     2.1
   55 |   0.8583 |     29.703 |   1.1243 |     35.921 |     2.1
Early stopping

Model: Seq2Seq Multimodal Bi-LSTM
Source index: <Seq2Seq Index with 45 items>
Target index: <Seq2Seq Index with 34 items>
Encoder embedding dimension: 128
Descriptors dimension: 1136
Decoder embedding dimension: 128
Encoder hidden units: 64
Encoder layers: 3
Decoder hidden units: 64
Decoder layers: 2
Dropout: 0.0
Trainable parameters: 697,570

Training started
X_train.shape: torch.Size([3048, 649])
Y_train.shape: torch.Size([3048, 7])
X_dev.shape: torch.Size([541, 337])
Y_dev.shape: torch.Size([541, 7])
Epochs: 500
Learning rate: 0.001
Weight decay: 1e-05
Epoch | Train                 | Development           | Minutes
      | Loss     | Error Rate | Loss     | Error Rate |
---------------------------------------------------------------
    1 |   2.3861 |     61.975 |   1.8347 |     49.723 |     0.0
    2 |   1.6047 |     47.178 |   1.4815 |     46.765 |     0.0
    3 |   1.4149 |     45.719 |   1.3941 |     45.841 |     0.1
    4 |   1.3473 |     44.018 |   1.3431 |     43.869 |     0.1
    5 |   1.2907 |     42.383 |   1.2964 |     42.730 |     0.1
    6 |   1.2488 |     41.289 |   1.2452 |     40.203 |     0.1
    7 |   1.2028 |     39.961 |   1.2093 |     40.327 |     0.2
    8 |   1.1653 |     39.080 |   1.1921 |     39.988 |     0.2
    9 |   1.1276 |     37.697 |   1.1591 |     37.924 |     0.2
   10 |   1.0927 |     36.324 |   1.1304 |     37.092 |     0.2
   11 |   1.0500 |     34.493 |   1.1077 |     35.582 |     0.3
   12 |   1.0090 |     32.967 |   1.0846 |     34.412 |     0.3
   13 |   0.9739 |     31.824 |   1.0627 |     33.611 |     0.3
   14 |   0.9281 |     30.047 |   1.0416 |     32.902 |     0.3
   15 |   0.8894 |     28.303 |   1.0250 |     32.193 |     0.4
   16 |   0.8676 |     28.051 |   1.0070 |     31.885 |     0.4
   17 |   0.8196 |     25.973 |   1.0145 |     31.639 |     0.4
   18 |   0.7939 |     25.273 |   0.9892 |     31.362 |     0.4
   19 |   0.7570 |     24.273 |   0.9733 |     30.530 |     0.5
   20 |   0.7186 |     22.851 |   0.9649 |     29.821 |     0.5
   21 |   0.6956 |     22.102 |   0.9715 |     30.068 |     0.5
   22 |   0.6895 |     21.954 |   0.9671 |     29.113 |     0.5
   23 |   0.6585 |     21.079 |   0.9521 |     29.328 |     0.6
   24 |   0.6197 |     19.472 |   0.9424 |     28.712 |     0.6
   25 |   0.5978 |     18.941 |   0.9483 |     28.620 |     0.6
   26 |   0.5812 |     18.695 |   0.9563 |     29.729 |     0.6
   27 |   0.5677 |     17.897 |   0.9820 |     29.482 |     0.7
   28 |   0.5435 |     17.427 |   0.9715 |     28.928 |     0.7
   29 |   0.5168 |     16.322 |   0.9407 |     28.281 |     0.7
   30 |   0.4978 |     15.797 |   0.9600 |     27.388 |     0.7
   31 |   0.4943 |     15.890 |   0.9920 |     29.051 |     0.8
   32 |   0.4767 |     15.436 |   0.9594 |     28.373 |     0.8
   33 |   0.4657 |     14.928 |   0.9680 |     28.774 |     0.8
Early stopping

Model: Seq2Seq Multimodal Bi-LSTM
Source index: <Seq2Seq Index with 45 items>
Target index: <Seq2Seq Index with 34 items>
Encoder embedding dimension: 64
Descriptors dimension: 1136
Decoder embedding dimension: 128
Encoder hidden units: 128
Encoder layers: 3
Decoder hidden units: 64
Decoder layers: 4
Dropout: 0.0
Trainable parameters: 1,830,498

Training started
X_train.shape: torch.Size([3048, 649])
Y_train.shape: torch.Size([3048, 7])
X_dev.shape: torch.Size([541, 337])
Y_dev.shape: torch.Size([541, 7])
Epochs: 500
Learning rate: 0.001
Weight decay: 0.0001
Epoch | Train                 | Development           | Minutes
      | Loss     | Error Rate | Loss     | Error Rate |
---------------------------------------------------------------
    1 |   2.5847 |     69.494 |   2.0172 |     58.010 |     0.1
    2 |   1.7655 |     49.399 |   1.6028 |     46.919 |     0.1
    3 |   1.5110 |     46.194 |   1.4732 |     46.950 |     0.2
    4 |   1.4408 |     46.265 |   1.4379 |     46.919 |     0.2
    5 |   1.4164 |     46.216 |   1.4190 |     46.919 |     0.3
    6 |   1.4024 |     46.216 |   1.4137 |     46.919 |     0.3
    7 |   1.3949 |     46.112 |   1.4114 |     46.888 |     0.4
    8 |   1.3909 |     46.096 |   1.4001 |     46.858 |     0.4
    9 |   1.3805 |     45.877 |   1.3916 |     46.950 |     0.5
   10 |   1.3738 |     45.872 |   1.3766 |     46.796 |     0.5
   11 |   1.3537 |     45.166 |   1.3495 |     45.379 |     0.6
   12 |   1.3246 |     44.614 |   1.3341 |     44.978 |     0.6
   13 |   1.3017 |     44.171 |   1.2979 |     44.177 |     0.7
   14 |   1.2752 |     43.460 |   1.2863 |     44.701 |     0.7
   15 |   1.2653 |     43.438 |   1.2794 |     43.654 |     0.8
   16 |   1.2630 |     43.143 |   1.2775 |     43.007 |     0.8
   17 |   1.2506 |     42.826 |   1.2775 |     44.054 |     0.9
   18 |   1.2277 |     42.131 |   1.2484 |     42.298 |     1.0
   19 |   1.2230 |     42.148 |   1.2494 |     42.884 |     1.0
   20 |   1.2205 |     42.339 |   1.2402 |     42.668 |     1.1
   21 |   1.1992 |     41.524 |   1.2266 |     42.113 |     1.1
   22 |   1.1874 |     41.120 |   1.1992 |     41.774 |     1.2
   23 |   1.1727 |     40.529 |   1.1983 |     41.189 |     1.2
   24 |   1.1670 |     40.136 |   1.1942 |     40.542 |     1.3
   25 |   1.1474 |     39.797 |   1.1972 |     40.265 |     1.3
   26 |   1.1456 |     39.408 |   1.1738 |     39.495 |     1.4
   27 |   1.1409 |     39.080 |   1.2127 |     40.481 |     1.4
   28 |   1.1414 |     39.157 |   1.1818 |     39.618 |     1.5
   29 |   1.1252 |     38.845 |   1.1538 |     38.755 |     1.5
   30 |   1.1034 |     38.200 |   1.1585 |     38.817 |     1.6
   31 |   1.0957 |     37.571 |   1.1515 |     38.478 |     1.6
   32 |   1.0865 |     37.369 |   1.1420 |     38.078 |     1.7
   33 |   1.0833 |     37.068 |   1.1527 |     38.909 |     1.8
   34 |   1.1096 |     37.883 |   1.1291 |     38.078 |     1.8
   35 |   1.0997 |     37.380 |   1.1392 |     37.431 |     1.9
   36 |   1.0714 |     36.647 |   1.1319 |     37.677 |     1.9
   37 |   1.0657 |     36.210 |   1.1228 |     37.646 |     2.0
   38 |   1.0469 |     35.548 |   1.1102 |     37.277 |     2.0
   39 |   1.0366 |     35.291 |   1.0905 |     36.506 |     2.1
   40 |   1.0203 |     34.733 |   1.0940 |     36.476 |     2.1
   41 |   1.0192 |     34.870 |   1.0803 |     36.352 |     2.2
   42 |   1.0068 |     34.460 |   1.0709 |     35.860 |     2.2
   43 |   0.9934 |     33.711 |   1.0771 |     36.014 |     2.3
   44 |   0.9751 |     33.169 |   1.0675 |     35.736 |     2.3
   45 |   0.9661 |     33.044 |   1.0619 |     35.213 |     2.4
   46 |   0.9572 |     32.513 |   1.0436 |     34.720 |     2.4
   47 |   0.9538 |     32.273 |   1.0581 |     35.182 |     2.5
   48 |   0.9407 |     31.813 |   1.0377 |     34.566 |     2.5
   49 |   0.9287 |     31.502 |   1.0444 |     35.243 |     2.6
   50 |   0.9162 |     30.829 |   1.0410 |     34.658 |     2.7
   51 |   0.9027 |     30.807 |   1.0192 |     32.933 |     2.7
   52 |   0.8956 |     30.227 |   1.0088 |     33.333 |     2.8
   53 |   0.8836 |     30.184 |   1.0315 |     33.919 |     2.8
   54 |   0.8726 |     29.489 |   1.0093 |     33.087 |     2.9
   55 |   0.8679 |     29.659 |   0.9910 |     32.594 |     2.9
   56 |   0.8563 |     29.161 |   0.9941 |     32.132 |     3.0
   57 |   0.8473 |     28.549 |   1.0071 |     33.395 |     3.0
   58 |   0.8541 |     29.096 |   1.0301 |     33.549 |     3.1
   59 |   0.8535 |     28.762 |   1.0075 |     33.611 |     3.1
Early stopping

Model: Seq2Seq Multimodal Bi-LSTM
Source index: <Seq2Seq Index with 45 items>
Target index: <Seq2Seq Index with 34 items>
Encoder embedding dimension: 128
Descriptors dimension: 1136
Decoder embedding dimension: 128
Encoder hidden units: 64
Encoder layers: 3
Decoder hidden units: 64
Decoder layers: 2
Dropout: 0.0
Trainable parameters: 697,570

Training started
X_train.shape: torch.Size([3048, 649])
Y_train.shape: torch.Size([3048, 7])
X_dev.shape: torch.Size([541, 337])
Y_dev.shape: torch.Size([541, 7])
Epochs: 500
Learning rate: 0.001
Weight decay: 0.0001
Epoch | Train                 | Development           | Minutes
      | Loss     | Error Rate | Loss     | Error Rate |
---------------------------------------------------------------
    1 |   2.4684 |     63.905 |   1.9669 |     52.434 |     0.0
    2 |   1.7242 |     48.250 |   1.5639 |     47.166 |     0.0
    3 |   1.4765 |     45.817 |   1.4483 |     46.888 |     0.1
    4 |   1.3971 |     45.199 |   1.3842 |     45.441 |     0.1
    5 |   1.3388 |     43.247 |   1.3354 |     43.777 |     0.1
    6 |   1.2819 |     41.869 |   1.2775 |     41.682 |     0.1
    7 |   1.2295 |     40.808 |   1.2424 |     41.189 |     0.2
    8 |   1.1872 |     39.299 |   1.2002 |     39.834 |     0.2
    9 |   1.1508 |     38.298 |   1.1764 |     39.372 |     0.2
   10 |   1.1098 |     36.707 |   1.1494 |     37.954 |     0.2
   11 |   1.0741 |     35.357 |   1.1311 |     36.414 |     0.3
   12 |   1.0393 |     33.951 |   1.1153 |     36.938 |     0.3
   13 |   1.0032 |     32.721 |   1.0697 |     34.319 |     0.3
   14 |   0.9633 |     31.031 |   1.0637 |     34.720 |     0.3
   15 |   0.9419 |     30.337 |   1.0371 |     33.241 |     0.4
   16 |   0.8947 |     28.751 |   1.0152 |     32.563 |     0.4
   17 |   0.8649 |     27.663 |   1.0271 |     33.333 |     0.4
   18 |   0.8359 |     26.925 |   0.9965 |     31.577 |     0.4
   19 |   0.8065 |     26.280 |   0.9943 |     31.885 |     0.5
   20 |   0.7898 |     25.284 |   0.9714 |     31.146 |     0.5
   21 |   0.7552 |     24.021 |   0.9645 |     31.054 |     0.5
   22 |   0.7270 |     23.321 |   0.9590 |     30.591 |     0.5
   23 |   0.7012 |     22.545 |   0.9571 |     30.407 |     0.6
   24 |   0.6850 |     22.080 |   0.9719 |     30.037 |     0.6
   25 |   0.6587 |     20.965 |   0.9510 |     29.513 |     0.6
   26 |   0.6359 |     20.101 |   0.9410 |     29.667 |     0.6
   27 |   0.6204 |     19.909 |   0.9744 |     30.437 |     0.6
   28 |   0.5967 |     19.007 |   0.9685 |     29.144 |     0.7
   29 |   0.5913 |     18.679 |   0.9603 |     29.667 |     0.7
   30 |   0.5608 |     17.908 |   0.9504 |     28.558 |     0.7
Early stopping

Model: Seq2Seq Multimodal Bi-LSTM
Source index: <Seq2Seq Index with 45 items>
Target index: <Seq2Seq Index with 34 items>
Encoder embedding dimension: 64
Descriptors dimension: 1136
Decoder embedding dimension: 64
Encoder hidden units: 128
Encoder layers: 3
Decoder hidden units: 64
Decoder layers: 3
Dropout: 0.2
Trainable parameters: 1,778,658

Training started
X_train.shape: torch.Size([3048, 649])
Y_train.shape: torch.Size([3048, 7])
X_dev.shape: torch.Size([541, 337])
Y_dev.shape: torch.Size([541, 7])
Epochs: 500
Learning rate: 0.001
Weight decay: 0.0001
Epoch | Train                 | Development           | Minutes
      | Loss     | Error Rate | Loss     | Error Rate |
---------------------------------------------------------------
    1 |   2.5200 |     67.635 |   1.9771 |     58.965 |     0.1
    2 |   1.7437 |     49.557 |   1.5750 |     46.919 |     0.1
    3 |   1.4971 |     46.156 |   1.4682 |     46.827 |     0.2
    4 |   1.4385 |     46.413 |   1.4381 |     46.827 |     0.2
    5 |   1.4176 |     46.205 |   1.4248 |     46.919 |     0.3
    6 |   1.4069 |     46.271 |   1.4140 |     46.919 |     0.3
    7 |   1.3978 |     46.249 |   1.4053 |     46.919 |     0.4
    8 |   1.3925 |     46.282 |   1.3983 |     46.827 |     0.4
    9 |   1.3787 |     46.320 |   1.3858 |     47.012 |     0.5
   10 |   1.3666 |     45.899 |   1.3734 |     46.827 |     0.6
   11 |   1.3467 |     45.150 |   1.3703 |     46.057 |     0.6
   12 |   1.3370 |     44.581 |   1.3244 |     44.455 |     0.7
   13 |   1.3049 |     43.755 |   1.3042 |     43.715 |     0.7
   14 |   1.2857 |     43.395 |   1.2803 |     43.654 |     0.8
   15 |   1.2715 |     43.045 |   1.2764 |     43.284 |     0.8
   16 |   1.2596 |     42.848 |   1.2704 |     43.654 |     0.9
   17 |   1.2535 |     42.520 |   1.2529 |     43.315 |     1.0
   18 |   1.2368 |     41.978 |   1.2487 |     41.898 |     1.0
   19 |   1.2206 |     41.180 |   1.2251 |     41.282 |     1.1
   20 |   1.2021 |     40.557 |   1.2121 |     41.128 |     1.1
   21 |   1.1909 |     40.174 |   1.2034 |     40.635 |     1.2
   22 |   1.1859 |     39.961 |   1.1921 |     39.402 |     1.2
   23 |   1.1724 |     39.469 |   1.1881 |     39.495 |     1.3
   24 |   1.1559 |     39.222 |   1.1592 |     38.324 |     1.3
   25 |   1.1473 |     38.698 |   1.1618 |     38.786 |     1.4
   26 |   1.1325 |     38.287 |   1.1432 |     38.355 |     1.5
   27 |   1.1240 |     38.419 |   1.1375 |     37.831 |     1.5
   28 |   1.1072 |     37.680 |   1.1368 |     38.170 |     1.6
   29 |   1.0998 |     37.516 |   1.1202 |     37.924 |     1.6
   30 |   1.0826 |     36.778 |   1.1267 |     37.800 |     1.7
   31 |   1.0742 |     36.614 |   1.1130 |     37.400 |     1.7
   32 |   1.0638 |     36.292 |   1.1032 |     36.198 |     1.8
   33 |   1.0499 |     35.794 |   1.0936 |     35.890 |     1.8
   34 |   1.0408 |     35.559 |   1.0954 |     35.798 |     1.9
   35 |   1.0254 |     34.711 |   1.0899 |     36.014 |     2.0
   36 |   1.0226 |     34.596 |   1.0723 |     35.028 |     2.0
   37 |   1.0168 |     34.230 |   1.0755 |     35.952 |     2.1
   38 |   1.0127 |     34.279 |   1.0571 |     34.843 |     2.1
   39 |   0.9968 |     33.590 |   1.0577 |     34.381 |     2.2
   40 |   0.9885 |     33.700 |   1.0578 |     35.151 |     2.3
   41 |   0.9773 |     33.186 |   1.0599 |     35.151 |     2.3
   42 |   0.9771 |     33.142 |   1.0536 |     34.781 |     2.4
   43 |   0.9716 |     32.688 |   1.0277 |     34.319 |     2.4
   44 |   0.9583 |     32.431 |   1.0289 |     33.734 |     2.5
   45 |   0.9400 |     31.851 |   1.0416 |     34.350 |     2.5
   46 |   0.9320 |     31.731 |   1.0446 |     34.011 |     2.6
   47 |   0.9233 |     31.009 |   1.0194 |     33.087 |     2.6
   48 |   0.9129 |     30.906 |   1.0246 |     33.980 |     2.7
   49 |   0.9192 |     30.971 |   1.0295 |     33.857 |     2.8
   50 |   0.9090 |     30.829 |   1.0280 |     33.857 |     2.8
   51 |   0.8985 |     30.222 |   1.0120 |     33.826 |     2.9
   52 |   0.8980 |     30.315 |   1.0085 |     33.025 |     2.9
   53 |   0.8909 |     30.129 |   1.0219 |     33.210 |     3.0
   54 |   0.8900 |     30.381 |   1.0260 |     33.241 |     3.0
   55 |   0.8904 |     29.867 |   1.0137 |     33.148 |     3.1
   56 |   0.8754 |     29.905 |   1.0036 |     32.502 |     3.2
   57 |   0.8595 |     29.517 |   1.0104 |     32.810 |     3.2
   58 |   0.8501 |     28.510 |   0.9984 |     32.840 |     3.3
   59 |   0.8446 |     28.620 |   0.9951 |     32.779 |     3.3
   60 |   0.8429 |     28.773 |   0.9927 |     31.701 |     3.4
   61 |   0.8446 |     28.598 |   0.9964 |     32.563 |     3.4
   62 |   0.8290 |     27.931 |   0.9985 |     32.348 |     3.5
   63 |   0.8282 |     28.161 |   0.9828 |     31.978 |     3.5
   64 |   0.8194 |     27.761 |   0.9854 |     32.717 |     3.6
   65 |   0.8037 |     27.340 |   0.9796 |     32.039 |     3.7
   66 |   0.7999 |     27.313 |   0.9753 |     31.824 |     3.7
   67 |   0.7866 |     26.657 |   0.9797 |     32.193 |     3.8
   68 |   0.8116 |     27.400 |   0.9849 |     32.070 |     3.8
   69 |   0.7830 |     26.334 |   0.9857 |     31.608 |     3.9
   70 |   0.7840 |     26.821 |   0.9884 |     32.255 |     3.9
   71 |   0.7768 |     26.236 |   0.9669 |     31.331 |     4.0
   72 |   0.7737 |     26.214 |   0.9854 |     32.440 |     4.0
   73 |   0.7665 |     25.973 |   0.9757 |     31.824 |     4.1
   74 |   0.7683 |     26.170 |   0.9790 |     31.362 |     4.2
   75 |   0.7585 |     25.875 |   0.9896 |     31.577 |     4.2
Early stopping

Model: Seq2Seq Multimodal Bi-LSTM
Source index: <Seq2Seq Index with 45 items>
Target index: <Seq2Seq Index with 34 items>
Encoder embedding dimension: 64
Descriptors dimension: 1136
Decoder embedding dimension: 128
Encoder hidden units: 128
Encoder layers: 3
Decoder hidden units: 128
Decoder layers: 4
Dropout: 0.0
Trainable parameters: 2,309,858

Training started
X_train.shape: torch.Size([3048, 649])
Y_train.shape: torch.Size([3048, 7])
X_dev.shape: torch.Size([541, 337])
Y_dev.shape: torch.Size([541, 7])
Epochs: 500
Learning rate: 0.001
Weight decay: 1e-05
Epoch | Train                 | Development           | Minutes
      | Loss     | Error Rate | Loss     | Error Rate |
---------------------------------------------------------------
    1 |   2.2622 |     61.144 |   1.6886 |     49.199 |     0.1
    2 |   1.5066 |     46.402 |   1.4558 |     46.827 |     0.1
    3 |   1.4205 |     46.320 |   1.4251 |     46.827 |     0.2
    4 |   1.4085 |     46.358 |   1.4118 |     46.919 |     0.2
    5 |   1.3986 |     46.320 |   1.4033 |     46.919 |     0.3
    6 |   1.3902 |     45.937 |   1.3962 |     45.564 |     0.3
    7 |   1.3692 |     45.035 |   1.3705 |     46.026 |     0.4
    8 |   1.3456 |     44.559 |   1.3555 |     44.701 |     0.4
    9 |   1.3338 |     44.483 |   1.3500 |     45.102 |     0.5
   10 |   1.3244 |     44.280 |   1.3340 |     44.978 |     0.5
   11 |   1.3196 |     44.007 |   1.3350 |     44.516 |     0.6
   12 |   1.3138 |     44.264 |   1.3215 |     44.578 |     0.7
   13 |   1.2996 |     43.559 |   1.3095 |     43.746 |     0.7
   14 |   1.2872 |     43.236 |   1.2985 |     43.315 |     0.8
   15 |   1.2718 |     42.848 |   1.2931 |     43.777 |     0.8
   16 |   1.2650 |     43.170 |   1.2833 |     42.760 |     0.9
   17 |   1.2560 |     42.793 |   1.2781 |     42.606 |     0.9
   18 |   1.2366 |     42.121 |   1.2680 |     43.007 |     1.0
   19 |   1.2350 |     42.077 |   1.2630 |     41.774 |     1.0
   20 |   1.2180 |     41.743 |   1.2604 |     42.452 |     1.1
   21 |   1.2063 |     41.442 |   1.2524 |     41.805 |     1.1
   22 |   1.1941 |     40.721 |   1.2277 |     40.789 |     1.2
   23 |   1.1822 |     40.365 |   1.2332 |     40.789 |     1.3
   24 |   1.1784 |     40.240 |   1.2225 |     40.327 |     1.3
   25 |   1.1598 |     39.250 |   1.2255 |     40.727 |     1.4
   26 |   1.1432 |     39.266 |   1.2058 |     39.680 |     1.4
   27 |   1.1303 |     38.435 |   1.2109 |     40.296 |     1.5
   28 |   1.1272 |     38.615 |   1.1842 |     39.033 |     1.5
   29 |   1.1079 |     37.801 |   1.1817 |     38.940 |     1.6
   30 |   1.0928 |     37.227 |   1.1947 |     38.971 |     1.6
   31 |   1.0810 |     37.024 |   1.1728 |     38.108 |     1.7
   32 |   1.0657 |     36.275 |   1.1646 |     38.571 |     1.7
   33 |   1.0509 |     35.685 |   1.1687 |     37.800 |     1.8
   34 |   1.0393 |     35.138 |   1.1868 |     38.632 |     1.8
   35 |   1.0449 |     35.827 |   1.1619 |     38.139 |     1.9
   36 |   1.0255 |     34.853 |   1.1679 |     38.355 |     2.0
   37 |   1.0154 |     34.793 |   1.1509 |     37.277 |     2.0
   38 |   1.0083 |     34.558 |   1.1346 |     36.691 |     2.1
   39 |   0.9953 |     33.946 |   1.1534 |     37.307 |     2.1
   40 |   0.9786 |     33.213 |   1.1423 |     37.246 |     2.2
   41 |   0.9598 |     32.814 |   1.1440 |     36.784 |     2.2
   42 |   0.9542 |     32.338 |   1.1312 |     36.352 |     2.3
   43 |   0.9432 |     32.234 |   1.1213 |     35.675 |     2.3
   44 |   0.9231 |     31.485 |   1.1412 |     37.554 |     2.4
   45 |   0.9234 |     31.365 |   1.1361 |     36.506 |     2.4
   46 |   0.9015 |     30.758 |   1.1361 |     36.322 |     2.5
   47 |   0.8909 |     30.566 |   1.1482 |     36.999 |     2.6
Early stopping

Model: Seq2Seq Multimodal Bi-LSTM
Source index: <Seq2Seq Index with 45 items>
Target index: <Seq2Seq Index with 34 items>
Encoder embedding dimension: 64
Descriptors dimension: 1136
Decoder embedding dimension: 64
Encoder hidden units: 128
Encoder layers: 3
Decoder hidden units: 128
Decoder layers: 4
Dropout: 0.1
Trainable parameters: 2,274,914

Training started
X_train.shape: torch.Size([3048, 649])
Y_train.shape: torch.Size([3048, 7])
X_dev.shape: torch.Size([541, 337])
Y_dev.shape: torch.Size([541, 7])
Epochs: 500
Learning rate: 0.001
Weight decay: 1e-05
Epoch | Train                 | Development           | Minutes
      | Loss     | Error Rate | Loss     | Error Rate |
---------------------------------------------------------------
    1 |   2.2575 |     61.538 |   1.6593 |     49.199 |     0.1
    2 |   1.5015 |     46.320 |   1.4472 |     46.827 |     0.1
    3 |   1.4173 |     46.484 |   1.4196 |     46.919 |     0.2
    4 |   1.4027 |     46.265 |   1.4110 |     46.919 |     0.2
    5 |   1.3955 |     46.172 |   1.4045 |     46.827 |     0.3
    6 |   1.3869 |     45.811 |   1.3865 |     46.026 |     0.3
    7 |   1.3665 |     44.800 |   1.3709 |     45.502 |     0.4
    8 |   1.3491 |     44.576 |   1.3572 |     45.225 |     0.5
    9 |   1.3393 |     44.434 |   1.3449 |     44.886 |     0.5
   10 |   1.3272 |     44.302 |   1.3392 |     45.132 |     0.6
   11 |   1.3119 |     44.073 |   1.3250 |     44.331 |     0.6
   12 |   1.3023 |     43.898 |   1.3155 |     44.023 |     0.7
   13 |   1.2900 |     43.619 |   1.2963 |     43.038 |     0.8
   14 |   1.2839 |     43.438 |   1.3082 |     44.331 |     0.8
   15 |   1.2770 |     43.209 |   1.2862 |     43.099 |     0.9
   16 |   1.2689 |     42.820 |   1.2812 |     42.822 |     0.9
   17 |   1.2622 |     42.656 |   1.2766 |     41.867 |     1.0
   18 |   1.2525 |     42.492 |   1.2644 |     41.282 |     1.0
   19 |   1.2378 |     42.208 |   1.2707 |     41.559 |     1.1
   20 |   1.2326 |     41.803 |   1.2799 |     41.559 |     1.2
   21 |   1.2228 |     41.705 |   1.2592 |     41.312 |     1.2
   22 |   1.2136 |     41.169 |   1.2471 |     40.881 |     1.3
   23 |   1.2031 |     41.076 |   1.2592 |     41.097 |     1.3
   24 |   1.1912 |     40.442 |   1.2425 |     40.419 |     1.4
   25 |   1.1758 |     40.010 |   1.2485 |     40.758 |     1.4
   26 |   1.1734 |     39.906 |   1.2447 |     41.097 |     1.5
   27 |   1.1556 |     39.518 |   1.2269 |     40.542 |     1.6
   28 |   1.1471 |     39.026 |   1.2241 |     40.604 |     1.6
   29 |   1.1420 |     39.097 |   1.2213 |     39.957 |     1.7
   30 |   1.1337 |     38.976 |   1.2066 |     39.864 |     1.7
   31 |   1.1161 |     38.244 |   1.2022 |     39.649 |     1.8
   32 |   1.1087 |     37.834 |   1.1967 |     39.464 |     1.8
   33 |   1.0951 |     37.369 |   1.1923 |     39.279 |     1.9
   34 |   1.0960 |     37.413 |   1.2036 |     39.402 |     2.0
   35 |   1.0888 |     37.270 |   1.1965 |     38.170 |     2.0
   36 |   1.0892 |     37.281 |   1.1839 |     37.800 |     2.1
   37 |   1.0613 |     36.231 |   1.1677 |     37.400 |     2.1
   38 |   1.0571 |     35.854 |   1.1746 |     38.478 |     2.2
   39 |   1.0531 |     35.854 |   1.1714 |     37.800 |     2.3
   40 |   1.0390 |     35.209 |   1.1559 |     37.862 |     2.3
   41 |   1.0409 |     35.537 |   1.1561 |     37.338 |     2.4
   42 |   1.0264 |     34.903 |   1.1677 |     37.646 |     2.4
   43 |   1.0155 |     34.755 |   1.1526 |     37.307 |     2.5
   44 |   1.0017 |     33.929 |   1.1559 |     37.400 |     2.5
   45 |   1.0045 |     34.564 |   1.1371 |     36.784 |     2.6
   46 |   0.9943 |     34.017 |   1.1403 |     37.184 |     2.7
   47 |   0.9783 |     33.065 |   1.1454 |     37.800 |     2.7
   48 |   0.9783 |     33.623 |   1.1648 |     37.307 |     2.8
   49 |   0.9583 |     32.759 |   1.1470 |     37.215 |     2.8
Early stopping

Model: Seq2Seq Multimodal Bi-LSTM
Source index: <Seq2Seq Index with 45 items>
Target index: <Seq2Seq Index with 34 items>
Encoder embedding dimension: 128
Descriptors dimension: 1136
Decoder embedding dimension: 64
Encoder hidden units: 64
Encoder layers: 3
Decoder hidden units: 128
Decoder layers: 4
Dropout: 0.0
Trainable parameters: 1,159,394

Training started
X_train.shape: torch.Size([3048, 649])
Y_train.shape: torch.Size([3048, 7])
X_dev.shape: torch.Size([541, 337])
Y_dev.shape: torch.Size([541, 7])
Epochs: 500
Learning rate: 0.001
Weight decay: 1e-05
Epoch | Train                 | Development           | Minutes
      | Loss     | Error Rate | Loss     | Error Rate |
---------------------------------------------------------------
    1 |   2.2661 |     61.855 |   1.6603 |     46.919 |     0.0
    2 |   1.4952 |     46.194 |   1.4499 |     46.981 |     0.1
    3 |   1.4153 |     46.265 |   1.4169 |     46.919 |     0.1
    4 |   1.3963 |     46.178 |   1.4015 |     46.457 |     0.1
    5 |   1.3740 |     45.609 |   1.3754 |     45.317 |     0.1
    6 |   1.3409 |     44.417 |   1.3501 |     45.194 |     0.2
    7 |   1.3130 |     43.827 |   1.3257 |     44.054 |     0.2
    8 |   1.2950 |     43.553 |   1.3025 |     43.962 |     0.2
    9 |   1.2721 |     42.766 |   1.2979 |     43.500 |     0.2
   10 |   1.2589 |     42.323 |   1.2947 |     43.346 |     0.3
   11 |   1.2368 |     41.563 |   1.2646 |     42.083 |     0.3
   12 |   1.2151 |     41.109 |   1.2387 |     42.052 |     0.3
   13 |   1.1964 |     40.551 |   1.2314 |     40.789 |     0.3
   14 |   1.1698 |     39.835 |   1.2171 |     40.419 |     0.4
   15 |   1.1481 |     38.993 |   1.1871 |     39.125 |     0.4
   16 |   1.1254 |     38.375 |   1.1822 |     38.632 |     0.4
   17 |   1.1019 |     37.899 |   1.1616 |     38.386 |     0.4
   18 |   1.0743 |     36.647 |   1.1686 |     37.893 |     0.5
   19 |   1.0526 |     36.007 |   1.1574 |     37.492 |     0.5
   20 |   1.0346 |     35.307 |   1.1438 |     38.139 |     0.5
   21 |   1.0130 |     34.678 |   1.1236 |     36.506 |     0.5
   22 |   0.9796 |     33.683 |   1.1264 |     36.537 |     0.6
   23 |   0.9622 |     32.584 |   1.1020 |     36.044 |     0.6
   24 |   0.9316 |     31.906 |   1.0946 |     35.305 |     0.6
   25 |   0.9114 |     31.141 |   1.0760 |     35.274 |     0.6
   26 |   0.8789 |     29.910 |   1.0851 |     34.843 |     0.7
   27 |   0.8606 |     29.528 |   1.0685 |     35.059 |     0.7
   28 |   0.8318 |     27.865 |   1.0564 |     34.011 |     0.7
   29 |   0.8150 |     27.280 |   1.0547 |     34.935 |     0.7
   30 |   0.7857 |     26.531 |   1.0339 |     33.395 |     0.8
   31 |   0.7558 |     25.651 |   1.0388 |     32.871 |     0.8
   32 |   0.7303 |     24.535 |   1.0237 |     32.686 |     0.8
   33 |   0.7099 |     23.917 |   1.0299 |     32.563 |     0.8
   34 |   0.6914 |     23.436 |   1.0518 |     32.378 |     0.9
   35 |   0.6585 |     21.823 |   1.0263 |     31.670 |     0.9
   36 |   0.6304 |     21.085 |   1.0468 |     31.793 |     0.9
Early stopping

Model: Seq2Seq Multimodal Bi-LSTM
Source index: <Seq2Seq Index with 45 items>
Target index: <Seq2Seq Index with 34 items>
Encoder embedding dimension: 128
Descriptors dimension: 1136
Decoder embedding dimension: 128
Encoder hidden units: 64
Encoder layers: 2
Decoder hidden units: 64
Decoder layers: 4
Dropout: 0.2
Trainable parameters: 555,170

Training started
X_train.shape: torch.Size([3048, 649])
Y_train.shape: torch.Size([3048, 7])
X_dev.shape: torch.Size([541, 337])
Y_dev.shape: torch.Size([541, 7])
Epochs: 500
Learning rate: 0.001
Weight decay: 0.0001
Epoch | Train                 | Development           | Minutes
      | Loss     | Error Rate | Loss     | Error Rate |
---------------------------------------------------------------
    1 |   2.6224 |     70.024 |   2.0509 |     58.965 |     0.0
    2 |   1.8054 |     51.629 |   1.6153 |     46.950 |     0.0
    3 |   1.5147 |     46.249 |   1.4705 |     46.919 |     0.1
    4 |   1.4359 |     46.254 |   1.4360 |     46.919 |     0.1
    5 |   1.4069 |     46.271 |   1.4046 |     46.919 |     0.1
    6 |   1.3760 |     46.047 |   1.3752 |     46.827 |     0.1
    7 |   1.3444 |     45.746 |   1.3439 |     46.642 |     0.1
    8 |   1.3186 |     45.276 |   1.3231 |     45.287 |     0.1
    9 |   1.3038 |     44.876 |   1.3119 |     45.595 |     0.2
   10 |   1.2877 |     44.510 |   1.2945 |     44.640 |     0.2
   11 |   1.2716 |     44.335 |   1.2937 |     44.609 |     0.2
   12 |   1.2633 |     43.679 |   1.2770 |     43.900 |     0.2
   13 |   1.2453 |     43.313 |   1.2751 |     43.746 |     0.2
   14 |   1.2328 |     42.782 |   1.2539 |     43.530 |     0.3
   15 |   1.2188 |     42.624 |   1.2458 |     42.760 |     0.3
   16 |   1.2079 |     42.290 |   1.2397 |     43.715 |     0.3
   17 |   1.1939 |     41.798 |   1.2281 |     42.360 |     0.3
   18 |   1.1815 |     41.432 |   1.2137 |     41.805 |     0.3
   19 |   1.1665 |     40.825 |   1.1984 |     41.035 |     0.4
   20 |   1.1589 |     40.825 |   1.1959 |     41.744 |     0.4
   21 |   1.1384 |     39.808 |   1.1788 |     39.741 |     0.4
   22 |   1.1206 |     39.162 |   1.1646 |     38.478 |     0.4
   23 |   1.0982 |     38.025 |   1.1511 |     38.447 |     0.4
   24 |   1.0887 |     37.861 |   1.1485 |     39.341 |     0.4
   25 |   1.0789 |     37.615 |   1.1424 |     38.725 |     0.5
   26 |   1.0622 |     36.609 |   1.1250 |     38.417 |     0.5
   27 |   1.0559 |     36.631 |   1.1211 |     38.324 |     0.5
   28 |   1.0331 |     35.411 |   1.1216 |     37.770 |     0.5
   29 |   1.0205 |     35.132 |   1.1070 |     37.616 |     0.5
   30 |   1.0085 |     35.094 |   1.0958 |     37.431 |     0.6
   31 |   0.9939 |     34.170 |   1.0863 |     36.722 |     0.6
   32 |   0.9801 |     33.678 |   1.0784 |     35.736 |     0.6
   33 |   0.9686 |     33.306 |   1.0681 |     35.490 |     0.6
   34 |   0.9650 |     32.978 |   1.0689 |     35.705 |     0.6
   35 |   0.9504 |     33.208 |   1.0570 |     35.367 |     0.6
   36 |   0.9336 |     32.103 |   1.0625 |     35.675 |     0.7
   37 |   0.9323 |     31.824 |   1.0391 |     34.442 |     0.7
   38 |   0.9205 |     31.529 |   1.0405 |     34.720 |     0.7
   39 |   0.9070 |     31.053 |   1.0437 |     34.288 |     0.7
   40 |   0.8858 |     30.288 |   1.0370 |     34.504 |     0.7
   41 |   0.8785 |     29.675 |   1.0373 |     33.518 |     0.8
   42 |   0.8668 |     29.681 |   1.0379 |     33.087 |     0.8
   43 |   0.8660 |     29.336 |   1.0135 |     33.888 |     0.8
   44 |   0.8455 |     28.877 |   1.0219 |     33.395 |     0.8
   45 |   0.8397 |     28.450 |   1.0135 |     32.779 |     0.8
   46 |   0.8395 |     28.472 |   1.0241 |     32.964 |     0.8
   47 |   0.8206 |     27.942 |   1.0369 |     33.210 |     0.9
   48 |   0.8156 |     27.559 |   1.0110 |     32.348 |     0.9
   49 |   0.7995 |     26.695 |   1.0277 |     32.594 |     0.9
   50 |   0.8007 |     26.930 |   1.0102 |     32.070 |     0.9
   51 |   0.7895 |     26.701 |   1.0109 |     32.532 |     0.9
   52 |   0.7726 |     25.951 |   1.0128 |     32.594 |     1.0
   53 |   0.7850 |     26.389 |   0.9960 |     31.392 |     1.0
   54 |   0.7621 |     25.530 |   1.0144 |     31.577 |     1.0
   55 |   0.7548 |     25.530 |   0.9950 |     30.807 |     1.0
   56 |   0.7479 |     25.350 |   0.9863 |     31.670 |     1.0
   57 |   0.7393 |     24.464 |   0.9813 |     30.006 |     1.1
   58 |   0.7339 |     24.377 |   0.9836 |     30.653 |     1.1
   59 |   0.7230 |     24.393 |   0.9975 |     31.023 |     1.1
   60 |   0.7213 |     24.316 |   0.9742 |     31.146 |     1.1
   61 |   0.7067 |     23.742 |   0.9844 |     30.160 |     1.1
   62 |   0.6986 |     23.573 |   0.9845 |     29.667 |     1.1
   63 |   0.6931 |     22.818 |   1.0048 |     30.099 |     1.2
   64 |   0.6877 |     22.988 |   0.9841 |     29.636 |     1.2
Early stopping

Model: Seq2Seq Multimodal Bi-LSTM
Source index: <Seq2Seq Index with 45 items>
Target index: <Seq2Seq Index with 34 items>
Encoder embedding dimension: 128
Descriptors dimension: 1136
Decoder embedding dimension: 128
Encoder hidden units: 64
Encoder layers: 4
Decoder hidden units: 64
Decoder layers: 3
Dropout: 0.1
Trainable parameters: 948,002

Training started
X_train.shape: torch.Size([3048, 649])
Y_train.shape: torch.Size([3048, 7])
X_dev.shape: torch.Size([541, 337])
Y_dev.shape: torch.Size([541, 7])
Epochs: 500
Learning rate: 0.001
Weight decay: 0.0001
Epoch | Train                 | Development           | Minutes
      | Loss     | Error Rate | Loss     | Error Rate |
---------------------------------------------------------------
    1 |   2.5310 |     67.788 |   2.0455 |     58.657 |     0.0
    2 |   1.7968 |     50.820 |   1.6173 |     46.919 |     0.1
    3 |   1.5217 |     46.194 |   1.4807 |     46.919 |     0.1
    4 |   1.4465 |     46.254 |   1.4438 |     46.919 |     0.1
    5 |   1.4159 |     46.233 |   1.4150 |     46.888 |     0.2
    6 |   1.3891 |     46.068 |   1.3989 |     46.457 |     0.2
    7 |   1.3616 |     45.959 |   1.3674 |     46.580 |     0.2
    8 |   1.3254 |     45.068 |   1.3206 |     44.331 |     0.3
    9 |   1.2935 |     43.657 |   1.2907 |     43.561 |     0.3
   10 |   1.2575 |     42.684 |   1.2658 |     42.668 |     0.3
   11 |   1.2304 |     42.219 |   1.2391 |     42.175 |     0.4
   12 |   1.2079 |     41.196 |   1.2202 |     41.713 |     0.4
   13 |   1.1884 |     40.261 |   1.1986 |     40.203 |     0.4
   14 |   1.1665 |     39.633 |   1.1899 |     40.511 |     0.5
   15 |   1.1518 |     38.834 |   1.1811 |     40.635 |     0.5
   16 |   1.1395 |     38.708 |   1.1512 |     39.587 |     0.5
   17 |   1.1100 |     37.779 |   1.1338 |     38.755 |     0.6
   18 |   1.0959 |     37.309 |   1.1292 |     38.108 |     0.6
   19 |   1.0773 |     36.483 |   1.1236 |     38.078 |     0.6
   20 |   1.0531 |     35.914 |   1.1055 |     37.123 |     0.7
   21 |   1.0430 |     35.515 |   1.1066 |     37.492 |     0.7
   22 |   1.0229 |     34.837 |   1.0858 |     35.952 |     0.7
   23 |   1.0176 |     34.454 |   1.0625 |     35.243 |     0.8
   24 |   0.9978 |     33.667 |   1.0435 |     34.874 |     0.8
   25 |   0.9760 |     33.104 |   1.0437 |     34.073 |     0.8
   26 |   0.9591 |     32.568 |   1.0433 |     34.566 |     0.9
   27 |   0.9410 |     31.288 |   1.0331 |     34.566 |     0.9
   28 |   0.9375 |     31.436 |   1.0501 |     34.812 |     0.9
   29 |   0.9207 |     30.474 |   1.0330 |     33.919 |     1.0
   30 |   0.8979 |     30.009 |   1.0073 |     32.810 |     1.0
   31 |   0.8808 |     29.276 |   1.0124 |     32.810 |     1.0
   32 |   0.8736 |     28.986 |   0.9971 |     31.885 |     1.1
   33 |   0.8559 |     28.521 |   0.9979 |     32.009 |     1.1
   34 |   0.8364 |     27.723 |   0.9936 |     31.670 |     1.1
   35 |   0.8261 |     27.690 |   0.9922 |     31.547 |     1.2
   36 |   0.8123 |     27.133 |   0.9845 |     31.547 |     1.2
   37 |   0.7961 |     26.433 |   1.0005 |     32.132 |     1.2
   38 |   0.7967 |     26.471 |   0.9837 |     31.670 |     1.3
   39 |   0.7840 |     25.755 |   0.9639 |     30.622 |     1.3
   40 |   0.7602 |     25.689 |   0.9654 |     30.283 |     1.3
   41 |   0.7486 |     24.913 |   0.9630 |     30.746 |     1.4
   42 |   0.7444 |     24.874 |   0.9792 |     31.608 |     1.4
   43 |   0.7357 |     24.612 |   0.9859 |     31.238 |     1.4
   44 |   0.7129 |     23.529 |   0.9620 |     30.314 |     1.5
   45 |   0.7013 |     23.064 |   0.9691 |     30.129 |     1.5
   46 |   0.6935 |     23.206 |   0.9631 |     30.345 |     1.5
   47 |   0.7025 |     23.491 |   0.9657 |     30.191 |     1.6
   48 |   0.6802 |     22.435 |   0.9656 |     29.698 |     1.6
   49 |   0.6779 |     22.583 |   0.9432 |     29.328 |     1.6
   50 |   0.6544 |     21.659 |   0.9543 |     30.160 |     1.7
   51 |   0.6427 |     21.714 |   0.9647 |     29.482 |     1.7
   52 |   0.6420 |     21.189 |   0.9787 |     30.006 |     1.7
   53 |   0.6487 |     21.615 |   0.9692 |     29.298 |     1.8
Early stopping

Model: Seq2Seq Multimodal Bi-LSTM
Source index: <Seq2Seq Index with 45 items>
Target index: <Seq2Seq Index with 34 items>
Encoder embedding dimension: 128
Descriptors dimension: 1136
Decoder embedding dimension: 64
Encoder hidden units: 128
Encoder layers: 2
Decoder hidden units: 64
Decoder layers: 4
Dropout: 0.0
Trainable parameters: 1,224,866

Training started
X_train.shape: torch.Size([3048, 649])
Y_train.shape: torch.Size([3048, 7])
X_dev.shape: torch.Size([541, 337])
Y_dev.shape: torch.Size([541, 7])
Epochs: 500
Learning rate: 0.001
Weight decay: 1e-05
Epoch | Train                 | Development           | Minutes
      | Loss     | Error Rate | Loss     | Error Rate |
---------------------------------------------------------------
    1 |   2.5762 |     68.061 |   2.0327 |     54.405 |     0.0
    2 |   1.7828 |     50.224 |   1.6141 |     46.919 |     0.1
    3 |   1.5100 |     46.189 |   1.4726 |     46.919 |     0.1
    4 |   1.4375 |     46.194 |   1.4354 |     46.919 |     0.1
    5 |   1.4149 |     46.189 |   1.4216 |     46.919 |     0.2
    6 |   1.4045 |     46.222 |   1.4135 |     46.919 |     0.2
    7 |   1.3973 |     46.222 |   1.4072 |     46.919 |     0.3
    8 |   1.3882 |     46.096 |   1.4033 |     46.827 |     0.3
    9 |   1.3833 |     46.178 |   1.3967 |     46.919 |     0.3
   10 |   1.3760 |     45.976 |   1.3931 |     46.888 |     0.4
   11 |   1.3654 |     45.489 |   1.3779 |     45.779 |     0.4
   12 |   1.3526 |     44.882 |   1.3611 |     45.102 |     0.4
   13 |   1.3367 |     44.789 |   1.3507 |     45.163 |     0.5
   14 |   1.3285 |     44.576 |   1.3389 |     45.040 |     0.5
   15 |   1.3178 |     44.357 |   1.3310 |     44.486 |     0.6
   16 |   1.3101 |     43.854 |   1.3236 |     44.239 |     0.6
   17 |   1.3002 |     43.652 |   1.3103 |     43.438 |     0.6
   18 |   1.2894 |     43.367 |   1.3063 |     43.993 |     0.7
   19 |   1.2837 |     43.165 |   1.3025 |     43.808 |     0.7
   20 |   1.2759 |     42.864 |   1.2899 |     43.407 |     0.7
   21 |   1.2699 |     42.591 |   1.2841 |     42.267 |     0.8
   22 |   1.2611 |     42.421 |   1.2712 |     41.251 |     0.8
   23 |   1.2473 |     42.263 |   1.2826 |     41.497 |     0.9
   24 |   1.2483 |     41.853 |   1.2683 |     41.651 |     0.9
   25 |   1.2366 |     41.694 |   1.2675 |     41.220 |     0.9
   26 |   1.2355 |     41.847 |   1.2711 |     41.312 |     1.0
   27 |   1.2216 |     41.021 |   1.2613 |     41.066 |     1.0
   28 |   1.2092 |     40.797 |   1.2546 |     40.265 |     1.0
   29 |   1.2063 |     40.502 |   1.2509 |     40.450 |     1.1
   30 |   1.1995 |     40.595 |   1.2373 |     40.327 |     1.1
   31 |   1.1855 |     40.119 |   1.2424 |     40.450 |     1.2
   32 |   1.1880 |     40.289 |   1.2395 |     40.388 |     1.2
   33 |   1.1770 |     40.141 |   1.2438 |     41.004 |     1.2
   34 |   1.1647 |     39.654 |   1.2406 |     40.819 |     1.3
   35 |   1.1500 |     39.283 |   1.2210 |     39.618 |     1.3
   36 |   1.1434 |     39.146 |   1.2316 |     39.587 |     1.3
   37 |   1.1262 |     38.517 |   1.2204 |     39.680 |     1.4
   38 |   1.1165 |     38.025 |   1.2032 |     38.848 |     1.4
   39 |   1.1098 |     38.014 |   1.2124 |     39.556 |     1.5
   40 |   1.1013 |     37.544 |   1.2008 |     38.848 |     1.5
   41 |   1.0945 |     37.593 |   1.1829 |     38.201 |     1.5
   42 |   1.0810 |     36.849 |   1.1961 |     39.002 |     1.6
   43 |   1.0682 |     36.204 |   1.1910 |     38.139 |     1.6
   44 |   1.0636 |     35.974 |   1.1942 |     38.139 |     1.6
   45 |   1.0497 |     35.274 |   1.1864 |     38.139 |     1.7
Early stopping

Model: Seq2Seq Multimodal Bi-LSTM
Source index: <Seq2Seq Index with 45 items>
Target index: <Seq2Seq Index with 34 items>
Encoder embedding dimension: 128
Descriptors dimension: 1136
Decoder embedding dimension: 64
Encoder hidden units: 64
Encoder layers: 2
Decoder hidden units: 64
Decoder layers: 4
Dropout: 0.0
Trainable parameters: 536,610

Training started
X_train.shape: torch.Size([3048, 649])
Y_train.shape: torch.Size([3048, 7])
X_dev.shape: torch.Size([541, 337])
Y_dev.shape: torch.Size([541, 7])
Epochs: 500
Learning rate: 0.001
Weight decay: 1e-05
Epoch | Train                 | Development           | Minutes
      | Loss     | Error Rate | Loss     | Error Rate |
---------------------------------------------------------------
    1 |   2.5923 |     69.691 |   2.0364 |     58.965 |     0.0
    2 |   1.7765 |     49.995 |   1.6111 |     46.919 |     0.0
    3 |   1.5136 |     46.194 |   1.4743 |     46.919 |     0.1
    4 |   1.4396 |     46.194 |   1.4351 |     46.919 |     0.1
    5 |   1.4127 |     46.293 |   1.4186 |     46.919 |     0.1
    6 |   1.3959 |     46.243 |   1.4106 |     46.919 |     0.1
    7 |   1.3845 |     46.145 |   1.3987 |     46.827 |     0.1
    8 |   1.3690 |     46.249 |   1.3755 |     45.625 |     0.1
    9 |   1.3534 |     45.615 |   1.3636 |     45.995 |     0.2
   10 |   1.3429 |     45.472 |   1.3674 |     45.718 |     0.2
   11 |   1.3322 |     45.352 |   1.3429 |     45.933 |     0.2
   12 |   1.3230 |     45.177 |   1.3302 |     45.379 |     0.2
   13 |   1.3114 |     45.035 |   1.3273 |     45.441 |     0.2
   14 |   1.2967 |     44.570 |   1.3170 |     45.132 |     0.3
   15 |   1.2836 |     44.067 |   1.2978 |     44.486 |     0.3
   16 |   1.2636 |     43.433 |   1.2856 |     43.869 |     0.3
   17 |   1.2455 |     42.492 |   1.2816 |     42.914 |     0.3
   18 |   1.2386 |     42.088 |   1.2633 |     42.575 |     0.3
   19 |   1.2213 |     41.514 |   1.2398 |     41.466 |     0.3
   20 |   1.2080 |     41.142 |   1.2310 |     41.035 |     0.4
   21 |   1.1904 |     40.037 |   1.2256 |     40.665 |     0.4
   22 |   1.1697 |     39.441 |   1.2159 |     40.481 |     0.4
   23 |   1.1477 |     38.698 |   1.1852 |     39.372 |     0.4
   24 |   1.1305 |     38.430 |   1.1855 |     38.478 |     0.4
   25 |   1.1063 |     37.505 |   1.1658 |     38.293 |     0.4
   26 |   1.0800 |     36.395 |   1.1574 |     37.369 |     0.5
   27 |   1.0662 |     35.838 |   1.1480 |     36.476 |     0.5
   28 |   1.0513 |     35.089 |   1.1476 |     37.246 |     0.5
   29 |   1.0321 |     34.668 |   1.1392 |     36.414 |     0.5
   30 |   1.0082 |     33.481 |   1.1339 |     35.983 |     0.5
   31 |   0.9932 |     32.934 |   1.1299 |     36.568 |     0.6
   32 |   0.9830 |     33.027 |   1.1134 |     36.168 |     0.6
   33 |   0.9649 |     31.955 |   1.1053 |     35.890 |     0.6
   34 |   0.9461 |     31.507 |   1.1017 |     35.089 |     0.6
   35 |   0.9255 |     31.146 |   1.0851 |     34.904 |     0.6
   36 |   0.9073 |     30.085 |   1.0945 |     35.613 |     0.6
   37 |   0.8926 |     29.642 |   1.0977 |     35.397 |     0.7
   38 |   0.8784 |     29.046 |   1.0981 |     34.196 |     0.7
   39 |   0.8629 |     28.237 |   1.0777 |     33.888 |     0.7
   40 |   0.8487 |     28.035 |   1.0702 |     33.672 |     0.7
   41 |   0.8290 |     27.100 |   1.0679 |     33.025 |     0.7
   42 |   0.8118 |     26.362 |   1.0808 |     33.641 |     0.8
   43 |   0.7950 |     25.935 |   1.0567 |     33.457 |     0.8
   44 |   0.7832 |     25.689 |   1.0540 |     33.148 |     0.8
   45 |   0.7686 |     25.055 |   1.0616 |     33.518 |     0.8
   46 |   0.7573 |     24.431 |   1.0604 |     33.056 |     0.8
   47 |   0.7367 |     23.923 |   1.0804 |     32.840 |     0.8
   48 |   0.7167 |     23.196 |   1.0654 |     32.101 |     0.9
Early stopping

Model: Seq2Seq Multimodal Bi-LSTM
Source index: <Seq2Seq Index with 45 items>
Target index: <Seq2Seq Index with 34 items>
Encoder embedding dimension: 128
Descriptors dimension: 1136
Decoder embedding dimension: 128
Encoder hidden units: 128
Encoder layers: 4
Decoder hidden units: 64
Decoder layers: 2
Dropout: 0.1
Trainable parameters: 2,520,610

Training started
X_train.shape: torch.Size([3048, 649])
Y_train.shape: torch.Size([3048, 7])
X_dev.shape: torch.Size([541, 337])
Y_dev.shape: torch.Size([541, 7])
Epochs: 500
Learning rate: 0.001
Weight decay: 0.0001
Epoch | Train                 | Development           | Minutes
      | Loss     | Error Rate | Loss     | Error Rate |
---------------------------------------------------------------
    1 |   2.5136 |     66.519 |   2.0213 |     58.934 |     0.1
    2 |   1.7780 |     50.093 |   1.5965 |     46.919 |     0.2
    3 |   1.4995 |     46.123 |   1.4614 |     46.550 |     0.2
    4 |   1.4210 |     46.041 |   1.4132 |     45.595 |     0.3
    5 |   1.3774 |     44.570 |   1.3673 |     44.886 |     0.4
    6 |   1.3412 |     43.635 |   1.3348 |     43.962 |     0.5
    7 |   1.3089 |     43.159 |   1.3075 |     42.976 |     0.5
    8 |   1.2752 |     42.137 |   1.2751 |     41.682 |     0.6
    9 |   1.2442 |     40.939 |   1.2503 |     40.974 |     0.7
   10 |   1.2141 |     39.868 |   1.2283 |     40.018 |     0.8
   11 |   1.1958 |     39.326 |   1.2002 |     39.063 |     0.8
   12 |   1.1737 |     39.020 |   1.1861 |     38.509 |     0.9
   13 |   1.1525 |     38.413 |   1.1651 |     37.554 |     1.0
   14 |   1.1325 |     37.670 |   1.1488 |     37.030 |     1.1
   15 |   1.1210 |     37.473 |   1.1461 |     37.554 |     1.1
   16 |   1.0997 |     36.800 |   1.1305 |     37.338 |     1.2
   17 |   1.0818 |     35.985 |   1.1202 |     36.907 |     1.3
   18 |   1.0605 |     35.406 |   1.1009 |     35.582 |     1.4
   19 |   1.0426 |     34.985 |   1.1021 |     36.291 |     1.4
   20 |   1.0341 |     34.777 |   1.0818 |     35.274 |     1.5
   21 |   1.0142 |     33.842 |   1.0774 |     35.243 |     1.6
   22 |   1.0007 |     33.563 |   1.0711 |     35.089 |     1.7
   23 |   0.9867 |     32.825 |   1.0620 |     35.182 |     1.7
   24 |   0.9806 |     33.065 |   1.0521 |     34.781 |     1.8
   25 |   0.9617 |     32.212 |   1.0338 |     33.395 |     1.9
   26 |   0.9556 |     31.791 |   1.0609 |     34.935 |     2.0
   27 |   0.9362 |     31.064 |   1.0427 |     33.549 |     2.0
   28 |   0.9173 |     30.791 |   1.0323 |     33.148 |     2.1
   29 |   0.9140 |     30.184 |   1.0232 |     33.426 |     2.2
   30 |   0.8974 |     29.932 |   1.0374 |     33.795 |     2.3
   31 |   0.8960 |     30.020 |   1.0196 |     32.686 |     2.3
   32 |   0.8715 |     29.112 |   1.0128 |     33.087 |     2.4
   33 |   0.8763 |     29.271 |   1.0268 |     33.580 |     2.5
   34 |   0.8634 |     29.014 |   1.0010 |     32.964 |     2.6
   35 |   0.8429 |     28.352 |   0.9993 |     32.070 |     2.6
   36 |   0.8495 |     28.478 |   1.0039 |     32.009 |     2.7
   37 |   0.8623 |     29.035 |   0.9885 |     31.885 |     2.8
   38 |   0.8121 |     27.193 |   1.0006 |     32.255 |     2.9
   39 |   0.8107 |     27.351 |   0.9902 |     31.670 |     2.9
   40 |   0.7888 |     26.383 |   0.9826 |     32.471 |     3.0
   41 |   0.7888 |     26.312 |   0.9976 |     31.392 |     3.1
   42 |   0.7807 |     26.301 |   0.9842 |     31.269 |     3.2
   43 |   0.7594 |     25.809 |   0.9719 |     31.331 |     3.2
   44 |   0.7467 |     24.869 |   0.9812 |     31.762 |     3.3
   45 |   0.7584 |     25.585 |   0.9926 |     31.762 |     3.4
   46 |   0.7442 |     24.814 |   0.9832 |     31.516 |     3.5
   47 |   0.7435 |     25.005 |   0.9790 |     31.855 |     3.5
Early stopping

Model: Seq2Seq Multimodal Bi-LSTM
Source index: <Seq2Seq Index with 45 items>
Target index: <Seq2Seq Index with 34 items>
Encoder embedding dimension: 128
Descriptors dimension: 1136
Decoder embedding dimension: 64
Encoder hidden units: 128
Encoder layers: 4
Decoder hidden units: 64
Decoder layers: 3
Dropout: 0.2
Trainable parameters: 2,535,330

Training started
X_train.shape: torch.Size([3048, 649])
Y_train.shape: torch.Size([3048, 7])
X_dev.shape: torch.Size([541, 337])
Y_dev.shape: torch.Size([541, 7])
Epochs: 500
Learning rate: 0.001
Weight decay: 1e-05
Epoch | Train                 | Development           | Minutes
      | Loss     | Error Rate | Loss     | Error Rate |
---------------------------------------------------------------
    1 |   2.5447 |     66.984 |   2.0243 |     54.405 |     0.1
    2 |   1.8002 |     51.252 |   1.6126 |     49.199 |     0.2
    3 |   1.5187 |     46.298 |   1.4782 |     46.919 |     0.2
    4 |   1.4435 |     46.304 |   1.4437 |     46.919 |     0.3
    5 |   1.4208 |     46.211 |   1.4251 |     46.827 |     0.4
    6 |   1.4074 |     46.304 |   1.4177 |     46.919 |     0.5
    7 |   1.4014 |     46.167 |   1.4113 |     46.919 |     0.5
    8 |   1.3975 |     46.172 |   1.4065 |     46.919 |     0.6
    9 |   1.3925 |     46.008 |   1.4017 |     46.673 |     0.7
   10 |   1.3892 |     45.872 |   1.3968 |     46.488 |     0.8
   11 |   1.3817 |     45.653 |   1.3908 |     46.180 |     0.8
   12 |   1.3770 |     45.194 |   1.3844 |     45.810 |     0.9
   13 |   1.3621 |     44.980 |   1.3681 |     45.502 |     1.0
   14 |   1.3533 |     44.816 |   1.3619 |     45.687 |     1.1
   15 |   1.3471 |     44.838 |   1.3555 |     45.471 |     1.2
   16 |   1.3453 |     44.887 |   1.3544 |     45.656 |     1.2
   17 |   1.3389 |     44.685 |   1.3493 |     44.978 |     1.3
   18 |   1.3354 |     44.554 |   1.3437 |     44.732 |     1.4
   19 |   1.3261 |     44.346 |   1.3389 |     45.194 |     1.5
   20 |   1.3239 |     44.330 |   1.3341 |     44.794 |     1.5
   21 |   1.3202 |     44.280 |   1.3248 |     44.208 |     1.6
   22 |   1.3136 |     44.330 |   1.3219 |     44.794 |     1.7
   23 |   1.3080 |     44.029 |   1.3190 |     44.670 |     1.8
   24 |   1.3045 |     44.100 |   1.3146 |     44.578 |     1.9
   25 |   1.3054 |     44.023 |   1.3123 |     44.270 |     1.9
   26 |   1.2985 |     44.040 |   1.3075 |     43.962 |     2.0
   27 |   1.2914 |     43.832 |   1.3173 |     44.362 |     2.1
   28 |   1.2890 |     43.772 |   1.2987 |     44.424 |     2.2
   29 |   1.2830 |     43.684 |   1.2976 |     43.962 |     2.2
   30 |   1.2761 |     43.553 |   1.2965 |     43.993 |     2.3
   31 |   1.2796 |     43.493 |   1.2834 |     43.469 |     2.4
   32 |   1.2737 |     43.220 |   1.2861 |     43.068 |     2.5
   33 |   1.2707 |     43.012 |   1.2759 |     42.699 |     2.6
   34 |   1.2645 |     42.952 |   1.2690 |     42.206 |     2.6
   35 |   1.2616 |     43.006 |   1.2782 |     42.483 |     2.7
   36 |   1.2563 |     42.820 |   1.2716 |     42.760 |     2.8
   37 |   1.2490 |     42.487 |   1.2657 |     42.113 |     2.9
   38 |   1.2432 |     41.929 |   1.2600 |     41.651 |     2.9
   39 |   1.2424 |     42.235 |   1.2550 |     41.898 |     3.0
   40 |   1.2334 |     41.853 |   1.2520 |     41.251 |     3.1
   41 |   1.2328 |     41.683 |   1.2483 |     41.158 |     3.2
   42 |   1.2285 |     41.459 |   1.2347 |     40.696 |     3.2
   43 |   1.2238 |     41.404 |   1.2355 |     40.819 |     3.3
   44 |   1.2200 |     41.289 |   1.2471 |     41.282 |     3.4
   45 |   1.2133 |     41.065 |   1.2276 |     40.450 |     3.5
   46 |   1.2056 |     40.770 |   1.2378 |     40.665 |     3.6
   47 |   1.2059 |     40.743 |   1.2307 |     41.004 |     3.6
   48 |   1.2047 |     40.978 |   1.2254 |     40.450 |     3.7
   49 |   1.2072 |     41.032 |   1.2274 |     40.419 |     3.8
   50 |   1.2109 |     40.770 |   1.2250 |     40.173 |     3.9
   51 |   1.1977 |     40.661 |   1.2281 |     40.604 |     3.9
   52 |   1.1878 |     40.338 |   1.2083 |     40.080 |     4.0
   53 |   1.1818 |     40.108 |   1.2125 |     40.142 |     4.1
   54 |   1.1761 |     40.054 |   1.2117 |     39.988 |     4.2
   55 |   1.1754 |     40.354 |   1.2175 |     40.173 |     4.3
   56 |   1.1759 |     40.103 |   1.2087 |     39.864 |     4.3
   57 |   1.1763 |     40.026 |   1.2044 |     40.049 |     4.4
   58 |   1.1717 |     39.917 |   1.1901 |     40.049 |     4.5
   59 |   1.2657 |     42.766 |   1.3131 |     44.116 |     4.6
   60 |   1.2879 |     43.663 |   1.2810 |     43.038 |     4.6
   61 |   1.2697 |     43.165 |   1.2611 |     42.052 |     4.7
   62 |   1.2267 |     41.792 |   1.2365 |     41.251 |     4.8
Early stopping

Model: Seq2Seq Multimodal Bi-LSTM
Source index: <Seq2Seq Index with 45 items>
Target index: <Seq2Seq Index with 34 items>
Encoder embedding dimension: 128
Descriptors dimension: 1136
Decoder embedding dimension: 64
Encoder hidden units: 128
Encoder layers: 3
Decoder hidden units: 64
Decoder layers: 3
Dropout: 0.1
Trainable parameters: 1,847,074

Training started
X_train.shape: torch.Size([3048, 649])
Y_train.shape: torch.Size([3048, 7])
X_dev.shape: torch.Size([541, 337])
Y_dev.shape: torch.Size([541, 7])
Epochs: 500
Learning rate: 0.001
Weight decay: 0.0001
Epoch | Train                 | Development           | Minutes
      | Loss     | Error Rate | Loss     | Error Rate |
---------------------------------------------------------------
    1 |   2.5217 |     68.323 |   2.0117 |     54.467 |     0.1
    2 |   1.7704 |     50.153 |   1.5952 |     46.919 |     0.1
    3 |   1.4997 |     46.200 |   1.4686 |     46.919 |     0.2
    4 |   1.4340 |     46.265 |   1.4354 |     46.827 |     0.2
    5 |   1.4135 |     46.205 |   1.4229 |     46.919 |     0.3
    6 |   1.4029 |     46.227 |   1.4118 |     46.827 |     0.3
    7 |   1.3933 |     46.276 |   1.4015 |     46.488 |     0.4
    8 |   1.3816 |     46.036 |   1.3931 |     46.919 |     0.5
    9 |   1.3752 |     45.811 |   1.3807 |     45.625 |     0.5
   10 |   1.3561 |     44.647 |   1.3602 |     45.718 |     0.6
   11 |   1.3393 |     44.652 |   1.3479 |     45.163 |     0.6
   12 |   1.3303 |     44.264 |   1.3465 |     44.670 |     0.7
   13 |   1.3238 |     43.925 |   1.3307 |     44.331 |     0.7
   14 |   1.3171 |     43.898 |   1.3290 |     44.239 |     0.8
   15 |   1.3069 |     43.832 |   1.3096 |     43.685 |     0.9
   16 |   1.2954 |     43.094 |   1.3059 |     43.839 |     0.9
   17 |   1.2854 |     42.924 |   1.2922 |     43.038 |     1.0
   18 |   1.2748 |     42.842 |   1.2847 |     42.853 |     1.0
   19 |   1.2663 |     42.700 |   1.2854 |     42.699 |     1.1
   20 |   1.2656 |     42.706 |   1.2774 |     42.914 |     1.2
   21 |   1.2539 |     42.334 |   1.2772 |     42.360 |     1.2
   22 |   1.2437 |     42.000 |   1.2694 |     41.929 |     1.3
   23 |   1.2360 |     41.885 |   1.2575 |     41.559 |     1.3
   24 |   1.2228 |     41.415 |   1.2584 |     41.898 |     1.4
   25 |   1.2155 |     41.623 |   1.2594 |     42.083 |     1.4
   26 |   1.2132 |     41.552 |   1.2427 |     41.497 |     1.5
   27 |   1.1984 |     40.896 |   1.2385 |     41.189 |     1.6
   28 |   1.1923 |     40.688 |   1.2343 |     40.665 |     1.6
   29 |   1.1806 |     40.179 |   1.2310 |     40.696 |     1.7
   30 |   1.1771 |     39.972 |   1.2069 |     39.864 |     1.7
   31 |   1.1603 |     39.545 |   1.2028 |     39.895 |     1.8
   32 |   1.1514 |     39.064 |   1.2076 |     39.556 |     1.8
   33 |   1.1402 |     38.506 |   1.2239 |     39.957 |     1.9
   34 |   1.1477 |     38.900 |   1.2057 |     39.310 |     2.0
   35 |   1.1475 |     38.916 |   1.2073 |     39.248 |     2.0
   36 |   1.1373 |     38.441 |   1.2017 |     39.033 |     2.1
   37 |   1.1281 |     38.003 |   1.1913 |     39.217 |     2.1
   38 |   1.1092 |     37.642 |   1.1872 |     38.262 |     2.2
   39 |   1.1028 |     37.166 |   1.1922 |     38.663 |     2.2
   40 |   1.0957 |     37.145 |   1.1817 |     38.540 |     2.3
   41 |   1.0862 |     36.680 |   1.1819 |     39.187 |     2.4
   42 |   1.0839 |     36.773 |   1.1599 |     37.770 |     2.4
   43 |   1.0794 |     36.313 |   1.1617 |     37.492 |     2.5
   44 |   1.0742 |     36.226 |   1.1663 |     37.246 |     2.5
   45 |   1.0620 |     35.685 |   1.1667 |     37.277 |     2.6
   46 |   1.0747 |     36.368 |   1.1673 |     37.492 |     2.6
Early stopping

Model: Seq2Seq Multimodal Bi-LSTM
Source index: <Seq2Seq Index with 45 items>
Target index: <Seq2Seq Index with 34 items>
Encoder embedding dimension: 128
Descriptors dimension: 1136
Decoder embedding dimension: 128
Encoder hidden units: 128
Encoder layers: 3
Decoder hidden units: 64
Decoder layers: 3
Dropout: 0.0
Trainable parameters: 1,865,634

Training started
X_train.shape: torch.Size([3048, 649])
Y_train.shape: torch.Size([3048, 7])
X_dev.shape: torch.Size([541, 337])
Y_dev.shape: torch.Size([541, 7])
Epochs: 500
Learning rate: 0.001
Weight decay: 0.0001
Epoch | Train                 | Development           | Minutes
      | Loss     | Error Rate | Loss     | Error Rate |
---------------------------------------------------------------
    1 |   2.5239 |     68.663 |   2.0046 |     58.903 |     0.1
    2 |   1.7409 |     48.802 |   1.5714 |     46.919 |     0.1
    3 |   1.4928 |     46.189 |   1.4655 |     46.919 |     0.2
    4 |   1.4315 |     46.325 |   1.4311 |     46.950 |     0.2
    5 |   1.4016 |     46.222 |   1.4083 |     46.919 |     0.3
    6 |   1.3806 |     46.014 |   1.3789 |     45.132 |     0.3
    7 |   1.3449 |     44.521 |   1.3510 |     44.794 |     0.4
    8 |   1.3142 |     43.854 |   1.3143 |     44.393 |     0.4
    9 |   1.2854 |     43.263 |   1.2943 |     44.270 |     0.5
   10 |   1.2629 |     42.984 |   1.2790 |     43.469 |     0.5
   11 |   1.2450 |     42.470 |   1.2535 |     42.976 |     0.6
   12 |   1.2199 |     41.716 |   1.2355 |     42.483 |     0.6
   13 |   1.2002 |     41.098 |   1.2320 |     41.620 |     0.7
   14 |   1.1876 |     40.283 |   1.1980 |     40.203 |     0.8
   15 |   1.1637 |     39.545 |   1.1882 |     39.926 |     0.8
   16 |   1.1421 |     38.987 |   1.1779 |     38.694 |     0.9
   17 |   1.1306 |     38.326 |   1.1618 |     38.632 |     0.9
   18 |   1.1057 |     37.046 |   1.1507 |     38.262 |     1.0
   19 |   1.0930 |     36.795 |   1.1517 |     37.338 |     1.0
   20 |   1.0706 |     35.953 |   1.1267 |     38.016 |     1.1
   21 |   1.0502 |     35.225 |   1.1171 |     37.585 |     1.1
   22 |   1.0280 |     34.793 |   1.1069 |     36.291 |     1.2
   23 |   1.0120 |     33.793 |   1.0903 |     36.137 |     1.2
   24 |   1.0003 |     33.672 |   1.0695 |     35.551 |     1.3
   25 |   0.9822 |     32.890 |   1.0595 |     35.736 |     1.3
   26 |   0.9720 |     32.694 |   1.0647 |     34.504 |     1.4
   27 |   0.9541 |     31.983 |   1.0607 |     34.381 |     1.5
   28 |   0.9404 |     31.502 |   1.0463 |     34.689 |     1.5
   29 |   0.9310 |     31.321 |   1.0385 |     34.011 |     1.6
   30 |   0.9204 |     31.091 |   1.0345 |     33.518 |     1.6
   31 |   0.8948 |     29.981 |   1.0259 |     33.272 |     1.7
   32 |   0.8889 |     29.456 |   1.0071 |     32.717 |     1.7
   33 |   0.8779 |     29.156 |   1.0090 |     32.686 |     1.8
   34 |   0.8657 |     28.729 |   1.0092 |     32.471 |     1.8
   35 |   0.8502 |     28.215 |   1.0150 |     31.824 |     1.9
   36 |   0.8331 |     27.548 |   1.0127 |     33.118 |     1.9
Early stopping

Model: Seq2Seq Multimodal Bi-LSTM
Source index: <Seq2Seq Index with 45 items>
Target index: <Seq2Seq Index with 34 items>
Encoder embedding dimension: 64
Descriptors dimension: 1136
Decoder embedding dimension: 128
Encoder hidden units: 32
Encoder layers: 4
Decoder hidden units: 64
Decoder layers: 3
Dropout: 0.2
Trainable parameters: 420,706

Training started
X_train.shape: torch.Size([3048, 649])
Y_train.shape: torch.Size([3048, 7])
X_dev.shape: torch.Size([541, 337])
Y_dev.shape: torch.Size([541, 7])
Epochs: 500
Learning rate: 0.001
Weight decay: 1e-05
Epoch | Train                 | Development           | Minutes
      | Loss     | Error Rate | Loss     | Error Rate |
---------------------------------------------------------------
    1 |   2.5791 |     69.723 |   2.0449 |     58.842 |     0.0
    2 |   1.7925 |     50.804 |   1.5981 |     46.919 |     0.0
    3 |   1.5144 |     46.227 |   1.4773 |     46.827 |     0.1
    4 |   1.4463 |     46.194 |   1.4410 |     46.919 |     0.1
    5 |   1.4165 |     46.249 |   1.4171 |     46.919 |     0.1
    6 |   1.3927 |     46.216 |   1.3951 |     46.550 |     0.1
    7 |   1.3760 |     45.932 |   1.3750 |     45.718 |     0.1
    8 |   1.3582 |     45.631 |   1.3649 |     45.595 |     0.2
    9 |   1.3477 |     45.352 |   1.3483 |     45.287 |     0.2
   10 |   1.3380 |     45.347 |   1.3407 |     45.779 |     0.2
   11 |   1.3245 |     45.412 |   1.3359 |     45.471 |     0.2
   12 |   1.3099 |     45.112 |   1.3138 |     44.516 |     0.3
   13 |   1.2926 |     44.045 |   1.2942 |     43.654 |     0.3
   14 |   1.2682 |     43.526 |   1.2748 |     43.962 |     0.3
   15 |   1.2461 |     43.121 |   1.2624 |     43.346 |     0.3
   16 |   1.2289 |     42.257 |   1.2426 |     42.452 |     0.3
   17 |   1.2233 |     41.847 |   1.2400 |     42.822 |     0.4
   18 |   1.2022 |     41.240 |   1.2252 |     42.021 |     0.4
   19 |   1.1864 |     40.792 |   1.2049 |     40.573 |     0.4
   20 |   1.1653 |     40.125 |   1.1994 |     40.604 |     0.4
   21 |   1.1450 |     39.321 |   1.1709 |     39.310 |     0.4
   22 |   1.1300 |     38.572 |   1.1624 |     38.447 |     0.5
   23 |   1.1085 |     38.063 |   1.1376 |     37.646 |     0.5
   24 |   1.0821 |     36.904 |   1.1339 |     37.924 |     0.5
   25 |   1.0641 |     36.302 |   1.1180 |     37.461 |     0.5
   26 |   1.0501 |     35.723 |   1.0988 |     36.260 |     0.5
   27 |   1.0293 |     34.837 |   1.0911 |     36.599 |     0.6
   28 |   1.0157 |     34.471 |   1.0761 |     36.014 |     0.6
   29 |   0.9931 |     33.836 |   1.0680 |     35.490 |     0.6
   30 |   0.9737 |     33.202 |   1.0569 |     35.490 |     0.6
   31 |   0.9675 |     33.158 |   1.0601 |     34.812 |     0.6
   32 |   0.9553 |     32.355 |   1.0561 |     34.874 |     0.7
   33 |   0.9374 |     31.616 |   1.0377 |     34.874 |     0.7
   34 |   0.9265 |     31.491 |   1.0300 |     33.641 |     0.7
   35 |   0.9131 |     30.916 |   1.0363 |     34.227 |     0.7
   36 |   0.8916 |     30.260 |   1.0290 |     33.888 |     0.7
   37 |   0.8810 |     29.610 |   1.0106 |     33.395 |     0.8
   38 |   0.8814 |     29.746 |   1.0185 |     32.933 |     0.8
   39 |   0.8721 |     29.500 |   1.0169 |     32.748 |     0.8
   40 |   0.8594 |     29.096 |   1.0187 |     32.810 |     0.8
   41 |   0.8380 |     28.532 |   1.0043 |     32.502 |     0.9
   42 |   0.8201 |     27.346 |   0.9878 |     31.916 |     0.9
   43 |   0.8103 |     27.001 |   0.9860 |     31.855 |     0.9
   44 |   0.7932 |     26.422 |   0.9863 |     31.547 |     0.9
   45 |   0.7880 |     26.301 |   0.9928 |     31.362 |     0.9
   46 |   0.7757 |     25.891 |   0.9888 |     30.653 |     1.0
   47 |   0.7675 |     25.563 |   0.9747 |     31.300 |     1.0
   48 |   0.7492 |     25.049 |   0.9716 |     30.992 |     1.0
   49 |   0.7419 |     24.502 |   0.9658 |     30.283 |     1.0
   50 |   0.7429 |     24.584 |   0.9709 |     30.715 |     1.0
   51 |   0.7353 |     24.497 |   0.9795 |     31.454 |     1.1
   52 |   0.7113 |     23.715 |   0.9580 |     29.852 |     1.1
   53 |   0.7099 |     23.480 |   0.9653 |     30.099 |     1.1
   54 |   0.7040 |     23.567 |   0.9438 |     29.667 |     1.1
   55 |   0.6876 |     23.135 |   0.9689 |     29.698 |     1.1
   56 |   0.6774 |     22.534 |   0.9547 |     29.513 |     1.2
   57 |   0.6782 |     22.600 |   0.9441 |     29.298 |     1.2
   58 |   0.6631 |     21.900 |   0.9513 |     29.821 |     1.2
Early stopping

Model: Seq2Seq Multimodal Bi-LSTM
Source index: <Seq2Seq Index with 45 items>
Target index: <Seq2Seq Index with 34 items>
Encoder embedding dimension: 128
Descriptors dimension: 1136
Decoder embedding dimension: 128
Encoder hidden units: 128
Encoder layers: 4
Decoder hidden units: 64
Decoder layers: 2
Dropout: 0.2
Trainable parameters: 2,520,610

Training started
X_train.shape: torch.Size([3048, 649])
Y_train.shape: torch.Size([3048, 7])
X_dev.shape: torch.Size([541, 337])
Y_dev.shape: torch.Size([541, 7])
Epochs: 500
Learning rate: 0.001
Weight decay: 1e-05
Epoch | Train                 | Development           | Minutes
      | Loss     | Error Rate | Loss     | Error Rate |
---------------------------------------------------------------
    1 |   2.5175 |     67.460 |   2.0403 |     55.237 |     0.1
    2 |   1.7874 |     50.514 |   1.5948 |     46.950 |     0.2
    3 |   1.5037 |     46.260 |   1.4680 |     46.950 |     0.2
    4 |   1.4370 |     46.189 |   1.4383 |     46.919 |     0.3
    5 |   1.4173 |     46.249 |   1.4221 |     46.919 |     0.4
    6 |   1.4019 |     46.112 |   1.4057 |     46.211 |     0.5
    7 |   1.3863 |     45.292 |   1.3889 |     45.625 |     0.5
    8 |   1.3677 |     44.729 |   1.3675 |     45.718 |     0.6
    9 |   1.3528 |     44.663 |   1.3527 |     45.040 |     0.7
   10 |   1.3387 |     44.499 |   1.3466 |     46.026 |     0.8
   11 |   1.3242 |     44.237 |   1.3315 |     45.163 |     0.8
   12 |   1.3131 |     44.012 |   1.3182 |     44.732 |     0.9
   13 |   1.3041 |     43.575 |   1.3080 |     44.177 |     1.0
   14 |   1.2989 |     43.723 |   1.3040 |     43.808 |     1.1
   15 |   1.2861 |     43.154 |   1.2872 |     43.192 |     1.1
   16 |   1.2673 |     42.760 |   1.2746 |     42.637 |     1.2
   17 |   1.2593 |     42.367 |   1.2670 |     42.083 |     1.3
   18 |   1.2499 |     42.175 |   1.2573 |     41.620 |     1.4
   19 |   1.2365 |     41.896 |   1.2441 |     41.374 |     1.5
   20 |   1.2326 |     41.771 |   1.2296 |     40.450 |     1.5
   21 |   1.2142 |     41.224 |   1.2322 |     40.511 |     1.6
   22 |   1.2099 |     40.923 |   1.2253 |     41.004 |     1.7
   23 |   1.1977 |     40.770 |   1.2102 |     39.556 |     1.8
   24 |   1.1935 |     40.234 |   1.2274 |     40.819 |     1.8
   25 |   1.1863 |     39.868 |   1.2238 |     39.587 |     1.9
   26 |   1.1825 |     39.802 |   1.2081 |     39.988 |     2.0
   27 |   1.1777 |     39.818 |   1.2202 |     40.665 |     2.1
   28 |   1.1668 |     39.009 |   1.2013 |     39.526 |     2.1
   29 |   1.1580 |     38.916 |   1.2000 |     39.187 |     2.2
   30 |   1.1491 |     39.015 |   1.1823 |     38.601 |     2.3
   31 |   1.1427 |     38.648 |   1.1786 |     38.201 |     2.4
   32 |   1.1381 |     38.725 |   1.1675 |     38.047 |     2.5
   33 |   1.1219 |     37.872 |   1.1658 |     37.677 |     2.5
   34 |   1.1127 |     37.495 |   1.1607 |     37.431 |     2.6
   35 |   1.1071 |     37.287 |   1.1654 |     38.201 |     2.7
   36 |   1.1063 |     37.500 |   1.1617 |     38.078 |     2.8
   37 |   1.0925 |     36.784 |   1.1552 |     37.862 |     2.8
   38 |   1.0871 |     36.625 |   1.1614 |     37.831 |     2.9
   39 |   1.0906 |     37.112 |   1.1653 |     37.307 |     3.0
   40 |   1.0779 |     36.319 |   1.1622 |     36.938 |     3.1
   41 |   1.0724 |     36.510 |   1.1423 |     37.215 |     3.1
   42 |   1.0653 |     36.292 |   1.1402 |     37.523 |     3.2
   43 |   1.0561 |     35.936 |   1.1345 |     36.753 |     3.3
   44 |   1.0503 |     35.827 |   1.1422 |     36.753 |     3.4
   45 |   1.0451 |     35.553 |   1.1404 |     36.445 |     3.5
   46 |   1.0439 |     35.455 |   1.1293 |     36.661 |     3.5
   47 |   1.0399 |     35.542 |   1.1324 |     36.691 |     3.6
   48 |   1.0331 |     35.537 |   1.1340 |     36.414 |     3.7
   49 |   1.0221 |     34.837 |   1.1197 |     35.952 |     3.8
   50 |   1.0189 |     34.925 |   1.1270 |     37.061 |     3.8
   51 |   1.0129 |     34.640 |   1.1265 |     36.845 |     3.9
   52 |   1.0133 |     34.525 |   1.1245 |     37.030 |     4.0
   53 |   1.0117 |     34.804 |   1.1180 |     36.291 |     4.1
   54 |   1.0138 |     34.624 |   1.1129 |     36.229 |     4.2
   55 |   1.0039 |     34.257 |   1.1150 |     36.106 |     4.2
   56 |   1.0003 |     34.225 |   1.1205 |     35.428 |     4.3
   57 |   1.0005 |     34.061 |   1.1159 |     35.644 |     4.4
   58 |   0.9829 |     33.754 |   1.1269 |     36.661 |     4.5
Early stopping

Model: Seq2Seq Multimodal Bi-LSTM
Source index: <Seq2Seq Index with 45 items>
Target index: <Seq2Seq Index with 34 items>
Encoder embedding dimension: 64
Descriptors dimension: 1136
Decoder embedding dimension: 64
Encoder hidden units: 128
Encoder layers: 4
Decoder hidden units: 64
Decoder layers: 3
Dropout: 0.2
Trainable parameters: 2,466,914

Training started
X_train.shape: torch.Size([3048, 649])
Y_train.shape: torch.Size([3048, 7])
X_dev.shape: torch.Size([541, 337])
Y_dev.shape: torch.Size([541, 7])
Epochs: 500
Learning rate: 0.001
Weight decay: 0.0001
Epoch | Train                 | Development           | Minutes
      | Loss     | Error Rate | Loss     | Error Rate |
---------------------------------------------------------------
    1 |   2.5266 |     68.023 |   1.9945 |     58.564 |     0.1
    2 |   1.7526 |     49.803 |   1.5847 |     46.919 |     0.1
    3 |   1.5027 |     46.200 |   1.4707 |     46.919 |     0.2
    4 |   1.4407 |     46.309 |   1.4389 |     46.981 |     0.3
    5 |   1.4172 |     46.205 |   1.4214 |     46.919 |     0.4
    6 |   1.4078 |     46.205 |   1.4136 |     46.919 |     0.4
    7 |   1.4013 |     46.265 |   1.4103 |     46.919 |     0.5
    8 |   1.3980 |     46.205 |   1.4048 |     46.919 |     0.6
    9 |   1.3927 |     46.227 |   1.4016 |     46.919 |     0.7
   10 |   1.3871 |     46.200 |   1.3948 |     46.334 |     0.7
   11 |   1.3783 |     46.183 |   1.3797 |     46.919 |     0.8
   12 |   1.3612 |     45.188 |   1.3621 |     45.410 |     0.9
   13 |   1.3479 |     44.827 |   1.3594 |     45.194 |     1.0
   14 |   1.3452 |     44.893 |   1.3493 |     45.441 |     1.0
   15 |   1.3375 |     44.751 |   1.3415 |     45.348 |     1.1
   16 |   1.3285 |     44.647 |   1.3346 |     45.009 |     1.2
   17 |   1.3195 |     44.570 |   1.3352 |     45.379 |     1.3
   18 |   1.3137 |     44.423 |   1.3177 |     44.732 |     1.3
   19 |   1.3079 |     44.291 |   1.3176 |     45.071 |     1.4
   20 |   1.3015 |     43.870 |   1.3023 |     43.315 |     1.5
   21 |   1.2922 |     43.684 |   1.2944 |     43.284 |     1.6
   22 |   1.2902 |     43.635 |   1.2960 |     43.438 |     1.6
   23 |   1.2749 |     43.203 |   1.2836 |     43.192 |     1.7
   24 |   1.2731 |     43.192 |   1.2848 |     43.284 |     1.8
   25 |   1.2714 |     43.034 |   1.2731 |     42.699 |     1.9
   26 |   1.2689 |     43.378 |   1.2743 |     43.161 |     1.9
   27 |   1.2711 |     43.105 |   1.2744 |     42.083 |     2.0
   28 |   1.2592 |     43.012 |   1.2652 |     42.329 |     2.1
   29 |   1.2532 |     42.656 |   1.2753 |     42.606 |     2.2
   30 |   1.2460 |     42.361 |   1.2628 |     41.436 |     2.2
   31 |   1.2408 |     42.017 |   1.2640 |     41.374 |     2.3
   32 |   1.2389 |     42.175 |   1.2574 |     41.251 |     2.4
   33 |   1.2299 |     41.809 |   1.2537 |     41.312 |     2.5
   34 |   1.2276 |     41.831 |   1.2386 |     41.128 |     2.5
   35 |   1.2209 |     41.579 |   1.2444 |     41.220 |     2.6
   36 |   1.2147 |     41.459 |   1.2391 |     41.774 |     2.7
   37 |   1.2100 |     41.377 |   1.2390 |     40.943 |     2.8
   38 |   1.2100 |     41.257 |   1.2379 |     41.374 |     2.8
   39 |   1.1996 |     40.978 |   1.2355 |     41.466 |     2.9
   40 |   1.1932 |     40.622 |   1.2123 |     40.758 |     3.0
   41 |   1.1891 |     40.786 |   1.2138 |     40.203 |     3.1
   42 |   1.1839 |     40.185 |   1.2111 |     40.604 |     3.1
   43 |   1.1699 |     40.179 |   1.2042 |     40.018 |     3.2
   44 |   1.1772 |     40.360 |   1.2064 |     40.573 |     3.3
   45 |   1.1592 |     39.583 |   1.2124 |     40.173 |     3.4
   46 |   1.1467 |     39.261 |   1.1927 |     39.063 |     3.4
   47 |   1.1505 |     39.348 |   1.2145 |     39.957 |     3.5
   48 |   1.1513 |     39.365 |   1.2088 |     39.957 |     3.6
   49 |   1.1417 |     38.829 |   1.1938 |     38.755 |     3.7
   50 |   1.1387 |     38.692 |   1.1892 |     38.879 |     3.7
   51 |   1.1383 |     39.119 |   1.1852 |     39.310 |     3.8
   52 |   1.1419 |     39.047 |   1.1738 |     38.293 |     3.9
   53 |   1.1425 |     38.676 |   1.1791 |     39.063 |     4.0
   54 |   1.1367 |     38.719 |   1.1810 |     39.372 |     4.0
   55 |   1.1323 |     38.626 |   1.1934 |     39.002 |     4.1
   56 |   1.1222 |     38.309 |   1.1804 |     39.063 |     4.2
Early stopping

Model: Seq2Seq Multimodal Bi-LSTM
Source index: <Seq2Seq Index with 45 items>
Target index: <Seq2Seq Index with 34 items>
Encoder embedding dimension: 64
Descriptors dimension: 1136
Decoder embedding dimension: 64
Encoder hidden units: 32
Encoder layers: 2
Decoder hidden units: 64
Decoder layers: 3
Dropout: 0.0
Trainable parameters: 250,530

Training started
X_train.shape: torch.Size([3048, 649])
Y_train.shape: torch.Size([3048, 7])
X_dev.shape: torch.Size([541, 337])
Y_dev.shape: torch.Size([541, 7])
Epochs: 500
Learning rate: 0.001
Weight decay: 0.0001
Epoch | Train                 | Development           | Minutes
      | Loss     | Error Rate | Loss     | Error Rate |
---------------------------------------------------------------
    1 |   2.5497 |     66.535 |   2.0006 |     58.934 |     0.0
    2 |   1.7405 |     49.393 |   1.5701 |     46.981 |     0.0
    3 |   1.4877 |     46.254 |   1.4610 |     46.950 |     0.0
    4 |   1.4233 |     46.178 |   1.4166 |     46.827 |     0.0
    5 |   1.3831 |     46.079 |   1.3809 |     46.734 |     0.1
    6 |   1.3549 |     45.883 |   1.3559 |     45.595 |     0.1
    7 |   1.3233 |     44.762 |   1.3280 |     45.317 |     0.1
    8 |   1.2904 |     43.810 |   1.2939 |     43.500 |     0.1
    9 |   1.2514 |     42.192 |   1.2577 |     42.206 |     0.1
   10 |   1.2275 |     41.650 |   1.2372 |     42.298 |     0.1
   11 |   1.1992 |     40.732 |   1.2355 |     42.668 |     0.1
   12 |   1.1679 |     39.649 |   1.1962 |     40.604 |     0.1
   13 |   1.1414 |     38.293 |   1.1812 |     39.618 |     0.2
   14 |   1.1114 |     37.380 |   1.1557 |     39.063 |     0.2
   15 |   1.0795 |     36.379 |   1.1527 |     38.909 |     0.2
   16 |   1.0567 |     35.799 |   1.1266 |     38.725 |     0.2
   17 |   1.0241 |     34.186 |   1.1179 |     38.324 |     0.2
   18 |   1.0070 |     33.694 |   1.1038 |     37.831 |     0.2
   19 |   0.9834 |     32.901 |   1.0895 |     36.414 |     0.2
   20 |   0.9465 |     31.310 |   1.0743 |     35.829 |     0.2
   21 |   0.9186 |     30.512 |   1.0714 |     34.566 |     0.3
   22 |   0.8931 |     29.473 |   1.0455 |     33.025 |     0.3
   23 |   0.8648 |     28.363 |   1.0572 |     34.596 |     0.3
   24 |   0.8407 |     27.712 |   1.0618 |     34.258 |     0.3
   25 |   0.8220 |     27.220 |   1.0443 |     33.364 |     0.3
   26 |   0.7990 |     26.329 |   1.0309 |     32.471 |     0.3
   27 |   0.7753 |     25.580 |   1.0316 |     32.933 |     0.3
   28 |   0.7550 |     24.612 |   1.0233 |     31.916 |     0.3
   29 |   0.7386 |     24.256 |   1.0359 |     32.039 |     0.4
   30 |   0.7206 |     23.502 |   1.0235 |     31.300 |     0.4
   31 |   0.7047 |     22.610 |   1.0207 |     31.084 |     0.4
   32 |   0.6709 |     21.626 |   1.0138 |     30.838 |     0.4
   33 |   0.6586 |     21.222 |   0.9955 |     30.776 |     0.4
   34 |   0.6401 |     20.418 |   1.0135 |     30.961 |     0.4
   35 |   0.6209 |     19.833 |   0.9948 |     30.099 |     0.4
   36 |   0.5903 |     18.378 |   1.0161 |     30.314 |     0.4
   37 |   0.5823 |     18.504 |   1.0090 |     28.805 |     0.4
   38 |   0.5782 |     18.214 |   1.0091 |     29.390 |     0.5
   39 |   0.5481 |     17.378 |   1.0111 |     29.020 |     0.5
Early stopping

Model: Seq2Seq Multimodal Bi-LSTM
Source index: <Seq2Seq Index with 45 items>
Target index: <Seq2Seq Index with 34 items>
Encoder embedding dimension: 64
Descriptors dimension: 1136
Decoder embedding dimension: 64
Encoder hidden units: 32
Encoder layers: 4
Decoder hidden units: 64
Decoder layers: 3
Dropout: 0.2
Trainable parameters: 402,146

Training started
X_train.shape: torch.Size([3048, 649])
Y_train.shape: torch.Size([3048, 7])
X_dev.shape: torch.Size([541, 337])
Y_dev.shape: torch.Size([541, 7])
Epochs: 500
Learning rate: 0.001
Weight decay: 0.0001
Epoch | Train                 | Development           | Minutes
      | Loss     | Error Rate | Loss     | Error Rate |
---------------------------------------------------------------
    1 |   2.6001 |     69.598 |   2.0719 |     58.965 |     0.0
    2 |   1.8173 |     51.575 |   1.6273 |     46.919 |     0.0
    3 |   1.5253 |     46.222 |   1.4787 |     46.919 |     0.1
    4 |   1.4401 |     46.309 |   1.4355 |     46.919 |     0.1
    5 |   1.4086 |     46.205 |   1.4099 |     46.888 |     0.1
    6 |   1.3875 |     46.254 |   1.3876 |     46.919 |     0.1
    7 |   1.3681 |     46.068 |   1.3707 |     46.550 |     0.1
    8 |   1.3484 |     45.494 |   1.3446 |     45.317 |     0.2
    9 |   1.3202 |     44.297 |   1.3202 |     44.147 |     0.2
   10 |   1.2885 |     43.323 |   1.2857 |     43.839 |     0.2
   11 |   1.2638 |     42.656 |   1.2667 |     42.976 |     0.2
   12 |   1.2408 |     41.962 |   1.2404 |     42.113 |     0.2
   13 |   1.2216 |     41.311 |   1.2303 |     41.959 |     0.3
   14 |   1.1974 |     40.502 |   1.2081 |     40.388 |     0.3
   15 |   1.1767 |     39.736 |   1.2048 |     39.864 |     0.3
   16 |   1.1581 |     39.113 |   1.1807 |     39.341 |     0.3
   17 |   1.1417 |     38.446 |   1.1640 |     39.033 |     0.3
   18 |   1.1224 |     37.730 |   1.1507 |     38.540 |     0.4
   19 |   1.1021 |     37.314 |   1.1360 |     38.725 |     0.4
   20 |   1.0911 |     36.756 |   1.1260 |     37.646 |     0.4
   21 |   1.0746 |     36.133 |   1.1226 |     36.876 |     0.4
   22 |   1.0533 |     35.406 |   1.1033 |     36.137 |     0.4
   23 |   1.0395 |     35.127 |   1.0894 |     35.767 |     0.5
   24 |   1.0174 |     33.957 |   1.0894 |     35.675 |     0.5
   25 |   1.0068 |     33.743 |   1.0859 |     35.305 |     0.5
   26 |   0.9824 |     33.011 |   1.0672 |     34.258 |     0.5
   27 |   0.9695 |     32.508 |   1.0677 |     34.658 |     0.5
   28 |   0.9498 |     31.797 |   1.0430 |     34.104 |     0.6
   29 |   0.9537 |     31.862 |   1.0426 |     33.734 |     0.6
   30 |   0.9226 |     30.823 |   1.0328 |     32.748 |     0.6
   31 |   0.9184 |     30.709 |   1.0351 |     33.148 |     0.6
   32 |   0.8912 |     29.703 |   1.0134 |     32.317 |     0.6
   33 |   0.8751 |     28.740 |   1.0190 |     32.748 |     0.7
   34 |   0.8738 |     29.194 |   1.0146 |     32.686 |     0.7
   35 |   0.8615 |     28.456 |   0.9979 |     32.625 |     0.7
   36 |   0.8402 |     27.778 |   0.9889 |     31.762 |     0.7
   37 |   0.8268 |     27.297 |   0.9955 |     31.485 |     0.7
   38 |   0.8043 |     26.706 |   1.0033 |     31.701 |     0.8
   39 |   0.8052 |     26.684 |   0.9951 |     31.454 |     0.8
   40 |   0.7905 |     26.329 |   0.9787 |     30.776 |     0.8
   41 |   0.7770 |     25.596 |   0.9595 |     30.591 |     0.8
   42 |   0.7626 |     25.060 |   0.9712 |     31.146 |     0.8
   43 |   0.7611 |     25.607 |   0.9651 |     30.437 |     0.9
   44 |   0.7405 |     24.573 |   0.9591 |     30.099 |     0.9
   45 |   0.7422 |     24.721 |   0.9822 |     30.345 |     0.9
   46 |   0.7282 |     24.163 |   0.9564 |     30.530 |     0.9
   47 |   0.7149 |     23.655 |   0.9822 |     31.701 |     0.9
   48 |   0.7165 |     23.863 |   0.9539 |     30.253 |     1.0
   49 |   0.7031 |     23.299 |   0.9578 |     30.222 |     1.0
   50 |   0.6914 |     22.960 |   0.9608 |     30.468 |     1.0
   51 |   0.6789 |     22.665 |   0.9721 |     30.499 |     1.0
   52 |   0.6740 |     22.381 |   0.9489 |     30.006 |     1.0
   53 |   0.6556 |     21.577 |   0.9584 |     29.821 |     1.1
   54 |   0.6662 |     22.282 |   0.9688 |     29.359 |     1.1
   55 |   0.6504 |     21.664 |   0.9356 |     28.959 |     1.1
   56 |   0.6390 |     21.391 |   0.9479 |     30.160 |     1.1
   57 |   0.6340 |     20.954 |   0.9558 |     28.866 |     1.1
   58 |   0.6188 |     20.811 |   0.9592 |     29.328 |     1.2
   59 |   0.6236 |     20.833 |   0.9319 |     28.712 |     1.2
   60 |   0.6115 |     20.697 |   0.9264 |     28.959 |     1.2
   61 |   0.6089 |     20.237 |   0.9426 |     29.298 |     1.2
   62 |   0.5965 |     19.838 |   0.9697 |     29.051 |     1.2
   63 |   0.5921 |     19.904 |   0.9169 |     28.281 |     1.3
   64 |   0.5896 |     19.587 |   0.9434 |     29.359 |     1.3
   65 |   0.5789 |     19.051 |   0.9269 |     28.527 |     1.3
   66 |   0.5648 |     18.706 |   0.9346 |     28.589 |     1.3
   67 |   0.5655 |     18.783 |   0.9301 |     28.805 |     1.3
Early stopping

Model: Seq2Seq Multimodal Bi-LSTM
Source index: <Seq2Seq Index with 45 items>
Target index: <Seq2Seq Index with 34 items>
Encoder embedding dimension: 128
Descriptors dimension: 1136
Decoder embedding dimension: 64
Encoder hidden units: 128
Encoder layers: 4
Decoder hidden units: 64
Decoder layers: 4
Dropout: 0.0
Trainable parameters: 2,568,610

Training started
X_train.shape: torch.Size([3048, 649])
Y_train.shape: torch.Size([3048, 7])
X_dev.shape: torch.Size([541, 337])
Y_dev.shape: torch.Size([541, 7])
Epochs: 500
Learning rate: 0.001
Weight decay: 1e-05
Epoch | Train                 | Development           | Minutes
      | Loss     | Error Rate | Loss     | Error Rate |
---------------------------------------------------------------
    1 |   2.5868 |     69.674 |   2.0674 |     58.965 |     0.1
    2 |   1.7981 |     51.121 |   1.6174 |     46.919 |     0.1
    3 |   1.5234 |     46.282 |   1.4878 |     46.919 |     0.2
    4 |   1.4492 |     46.233 |   1.4477 |     46.919 |     0.3
    5 |   1.4269 |     46.194 |   1.4294 |     46.919 |     0.4
    6 |   1.4114 |     46.260 |   1.4208 |     46.919 |     0.4
    7 |   1.4059 |     46.282 |   1.4163 |     46.919 |     0.5
    8 |   1.3971 |     46.183 |   1.4095 |     46.919 |     0.6
    9 |   1.3865 |     46.041 |   1.3964 |     46.057 |     0.6
   10 |   1.3685 |     45.090 |   1.3699 |     45.256 |     0.7
   11 |   1.3539 |     44.838 |   1.3634 |     45.687 |     0.8
   12 |   1.3467 |     44.548 |   1.3559 |     45.379 |     0.9
   13 |   1.3389 |     44.472 |   1.3485 |     45.040 |     0.9
   14 |   1.3335 |     44.133 |   1.3424 |     44.824 |     1.0
   15 |   1.3270 |     44.116 |   1.3352 |     44.547 |     1.1
   16 |   1.3213 |     44.155 |   1.3317 |     44.824 |     1.1
   17 |   1.3159 |     44.149 |   1.3303 |     44.516 |     1.2
   18 |   1.3112 |     44.051 |   1.3165 |     44.208 |     1.3
   19 |   1.3081 |     44.187 |   1.3221 |     44.978 |     1.3
   20 |   1.3054 |     44.133 |   1.3349 |     44.516 |     1.4
   21 |   1.3034 |     44.073 |   1.3145 |     43.931 |     1.5
   22 |   1.2957 |     44.056 |   1.3124 |     43.962 |     1.6
   23 |   1.2942 |     43.498 |   1.3091 |     43.592 |     1.6
   24 |   1.2894 |     43.537 |   1.3101 |     43.284 |     1.7
   25 |   1.2878 |     43.673 |   1.3030 |     43.099 |     1.8
   26 |   1.2794 |     43.395 |   1.2961 |     43.500 |     1.8
   27 |   1.2764 |     43.138 |   1.2947 |     42.853 |     1.9
   28 |   1.2732 |     42.831 |   1.2904 |     42.976 |     2.0
   29 |   1.2706 |     43.050 |   1.2889 |     42.791 |     2.1
   30 |   1.2699 |     42.919 |   1.2947 |     43.222 |     2.1
   31 |   1.2665 |     42.881 |   1.2921 |     42.421 |     2.2
   32 |   1.2580 |     42.645 |   1.2712 |     42.267 |     2.3
   33 |   1.2543 |     42.678 |   1.2859 |     42.514 |     2.3
   34 |   1.2501 |     42.372 |   1.2701 |     41.282 |     2.4
   35 |   1.2426 |     42.099 |   1.2766 |     41.959 |     2.5
   36 |   1.2398 |     42.099 |   1.2634 |     41.497 |     2.6
   37 |   1.2406 |     42.049 |   1.2845 |     42.452 |     2.6
   38 |   1.2427 |     41.989 |   1.2693 |     42.052 |     2.7
   39 |   1.2385 |     42.044 |   1.2692 |     42.329 |     2.8
   40 |   1.2344 |     41.946 |   1.2646 |     41.898 |     2.8
   41 |   1.2311 |     41.836 |   1.2497 |     41.559 |     2.9
   42 |   1.2190 |     41.486 |   1.2557 |     41.374 |     3.0
   43 |   1.2179 |     41.426 |   1.2557 |     41.282 |     3.1
   44 |   1.2278 |     41.519 |   1.2449 |     41.497 |     3.1
   45 |   1.2179 |     41.683 |   1.2410 |     41.836 |     3.2
   46 |   1.2160 |     41.579 |   1.2449 |     41.651 |     3.3
   47 |   1.2160 |     41.552 |   1.2515 |     41.189 |     3.3
   48 |   1.1977 |     41.103 |   1.2384 |     40.604 |     3.4
   49 |   1.1946 |     40.945 |   1.2460 |     41.282 |     3.5
   50 |   1.2012 |     41.175 |   1.2335 |     41.651 |     3.6
   51 |   1.1893 |     41.027 |   1.2383 |     41.805 |     3.6
   52 |   1.1889 |     41.142 |   1.2492 |     41.836 |     3.7
   53 |   1.1773 |     40.759 |   1.2288 |     41.528 |     3.8
   54 |   1.1760 |     40.770 |   1.2362 |     41.128 |     3.9
   55 |   1.1719 |     40.212 |   1.2249 |     40.789 |     3.9
   56 |   1.1701 |     40.655 |   1.2308 |     41.066 |     4.0
   57 |   1.1660 |     40.513 |   1.2247 |     40.819 |     4.1
   58 |   1.1592 |     40.130 |   1.2345 |     41.436 |     4.1
   59 |   1.1712 |     40.518 |   1.2362 |     41.497 |     4.2
   60 |   1.1610 |     40.190 |   1.2283 |     40.881 |     4.3
   61 |   1.1577 |     40.010 |   1.2288 |     41.774 |     4.4
Early stopping

Model: Seq2Seq Multimodal Bi-LSTM
Source index: <Seq2Seq Index with 45 items>
Target index: <Seq2Seq Index with 34 items>
Encoder embedding dimension: 64
Descriptors dimension: 1136
Decoder embedding dimension: 128
Encoder hidden units: 128
Encoder layers: 3
Decoder hidden units: 128
Decoder layers: 3
Dropout: 0.1
Trainable parameters: 2,177,762

Training started
X_train.shape: torch.Size([3048, 649])
Y_train.shape: torch.Size([3048, 7])
X_dev.shape: torch.Size([541, 337])
Y_dev.shape: torch.Size([541, 7])
Epochs: 500
Learning rate: 0.001
Weight decay: 0.0001
Epoch | Train                 | Development           | Minutes
      | Loss     | Error Rate | Loss     | Error Rate |
---------------------------------------------------------------
    1 |   2.2070 |     60.411 |   1.6458 |     46.950 |     0.1
    2 |   1.4936 |     46.369 |   1.4447 |     46.919 |     0.1
    3 |   1.4162 |     46.183 |   1.4253 |     46.919 |     0.2
    4 |   1.3982 |     46.085 |   1.3942 |     46.457 |     0.2
    5 |   1.3665 |     45.095 |   1.3643 |     45.163 |     0.3
    6 |   1.3362 |     44.494 |   1.3345 |     45.194 |     0.3
    7 |   1.3038 |     44.193 |   1.3008 |     44.424 |     0.4
    8 |   1.2678 |     43.050 |   1.2688 |     42.267 |     0.5
    9 |   1.2282 |     41.289 |   1.2405 |     41.682 |     0.5
   10 |   1.2024 |     40.693 |   1.1991 |     40.018 |     0.6
   11 |   1.1713 |     39.523 |   1.1824 |     39.926 |     0.6
   12 |   1.1486 |     39.058 |   1.1628 |     38.909 |     0.7
   13 |   1.1221 |     38.058 |   1.1428 |     38.293 |     0.7
   14 |   1.1011 |     37.686 |   1.1207 |     37.985 |     0.8
   15 |   1.0823 |     37.052 |   1.1184 |     37.554 |     0.8
   16 |   1.0601 |     35.947 |   1.0911 |     35.613 |     0.9
   17 |   1.0347 |     35.619 |   1.0982 |     36.691 |     1.0
   18 |   1.0201 |     34.930 |   1.0841 |     36.075 |     1.0
   19 |   1.0022 |     34.241 |   1.0515 |     35.089 |     1.1
   20 |   0.9676 |     33.054 |   1.0441 |     34.535 |     1.1
   21 |   0.9440 |     32.283 |   1.0348 |     34.627 |     1.2
   22 |   0.9260 |     31.512 |   1.0208 |     34.042 |     1.2
   23 |   0.9045 |     30.616 |   1.0110 |     33.734 |     1.3
   24 |   0.8822 |     30.085 |   0.9985 |     33.087 |     1.4
   25 |   0.8528 |     29.024 |   0.9858 |     32.255 |     1.4
   26 |   0.8383 |     28.516 |   0.9801 |     32.255 |     1.5
   27 |   0.8256 |     28.122 |   0.9779 |     31.762 |     1.5
   28 |   0.7948 |     26.908 |   0.9549 |     32.286 |     1.6
   29 |   0.7828 |     26.651 |   0.9595 |     31.885 |     1.6
   30 |   0.7659 |     26.372 |   0.9567 |     31.208 |     1.7
   31 |   0.7456 |     25.153 |   0.9542 |     31.762 |     1.8
   32 |   0.7256 |     24.798 |   0.9627 |     31.269 |     1.8
   33 |   0.7099 |     24.065 |   0.9375 |     30.746 |     1.9
   34 |   0.7101 |     24.245 |   0.9607 |     30.591 |     1.9
   35 |   0.6805 |     23.103 |   0.9311 |     30.314 |     2.0
   36 |   0.6598 |     22.326 |   0.9369 |     29.205 |     2.0
   37 |   0.6420 |     22.222 |   0.9288 |     29.051 |     2.1
   38 |   0.6340 |     21.446 |   0.9253 |     29.667 |     2.2
   39 |   0.6151 |     20.872 |   0.9374 |     29.390 |     2.2
   40 |   0.6082 |     20.904 |   0.9325 |     29.144 |     2.3
   41 |   0.5876 |     20.024 |   0.9351 |     28.897 |     2.3
   42 |   0.5862 |     19.909 |   0.9306 |     28.959 |     2.4
Early stopping

Model: Seq2Seq Multimodal Bi-LSTM
Source index: <Seq2Seq Index with 45 items>
Target index: <Seq2Seq Index with 34 items>
Encoder embedding dimension: 128
Descriptors dimension: 1136
Decoder embedding dimension: 64
Encoder hidden units: 128
Encoder layers: 3
Decoder hidden units: 128
Decoder layers: 3
Dropout: 0.0
Trainable parameters: 2,211,234

Training started
X_train.shape: torch.Size([3048, 649])
Y_train.shape: torch.Size([3048, 7])
X_dev.shape: torch.Size([541, 337])
Y_dev.shape: torch.Size([541, 7])
Epochs: 500
Learning rate: 0.001
Weight decay: 1e-05
Epoch | Train                 | Development           | Minutes
      | Loss     | Error Rate | Loss     | Error Rate |
---------------------------------------------------------------
    1 |   2.2339 |     61.909 |   1.6272 |     46.919 |     0.1
    2 |   1.4783 |     46.227 |   1.4408 |     46.827 |     0.1
    3 |   1.4103 |     46.353 |   1.4107 |     47.135 |     0.2
    4 |   1.3914 |     46.025 |   1.3968 |     46.087 |     0.2
    5 |   1.3674 |     45.112 |   1.3660 |     45.040 |     0.3
    6 |   1.3447 |     44.543 |   1.3490 |     45.779 |     0.3
    7 |   1.3225 |     44.133 |   1.3320 |     45.040 |     0.4
    8 |   1.3039 |     43.608 |   1.3083 |     44.116 |     0.4
    9 |   1.2866 |     43.061 |   1.2959 |     43.777 |     0.5
   10 |   1.2660 |     42.569 |   1.2692 |     41.867 |     0.6
   11 |   1.2470 |     41.858 |   1.2716 |     41.374 |     0.6
   12 |   1.2305 |     41.153 |   1.2405 |     40.573 |     0.7
   13 |   1.2055 |     40.682 |   1.2259 |     39.341 |     0.7
   14 |   1.1897 |     40.305 |   1.2320 |     40.511 |     0.8
   15 |   1.1649 |     39.545 |   1.2005 |     39.217 |     0.8
   16 |   1.1491 |     38.938 |   1.1945 |     39.402 |     0.9
   17 |   1.1304 |     38.287 |   1.1969 |     39.156 |     0.9
   18 |   1.1162 |     37.877 |   1.1725 |     38.755 |     1.0
   19 |   1.0915 |     36.981 |   1.1774 |     38.355 |     1.0
   20 |   1.0881 |     36.745 |   1.1453 |     36.815 |     1.1
   21 |   1.0590 |     35.810 |   1.1330 |     37.369 |     1.2
   22 |   1.0416 |     34.996 |   1.1336 |     36.414 |     1.2
   23 |   1.0250 |     34.613 |   1.1165 |     36.137 |     1.3
   24 |   1.0074 |     34.000 |   1.1263 |     36.784 |     1.3
   25 |   0.9909 |     33.175 |   1.1265 |     36.969 |     1.4
   26 |   0.9787 |     33.005 |   1.1246 |     37.369 |     1.4
   27 |   0.9658 |     32.715 |   1.0970 |     35.551 |     1.5
   28 |   0.9465 |     31.944 |   1.1070 |     36.568 |     1.5
   29 |   0.9275 |     31.288 |   1.0921 |     35.182 |     1.6
   30 |   0.9124 |     30.856 |   1.0940 |     35.428 |     1.7
   31 |   0.8967 |     30.309 |   1.1116 |     34.935 |     1.7
   32 |   0.8808 |     30.162 |   1.1074 |     36.260 |     1.8
   33 |   0.8723 |     29.495 |   1.1090 |     36.476 |     1.8
   34 |   0.8517 |     28.806 |   1.0877 |     35.459 |     1.9
   35 |   0.8387 |     28.784 |   1.0926 |     36.137 |     1.9
   36 |   0.8226 |     28.040 |   1.0936 |     35.028 |     2.0
   37 |   0.7941 |     27.275 |   1.0953 |     35.367 |     2.0
   38 |   0.7937 |     27.209 |   1.1028 |     36.106 |     2.1
   39 |   0.7890 |     27.253 |   1.0723 |     34.258 |     2.1
   40 |   0.7690 |     26.274 |   1.0720 |     34.165 |     2.2
   41 |   0.7497 |     25.694 |   1.0823 |     34.658 |     2.3
   42 |   0.7452 |     26.077 |   1.0774 |     33.980 |     2.3
   43 |   0.7301 |     25.410 |   1.0864 |     34.935 |     2.4
   44 |   0.7167 |     24.836 |   1.0931 |     33.980 |     2.4
Early stopping

Model: Seq2Seq Multimodal Bi-LSTM
Source index: <Seq2Seq Index with 45 items>
Target index: <Seq2Seq Index with 34 items>
Encoder embedding dimension: 128
Descriptors dimension: 1136
Decoder embedding dimension: 64
Encoder hidden units: 64
Encoder layers: 2
Decoder hidden units: 64
Decoder layers: 3
Dropout: 0.2
Trainable parameters: 503,330

Training started
X_train.shape: torch.Size([3048, 649])
Y_train.shape: torch.Size([3048, 7])
X_dev.shape: torch.Size([541, 337])
Y_dev.shape: torch.Size([541, 7])
Epochs: 500
Learning rate: 0.001
Weight decay: 1e-05
Epoch | Train                 | Development           | Minutes
      | Loss     | Error Rate | Loss     | Error Rate |
---------------------------------------------------------------
    1 |   2.6136 |     69.773 |   2.0587 |     58.965 |     0.0
    2 |   1.8113 |     51.405 |   1.6265 |     46.981 |     0.0
    3 |   1.5261 |     46.260 |   1.4776 |     46.919 |     0.1
    4 |   1.4417 |     46.222 |   1.4382 |     46.981 |     0.1
    5 |   1.4185 |     46.315 |   1.4206 |     46.919 |     0.1
    6 |   1.4056 |     46.205 |   1.4074 |     46.827 |     0.1
    7 |   1.3912 |     46.058 |   1.4002 |     46.888 |     0.1
    8 |   1.3787 |     45.965 |   1.3872 |     46.673 |     0.1
    9 |   1.3646 |     45.560 |   1.3699 |     46.488 |     0.2
   10 |   1.3457 |     44.723 |   1.3453 |     45.317 |     0.2
   11 |   1.3237 |     44.253 |   1.3277 |     45.163 |     0.2
   12 |   1.3073 |     43.745 |   1.3115 |     44.177 |     0.2
   13 |   1.2909 |     43.548 |   1.2983 |     43.715 |     0.2
   14 |   1.2671 |     42.809 |   1.2676 |     42.298 |     0.3
   15 |   1.2447 |     42.257 |   1.2466 |     41.343 |     0.3
   16 |   1.2203 |     41.486 |   1.2390 |     41.436 |     0.3
   17 |   1.1956 |     40.928 |   1.2152 |     39.587 |     0.3
   18 |   1.1762 |     40.059 |   1.2004 |     39.680 |     0.3
   19 |   1.1622 |     39.496 |   1.2003 |     40.018 |     0.4
   20 |   1.1463 |     38.862 |   1.1695 |     38.725 |     0.4
   21 |   1.1273 |     38.512 |   1.1714 |     39.002 |     0.4
   22 |   1.1162 |     38.178 |   1.1523 |     38.355 |     0.4
   23 |   1.0942 |     37.210 |   1.1495 |     38.355 |     0.4
   24 |   1.0784 |     36.472 |   1.1346 |     37.616 |     0.4
   25 |   1.0655 |     35.827 |   1.1448 |     38.139 |     0.5
   26 |   1.0581 |     35.778 |   1.1346 |     37.677 |     0.5
   27 |   1.0360 |     34.930 |   1.1171 |     37.492 |     0.5
   28 |   1.0216 |     34.307 |   1.1074 |     35.860 |     0.5
   29 |   1.0129 |     34.307 |   1.0947 |     36.352 |     0.5
   30 |   1.0048 |     33.979 |   1.0949 |     35.921 |     0.6
   31 |   0.9809 |     33.142 |   1.0772 |     35.213 |     0.6
   32 |   0.9670 |     32.661 |   1.0799 |     34.689 |     0.6
   33 |   0.9528 |     32.311 |   1.0644 |     34.596 |     0.6
   34 |   0.9400 |     31.709 |   1.0503 |     34.165 |     0.6
   35 |   0.9200 |     30.911 |   1.0652 |     34.904 |     0.7
   36 |   0.9185 |     30.818 |   1.0526 |     34.689 |     0.7
   37 |   0.9026 |     30.342 |   1.0359 |     33.457 |     0.7
   38 |   0.8873 |     30.058 |   1.0356 |     33.056 |     0.7
   39 |   0.8748 |     29.167 |   1.0305 |     33.518 |     0.7
   40 |   0.8628 |     28.850 |   1.0339 |     32.964 |     0.7
   41 |   0.8582 |     28.664 |   1.0232 |     32.656 |     0.8
   42 |   0.8369 |     28.336 |   1.0199 |     32.440 |     0.8
   43 |   0.8341 |     27.958 |   1.0273 |     32.779 |     0.8
   44 |   0.8321 |     27.975 |   1.0295 |     32.502 |     0.8
   45 |   0.8086 |     27.253 |   1.0114 |     32.193 |     0.8
   46 |   0.8039 |     26.947 |   1.0143 |     31.978 |     0.9
   47 |   0.7966 |     26.908 |   0.9983 |     31.793 |     0.9
   48 |   0.7957 |     26.892 |   0.9866 |     31.146 |     0.9
   49 |   0.7707 |     25.771 |   0.9850 |     31.762 |     0.9
   50 |   0.7653 |     25.744 |   0.9769 |     30.684 |     0.9
   51 |   0.7544 |     25.301 |   0.9835 |     31.115 |     0.9
   52 |   0.7480 |     24.907 |   0.9888 |     30.930 |     1.0
   53 |   0.7385 |     24.874 |   0.9756 |     30.622 |     1.0
   54 |   0.7362 |     24.584 |   0.9718 |     30.807 |     1.0
   55 |   0.7257 |     24.573 |   0.9778 |     30.684 |     1.0
   56 |   0.7115 |     23.977 |   0.9664 |     30.160 |     1.0
   57 |   0.6973 |     23.321 |   0.9654 |     30.407 |     1.1
   58 |   0.6880 |     23.157 |   0.9729 |     30.437 |     1.1
   59 |   0.6872 |     23.081 |   0.9744 |     30.468 |     1.1
   60 |   0.6785 |     22.692 |   0.9748 |     30.776 |     1.1
   61 |   0.6753 |     22.862 |   0.9740 |     30.253 |     1.1
Early stopping

Model: Seq2Seq Multimodal Bi-LSTM
Source index: <Seq2Seq Index with 45 items>
Target index: <Seq2Seq Index with 34 items>
Encoder embedding dimension: 128
Descriptors dimension: 1136
Decoder embedding dimension: 64
Encoder hidden units: 32
Encoder layers: 3
Decoder hidden units: 64
Decoder layers: 3
Dropout: 0.1
Trainable parameters: 344,578

Training started
X_train.shape: torch.Size([3048, 649])
Y_train.shape: torch.Size([3048, 7])
X_dev.shape: torch.Size([541, 337])
Y_dev.shape: torch.Size([541, 7])
Epochs: 500
Learning rate: 0.001
Weight decay: 1e-05
Epoch | Train                 | Development           | Minutes
      | Loss     | Error Rate | Loss     | Error Rate |
---------------------------------------------------------------
    1 |   2.5473 |     68.313 |   1.9876 |     56.839 |     0.0
    2 |   1.7270 |     49.366 |   1.5593 |     46.919 |     0.0
    3 |   1.4872 |     46.205 |   1.4614 |     46.919 |     0.1
    4 |   1.4290 |     46.309 |   1.4296 |     46.827 |     0.1
    5 |   1.4002 |     46.325 |   1.3938 |     46.919 |     0.1
    6 |   1.3767 |     45.828 |   1.3809 |     45.964 |     0.1
    7 |   1.3576 |     45.609 |   1.3611 |     45.441 |     0.1
    8 |   1.3430 |     45.505 |   1.3625 |     46.057 |     0.1
    9 |   1.3278 |     45.226 |   1.3444 |     45.595 |     0.2
   10 |   1.3184 |     45.243 |   1.3283 |     45.441 |     0.2
   11 |   1.3016 |     44.849 |   1.3122 |     44.516 |     0.2
   12 |   1.2791 |     43.657 |   1.2807 |     43.192 |     0.2
   13 |   1.2633 |     42.875 |   1.2698 |     42.976 |     0.2
   14 |   1.2413 |     42.213 |   1.2490 |     42.360 |     0.2
   15 |   1.2259 |     41.503 |   1.2350 |     42.267 |     0.3
   16 |   1.1993 |     40.655 |   1.2223 |     41.066 |     0.3
   17 |   1.1811 |     40.026 |   1.1957 |     40.080 |     0.3
   18 |   1.1588 |     39.080 |   1.1868 |     39.433 |     0.3
   19 |   1.1360 |     38.369 |   1.1744 |     39.002 |     0.3
   20 |   1.1093 |     37.303 |   1.1479 |     37.492 |     0.3
   21 |   1.0882 |     36.565 |   1.1345 |     36.661 |     0.4
   22 |   1.0661 |     35.876 |   1.1237 |     36.907 |     0.4
   23 |   1.0395 |     35.105 |   1.1119 |     36.383 |     0.4
   24 |   1.0210 |     34.646 |   1.1046 |     35.767 |     0.4
   25 |   1.0030 |     33.946 |   1.1012 |     36.753 |     0.4
   26 |   0.9833 |     33.208 |   1.0911 |     35.921 |     0.4
   27 |   0.9588 |     32.125 |   1.0742 |     34.966 |     0.5
   28 |   0.9364 |     31.135 |   1.0658 |     34.812 |     0.5
   29 |   0.9161 |     30.802 |   1.0504 |     33.980 |     0.5
   30 |   0.9001 |     30.178 |   1.0485 |     33.795 |     0.5
   31 |   0.8791 |     29.008 |   1.0341 |     32.686 |     0.5
   32 |   0.8570 |     28.346 |   1.0313 |     33.457 |     0.6
   33 |   0.8470 |     28.133 |   1.0243 |     33.303 |     0.6
   34 |   0.8319 |     27.472 |   1.0134 |     32.348 |     0.6
   35 |   0.8142 |     27.083 |   1.0072 |     32.317 |     0.6
   36 |   0.7926 |     26.012 |   1.0013 |     31.916 |     0.6
   37 |   0.7774 |     25.476 |   1.0309 |     32.255 |     0.6
   38 |   0.7664 |     24.940 |   1.0128 |     31.608 |     0.7
   39 |   0.7428 |     24.584 |   0.9968 |     31.947 |     0.7
   40 |   0.7345 |     24.142 |   1.0149 |     30.930 |     0.7
   41 |   0.7247 |     23.835 |   0.9924 |     30.437 |     0.7
   42 |   0.7001 |     22.682 |   0.9887 |     30.715 |     0.7
   43 |   0.6908 |     22.862 |   0.9984 |     29.729 |     0.7
   44 |   0.6783 |     22.310 |   1.0011 |     29.821 |     0.8
   45 |   0.6663 |     21.861 |   0.9917 |     29.636 |     0.8
   46 |   0.6571 |     21.659 |   1.0028 |     29.698 |     0.8
Early stopping

Model: Seq2Seq Multimodal Bi-LSTM
Source index: <Seq2Seq Index with 45 items>
Target index: <Seq2Seq Index with 34 items>
Encoder embedding dimension: 128
Descriptors dimension: 1136
Decoder embedding dimension: 64
Encoder hidden units: 128
Encoder layers: 4
Decoder hidden units: 64
Decoder layers: 3
Dropout: 0.2
Trainable parameters: 2,535,330

Training started
X_train.shape: torch.Size([3048, 649])
Y_train.shape: torch.Size([3048, 7])
X_dev.shape: torch.Size([541, 337])
Y_dev.shape: torch.Size([541, 7])
Epochs: 500
Learning rate: 0.001
Weight decay: 0.0001
Epoch | Train                 | Development           | Minutes
      | Loss     | Error Rate | Loss     | Error Rate |
---------------------------------------------------------------
    1 |   2.4962 |     66.891 |   1.9422 |     52.557 |     0.1
    2 |   1.6964 |     48.874 |   1.5448 |     46.919 |     0.1
    3 |   1.4822 |     46.205 |   1.4561 |     46.919 |     0.2
    4 |   1.4307 |     46.222 |   1.4302 |     46.827 |     0.3
    5 |   1.4101 |     46.304 |   1.4166 |     46.919 |     0.4
    6 |   1.4026 |     46.249 |   1.4086 |     46.919 |     0.5
    7 |   1.3933 |     46.211 |   1.4028 |     46.858 |     0.5
    8 |   1.3838 |     45.976 |   1.3928 |     46.242 |     0.6
    9 |   1.3711 |     45.177 |   1.3803 |     45.933 |     0.7
   10 |   1.3597 |     44.953 |   1.3630 |     45.502 |     0.8
   11 |   1.3451 |     44.838 |   1.3476 |     44.640 |     0.8
   12 |   1.3368 |     44.614 |   1.3469 |     44.886 |     0.9
   13 |   1.3290 |     44.494 |   1.3560 |     45.903 |     1.0
   14 |   1.3262 |     44.488 |   1.3324 |     44.670 |     1.1
   15 |   1.3158 |     44.171 |   1.3240 |     44.578 |     1.1
   16 |   1.3085 |     44.084 |   1.3148 |     44.486 |     1.2
   17 |   1.2991 |     43.865 |   1.3036 |     43.869 |     1.3
   18 |   1.2882 |     43.498 |   1.3057 |     43.500 |     1.4
   19 |   1.2859 |     43.231 |   1.2929 |     42.914 |     1.4
   20 |   1.2751 |     42.919 |   1.2825 |     42.237 |     1.5
   21 |   1.2692 |     42.706 |   1.2861 |     42.545 |     1.6
   22 |   1.2716 |     42.520 |   1.2846 |     42.637 |     1.7
   23 |   1.2542 |     42.449 |   1.2716 |     41.774 |     1.7
   24 |   1.2510 |     42.257 |   1.2636 |     41.528 |     1.8
   25 |   1.2481 |     42.263 |   1.2567 |     41.097 |     1.9
   26 |   1.2338 |     41.650 |   1.2489 |     41.898 |     2.0
   27 |   1.2310 |     41.388 |   1.2442 |     40.635 |     2.0
   28 |   1.2311 |     41.792 |   1.2555 |     41.744 |     2.1
   29 |   1.2162 |     41.497 |   1.2435 |     41.158 |     2.2
   30 |   1.2137 |     41.262 |   1.2495 |     40.789 |     2.3
   31 |   1.2047 |     40.836 |   1.2395 |     40.696 |     2.3
   32 |   1.2094 |     41.191 |   1.2436 |     41.035 |     2.4
   33 |   1.1950 |     40.967 |   1.2318 |     39.988 |     2.5
   34 |   1.2007 |     40.759 |   1.2260 |     39.741 |     2.6
   35 |   1.1944 |     40.617 |   1.2231 |     40.080 |     2.6
   36 |   1.1824 |     40.294 |   1.2107 |     40.296 |     2.7
   37 |   1.1787 |     40.043 |   1.2157 |     40.542 |     2.8
   38 |   1.1690 |     39.594 |   1.2264 |     40.789 |     2.9
   39 |   1.1654 |     39.906 |   1.2032 |     40.234 |     2.9
   40 |   1.1595 |     39.687 |   1.2037 |     40.665 |     3.0
   41 |   1.1494 |     39.365 |   1.1998 |     39.094 |     3.1
   42 |   1.1485 |     39.348 |   1.2144 |     39.710 |     3.2
   43 |   1.1588 |     39.469 |   1.1953 |     39.094 |     3.2
   44 |   1.1401 |     38.862 |   1.1844 |     38.386 |     3.3
   45 |   1.1294 |     38.495 |   1.1799 |     38.909 |     3.4
   46 |   1.1319 |     38.528 |   1.1888 |     39.372 |     3.5
   47 |   1.1206 |     38.315 |   1.1764 |     38.817 |     3.5
   48 |   1.1154 |     37.927 |   1.1787 |     38.324 |     3.6
   49 |   1.1039 |     37.369 |   1.1632 |     37.523 |     3.7
   50 |   1.0999 |     37.320 |   1.1701 |     37.523 |     3.8
   51 |   1.1004 |     37.281 |   1.1584 |     37.307 |     3.8
   52 |   1.0831 |     36.707 |   1.1636 |     37.616 |     3.9
   53 |   1.0803 |     36.658 |   1.1679 |     37.616 |     4.0
   54 |   1.0806 |     36.264 |   1.1605 |     38.047 |     4.1
   55 |   1.0728 |     36.199 |   1.1672 |     38.201 |     4.2
Early stopping

Model: Seq2Seq Multimodal Bi-LSTM
Source index: <Seq2Seq Index with 45 items>
Target index: <Seq2Seq Index with 34 items>
Encoder embedding dimension: 64
Descriptors dimension: 1136
Decoder embedding dimension: 128
Encoder hidden units: 64
Encoder layers: 4
Decoder hidden units: 128
Decoder layers: 2
Dropout: 0.1
Trainable parameters: 1,128,034

Training started
X_train.shape: torch.Size([3048, 649])
Y_train.shape: torch.Size([3048, 7])
X_dev.shape: torch.Size([541, 337])
Y_dev.shape: torch.Size([541, 7])
Epochs: 500
Learning rate: 0.001
Weight decay: 1e-05
Epoch | Train                 | Development           | Minutes
      | Loss     | Error Rate | Loss     | Error Rate |
---------------------------------------------------------------
    1 |   2.0647 |     56.381 |   1.5018 |     46.858 |     0.0
    2 |   1.4007 |     45.177 |   1.3551 |     44.917 |     0.1
    3 |   1.2876 |     42.542 |   1.2515 |     41.066 |     0.1
    4 |   1.2030 |     39.857 |   1.1879 |     39.372 |     0.1
    5 |   1.1451 |     37.959 |   1.1353 |     37.739 |     0.2
    6 |   1.0746 |     35.827 |   1.0806 |     34.812 |     0.2
    7 |   1.0092 |     32.901 |   1.0595 |     34.997 |     0.2
    8 |   0.9550 |     31.469 |   0.9956 |     32.009 |     0.3
    9 |   0.8959 |     29.495 |   0.9660 |     30.992 |     0.3
   10 |   0.8498 |     27.690 |   0.9374 |     30.068 |     0.3
   11 |   0.7874 |     25.585 |   0.9133 |     30.222 |     0.4
   12 |   0.7491 |     24.546 |   0.9018 |     29.051 |     0.4
   13 |   0.7109 |     23.578 |   0.8920 |     28.096 |     0.4
   14 |   0.6635 |     21.747 |   0.8795 |     28.189 |     0.4
   15 |   0.6299 |     20.582 |   0.8608 |     27.172 |     0.5
   16 |   0.5981 |     19.133 |   0.8703 |     27.511 |     0.5
   17 |   0.5719 |     18.641 |   0.8529 |     26.494 |     0.5
   18 |   0.5340 |     17.487 |   0.8362 |     26.032 |     0.6
   19 |   0.5132 |     16.847 |   0.8642 |     26.802 |     0.6
   20 |   0.4986 |     16.716 |   0.8581 |     26.371 |     0.6
   21 |   0.4885 |     16.224 |   0.8831 |     26.278 |     0.7
   22 |   0.4784 |     15.918 |   0.8633 |     25.323 |     0.7
Early stopping

Model: Seq2Seq Multimodal Bi-LSTM
Source index: <Seq2Seq Index with 45 items>
Target index: <Seq2Seq Index with 34 items>
Encoder embedding dimension: 64
Descriptors dimension: 1136
Decoder embedding dimension: 128
Encoder hidden units: 64
Encoder layers: 3
Decoder hidden units: 64
Decoder layers: 4
Dropout: 0.2
Trainable parameters: 728,482

Training started
X_train.shape: torch.Size([3048, 649])
Y_train.shape: torch.Size([3048, 7])
X_dev.shape: torch.Size([541, 337])
Y_dev.shape: torch.Size([541, 7])
Epochs: 500
Learning rate: 0.001
Weight decay: 0.0001
Epoch | Train                 | Development           | Minutes
      | Loss     | Error Rate | Loss     | Error Rate |
---------------------------------------------------------------
    1 |   2.5629 |     69.094 |   2.0108 |     58.965 |     0.0
    2 |   1.7781 |     50.749 |   1.6051 |     49.261 |     0.0
    3 |   1.5107 |     46.358 |   1.4649 |     46.919 |     0.1
    4 |   1.4394 |     46.249 |   1.4386 |     46.919 |     0.1
    5 |   1.4144 |     46.211 |   1.4226 |     46.919 |     0.1
    6 |   1.3848 |     46.211 |   1.3892 |     46.919 |     0.1
    7 |   1.3613 |     46.134 |   1.3643 |     46.149 |     0.2
    8 |   1.3331 |     45.702 |   1.3449 |     45.009 |     0.2
    9 |   1.3157 |     45.336 |   1.3334 |     45.564 |     0.2
   10 |   1.3002 |     44.904 |   1.3113 |     45.102 |     0.2
   11 |   1.2872 |     44.565 |   1.3134 |     44.978 |     0.3
   12 |   1.2816 |     44.619 |   1.2998 |     44.732 |     0.3
   13 |   1.2712 |     44.362 |   1.2906 |     45.779 |     0.3
   14 |   1.2584 |     43.816 |   1.2792 |     44.547 |     0.3
   15 |   1.2439 |     43.444 |   1.2625 |     44.208 |     0.4
   16 |   1.2307 |     43.127 |   1.2560 |     44.547 |     0.4
   17 |   1.2203 |     42.295 |   1.2407 |     42.730 |     0.4
   18 |   1.1935 |     41.125 |   1.2184 |     41.004 |     0.4
   19 |   1.1842 |     40.748 |   1.2146 |     40.912 |     0.5
   20 |   1.1730 |     40.666 |   1.2118 |     41.559 |     0.5
   21 |   1.1589 |     40.157 |   1.1817 |     40.265 |     0.5
   22 |   1.1347 |     39.075 |   1.1745 |     39.402 |     0.5
   23 |   1.1300 |     38.845 |   1.1700 |     39.279 |     0.5
   24 |   1.1130 |     37.910 |   1.1601 |     38.601 |     0.6
   25 |   1.0949 |     37.221 |   1.1376 |     39.125 |     0.6
   26 |   1.0880 |     37.035 |   1.1653 |     37.677 |     0.6
   27 |   1.0748 |     36.674 |   1.1256 |     37.246 |     0.6
   28 |   1.0618 |     36.379 |   1.1341 |     38.201 |     0.7
   29 |   1.0537 |     35.745 |   1.1166 |     37.739 |     0.7
   30 |   1.0449 |     35.537 |   1.1088 |     37.307 |     0.7
   31 |   1.0343 |     35.110 |   1.1155 |     36.784 |     0.7
   32 |   1.0218 |     34.903 |   1.0883 |     36.075 |     0.8
   33 |   1.0103 |     34.531 |   1.1033 |     36.691 |     0.8
   34 |   1.0012 |     34.082 |   1.0862 |     36.229 |     0.8
   35 |   0.9848 |     33.366 |   1.0782 |     35.613 |     0.8
   36 |   0.9759 |     33.257 |   1.0607 |     34.843 |     0.9
   37 |   0.9624 |     32.551 |   1.0465 |     34.442 |     0.9
   38 |   0.9545 |     32.415 |   1.0478 |     34.196 |     0.9
   39 |   0.9308 |     31.584 |   1.0553 |     34.504 |     0.9
   40 |   0.9304 |     31.589 |   1.0480 |     34.042 |     1.0
   41 |   0.9161 |     31.015 |   1.0271 |     33.272 |     1.0
   42 |   0.9093 |     30.752 |   1.0378 |     33.857 |     1.0
   43 |   0.9107 |     30.670 |   1.0312 |     33.395 |     1.0
   44 |   0.8949 |     30.102 |   1.0328 |     33.765 |     1.1
   45 |   0.9001 |     30.320 |   1.0354 |     33.857 |     1.1
Early stopping

