Model: Seq2Seq Multimodal Bi-LSTM
Source index: <Seq2Seq Index with 45 items>
Target index: <Seq2Seq Index with 34 items>
Encoder embedding dimension: 128
Descriptors dimension: 1136
Decoder embedding dimension: 64
Encoder hidden units: 32
Encoder layers: 2
Decoder hidden units: 64
Decoder layers: 2
Dropout: 0.1
Trainable parameters: 236,514

Training started
X_train.shape: torch.Size([3034, 702])
Y_train.shape: torch.Size([3034, 7])
X_dev.shape: torch.Size([542, 350])
Y_dev.shape: torch.Size([542, 7])
Epochs: 500
Learning rate: 0.0001
Weight decay: 0.0001
Epoch | Train                 | Development           | Minutes
      | Loss     | Error Rate | Loss     | Error Rate |
---------------------------------------------------------------
    1 |   3.4468 |     87.069 |   3.2582 |     77.214 |     0.0
    2 |   2.8598 |     78.197 |   2.5899 |     67.343 |     0.0
    3 |   2.4368 |     62.865 |   2.3151 |     59.317 |     0.0
    4 |   2.2340 |     58.284 |   2.1647 |     56.827 |     0.1
    5 |   2.1040 |     56.674 |   2.0501 |     56.704 |     0.1
    6 |   1.9964 |     55.164 |   1.9529 |     52.921 |     0.1
    7 |   1.9028 |     50.824 |   1.8635 |     49.108 |     0.1
    8 |   1.8186 |     48.610 |   1.7876 |     49.077 |     0.1
    9 |   1.7457 |     48.374 |   1.7224 |     49.077 |     0.1
   10 |   1.6817 |     48.325 |   1.6631 |     48.985 |     0.1
   11 |   1.6254 |     48.253 |   1.6112 |     48.954 |     0.1
   12 |   1.5770 |     47.100 |   1.5705 |     46.863 |     0.2
   13 |   1.5386 |     45.787 |   1.5368 |     46.894 |     0.2
   14 |   1.5055 |     45.770 |   1.5090 |     46.833 |     0.2
   15 |   1.4789 |     45.688 |   1.4845 |     46.863 |     0.2
   16 |   1.4551 |     45.517 |   1.4629 |     46.279 |     0.2
   17 |   1.4342 |     45.539 |   1.4440 |     46.310 |     0.2
   18 |   1.4161 |     45.517 |   1.4285 |     46.494 |     0.2
   19 |   1.4003 |     45.045 |   1.4130 |     46.279 |     0.2
   20 |   1.3847 |     44.891 |   1.4013 |     46.095 |     0.3
   21 |   1.3712 |     44.770 |   1.3897 |     45.387 |     0.3
   22 |   1.3568 |     44.216 |   1.3791 |     45.418 |     0.3
   23 |   1.3456 |     43.968 |   1.3690 |     45.141 |     0.3
   24 |   1.3342 |     43.754 |   1.3594 |     44.803 |     0.3
   25 |   1.3231 |     43.419 |   1.3514 |     44.373 |     0.3
   26 |   1.3124 |     43.095 |   1.3417 |     44.034 |     0.3
   27 |   1.3033 |     42.974 |   1.3358 |     44.127 |     0.3
   28 |   1.2943 |     42.342 |   1.3294 |     43.819 |     0.4
   29 |   1.2869 |     42.183 |   1.3247 |     43.788 |     0.4
   30 |   1.2768 |     41.606 |   1.3167 |     42.897 |     0.4
   31 |   1.2679 |     40.826 |   1.3122 |     42.835 |     0.4
   32 |   1.2601 |     40.661 |   1.3056 |     41.820 |     0.4
   33 |   1.2529 |     40.249 |   1.2977 |     41.882 |     0.4
   34 |   1.2458 |     39.931 |   1.2917 |     41.175 |     0.4
   35 |   1.2380 |     39.750 |   1.2886 |     41.113 |     0.4
   36 |   1.2307 |     39.420 |   1.2813 |     40.990 |     0.5
   37 |   1.2225 |     39.145 |   1.2759 |     41.021 |     0.5
   38 |   1.2148 |     38.695 |   1.2708 |     40.498 |     0.5
   39 |   1.2067 |     38.640 |   1.2669 |     40.621 |     0.5
   40 |   1.1997 |     38.184 |   1.2579 |     40.437 |     0.5
   41 |   1.1932 |     38.113 |   1.2580 |     40.221 |     0.5
   42 |   1.1867 |     37.970 |   1.2508 |     39.975 |     0.5
   43 |   1.1791 |     37.717 |   1.2446 |     40.437 |     0.5
   44 |   1.1711 |     37.376 |   1.2402 |     40.129 |     0.6
   45 |   1.1634 |     37.239 |   1.2395 |     39.914 |     0.6
   46 |   1.1567 |     37.080 |   1.2299 |     39.668 |     0.6
   47 |   1.1500 |     36.887 |   1.2254 |     39.483 |     0.6
   48 |   1.1434 |     36.767 |   1.2210 |     39.699 |     0.6
   49 |   1.1333 |     36.316 |   1.2149 |     39.053 |     0.6
   50 |   1.1285 |     36.421 |   1.2083 |     38.930 |     0.6
   51 |   1.1213 |     36.091 |   1.2047 |     39.606 |     0.7
   52 |   1.1163 |     35.871 |   1.2012 |     39.576 |     0.7
   53 |   1.1068 |     35.833 |   1.1975 |     39.330 |     0.7
   54 |   1.1001 |     35.673 |   1.1903 |     39.545 |     0.7
   55 |   1.0938 |     35.124 |   1.1913 |     39.145 |     0.7
   56 |   1.0884 |     35.377 |   1.1911 |     39.606 |     0.7
   57 |   1.0804 |     34.871 |   1.1765 |     39.084 |     0.7
   58 |   1.0715 |     34.328 |   1.1764 |     38.715 |     0.7
   59 |   1.0665 |     34.377 |   1.1683 |     38.438 |     0.8
   60 |   1.0595 |     34.179 |   1.1650 |     38.469 |     0.8
   61 |   1.0540 |     33.833 |   1.1637 |     38.530 |     0.8
   62 |   1.0461 |     33.652 |   1.1591 |     37.761 |     0.8
   63 |   1.0404 |     33.443 |   1.1522 |     37.915 |     0.8
   64 |   1.0344 |     33.169 |   1.1481 |     37.792 |     0.8
   65 |   1.0280 |     32.839 |   1.1442 |     38.007 |     0.8
   66 |   1.0205 |     32.850 |   1.1396 |     37.731 |     0.8
   67 |   1.0130 |     32.394 |   1.1395 |     37.300 |     0.9
   68 |   1.0101 |     32.482 |   1.1369 |     37.116 |     0.9
   69 |   1.0030 |     32.108 |   1.1335 |     37.085 |     0.9
   70 |   0.9989 |     31.960 |   1.1292 |     37.362 |     0.9
   71 |   0.9901 |     31.597 |   1.1231 |     36.685 |     0.9
   72 |   0.9859 |     31.543 |   1.1201 |     36.716 |     0.9
   73 |   0.9813 |     31.262 |   1.1180 |     36.716 |     0.9
   74 |   0.9729 |     31.092 |   1.1118 |     36.562 |     0.9
   75 |   0.9675 |     31.048 |   1.1155 |     36.193 |     1.0
   76 |   0.9611 |     30.548 |   1.1065 |     36.285 |     1.0
   77 |   0.9566 |     30.460 |   1.1094 |     36.224 |     1.0
   78 |   0.9518 |     30.537 |   1.1044 |     36.224 |     1.0
   79 |   0.9463 |     30.400 |   1.0964 |     35.732 |     1.0
   80 |   0.9387 |     30.032 |   1.0941 |     35.640 |     1.0
   81 |   0.9326 |     29.625 |   1.0926 |     36.070 |     1.0
   82 |   0.9267 |     29.598 |   1.0915 |     36.285 |     1.0
   83 |   0.9225 |     29.658 |   1.0858 |     35.670 |     1.1
   84 |   0.9174 |     29.312 |   1.0960 |     35.578 |     1.1
   85 |   0.9134 |     29.186 |   1.0829 |     35.455 |     1.1
   86 |   0.9068 |     29.114 |   1.0809 |     35.424 |     1.1
   87 |   0.9033 |     28.554 |   1.0751 |     35.301 |     1.1
   88 |   0.8975 |     28.582 |   1.0759 |     35.209 |     1.1
   89 |   0.8918 |     28.455 |   1.0696 |     35.609 |     1.1
   90 |   0.8848 |     27.983 |   1.0684 |     34.717 |     1.1
   91 |   0.8811 |     28.054 |   1.0667 |     35.117 |     1.2
   92 |   0.8746 |     27.840 |   1.0681 |     35.148 |     1.2
   93 |   0.8693 |     27.477 |   1.0688 |     34.932 |     1.2
   94 |   0.8663 |     27.450 |   1.0608 |     34.656 |     1.2
   95 |   0.8617 |     27.208 |   1.0549 |     34.779 |     1.2
   96 |   0.8576 |     27.120 |   1.0528 |     34.071 |     1.2
   97 |   0.8535 |     27.022 |   1.0549 |     34.840 |     1.2
   98 |   0.8476 |     26.840 |   1.0533 |     33.887 |     1.3
   99 |   0.8408 |     26.445 |   1.0505 |     34.256 |     1.3
  100 |   0.8352 |     26.044 |   1.0482 |     34.164 |     1.3
  101 |   0.8325 |     26.450 |   1.0398 |     33.672 |     1.3
  102 |   0.8272 |     26.291 |   1.0471 |     33.887 |     1.3
  103 |   0.8261 |     26.005 |   1.0460 |     33.825 |     1.3
  104 |   0.8194 |     25.615 |   1.0395 |     33.579 |     1.3
  105 |   0.8160 |     25.533 |   1.0388 |     33.272 |     1.3
  106 |   0.8091 |     25.549 |   1.0395 |     33.395 |     1.4
  107 |   0.8061 |     25.582 |   1.0369 |     33.333 |     1.4
  108 |   0.8042 |     25.621 |   1.0391 |     33.641 |     1.4
  109 |   0.7975 |     24.989 |   1.0379 |     33.426 |     1.4
  110 |   0.7905 |     24.813 |   1.0342 |     33.333 |     1.4
  111 |   0.7888 |     24.676 |   1.0300 |     33.364 |     1.4
  112 |   0.7819 |     24.577 |   1.0290 |     32.903 |     1.4
  113 |   0.7795 |     24.434 |   1.0294 |     33.057 |     1.4
  114 |   0.7758 |     24.462 |   1.0294 |     33.210 |     1.5
  115 |   0.7728 |     24.308 |   1.0251 |     33.118 |     1.5
  116 |   0.7662 |     24.116 |   1.0283 |     32.995 |     1.5
  117 |   0.7642 |     23.830 |   1.0240 |     32.688 |     1.5
  118 |   0.7588 |     23.984 |   1.0242 |     32.657 |     1.5
  119 |   0.7566 |     23.605 |   1.0228 |     32.503 |     1.5
  120 |   0.7522 |     23.528 |   1.0164 |     32.995 |     1.5
  121 |   0.7491 |     23.572 |   1.0208 |     33.026 |     1.5
  122 |   0.7466 |     23.693 |   1.0154 |     32.964 |     1.6
  123 |   0.7423 |     23.440 |   1.0173 |     32.565 |     1.6
  124 |   0.7370 |     22.946 |   1.0181 |     32.319 |     1.6
  125 |   0.7337 |     22.940 |   1.0156 |     32.380 |     1.6
  126 |   0.7277 |     22.803 |   1.0164 |     32.380 |     1.6
Early stopping

Model: Seq2Seq Multimodal Bi-LSTM
Source index: <Seq2Seq Index with 45 items>
Target index: <Seq2Seq Index with 34 items>
Encoder embedding dimension: 64
Descriptors dimension: 1136
Decoder embedding dimension: 128
Encoder hidden units: 128
Encoder layers: 2
Decoder hidden units: 64
Decoder layers: 3
Dropout: 0.1
Trainable parameters: 1,141,730

Training started
X_train.shape: torch.Size([3034, 702])
Y_train.shape: torch.Size([3034, 7])
X_dev.shape: torch.Size([542, 350])
Y_dev.shape: torch.Size([542, 7])
Epochs: 500
Learning rate: 0.0001
Weight decay: 0.0001
Epoch | Train                 | Development           | Minutes
      | Loss     | Error Rate | Loss     | Error Rate |
---------------------------------------------------------------
    1 |   3.4029 |     86.986 |   3.0889 |     80.966 |     0.0
    2 |   2.8164 |     78.961 |   2.6335 |     67.651 |     0.1
    3 |   2.5082 |     62.788 |   2.3915 |     59.317 |     0.1
    4 |   2.3028 |     58.597 |   2.2227 |     59.317 |     0.2
    5 |   2.1630 |     57.696 |   2.1087 |     58.579 |     0.2
    6 |   2.0586 |     56.801 |   2.0159 |     57.442 |     0.2
    7 |   1.9712 |     53.878 |   1.9360 |     48.893 |     0.3
    8 |   1.8944 |     49.874 |   1.8670 |     49.416 |     0.3
    9 |   1.8281 |     49.297 |   1.8070 |     49.385 |     0.4
   10 |   1.7699 |     48.918 |   1.7543 |     49.446 |     0.4
   11 |   1.7177 |     48.704 |   1.7045 |     49.385 |     0.4
   12 |   1.6705 |     48.638 |   1.6588 |     49.385 |     0.5
   13 |   1.6253 |     47.610 |   1.6184 |     47.202 |     0.5
   14 |   1.5879 |     46.188 |   1.5838 |     47.202 |     0.6
   15 |   1.5566 |     46.072 |   1.5570 |     47.202 |     0.6
   16 |   1.5316 |     46.105 |   1.5317 |     47.202 |     0.6
   17 |   1.5097 |     46.067 |   1.5126 |     47.202 |     0.7
   18 |   1.4901 |     46.050 |   1.4944 |     47.232 |     0.7
   19 |   1.4740 |     45.990 |   1.4784 |     47.263 |     0.8
   20 |   1.4583 |     45.962 |   1.4670 |     47.079 |     0.8
   21 |   1.4454 |     45.973 |   1.4549 |     47.048 |     0.8
   22 |   1.4339 |     45.913 |   1.4448 |     47.109 |     0.9
   23 |   1.4214 |     45.754 |   1.4336 |     47.171 |     0.9
   24 |   1.4105 |     45.424 |   1.4246 |     46.802 |     1.0
   25 |   1.3991 |     45.149 |   1.4147 |     46.648 |     1.0
   26 |   1.3888 |     44.935 |   1.4028 |     46.494 |     1.0
   27 |   1.3761 |     44.628 |   1.3957 |     46.525 |     1.1
   28 |   1.3660 |     44.699 |   1.3829 |     46.617 |     1.1
   29 |   1.3528 |     44.507 |   1.3728 |     45.787 |     1.2
   30 |   1.3422 |     44.106 |   1.3658 |     45.480 |     1.2
   31 |   1.3316 |     43.529 |   1.3565 |     45.203 |     1.2
   32 |   1.3211 |     43.293 |   1.3503 |     44.988 |     1.3
   33 |   1.3111 |     43.133 |   1.3420 |     44.557 |     1.3
   34 |   1.3025 |     42.760 |   1.3322 |     44.526 |     1.4
   35 |   1.2917 |     42.480 |   1.3263 |     44.127 |     1.4
   36 |   1.2819 |     42.298 |   1.3213 |     44.311 |     1.4
   37 |   1.2727 |     42.035 |   1.3147 |     43.758 |     1.5
   38 |   1.2616 |     41.557 |   1.3144 |     43.819 |     1.5
   39 |   1.2529 |     41.414 |   1.3039 |     43.973 |     1.6
   40 |   1.2430 |     41.128 |   1.3002 |     43.358 |     1.6
   41 |   1.2338 |     40.694 |   1.2925 |     42.835 |     1.6
   42 |   1.2241 |     40.480 |   1.2968 |     43.173 |     1.7
   43 |   1.2159 |     40.096 |   1.2814 |     42.497 |     1.7
   44 |   1.2044 |     39.546 |   1.2810 |     42.097 |     1.8
   45 |   1.1970 |     39.228 |   1.2761 |     42.405 |     1.8
   46 |   1.1873 |     38.816 |   1.2707 |     42.620 |     1.8
   47 |   1.1808 |     38.667 |   1.2623 |     42.005 |     1.9
   48 |   1.1687 |     38.244 |   1.2569 |     41.421 |     1.9
   49 |   1.1620 |     37.970 |   1.2533 |     41.820 |     2.0
   50 |   1.1547 |     37.690 |   1.2507 |     40.683 |     2.0
   51 |   1.1447 |     37.596 |   1.2409 |     41.113 |     2.0
   52 |   1.1365 |     37.283 |   1.2372 |     41.298 |     2.1
   53 |   1.1271 |     36.887 |   1.2314 |     40.621 |     2.1
   54 |   1.1225 |     36.805 |   1.2325 |     41.021 |     2.2
   55 |   1.1112 |     36.135 |   1.2340 |     41.267 |     2.2
   56 |   1.1048 |     36.223 |   1.2258 |     40.990 |     2.2
   57 |   1.0972 |     35.745 |   1.2244 |     41.236 |     2.3
   58 |   1.0884 |     35.476 |   1.2173 |     40.344 |     2.3
   59 |   1.0791 |     35.278 |   1.2108 |     40.283 |     2.3
   60 |   1.0717 |     34.849 |   1.2107 |     40.068 |     2.4
   61 |   1.0653 |     34.877 |   1.2021 |     40.221 |     2.4
   62 |   1.0592 |     34.751 |   1.1996 |     39.791 |     2.5
   63 |   1.0523 |     34.586 |   1.1999 |     39.668 |     2.5
   64 |   1.0437 |     34.322 |   1.1955 |     39.852 |     2.5
   65 |   1.0368 |     33.921 |   1.1876 |     39.268 |     2.6
   66 |   1.0312 |     33.756 |   1.1904 |     39.668 |     2.6
   67 |   1.0229 |     33.586 |   1.1848 |     40.037 |     2.7
   68 |   1.0131 |     32.976 |   1.1890 |     39.330 |     2.7
   69 |   1.0071 |     32.789 |   1.1762 |     39.268 |     2.7
   70 |   1.0018 |     32.768 |   1.1809 |     39.176 |     2.8
   71 |   0.9972 |     32.608 |   1.1822 |     39.207 |     2.8
   72 |   0.9890 |     32.273 |   1.1750 |     38.592 |     2.9
   73 |   0.9836 |     32.097 |   1.1762 |     38.807 |     2.9
   74 |   0.9782 |     32.064 |   1.1688 |     38.868 |     2.9
   75 |   0.9696 |     31.916 |   1.1630 |     38.930 |     3.0
   76 |   0.9662 |     31.680 |   1.1591 |     38.253 |     3.0
   77 |   0.9612 |     31.564 |   1.1660 |     38.223 |     3.1
   78 |   0.9526 |     31.273 |   1.1593 |     38.161 |     3.1
   79 |   0.9451 |     30.680 |   1.1605 |     38.007 |     3.1
   80 |   0.9420 |     30.658 |   1.1549 |     37.669 |     3.2
   81 |   0.9346 |     30.592 |   1.1488 |     37.577 |     3.2
   82 |   0.9294 |     30.290 |   1.1502 |     37.915 |     3.3
   83 |   0.9236 |     29.949 |   1.1514 |     37.146 |     3.3
   84 |   0.9174 |     30.103 |   1.1520 |     37.146 |     3.3
   85 |   0.9097 |     29.614 |   1.1476 |     37.054 |     3.4
   86 |   0.9049 |     29.180 |   1.1554 |     36.839 |     3.4
   87 |   0.9030 |     29.158 |   1.1459 |     36.777 |     3.5
   88 |   0.8946 |     28.801 |   1.1493 |     36.993 |     3.5
   89 |   0.8878 |     28.675 |   1.1412 |     36.839 |     3.5
   90 |   0.8840 |     28.483 |   1.1356 |     36.562 |     3.6
   91 |   0.8783 |     27.939 |   1.1386 |     36.255 |     3.6
   92 |   0.8740 |     27.939 |   1.1307 |     36.009 |     3.7
   93 |   0.8671 |     27.714 |   1.1318 |     35.763 |     3.7
   94 |   0.8646 |     27.554 |   1.1441 |     35.978 |     3.7
   95 |   0.8611 |     27.439 |   1.1350 |     35.670 |     3.8
   96 |   0.8548 |     27.241 |   1.1422 |     35.332 |     3.8
Early stopping

Model: Seq2Seq Multimodal Bi-LSTM
Source index: <Seq2Seq Index with 45 items>
Target index: <Seq2Seq Index with 34 items>
Encoder embedding dimension: 128
Descriptors dimension: 1136
Decoder embedding dimension: 64
Encoder hidden units: 128
Encoder layers: 4
Decoder hidden units: 128
Decoder layers: 3
Dropout: 0.1
Trainable parameters: 2,932,258

Training started
X_train.shape: torch.Size([3034, 702])
Y_train.shape: torch.Size([3034, 7])
X_dev.shape: torch.Size([542, 350])
Y_dev.shape: torch.Size([542, 7])
Epochs: 500
Learning rate: 0.0001
Weight decay: 0.0001
Epoch | Train                 | Development           | Minutes
      | Loss     | Error Rate | Loss     | Error Rate |
---------------------------------------------------------------
    1 |   3.1004 |     85.393 |   2.6421 |     67.681 |     0.1
    2 |   2.3990 |     60.305 |   2.1971 |     59.317 |     0.2
    3 |   2.0918 |     56.323 |   1.9948 |     55.197 |     0.2
    4 |   1.9289 |     52.527 |   1.8653 |     49.385 |     0.3
    5 |   1.8079 |     48.841 |   1.7570 |     49.385 |     0.4
    6 |   1.7026 |     48.649 |   1.6662 |     49.385 |     0.5
    7 |   1.6199 |     48.566 |   1.5969 |     47.355 |     0.6
    8 |   1.5583 |     46.237 |   1.5452 |     47.202 |     0.7
    9 |   1.5151 |     46.160 |   1.5088 |     47.202 |     0.7
   10 |   1.4843 |     46.248 |   1.4838 |     47.202 |     0.8
   11 |   1.4617 |     46.160 |   1.4656 |     47.202 |     0.9
   12 |   1.4449 |     46.204 |   1.4487 |     47.202 |     1.0
   13 |   1.4299 |     46.215 |   1.4370 |     47.202 |     1.1
   14 |   1.4165 |     46.204 |   1.4240 |     47.202 |     1.2
   15 |   1.4007 |     46.122 |   1.4098 |     47.017 |     1.2
   16 |   1.3840 |     45.572 |   1.3980 |     46.218 |     1.3
   17 |   1.3677 |     44.924 |   1.3817 |     45.941 |     1.4
   18 |   1.3523 |     44.303 |   1.3672 |     45.264 |     1.5
   19 |   1.3381 |     43.985 |   1.3593 |     45.295 |     1.6
   20 |   1.3211 |     43.677 |   1.3478 |     45.387 |     1.7
   21 |   1.3060 |     43.419 |   1.3344 |     45.234 |     1.7
   22 |   1.2909 |     42.985 |   1.3253 |     44.803 |     1.8
   23 |   1.2756 |     42.666 |   1.3173 |     44.526 |     1.9
   24 |   1.2610 |     41.947 |   1.3080 |     44.188 |     2.0
   25 |   1.2443 |     41.128 |   1.2962 |     43.635 |     2.1
   26 |   1.2266 |     41.035 |   1.2873 |     43.081 |     2.2
   27 |   1.2120 |     40.376 |   1.2761 |     42.743 |     2.2
   28 |   1.1938 |     39.865 |   1.2600 |     42.312 |     2.3
   29 |   1.1762 |     39.255 |   1.2560 |     42.528 |     2.4
   30 |   1.1614 |     38.376 |   1.2482 |     41.759 |     2.5
   31 |   1.1457 |     37.613 |   1.2408 |     41.421 |     2.6
   32 |   1.1312 |     37.310 |   1.2325 |     40.929 |     2.6
   33 |   1.1155 |     36.607 |   1.2231 |     40.959 |     2.7
   34 |   1.0995 |     35.998 |   1.2173 |     40.590 |     2.8
   35 |   1.0861 |     35.355 |   1.2160 |     40.652 |     2.9
   36 |   1.0719 |     34.849 |   1.2070 |     39.760 |     3.0
   37 |   1.0534 |     34.212 |   1.1981 |     39.053 |     3.1
   38 |   1.0404 |     33.509 |   1.1978 |     39.668 |     3.1
   39 |   1.0250 |     33.141 |   1.1832 |     38.684 |     3.2
   40 |   1.0113 |     32.152 |   1.1814 |     38.376 |     3.3
   41 |   0.9962 |     31.592 |   1.1782 |     37.515 |     3.4
   42 |   0.9831 |     31.032 |   1.1674 |     38.192 |     3.5
   43 |   0.9695 |     30.378 |   1.1561 |     36.347 |     3.6
   44 |   0.9538 |     29.971 |   1.1520 |     36.562 |     3.6
   45 |   0.9412 |     29.213 |   1.1499 |     35.793 |     3.7
   46 |   0.9258 |     28.598 |   1.1440 |     36.070 |     3.8
   47 |   0.9117 |     28.285 |   1.1283 |     35.517 |     3.9
   48 |   0.8999 |     27.686 |   1.1333 |     35.701 |     4.0
   49 |   0.8851 |     27.423 |   1.1213 |     34.963 |     4.0
   50 |   0.8741 |     26.972 |   1.1201 |     34.994 |     4.1
   51 |   0.8618 |     26.571 |   1.1192 |     34.533 |     4.2
   52 |   0.8460 |     26.066 |   1.1143 |     34.748 |     4.3
   53 |   0.8346 |     25.731 |   1.1198 |     34.348 |     4.4
   54 |   0.8266 |     25.731 |   1.1027 |     35.025 |     4.5
   55 |   0.8150 |     25.258 |   1.1056 |     33.948 |     4.5
   56 |   0.8033 |     24.841 |   1.0993 |     33.518 |     4.6
   57 |   0.7894 |     24.659 |   1.1122 |     33.672 |     4.7
   58 |   0.7775 |     24.198 |   1.1014 |     33.733 |     4.8
   59 |   0.7667 |     23.726 |   1.0925 |     33.764 |     4.9
   60 |   0.7576 |     23.336 |   1.0922 |     33.210 |     5.0
   61 |   0.7525 |     23.423 |   1.0789 |     33.487 |     5.0
   62 |   0.7409 |     23.248 |   1.0691 |     33.518 |     5.1
   63 |   0.7320 |     22.825 |   1.0821 |     33.118 |     5.2
   64 |   0.7198 |     22.665 |   1.0800 |     33.026 |     5.3
   65 |   0.7083 |     22.067 |   1.0788 |     32.811 |     5.4
   66 |   0.7028 |     21.869 |   1.0886 |     33.210 |     5.5
Early stopping

Model: Seq2Seq Multimodal Bi-LSTM
Source index: <Seq2Seq Index with 45 items>
Target index: <Seq2Seq Index with 34 items>
Encoder embedding dimension: 64
Descriptors dimension: 1136
Decoder embedding dimension: 64
Encoder hidden units: 128
Encoder layers: 4
Decoder hidden units: 64
Decoder layers: 4
Dropout: 0.1
Trainable parameters: 2,500,194

Training started
X_train.shape: torch.Size([3034, 702])
Y_train.shape: torch.Size([3034, 7])
X_dev.shape: torch.Size([542, 350])
Y_dev.shape: torch.Size([542, 7])
Epochs: 500
Learning rate: 0.0001
Weight decay: 1e-05
Epoch | Train                 | Development           | Minutes
      | Loss     | Error Rate | Loss     | Error Rate |
---------------------------------------------------------------
    1 |   3.4106 |     78.439 |   3.1134 |     83.333 |     0.1
    2 |   2.8316 |     83.097 |   2.6686 |     67.681 |     0.2
    3 |   2.5401 |     63.816 |   2.4152 |     59.317 |     0.2
    4 |   2.3251 |     58.723 |   2.2449 |     59.317 |     0.3
    5 |   2.1883 |     57.938 |   2.1307 |     59.317 |     0.4
    6 |   2.0858 |     56.894 |   2.0418 |     59.317 |     0.5
    7 |   2.0042 |     55.471 |   1.9680 |     54.028 |     0.6
    8 |   1.9360 |     52.362 |   1.9082 |     49.416 |     0.7
    9 |   1.8795 |     49.846 |   1.8570 |     49.385 |     0.7
   10 |   1.8295 |     49.028 |   1.8109 |     49.385 |     0.8
   11 |   1.7838 |     48.824 |   1.7697 |     49.385 |     0.9
   12 |   1.7435 |     48.748 |   1.7324 |     49.385 |     1.0
   13 |   1.7054 |     48.632 |   1.6984 |     49.416 |     1.1
   14 |   1.6701 |     48.605 |   1.6650 |     49.416 |     1.2
   15 |   1.6366 |     48.566 |   1.6340 |     49.416 |     1.2
   16 |   1.6059 |     48.000 |   1.6039 |     47.232 |     1.3
   17 |   1.5774 |     46.385 |   1.5778 |     47.202 |     1.4
   18 |   1.5534 |     46.116 |   1.5556 |     47.202 |     1.5
   19 |   1.5317 |     46.078 |   1.5368 |     47.202 |     1.6
   20 |   1.5149 |     46.083 |   1.5202 |     47.171 |     1.6
   21 |   1.4994 |     46.067 |   1.5067 |     47.202 |     1.7
   22 |   1.4874 |     46.089 |   1.4949 |     47.171 |     1.8
   23 |   1.4756 |     46.028 |   1.4858 |     47.171 |     1.9
   24 |   1.4673 |     46.072 |   1.4768 |     47.202 |     2.0
   25 |   1.4582 |     46.034 |   1.4690 |     47.202 |     2.1
   26 |   1.4503 |     46.056 |   1.4624 |     47.202 |     2.1
   27 |   1.4438 |     46.028 |   1.4560 |     47.171 |     2.2
   28 |   1.4364 |     46.006 |   1.4513 |     47.202 |     2.3
   29 |   1.4303 |     46.001 |   1.4455 |     47.202 |     2.4
   30 |   1.4249 |     46.034 |   1.4408 |     47.202 |     2.5
   31 |   1.4188 |     45.990 |   1.4355 |     47.202 |     2.5
   32 |   1.4124 |     45.907 |   1.4327 |     47.202 |     2.6
   33 |   1.4061 |     45.737 |   1.4280 |     47.263 |     2.7
   34 |   1.4021 |     45.501 |   1.4249 |     46.956 |     2.8
   35 |   1.3966 |     45.237 |   1.4210 |     47.232 |     2.9
   36 |   1.3912 |     45.034 |   1.4183 |     47.355 |     3.0
   37 |   1.3877 |     44.869 |   1.4158 |     47.386 |     3.0
   38 |   1.3830 |     44.688 |   1.4117 |     47.171 |     3.1
   39 |   1.3785 |     44.682 |   1.4101 |     47.079 |     3.2
   40 |   1.3729 |     44.633 |   1.4075 |     47.140 |     3.3
   41 |   1.3675 |     44.408 |   1.4054 |     47.109 |     3.4
   42 |   1.3641 |     44.457 |   1.4045 |     47.294 |     3.4
   43 |   1.3603 |     44.265 |   1.3985 |     47.017 |     3.5
   44 |   1.3555 |     44.298 |   1.3995 |     47.109 |     3.6
   45 |   1.3521 |     44.194 |   1.3984 |     46.771 |     3.7
   46 |   1.3473 |     44.139 |   1.3951 |     46.833 |     3.8
   47 |   1.3435 |     43.957 |   1.3963 |     46.925 |     3.8
   48 |   1.3385 |     43.946 |   1.3903 |     46.740 |     3.9
   49 |   1.3352 |     43.782 |   1.3873 |     46.648 |     4.0
   50 |   1.3310 |     43.639 |   1.3853 |     46.679 |     4.1
   51 |   1.3252 |     43.545 |   1.3879 |     46.802 |     4.2
   52 |   1.3221 |     43.375 |   1.3846 |     46.740 |     4.3
   53 |   1.3176 |     43.326 |   1.3827 |     46.494 |     4.3
   54 |   1.3106 |     42.886 |   1.3783 |     46.095 |     4.4
   55 |   1.3075 |     43.002 |   1.3747 |     46.433 |     4.5
   56 |   1.3043 |     42.617 |   1.3758 |     46.248 |     4.6
   57 |   1.3011 |     42.732 |   1.3740 |     46.064 |     4.7
   58 |   1.2948 |     42.447 |   1.3705 |     46.218 |     4.7
   59 |   1.2885 |     42.205 |   1.3650 |     46.187 |     4.8
   60 |   1.2833 |     42.002 |   1.3653 |     45.972 |     4.9
   61 |   1.2768 |     41.848 |   1.3627 |     45.695 |     5.0
   62 |   1.2751 |     41.799 |   1.3606 |     45.756 |     5.1
   63 |   1.2681 |     41.645 |   1.3568 |     45.295 |     5.2
   64 |   1.2613 |     41.293 |   1.3535 |     45.111 |     5.2
   65 |   1.2553 |     41.337 |   1.3561 |     45.203 |     5.3
   66 |   1.2489 |     40.975 |   1.3493 |     44.588 |     5.4
   67 |   1.2434 |     40.892 |   1.3495 |     44.926 |     5.5
   68 |   1.2382 |     40.733 |   1.3422 |     44.649 |     5.6
   69 |   1.2340 |     40.530 |   1.3391 |     44.096 |     5.6
   70 |   1.2282 |     40.178 |   1.3390 |     44.496 |     5.7
   71 |   1.2199 |     40.019 |   1.3313 |     43.881 |     5.8
   72 |   1.2137 |     39.348 |   1.3328 |     43.911 |     5.9
   73 |   1.2093 |     39.618 |   1.3311 |     43.696 |     6.0
   74 |   1.2041 |     39.002 |   1.3299 |     43.481 |     6.1
   75 |   1.1960 |     38.640 |   1.3257 |     43.604 |     6.1
   76 |   1.1914 |     38.623 |   1.3294 |     43.604 |     6.2
   77 |   1.1850 |     38.239 |   1.3236 |     43.266 |     6.3
   78 |   1.1809 |     37.893 |   1.3216 |     43.327 |     6.4
   79 |   1.1726 |     37.552 |   1.3243 |     42.466 |     6.5
   80 |   1.1679 |     37.343 |   1.3125 |     42.897 |     6.5
   81 |   1.1616 |     37.201 |   1.3164 |     42.497 |     6.6
   82 |   1.1567 |     37.036 |   1.3136 |     42.435 |     6.7
   83 |   1.1516 |     36.893 |   1.3120 |     42.128 |     6.8
   84 |   1.1442 |     36.712 |   1.3132 |     42.220 |     6.9
   85 |   1.1407 |     36.448 |   1.3095 |     42.466 |     6.9
   86 |   1.1343 |     36.212 |   1.3123 |     41.790 |     7.0
   87 |   1.1281 |     36.014 |   1.3104 |     41.913 |     7.1
   88 |   1.1242 |     35.877 |   1.3102 |     41.913 |     7.2
   89 |   1.1143 |     35.470 |   1.3038 |     41.667 |     7.3
   90 |   1.1123 |     35.388 |   1.2969 |     41.175 |     7.4
   91 |   1.1032 |     35.157 |   1.3044 |     41.421 |     7.4
   92 |   1.0991 |     34.849 |   1.3001 |     41.205 |     7.5
   93 |   1.0983 |     34.822 |   1.3023 |     41.513 |     7.6
   94 |   1.0889 |     34.767 |   1.3046 |     41.943 |     7.7
   95 |   1.0851 |     34.509 |   1.2959 |     41.359 |     7.8
   96 |   1.0796 |     34.437 |   1.2950 |     41.667 |     7.8
   97 |   1.0744 |     34.080 |   1.3015 |     41.697 |     7.9
   98 |   1.0699 |     33.866 |   1.2975 |     41.728 |     8.0
   99 |   1.0647 |     33.888 |   1.2998 |     41.451 |     8.1
  100 |   1.0599 |     33.603 |   1.3021 |     41.882 |     8.2
Early stopping

Model: Seq2Seq Multimodal Bi-LSTM
Source index: <Seq2Seq Index with 45 items>
Target index: <Seq2Seq Index with 34 items>
Encoder embedding dimension: 128
Descriptors dimension: 1136
Decoder embedding dimension: 64
Encoder hidden units: 32
Encoder layers: 3
Decoder hidden units: 128
Decoder layers: 2
Dropout: 0.1
Trainable parameters: 502,914

Training started
X_train.shape: torch.Size([3034, 702])
Y_train.shape: torch.Size([3034, 7])
X_dev.shape: torch.Size([542, 350])
Y_dev.shape: torch.Size([542, 7])
Epochs: 500
Learning rate: 0.0001
Weight decay: 0.0001
Epoch | Train                 | Development           | Minutes
      | Loss     | Error Rate | Loss     | Error Rate |
---------------------------------------------------------------
    1 |   3.2604 |     84.575 |   2.7363 |     83.333 |     0.0
    2 |   2.4396 |     62.948 |   2.1797 |     57.134 |     0.0
    3 |   2.0243 |     53.181 |   1.8963 |     49.908 |     0.1
    4 |   1.8022 |     48.764 |   1.7331 |     49.139 |     0.1
    5 |   1.6626 |     48.314 |   1.6210 |     48.985 |     0.1
    6 |   1.5645 |     48.264 |   1.5424 |     49.047 |     0.1
    7 |   1.4910 |     46.215 |   1.4786 |     46.833 |     0.1
    8 |   1.4367 |     45.210 |   1.4364 |     46.433 |     0.1
    9 |   1.3940 |     44.468 |   1.4035 |     45.726 |     0.2
   10 |   1.3630 |     43.342 |   1.3733 |     44.065 |     0.2
   11 |   1.3345 |     42.249 |   1.3564 |     43.573 |     0.2
   12 |   1.3087 |     41.359 |   1.3301 |     42.374 |     0.2
   13 |   1.2904 |     40.700 |   1.3200 |     42.558 |     0.2
   14 |   1.2683 |     40.260 |   1.3012 |     41.728 |     0.2
   15 |   1.2498 |     39.552 |   1.2824 |     41.144 |     0.3
   16 |   1.2335 |     39.266 |   1.2733 |     41.021 |     0.3
   17 |   1.2168 |     38.766 |   1.2582 |     40.898 |     0.3
   18 |   1.1994 |     38.415 |   1.2426 |     40.590 |     0.3
   19 |   1.1837 |     37.959 |   1.2451 |     40.129 |     0.3
   20 |   1.1700 |     37.580 |   1.2168 |     39.453 |     0.4
   21 |   1.1542 |     37.184 |   1.2130 |     39.576 |     0.4
   22 |   1.1386 |     36.679 |   1.2023 |     39.022 |     0.4
   23 |   1.1238 |     36.305 |   1.1916 |     38.745 |     0.4
   24 |   1.1106 |     35.498 |   1.1819 |     38.715 |     0.4
   25 |   1.0981 |     35.355 |   1.1693 |     38.223 |     0.4
   26 |   1.0822 |     34.910 |   1.1653 |     38.130 |     0.5
   27 |   1.0711 |     34.558 |   1.1581 |     37.854 |     0.5
   28 |   1.0594 |     34.141 |   1.1569 |     37.884 |     0.5
   29 |   1.0461 |     33.751 |   1.1376 |     37.116 |     0.5
   30 |   1.0333 |     33.443 |   1.1378 |     37.731 |     0.5
   31 |   1.0221 |     32.949 |   1.1301 |     37.392 |     0.6
   32 |   1.0094 |     32.367 |   1.1240 |     37.331 |     0.6
   33 |   0.9985 |     32.081 |   1.1212 |     37.177 |     0.6
   34 |   0.9886 |     31.597 |   1.1066 |     35.916 |     0.6
   35 |   0.9752 |     31.301 |   1.1008 |     36.316 |     0.6
   36 |   0.9658 |     31.136 |   1.0907 |     35.855 |     0.6
   37 |   0.9535 |     30.576 |   1.0848 |     35.301 |     0.7
   38 |   0.9447 |     30.032 |   1.0792 |     35.055 |     0.7
   39 |   0.9326 |     29.439 |   1.0765 |     34.902 |     0.7
   40 |   0.9226 |     29.570 |   1.0708 |     35.117 |     0.7
   41 |   0.9131 |     29.114 |   1.0657 |     34.071 |     0.7
   42 |   0.9078 |     28.856 |   1.0670 |     34.502 |     0.7
   43 |   0.8937 |     28.367 |   1.0580 |     34.379 |     0.8
   44 |   0.8823 |     27.835 |   1.0624 |     34.656 |     0.8
   45 |   0.8743 |     27.752 |   1.0572 |     34.225 |     0.8
   46 |   0.8639 |     27.241 |   1.0389 |     33.333 |     0.8
   47 |   0.8566 |     26.967 |   1.0400 |     33.456 |     0.8
   48 |   0.8472 |     26.599 |   1.0361 |     33.333 |     0.9
   49 |   0.8365 |     26.225 |   1.0355 |     33.579 |     0.9
   50 |   0.8258 |     25.862 |   1.0256 |     32.780 |     0.9
   51 |   0.8175 |     25.588 |   1.0308 |     32.872 |     0.9
   52 |   0.8086 |     25.275 |   1.0195 |     32.718 |     0.9
   53 |   0.8018 |     25.000 |   1.0216 |     32.749 |     0.9
   54 |   0.7926 |     24.802 |   1.0172 |     32.534 |     1.0
   55 |   0.7832 |     24.522 |   1.0165 |     32.349 |     1.0
   56 |   0.7794 |     24.390 |   1.0067 |     32.134 |     1.0
   57 |   0.7665 |     23.874 |   0.9997 |     31.704 |     1.0
   58 |   0.7614 |     23.610 |   1.0013 |     32.134 |     1.0
   59 |   0.7531 |     23.434 |   0.9972 |     31.550 |     1.0
   60 |   0.7435 |     23.121 |   0.9982 |     31.396 |     1.1
   61 |   0.7376 |     22.935 |   0.9975 |     31.550 |     1.1
   62 |   0.7277 |     22.512 |   0.9906 |     30.904 |     1.1
   63 |   0.7236 |     22.237 |   0.9887 |     30.843 |     1.1
   64 |   0.7168 |     22.083 |   0.9859 |     30.935 |     1.1
   65 |   0.7099 |     22.292 |   0.9966 |     30.843 |     1.2
   66 |   0.7030 |     21.655 |   0.9812 |     30.474 |     1.2
   67 |   0.6941 |     21.352 |   0.9840 |     30.750 |     1.2
   68 |   0.6897 |     21.265 |   0.9790 |     30.135 |     1.2
   69 |   0.6836 |     21.254 |   0.9846 |     30.289 |     1.2
   70 |   0.6746 |     21.182 |   0.9755 |     29.674 |     1.2
   71 |   0.6637 |     20.369 |   0.9783 |     29.490 |     1.3
   72 |   0.6606 |     20.276 |   0.9765 |     29.643 |     1.3
   73 |   0.6557 |     20.133 |   0.9711 |     28.875 |     1.3
   74 |   0.6476 |     20.078 |   0.9738 |     29.028 |     1.3
   75 |   0.6440 |     20.007 |   0.9737 |     29.182 |     1.3
   76 |   0.6397 |     19.435 |   0.9707 |     28.690 |     1.3
   77 |   0.6330 |     19.688 |   0.9680 |     29.274 |     1.4
   78 |   0.6232 |     19.254 |   0.9684 |     28.905 |     1.4
   79 |   0.6185 |     18.985 |   0.9683 |     29.244 |     1.4
   80 |   0.6169 |     18.985 |   0.9615 |     28.629 |     1.4
   81 |   0.6059 |     18.743 |   0.9624 |     28.690 |     1.4
   82 |   0.6044 |     18.672 |   0.9606 |     28.475 |     1.5
   83 |   0.6016 |     18.584 |   0.9550 |     28.752 |     1.5
   84 |   0.5908 |     18.337 |   0.9581 |     28.659 |     1.5
   85 |   0.5883 |     18.337 |   0.9632 |     28.629 |     1.5
   86 |   0.5832 |     17.936 |   0.9611 |     28.598 |     1.5
   87 |   0.5755 |     17.579 |   0.9578 |     28.444 |     1.5
Early stopping

Model: Seq2Seq Multimodal Bi-LSTM
Source index: <Seq2Seq Index with 45 items>
Target index: <Seq2Seq Index with 34 items>
Encoder embedding dimension: 64
Descriptors dimension: 1136
Decoder embedding dimension: 64
Encoder hidden units: 128
Encoder layers: 2
Decoder hidden units: 64
Decoder layers: 4
Dropout: 0.2
Trainable parameters: 1,156,450

Training started
X_train.shape: torch.Size([3034, 702])
Y_train.shape: torch.Size([3034, 7])
X_dev.shape: torch.Size([542, 350])
Y_dev.shape: torch.Size([542, 7])
Epochs: 500
Learning rate: 0.0001
Weight decay: 1e-05
Epoch | Train                 | Development           | Minutes
      | Loss     | Error Rate | Loss     | Error Rate |
---------------------------------------------------------------
    1 |   3.4190 |     85.794 |   3.1468 |     83.333 |     0.0
    2 |   2.8333 |     82.658 |   2.6476 |     67.681 |     0.1
    3 |   2.5236 |     62.003 |   2.3993 |     59.317 |     0.1
    4 |   2.3119 |     58.465 |   2.2178 |     59.317 |     0.2
    5 |   2.1622 |     57.136 |   2.0907 |     59.317 |     0.2
    6 |   2.0548 |     56.043 |   2.0015 |     54.367 |     0.2
    7 |   1.9761 |     54.927 |   1.9336 |     51.722 |     0.3
    8 |   1.9111 |     52.098 |   1.8767 |     49.416 |     0.3
    9 |   1.8536 |     49.824 |   1.8271 |     49.416 |     0.4
   10 |   1.8049 |     49.209 |   1.7828 |     49.385 |     0.4
   11 |   1.7584 |     48.995 |   1.7386 |     49.385 |     0.4
   12 |   1.7133 |     48.786 |   1.6945 |     49.385 |     0.5
   13 |   1.6698 |     48.709 |   1.6544 |     49.385 |     0.5
   14 |   1.6309 |     48.555 |   1.6203 |     49.385 |     0.6
   15 |   1.5981 |     47.325 |   1.5904 |     47.202 |     0.6
   16 |   1.5694 |     46.270 |   1.5644 |     47.202 |     0.6
   17 |   1.5456 |     46.160 |   1.5430 |     47.202 |     0.7
   18 |   1.5251 |     46.166 |   1.5245 |     47.202 |     0.7
   19 |   1.5081 |     46.166 |   1.5093 |     47.202 |     0.8
   20 |   1.4940 |     46.171 |   1.4970 |     47.202 |     0.8
   21 |   1.4826 |     46.166 |   1.4866 |     47.202 |     0.8
   22 |   1.4721 |     46.182 |   1.4769 |     47.202 |     0.9
   23 |   1.4630 |     46.243 |   1.4690 |     47.202 |     0.9
   24 |   1.4549 |     46.199 |   1.4608 |     47.202 |     1.0
   25 |   1.4473 |     46.116 |   1.4538 |     47.202 |     1.0
   26 |   1.4393 |     46.281 |   1.4467 |     47.202 |     1.0
   27 |   1.4329 |     46.221 |   1.4406 |     47.202 |     1.1
   28 |   1.4260 |     46.358 |   1.4352 |     47.202 |     1.1
   29 |   1.4182 |     46.193 |   1.4289 |     47.202 |     1.2
   30 |   1.4107 |     46.232 |   1.4201 |     47.202 |     1.2
   31 |   1.4025 |     46.149 |   1.4152 |     47.202 |     1.2
   32 |   1.3956 |     46.210 |   1.4104 |     47.202 |     1.3
   33 |   1.3894 |     46.127 |   1.4050 |     47.202 |     1.3
   34 |   1.3820 |     45.842 |   1.3997 |     46.710 |     1.4
   35 |   1.3759 |     45.583 |   1.3984 |     46.064 |     1.4
   36 |   1.3686 |     45.320 |   1.3926 |     46.064 |     1.4
   37 |   1.3642 |     45.094 |   1.3879 |     45.941 |     1.5
   38 |   1.3582 |     44.853 |   1.3851 |     45.818 |     1.5
   39 |   1.3517 |     44.847 |   1.3787 |     45.972 |     1.6
   40 |   1.3472 |     44.842 |   1.3768 |     45.941 |     1.6
   41 |   1.3420 |     44.996 |   1.3736 |     46.002 |     1.6
   42 |   1.3360 |     44.672 |   1.3713 |     46.033 |     1.7
   43 |   1.3330 |     44.776 |   1.3690 |     46.002 |     1.7
   44 |   1.3277 |     44.666 |   1.3648 |     46.064 |     1.8
   45 |   1.3245 |     44.639 |   1.3656 |     45.972 |     1.8
   46 |   1.3197 |     44.518 |   1.3601 |     45.879 |     1.8
   47 |   1.3142 |     44.589 |   1.3538 |     45.787 |     1.9
   48 |   1.3111 |     44.545 |   1.3516 |     45.849 |     1.9
   49 |   1.3059 |     44.446 |   1.3527 |     45.941 |     2.0
   50 |   1.3012 |     44.265 |   1.3455 |     45.756 |     2.0
   51 |   1.2966 |     44.150 |   1.3441 |     45.787 |     2.0
   52 |   1.2916 |     44.029 |   1.3386 |     45.264 |     2.1
   53 |   1.2856 |     43.957 |   1.3341 |     45.203 |     2.1
   54 |   1.2817 |     43.924 |   1.3365 |     45.326 |     2.2
   55 |   1.2773 |     43.617 |   1.3282 |     44.742 |     2.2
   56 |   1.2723 |     43.496 |   1.3265 |     44.803 |     2.2
   57 |   1.2673 |     43.287 |   1.3200 |     44.742 |     2.3
   58 |   1.2615 |     43.254 |   1.3157 |     44.373 |     2.3
   59 |   1.2542 |     43.040 |   1.3091 |     44.280 |     2.4
   60 |   1.2498 |     42.914 |   1.3100 |     44.588 |     2.4
   61 |   1.2445 |     42.557 |   1.3018 |     44.157 |     2.4
   62 |   1.2374 |     42.265 |   1.2966 |     43.758 |     2.5
   63 |   1.2324 |     42.172 |   1.2991 |     44.403 |     2.5
   64 |   1.2257 |     42.101 |   1.2957 |     43.665 |     2.6
   65 |   1.2219 |     42.046 |   1.2871 |     43.358 |     2.6
   66 |   1.2148 |     41.491 |   1.2833 |     43.204 |     2.6
   67 |   1.2089 |     41.463 |   1.2828 |     43.112 |     2.7
   68 |   1.2071 |     41.084 |   1.2821 |     43.481 |     2.7
   69 |   1.2020 |     41.117 |   1.2748 |     42.681 |     2.8
   70 |   1.1957 |     40.898 |   1.2703 |     42.651 |     2.8
   71 |   1.1897 |     40.288 |   1.2749 |     42.405 |     2.8
   72 |   1.1860 |     40.392 |   1.2687 |     42.097 |     2.9
   73 |   1.1800 |     39.997 |   1.2690 |     42.189 |     2.9
   74 |   1.1729 |     39.739 |   1.2675 |     43.143 |     3.0
   75 |   1.1722 |     39.810 |   1.2627 |     42.282 |     3.0
   76 |   1.1669 |     39.678 |   1.2657 |     42.528 |     3.0
   77 |   1.1628 |     39.695 |   1.2635 |     42.005 |     3.1
   78 |   1.1575 |     39.140 |   1.2562 |     42.220 |     3.1
   79 |   1.1522 |     39.057 |   1.2590 |     42.097 |     3.2
   80 |   1.1475 |     39.134 |   1.2578 |     42.343 |     3.2
   81 |   1.1419 |     39.063 |   1.2514 |     42.066 |     3.2
   82 |   1.1396 |     38.717 |   1.2502 |     42.466 |     3.3
   83 |   1.1340 |     38.816 |   1.2474 |     42.128 |     3.3
   84 |   1.1329 |     38.717 |   1.2503 |     41.882 |     3.4
   85 |   1.1289 |     38.568 |   1.2474 |     41.574 |     3.4
   86 |   1.1218 |     38.376 |   1.2487 |     42.405 |     3.4
   87 |   1.1199 |     38.272 |   1.2472 |     41.759 |     3.5
   88 |   1.1142 |     38.123 |   1.2437 |     42.282 |     3.5
   89 |   1.1130 |     38.129 |   1.2531 |     42.097 |     3.6
   90 |   1.1083 |     37.860 |   1.2469 |     42.220 |     3.6
   91 |   1.1011 |     37.871 |   1.2455 |     42.159 |     3.6
   92 |   1.1014 |     37.525 |   1.2483 |     42.097 |     3.7
   93 |   1.0972 |     37.310 |   1.2422 |     41.851 |     3.7
   94 |   1.0953 |     37.563 |   1.2374 |     42.097 |     3.8
   95 |   1.0882 |     37.393 |   1.2378 |     42.097 |     3.8
   96 |   1.0890 |     37.217 |   1.2391 |     42.343 |     3.9
   97 |   1.0839 |     36.997 |   1.2388 |     42.097 |     3.9
   98 |   1.0769 |     36.948 |   1.2386 |     42.097 |     3.9
   99 |   1.0751 |     36.772 |   1.2352 |     41.451 |     4.0
  100 |   1.0733 |     36.887 |   1.2293 |     41.759 |     4.0
  101 |   1.0694 |     36.536 |   1.2380 |     41.667 |     4.1
  102 |   1.0689 |     36.646 |   1.2313 |     41.759 |     4.1
  103 |   1.0633 |     36.668 |   1.2346 |     41.974 |     4.1
  104 |   1.0623 |     36.805 |   1.2375 |     41.482 |     4.2
Early stopping

Model: Seq2Seq Multimodal Bi-LSTM
Source index: <Seq2Seq Index with 45 items>
Target index: <Seq2Seq Index with 34 items>
Encoder embedding dimension: 64
Descriptors dimension: 1136
Decoder embedding dimension: 128
Encoder hidden units: 128
Encoder layers: 3
Decoder hidden units: 64
Decoder layers: 3
Dropout: 0.2
Trainable parameters: 1,797,218

Training started
X_train.shape: torch.Size([3034, 702])
Y_train.shape: torch.Size([3034, 7])
X_dev.shape: torch.Size([542, 350])
Y_dev.shape: torch.Size([542, 7])
Epochs: 500
Learning rate: 0.0001
Weight decay: 1e-05
Epoch | Train                 | Development           | Minutes
      | Loss     | Error Rate | Loss     | Error Rate |
---------------------------------------------------------------
    1 |   3.3662 |     89.793 |   3.0362 |     83.333 |     0.1
    2 |   2.7827 |     78.911 |   2.6191 |     67.681 |     0.1
    3 |   2.5077 |     64.447 |   2.4010 |     59.317 |     0.2
    4 |   2.3318 |     58.773 |   2.2502 |     59.317 |     0.2
    5 |   2.2090 |     57.691 |   2.1479 |     59.317 |     0.3
    6 |   2.1192 |     57.009 |   2.0723 |     59.317 |     0.4
    7 |   2.0467 |     56.411 |   2.0099 |     59.317 |     0.4
    8 |   1.9823 |     55.537 |   1.9435 |     49.539 |     0.5
    9 |   1.9176 |     52.175 |   1.8848 |     49.385 |     0.6
   10 |   1.8592 |     49.824 |   1.8297 |     49.385 |     0.6
   11 |   1.8038 |     49.297 |   1.7781 |     49.385 |     0.7
   12 |   1.7521 |     48.989 |   1.7295 |     49.385 |     0.7
   13 |   1.7025 |     48.808 |   1.6836 |     49.385 |     0.8
   14 |   1.6584 |     48.731 |   1.6442 |     49.385 |     0.9
   15 |   1.6200 |     48.182 |   1.6093 |     47.202 |     0.9
   16 |   1.5878 |     46.446 |   1.5800 |     47.202 |     1.0
   17 |   1.5606 |     46.160 |   1.5560 |     47.202 |     1.0
   18 |   1.5381 |     46.155 |   1.5351 |     47.202 |     1.1
   19 |   1.5180 |     46.166 |   1.5179 |     47.202 |     1.2
   20 |   1.5016 |     46.144 |   1.5030 |     47.202 |     1.2
   21 |   1.4868 |     46.193 |   1.4900 |     47.202 |     1.3
   22 |   1.4745 |     46.177 |   1.4784 |     47.202 |     1.3
   23 |   1.4637 |     46.138 |   1.4672 |     47.202 |     1.4
   24 |   1.4528 |     46.094 |   1.4577 |     47.202 |     1.5
   25 |   1.4435 |     46.232 |   1.4493 |     47.202 |     1.5
   26 |   1.4354 |     46.094 |   1.4416 |     47.202 |     1.6
   27 |   1.4276 |     46.105 |   1.4343 |     47.202 |     1.7
   28 |   1.4187 |     46.122 |   1.4272 |     47.202 |     1.7
   29 |   1.4114 |     46.083 |   1.4218 |     47.202 |     1.8
   30 |   1.4055 |     45.940 |   1.4166 |     47.202 |     1.8
   31 |   1.3983 |     46.105 |   1.4101 |     47.202 |     1.9
   32 |   1.3915 |     46.122 |   1.4053 |     47.202 |     2.0
   33 |   1.3867 |     46.028 |   1.4007 |     47.202 |     2.0
   34 |   1.3788 |     45.951 |   1.3959 |     47.202 |     2.1
   35 |   1.3728 |     45.869 |   1.3908 |     47.202 |     2.1
   36 |   1.3653 |     45.776 |   1.3870 |     47.355 |     2.2
   37 |   1.3588 |     45.550 |   1.3804 |     47.109 |     2.3
   38 |   1.3516 |     45.419 |   1.3748 |     46.710 |     2.3
   39 |   1.3447 |     44.836 |   1.3703 |     46.494 |     2.4
   40 |   1.3365 |     44.479 |   1.3625 |     45.695 |     2.4
   41 |   1.3308 |     44.111 |   1.3589 |     46.125 |     2.5
   42 |   1.3220 |     43.793 |   1.3543 |     45.387 |     2.6
   43 |   1.3138 |     43.408 |   1.3485 |     44.865 |     2.6
   44 |   1.3076 |     43.392 |   1.3464 |     44.865 |     2.7
   45 |   1.3004 |     43.067 |   1.3433 |     45.018 |     2.7
   46 |   1.2932 |     42.738 |   1.3393 |     44.680 |     2.8
   47 |   1.2866 |     42.699 |   1.3339 |     44.926 |     2.9
   48 |   1.2796 |     42.677 |   1.3301 |     44.342 |     2.9
   49 |   1.2737 |     42.326 |   1.3244 |     44.619 |     3.0
   50 |   1.2663 |     42.051 |   1.3208 |     44.403 |     3.1
   51 |   1.2592 |     41.804 |   1.3198 |     44.434 |     3.1
   52 |   1.2527 |     41.936 |   1.3152 |     43.942 |     3.2
   53 |   1.2466 |     41.397 |   1.3106 |     44.157 |     3.2
   54 |   1.2353 |     41.211 |   1.3049 |     43.665 |     3.3
   55 |   1.2284 |     40.969 |   1.3034 |     44.157 |     3.4
   56 |   1.2203 |     40.689 |   1.3030 |     44.034 |     3.4
   57 |   1.2130 |     40.249 |   1.2954 |     43.389 |     3.5
   58 |   1.2057 |     39.651 |   1.2915 |     43.112 |     3.5
   59 |   1.1986 |     39.903 |   1.2867 |     43.481 |     3.6
   60 |   1.1899 |     39.244 |   1.2864 |     42.866 |     3.7
   61 |   1.1836 |     39.085 |   1.2850 |     43.020 |     3.7
   62 |   1.1754 |     38.700 |   1.2794 |     42.774 |     3.8
   63 |   1.1696 |     38.568 |   1.2729 |     42.374 |     3.8
   64 |   1.1581 |     37.975 |   1.2720 |     42.804 |     3.9
   65 |   1.1518 |     37.668 |   1.2672 |     42.066 |     4.0
   66 |   1.1441 |     37.651 |   1.2631 |     42.128 |     4.0
   67 |   1.1374 |     37.321 |   1.2629 |     42.128 |     4.1
   68 |   1.1313 |     37.085 |   1.2629 |     41.882 |     4.1
   69 |   1.1249 |     37.151 |   1.2562 |     41.697 |     4.2
   70 |   1.1153 |     36.635 |   1.2530 |     40.990 |     4.3
   71 |   1.1087 |     36.519 |   1.2518 |     41.544 |     4.3
   72 |   1.1047 |     36.410 |   1.2502 |     41.544 |     4.4
   73 |   1.0978 |     36.206 |   1.2496 |     41.451 |     4.4
   74 |   1.0900 |     35.888 |   1.2448 |     41.544 |     4.5
   75 |   1.0831 |     35.761 |   1.2385 |     41.021 |     4.6
   76 |   1.0796 |     35.706 |   1.2400 |     41.144 |     4.6
   77 |   1.0712 |     35.371 |   1.2370 |     40.775 |     4.7
   78 |   1.0675 |     35.377 |   1.2306 |     40.990 |     4.8
   79 |   1.0592 |     35.047 |   1.2342 |     40.744 |     4.8
   80 |   1.0537 |     34.888 |   1.2324 |     40.867 |     4.9
   81 |   1.0455 |     34.366 |   1.2246 |     40.375 |     4.9
   82 |   1.0418 |     34.547 |   1.2297 |     41.052 |     5.0
   83 |   1.0363 |     34.459 |   1.2230 |     40.929 |     5.1
   84 |   1.0248 |     34.102 |   1.2186 |     40.652 |     5.1
   85 |   1.0214 |     33.767 |   1.2191 |     40.621 |     5.2
   86 |   1.0149 |     33.498 |   1.2173 |     40.037 |     5.2
   87 |   1.0121 |     33.586 |   1.2157 |     40.068 |     5.3
   88 |   1.0067 |     33.311 |   1.2274 |     40.098 |     5.4
   89 |   1.0004 |     33.218 |   1.2154 |     39.545 |     5.4
   90 |   0.9944 |     33.147 |   1.2124 |     39.207 |     5.5
   91 |   0.9887 |     32.669 |   1.2073 |     39.545 |     5.5
   92 |   0.9795 |     32.229 |   1.2117 |     39.422 |     5.6
   93 |   0.9734 |     32.262 |   1.2145 |     38.961 |     5.7
   94 |   0.9686 |     31.905 |   1.2095 |     39.545 |     5.7
   95 |   0.9636 |     31.680 |   1.2080 |     38.622 |     5.8
   96 |   0.9635 |     31.488 |   1.2030 |     38.745 |     5.9
   97 |   0.9543 |     31.229 |   1.1976 |     38.561 |     5.9
   98 |   0.9469 |     30.691 |   1.1951 |     38.161 |     6.0
   99 |   0.9434 |     30.642 |   1.1931 |     38.100 |     6.0
  100 |   0.9368 |     30.669 |   1.1974 |     37.792 |     6.1
  101 |   0.9306 |     30.367 |   1.1905 |     37.792 |     6.2
  102 |   0.9230 |     29.938 |   1.1900 |     37.977 |     6.2
  103 |   0.9165 |     29.614 |   1.1964 |     37.700 |     6.3
  104 |   0.9149 |     29.691 |   1.1922 |     37.362 |     6.3
  105 |   0.9082 |     29.515 |   1.1922 |     37.269 |     6.4
  106 |   0.9053 |     29.334 |   1.1904 |     37.208 |     6.5
  107 |   0.8992 |     28.774 |   1.1854 |     37.239 |     6.5
  108 |   0.8947 |     28.681 |   1.1863 |     37.362 |     6.6
  109 |   0.8891 |     28.576 |   1.1807 |     37.146 |     6.6
  110 |   0.8798 |     28.334 |   1.1791 |     36.931 |     6.7
  111 |   0.8776 |     28.038 |   1.1826 |     36.747 |     6.8
  112 |   0.8716 |     27.961 |   1.1794 |     36.870 |     6.8
  113 |   0.8656 |     28.098 |   1.1752 |     36.593 |     6.9
  114 |   0.8633 |     27.565 |   1.1801 |     36.531 |     6.9
  115 |   0.8571 |     27.730 |   1.1835 |     36.593 |     7.0
  116 |   0.8526 |     27.428 |   1.1743 |     36.900 |     7.1
  117 |   0.8483 |     27.109 |   1.1706 |     36.193 |     7.1
  118 |   0.8410 |     27.153 |   1.1699 |     36.070 |     7.2
  119 |   0.8388 |     26.857 |   1.1691 |     35.763 |     7.3
  120 |   0.8346 |     26.708 |   1.1771 |     36.285 |     7.3
  121 |   0.8244 |     26.489 |   1.1681 |     35.824 |     7.4
  122 |   0.8200 |     26.192 |   1.1693 |     35.547 |     7.4
  123 |   0.8189 |     26.121 |   1.1668 |     35.486 |     7.5
  124 |   0.8125 |     26.187 |   1.1589 |     35.732 |     7.6
  125 |   0.8118 |     25.786 |   1.1580 |     35.394 |     7.6
  126 |   0.8045 |     25.753 |   1.1611 |     35.455 |     7.7
  127 |   0.8000 |     25.593 |   1.1609 |     35.394 |     7.7
  128 |   0.7975 |     25.775 |   1.1593 |     35.086 |     7.8
  129 |   0.7888 |     25.341 |   1.1591 |     35.025 |     7.9
  130 |   0.7866 |     25.082 |   1.1560 |     34.625 |     7.9
  131 |   0.7819 |     25.066 |   1.1764 |     35.209 |     8.0
  132 |   0.7835 |     24.978 |   1.1622 |     35.394 |     8.0
  133 |   0.7793 |     24.934 |   1.1555 |     35.363 |     8.1
  134 |   0.7705 |     24.659 |   1.1505 |     35.178 |     8.2
  135 |   0.7649 |     24.604 |   1.1509 |     34.994 |     8.2
  136 |   0.7633 |     24.341 |   1.1507 |     34.779 |     8.3
  137 |   0.7591 |     24.132 |   1.1482 |     34.932 |     8.4
  138 |   0.7546 |     24.302 |   1.1566 |     34.994 |     8.4
  139 |   0.7505 |     24.308 |   1.1559 |     34.717 |     8.5
  140 |   0.7466 |     24.006 |   1.1533 |     34.871 |     8.5
  141 |   0.7420 |     23.462 |   1.1542 |     34.440 |     8.6
Early stopping

Model: Seq2Seq Multimodal Bi-LSTM
Source index: <Seq2Seq Index with 45 items>
Target index: <Seq2Seq Index with 34 items>
Encoder embedding dimension: 128
Descriptors dimension: 1136
Decoder embedding dimension: 128
Encoder hidden units: 64
Encoder layers: 2
Decoder hidden units: 128
Decoder layers: 3
Dropout: 0.1
Trainable parameters: 836,898

Training started
X_train.shape: torch.Size([3034, 702])
Y_train.shape: torch.Size([3034, 7])
X_dev.shape: torch.Size([542, 350])
Y_dev.shape: torch.Size([542, 7])
Epochs: 500
Learning rate: 0.0001
Weight decay: 1e-05
Epoch | Train                 | Development           | Minutes
      | Loss     | Error Rate | Loss     | Error Rate |
---------------------------------------------------------------
    1 |   3.1896 |     85.179 |   2.6407 |     83.333 |     0.0
    2 |   2.3883 |     62.173 |   2.1927 |     59.317 |     0.0
    3 |   2.0789 |     56.273 |   1.9725 |     54.828 |     0.1
    4 |   1.9017 |     51.566 |   1.8345 |     49.446 |     0.1
    5 |   1.7755 |     48.863 |   1.7275 |     49.385 |     0.1
    6 |   1.6759 |     48.660 |   1.6452 |     49.385 |     0.1
    7 |   1.5992 |     47.874 |   1.5801 |     47.202 |     0.1
    8 |   1.5410 |     46.177 |   1.5301 |     47.202 |     0.2
    9 |   1.4988 |     46.160 |   1.4948 |     47.202 |     0.2
   10 |   1.4680 |     46.155 |   1.4692 |     47.202 |     0.2
   11 |   1.4442 |     46.149 |   1.4478 |     47.232 |     0.2
   12 |   1.4241 |     46.078 |   1.4309 |     47.232 |     0.2
   13 |   1.4062 |     46.303 |   1.4141 |     47.263 |     0.3
   14 |   1.3889 |     46.155 |   1.3997 |     46.894 |     0.3
   15 |   1.3742 |     45.897 |   1.3866 |     46.648 |     0.3
   16 |   1.3597 |     45.353 |   1.3747 |     46.187 |     0.3
   17 |   1.3473 |     44.842 |   1.3645 |     45.726 |     0.3
   18 |   1.3355 |     44.336 |   1.3561 |     45.541 |     0.4
   19 |   1.3249 |     44.111 |   1.3472 |     45.787 |     0.4
   20 |   1.3140 |     43.760 |   1.3399 |     45.326 |     0.4
   21 |   1.3053 |     43.897 |   1.3375 |     45.633 |     0.4
   22 |   1.2971 |     43.243 |   1.3340 |     44.865 |     0.4
   23 |   1.2864 |     43.271 |   1.3195 |     44.619 |     0.5
   24 |   1.2778 |     43.007 |   1.3120 |     44.280 |     0.5
   25 |   1.2710 |     42.936 |   1.3083 |     44.680 |     0.5
   26 |   1.2609 |     42.507 |   1.3027 |     44.496 |     0.5
   27 |   1.2528 |     42.364 |   1.2977 |     44.373 |     0.5
   28 |   1.2450 |     41.886 |   1.2972 |     44.188 |     0.6
   29 |   1.2383 |     41.914 |   1.2887 |     43.635 |     0.6
   30 |   1.2280 |     41.447 |   1.2817 |     43.173 |     0.6
   31 |   1.2230 |     41.299 |   1.2759 |     43.204 |     0.6
   32 |   1.2137 |     40.821 |   1.2743 |     43.419 |     0.6
   33 |   1.2050 |     40.436 |   1.2707 |     42.927 |     0.7
   34 |   1.1965 |     40.008 |   1.2661 |     43.081 |     0.7
   35 |   1.1882 |     40.376 |   1.2637 |     42.835 |     0.7
   36 |   1.1792 |     39.931 |   1.2519 |     42.651 |     0.7
   37 |   1.1673 |     39.579 |   1.2417 |     42.466 |     0.7
   38 |   1.1572 |     39.623 |   1.2351 |     42.374 |     0.8
   39 |   1.1454 |     39.277 |   1.2296 |     42.128 |     0.8
   40 |   1.1341 |     38.728 |   1.2229 |     41.943 |     0.8
   41 |   1.1259 |     38.942 |   1.2208 |     42.189 |     0.8
   42 |   1.1126 |     38.530 |   1.2131 |     41.851 |     0.8
   43 |   1.1016 |     37.744 |   1.2069 |     41.482 |     0.9
   44 |   1.0909 |     36.844 |   1.2027 |     40.806 |     0.9
   45 |   1.0781 |     36.382 |   1.1956 |     40.590 |     0.9
   46 |   1.0672 |     35.849 |   1.1854 |     39.791 |     0.9
   47 |   1.0530 |     35.393 |   1.1844 |     39.606 |     0.9
   48 |   1.0419 |     35.042 |   1.1731 |     38.592 |     1.0
   49 |   1.0279 |     34.207 |   1.1663 |     38.530 |     1.0
   50 |   1.0179 |     33.635 |   1.1600 |     38.130 |     1.0
   51 |   1.0075 |     33.311 |   1.1619 |     38.653 |     1.0
   52 |   0.9931 |     32.724 |   1.1422 |     37.761 |     1.0
   53 |   0.9805 |     32.202 |   1.1415 |     37.854 |     1.1
   54 |   0.9698 |     31.806 |   1.1342 |     37.608 |     1.1
   55 |   0.9598 |     31.383 |   1.1301 |     37.669 |     1.1
   56 |   0.9449 |     30.883 |   1.1209 |     36.931 |     1.1
   57 |   0.9356 |     30.784 |   1.1195 |     36.839 |     1.1
   58 |   0.9221 |     30.059 |   1.1053 |     37.177 |     1.2
   59 |   0.9130 |     29.625 |   1.1045 |     36.685 |     1.2
   60 |   0.9044 |     29.290 |   1.1036 |     35.978 |     1.2
   61 |   0.8935 |     29.323 |   1.1003 |     36.716 |     1.2
   62 |   0.8862 |     28.834 |   1.0996 |     35.763 |     1.2
   63 |   0.8769 |     28.494 |   1.0844 |     36.009 |     1.3
   64 |   0.8669 |     28.400 |   1.0765 |     36.193 |     1.3
   65 |   0.8563 |     27.928 |   1.0749 |     35.301 |     1.3
   66 |   0.8498 |     27.466 |   1.0745 |     35.824 |     1.3
   67 |   0.8396 |     26.939 |   1.0704 |     35.332 |     1.3
   68 |   0.8307 |     26.813 |   1.0704 |     35.332 |     1.4
   69 |   0.8256 |     26.610 |   1.0686 |     35.271 |     1.4
   70 |   0.8147 |     26.230 |   1.0755 |     34.625 |     1.4
   71 |   0.8048 |     25.994 |   1.0793 |     34.410 |     1.4
   72 |   0.7983 |     25.522 |   1.0652 |     34.994 |     1.4
   73 |   0.7894 |     25.209 |   1.0588 |     33.733 |     1.5
   74 |   0.7802 |     24.984 |   1.0603 |     34.133 |     1.5
   75 |   0.7722 |     24.522 |   1.0593 |     34.071 |     1.5
   76 |   0.7676 |     24.335 |   1.0574 |     34.010 |     1.5
   77 |   0.7553 |     23.918 |   1.0522 |     33.456 |     1.5
   78 |   0.7527 |     23.802 |   1.0595 |     33.518 |     1.6
   79 |   0.7451 |     23.511 |   1.0535 |     32.688 |     1.6
   80 |   0.7375 |     23.237 |   1.0490 |     33.272 |     1.6
   81 |   0.7270 |     22.781 |   1.0514 |     32.903 |     1.6
   82 |   0.7212 |     22.803 |   1.0495 |     33.118 |     1.6
   83 |   0.7160 |     22.566 |   1.0500 |     32.565 |     1.7
   84 |   0.7112 |     22.561 |   1.0503 |     33.241 |     1.7
   85 |   0.7033 |     22.154 |   1.0430 |     32.872 |     1.7
   86 |   0.6937 |     21.495 |   1.0451 |     32.718 |     1.7
   87 |   0.6852 |     21.440 |   1.0419 |     32.565 |     1.7
   88 |   0.6763 |     20.973 |   1.0434 |     32.472 |     1.8
   89 |   0.6749 |     21.276 |   1.0550 |     32.165 |     1.8
   90 |   0.6662 |     20.880 |   1.0415 |     32.165 |     1.8
   91 |   0.6608 |     20.512 |   1.0499 |     32.226 |     1.8
   92 |   0.6539 |     20.413 |   1.0482 |     31.950 |     1.8
   93 |   0.6491 |     20.259 |   1.0484 |     32.226 |     1.9
   94 |   0.6420 |     20.012 |   1.0428 |     32.380 |     1.9
Early stopping

Model: Seq2Seq Multimodal Bi-LSTM
Source index: <Seq2Seq Index with 45 items>
Target index: <Seq2Seq Index with 34 items>
Encoder embedding dimension: 64
Descriptors dimension: 1136
Decoder embedding dimension: 128
Encoder hidden units: 128
Encoder layers: 3
Decoder hidden units: 64
Decoder layers: 4
Dropout: 0.2
Trainable parameters: 1,830,498

Training started
X_train.shape: torch.Size([3034, 702])
Y_train.shape: torch.Size([3034, 7])
X_dev.shape: torch.Size([542, 350])
Y_dev.shape: torch.Size([542, 7])
Epochs: 500
Learning rate: 0.001
Weight decay: 0.0001
Epoch | Train                 | Development           | Minutes
      | Loss     | Error Rate | Loss     | Error Rate |
---------------------------------------------------------------
    1 |   2.5975 |     68.908 |   2.0596 |     59.317 |     0.1
    2 |   1.8095 |     51.088 |   1.6126 |     47.202 |     0.1
    3 |   1.5189 |     46.177 |   1.4736 |     47.017 |     0.2
    4 |   1.4430 |     46.149 |   1.4370 |     47.017 |     0.2
    5 |   1.4197 |     46.199 |   1.4222 |     47.202 |     0.3
    6 |   1.4086 |     46.215 |   1.4178 |     47.017 |     0.4
    7 |   1.3991 |     46.226 |   1.3999 |     46.956 |     0.4
    8 |   1.3756 |     45.869 |   1.3760 |     46.648 |     0.5
    9 |   1.3564 |     45.589 |   1.3559 |     46.341 |     0.5
   10 |   1.3429 |     45.364 |   1.3473 |     45.480 |     0.6
   11 |   1.3304 |     45.204 |   1.3349 |     45.418 |     0.7
   12 |   1.3240 |     45.309 |   1.3242 |     46.125 |     0.7
   13 |   1.3127 |     45.149 |   1.3162 |     46.033 |     0.8
   14 |   1.3036 |     44.770 |   1.3031 |     44.711 |     0.8
   15 |   1.2963 |     44.715 |   1.3042 |     45.357 |     0.9
   16 |   1.2836 |     44.210 |   1.2875 |     44.188 |     1.0
   17 |   1.2772 |     44.106 |   1.2895 |     44.219 |     1.0
   18 |   1.2748 |     43.941 |   1.2815 |     44.034 |     1.1
   19 |   1.2583 |     43.545 |   1.2780 |     44.434 |     1.1
   20 |   1.2525 |     43.705 |   1.2887 |     44.280 |     1.2
   21 |   1.2468 |     43.595 |   1.2600 |     43.573 |     1.3
   22 |   1.2404 |     43.309 |   1.2554 |     43.973 |     1.3
   23 |   1.2320 |     43.002 |   1.2542 |     42.835 |     1.4
   24 |   1.2240 |     42.293 |   1.2406 |     42.528 |     1.5
   25 |   1.2129 |     41.694 |   1.2345 |     43.204 |     1.5
   26 |   1.2031 |     41.535 |   1.2223 |     41.974 |     1.6
   27 |   1.1881 |     40.848 |   1.2088 |     41.913 |     1.6
   28 |   1.1895 |     40.804 |   1.2139 |     41.451 |     1.7
   29 |   1.1828 |     40.557 |   1.1989 |     41.482 |     1.8
   30 |   1.1708 |     39.997 |   1.1966 |     40.683 |     1.8
   31 |   1.1520 |     39.398 |   1.1830 |     40.467 |     1.9
   32 |   1.1480 |     39.107 |   1.1814 |     40.467 |     1.9
   33 |   1.1441 |     39.200 |   1.1765 |     40.652 |     2.0
   34 |   1.1349 |     38.662 |   1.1818 |     39.545 |     2.1
   35 |   1.1205 |     37.981 |   1.1631 |     39.606 |     2.1
   36 |   1.1134 |     38.063 |   1.1643 |     39.360 |     2.2
   37 |   1.1080 |     37.442 |   1.1622 |     39.391 |     2.2
   38 |   1.1006 |     37.250 |   1.1736 |     39.391 |     2.3
   39 |   1.0869 |     36.668 |   1.1266 |     37.700 |     2.4
   40 |   1.0806 |     36.662 |   1.1410 |     39.053 |     2.4
   41 |   1.0707 |     36.388 |   1.1204 |     37.884 |     2.5
   42 |   1.0664 |     35.981 |   1.1225 |     38.469 |     2.5
   43 |   1.0567 |     36.113 |   1.1142 |     37.423 |     2.6
   44 |   1.0519 |     35.761 |   1.1214 |     38.192 |     2.7
   45 |   1.0407 |     35.185 |   1.1081 |     38.592 |     2.7
   46 |   1.0480 |     35.630 |   1.1319 |     37.700 |     2.8
   47 |   1.0487 |     36.020 |   1.1057 |     37.608 |     2.8
   48 |   1.0319 |     35.124 |   1.0933 |     36.777 |     2.9
   49 |   1.0224 |     34.811 |   1.1327 |     38.469 |     3.0
   50 |   1.0387 |     35.305 |   1.0990 |     37.208 |     3.0
   51 |   1.0192 |     34.998 |   1.0969 |     37.608 |     3.1
   52 |   1.0180 |     34.871 |   1.0885 |     36.900 |     3.1
   53 |   0.9985 |     33.828 |   1.0746 |     36.316 |     3.2
   54 |   0.9887 |     33.894 |   1.0728 |     36.531 |     3.3
   55 |   0.9866 |     33.817 |   1.0834 |     36.039 |     3.3
   56 |   0.9821 |     33.537 |   1.0648 |     35.855 |     3.4
   57 |   0.9744 |     33.377 |   1.0705 |     36.285 |     3.5
   58 |   0.9690 |     33.064 |   1.0485 |     35.394 |     3.5
   59 |   0.9593 |     32.476 |   1.0500 |     36.378 |     3.6
   60 |   0.9601 |     32.592 |   1.0539 |     35.055 |     3.6
   61 |   0.9519 |     32.377 |   1.0616 |     35.455 |     3.7
   62 |   0.9397 |     32.185 |   1.0632 |     35.271 |     3.8
Early stopping

Model: Seq2Seq Multimodal Bi-LSTM
Source index: <Seq2Seq Index with 45 items>
Target index: <Seq2Seq Index with 34 items>
Encoder embedding dimension: 64
Descriptors dimension: 1136
Decoder embedding dimension: 64
Encoder hidden units: 64
Encoder layers: 4
Decoder hidden units: 128
Decoder layers: 4
Dropout: 0.2
Trainable parameters: 1,357,282

Training started
X_train.shape: torch.Size([3034, 702])
Y_train.shape: torch.Size([3034, 7])
X_dev.shape: torch.Size([542, 350])
Y_dev.shape: torch.Size([542, 7])
Epochs: 500
Learning rate: 0.0001
Weight decay: 1e-05
Epoch | Train                 | Development           | Minutes
      | Loss     | Error Rate | Loss     | Error Rate |
---------------------------------------------------------------
    1 |   3.2203 |     82.345 |   2.7312 |     81.642 |     0.0
    2 |   2.5004 |     66.343 |   2.2786 |     59.317 |     0.1
    3 |   2.1454 |     56.460 |   2.0150 |     57.964 |     0.1
    4 |   1.9463 |     54.038 |   1.8622 |     49.385 |     0.1
    5 |   1.8081 |     49.253 |   1.7472 |     49.385 |     0.2
    6 |   1.7034 |     48.731 |   1.6593 |     49.385 |     0.2
    7 |   1.6206 |     48.643 |   1.5909 |     49.385 |     0.2
    8 |   1.5572 |     46.841 |   1.5382 |     47.202 |     0.3
    9 |   1.5122 |     46.155 |   1.5042 |     47.202 |     0.3
   10 |   1.4826 |     46.144 |   1.4800 |     47.202 |     0.3
   11 |   1.4625 |     46.292 |   1.4644 |     47.202 |     0.4
   12 |   1.4478 |     46.138 |   1.4524 |     47.202 |     0.4
   13 |   1.4371 |     46.237 |   1.4454 |     47.202 |     0.5
   14 |   1.4294 |     46.155 |   1.4372 |     47.202 |     0.5
   15 |   1.4219 |     46.166 |   1.4303 |     47.017 |     0.5
   16 |   1.4145 |     46.325 |   1.4251 |     47.202 |     0.6
   17 |   1.4069 |     46.270 |   1.4171 |     47.202 |     0.6
   18 |   1.3978 |     46.116 |   1.4118 |     47.202 |     0.6
   19 |   1.3895 |     46.056 |   1.4038 |     47.202 |     0.7
   20 |   1.3799 |     45.957 |   1.3950 |     46.925 |     0.7
   21 |   1.3719 |     45.831 |   1.3924 |     46.587 |     0.7
   22 |   1.3630 |     45.314 |   1.3831 |     46.279 |     0.8
   23 |   1.3546 |     45.127 |   1.3784 |     45.510 |     0.8
   24 |   1.3496 |     45.133 |   1.3744 |     45.787 |     0.8
   25 |   1.3419 |     45.023 |   1.3710 |     46.156 |     0.9
   26 |   1.3369 |     44.847 |   1.3672 |     46.218 |     0.9
   27 |   1.3326 |     44.963 |   1.3656 |     46.464 |     0.9
   28 |   1.3273 |     44.765 |   1.3634 |     45.879 |     1.0
   29 |   1.3223 |     44.677 |   1.3571 |     45.787 |     1.0
   30 |   1.3147 |     44.677 |   1.3549 |     45.664 |     1.0
   31 |   1.3126 |     44.600 |   1.3496 |     45.603 |     1.1
   32 |   1.3070 |     44.584 |   1.3474 |     46.095 |     1.1
   33 |   1.3019 |     44.408 |   1.3468 |     45.603 |     1.1
   34 |   1.2989 |     44.336 |   1.3446 |     45.726 |     1.2
   35 |   1.2930 |     44.260 |   1.3408 |     44.988 |     1.2
   36 |   1.2905 |     44.128 |   1.3355 |     45.418 |     1.2
   37 |   1.2833 |     43.743 |   1.3417 |     44.588 |     1.3
   38 |   1.2795 |     43.364 |   1.3362 |     44.834 |     1.3
   39 |   1.2729 |     43.271 |   1.3262 |     44.649 |     1.3
   40 |   1.2684 |     42.958 |   1.3268 |     45.295 |     1.4
   41 |   1.2610 |     42.655 |   1.3203 |     44.526 |     1.4
   42 |   1.2530 |     42.342 |   1.3136 |     44.004 |     1.4
   43 |   1.2460 |     41.842 |   1.3099 |     43.665 |     1.5
   44 |   1.2405 |     41.667 |   1.3068 |     43.266 |     1.5
   45 |   1.2326 |     41.216 |   1.3029 |     43.481 |     1.5
   46 |   1.2235 |     41.090 |   1.3006 |     43.481 |     1.6
   47 |   1.2160 |     40.683 |   1.2938 |     43.112 |     1.6
   48 |   1.2105 |     40.683 |   1.2960 |     43.235 |     1.6
   49 |   1.2003 |     40.222 |   1.2978 |     43.665 |     1.7
   50 |   1.1950 |     40.288 |   1.2856 |     43.296 |     1.7
   51 |   1.1867 |     39.881 |   1.2855 |     42.927 |     1.7
   52 |   1.1802 |     39.815 |   1.2783 |     43.081 |     1.8
   53 |   1.1726 |     39.722 |   1.2762 |     42.804 |     1.8
   54 |   1.1641 |     39.623 |   1.2829 |     43.143 |     1.8
   55 |   1.1609 |     39.370 |   1.2752 |     42.651 |     1.9
   56 |   1.1534 |     39.107 |   1.2641 |     42.712 |     1.9
   57 |   1.1465 |     38.832 |   1.2681 |     42.312 |     1.9
   58 |   1.1399 |     38.607 |   1.2587 |     42.066 |     2.0
   59 |   1.1322 |     38.448 |   1.2622 |     41.943 |     2.0
   60 |   1.1247 |     38.085 |   1.2586 |     41.513 |     2.0
   61 |   1.1194 |     37.981 |   1.2588 |     41.974 |     2.1
   62 |   1.1120 |     37.574 |   1.2592 |     41.513 |     2.1
   63 |   1.1046 |     37.470 |   1.2587 |     41.820 |     2.1
   64 |   1.0988 |     37.113 |   1.2462 |     41.636 |     2.2
   65 |   1.0927 |     36.662 |   1.2539 |     41.359 |     2.2
   66 |   1.0889 |     36.602 |   1.2413 |     40.929 |     2.2
   67 |   1.0798 |     36.036 |   1.2447 |     41.052 |     2.3
   68 |   1.0751 |     36.157 |   1.2416 |     40.437 |     2.3
   69 |   1.0662 |     35.706 |   1.2486 |     40.867 |     2.3
   70 |   1.0636 |     35.866 |   1.2417 |     40.098 |     2.4
   71 |   1.0573 |     35.613 |   1.2373 |     39.822 |     2.4
   72 |   1.0506 |     35.240 |   1.2394 |     40.806 |     2.4
   73 |   1.0433 |     34.987 |   1.2363 |     39.852 |     2.5
   74 |   1.0414 |     34.806 |   1.2412 |     40.529 |     2.5
   75 |   1.0295 |     34.476 |   1.2241 |     39.791 |     2.5
   76 |   1.0236 |     34.350 |   1.2291 |     39.883 |     2.6
   77 |   1.0173 |     34.047 |   1.2273 |     39.945 |     2.6
   78 |   1.0145 |     34.025 |   1.2192 |     39.729 |     2.6
   79 |   1.0075 |     33.553 |   1.2218 |     39.176 |     2.7
   80 |   1.0018 |     33.449 |   1.2226 |     39.483 |     2.7
   81 |   0.9970 |     33.553 |   1.2175 |     38.991 |     2.7
   82 |   0.9881 |     33.004 |   1.2222 |     39.637 |     2.8
   83 |   0.9821 |     32.894 |   1.2137 |     38.930 |     2.8
   84 |   0.9791 |     32.795 |   1.2076 |     38.868 |     2.8
   85 |   0.9696 |     32.257 |   1.2113 |     38.776 |     2.9
   86 |   0.9629 |     32.295 |   1.2132 |     39.268 |     2.9
   87 |   0.9550 |     31.817 |   1.1996 |     38.438 |     2.9
   88 |   0.9495 |     31.916 |   1.2051 |     38.684 |     3.0
   89 |   0.9430 |     31.455 |   1.2006 |     38.684 |     3.0
   90 |   0.9327 |     31.098 |   1.1987 |     38.284 |     3.0
   91 |   0.9304 |     30.955 |   1.2018 |     38.561 |     3.1
   92 |   0.9243 |     31.043 |   1.1945 |     37.485 |     3.1
   93 |   0.9142 |     30.488 |   1.1885 |     38.007 |     3.1
   94 |   0.9090 |     30.504 |   1.1888 |     38.007 |     3.2
   95 |   0.9055 |     30.032 |   1.1869 |     37.608 |     3.2
   96 |   0.8987 |     30.098 |   1.1783 |     37.946 |     3.2
   97 |   0.8902 |     29.895 |   1.1735 |     37.608 |     3.3
   98 |   0.8841 |     29.340 |   1.1772 |     37.300 |     3.3
   99 |   0.8773 |     29.565 |   1.1774 |     37.546 |     3.3
  100 |   0.8724 |     29.444 |   1.1816 |     37.546 |     3.4
  101 |   0.8677 |     28.939 |   1.1751 |     37.331 |     3.4
  102 |   0.8617 |     29.082 |   1.1726 |     37.085 |     3.4
  103 |   0.8548 |     28.615 |   1.1623 |     37.085 |     3.5
  104 |   0.8490 |     28.516 |   1.1633 |     36.593 |     3.5
  105 |   0.8408 |     28.285 |   1.1651 |     36.870 |     3.5
  106 |   0.8323 |     27.725 |   1.1697 |     37.023 |     3.6
  107 |   0.8274 |     27.758 |   1.1681 |     37.239 |     3.6
Early stopping

Model: Seq2Seq Multimodal Bi-LSTM
Source index: <Seq2Seq Index with 45 items>
Target index: <Seq2Seq Index with 34 items>
Encoder embedding dimension: 128
Descriptors dimension: 1136
Decoder embedding dimension: 64
Encoder hidden units: 128
Encoder layers: 2
Decoder hidden units: 128
Decoder layers: 3
Dropout: 0.1
Trainable parameters: 1,522,978

Training started
X_train.shape: torch.Size([3034, 702])
Y_train.shape: torch.Size([3034, 7])
X_dev.shape: torch.Size([542, 350])
Y_dev.shape: torch.Size([542, 7])
Epochs: 500
Learning rate: 0.0001
Weight decay: 0.0001
Epoch | Train                 | Development           | Minutes
      | Loss     | Error Rate | Loss     | Error Rate |
---------------------------------------------------------------
    1 |   3.1752 |     85.108 |   2.6652 |     81.673 |     0.0
    2 |   2.4083 |     62.563 |   2.2020 |     59.317 |     0.1
    3 |   2.0941 |     56.559 |   1.9998 |     54.459 |     0.1
    4 |   1.9348 |     52.906 |   1.8755 |     49.446 |     0.2
    5 |   1.8191 |     49.061 |   1.7748 |     49.385 |     0.2
    6 |   1.7187 |     48.682 |   1.6842 |     49.385 |     0.2
    7 |   1.6346 |     48.599 |   1.6131 |     49.385 |     0.3
    8 |   1.5701 |     46.407 |   1.5582 |     47.232 |     0.3
    9 |   1.5218 |     46.155 |   1.5191 |     47.202 |     0.4
   10 |   1.4884 |     46.155 |   1.4900 |     47.202 |     0.4
   11 |   1.4642 |     46.160 |   1.4698 |     47.202 |     0.5
   12 |   1.4477 |     46.144 |   1.4546 |     47.202 |     0.5
   13 |   1.4342 |     46.155 |   1.4421 |     47.202 |     0.5
   14 |   1.4220 |     46.149 |   1.4356 |     47.232 |     0.6
   15 |   1.4117 |     46.105 |   1.4235 |     47.140 |     0.6
   16 |   1.4009 |     45.880 |   1.4129 |     47.048 |     0.7
   17 |   1.3905 |     45.820 |   1.4035 |     46.863 |     0.7
   18 |   1.3805 |     45.611 |   1.3968 |     46.802 |     0.7
   19 |   1.3713 |     45.528 |   1.3851 |     46.833 |     0.8
   20 |   1.3596 |     45.375 |   1.3776 |     46.679 |     0.8
   21 |   1.3481 |     45.138 |   1.3642 |     46.617 |     0.9
   22 |   1.3347 |     45.149 |   1.3557 |     46.525 |     0.9
   23 |   1.3233 |     44.974 |   1.3499 |     45.972 |     1.0
   24 |   1.3079 |     44.408 |   1.3332 |     45.664 |     1.0
   25 |   1.2973 |     44.018 |   1.3289 |     45.756 |     1.0
   26 |   1.2851 |     43.705 |   1.3205 |     45.480 |     1.1
   27 |   1.2736 |     43.287 |   1.3122 |     44.957 |     1.1
   28 |   1.2625 |     42.579 |   1.3044 |     44.588 |     1.2
   29 |   1.2503 |     42.271 |   1.3005 |     44.127 |     1.2
   30 |   1.2413 |     41.601 |   1.2976 |     43.758 |     1.2
   31 |   1.2303 |     41.167 |   1.2806 |     43.542 |     1.3
   32 |   1.2166 |     40.530 |   1.2735 |     42.835 |     1.3
   33 |   1.2040 |     40.376 |   1.2707 |     42.681 |     1.4
   34 |   1.1933 |     39.750 |   1.2599 |     41.605 |     1.4
   35 |   1.1815 |     39.162 |   1.2540 |     41.790 |     1.4
   36 |   1.1652 |     38.695 |   1.2530 |     41.697 |     1.5
   37 |   1.1536 |     37.981 |   1.2366 |     41.052 |     1.5
   38 |   1.1382 |     37.415 |   1.2278 |     40.437 |     1.6
   39 |   1.1235 |     36.920 |   1.2197 |     40.560 |     1.6
   40 |   1.1086 |     36.585 |   1.2156 |     40.713 |     1.7
   41 |   1.0952 |     36.124 |   1.2057 |     39.945 |     1.7
   42 |   1.0825 |     35.745 |   1.1981 |     39.975 |     1.7
   43 |   1.0690 |     34.915 |   1.1945 |     39.729 |     1.8
   44 |   1.0551 |     34.652 |   1.1869 |     39.237 |     1.8
   45 |   1.0421 |     34.113 |   1.1790 |     38.284 |     1.9
   46 |   1.0277 |     33.482 |   1.1713 |     38.223 |     1.9
   47 |   1.0178 |     33.015 |   1.1672 |     38.315 |     1.9
   48 |   1.0060 |     32.713 |   1.1634 |     37.269 |     2.0
   49 |   0.9926 |     32.290 |   1.1613 |     38.223 |     2.0
   50 |   0.9813 |     31.680 |   1.1624 |     37.977 |     2.1
   51 |   0.9690 |     31.284 |   1.1550 |     37.362 |     2.1
   52 |   0.9592 |     30.872 |   1.1457 |     37.546 |     2.1
   53 |   0.9476 |     30.691 |   1.1409 |     36.993 |     2.2
   54 |   0.9361 |     30.098 |   1.1453 |     36.808 |     2.2
   55 |   0.9233 |     29.450 |   1.1338 |     36.224 |     2.3
   56 |   0.9137 |     29.384 |   1.1323 |     36.470 |     2.3
   57 |   0.9007 |     28.884 |   1.1211 |     35.763 |     2.4
   58 |   0.8974 |     28.604 |   1.1305 |     35.855 |     2.4
   59 |   0.8817 |     28.334 |   1.1192 |     35.547 |     2.4
   60 |   0.8725 |     27.774 |   1.1311 |     36.193 |     2.5
   61 |   0.8641 |     27.434 |   1.1123 |     35.640 |     2.5
   62 |   0.8572 |     27.439 |   1.1112 |     35.424 |     2.6
   63 |   0.8442 |     26.928 |   1.1118 |     35.301 |     2.6
   64 |   0.8354 |     26.802 |   1.1069 |     35.332 |     2.6
   65 |   0.8291 |     26.555 |   1.1084 |     35.086 |     2.7
   66 |   0.8216 |     26.544 |   1.1096 |     34.748 |     2.7
   67 |   0.8103 |     26.011 |   1.1082 |     35.117 |     2.8
   68 |   0.8059 |     25.868 |   1.0917 |     34.748 |     2.8
   69 |   0.7957 |     25.571 |   1.0961 |     34.656 |     2.8
   70 |   0.7879 |     25.225 |   1.0911 |     34.502 |     2.9
   71 |   0.7809 |     25.082 |   1.0984 |     34.317 |     2.9
   72 |   0.7699 |     24.489 |   1.0902 |     34.225 |     3.0
   73 |   0.7602 |     24.297 |   1.0937 |     34.102 |     3.0
   74 |   0.7561 |     24.154 |   1.0974 |     34.317 |     3.1
   75 |   0.7502 |     24.127 |   1.0973 |     33.641 |     3.1
   76 |   0.7418 |     23.583 |   1.0902 |     34.164 |     3.1
   77 |   0.7368 |     23.473 |   1.0889 |     33.979 |     3.2
   78 |   0.7261 |     22.978 |   1.0951 |     34.041 |     3.2
   79 |   0.7221 |     23.099 |   1.0872 |     33.672 |     3.3
   80 |   0.7156 |     22.770 |   1.0889 |     33.918 |     3.3
   81 |   0.7075 |     22.506 |   1.0978 |     33.610 |     3.3
   82 |   0.7042 |     22.517 |   1.0940 |     34.164 |     3.4
   83 |   0.6927 |     21.880 |   1.0871 |     33.303 |     3.4
   84 |   0.6880 |     21.781 |   1.0901 |     32.872 |     3.5
   85 |   0.6850 |     21.957 |   1.0815 |     33.426 |     3.5
   86 |   0.6784 |     21.402 |   1.0838 |     32.995 |     3.5
   87 |   0.6712 |     21.226 |   1.0889 |     32.964 |     3.6
   88 |   0.6661 |     21.166 |   1.0874 |     32.934 |     3.6
   89 |   0.6621 |     21.017 |   1.0918 |     32.534 |     3.7
   90 |   0.6510 |     20.331 |   1.0804 |     32.380 |     3.7
   91 |   0.6496 |     20.380 |   1.0872 |     32.657 |     3.8
   92 |   0.6452 |     20.149 |   1.0864 |     32.226 |     3.8
   93 |   0.6336 |     19.908 |   1.1015 |     32.534 |     3.8
   94 |   0.6366 |     20.094 |   1.0992 |     32.288 |     3.9
Early stopping

Model: Seq2Seq Multimodal Bi-LSTM
Source index: <Seq2Seq Index with 45 items>
Target index: <Seq2Seq Index with 34 items>
Encoder embedding dimension: 64
Descriptors dimension: 1136
Decoder embedding dimension: 128
Encoder hidden units: 128
Encoder layers: 3
Decoder hidden units: 64
Decoder layers: 3
Dropout: 0.2
Trainable parameters: 1,797,218

Training started
X_train.shape: torch.Size([3034, 702])
Y_train.shape: torch.Size([3034, 7])
X_dev.shape: torch.Size([542, 350])
Y_dev.shape: torch.Size([542, 7])
Epochs: 500
Learning rate: 0.0001
Weight decay: 0.0001
Epoch | Train                 | Development           | Minutes
      | Loss     | Error Rate | Loss     | Error Rate |
---------------------------------------------------------------
    1 |   3.4417 |     88.189 |   3.1549 |     83.333 |     0.1
    2 |   2.8267 |     79.664 |   2.5711 |     66.913 |     0.1
    3 |   2.4320 |     60.157 |   2.3068 |     59.379 |     0.2
    4 |   2.2386 |     57.960 |   2.1646 |     58.887 |     0.2
    5 |   2.1245 |     57.207 |   2.0669 |     57.595 |     0.3
    6 |   2.0341 |     56.422 |   1.9878 |     57.841 |     0.4
    7 |   1.9582 |     54.378 |   1.9169 |     49.723 |     0.4
    8 |   1.8921 |     50.648 |   1.8561 |     49.938 |     0.5
    9 |   1.8320 |     49.758 |   1.8014 |     49.446 |     0.5
   10 |   1.7778 |     49.517 |   1.7485 |     49.385 |     0.6
   11 |   1.7258 |     49.187 |   1.7016 |     49.385 |     0.7
   12 |   1.6770 |     48.907 |   1.6554 |     49.385 |     0.7
   13 |   1.6341 |     48.770 |   1.6190 |     49.385 |     0.8
   14 |   1.5977 |     48.676 |   1.5878 |     49.385 |     0.8
   15 |   1.5671 |     47.676 |   1.5602 |     47.202 |     0.9
   16 |   1.5393 |     46.534 |   1.5327 |     47.202 |     1.0
   17 |   1.5155 |     46.171 |   1.5128 |     47.202 |     1.0
   18 |   1.4938 |     46.144 |   1.4925 |     47.202 |     1.1
   19 |   1.4759 |     46.089 |   1.4779 |     47.202 |     1.2
   20 |   1.4609 |     46.116 |   1.4646 |     47.202 |     1.2
   21 |   1.4465 |     46.039 |   1.4518 |     47.202 |     1.3
   22 |   1.4330 |     45.979 |   1.4396 |     47.232 |     1.3
   23 |   1.4189 |     45.814 |   1.4275 |     46.679 |     1.4
   24 |   1.4070 |     45.633 |   1.4167 |     46.648 |     1.5
   25 |   1.3953 |     45.468 |   1.4059 |     47.048 |     1.5
   26 |   1.3832 |     45.342 |   1.3931 |     46.648 |     1.6
   27 |   1.3711 |     45.040 |   1.3852 |     46.341 |     1.6
   28 |   1.3592 |     44.726 |   1.3744 |     46.218 |     1.7
   29 |   1.3483 |     44.474 |   1.3662 |     45.879 |     1.8
   30 |   1.3369 |     44.188 |   1.3591 |     45.480 |     1.8
   31 |   1.3267 |     43.765 |   1.3501 |     44.988 |     1.9
   32 |   1.3170 |     43.606 |   1.3432 |     44.988 |     1.9
   33 |   1.3064 |     43.194 |   1.3357 |     44.895 |     2.0
   34 |   1.2950 |     43.084 |   1.3266 |     44.680 |     2.1
   35 |   1.2861 |     42.892 |   1.3201 |     44.280 |     2.1
   36 |   1.2748 |     42.579 |   1.3202 |     44.526 |     2.2
   37 |   1.2658 |     42.150 |   1.3124 |     43.973 |     2.2
   38 |   1.2574 |     41.991 |   1.3073 |     44.034 |     2.3
   39 |   1.2497 |     41.661 |   1.3019 |     43.788 |     2.4
   40 |   1.2420 |     41.408 |   1.2949 |     43.573 |     2.4
   41 |   1.2344 |     41.057 |   1.2923 |     43.758 |     2.5
   42 |   1.2283 |     41.112 |   1.2894 |     43.389 |     2.5
   43 |   1.2190 |     40.815 |   1.2802 |     43.143 |     2.6
   44 |   1.2089 |     40.584 |   1.2774 |     43.327 |     2.7
   45 |   1.2032 |     40.354 |   1.2762 |     43.235 |     2.7
   46 |   1.1962 |     39.969 |   1.2716 |     42.958 |     2.8
   47 |   1.1899 |     40.123 |   1.2680 |     42.989 |     2.8
   48 |   1.1826 |     39.876 |   1.2635 |     42.743 |     2.9
   49 |   1.1745 |     39.585 |   1.2616 |     42.651 |     3.0
   50 |   1.1663 |     39.343 |   1.2561 |     42.712 |     3.0
   51 |   1.1600 |     39.283 |   1.2526 |     42.897 |     3.1
   52 |   1.1505 |     38.876 |   1.2507 |     42.435 |     3.1
   53 |   1.1473 |     38.843 |   1.2441 |     42.466 |     3.2
   54 |   1.1405 |     38.711 |   1.2442 |     41.851 |     3.3
   55 |   1.1317 |     38.420 |   1.2446 |     42.036 |     3.3
   56 |   1.1254 |     38.239 |   1.2378 |     41.574 |     3.4
   57 |   1.1188 |     37.744 |   1.2375 |     42.128 |     3.4
   58 |   1.1124 |     37.563 |   1.2343 |     41.574 |     3.5
   59 |   1.1056 |     37.008 |   1.2309 |     41.513 |     3.6
   60 |   1.1004 |     37.508 |   1.2223 |     41.267 |     3.6
   61 |   1.0913 |     36.844 |   1.2233 |     41.052 |     3.7
   62 |   1.0879 |     36.635 |   1.2252 |     41.298 |     3.7
   63 |   1.0797 |     36.574 |   1.2155 |     41.205 |     3.8
   64 |   1.0746 |     36.217 |   1.2189 |     40.344 |     3.9
   65 |   1.0680 |     36.025 |   1.2172 |     40.621 |     3.9
   66 |   1.0615 |     35.712 |   1.2119 |     40.314 |     4.0
   67 |   1.0548 |     35.240 |   1.2117 |     40.406 |     4.0
   68 |   1.0475 |     35.031 |   1.2097 |     40.160 |     4.1
   69 |   1.0445 |     35.124 |   1.2166 |     40.744 |     4.2
   70 |   1.0371 |     34.509 |   1.2172 |     40.006 |     4.2
   71 |   1.0366 |     34.981 |   1.2073 |     40.344 |     4.3
   72 |   1.0268 |     34.454 |   1.2039 |     39.145 |     4.3
   73 |   1.0218 |     33.976 |   1.2025 |     40.406 |     4.4
   74 |   1.0164 |     33.866 |   1.2059 |     39.268 |     4.5
   75 |   1.0113 |     33.773 |   1.1955 |     39.606 |     4.5
   76 |   1.0057 |     33.553 |   1.1961 |     39.453 |     4.6
   77 |   0.9957 |     33.240 |   1.1907 |     38.899 |     4.6
   78 |   0.9925 |     32.839 |   1.1912 |     39.545 |     4.7
   79 |   0.9897 |     32.921 |   1.1958 |     39.453 |     4.8
   80 |   0.9885 |     33.289 |   1.1916 |     39.237 |     4.8
   81 |   0.9834 |     32.702 |   1.1918 |     39.606 |     4.9
   82 |   0.9758 |     32.592 |   1.1898 |     39.422 |     4.9
   83 |   0.9722 |     32.465 |   1.1876 |     39.637 |     5.0
   84 |   0.9673 |     32.410 |   1.1872 |     39.360 |     5.1
   85 |   0.9607 |     32.103 |   1.1808 |     39.207 |     5.1
   86 |   0.9541 |     31.812 |   1.1826 |     38.868 |     5.2
   87 |   0.9482 |     31.411 |   1.1877 |     39.053 |     5.3
   88 |   0.9470 |     31.493 |   1.1779 |     38.991 |     5.3
   89 |   0.9420 |     31.098 |   1.1839 |     38.715 |     5.4
   90 |   0.9359 |     30.724 |   1.1777 |     38.530 |     5.4
   91 |   0.9316 |     30.697 |   1.1766 |     38.438 |     5.5
   92 |   0.9272 |     30.592 |   1.1751 |     38.930 |     5.6
   93 |   0.9194 |     30.235 |   1.1793 |     38.100 |     5.6
   94 |   0.9211 |     30.416 |   1.1723 |     37.854 |     5.7
   95 |   0.9106 |     29.757 |   1.1774 |     37.761 |     5.7
   96 |   0.9135 |     29.917 |   1.1716 |     37.515 |     5.8
   97 |   0.9072 |     29.603 |   1.1784 |     37.792 |     5.9
   98 |   0.9013 |     29.125 |   1.1780 |     37.362 |     5.9
   99 |   0.8946 |     28.972 |   1.1755 |     37.454 |     6.0
  100 |   0.8895 |     28.697 |   1.1644 |     37.269 |     6.0
  101 |   0.8818 |     28.532 |   1.1705 |     37.392 |     6.1
  102 |   0.8802 |     28.499 |   1.1732 |     36.870 |     6.2
  103 |   0.8763 |     28.186 |   1.1600 |     37.085 |     6.2
  104 |   0.8677 |     27.807 |   1.1689 |     37.515 |     6.3
  105 |   0.8660 |     27.659 |   1.1597 |     36.531 |     6.3
  106 |   0.8609 |     27.450 |   1.1591 |     36.624 |     6.4
  107 |   0.8564 |     27.626 |   1.1540 |     36.531 |     6.5
  108 |   0.8515 |     27.406 |   1.1595 |     36.747 |     6.5
  109 |   0.8476 |     27.044 |   1.1512 |     36.070 |     6.6
  110 |   0.8363 |     26.439 |   1.1466 |     36.470 |     6.6
  111 |   0.8388 |     27.164 |   1.1480 |     35.763 |     6.7
  112 |   0.8335 |     26.500 |   1.1617 |     35.886 |     6.8
  113 |   0.8263 |     26.428 |   1.1546 |     36.101 |     6.8
  114 |   0.8229 |     26.500 |   1.1442 |     35.763 |     6.9
  115 |   0.8147 |     25.851 |   1.1471 |     35.947 |     6.9
  116 |   0.8151 |     26.049 |   1.1470 |     36.070 |     7.0
  117 |   0.8111 |     26.104 |   1.1377 |     35.670 |     7.1
  118 |   0.8047 |     25.895 |   1.1339 |     35.670 |     7.1
  119 |   0.7999 |     25.423 |   1.1398 |     35.824 |     7.2
  120 |   0.7911 |     25.527 |   1.1369 |     35.332 |     7.2
  121 |   0.7918 |     25.423 |   1.1314 |     35.394 |     7.3
  122 |   0.7892 |     25.280 |   1.1286 |     35.547 |     7.4
  123 |   0.7803 |     25.110 |   1.1347 |     35.824 |     7.4
  124 |   0.7832 |     25.220 |   1.1232 |     34.779 |     7.5
  125 |   0.7779 |     25.165 |   1.1351 |     35.886 |     7.5
  126 |   0.7729 |     25.000 |   1.1322 |     35.701 |     7.6
  127 |   0.7671 |     24.918 |   1.1369 |     35.640 |     7.7
  128 |   0.7664 |     25.005 |   1.1305 |     35.455 |     7.7
Early stopping

Model: Seq2Seq Multimodal Bi-LSTM
Source index: <Seq2Seq Index with 45 items>
Target index: <Seq2Seq Index with 34 items>
Encoder embedding dimension: 64
Descriptors dimension: 1136
Decoder embedding dimension: 128
Encoder hidden units: 128
Encoder layers: 3
Decoder hidden units: 128
Decoder layers: 4
Dropout: 0.1
Trainable parameters: 2,309,858

Training started
X_train.shape: torch.Size([3034, 702])
Y_train.shape: torch.Size([3034, 7])
X_dev.shape: torch.Size([542, 350])
Y_dev.shape: torch.Size([542, 7])
Epochs: 500
Learning rate: 0.001
Weight decay: 0.0001
Epoch | Train                 | Development           | Minutes
      | Loss     | Error Rate | Loss     | Error Rate |
---------------------------------------------------------------
    1 |   2.3385 |     63.805 |   1.7291 |     49.385 |     0.1
    2 |   1.5228 |     46.753 |   1.4555 |     47.202 |     0.1
    3 |   1.4246 |     46.292 |   1.4207 |     47.048 |     0.2
    4 |   1.4058 |     46.226 |   1.4073 |     47.017 |     0.2
    5 |   1.3942 |     46.215 |   1.3949 |     46.956 |     0.3
    6 |   1.3694 |     45.836 |   1.3742 |     46.218 |     0.4
    7 |   1.3415 |     45.023 |   1.3305 |     44.865 |     0.4
    8 |   1.2977 |     44.040 |   1.2845 |     44.280 |     0.5
    9 |   1.2656 |     43.227 |   1.2891 |     44.096 |     0.6
   10 |   1.2478 |     42.562 |   1.2610 |     43.112 |     0.6
   11 |   1.2379 |     42.414 |   1.2586 |     43.665 |     0.7
   12 |   1.2146 |     41.408 |   1.2407 |     41.974 |     0.7
   13 |   1.2035 |     41.216 |   1.2154 |     41.544 |     0.8
   14 |   1.1862 |     40.557 |   1.2222 |     42.005 |     0.9
   15 |   1.1702 |     40.381 |   1.2090 |     41.544 |     0.9
   16 |   1.1589 |     39.837 |   1.1849 |     40.775 |     1.0
   17 |   1.1357 |     39.074 |   1.1716 |     40.344 |     1.0
   18 |   1.1229 |     38.519 |   1.1637 |     39.514 |     1.1
   19 |   1.0968 |     37.437 |   1.1407 |     39.022 |     1.2
   20 |   1.0842 |     36.975 |   1.1372 |     39.975 |     1.2
   21 |   1.0596 |     35.849 |   1.1325 |     38.622 |     1.3
   22 |   1.1030 |     37.618 |   1.1622 |     39.975 |     1.4
   23 |   1.0903 |     37.321 |   1.1246 |     38.007 |     1.4
   24 |   1.0534 |     35.998 |   1.1110 |     37.392 |     1.5
   25 |   1.0303 |     35.690 |   1.1100 |     37.546 |     1.5
   26 |   1.0077 |     34.602 |   1.0936 |     37.546 |     1.6
   27 |   0.9762 |     33.311 |   1.0884 |     36.132 |     1.7
   28 |   0.9663 |     33.037 |   1.0728 |     36.470 |     1.7
   29 |   0.9541 |     32.680 |   1.0913 |     36.870 |     1.8
   30 |   0.9341 |     31.784 |   1.0751 |     35.240 |     1.8
   31 |   0.9280 |     31.894 |   1.0613 |     35.517 |     1.9
   32 |   0.9074 |     30.719 |   1.0481 |     34.348 |     2.0
   33 |   0.8929 |     30.312 |   1.0458 |     34.748 |     2.0
   34 |   0.8845 |     30.213 |   1.0377 |     34.010 |     2.1
   35 |   0.8771 |     29.906 |   1.0310 |     33.610 |     2.1
   36 |   0.8480 |     28.823 |   1.0166 |     34.041 |     2.2
   37 |   0.8318 |     28.444 |   1.0188 |     33.241 |     2.3
   38 |   0.8175 |     27.741 |   1.0297 |     33.210 |     2.3
   39 |   0.8101 |     27.554 |   1.0224 |     32.595 |     2.4
   40 |   0.7957 |     27.263 |   1.0287 |     33.979 |     2.5
Early stopping

Model: Seq2Seq Multimodal Bi-LSTM
Source index: <Seq2Seq Index with 45 items>
Target index: <Seq2Seq Index with 34 items>
Encoder embedding dimension: 64
Descriptors dimension: 1136
Decoder embedding dimension: 64
Encoder hidden units: 64
Encoder layers: 4
Decoder hidden units: 64
Decoder layers: 2
Dropout: 0.0
Trainable parameters: 860,514

Training started
X_train.shape: torch.Size([3034, 702])
Y_train.shape: torch.Size([3034, 7])
X_dev.shape: torch.Size([542, 350])
Y_dev.shape: torch.Size([542, 7])
Epochs: 500
Learning rate: 0.001
Weight decay: 0.0001
Epoch | Train                 | Development           | Minutes
      | Loss     | Error Rate | Loss     | Error Rate |
---------------------------------------------------------------
    1 |   2.5178 |     65.574 |   2.0375 |     58.487 |     0.0
    2 |   1.7791 |     50.791 |   1.5972 |     47.202 |     0.1
    3 |   1.5055 |     46.050 |   1.4689 |     47.048 |     0.1
    4 |   1.4236 |     45.138 |   1.4134 |     45.264 |     0.1
    5 |   1.3752 |     43.957 |   1.3735 |     45.295 |     0.2
    6 |   1.3316 |     43.265 |   1.3387 |     44.649 |     0.2
    7 |   1.2974 |     42.447 |   1.3167 |     44.065 |     0.2
    8 |   1.2603 |     41.244 |   1.2806 |     43.112 |     0.2
    9 |   1.2312 |     40.584 |   1.2493 |     41.021 |     0.3
   10 |   1.1990 |     39.387 |   1.2415 |     41.205 |     0.3
   11 |   1.1587 |     37.981 |   1.2124 |     39.576 |     0.3
   12 |   1.1324 |     36.849 |   1.1939 |     38.653 |     0.4
   13 |   1.1055 |     36.377 |   1.1746 |     37.731 |     0.4
   14 |   1.0777 |     35.410 |   1.1577 |     36.777 |     0.4
   15 |   1.0434 |     33.993 |   1.1431 |     36.962 |     0.4
   16 |   1.0226 |     33.245 |   1.1285 |     35.855 |     0.5
   17 |   0.9979 |     32.394 |   1.1209 |     35.824 |     0.5
   18 |   0.9769 |     31.872 |   1.1050 |     35.947 |     0.5
   19 |   0.9461 |     30.631 |   1.1014 |     35.271 |     0.6
   20 |   0.9224 |     29.862 |   1.0767 |     34.563 |     0.6
   21 |   0.8998 |     29.103 |   1.0833 |     34.717 |     0.6
   22 |   0.8723 |     27.802 |   1.0699 |     33.272 |     0.7
   23 |   0.8413 |     26.928 |   1.0609 |     33.702 |     0.7
   24 |   0.8321 |     26.928 |   1.0576 |     32.657 |     0.7
   25 |   0.8125 |     26.621 |   1.0334 |     32.472 |     0.7
   26 |   0.8221 |     26.747 |   1.0571 |     32.964 |     0.8
   27 |   0.7676 |     24.846 |   1.0505 |     33.087 |     0.8
   28 |   0.7513 |     24.385 |   1.0401 |     33.026 |     0.8
   29 |   0.7237 |     23.094 |   1.0376 |     32.811 |     0.9
   30 |   0.7175 |     23.050 |   1.0328 |     31.919 |     0.9
   31 |   0.7009 |     22.457 |   1.0058 |     32.688 |     0.9
   32 |   0.6845 |     21.874 |   1.0353 |     32.042 |     1.0
   33 |   0.6682 |     21.517 |   1.0485 |     32.411 |     1.0
   34 |   0.6449 |     20.726 |   1.0154 |     31.765 |     1.0
   35 |   0.6348 |     20.506 |   1.0497 |     32.257 |     1.0
Early stopping

Model: Seq2Seq Multimodal Bi-LSTM
Source index: <Seq2Seq Index with 45 items>
Target index: <Seq2Seq Index with 34 items>
Encoder embedding dimension: 128
Descriptors dimension: 1136
Decoder embedding dimension: 128
Encoder hidden units: 32
Encoder layers: 3
Decoder hidden units: 128
Decoder layers: 4
Dropout: 0.0
Trainable parameters: 802,050

Training started
X_train.shape: torch.Size([3034, 702])
Y_train.shape: torch.Size([3034, 7])
X_dev.shape: torch.Size([542, 350])
Y_dev.shape: torch.Size([542, 7])
Epochs: 500
Learning rate: 0.001
Weight decay: 0.0001
Epoch | Train                 | Development           | Minutes
      | Loss     | Error Rate | Loss     | Error Rate |
---------------------------------------------------------------
    1 |   2.2887 |     62.651 |   1.6632 |     49.508 |     0.0
    2 |   1.4931 |     46.451 |   1.4372 |     47.755 |     0.0
    3 |   1.4061 |     46.056 |   1.4036 |     46.064 |     0.0
    4 |   1.3628 |     45.594 |   1.3537 |     46.218 |     0.1
    5 |   1.3151 |     44.913 |   1.3197 |     45.111 |     0.1
    6 |   1.2684 |     43.348 |   1.2682 |     43.942 |     0.1
    7 |   1.2288 |     42.112 |   1.2327 |     42.312 |     0.1
    8 |   1.1846 |     40.222 |   1.2147 |     42.466 |     0.1
    9 |   1.1491 |     39.299 |   1.2004 |     41.974 |     0.1
   10 |   1.1183 |     38.387 |   1.1733 |     40.129 |     0.2
   11 |   1.0792 |     36.822 |   1.1541 |     39.176 |     0.2
   12 |   1.0392 |     35.179 |   1.1227 |     38.315 |     0.2
   13 |   0.9965 |     33.476 |   1.1082 |     37.269 |     0.2
   14 |   0.9627 |     32.339 |   1.0887 |     35.670 |     0.2
   15 |   0.9222 |     30.389 |   1.0971 |     35.486 |     0.2
   16 |   0.8921 |     29.515 |   1.0915 |     35.424 |     0.3
   17 |   0.8600 |     28.587 |   1.0674 |     34.164 |     0.3
   18 |   0.8268 |     27.126 |   1.0558 |     35.055 |     0.3
   19 |   0.7958 |     26.082 |   1.0487 |     32.964 |     0.3
   20 |   0.7560 |     24.621 |   1.0366 |     32.380 |     0.3
   21 |   0.7315 |     23.868 |   1.0493 |     32.226 |     0.3
   22 |   0.6941 |     22.462 |   1.0413 |     31.950 |     0.4
   23 |   0.6743 |     21.193 |   1.0591 |     31.827 |     0.4
   24 |   0.6385 |     20.281 |   1.0520 |     31.611 |     0.4
   25 |   0.6001 |     18.902 |   1.0226 |     30.412 |     0.4
   26 |   0.5790 |     18.188 |   1.0717 |     31.335 |     0.4
   27 |   0.5671 |     17.919 |   1.0405 |     31.150 |     0.4
   28 |   0.5381 |     17.167 |   1.0357 |     30.197 |     0.5
   29 |   0.5094 |     16.205 |   1.0672 |     30.197 |     0.5
Early stopping

Model: Seq2Seq Multimodal Bi-LSTM
Source index: <Seq2Seq Index with 45 items>
Target index: <Seq2Seq Index with 34 items>
Encoder embedding dimension: 128
Descriptors dimension: 1136
Decoder embedding dimension: 64
Encoder hidden units: 32
Encoder layers: 4
Decoder hidden units: 128
Decoder layers: 4
Dropout: 0.2
Trainable parameters: 852,130

Training started
X_train.shape: torch.Size([3034, 702])
Y_train.shape: torch.Size([3034, 7])
X_dev.shape: torch.Size([542, 350])
Y_dev.shape: torch.Size([542, 7])
Epochs: 500
Learning rate: 0.001
Weight decay: 1e-05
Epoch | Train                 | Development           | Minutes
      | Loss     | Error Rate | Loss     | Error Rate |
---------------------------------------------------------------
    1 |   2.3166 |     63.129 |   1.6905 |     49.385 |     0.0
    2 |   1.5106 |     46.451 |   1.4552 |     47.202 |     0.0
    3 |   1.4185 |     46.336 |   1.4132 |     47.202 |     0.1
    4 |   1.3902 |     46.325 |   1.3919 |     46.740 |     0.1
    5 |   1.3582 |     45.281 |   1.3437 |     45.695 |     0.1
    6 |   1.3189 |     44.056 |   1.3209 |     44.004 |     0.1
    7 |   1.2948 |     43.441 |   1.3030 |     43.573 |     0.2
    8 |   1.2660 |     42.875 |   1.2719 |     43.296 |     0.2
    9 |   1.2360 |     41.672 |   1.2537 |     42.589 |     0.2
   10 |   1.2113 |     41.216 |   1.2287 |     41.759 |     0.2
   11 |   1.1862 |     40.134 |   1.2322 |     41.728 |     0.3
   12 |   1.1624 |     39.431 |   1.2076 |     41.205 |     0.3
   13 |   1.1309 |     38.288 |   1.1922 |     40.775 |     0.3
   14 |   1.1127 |     37.959 |   1.1860 |     39.975 |     0.3
   15 |   1.0879 |     37.332 |   1.1688 |     39.391 |     0.3
   16 |   1.0655 |     36.162 |   1.1526 |     38.376 |     0.4
   17 |   1.0387 |     35.091 |   1.1206 |     37.854 |     0.4
   18 |   1.0029 |     33.405 |   1.1223 |     37.054 |     0.4
   19 |   0.9858 |     33.042 |   1.1045 |     36.039 |     0.4
   20 |   0.9578 |     31.949 |   1.1019 |     36.654 |     0.5
   21 |   0.9326 |     30.872 |   1.0840 |     35.301 |     0.5
   22 |   0.9138 |     30.389 |   1.0942 |     35.824 |     0.5
   23 |   0.8910 |     29.768 |   1.0651 |     34.317 |     0.5
   24 |   0.8648 |     28.318 |   1.0541 |     33.948 |     0.5
   25 |   0.8460 |     27.950 |   1.0428 |     33.579 |     0.6
   26 |   0.8265 |     27.395 |   1.0589 |     34.225 |     0.6
   27 |   0.8097 |     26.692 |   1.0538 |     33.702 |     0.6
   28 |   0.8058 |     26.714 |   1.0484 |     33.333 |     0.6
   29 |   0.7845 |     25.879 |   1.0320 |     33.272 |     0.7
   30 |   0.7539 |     24.621 |   1.0310 |     32.565 |     0.7
   31 |   0.7391 |     24.214 |   1.0249 |     32.749 |     0.7
   32 |   0.7256 |     23.632 |   1.0263 |     32.811 |     0.7
   33 |   0.7060 |     23.094 |   1.0218 |     32.595 |     0.8
   34 |   0.6922 |     22.836 |   1.0305 |     32.226 |     0.8
   35 |   0.6722 |     21.968 |   1.0225 |     31.150 |     0.8
   36 |   0.6575 |     21.396 |   1.0160 |     31.427 |     0.8
   37 |   0.6481 |     21.193 |   1.0149 |     31.181 |     0.8
   38 |   0.6323 |     20.809 |   1.0212 |     30.812 |     0.9
   39 |   0.6199 |     20.298 |   1.0289 |     31.058 |     0.9
   40 |   0.6057 |     20.073 |   1.0288 |     31.150 |     0.9
   41 |   0.5904 |     19.221 |   1.0226 |     30.627 |     0.9
   42 |   0.5710 |     18.441 |   1.0024 |     29.705 |     1.0
   43 |   0.5649 |     18.540 |   1.0094 |     29.674 |     1.0
   44 |   0.5606 |     18.315 |   1.0073 |     30.043 |     1.0
   45 |   0.5511 |     18.205 |   1.0368 |     29.982 |     1.0
   46 |   0.5358 |     17.815 |   1.0189 |     29.674 |     1.0
Early stopping

Model: Seq2Seq Multimodal Bi-LSTM
Source index: <Seq2Seq Index with 45 items>
Target index: <Seq2Seq Index with 34 items>
Encoder embedding dimension: 128
Descriptors dimension: 1136
Decoder embedding dimension: 64
Encoder hidden units: 32
Encoder layers: 2
Decoder hidden units: 128
Decoder layers: 2
Dropout: 0.0
Trainable parameters: 419,938

Training started
X_train.shape: torch.Size([3034, 702])
Y_train.shape: torch.Size([3034, 7])
X_dev.shape: torch.Size([542, 350])
Y_dev.shape: torch.Size([542, 7])
Epochs: 500
Learning rate: 0.0001
Weight decay: 0.0001
Epoch | Train                 | Development           | Minutes
      | Loss     | Error Rate | Loss     | Error Rate |
---------------------------------------------------------------
    1 |   3.3050 |     82.476 |   2.7647 |     78.290 |     0.0
    2 |   2.4364 |     62.052 |   2.1913 |     56.796 |     0.0
    3 |   2.0331 |     54.971 |   1.9334 |     50.215 |     0.0
    4 |   1.8352 |     48.429 |   1.7780 |     49.231 |     0.0
    5 |   1.6984 |     48.209 |   1.6611 |     49.077 |     0.1
    6 |   1.5917 |     47.347 |   1.5697 |     46.894 |     0.1
    7 |   1.5143 |     45.539 |   1.5088 |     46.341 |     0.1
    8 |   1.4598 |     44.710 |   1.4635 |     45.695 |     0.1
    9 |   1.4184 |     44.194 |   1.4278 |     45.172 |     0.1
   10 |   1.3849 |     43.386 |   1.4010 |     44.742 |     0.1
   11 |   1.3546 |     42.447 |   1.3755 |     43.973 |     0.1
   12 |   1.3278 |     41.941 |   1.3519 |     43.204 |     0.2
   13 |   1.3047 |     41.249 |   1.3404 |     42.528 |     0.2
   14 |   1.2831 |     40.661 |   1.3161 |     41.820 |     0.2
   15 |   1.2620 |     39.744 |   1.2988 |     41.697 |     0.2
   16 |   1.2437 |     39.277 |   1.2854 |     40.775 |     0.2
   17 |   1.2271 |     38.629 |   1.2695 |     40.713 |     0.2
   18 |   1.2092 |     38.129 |   1.2651 |     40.406 |     0.2
   19 |   1.1942 |     37.711 |   1.2494 |     40.160 |     0.2
   20 |   1.1790 |     37.267 |   1.2421 |     39.883 |     0.3
   21 |   1.1668 |     37.140 |   1.2308 |     39.883 |     0.3
   22 |   1.1522 |     36.596 |   1.2179 |     39.852 |     0.3
   23 |   1.1387 |     36.256 |   1.2078 |     39.729 |     0.3
   24 |   1.1255 |     35.943 |   1.2005 |     39.822 |     0.3
   25 |   1.1125 |     35.415 |   1.1894 |     39.053 |     0.3
   26 |   1.1001 |     35.261 |   1.1795 |     38.346 |     0.3
   27 |   1.0861 |     34.817 |   1.1731 |     38.376 |     0.3
   28 |   1.0749 |     34.388 |   1.1627 |     38.376 |     0.4
   29 |   1.0629 |     33.971 |   1.1546 |     38.376 |     0.4
   30 |   1.0518 |     33.613 |   1.1485 |     37.915 |     0.4
   31 |   1.0398 |     33.152 |   1.1384 |     37.638 |     0.4
   32 |   1.0292 |     32.877 |   1.1362 |     37.761 |     0.4
   33 |   1.0169 |     32.432 |   1.1292 |     37.269 |     0.4
   34 |   1.0051 |     32.075 |   1.1221 |     36.900 |     0.4
   35 |   0.9970 |     31.663 |   1.1161 |     37.269 |     0.4
   36 |   0.9842 |     31.411 |   1.1136 |     36.993 |     0.5
   37 |   0.9746 |     31.081 |   1.1022 |     36.101 |     0.5
   38 |   0.9631 |     30.806 |   1.0948 |     36.193 |     0.5
   39 |   0.9516 |     30.312 |   1.0949 |     35.240 |     0.5
   40 |   0.9420 |     29.944 |   1.0805 |     35.701 |     0.5
   41 |   0.9325 |     29.680 |   1.0785 |     35.394 |     0.5
   42 |   0.9219 |     29.329 |   1.0730 |     35.332 |     0.5
   43 |   0.9138 |     28.779 |   1.0674 |     34.902 |     0.5
   44 |   0.9028 |     28.532 |   1.0670 |     35.117 |     0.6
   45 |   0.8942 |     28.043 |   1.0584 |     34.686 |     0.6
   46 |   0.8864 |     27.950 |   1.0537 |     34.317 |     0.6
   47 |   0.8758 |     27.703 |   1.0494 |     34.502 |     0.6
   48 |   0.8673 |     27.131 |   1.0518 |     34.256 |     0.6
   49 |   0.8598 |     27.159 |   1.0483 |     34.133 |     0.6
   50 |   0.8517 |     26.758 |   1.0382 |     33.979 |     0.6
   51 |   0.8393 |     26.187 |   1.0423 |     33.979 |     0.6
   52 |   0.8316 |     25.983 |   1.0302 |     33.610 |     0.7
   53 |   0.8231 |     25.753 |   1.0256 |     33.395 |     0.7
   54 |   0.8162 |     25.522 |   1.0306 |     33.180 |     0.7
   55 |   0.8076 |     25.159 |   1.0279 |     33.426 |     0.7
   56 |   0.8002 |     24.753 |   1.0206 |     32.626 |     0.7
   57 |   0.7937 |     24.626 |   1.0177 |     32.349 |     0.7
   58 |   0.7832 |     24.319 |   1.0119 |     32.380 |     0.7
   59 |   0.7761 |     24.154 |   1.0088 |     32.042 |     0.7
   60 |   0.7684 |     23.813 |   1.0082 |     31.642 |     0.8
   61 |   0.7605 |     23.412 |   1.0113 |     31.980 |     0.8
   62 |   0.7526 |     23.303 |   1.0081 |     32.349 |     0.8
   63 |   0.7451 |     22.869 |   1.0032 |     31.611 |     0.8
   64 |   0.7390 |     22.594 |   1.0037 |     31.734 |     0.8
   65 |   0.7310 |     22.413 |   1.0048 |     31.581 |     0.8
   66 |   0.7257 |     22.424 |   1.0031 |     31.765 |     0.8
   67 |   0.7187 |     22.072 |   1.0033 |     31.150 |     0.8
   68 |   0.7120 |     21.808 |   0.9987 |     31.550 |     0.9
   69 |   0.7036 |     21.495 |   0.9970 |     31.365 |     0.9
   70 |   0.6964 |     21.380 |   0.9939 |     31.089 |     0.9
   71 |   0.6907 |     20.803 |   0.9932 |     30.904 |     0.9
   72 |   0.6827 |     20.655 |   0.9913 |     31.365 |     0.9
   73 |   0.6791 |     20.671 |   0.9907 |     30.597 |     0.9
   74 |   0.6718 |     20.281 |   0.9934 |     30.996 |     0.9
   75 |   0.6641 |     20.138 |   0.9952 |     30.996 |     0.9
   76 |   0.6603 |     19.985 |   1.0047 |     30.412 |     1.0
   77 |   0.6518 |     19.726 |   0.9885 |     30.474 |     1.0
   78 |   0.6462 |     19.446 |   0.9928 |     30.197 |     1.0
   79 |   0.6401 |     19.188 |   0.9899 |     30.289 |     1.0
   80 |   0.6351 |     19.128 |   0.9955 |     30.197 |     1.0
   81 |   0.6281 |     19.073 |   0.9868 |     29.982 |     1.0
   82 |   0.6231 |     18.600 |   0.9840 |     29.920 |     1.0
   83 |   0.6196 |     18.633 |   0.9873 |     30.012 |     1.0
   84 |   0.6113 |     18.485 |   0.9861 |     30.258 |     1.1
   85 |   0.6054 |     18.326 |   0.9827 |     29.766 |     1.1
   86 |   0.6003 |     18.067 |   0.9905 |     29.736 |     1.1
   87 |   0.5939 |     17.798 |   0.9873 |     29.828 |     1.1
   88 |   0.5880 |     17.683 |   0.9835 |     29.766 |     1.1
   89 |   0.5834 |     17.469 |   0.9796 |     29.859 |     1.1
   90 |   0.5774 |     17.139 |   0.9972 |     29.705 |     1.1
   91 |   0.5748 |     17.211 |   0.9870 |     29.705 |     1.1
   92 |   0.5683 |     17.167 |   0.9889 |     29.582 |     1.2
   93 |   0.5634 |     16.842 |   0.9790 |     29.213 |     1.2
   94 |   0.5584 |     16.782 |   0.9787 |     29.336 |     1.2
   95 |   0.5552 |     16.749 |   0.9835 |     29.397 |     1.2
   96 |   0.5487 |     16.496 |   0.9908 |     28.905 |     1.2
   97 |   0.5433 |     16.343 |   0.9769 |     29.336 |     1.2
   98 |   0.5404 |     16.145 |   0.9792 |     29.397 |     1.2
   99 |   0.5348 |     15.854 |   0.9826 |     29.244 |     1.2
  100 |   0.5302 |     15.694 |   1.0007 |     28.998 |     1.3
  101 |   0.5257 |     15.722 |   0.9839 |     28.936 |     1.3
Early stopping

Model: Seq2Seq Multimodal Bi-LSTM
Source index: <Seq2Seq Index with 45 items>
Target index: <Seq2Seq Index with 34 items>
Encoder embedding dimension: 64
Descriptors dimension: 1136
Decoder embedding dimension: 64
Encoder hidden units: 32
Encoder layers: 4
Decoder hidden units: 128
Decoder layers: 3
Dropout: 0.2
Trainable parameters: 700,770

Training started
X_train.shape: torch.Size([3034, 702])
Y_train.shape: torch.Size([3034, 7])
X_dev.shape: torch.Size([542, 350])
Y_dev.shape: torch.Size([542, 7])
Epochs: 500
Learning rate: 0.0001
Weight decay: 0.0001
Epoch | Train                 | Development           | Minutes
      | Loss     | Error Rate | Loss     | Error Rate |
---------------------------------------------------------------
    1 |   3.2659 |     84.454 |   2.7717 |     83.333 |     0.0
    2 |   2.4955 |     65.898 |   2.2483 |     59.317 |     0.0
    3 |   2.1200 |     56.817 |   2.0040 |     55.228 |     0.1
    4 |   1.9372 |     54.345 |   1.8612 |     49.416 |     0.1
    5 |   1.8028 |     49.484 |   1.7413 |     49.385 |     0.1
    6 |   1.6895 |     48.753 |   1.6457 |     49.385 |     0.1
    7 |   1.6053 |     47.490 |   1.5782 |     47.202 |     0.2
    8 |   1.5484 |     46.177 |   1.5330 |     47.202 |     0.2
    9 |   1.5085 |     46.210 |   1.5010 |     47.202 |     0.2
   10 |   1.4791 |     46.138 |   1.4761 |     47.202 |     0.2
   11 |   1.4573 |     46.193 |   1.4576 |     47.202 |     0.3
   12 |   1.4377 |     46.182 |   1.4377 |     47.202 |     0.3
   13 |   1.4203 |     46.292 |   1.4236 |     47.202 |     0.3
   14 |   1.4050 |     46.160 |   1.4141 |     47.171 |     0.3
   15 |   1.3923 |     45.990 |   1.3998 |     47.017 |     0.3
   16 |   1.3805 |     45.743 |   1.3924 |     45.818 |     0.4
   17 |   1.3695 |     45.578 |   1.3803 |     45.572 |     0.4
   18 |   1.3589 |     45.380 |   1.3710 |     46.002 |     0.4
   19 |   1.3505 |     45.160 |   1.3636 |     46.064 |     0.4
   20 |   1.3393 |     44.858 |   1.3551 |     46.125 |     0.5
   21 |   1.3314 |     44.617 |   1.3480 |     45.941 |     0.5
   22 |   1.3220 |     44.523 |   1.3459 |     45.818 |     0.5
   23 |   1.3123 |     44.347 |   1.3354 |     45.111 |     0.5
   24 |   1.3024 |     44.139 |   1.3238 |     45.234 |     0.5
   25 |   1.2921 |     43.771 |   1.3219 |     45.264 |     0.6
   26 |   1.2812 |     43.479 |   1.3098 |     44.680 |     0.6
   27 |   1.2724 |     42.980 |   1.3006 |     43.850 |     0.6
   28 |   1.2603 |     42.414 |   1.2939 |     43.389 |     0.6
   29 |   1.2490 |     41.788 |   1.2857 |     43.327 |     0.7
   30 |   1.2393 |     41.260 |   1.2750 |     42.558 |     0.7
   31 |   1.2264 |     40.584 |   1.2712 |     42.651 |     0.7
   32 |   1.2167 |     40.255 |   1.2602 |     42.220 |     0.7
   33 |   1.2038 |     39.843 |   1.2543 |     42.066 |     0.7
   34 |   1.1945 |     39.590 |   1.2464 |     42.220 |     0.8
   35 |   1.1843 |     39.365 |   1.2380 |     42.312 |     0.8
   36 |   1.1718 |     38.942 |   1.2342 |     41.667 |     0.8
   37 |   1.1663 |     38.799 |   1.2239 |     41.697 |     0.8
   38 |   1.1547 |     38.442 |   1.2185 |     41.790 |     0.9
   39 |   1.1456 |     38.123 |   1.2178 |     41.728 |     0.9
   40 |   1.1375 |     37.810 |   1.2130 |     41.205 |     0.9
   41 |   1.1303 |     37.651 |   1.1988 |     41.205 |     0.9
   42 |   1.1215 |     37.547 |   1.1986 |     41.052 |     0.9
   43 |   1.1106 |     37.091 |   1.1928 |     40.836 |     1.0
   44 |   1.1028 |     36.701 |   1.1949 |     41.021 |     1.0
   45 |   1.0945 |     36.465 |   1.1927 |     40.467 |     1.0
   46 |   1.0876 |     36.184 |   1.1837 |     40.375 |     1.0
   47 |   1.0771 |     35.635 |   1.1787 |     40.068 |     1.1
   48 |   1.0691 |     35.542 |   1.1751 |     39.883 |     1.1
   49 |   1.0594 |     35.272 |   1.1761 |     39.514 |     1.1
   50 |   1.0565 |     34.959 |   1.1765 |     39.883 |     1.1
   51 |   1.0453 |     34.476 |   1.1575 |     39.391 |     1.1
   52 |   1.0380 |     34.306 |   1.1560 |     38.899 |     1.2
   53 |   1.0262 |     34.152 |   1.1537 |     39.453 |     1.2
   54 |   1.0207 |     33.553 |   1.1553 |     38.868 |     1.2
   55 |   1.0118 |     33.196 |   1.1429 |     38.499 |     1.2
   56 |   1.0017 |     32.729 |   1.1381 |     38.930 |     1.3
   57 |   0.9955 |     32.811 |   1.1347 |     38.130 |     1.3
   58 |   0.9861 |     32.081 |   1.1296 |     37.700 |     1.3
   59 |   0.9794 |     32.125 |   1.1276 |     37.546 |     1.3
   60 |   0.9717 |     31.597 |   1.1231 |     36.900 |     1.3
   61 |   0.9609 |     31.196 |   1.1178 |     37.116 |     1.4
   62 |   0.9532 |     31.180 |   1.1205 |     37.023 |     1.4
   63 |   0.9455 |     30.730 |   1.1138 |     37.085 |     1.4
   64 |   0.9381 |     30.433 |   1.1104 |     36.777 |     1.4
   65 |   0.9327 |     30.279 |   1.1073 |     36.900 |     1.5
   66 |   0.9255 |     29.949 |   1.1086 |     36.378 |     1.5
   67 |   0.9160 |     29.774 |   1.1104 |     36.347 |     1.5
   68 |   0.9071 |     29.246 |   1.1033 |     36.285 |     1.5
   69 |   0.9049 |     29.345 |   1.1078 |     36.439 |     1.5
   70 |   0.8961 |     29.131 |   1.0989 |     36.255 |     1.6
   71 |   0.8886 |     28.818 |   1.0930 |     35.547 |     1.6
   72 |   0.8803 |     28.532 |   1.0980 |     36.101 |     1.6
   73 |   0.8755 |     28.362 |   1.0980 |     35.793 |     1.6
   74 |   0.8654 |     28.032 |   1.0911 |     35.271 |     1.7
   75 |   0.8594 |     27.758 |   1.0827 |     35.209 |     1.7
   76 |   0.8549 |     27.538 |   1.0836 |     35.025 |     1.7
   77 |   0.8462 |     27.593 |   1.0819 |     35.025 |     1.7
   78 |   0.8418 |     27.104 |   1.0884 |     35.055 |     1.7
   79 |   0.8332 |     26.681 |   1.0837 |     35.086 |     1.8
   80 |   0.8294 |     26.719 |   1.0767 |     35.086 |     1.8
   81 |   0.8186 |     26.225 |   1.0784 |     34.779 |     1.8
   82 |   0.8134 |     26.307 |   1.0776 |     34.471 |     1.8
   83 |   0.8121 |     26.099 |   1.0701 |     34.317 |     1.8
   84 |   0.8011 |     25.731 |   1.0860 |     34.133 |     1.9
   85 |   0.7975 |     25.505 |   1.0777 |     33.764 |     1.9
   86 |   0.7900 |     25.236 |   1.0763 |     33.948 |     1.9
   87 |   0.7834 |     25.170 |   1.0718 |     33.918 |     1.9
Early stopping

Model: Seq2Seq Multimodal Bi-LSTM
Source index: <Seq2Seq Index with 45 items>
Target index: <Seq2Seq Index with 34 items>
Encoder embedding dimension: 128
Descriptors dimension: 1136
Decoder embedding dimension: 128
Encoder hidden units: 128
Encoder layers: 3
Decoder hidden units: 64
Decoder layers: 2
Dropout: 0.1
Trainable parameters: 1,832,354

Training started
X_train.shape: torch.Size([3034, 702])
Y_train.shape: torch.Size([3034, 7])
X_dev.shape: torch.Size([542, 350])
Y_dev.shape: torch.Size([542, 7])
Epochs: 500
Learning rate: 0.001
Weight decay: 0.0001
Epoch | Train                 | Development           | Minutes
      | Loss     | Error Rate | Loss     | Error Rate |
---------------------------------------------------------------
    1 |   2.5171 |     66.370 |   2.0340 |     58.118 |     0.1
    2 |   1.8035 |     50.879 |   1.6157 |     47.202 |     0.1
    3 |   1.5215 |     46.100 |   1.4770 |     47.263 |     0.2
    4 |   1.4318 |     45.737 |   1.4157 |     46.587 |     0.2
    5 |   1.3829 |     44.540 |   1.3687 |     45.111 |     0.3
    6 |   1.3395 |     43.496 |   1.3373 |     44.157 |     0.4
    7 |   1.3054 |     42.639 |   1.3111 |     43.296 |     0.4
    8 |   1.2728 |     41.678 |   1.2914 |     42.589 |     0.5
    9 |   1.2543 |     41.084 |   1.2729 |     42.005 |     0.5
   10 |   1.2313 |     39.909 |   1.2609 |     41.298 |     0.6
   11 |   1.1991 |     38.810 |   1.2241 |     39.914 |     0.7
   12 |   1.1807 |     38.689 |   1.2300 |     40.283 |     0.7
   13 |   1.1596 |     38.244 |   1.1932 |     39.299 |     0.8
   14 |   1.1257 |     37.327 |   1.1861 |     38.653 |     0.9
   15 |   1.1031 |     36.223 |   1.1670 |     38.192 |     0.9
   16 |   1.0742 |     35.135 |   1.1521 |     37.977 |     1.0
   17 |   1.0542 |     34.806 |   1.1494 |     38.007 |     1.0
   18 |   1.0304 |     33.784 |   1.1257 |     36.408 |     1.1
   19 |   1.0095 |     33.185 |   1.1099 |     35.732 |     1.2
   20 |   0.9905 |     32.377 |   1.0944 |     35.609 |     1.2
   21 |   0.9658 |     31.740 |   1.1024 |     35.670 |     1.3
   22 |   0.9492 |     31.312 |   1.0822 |     35.609 |     1.3
   23 |   0.9293 |     30.614 |   1.0562 |     33.979 |     1.4
   24 |   0.9052 |     29.389 |   1.0628 |     34.779 |     1.5
   25 |   0.8899 |     29.461 |   1.0666 |     35.178 |     1.5
   26 |   0.8790 |     29.071 |   1.0735 |     34.686 |     1.6
   27 |   0.8709 |     28.483 |   1.0432 |     33.672 |     1.6
   28 |   0.8501 |     28.219 |   1.0432 |     34.133 |     1.7
   29 |   0.8494 |     28.131 |   1.0397 |     34.010 |     1.8
   30 |   0.8343 |     27.554 |   1.0211 |     32.995 |     1.8
   31 |   0.8074 |     27.060 |   1.0251 |     33.518 |     1.9
   32 |   0.7906 |     26.121 |   1.0113 |     32.411 |     2.0
   33 |   0.7689 |     25.313 |   1.0018 |     32.626 |     2.0
   34 |   0.7564 |     25.313 |   1.0078 |     33.087 |     2.1
   35 |   0.7494 |     24.824 |   1.0241 |     32.872 |     2.1
   36 |   0.7396 |     24.253 |   0.9858 |     31.581 |     2.2
   37 |   0.7423 |     24.769 |   0.9939 |     31.888 |     2.3
   38 |   0.7211 |     23.907 |   1.0094 |     32.749 |     2.3
   39 |   0.7021 |     23.462 |   1.0113 |     31.273 |     2.4
   40 |   0.6899 |     22.935 |   0.9955 |     31.089 |     2.4
   41 |   0.6849 |     22.902 |   0.9825 |     30.750 |     2.5
   42 |   0.6709 |     22.308 |   1.0115 |     32.103 |     2.6
   43 |   0.6744 |     22.984 |   1.0403 |     33.579 |     2.6
   44 |   0.6760 |     22.913 |   0.9997 |     31.027 |     2.7
   45 |   0.6478 |     21.495 |   0.9987 |     31.119 |     2.7
Early stopping

Model: Seq2Seq Multimodal Bi-LSTM
Source index: <Seq2Seq Index with 45 items>
Target index: <Seq2Seq Index with 34 items>
Encoder embedding dimension: 128
Descriptors dimension: 1136
Decoder embedding dimension: 64
Encoder hidden units: 128
Encoder layers: 4
Decoder hidden units: 64
Decoder layers: 2
Dropout: 0.2
Trainable parameters: 2,502,050

Training started
X_train.shape: torch.Size([3034, 702])
Y_train.shape: torch.Size([3034, 7])
X_dev.shape: torch.Size([542, 350])
Y_dev.shape: torch.Size([542, 7])
Epochs: 500
Learning rate: 0.001
Weight decay: 0.0001
Epoch | Train                 | Development           | Minutes
      | Loss     | Error Rate | Loss     | Error Rate |
---------------------------------------------------------------
    1 |   2.4936 |     66.809 |   2.0418 |     59.317 |     0.1
    2 |   1.8156 |     51.637 |   1.6188 |     47.202 |     0.2
    3 |   1.5163 |     46.177 |   1.4682 |     47.232 |     0.2
    4 |   1.4333 |     45.897 |   1.4241 |     46.556 |     0.3
    5 |   1.3989 |     44.963 |   1.3970 |     46.125 |     0.4
    6 |   1.3684 |     44.221 |   1.3666 |     45.326 |     0.5
    7 |   1.3449 |     43.798 |   1.3595 |     45.234 |     0.6
    8 |   1.3266 |     43.699 |   1.3378 |     44.680 |     0.7
    9 |   1.3073 |     42.952 |   1.3137 |     43.819 |     0.7
   10 |   1.2996 |     42.798 |   1.3079 |     44.127 |     0.8
   11 |   1.2790 |     42.441 |   1.3045 |     44.127 |     0.9
   12 |   1.2612 |     41.755 |   1.2901 |     43.542 |     1.0
   13 |   1.2483 |     41.205 |   1.2874 |     42.374 |     1.1
   14 |   1.2368 |     40.947 |   1.2644 |     42.128 |     1.1
   15 |   1.2152 |     40.595 |   1.2464 |     42.220 |     1.2
   16 |   1.2072 |     40.183 |   1.2358 |     41.082 |     1.3
   17 |   1.1913 |     39.563 |   1.2297 |     41.267 |     1.4
   18 |   1.1862 |     39.052 |   1.2207 |     40.959 |     1.5
   19 |   1.1715 |     38.882 |   1.2054 |     40.006 |     1.6
   20 |   1.1566 |     38.470 |   1.2063 |     39.545 |     1.6
   21 |   1.1426 |     38.041 |   1.1905 |     38.807 |     1.7
   22 |   1.1336 |     37.739 |   1.1932 |     40.098 |     1.8
   23 |   1.1236 |     37.354 |   1.1961 |     39.053 |     1.9
   24 |   1.1153 |     37.190 |   1.1782 |     38.899 |     2.0
   25 |   1.1091 |     36.866 |   1.1654 |     38.130 |     2.0
   26 |   1.0949 |     36.432 |   1.1521 |     37.700 |     2.1
   27 |   1.0796 |     35.855 |   1.1541 |     38.438 |     2.2
   28 |   1.0686 |     35.415 |   1.1421 |     38.376 |     2.3
   29 |   1.0657 |     35.679 |   1.1452 |     38.715 |     2.4
   30 |   1.0505 |     34.937 |   1.1510 |     38.407 |     2.5
   31 |   1.0341 |     34.108 |   1.1424 |     38.007 |     2.5
   32 |   1.0299 |     34.201 |   1.1207 |     37.700 |     2.6
   33 |   1.0244 |     33.971 |   1.1251 |     37.269 |     2.7
   34 |   1.0164 |     33.861 |   1.1304 |     38.284 |     2.8
   35 |   1.0051 |     33.751 |   1.1173 |     37.269 |     2.9
   36 |   0.9936 |     33.311 |   1.1093 |     36.808 |     2.9
   37 |   0.9789 |     33.081 |   1.0957 |     36.562 |     3.0
   38 |   0.9681 |     32.833 |   1.1057 |     36.593 |     3.1
   39 |   0.9616 |     32.284 |   1.0971 |     36.900 |     3.2
   40 |   0.9537 |     32.257 |   1.0807 |     36.255 |     3.3
   41 |   0.9529 |     32.119 |   1.1018 |     36.501 |     3.4
   42 |   0.9585 |     32.872 |   1.0872 |     35.363 |     3.4
   43 |   0.9648 |     32.691 |   1.1027 |     35.947 |     3.5
   44 |   0.9404 |     31.998 |   1.0758 |     36.347 |     3.6
   45 |   0.9119 |     30.598 |   1.0593 |     35.609 |     3.7
   46 |   0.9206 |     30.977 |   1.0964 |     36.070 |     3.8
   47 |   0.9196 |     31.043 |   1.0843 |     35.578 |     3.8
   48 |   0.9019 |     30.642 |   1.0782 |     35.240 |     3.9
   49 |   0.8946 |     30.307 |   1.0766 |     36.132 |     4.0
   50 |   0.8807 |     29.823 |   1.0561 |     35.178 |     4.1
   51 |   0.8651 |     29.356 |   1.0590 |     35.271 |     4.2
   52 |   0.8660 |     29.147 |   1.0553 |     35.148 |     4.3
   53 |   0.8696 |     29.340 |   1.0414 |     34.348 |     4.3
   54 |   0.8528 |     28.812 |   1.0662 |     35.732 |     4.4
   55 |   0.8488 |     28.994 |   1.0559 |     34.563 |     4.5
   56 |   0.8402 |     28.532 |   1.0502 |     35.086 |     4.6
   57 |   0.8280 |     28.126 |   1.0453 |     34.194 |     4.7
Early stopping

Model: Seq2Seq Multimodal Bi-LSTM
Source index: <Seq2Seq Index with 45 items>
Target index: <Seq2Seq Index with 34 items>
Encoder embedding dimension: 64
Descriptors dimension: 1136
Decoder embedding dimension: 64
Encoder hidden units: 64
Encoder layers: 2
Decoder hidden units: 64
Decoder layers: 2
Dropout: 0.1
Trainable parameters: 434,402

Training started
X_train.shape: torch.Size([3034, 702])
Y_train.shape: torch.Size([3034, 7])
X_dev.shape: torch.Size([542, 350])
Y_dev.shape: torch.Size([542, 7])
Epochs: 500
Learning rate: 0.0001
Weight decay: 0.0001
Epoch | Train                 | Development           | Minutes
      | Loss     | Error Rate | Loss     | Error Rate |
---------------------------------------------------------------
    1 |   3.3345 |     78.719 |   3.0399 |     79.213 |     0.0
    2 |   2.7339 |     66.090 |   2.5467 |     60.670 |     0.0
    3 |   2.4361 |     59.130 |   2.3460 |     59.041 |     0.0
    4 |   2.2774 |     58.322 |   2.2162 |     58.918 |     0.1
    5 |   2.1629 |     57.317 |   2.1151 |     57.288 |     0.1
    6 |   2.0685 |     56.246 |   2.0332 |     54.705 |     0.1
    7 |   1.9855 |     54.697 |   1.9534 |     53.413 |     0.1
    8 |   1.9072 |     50.352 |   1.8775 |     49.293 |     0.1
    9 |   1.8350 |     48.671 |   1.8094 |     49.016 |     0.2
   10 |   1.7685 |     48.374 |   1.7484 |     48.893 |     0.2
   11 |   1.7084 |     48.297 |   1.6931 |     48.954 |     0.2
   12 |   1.6565 |     48.220 |   1.6473 |     49.077 |     0.2
   13 |   1.6133 |     46.611 |   1.6065 |     46.863 |     0.2
   14 |   1.5734 |     45.858 |   1.5723 |     46.925 |     0.2
   15 |   1.5403 |     45.864 |   1.5415 |     47.017 |     0.3
   16 |   1.5116 |     45.853 |   1.5174 |     46.894 |     0.3
   17 |   1.4862 |     45.913 |   1.4941 |     46.894 |     0.3
   18 |   1.4645 |     45.880 |   1.4736 |     47.017 |     0.3
   19 |   1.4451 |     45.765 |   1.4601 |     46.863 |     0.3
   20 |   1.4271 |     45.660 |   1.4422 |     46.710 |     0.3
   21 |   1.4108 |     45.386 |   1.4274 |     46.648 |     0.4
   22 |   1.3953 |     45.133 |   1.4166 |     46.556 |     0.4
   23 |   1.3824 |     45.056 |   1.4053 |     46.156 |     0.4
   24 |   1.3700 |     44.600 |   1.3941 |     46.156 |     0.4
   25 |   1.3576 |     44.287 |   1.3843 |     46.125 |     0.4
   26 |   1.3442 |     43.968 |   1.3748 |     44.926 |     0.4
   27 |   1.3337 |     43.468 |   1.3674 |     44.342 |     0.5
   28 |   1.3226 |     42.815 |   1.3610 |     44.895 |     0.5
   29 |   1.3123 |     42.441 |   1.3513 |     43.788 |     0.5
   30 |   1.3028 |     41.689 |   1.3442 |     43.081 |     0.5
   31 |   1.2934 |     41.529 |   1.3365 |     43.173 |     0.5
   32 |   1.2823 |     40.766 |   1.3323 |     42.497 |     0.5
   33 |   1.2735 |     40.332 |   1.3238 |     42.343 |     0.6
   34 |   1.2637 |     40.057 |   1.3181 |     42.466 |     0.6
   35 |   1.2535 |     39.497 |   1.3136 |     41.636 |     0.6
   36 |   1.2450 |     39.239 |   1.3062 |     41.513 |     0.6
   37 |   1.2348 |     38.827 |   1.2979 |     41.605 |     0.6
   38 |   1.2245 |     38.327 |   1.2918 |     41.759 |     0.6
   39 |   1.2158 |     38.255 |   1.2868 |     40.959 |     0.7
   40 |   1.2066 |     37.646 |   1.2802 |     41.605 |     0.7
   41 |   1.1964 |     37.475 |   1.2732 |     40.929 |     0.7
   42 |   1.1887 |     37.354 |   1.2703 |     40.652 |     0.7
   43 |   1.1790 |     37.190 |   1.2592 |     40.621 |     0.7
   44 |   1.1679 |     36.860 |   1.2558 |     40.283 |     0.7
   45 |   1.1581 |     36.393 |   1.2510 |     40.283 |     0.8
   46 |   1.1510 |     36.239 |   1.2416 |     40.221 |     0.8
   47 |   1.1402 |     36.053 |   1.2399 |     40.191 |     0.8
   48 |   1.1302 |     35.657 |   1.2315 |     39.883 |     0.8
   49 |   1.1223 |     35.229 |   1.2280 |     39.791 |     0.8
   50 |   1.1121 |     35.003 |   1.2218 |     39.483 |     0.8
   51 |   1.1028 |     34.800 |   1.2153 |     39.022 |     0.9
   52 |   1.0929 |     34.333 |   1.2101 |     39.852 |     0.9
   53 |   1.0849 |     34.273 |   1.2023 |     38.991 |     0.9
   54 |   1.0759 |     34.108 |   1.1941 |     38.653 |     0.9
   55 |   1.0687 |     33.861 |   1.1932 |     38.961 |     0.9
   56 |   1.0594 |     33.223 |   1.1820 |     38.807 |     0.9
   57 |   1.0514 |     33.289 |   1.1808 |     38.961 |     1.0
   58 |   1.0439 |     33.081 |   1.1733 |     38.469 |     1.0
   59 |   1.0339 |     32.680 |   1.1683 |     38.407 |     1.0
   60 |   1.0249 |     32.169 |   1.1643 |     38.315 |     1.0
   61 |   1.0175 |     32.191 |   1.1591 |     37.761 |     1.0
   62 |   1.0083 |     31.641 |   1.1541 |     37.146 |     1.0
   63 |   1.0017 |     31.718 |   1.1530 |     37.239 |     1.0
   64 |   0.9928 |     31.466 |   1.1420 |     36.747 |     1.1
   65 |   0.9845 |     31.048 |   1.1425 |     36.408 |     1.1
   66 |   0.9804 |     30.872 |   1.1354 |     36.747 |     1.1
   67 |   0.9697 |     30.499 |   1.1313 |     36.193 |     1.1
   68 |   0.9629 |     30.010 |   1.1348 |     36.870 |     1.1
   69 |   0.9548 |     29.724 |   1.1254 |     35.947 |     1.1
   70 |   0.9489 |     29.224 |   1.1184 |     35.486 |     1.2
   71 |   0.9418 |     29.279 |   1.1177 |     35.517 |     1.2
   72 |   0.9323 |     28.906 |   1.1190 |     35.517 |     1.2
   73 |   0.9276 |     28.670 |   1.1095 |     35.363 |     1.2
   74 |   0.9215 |     28.604 |   1.1113 |     35.025 |     1.2
   75 |   0.9118 |     28.252 |   1.1072 |     35.117 |     1.2
   76 |   0.9060 |     27.835 |   1.0975 |     34.563 |     1.3
   77 |   0.9015 |     27.752 |   1.0950 |     34.348 |     1.3
   78 |   0.8932 |     27.796 |   1.0987 |     34.379 |     1.3
   79 |   0.8852 |     27.307 |   1.0917 |     34.717 |     1.3
   80 |   0.8765 |     26.796 |   1.0884 |     34.410 |     1.3
   81 |   0.8721 |     26.763 |   1.0935 |     33.641 |     1.3
   82 |   0.8661 |     26.818 |   1.0820 |     34.194 |     1.4
   83 |   0.8605 |     26.285 |   1.0836 |     33.825 |     1.4
   84 |   0.8544 |     26.198 |   1.0726 |     33.272 |     1.4
   85 |   0.8464 |     26.016 |   1.0758 |     33.764 |     1.4
   86 |   0.8408 |     25.972 |   1.0718 |     33.641 |     1.4
   87 |   0.8377 |     25.786 |   1.0722 |     33.856 |     1.4
   88 |   0.8296 |     25.450 |   1.0664 |     33.549 |     1.5
   89 |   0.8215 |     25.192 |   1.0669 |     33.641 |     1.5
   90 |   0.8202 |     25.132 |   1.0667 |     33.579 |     1.5
   91 |   0.8084 |     24.643 |   1.0610 |     33.087 |     1.5
   92 |   0.8062 |     24.797 |   1.0579 |     32.903 |     1.5
   93 |   0.7994 |     24.401 |   1.0627 |     32.780 |     1.5
   94 |   0.7951 |     24.385 |   1.0559 |     32.657 |     1.6
   95 |   0.7905 |     24.203 |   1.0554 |     32.718 |     1.6
   96 |   0.7860 |     24.127 |   1.0515 |     32.595 |     1.6
   97 |   0.7815 |     23.978 |   1.0500 |     32.595 |     1.6
   98 |   0.7739 |     23.599 |   1.0476 |     32.749 |     1.6
   99 |   0.7696 |     23.791 |   1.0510 |     32.595 |     1.6
  100 |   0.7657 |     23.467 |   1.0393 |     32.165 |     1.7
  101 |   0.7574 |     23.270 |   1.0407 |     32.257 |     1.7
  102 |   0.7511 |     22.918 |   1.0344 |     32.196 |     1.7
  103 |   0.7460 |     22.693 |   1.0384 |     32.103 |     1.7
  104 |   0.7395 |     22.446 |   1.0408 |     31.950 |     1.7
  105 |   0.7367 |     22.275 |   1.0347 |     32.073 |     1.7
  106 |   0.7341 |     22.473 |   1.0313 |     31.581 |     1.8
  107 |   0.7287 |     22.149 |   1.0325 |     31.365 |     1.8
  108 |   0.7206 |     22.078 |   1.0364 |     31.611 |     1.8
  109 |   0.7183 |     21.929 |   1.0308 |     31.335 |     1.8
  110 |   0.7150 |     21.819 |   1.0288 |     31.673 |     1.8
  111 |   0.7063 |     21.396 |   1.0278 |     31.458 |     1.8
  112 |   0.7018 |     21.347 |   1.0356 |     31.365 |     1.9
  113 |   0.7027 |     21.319 |   1.0305 |     30.904 |     1.9
  114 |   0.6956 |     21.089 |   1.0243 |     31.027 |     1.9
  115 |   0.6901 |     20.831 |   1.0343 |     31.458 |     1.9
  116 |   0.6856 |     20.759 |   1.0348 |     31.058 |     1.9
  117 |   0.6818 |     20.693 |   1.0286 |     31.335 |     1.9
  118 |   0.6776 |     20.561 |   1.0303 |     31.273 |     2.0
Early stopping

Model: Seq2Seq Multimodal Bi-LSTM
Source index: <Seq2Seq Index with 45 items>
Target index: <Seq2Seq Index with 34 items>
Encoder embedding dimension: 128
Descriptors dimension: 1136
Decoder embedding dimension: 64
Encoder hidden units: 64
Encoder layers: 3
Decoder hidden units: 64
Decoder layers: 2
Dropout: 0.2
Trainable parameters: 679,010

Training started
X_train.shape: torch.Size([3034, 702])
Y_train.shape: torch.Size([3034, 7])
X_dev.shape: torch.Size([542, 350])
Y_dev.shape: torch.Size([542, 7])
Epochs: 500
Learning rate: 0.0001
Weight decay: 0.0001
Epoch | Train                 | Development           | Minutes
      | Loss     | Error Rate | Loss     | Error Rate |
---------------------------------------------------------------
    1 |   3.3230 |     84.701 |   2.9449 |     81.642 |     0.0
    2 |   2.7087 |     75.324 |   2.5454 |     66.544 |     0.1
    3 |   2.4390 |     61.311 |   2.3412 |     59.471 |     0.1
    4 |   2.2694 |     58.169 |   2.1930 |     59.010 |     0.1
    5 |   2.1365 |     56.894 |   2.0759 |     55.873 |     0.1
    6 |   2.0332 |     55.730 |   1.9873 |     55.074 |     0.2
    7 |   1.9500 |     52.911 |   1.9109 |     49.600 |     0.2
    8 |   1.8766 |     49.780 |   1.8451 |     49.077 |     0.2
    9 |   1.8134 |     49.094 |   1.7858 |     49.231 |     0.2
   10 |   1.7534 |     48.841 |   1.7313 |     49.170 |     0.3
   11 |   1.6998 |     48.599 |   1.6820 |     49.354 |     0.3
   12 |   1.6504 |     48.572 |   1.6356 |     49.016 |     0.3
   13 |   1.6071 |     48.434 |   1.5950 |     49.446 |     0.4
   14 |   1.5680 |     47.918 |   1.5605 |     47.970 |     0.4
   15 |   1.5352 |     46.396 |   1.5338 |     47.294 |     0.4
   16 |   1.5069 |     45.951 |   1.5066 |     47.048 |     0.4
   17 |   1.4818 |     45.951 |   1.4840 |     46.986 |     0.5
   18 |   1.4595 |     45.770 |   1.4646 |     47.140 |     0.5
   19 |   1.4402 |     45.468 |   1.4480 |     46.833 |     0.5
   20 |   1.4220 |     44.930 |   1.4326 |     46.064 |     0.6
   21 |   1.4059 |     44.353 |   1.4171 |     45.633 |     0.6
   22 |   1.3881 |     43.826 |   1.4029 |     45.141 |     0.6
   23 |   1.3733 |     43.078 |   1.3928 |     44.834 |     0.6
   24 |   1.3609 |     42.952 |   1.3812 |     44.157 |     0.7
   25 |   1.3465 |     42.370 |   1.3721 |     44.096 |     0.7
   26 |   1.3349 |     42.232 |   1.3591 |     43.850 |     0.7
   27 |   1.3212 |     41.678 |   1.3482 |     43.450 |     0.7
   28 |   1.3087 |     41.304 |   1.3418 |     43.173 |     0.8
   29 |   1.2959 |     41.117 |   1.3292 |     42.958 |     0.8
   30 |   1.2847 |     40.749 |   1.3191 |     42.251 |     0.8
   31 |   1.2755 |     40.315 |   1.3107 |     42.251 |     0.9
   32 |   1.2639 |     40.326 |   1.3034 |     42.312 |     0.9
   33 |   1.2548 |     39.870 |   1.2972 |     41.728 |     0.9
   34 |   1.2438 |     39.678 |   1.2877 |     41.851 |     0.9
   35 |   1.2351 |     39.629 |   1.2798 |     41.544 |     1.0
   36 |   1.2224 |     38.997 |   1.2775 |     41.390 |     1.0
   37 |   1.2145 |     39.107 |   1.2710 |     41.082 |     1.0
   38 |   1.2042 |     38.942 |   1.2601 |     41.175 |     1.0
   39 |   1.1942 |     38.365 |   1.2502 |     40.437 |     1.1
   40 |   1.1857 |     38.085 |   1.2460 |     40.683 |     1.1
   41 |   1.1788 |     37.860 |   1.2433 |     40.713 |     1.1
   42 |   1.1687 |     37.514 |   1.2352 |     40.283 |     1.1
   43 |   1.1621 |     37.453 |   1.2298 |     39.822 |     1.2
   44 |   1.1523 |     36.986 |   1.2269 |     40.129 |     1.2
   45 |   1.1432 |     36.959 |   1.2199 |     40.068 |     1.2
   46 |   1.1348 |     36.596 |   1.2184 |     39.606 |     1.3
   47 |   1.1269 |     36.322 |   1.2131 |     39.852 |     1.3
   48 |   1.1175 |     36.080 |   1.2041 |     39.975 |     1.3
   49 |   1.1088 |     35.811 |   1.1961 |     39.176 |     1.3
   50 |   1.1014 |     35.641 |   1.1952 |     39.330 |     1.4
   51 |   1.0963 |     35.575 |   1.1929 |     39.237 |     1.4
   52 |   1.0862 |     34.992 |   1.1922 |     38.899 |     1.4
   53 |   1.0805 |     35.047 |   1.1862 |     38.622 |     1.4
   54 |   1.0685 |     34.745 |   1.1774 |     38.346 |     1.5
   55 |   1.0612 |     34.344 |   1.1722 |     38.961 |     1.5
   56 |   1.0548 |     34.185 |   1.1717 |     38.376 |     1.5
   57 |   1.0486 |     33.960 |   1.1677 |     38.745 |     1.6
   58 |   1.0411 |     33.564 |   1.1575 |     38.561 |     1.6
   59 |   1.0348 |     33.141 |   1.1516 |     38.438 |     1.6
   60 |   1.0254 |     33.141 |   1.1546 |     38.161 |     1.6
   61 |   1.0172 |     32.877 |   1.1443 |     37.638 |     1.7
   62 |   1.0107 |     32.570 |   1.1434 |     37.792 |     1.7
   63 |   1.0035 |     32.306 |   1.1382 |     37.946 |     1.7
   64 |   0.9962 |     31.911 |   1.1385 |     37.546 |     1.7
   65 |   0.9921 |     31.493 |   1.1349 |     36.870 |     1.8
   66 |   0.9821 |     31.455 |   1.1272 |     36.624 |     1.8
   67 |   0.9781 |     30.971 |   1.1228 |     36.039 |     1.8
   68 |   0.9692 |     30.697 |   1.1218 |     36.439 |     1.8
   69 |   0.9615 |     30.504 |   1.1184 |     35.978 |     1.9
   70 |   0.9581 |     30.504 |   1.1125 |     35.763 |     1.9
   71 |   0.9474 |     29.845 |   1.1087 |     35.517 |     1.9
   72 |   0.9421 |     29.713 |   1.1047 |     35.670 |     2.0
   73 |   0.9356 |     29.318 |   1.1074 |     35.609 |     2.0
   74 |   0.9276 |     29.400 |   1.1005 |     35.640 |     2.0
   75 |   0.9208 |     28.933 |   1.0937 |     34.563 |     2.0
   76 |   0.9172 |     29.290 |   1.0900 |     35.209 |     2.1
   77 |   0.9090 |     28.642 |   1.0897 |     35.455 |     2.1
   78 |   0.8995 |     28.230 |   1.0804 |     35.117 |     2.1
   79 |   0.8923 |     27.944 |   1.0835 |     35.363 |     2.1
   80 |   0.8906 |     28.252 |   1.0811 |     35.025 |     2.2
   81 |   0.8841 |     27.868 |   1.0710 |     34.902 |     2.2
   82 |   0.8757 |     27.499 |   1.0818 |     35.055 |     2.2
   83 |   0.8738 |     27.313 |   1.0722 |     34.348 |     2.3
   84 |   0.8666 |     27.302 |   1.0692 |     34.533 |     2.3
   85 |   0.8601 |     27.153 |   1.0627 |     34.164 |     2.3
   86 |   0.8529 |     26.824 |   1.0601 |     34.071 |     2.3
   87 |   0.8453 |     26.538 |   1.0648 |     34.686 |     2.4
   88 |   0.8414 |     26.390 |   1.0600 |     34.041 |     2.4
   89 |   0.8361 |     26.555 |   1.0561 |     33.979 |     2.4
   90 |   0.8286 |     25.956 |   1.0577 |     33.979 |     2.4
   91 |   0.8242 |     25.906 |   1.0499 |     33.518 |     2.5
   92 |   0.8186 |     25.494 |   1.0561 |     33.764 |     2.5
   93 |   0.8174 |     25.225 |   1.0455 |     33.518 |     2.5
   94 |   0.8083 |     25.374 |   1.0500 |     33.087 |     2.5
   95 |   0.8027 |     25.137 |   1.0469 |     33.303 |     2.6
   96 |   0.7966 |     24.852 |   1.0473 |     33.364 |     2.6
   97 |   0.7947 |     24.813 |   1.0395 |     32.503 |     2.6
   98 |   0.7868 |     24.478 |   1.0350 |     32.534 |     2.7
   99 |   0.7793 |     24.489 |   1.0347 |     32.288 |     2.7
  100 |   0.7796 |     24.346 |   1.0380 |     32.380 |     2.7
  101 |   0.7727 |     24.110 |   1.0461 |     32.380 |     2.7
  102 |   0.7650 |     23.819 |   1.0437 |     32.442 |     2.8
  103 |   0.7619 |     23.852 |   1.0395 |     32.595 |     2.8
Early stopping

Model: Seq2Seq Multimodal Bi-LSTM
Source index: <Seq2Seq Index with 45 items>
Target index: <Seq2Seq Index with 34 items>
Encoder embedding dimension: 64
Descriptors dimension: 1136
Decoder embedding dimension: 64
Encoder hidden units: 32
Encoder layers: 4
Decoder hidden units: 128
Decoder layers: 4
Dropout: 0.1
Trainable parameters: 832,866

Training started
X_train.shape: torch.Size([3034, 702])
Y_train.shape: torch.Size([3034, 7])
X_dev.shape: torch.Size([542, 350])
Y_dev.shape: torch.Size([542, 7])
Epochs: 500
Learning rate: 0.001
Weight decay: 0.0001
Epoch | Train                 | Development           | Minutes
      | Loss     | Error Rate | Loss     | Error Rate |
---------------------------------------------------------------
    1 |   2.3540 |     63.838 |   1.7533 |     49.385 |     0.0
    2 |   1.5430 |     47.122 |   1.4494 |     47.017 |     0.0
    3 |   1.4208 |     46.133 |   1.4188 |     47.017 |     0.1
    4 |   1.3885 |     46.012 |   1.3886 |     46.033 |     0.1
    5 |   1.3575 |     45.627 |   1.3565 |     46.433 |     0.1
    6 |   1.3192 |     44.150 |   1.3103 |     45.418 |     0.1
    7 |   1.2745 |     43.457 |   1.2778 |     44.280 |     0.2
    8 |   1.2417 |     42.688 |   1.2558 |     42.958 |     0.2
    9 |   1.2137 |     41.683 |   1.2310 |     42.405 |     0.2
   10 |   1.1847 |     40.969 |   1.2216 |     42.405 |     0.2
   11 |   1.1651 |     40.151 |   1.2113 |     41.882 |     0.2
   12 |   1.1356 |     39.019 |   1.1969 |     40.867 |     0.3
   13 |   1.0992 |     37.360 |   1.1762 |     39.022 |     0.3
   14 |   1.0778 |     36.541 |   1.1793 |     39.114 |     0.3
   15 |   1.0610 |     36.069 |   1.1680 |     39.576 |     0.3
   16 |   1.0203 |     34.399 |   1.1632 |     38.715 |     0.4
   17 |   0.9985 |     33.570 |   1.1519 |     37.331 |     0.4
   18 |   0.9764 |     32.910 |   1.1413 |     37.239 |     0.4
   19 |   0.9536 |     32.251 |   1.1197 |     37.177 |     0.4
   20 |   0.9271 |     30.993 |   1.1163 |     35.886 |     0.4
   21 |   0.9046 |     29.966 |   1.0963 |     35.148 |     0.5
   22 |   0.8870 |     29.340 |   1.0949 |     35.148 |     0.5
   23 |   0.8625 |     28.702 |   1.0920 |     35.609 |     0.5
   24 |   0.8319 |     27.384 |   1.0570 |     34.010 |     0.5
   25 |   0.8139 |     27.049 |   1.0635 |     33.887 |     0.6
   26 |   0.7947 |     26.505 |   1.0816 |     34.317 |     0.6
   27 |   0.7776 |     26.049 |   1.0840 |     34.379 |     0.6
   28 |   0.7534 |     24.973 |   1.0811 |     33.856 |     0.6
Early stopping

Model: Seq2Seq Multimodal Bi-LSTM
Source index: <Seq2Seq Index with 45 items>
Target index: <Seq2Seq Index with 34 items>
Encoder embedding dimension: 64
Descriptors dimension: 1136
Decoder embedding dimension: 64
Encoder hidden units: 64
Encoder layers: 3
Decoder hidden units: 64
Decoder layers: 4
Dropout: 0.1
Trainable parameters: 709,922

Training started
X_train.shape: torch.Size([3034, 702])
Y_train.shape: torch.Size([3034, 7])
X_dev.shape: torch.Size([542, 350])
Y_dev.shape: torch.Size([542, 7])
Epochs: 500
Learning rate: 0.001
Weight decay: 0.0001
Epoch | Train                 | Development           | Minutes
      | Loss     | Error Rate | Loss     | Error Rate |
---------------------------------------------------------------
    1 |   2.6232 |     70.094 |   2.0691 |     59.317 |     0.0
    2 |   1.8361 |     52.049 |   1.6598 |     49.385 |     0.0
    3 |   1.5550 |     46.413 |   1.4983 |     47.202 |     0.1
    4 |   1.4582 |     46.182 |   1.4453 |     47.202 |     0.1
    5 |   1.4261 |     46.248 |   1.4279 |     47.202 |     0.1
    6 |   1.4137 |     46.221 |   1.4187 |     47.048 |     0.1
    7 |   1.4060 |     46.171 |   1.4168 |     47.202 |     0.2
    8 |   1.4008 |     46.254 |   1.4132 |     47.202 |     0.2
    9 |   1.3975 |     46.105 |   1.4071 |     47.017 |     0.2
   10 |   1.3931 |     46.248 |   1.4028 |     46.986 |     0.2
   11 |   1.3890 |     46.155 |   1.3996 |     47.232 |     0.3
   12 |   1.3745 |     46.127 |   1.3878 |     46.740 |     0.3
   13 |   1.3556 |     45.820 |   1.3591 |     46.894 |     0.3
   14 |   1.3372 |     45.600 |   1.3349 |     45.910 |     0.3
   15 |   1.3151 |     45.539 |   1.3211 |     45.879 |     0.4
   16 |   1.3059 |     45.259 |   1.3075 |     45.203 |     0.4
   17 |   1.2865 |     44.606 |   1.3020 |     45.818 |     0.4
   18 |   1.2756 |     44.606 |   1.2907 |     45.049 |     0.4
   19 |   1.2625 |     44.199 |   1.2829 |     44.711 |     0.5
   20 |   1.2544 |     43.952 |   1.2843 |     44.434 |     0.5
   21 |   1.2421 |     43.507 |   1.2654 |     43.758 |     0.5
   22 |   1.2290 |     43.084 |   1.2625 |     43.296 |     0.5
   23 |   1.2233 |     42.820 |   1.2510 |     43.235 |     0.6
   24 |   1.2153 |     42.496 |   1.2501 |     43.573 |     0.6
   25 |   1.2056 |     42.276 |   1.2456 |     42.804 |     0.6
   26 |   1.1945 |     41.656 |   1.2384 |     43.758 |     0.6
   27 |   1.1825 |     41.244 |   1.2341 |     43.235 |     0.7
   28 |   1.1744 |     40.854 |   1.2229 |     43.481 |     0.7
   29 |   1.1617 |     40.337 |   1.2114 |     42.743 |     0.7
   30 |   1.1578 |     40.249 |   1.2080 |     41.451 |     0.7
   31 |   1.1439 |     39.414 |   1.2109 |     42.220 |     0.8
   32 |   1.1387 |     39.585 |   1.1983 |     40.990 |     0.8
   33 |   1.1309 |     39.145 |   1.1849 |     41.328 |     0.8
   34 |   1.1112 |     38.519 |   1.1722 |     41.052 |     0.8
   35 |   1.1007 |     38.025 |   1.1575 |     39.822 |     0.9
   36 |   1.0882 |     37.541 |   1.1461 |     40.221 |     0.9
   37 |   1.0772 |     37.354 |   1.1380 |     39.268 |     0.9
   38 |   1.0587 |     36.492 |   1.1358 |     39.545 |     0.9
   39 |   1.0485 |     36.042 |   1.1271 |     38.161 |     1.0
   40 |   1.0363 |     35.388 |   1.1124 |     38.130 |     1.0
   41 |   1.0231 |     35.349 |   1.1112 |     37.854 |     1.0
   42 |   1.0172 |     34.696 |   1.1128 |     38.653 |     1.0
   43 |   1.0028 |     34.503 |   1.1161 |     38.684 |     1.1
   44 |   0.9890 |     33.916 |   1.0874 |     37.669 |     1.1
   45 |   0.9748 |     33.811 |   1.0941 |     37.638 |     1.1
   46 |   0.9726 |     33.328 |   1.0784 |     36.839 |     1.1
   47 |   0.9575 |     32.702 |   1.0674 |     36.162 |     1.2
   48 |   0.9398 |     31.971 |   1.0599 |     36.501 |     1.2
   49 |   0.9320 |     31.795 |   1.0604 |     35.517 |     1.2
   50 |   0.9245 |     31.603 |   1.0719 |     36.255 |     1.2
   51 |   0.9121 |     31.191 |   1.0575 |     36.224 |     1.3
   52 |   0.8967 |     30.405 |   1.0447 |     34.717 |     1.3
   53 |   0.8923 |     30.213 |   1.0527 |     35.086 |     1.3
   54 |   0.8834 |     30.048 |   1.0445 |     35.793 |     1.3
   55 |   0.8787 |     29.977 |   1.0491 |     35.025 |     1.3
   56 |   0.8630 |     28.834 |   1.0504 |     35.025 |     1.4
   57 |   0.8575 |     29.252 |   1.0462 |     34.656 |     1.4
   58 |   0.8424 |     28.642 |   1.0445 |     34.717 |     1.4
Early stopping

Model: Seq2Seq Multimodal Bi-LSTM
Source index: <Seq2Seq Index with 45 items>
Target index: <Seq2Seq Index with 34 items>
Encoder embedding dimension: 64
Descriptors dimension: 1136
Decoder embedding dimension: 64
Encoder hidden units: 32
Encoder layers: 3
Decoder hidden units: 64
Decoder layers: 3
Dropout: 0.2
Trainable parameters: 325,314

Training started
X_train.shape: torch.Size([3034, 702])
Y_train.shape: torch.Size([3034, 7])
X_dev.shape: torch.Size([542, 350])
Y_dev.shape: torch.Size([542, 7])
Epochs: 500
Learning rate: 0.0001
Weight decay: 0.0001
Epoch | Train                 | Development           | Minutes
      | Loss     | Error Rate | Loss     | Error Rate |
---------------------------------------------------------------
    1 |   3.4394 |     89.881 |   3.1518 |     82.903 |     0.0
    2 |   2.8232 |     81.630 |   2.6405 |     67.681 |     0.0
    3 |   2.5154 |     64.947 |   2.4023 |     59.317 |     0.1
    4 |   2.3366 |     59.569 |   2.2639 |     59.317 |     0.1
    5 |   2.2256 |     58.641 |   2.1707 |     59.317 |     0.1
    6 |   2.1424 |     58.064 |   2.0946 |     59.317 |     0.1
    7 |   2.0711 |     57.284 |   2.0296 |     59.317 |     0.1
    8 |   2.0069 |     56.510 |   1.9655 |     57.780 |     0.1
    9 |   1.9453 |     55.004 |   1.9074 |     49.446 |     0.2
   10 |   1.8857 |     51.615 |   1.8531 |     49.385 |     0.2
   11 |   1.8297 |     49.907 |   1.8011 |     49.385 |     0.2
   12 |   1.7783 |     49.561 |   1.7551 |     49.385 |     0.2
   13 |   1.7316 |     49.275 |   1.7113 |     49.385 |     0.2
   14 |   1.6882 |     48.934 |   1.6714 |     49.385 |     0.2
   15 |   1.6479 |     48.671 |   1.6354 |     49.385 |     0.3
   16 |   1.6131 |     47.072 |   1.6041 |     47.202 |     0.3
   17 |   1.5833 |     46.287 |   1.5765 |     47.202 |     0.3
   18 |   1.5581 |     46.171 |   1.5552 |     47.202 |     0.3
   19 |   1.5379 |     46.166 |   1.5372 |     47.202 |     0.3
   20 |   1.5194 |     46.160 |   1.5217 |     47.202 |     0.4
   21 |   1.5048 |     46.166 |   1.5069 |     47.202 |     0.4
   22 |   1.4911 |     46.171 |   1.4936 |     47.202 |     0.4
   23 |   1.4790 |     46.193 |   1.4828 |     47.202 |     0.4
   24 |   1.4685 |     46.166 |   1.4739 |     47.202 |     0.4
   25 |   1.4582 |     46.182 |   1.4646 |     47.202 |     0.4
   26 |   1.4489 |     46.160 |   1.4562 |     47.202 |     0.5
   27 |   1.4403 |     46.144 |   1.4469 |     47.202 |     0.5
   28 |   1.4301 |     46.155 |   1.4393 |     47.202 |     0.5
   29 |   1.4210 |     46.199 |   1.4315 |     47.202 |     0.5
   30 |   1.4130 |     46.160 |   1.4213 |     47.202 |     0.5
   31 |   1.4024 |     46.188 |   1.4129 |     47.202 |     0.5
   32 |   1.3923 |     46.138 |   1.4054 |     47.263 |     0.6
   33 |   1.3823 |     46.028 |   1.3966 |     47.079 |     0.6
   34 |   1.3711 |     45.704 |   1.3852 |     46.248 |     0.6
   35 |   1.3627 |     45.276 |   1.3756 |     46.033 |     0.6
   36 |   1.3523 |     44.990 |   1.3712 |     46.033 |     0.6
   37 |   1.3454 |     44.919 |   1.3641 |     45.849 |     0.6
   38 |   1.3388 |     44.814 |   1.3594 |     45.664 |     0.7
   39 |   1.3325 |     44.534 |   1.3531 |     45.664 |     0.7
   40 |   1.3267 |     44.347 |   1.3469 |     45.510 |     0.7
   41 |   1.3187 |     44.034 |   1.3429 |     45.510 |     0.7
   42 |   1.3123 |     44.144 |   1.3389 |     45.387 |     0.7
   43 |   1.3071 |     43.930 |   1.3355 |     45.141 |     0.7
   44 |   1.3015 |     43.754 |   1.3296 |     45.387 |     0.8
   45 |   1.2949 |     43.584 |   1.3288 |     44.957 |     0.8
   46 |   1.2889 |     43.661 |   1.3243 |     44.957 |     0.8
   47 |   1.2837 |     43.326 |   1.3180 |     45.111 |     0.8
   48 |   1.2784 |     43.265 |   1.3160 |     44.988 |     0.8
   49 |   1.2722 |     43.375 |   1.3105 |     44.865 |     0.9
   50 |   1.2677 |     43.177 |   1.3093 |     44.803 |     0.9
   51 |   1.2615 |     42.908 |   1.3060 |     44.834 |     0.9
   52 |   1.2562 |     42.941 |   1.3047 |     44.772 |     0.9
   53 |   1.2499 |     42.815 |   1.3023 |     44.926 |     0.9
   54 |   1.2447 |     42.606 |   1.2982 |     44.465 |     0.9
   55 |   1.2428 |     42.672 |   1.2970 |     44.373 |     1.0
   56 |   1.2362 |     42.359 |   1.2905 |     44.373 |     1.0
   57 |   1.2334 |     42.375 |   1.2903 |     44.280 |     1.0
   58 |   1.2293 |     42.254 |   1.2886 |     44.342 |     1.0
   59 |   1.2251 |     42.200 |   1.2863 |     44.219 |     1.0
   60 |   1.2200 |     41.848 |   1.2861 |     44.065 |     1.0
   61 |   1.2168 |     41.886 |   1.2843 |     44.219 |     1.1
   62 |   1.2120 |     41.584 |   1.2775 |     43.512 |     1.1
   63 |   1.2072 |     41.568 |   1.2791 |     43.788 |     1.1
   64 |   1.2063 |     41.370 |   1.2760 |     43.635 |     1.1
   65 |   1.2002 |     41.348 |   1.2745 |     43.573 |     1.1
   66 |   1.1964 |     41.211 |   1.2740 |     43.788 |     1.1
   67 |   1.1943 |     41.139 |   1.2726 |     43.635 |     1.2
   68 |   1.1917 |     41.062 |   1.2702 |     43.481 |     1.2
   69 |   1.1854 |     40.848 |   1.2696 |     43.327 |     1.2
   70 |   1.1821 |     40.442 |   1.2695 |     42.927 |     1.2
   71 |   1.1786 |     40.271 |   1.2647 |     42.712 |     1.2
   72 |   1.1740 |     40.211 |   1.2648 |     43.081 |     1.2
   73 |   1.1710 |     39.942 |   1.2680 |     43.050 |     1.3
   74 |   1.1670 |     40.079 |   1.2642 |     43.081 |     1.3
   75 |   1.1641 |     39.991 |   1.2608 |     42.589 |     1.3
   76 |   1.1616 |     39.810 |   1.2584 |     42.435 |     1.3
   77 |   1.1568 |     39.623 |   1.2544 |     41.943 |     1.3
   78 |   1.1538 |     39.475 |   1.2553 |     42.497 |     1.3
   79 |   1.1502 |     39.359 |   1.2541 |     42.128 |     1.4
   80 |   1.1458 |     38.860 |   1.2533 |     42.189 |     1.4
   81 |   1.1423 |     39.002 |   1.2477 |     42.066 |     1.4
   82 |   1.1393 |     39.085 |   1.2523 |     42.128 |     1.4
   83 |   1.1364 |     38.546 |   1.2498 |     42.312 |     1.4
   84 |   1.1333 |     38.969 |   1.2465 |     41.913 |     1.4
   85 |   1.1266 |     38.673 |   1.2455 |     42.128 |     1.5
   86 |   1.1249 |     38.349 |   1.2444 |     41.790 |     1.5
   87 |   1.1210 |     38.080 |   1.2437 |     42.005 |     1.5
   88 |   1.1173 |     37.701 |   1.2435 |     41.667 |     1.5
   89 |   1.1154 |     38.250 |   1.2439 |     42.097 |     1.5
   90 |   1.1122 |     38.025 |   1.2411 |     41.759 |     1.5
   91 |   1.1079 |     37.761 |   1.2392 |     41.790 |     1.6
   92 |   1.1036 |     37.717 |   1.2423 |     42.343 |     1.6
   93 |   1.1037 |     37.651 |   1.2379 |     41.943 |     1.6
   94 |   1.0969 |     37.393 |   1.2388 |     41.667 |     1.6
   95 |   1.0956 |     37.256 |   1.2349 |     41.636 |     1.6
   96 |   1.0942 |     37.404 |   1.2371 |     41.544 |     1.7
   97 |   1.0866 |     36.844 |   1.2320 |     41.759 |     1.7
   98 |   1.0860 |     36.761 |   1.2307 |     41.175 |     1.7
   99 |   1.0821 |     36.904 |   1.2279 |     41.082 |     1.7
  100 |   1.0784 |     36.410 |   1.2319 |     41.451 |     1.7
  101 |   1.0750 |     36.333 |   1.2337 |     41.759 |     1.7
  102 |   1.0715 |     36.140 |   1.2279 |     40.990 |     1.8
  103 |   1.0714 |     36.190 |   1.2237 |     41.052 |     1.8
  104 |   1.0683 |     36.151 |   1.2240 |     40.652 |     1.8
  105 |   1.0638 |     35.767 |   1.2209 |     40.467 |     1.8
  106 |   1.0585 |     35.399 |   1.2272 |     41.175 |     1.8
  107 |   1.0575 |     35.739 |   1.2199 |     40.129 |     1.8
  108 |   1.0543 |     35.498 |   1.2268 |     40.529 |     1.9
  109 |   1.0491 |     34.899 |   1.2211 |     39.945 |     1.9
  110 |   1.0466 |     34.932 |   1.2191 |     40.406 |     1.9
  111 |   1.0417 |     34.503 |   1.2141 |     40.191 |     1.9
  112 |   1.0392 |     34.383 |   1.2147 |     39.606 |     1.9
  113 |   1.0361 |     34.289 |   1.2198 |     39.914 |     1.9
  114 |   1.0319 |     33.894 |   1.2092 |     39.760 |     2.0
  115 |   1.0307 |     34.262 |   1.2147 |     39.914 |     2.0
  116 |   1.0285 |     33.954 |   1.2118 |     40.129 |     2.0
  117 |   1.0249 |     33.734 |   1.2079 |     39.299 |     2.0
  118 |   1.0181 |     33.212 |   1.2085 |     39.852 |     2.0
  119 |   1.0120 |     32.982 |   1.1999 |     39.145 |     2.0
  120 |   1.0106 |     32.954 |   1.2048 |     39.176 |     2.1
  121 |   1.0044 |     32.976 |   1.2021 |     38.991 |     2.1
  122 |   1.0049 |     32.828 |   1.2029 |     38.868 |     2.1
  123 |   1.0020 |     32.877 |   1.1947 |     39.022 |     2.1
  124 |   0.9982 |     32.427 |   1.1963 |     39.084 |     2.1
  125 |   0.9956 |     32.498 |   1.1941 |     39.145 |     2.1
  126 |   0.9901 |     32.020 |   1.1965 |     38.469 |     2.2
  127 |   0.9868 |     32.086 |   1.1879 |     38.161 |     2.2
  128 |   0.9827 |     31.955 |   1.1837 |     38.438 |     2.2
  129 |   0.9777 |     31.702 |   1.1845 |     38.192 |     2.2
  130 |   0.9722 |     31.422 |   1.1826 |     37.700 |     2.2
  131 |   0.9671 |     31.065 |   1.1736 |     37.515 |     2.2
  132 |   0.9675 |     31.257 |   1.1813 |     37.300 |     2.3
  133 |   0.9622 |     31.207 |   1.1816 |     37.208 |     2.3
  134 |   0.9577 |     30.740 |   1.1738 |     36.900 |     2.3
  135 |   0.9550 |     30.653 |   1.1679 |     36.316 |     2.3
  136 |   0.9493 |     30.592 |   1.1677 |     36.747 |     2.3
  137 |   0.9428 |     29.977 |   1.1673 |     37.116 |     2.3
  138 |   0.9395 |     30.081 |   1.1636 |     36.777 |     2.4
  139 |   0.9339 |     29.873 |   1.1618 |     36.839 |     2.4
  140 |   0.9339 |     29.658 |   1.1624 |     36.531 |     2.4
  141 |   0.9309 |     29.862 |   1.1568 |     36.255 |     2.4
  142 |   0.9259 |     29.719 |   1.1512 |     35.824 |     2.4
  143 |   0.9193 |     29.576 |   1.1515 |     36.101 |     2.5
  144 |   0.9155 |     29.433 |   1.1520 |     36.255 |     2.5
  145 |   0.9077 |     29.027 |   1.1492 |     35.640 |     2.5
  146 |   0.9073 |     29.016 |   1.1527 |     35.793 |     2.5
  147 |   0.9051 |     28.955 |   1.1546 |     36.839 |     2.5
  148 |   0.9019 |     28.757 |   1.1420 |     35.855 |     2.5
  149 |   0.8958 |     28.477 |   1.1456 |     35.517 |     2.6
  150 |   0.8929 |     28.653 |   1.1486 |     35.517 |     2.6
  151 |   0.8876 |     28.582 |   1.1418 |     35.394 |     2.6
  152 |   0.8873 |     28.422 |   1.1400 |     35.670 |     2.6
  153 |   0.8819 |     28.153 |   1.1354 |     35.609 |     2.6
  154 |   0.8783 |     28.104 |   1.1434 |     35.824 |     2.6
  155 |   0.8780 |     28.269 |   1.1420 |     36.132 |     2.7
  156 |   0.8746 |     28.115 |   1.1383 |     35.301 |     2.7
  157 |   0.8695 |     27.763 |   1.1375 |     35.363 |     2.7
Early stopping

Model: Seq2Seq Multimodal Bi-LSTM
Source index: <Seq2Seq Index with 45 items>
Target index: <Seq2Seq Index with 34 items>
Encoder embedding dimension: 128
Descriptors dimension: 1136
Decoder embedding dimension: 64
Encoder hidden units: 128
Encoder layers: 3
Decoder hidden units: 128
Decoder layers: 3
Dropout: 0.1
Trainable parameters: 2,211,234

Training started
X_train.shape: torch.Size([3034, 702])
Y_train.shape: torch.Size([3034, 7])
X_dev.shape: torch.Size([542, 350])
Y_dev.shape: torch.Size([542, 7])
Epochs: 500
Learning rate: 0.001
Weight decay: 1e-05
Epoch | Train                 | Development           | Minutes
      | Loss     | Error Rate | Loss     | Error Rate |
---------------------------------------------------------------
    1 |   2.2311 |     61.047 |   1.6575 |     49.385 |     0.1
    2 |   1.5040 |     46.314 |   1.4411 |     47.017 |     0.1
    3 |   1.4195 |     46.039 |   1.4234 |     47.017 |     0.2
    4 |   1.4053 |     46.210 |   1.4159 |     47.202 |     0.2
    5 |   1.3958 |     46.083 |   1.3971 |     47.478 |     0.3
    6 |   1.3786 |     45.539 |   1.3702 |     45.879 |     0.4
    7 |   1.3514 |     44.622 |   1.3705 |     45.418 |     0.4
    8 |   1.3322 |     44.265 |   1.3448 |     45.172 |     0.5
    9 |   1.3173 |     43.930 |   1.3394 |     44.772 |     0.6
   10 |   1.3077 |     43.364 |   1.3109 |     44.711 |     0.6
   11 |   1.2885 |     42.848 |   1.2970 |     44.373 |     0.7
   12 |   1.2715 |     42.221 |   1.2952 |     44.034 |     0.8
   13 |   1.2597 |     41.991 |   1.2959 |     43.573 |     0.8
   14 |   1.2467 |     41.755 |   1.2681 |     42.927 |     0.9
   15 |   1.2276 |     41.436 |   1.2758 |     43.389 |     0.9
   16 |   1.2151 |     41.178 |   1.2571 |     42.405 |     1.0
   17 |   1.1993 |     40.612 |   1.2422 |     41.882 |     1.1
   18 |   1.1862 |     40.107 |   1.2474 |     42.343 |     1.1
   19 |   1.1680 |     39.722 |   1.2321 |     40.990 |     1.2
   20 |   1.1560 |     39.046 |   1.2262 |     40.068 |     1.3
   21 |   1.1389 |     38.744 |   1.2152 |     40.560 |     1.3
   22 |   1.1285 |     38.437 |   1.1902 |     40.129 |     1.4
   23 |   1.1095 |     37.722 |   1.1967 |     40.437 |     1.4
   24 |   1.0962 |     37.058 |   1.1865 |     40.129 |     1.5
   25 |   1.0775 |     36.574 |   1.1606 |     38.622 |     1.6
   26 |   1.0637 |     36.102 |   1.1669 |     39.299 |     1.6
   27 |   1.0570 |     35.943 |   1.1658 |     39.176 |     1.7
   28 |   1.0349 |     35.141 |   1.1595 |     38.161 |     1.8
   29 |   1.0265 |     34.893 |   1.1626 |     38.868 |     1.8
   30 |   1.0236 |     34.630 |   1.1480 |     37.854 |     1.9
   31 |   1.0104 |     34.509 |   1.1457 |     37.884 |     1.9
   32 |   0.9954 |     33.531 |   1.1601 |     38.438 |     2.0
   33 |   0.9682 |     32.718 |   1.1407 |     38.100 |     2.1
   34 |   0.9662 |     32.993 |   1.1272 |     36.931 |     2.1
   35 |   0.9501 |     32.476 |   1.1372 |     37.515 |     2.2
   36 |   0.9461 |     32.520 |   1.1199 |     37.515 |     2.3
   37 |   0.9314 |     31.916 |   1.1239 |     37.423 |     2.3
   38 |   0.9181 |     31.482 |   1.1394 |     37.884 |     2.4
   39 |   0.9099 |     31.438 |   1.1338 |     37.177 |     2.4
   40 |   0.9137 |     31.768 |   1.1408 |     36.593 |     2.5
   41 |   0.8940 |     31.004 |   1.1150 |     36.624 |     2.6
   42 |   0.8721 |     29.944 |   1.1375 |     36.808 |     2.6
   43 |   0.8634 |     29.625 |   1.1421 |     37.915 |     2.7
   44 |   0.8514 |     29.472 |   1.1321 |     37.392 |     2.8
   45 |   0.8416 |     29.191 |   1.1187 |     36.808 |     2.8
Early stopping

Model: Seq2Seq Multimodal Bi-LSTM
Source index: <Seq2Seq Index with 45 items>
Target index: <Seq2Seq Index with 34 items>
Encoder embedding dimension: 64
Descriptors dimension: 1136
Decoder embedding dimension: 64
Encoder hidden units: 64
Encoder layers: 3
Decoder hidden units: 64
Decoder layers: 4
Dropout: 0.1
Trainable parameters: 709,922

Training started
X_train.shape: torch.Size([3034, 702])
Y_train.shape: torch.Size([3034, 7])
X_dev.shape: torch.Size([542, 350])
Y_dev.shape: torch.Size([542, 7])
Epochs: 500
Learning rate: 0.001
Weight decay: 1e-05
Epoch | Train                 | Development           | Minutes
      | Loss     | Error Rate | Loss     | Error Rate |
---------------------------------------------------------------
    1 |   2.5541 |     68.221 |   1.9939 |     54.336 |     0.0
    2 |   1.7631 |     49.626 |   1.5944 |     47.202 |     0.1
    3 |   1.5105 |     46.259 |   1.4747 |     47.202 |     0.1
    4 |   1.4422 |     46.138 |   1.4390 |     47.017 |     0.1
    5 |   1.4191 |     46.281 |   1.4272 |     47.202 |     0.1
    6 |   1.4095 |     46.221 |   1.4187 |     47.263 |     0.2
    7 |   1.4028 |     46.177 |   1.4105 |     47.017 |     0.2
    8 |   1.3979 |     46.248 |   1.4065 |     47.017 |     0.2
    9 |   1.3923 |     46.276 |   1.4028 |     47.202 |     0.2
   10 |   1.3856 |     46.226 |   1.3965 |     47.202 |     0.3
   11 |   1.3777 |     46.232 |   1.3957 |     47.202 |     0.3
   12 |   1.3735 |     46.193 |   1.3830 |     47.048 |     0.3
   13 |   1.3645 |     46.001 |   1.3728 |     46.371 |     0.3
   14 |   1.3537 |     44.748 |   1.3686 |     44.895 |     0.4
   15 |   1.3374 |     44.303 |   1.3460 |     45.049 |     0.4
   16 |   1.3236 |     44.040 |   1.3456 |     45.449 |     0.4
   17 |   1.3113 |     43.573 |   1.3300 |     44.157 |     0.4
   18 |   1.3000 |     43.348 |   1.3124 |     44.004 |     0.5
   19 |   1.2861 |     42.815 |   1.3030 |     43.819 |     0.5
   20 |   1.2715 |     42.557 |   1.2869 |     43.942 |     0.5
   21 |   1.2573 |     42.359 |   1.2728 |     43.204 |     0.5
   22 |   1.2403 |     41.892 |   1.2744 |     43.389 |     0.6
   23 |   1.2374 |     41.963 |   1.2414 |     41.882 |     0.6
   24 |   1.2182 |     41.189 |   1.2265 |     41.728 |     0.6
   25 |   1.2003 |     40.661 |   1.2221 |     41.667 |     0.6
   26 |   1.1922 |     40.348 |   1.2080 |     41.513 |     0.7
   27 |   1.1723 |     39.689 |   1.1950 |     40.806 |     0.7
   28 |   1.1582 |     39.288 |   1.1876 |     41.144 |     0.7
   29 |   1.1533 |     39.129 |   1.1911 |     40.437 |     0.7
   30 |   1.1400 |     38.783 |   1.1815 |     40.621 |     0.8
   31 |   1.1202 |     38.019 |   1.1620 |     39.699 |     0.8
   32 |   1.1106 |     37.508 |   1.1698 |     38.622 |     0.8
   33 |   1.0977 |     36.767 |   1.1452 |     38.469 |     0.8
   34 |   1.0918 |     36.591 |   1.1329 |     37.884 |     0.9
   35 |   1.0707 |     35.910 |   1.1370 |     38.192 |     0.9
   36 |   1.0583 |     35.047 |   1.1340 |     38.499 |     0.9
   37 |   1.0466 |     35.196 |   1.1095 |     36.439 |     0.9
   38 |   1.0377 |     35.256 |   1.1063 |     36.993 |     1.0
   39 |   1.0266 |     34.042 |   1.1073 |     36.316 |     1.0
   40 |   1.0189 |     34.053 |   1.1158 |     36.747 |     1.0
   41 |   0.9984 |     32.982 |   1.0759 |     35.578 |     1.0
   42 |   0.9852 |     32.938 |   1.0945 |     36.378 |     1.1
   43 |   0.9749 |     32.795 |   1.0857 |     35.547 |     1.1
   44 |   0.9634 |     32.443 |   1.0963 |     36.501 |     1.1
   45 |   0.9576 |     31.955 |   1.0796 |     36.285 |     1.1
Early stopping

Model: Seq2Seq Multimodal Bi-LSTM
Source index: <Seq2Seq Index with 45 items>
Target index: <Seq2Seq Index with 34 items>
Encoder embedding dimension: 128
Descriptors dimension: 1136
Decoder embedding dimension: 64
Encoder hidden units: 128
Encoder layers: 3
Decoder hidden units: 64
Decoder layers: 3
Dropout: 0.0
Trainable parameters: 1,847,074

Training started
X_train.shape: torch.Size([3034, 702])
Y_train.shape: torch.Size([3034, 7])
X_dev.shape: torch.Size([542, 350])
Y_dev.shape: torch.Size([542, 7])
Epochs: 500
Learning rate: 0.0001
Weight decay: 0.0001
Epoch | Train                 | Development           | Minutes
      | Loss     | Error Rate | Loss     | Error Rate |
---------------------------------------------------------------
    1 |   3.3762 |     83.366 |   3.0488 |     83.272 |     0.1
    2 |   2.7854 |     74.083 |   2.6197 |     67.036 |     0.1
    3 |   2.4824 |     61.113 |   2.3763 |     59.317 |     0.2
    4 |   2.2827 |     58.916 |   2.2203 |     58.180 |     0.2
    5 |   2.1546 |     56.987 |   2.1151 |     55.966 |     0.3
    6 |   2.0633 |     54.428 |   2.0341 |     54.428 |     0.4
    7 |   1.9883 |     54.010 |   1.9651 |     54.367 |     0.4
    8 |   1.9234 |     53.373 |   1.9045 |     53.659 |     0.5
    9 |   1.8663 |     49.533 |   1.8521 |     49.323 |     0.5
   10 |   1.8137 |     48.599 |   1.8002 |     49.385 |     0.6
   11 |   1.7626 |     48.632 |   1.7512 |     49.385 |     0.6
   12 |   1.7142 |     48.643 |   1.7048 |     49.385 |     0.7
   13 |   1.6700 |     48.638 |   1.6634 |     49.385 |     0.8
   14 |   1.6309 |     48.643 |   1.6267 |     49.385 |     0.8
   15 |   1.5972 |     46.891 |   1.5970 |     47.202 |     0.9
   16 |   1.5691 |     46.166 |   1.5709 |     47.202 |     0.9
   17 |   1.5458 |     46.160 |   1.5495 |     47.202 |     1.0
   18 |   1.5253 |     46.155 |   1.5309 |     47.202 |     1.1
   19 |   1.5083 |     46.149 |   1.5158 |     47.202 |     1.1
   20 |   1.4939 |     46.155 |   1.5019 |     47.202 |     1.2
   21 |   1.4815 |     46.232 |   1.4906 |     47.202 |     1.2
   22 |   1.4703 |     46.160 |   1.4805 |     47.202 |     1.3
   23 |   1.4599 |     46.160 |   1.4712 |     47.202 |     1.3
   24 |   1.4495 |     46.155 |   1.4613 |     47.202 |     1.4
   25 |   1.4406 |     46.144 |   1.4529 |     47.171 |     1.5
   26 |   1.4308 |     45.929 |   1.4457 |     47.140 |     1.5
   27 |   1.4213 |     45.644 |   1.4354 |     46.710 |     1.6
   28 |   1.4106 |     45.336 |   1.4290 |     46.802 |     1.6
   29 |   1.4000 |     45.089 |   1.4184 |     46.587 |     1.7
   30 |   1.3893 |     44.913 |   1.4135 |     46.679 |     1.7
   31 |   1.3786 |     44.754 |   1.4017 |     46.740 |     1.8
   32 |   1.3689 |     44.688 |   1.3957 |     46.740 |     1.9
   33 |   1.3566 |     44.578 |   1.3911 |     46.433 |     1.9
   34 |   1.3458 |     44.523 |   1.3804 |     46.464 |     2.0
   35 |   1.3341 |     44.265 |   1.3746 |     46.494 |     2.0
   36 |   1.3236 |     44.095 |   1.3656 |     46.125 |     2.1
   37 |   1.3133 |     43.644 |   1.3595 |     45.972 |     2.2
   38 |   1.3028 |     43.172 |   1.3540 |     45.572 |     2.2
   39 |   1.2920 |     42.875 |   1.3466 |     45.326 |     2.3
   40 |   1.2833 |     42.447 |   1.3487 |     45.203 |     2.3
   41 |   1.2723 |     41.919 |   1.3372 |     44.680 |     2.4
   42 |   1.2632 |     41.535 |   1.3321 |     44.004 |     2.4
   43 |   1.2541 |     41.029 |   1.3317 |     43.727 |     2.5
   44 |   1.2465 |     40.782 |   1.3271 |     44.188 |     2.6
   45 |   1.2376 |     40.425 |   1.3207 |     43.419 |     2.6
   46 |   1.2277 |     39.958 |   1.3210 |     43.727 |     2.7
   47 |   1.2197 |     39.799 |   1.3163 |     43.173 |     2.7
   48 |   1.2094 |     39.535 |   1.3118 |     43.327 |     2.8
   49 |   1.2007 |     39.024 |   1.3090 |     43.050 |     2.8
   50 |   1.1922 |     38.827 |   1.3034 |     43.542 |     2.9
   51 |   1.1829 |     38.546 |   1.2990 |     43.050 |     3.0
   52 |   1.1744 |     38.365 |   1.2984 |     42.220 |     3.0
   53 |   1.1674 |     38.129 |   1.2953 |     42.774 |     3.1
   54 |   1.1579 |     37.838 |   1.2898 |     42.374 |     3.1
   55 |   1.1479 |     37.497 |   1.2874 |     42.343 |     3.2
   56 |   1.1409 |     37.547 |   1.2843 |     42.712 |     3.3
   57 |   1.1314 |     37.206 |   1.2870 |     42.989 |     3.3
   58 |   1.1229 |     37.014 |   1.2847 |     42.897 |     3.4
   59 |   1.1149 |     36.761 |   1.2704 |     42.036 |     3.4
   60 |   1.1058 |     36.508 |   1.2752 |     41.974 |     3.5
   61 |   1.0973 |     36.217 |   1.2680 |     41.513 |     3.5
   62 |   1.0895 |     36.014 |   1.2733 |     42.128 |     3.6
   63 |   1.0812 |     35.646 |   1.2594 |     41.451 |     3.7
   64 |   1.0759 |     35.564 |   1.2609 |     41.574 |     3.7
   65 |   1.0650 |     35.064 |   1.2594 |     41.605 |     3.8
   66 |   1.0569 |     35.003 |   1.2590 |     41.759 |     3.8
   67 |   1.0488 |     34.553 |   1.2565 |     41.082 |     3.9
   68 |   1.0394 |     34.536 |   1.2562 |     41.236 |     3.9
   69 |   1.0326 |     34.047 |   1.2504 |     41.052 |     4.0
   70 |   1.0249 |     34.015 |   1.2518 |     40.990 |     4.1
   71 |   1.0168 |     33.707 |   1.2446 |     40.437 |     4.1
   72 |   1.0088 |     33.344 |   1.2556 |     41.236 |     4.2
   73 |   1.0012 |     33.223 |   1.2463 |     41.021 |     4.2
   74 |   0.9937 |     32.916 |   1.2552 |     40.898 |     4.3
   75 |   0.9876 |     32.943 |   1.2371 |     40.344 |     4.4
   76 |   0.9778 |     32.394 |   1.2407 |     40.037 |     4.4
   77 |   0.9712 |     32.158 |   1.2398 |     40.437 |     4.5
   78 |   0.9634 |     31.987 |   1.2507 |     40.775 |     4.5
   79 |   0.9582 |     31.762 |   1.2464 |     39.945 |     4.6
Early stopping

Model: Seq2Seq Multimodal Bi-LSTM
Source index: <Seq2Seq Index with 45 items>
Target index: <Seq2Seq Index with 34 items>
Encoder embedding dimension: 128
Descriptors dimension: 1136
Decoder embedding dimension: 64
Encoder hidden units: 128
Encoder layers: 2
Decoder hidden units: 64
Decoder layers: 4
Dropout: 0.0
Trainable parameters: 1,224,866

Training started
X_train.shape: torch.Size([3034, 702])
Y_train.shape: torch.Size([3034, 7])
X_dev.shape: torch.Size([542, 350])
Y_dev.shape: torch.Size([542, 7])
Epochs: 500
Learning rate: 0.001
Weight decay: 1e-05
Epoch | Train                 | Development           | Minutes
      | Loss     | Error Rate | Loss     | Error Rate |
---------------------------------------------------------------
    1 |   2.5933 |     69.699 |   2.0404 |     59.317 |     0.0
    2 |   1.7667 |     49.703 |   1.5828 |     47.202 |     0.1
    3 |   1.4953 |     46.276 |   1.4638 |     47.017 |     0.1
    4 |   1.4363 |     46.468 |   1.4438 |     47.109 |     0.2
    5 |   1.4152 |     46.468 |   1.4251 |     47.202 |     0.2
    6 |   1.4039 |     46.155 |   1.4128 |     47.202 |     0.2
    7 |   1.3929 |     46.341 |   1.3998 |     46.617 |     0.3
    8 |   1.3798 |     46.094 |   1.3881 |     46.771 |     0.3
    9 |   1.3685 |     45.166 |   1.3756 |     46.095 |     0.4
   10 |   1.3522 |     44.847 |   1.3639 |     45.910 |     0.4
   11 |   1.3396 |     44.688 |   1.3568 |     46.064 |     0.4
   12 |   1.3312 |     44.347 |   1.3500 |     46.002 |     0.5
   13 |   1.3273 |     44.336 |   1.3443 |     45.326 |     0.5
   14 |   1.3158 |     44.227 |   1.3284 |     44.649 |     0.6
   15 |   1.3075 |     43.776 |   1.3247 |     45.018 |     0.6
   16 |   1.3007 |     43.699 |   1.3202 |     44.680 |     0.6
   17 |   1.2911 |     43.359 |   1.3216 |     44.803 |     0.7
   18 |   1.2853 |     42.853 |   1.3224 |     44.219 |     0.7
   19 |   1.2764 |     42.601 |   1.3004 |     44.096 |     0.8
   20 |   1.2645 |     42.309 |   1.2988 |     43.758 |     0.8
   21 |   1.2555 |     42.018 |   1.3046 |     44.526 |     0.8
   22 |   1.2478 |     41.557 |   1.2899 |     43.881 |     0.9
   23 |   1.2398 |     41.573 |   1.2775 |     43.573 |     0.9
   24 |   1.2268 |     41.419 |   1.2865 |     43.604 |     1.0
   25 |   1.2253 |     41.326 |   1.2802 |     43.173 |     1.0
   26 |   1.2124 |     40.645 |   1.2715 |     42.620 |     1.0
   27 |   1.1964 |     40.359 |   1.2531 |     42.835 |     1.1
   28 |   1.1864 |     40.255 |   1.2484 |     42.620 |     1.1
   29 |   1.1788 |     40.140 |   1.2578 |     42.405 |     1.2
   30 |   1.1660 |     39.513 |   1.2459 |     42.159 |     1.2
   31 |   1.1569 |     39.063 |   1.2356 |     41.851 |     1.2
   32 |   1.1469 |     39.046 |   1.2252 |     41.328 |     1.3
   33 |   1.1289 |     38.398 |   1.2200 |     40.529 |     1.3
   34 |   1.1208 |     38.085 |   1.2248 |     40.744 |     1.4
   35 |   1.1092 |     37.371 |   1.2136 |     40.375 |     1.4
   36 |   1.0999 |     37.030 |   1.1997 |     39.514 |     1.4
   37 |   1.0826 |     36.761 |   1.1871 |     39.360 |     1.5
   38 |   1.0708 |     35.976 |   1.1782 |     39.299 |     1.5
   39 |   1.0577 |     35.586 |   1.1768 |     38.592 |     1.6
   40 |   1.0403 |     34.976 |   1.1805 |     38.530 |     1.6
   41 |   1.0324 |     34.756 |   1.1761 |     38.346 |     1.6
   42 |   1.0324 |     34.635 |   1.1690 |     39.360 |     1.7
   43 |   1.0084 |     33.861 |   1.1566 |     39.053 |     1.7
   44 |   1.0031 |     34.223 |   1.1630 |     38.622 |     1.8
   45 |   0.9894 |     33.476 |   1.1638 |     38.561 |     1.8
   46 |   0.9723 |     33.086 |   1.1452 |     38.930 |     1.8
   47 |   0.9615 |     32.751 |   1.1578 |     39.022 |     1.9
   48 |   0.9634 |     32.493 |   1.1274 |     38.223 |     1.9
   49 |   0.9418 |     31.987 |   1.1307 |     37.731 |     2.0
   50 |   0.9358 |     31.696 |   1.1383 |     38.069 |     2.0
   51 |   0.9214 |     31.120 |   1.1385 |     38.007 |     2.0
   52 |   0.9124 |     31.131 |   1.1240 |     37.362 |     2.1
   53 |   0.8946 |     30.438 |   1.1193 |     36.685 |     2.1
   54 |   0.8856 |     30.015 |   1.1292 |     36.747 |     2.2
   55 |   0.8801 |     29.768 |   1.1295 |     37.423 |     2.2
   56 |   0.8603 |     29.213 |   1.1255 |     36.716 |     2.2
   57 |   0.8476 |     28.807 |   1.1195 |     36.316 |     2.3
Early stopping

Model: Seq2Seq Multimodal Bi-LSTM
Source index: <Seq2Seq Index with 45 items>
Target index: <Seq2Seq Index with 34 items>
Encoder embedding dimension: 128
Descriptors dimension: 1136
Decoder embedding dimension: 64
Encoder hidden units: 128
Encoder layers: 2
Decoder hidden units: 128
Decoder layers: 4
Dropout: 0.2
Trainable parameters: 1,655,074

Training started
X_train.shape: torch.Size([3034, 702])
Y_train.shape: torch.Size([3034, 7])
X_dev.shape: torch.Size([542, 350])
Y_dev.shape: torch.Size([542, 7])
Epochs: 500
Learning rate: 0.001
Weight decay: 0.0001
Epoch | Train                 | Development           | Minutes
      | Loss     | Error Rate | Loss     | Error Rate |
---------------------------------------------------------------
    1 |   2.2891 |     62.371 |   1.6524 |     49.385 |     0.0
    2 |   1.4894 |     46.358 |   1.4350 |     47.202 |     0.1
    3 |   1.4164 |     46.177 |   1.4173 |     47.017 |     0.1
    4 |   1.4012 |     46.341 |   1.4027 |     47.202 |     0.2
    5 |   1.3895 |     46.243 |   1.3919 |     46.341 |     0.2
    6 |   1.3726 |     45.254 |   1.3726 |     46.218 |     0.2
    7 |   1.3393 |     44.611 |   1.3394 |     45.111 |     0.3
    8 |   1.3013 |     44.029 |   1.3076 |     44.803 |     0.3
    9 |   1.2704 |     43.727 |   1.2758 |     44.557 |     0.4
   10 |   1.2463 |     42.826 |   1.2515 |     43.143 |     0.4
   11 |   1.2311 |     42.200 |   1.2439 |     43.204 |     0.5
   12 |   1.2174 |     41.793 |   1.2254 |     42.128 |     0.5
   13 |   1.1915 |     40.876 |   1.2174 |     42.220 |     0.5
   14 |   1.1749 |     40.304 |   1.2284 |     41.790 |     0.6
   15 |   1.1586 |     39.634 |   1.1984 |     40.621 |     0.6
   16 |   1.1345 |     39.024 |   1.2005 |     39.453 |     0.7
   17 |   1.1234 |     38.195 |   1.1812 |     40.098 |     0.7
   18 |   1.1003 |     37.684 |   1.1915 |     40.529 |     0.7
   19 |   1.0918 |     37.299 |   1.1836 |     39.668 |     0.8
   20 |   1.0777 |     36.651 |   1.1411 |     38.284 |     0.8
   21 |   1.0524 |     36.003 |   1.1380 |     38.407 |     0.9
   22 |   1.0261 |     34.976 |   1.1212 |     37.546 |     0.9
   23 |   1.0191 |     34.806 |   1.1114 |     37.300 |     1.0
   24 |   0.9983 |     34.020 |   1.0985 |     37.608 |     1.0
   25 |   0.9825 |     33.493 |   1.0839 |     36.654 |     1.0
   26 |   0.9698 |     32.872 |   1.0829 |     37.392 |     1.1
   27 |   0.9578 |     32.811 |   1.0700 |     36.132 |     1.1
   28 |   0.9472 |     32.218 |   1.0880 |     36.255 |     1.2
   29 |   0.9283 |     31.570 |   1.0786 |     35.855 |     1.2
   30 |   0.9120 |     31.048 |   1.0571 |     34.717 |     1.3
   31 |   0.9008 |     30.559 |   1.0497 |     35.086 |     1.3
   32 |   0.8808 |     30.021 |   1.0516 |     34.594 |     1.3
   33 |   0.8725 |     29.653 |   1.0530 |     35.578 |     1.4
   34 |   0.8550 |     29.246 |   1.0460 |     35.055 |     1.4
   35 |   0.8479 |     29.093 |   1.0301 |     33.487 |     1.5
   36 |   0.8304 |     28.444 |   1.0424 |     33.456 |     1.5
   37 |   0.8169 |     27.395 |   1.0276 |     32.964 |     1.5
   38 |   0.8036 |     27.296 |   1.0294 |     33.333 |     1.6
   39 |   0.7885 |     26.610 |   1.0297 |     33.641 |     1.6
   40 |   0.7874 |     26.637 |   1.0161 |     33.210 |     1.7
   41 |   0.7752 |     26.176 |   1.0374 |     34.256 |     1.7
   42 |   0.7668 |     25.901 |   1.0254 |     33.026 |     1.8
   43 |   0.7419 |     24.742 |   1.0174 |     31.857 |     1.8
   44 |   0.7403 |     25.231 |   0.9981 |     31.673 |     1.8
   45 |   0.7100 |     24.039 |   1.0024 |     31.765 |     1.9
   46 |   0.7080 |     24.176 |   0.9963 |     31.796 |     1.9
   47 |   0.7032 |     23.610 |   1.0084 |     31.273 |     2.0
   48 |   0.6886 |     23.731 |   1.0226 |     32.442 |     2.0
   49 |   0.6832 |     23.017 |   0.9975 |     32.011 |     2.0
   50 |   0.6737 |     22.698 |   1.0077 |     31.765 |     2.1
Early stopping

Model: Seq2Seq Multimodal Bi-LSTM
Source index: <Seq2Seq Index with 45 items>
Target index: <Seq2Seq Index with 34 items>
Encoder embedding dimension: 128
Descriptors dimension: 1136
Decoder embedding dimension: 64
Encoder hidden units: 64
Encoder layers: 4
Decoder hidden units: 64
Decoder layers: 2
Dropout: 0.1
Trainable parameters: 896,162

Training started
X_train.shape: torch.Size([3034, 702])
Y_train.shape: torch.Size([3034, 7])
X_dev.shape: torch.Size([542, 350])
Y_dev.shape: torch.Size([542, 7])
Epochs: 500
Learning rate: 0.0001
Weight decay: 0.0001
Epoch | Train                 | Development           | Minutes
      | Loss     | Error Rate | Loss     | Error Rate |
---------------------------------------------------------------
    1 |   3.3326 |     88.036 |   2.9508 |     83.149 |     0.0
    2 |   2.7145 |     73.813 |   2.5514 |     67.066 |     0.1
    3 |   2.4500 |     63.453 |   2.3521 |     59.379 |     0.1
    4 |   2.2874 |     58.679 |   2.2186 |     59.256 |     0.1
    5 |   2.1703 |     57.894 |   2.1178 |     58.057 |     0.2
    6 |   2.0787 |     57.185 |   2.0373 |     57.503 |     0.2
    7 |   1.9983 |     55.801 |   1.9601 |     54.797 |     0.2
    8 |   1.9223 |     52.153 |   1.8894 |     49.077 |     0.3
    9 |   1.8528 |     49.017 |   1.8216 |     49.047 |     0.3
   10 |   1.7841 |     48.605 |   1.7593 |     49.108 |     0.4
   11 |   1.7241 |     48.500 |   1.7057 |     49.293 |     0.4
   12 |   1.6723 |     48.489 |   1.6590 |     49.200 |     0.4
   13 |   1.6273 |     47.566 |   1.6167 |     46.925 |     0.5
   14 |   1.5869 |     45.979 |   1.5804 |     47.048 |     0.5
   15 |   1.5483 |     45.847 |   1.5472 |     47.171 |     0.5
   16 |   1.5174 |     45.918 |   1.5216 |     47.017 |     0.6
   17 |   1.4880 |     45.836 |   1.4908 |     46.956 |     0.6
   18 |   1.4623 |     45.699 |   1.4721 |     46.894 |     0.6
   19 |   1.4414 |     45.605 |   1.4518 |     46.679 |     0.7
   20 |   1.4224 |     45.589 |   1.4371 |     46.156 |     0.7
   21 |   1.4046 |     45.232 |   1.4211 |     46.064 |     0.7
   22 |   1.3885 |     44.798 |   1.4079 |     45.787 |     0.8
   23 |   1.3743 |     44.474 |   1.3973 |     44.557 |     0.8
   24 |   1.3585 |     43.886 |   1.3809 |     44.834 |     0.8
   25 |   1.3452 |     43.397 |   1.3752 |     44.250 |     0.9
   26 |   1.3330 |     43.002 |   1.3648 |     44.034 |     0.9
   27 |   1.3212 |     42.683 |   1.3552 |     43.665 |     1.0
   28 |   1.3089 |     42.375 |   1.3432 |     43.604 |     1.0
   29 |   1.2971 |     41.870 |   1.3366 |     43.204 |     1.0
   30 |   1.2866 |     41.579 |   1.3314 |     43.235 |     1.1
   31 |   1.2744 |     41.002 |   1.3198 |     42.343 |     1.1
   32 |   1.2641 |     40.398 |   1.3174 |     41.820 |     1.1
   33 |   1.2510 |     39.700 |   1.3028 |     41.482 |     1.2
   34 |   1.2393 |     39.376 |   1.2976 |     41.913 |     1.2
   35 |   1.2289 |     38.788 |   1.2924 |     41.451 |     1.2
   36 |   1.2191 |     38.338 |   1.2831 |     40.959 |     1.3
   37 |   1.2059 |     37.992 |   1.2761 |     40.560 |     1.3
   38 |   1.1942 |     37.426 |   1.2691 |     40.221 |     1.3
   39 |   1.1815 |     37.107 |   1.2544 |     39.576 |     1.4
   40 |   1.1687 |     36.503 |   1.2481 |     39.114 |     1.4
   41 |   1.1568 |     36.113 |   1.2376 |     39.207 |     1.4
   42 |   1.1444 |     35.717 |   1.2313 |     38.776 |     1.5
   43 |   1.1328 |     35.388 |   1.2267 |     38.807 |     1.5
   44 |   1.1215 |     35.014 |   1.2197 |     38.315 |     1.5
   45 |   1.1113 |     34.553 |   1.2196 |     38.868 |     1.6
   46 |   1.0978 |     34.119 |   1.2039 |     38.161 |     1.6
   47 |   1.0945 |     33.960 |   1.2089 |     37.946 |     1.6
   48 |   1.0784 |     33.339 |   1.1933 |     37.331 |     1.7
   49 |   1.0664 |     32.960 |   1.1876 |     37.669 |     1.7
   50 |   1.0582 |     32.899 |   1.1861 |     37.669 |     1.8
   51 |   1.0486 |     32.476 |   1.1762 |     37.546 |     1.8
   52 |   1.0325 |     32.053 |   1.1687 |     36.931 |     1.8
   53 |   1.0228 |     31.537 |   1.1631 |     37.269 |     1.9
   54 |   1.0152 |     31.537 |   1.1566 |     37.054 |     1.9
   55 |   1.0040 |     30.746 |   1.1537 |     37.054 |     1.9
   56 |   0.9935 |     30.521 |   1.1440 |     36.931 |     2.0
   57 |   0.9837 |     30.263 |   1.1416 |     36.777 |     2.0
   58 |   0.9776 |     30.081 |   1.1310 |     36.408 |     2.0
   59 |   0.9638 |     29.669 |   1.1356 |     36.039 |     2.1
   60 |   0.9558 |     29.537 |   1.1241 |     35.763 |     2.1
   61 |   0.9483 |     29.060 |   1.1202 |     35.732 |     2.1
   62 |   0.9404 |     28.702 |   1.1154 |     35.209 |     2.2
   63 |   0.9301 |     28.664 |   1.1041 |     34.871 |     2.2
   64 |   0.9205 |     28.175 |   1.1059 |     34.994 |     2.2
   65 |   0.9121 |     27.681 |   1.1049 |     34.656 |     2.3
   66 |   0.9061 |     27.796 |   1.0976 |     34.533 |     2.3
   67 |   0.8969 |     27.461 |   1.0959 |     34.963 |     2.3
   68 |   0.8887 |     27.186 |   1.0910 |     34.133 |     2.4
   69 |   0.8811 |     26.802 |   1.0912 |     34.410 |     2.4
   70 |   0.8735 |     26.681 |   1.0822 |     34.225 |     2.4
   71 |   0.8646 |     26.307 |   1.0790 |     33.610 |     2.5
   72 |   0.8572 |     26.071 |   1.0797 |     33.456 |     2.5
   73 |   0.8500 |     25.868 |   1.0817 |     33.426 |     2.5
   74 |   0.8430 |     25.725 |   1.0819 |     33.610 |     2.6
   75 |   0.8372 |     25.209 |   1.0736 |     33.641 |     2.6
   76 |   0.8296 |     25.258 |   1.0662 |     32.995 |     2.7
   77 |   0.8208 |     24.951 |   1.0571 |     32.995 |     2.7
   78 |   0.8123 |     24.742 |   1.0644 |     32.565 |     2.7
   79 |   0.8061 |     24.555 |   1.0577 |     32.811 |     2.8
   80 |   0.8012 |     24.368 |   1.0575 |     32.565 |     2.8
   81 |   0.7931 |     24.033 |   1.0516 |     32.257 |     2.8
   82 |   0.7890 |     23.885 |   1.0609 |     32.688 |     2.9
   83 |   0.7791 |     23.632 |   1.0482 |     32.042 |     2.9
   84 |   0.7732 |     23.709 |   1.0415 |     32.626 |     2.9
   85 |   0.7682 |     23.220 |   1.0440 |     32.349 |     3.0
   86 |   0.7607 |     22.967 |   1.0439 |     32.134 |     3.0
   87 |   0.7547 |     22.902 |   1.0400 |     32.073 |     3.0
   88 |   0.7454 |     22.605 |   1.0403 |     32.257 |     3.1
   89 |   0.7425 |     22.435 |   1.0358 |     32.226 |     3.1
   90 |   0.7350 |     22.220 |   1.0455 |     32.165 |     3.1
   91 |   0.7313 |     22.253 |   1.0349 |     31.980 |     3.2
   92 |   0.7238 |     22.132 |   1.0384 |     31.734 |     3.2
   93 |   0.7195 |     22.028 |   1.0321 |     31.642 |     3.2
   94 |   0.7116 |     21.578 |   1.0343 |     31.611 |     3.3
   95 |   0.7101 |     21.863 |   1.0355 |     31.734 |     3.3
   96 |   0.7033 |     21.396 |   1.0335 |     31.550 |     3.3
   97 |   0.6972 |     21.034 |   1.0236 |     31.335 |     3.4
   98 |   0.6892 |     20.836 |   1.0322 |     31.488 |     3.4
   99 |   0.6834 |     20.512 |   1.0189 |     31.150 |     3.4
  100 |   0.6804 |     20.342 |   1.0232 |     31.119 |     3.5
  101 |   0.6759 |     20.567 |   1.0267 |     31.027 |     3.5
  102 |   0.6656 |     19.952 |   1.0190 |     30.720 |     3.6
  103 |   0.6622 |     20.056 |   1.0221 |     30.351 |     3.6
Early stopping

Model: Seq2Seq Multimodal Bi-LSTM
Source index: <Seq2Seq Index with 45 items>
Target index: <Seq2Seq Index with 34 items>
Encoder embedding dimension: 128
Descriptors dimension: 1136
Decoder embedding dimension: 128
Encoder hidden units: 64
Encoder layers: 3
Decoder hidden units: 64
Decoder layers: 3
Dropout: 0.1
Trainable parameters: 730,850

Training started
X_train.shape: torch.Size([3034, 702])
Y_train.shape: torch.Size([3034, 7])
X_dev.shape: torch.Size([542, 350])
Y_dev.shape: torch.Size([542, 7])
Epochs: 500
Learning rate: 0.001
Weight decay: 1e-05
Epoch | Train                 | Development           | Minutes
      | Loss     | Error Rate | Loss     | Error Rate |
---------------------------------------------------------------
    1 |   2.5807 |     69.759 |   2.0462 |     59.225 |     0.0
    2 |   1.8079 |     51.291 |   1.6225 |     47.202 |     0.1
    3 |   1.5299 |     46.226 |   1.4901 |     47.202 |     0.1
    4 |   1.4549 |     46.188 |   1.4500 |     47.202 |     0.1
    5 |   1.4282 |     46.138 |   1.4263 |     47.017 |     0.1
    6 |   1.4149 |     46.199 |   1.4245 |     47.294 |     0.2
    7 |   1.4042 |     46.100 |   1.4107 |     47.294 |     0.2
    8 |   1.3934 |     45.864 |   1.3968 |     47.140 |     0.2
    9 |   1.3761 |     45.479 |   1.3798 |     45.603 |     0.2
   10 |   1.3550 |     44.748 |   1.3579 |     46.125 |     0.3
   11 |   1.3323 |     44.347 |   1.3432 |     45.295 |     0.3
   12 |   1.3093 |     43.826 |   1.3232 |     45.080 |     0.3
   13 |   1.2886 |     42.963 |   1.3144 |     44.680 |     0.4
   14 |   1.2681 |     42.507 |   1.2864 |     43.665 |     0.4
   15 |   1.2457 |     41.590 |   1.2693 |     42.866 |     0.4
   16 |   1.2269 |     40.634 |   1.2621 |     42.497 |     0.4
   17 |   1.2179 |     40.343 |   1.2412 |     41.974 |     0.5
   18 |   1.1941 |     39.728 |   1.2317 |     41.759 |     0.5
   19 |   1.1803 |     39.376 |   1.2220 |     40.898 |     0.5
   20 |   1.1584 |     38.288 |   1.2060 |     40.713 |     0.5
   21 |   1.1408 |     38.058 |   1.2073 |     41.082 |     0.6
   22 |   1.1171 |     37.382 |   1.1854 |     40.621 |     0.6
   23 |   1.0997 |     36.618 |   1.1726 |     39.330 |     0.6
   24 |   1.0831 |     36.020 |   1.1697 |     38.530 |     0.7
   25 |   1.0681 |     35.608 |   1.1609 |     38.561 |     0.7
   26 |   1.0534 |     35.086 |   1.1456 |     38.315 |     0.7
   27 |   1.0387 |     34.295 |   1.1493 |     37.485 |     0.7
   28 |   1.0180 |     33.690 |   1.1324 |     36.870 |     0.8
   29 |   0.9979 |     32.636 |   1.1230 |     35.886 |     0.8
   30 |   0.9855 |     32.586 |   1.1112 |     35.271 |     0.8
   31 |   0.9679 |     31.740 |   1.1153 |     36.132 |     0.8
   32 |   0.9523 |     31.185 |   1.1104 |     35.455 |     0.9
   33 |   0.9339 |     30.323 |   1.0926 |     34.779 |     0.9
   34 |   0.9170 |     29.933 |   1.0893 |     34.902 |     0.9
   35 |   0.9003 |     29.466 |   1.0821 |     34.379 |     1.0
   36 |   0.8808 |     28.609 |   1.0777 |     34.317 |     1.0
   37 |   0.8845 |     28.818 |   1.0852 |     34.963 |     1.0
   38 |   0.8653 |     28.131 |   1.0777 |     34.133 |     1.0
   39 |   0.8401 |     27.488 |   1.0563 |     33.641 |     1.1
   40 |   0.8278 |     27.225 |   1.0444 |     33.210 |     1.1
   41 |   0.8189 |     26.796 |   1.0525 |     33.057 |     1.1
   42 |   0.8000 |     26.088 |   1.0528 |     33.549 |     1.1
   43 |   0.7890 |     25.654 |   1.0464 |     32.964 |     1.2
   44 |   0.7824 |     25.758 |   1.0341 |     32.626 |     1.2
   45 |   0.7718 |     25.093 |   1.0450 |     33.149 |     1.2
   46 |   0.7578 |     24.775 |   1.0430 |     33.149 |     1.2
   47 |   0.7411 |     24.088 |   1.0289 |     32.657 |     1.3
   48 |   0.7265 |     23.709 |   1.0525 |     33.210 |     1.3
   49 |   0.7199 |     23.643 |   1.0468 |     32.534 |     1.3
   50 |   0.7201 |     23.791 |   1.0302 |     32.565 |     1.4
   51 |   0.7016 |     23.006 |   1.0570 |     32.657 |     1.4
Early stopping

Model: Seq2Seq Multimodal Bi-LSTM
Source index: <Seq2Seq Index with 45 items>
Target index: <Seq2Seq Index with 34 items>
Encoder embedding dimension: 64
Descriptors dimension: 1136
Decoder embedding dimension: 128
Encoder hidden units: 128
Encoder layers: 4
Decoder hidden units: 128
Decoder layers: 4
Dropout: 0.0
Trainable parameters: 3,030,882

Training started
X_train.shape: torch.Size([3034, 702])
Y_train.shape: torch.Size([3034, 7])
X_dev.shape: torch.Size([542, 350])
Y_dev.shape: torch.Size([542, 7])
Epochs: 500
Learning rate: 0.001
Weight decay: 1e-05
Epoch | Train                 | Development           | Minutes
      | Loss     | Error Rate | Loss     | Error Rate |
---------------------------------------------------------------
    1 |   2.2513 |     61.366 |   1.6331 |     49.385 |     0.1
    2 |   1.4872 |     46.210 |   1.4489 |     47.202 |     0.2
    3 |   1.4160 |     46.226 |   1.4210 |     47.017 |     0.2
    4 |   1.4033 |     46.265 |   1.4086 |     47.202 |     0.3
    5 |   1.3959 |     46.122 |   1.4030 |     47.140 |     0.4
    6 |   1.3812 |     45.616 |   1.3822 |     46.095 |     0.5
    7 |   1.3537 |     44.688 |   1.3663 |     46.248 |     0.5
    8 |   1.3401 |     44.748 |   1.3615 |     46.033 |     0.6
    9 |   1.3284 |     44.446 |   1.3399 |     46.002 |     0.7
   10 |   1.3165 |     44.144 |   1.3341 |     45.141 |     0.8
   11 |   1.3098 |     43.913 |   1.3268 |     44.803 |     0.9
   12 |   1.2993 |     43.430 |   1.3219 |     45.264 |     0.9
   13 |   1.2851 |     43.139 |   1.3202 |     44.926 |     1.0
   14 |   1.2735 |     42.721 |   1.3092 |     44.157 |     1.1
   15 |   1.2638 |     42.408 |   1.3167 |     44.280 |     1.2
   16 |   1.2501 |     42.172 |   1.2945 |     44.373 |     1.2
   17 |   1.2433 |     41.947 |   1.2849 |     44.250 |     1.3
   18 |   1.2337 |     41.502 |   1.2853 |     42.743 |     1.4
   19 |   1.2255 |     41.233 |   1.2668 |     43.266 |     1.5
   20 |   1.2016 |     40.392 |   1.2527 |     42.774 |     1.6
   21 |   1.1939 |     40.354 |   1.2537 |     42.159 |     1.6
   22 |   1.1777 |     39.892 |   1.2562 |     42.897 |     1.7
   23 |   1.1675 |     39.711 |   1.2525 |     42.681 |     1.8
   24 |   1.1564 |     39.200 |   1.2340 |     42.189 |     1.9
   25 |   1.1360 |     38.530 |   1.2204 |     41.390 |     2.0
   26 |   1.1383 |     38.568 |   1.2345 |     42.220 |     2.0
   27 |   1.1252 |     38.294 |   1.2155 |     41.820 |     2.1
   28 |   1.1068 |     37.393 |   1.2007 |     40.806 |     2.2
   29 |   1.0957 |     37.135 |   1.2222 |     40.836 |     2.3
   30 |   1.0853 |     36.909 |   1.2100 |     41.175 |     2.3
   31 |   1.0686 |     36.058 |   1.1918 |     41.021 |     2.4
   32 |   1.0544 |     35.652 |   1.1926 |     40.621 |     2.5
   33 |   1.0446 |     35.657 |   1.1736 |     39.114 |     2.6
   34 |   1.0439 |     35.415 |   1.1850 |     40.098 |     2.7
   35 |   1.0288 |     35.234 |   1.2005 |     40.529 |     2.7
   36 |   1.0229 |     34.970 |   1.1890 |     40.406 |     2.8
   37 |   1.0100 |     34.569 |   1.1935 |     39.852 |     2.9
Early stopping

Model: Seq2Seq Multimodal Bi-LSTM
Source index: <Seq2Seq Index with 45 items>
Target index: <Seq2Seq Index with 34 items>
Encoder embedding dimension: 64
Descriptors dimension: 1136
Decoder embedding dimension: 128
Encoder hidden units: 64
Encoder layers: 4
Decoder hidden units: 128
Decoder layers: 4
Dropout: 0.2
Trainable parameters: 1,392,226

Training started
X_train.shape: torch.Size([3034, 702])
Y_train.shape: torch.Size([3034, 7])
X_dev.shape: torch.Size([542, 350])
Y_dev.shape: torch.Size([542, 7])
Epochs: 500
Learning rate: 0.001
Weight decay: 1e-05
Epoch | Train                 | Development           | Minutes
      | Loss     | Error Rate | Loss     | Error Rate |
---------------------------------------------------------------
    1 |   2.2881 |     61.541 |   1.6897 |     49.385 |     0.0
    2 |   1.5065 |     46.347 |   1.4417 |     47.202 |     0.1
    3 |   1.4166 |     46.270 |   1.4141 |     47.202 |     0.1
    4 |   1.4037 |     46.319 |   1.4098 |     47.017 |     0.1
    5 |   1.3936 |     46.418 |   1.4131 |     47.232 |     0.2
    6 |   1.3821 |     46.133 |   1.3874 |     46.833 |     0.2
    7 |   1.3635 |     45.232 |   1.3615 |     45.849 |     0.2
    8 |   1.3342 |     44.463 |   1.3468 |     45.111 |     0.3
    9 |   1.3111 |     43.677 |   1.3260 |     45.018 |     0.3
   10 |   1.2880 |     43.227 |   1.2895 |     43.512 |     0.3
   11 |   1.2571 |     42.452 |   1.2622 |     43.173 |     0.4
   12 |   1.2357 |     41.837 |   1.2497 |     42.620 |     0.4
   13 |   1.2194 |     41.359 |   1.2370 |     42.712 |     0.4
   14 |   1.2049 |     41.167 |   1.2199 |     42.097 |     0.5
   15 |   1.1798 |     40.425 |   1.1978 |     41.574 |     0.5
   16 |   1.1601 |     39.793 |   1.1723 |     40.498 |     0.6
   17 |   1.1374 |     38.739 |   1.1700 |     40.652 |     0.6
   18 |   1.1179 |     38.261 |   1.1588 |     40.006 |     0.6
   19 |   1.0970 |     37.354 |   1.1304 |     38.161 |     0.7
   20 |   1.0783 |     36.613 |   1.1385 |     38.715 |     0.7
   21 |   1.0638 |     36.366 |   1.1073 |     37.915 |     0.7
   22 |   1.0351 |     35.371 |   1.0866 |     36.562 |     0.8
   23 |   1.0099 |     34.229 |   1.0925 |     36.132 |     0.8
   24 |   0.9943 |     33.372 |   1.0793 |     35.947 |     0.8
   25 |   0.9760 |     33.070 |   1.0619 |     35.670 |     0.9
   26 |   0.9600 |     32.432 |   1.0623 |     34.809 |     0.9
   27 |   0.9467 |     32.597 |   1.0618 |     35.178 |     0.9
   28 |   0.9236 |     31.092 |   1.0466 |     35.148 |     1.0
   29 |   0.9132 |     31.103 |   1.0235 |     33.518 |     1.0
   30 |   0.9035 |     30.746 |   1.0358 |     34.317 |     1.0
   31 |   0.8871 |     30.120 |   1.0218 |     34.379 |     1.1
   32 |   0.8718 |     29.614 |   1.0378 |     35.148 |     1.1
   33 |   0.8677 |     29.576 |   1.0026 |     33.641 |     1.1
   34 |   0.8479 |     28.735 |   0.9959 |     32.411 |     1.2
   35 |   0.8300 |     28.505 |   0.9898 |     32.934 |     1.2
   36 |   0.8137 |     27.670 |   0.9913 |     32.964 |     1.2
   37 |   0.7994 |     27.082 |   0.9828 |     31.704 |     1.3
   38 |   0.7856 |     26.571 |   0.9842 |     32.165 |     1.3
   39 |   0.7715 |     26.060 |   0.9962 |     32.196 |     1.3
   40 |   0.7622 |     25.851 |   0.9855 |     31.980 |     1.4
   41 |   0.7508 |     25.319 |   1.0026 |     32.503 |     1.4
   42 |   0.7357 |     24.874 |   0.9745 |     31.304 |     1.4
   43 |   0.7236 |     24.528 |   0.9854 |     32.626 |     1.5
   44 |   0.7134 |     24.033 |   0.9863 |     31.488 |     1.5
   45 |   0.7073 |     23.940 |   0.9774 |     30.781 |     1.5
   46 |   0.6987 |     23.704 |   0.9746 |     31.150 |     1.6
   47 |   0.6798 |     23.022 |   0.9694 |     30.812 |     1.6
   48 |   0.6696 |     22.770 |   0.9875 |     31.273 |     1.6
   49 |   0.6641 |     22.501 |   0.9508 |     29.459 |     1.7
   50 |   0.6584 |     22.336 |   0.9295 |     29.674 |     1.7
   51 |   0.6421 |     21.830 |   0.9662 |     30.627 |     1.7
   52 |   0.6334 |     21.770 |   0.9413 |     30.074 |     1.8
   53 |   0.6323 |     21.336 |   0.9688 |     29.951 |     1.8
   54 |   0.6206 |     21.188 |   0.9507 |     29.951 |     1.8
Early stopping

Model: Seq2Seq Multimodal Bi-LSTM
Source index: <Seq2Seq Index with 45 items>
Target index: <Seq2Seq Index with 34 items>
Encoder embedding dimension: 64
Descriptors dimension: 1136
Decoder embedding dimension: 128
Encoder hidden units: 64
Encoder layers: 2
Decoder hidden units: 128
Decoder layers: 4
Dropout: 0.0
Trainable parameters: 933,346

Training started
X_train.shape: torch.Size([3034, 702])
Y_train.shape: torch.Size([3034, 7])
X_dev.shape: torch.Size([542, 350])
Y_dev.shape: torch.Size([542, 7])
Epochs: 500
Learning rate: 0.001
Weight decay: 1e-05
Epoch | Train                 | Development           | Minutes
      | Loss     | Error Rate | Loss     | Error Rate |
---------------------------------------------------------------
    1 |   2.3008 |     62.316 |   1.6686 |     49.416 |     0.0
    2 |   1.5029 |     46.396 |   1.4451 |     47.017 |     0.0
    3 |   1.4133 |     46.210 |   1.4120 |     46.556 |     0.1
    4 |   1.3905 |     45.864 |   1.3822 |     45.480 |     0.1
    5 |   1.3409 |     44.216 |   1.3403 |     44.250 |     0.1
    6 |   1.3074 |     43.710 |   1.3121 |     44.342 |     0.1
    7 |   1.2806 |     43.183 |   1.2932 |     43.573 |     0.1
    8 |   1.2636 |     42.584 |   1.2740 |     43.604 |     0.1
    9 |   1.2314 |     41.892 |   1.2767 |     43.604 |     0.2
   10 |   1.2055 |     40.859 |   1.2651 |     43.604 |     0.2
   11 |   1.1785 |     39.837 |   1.2527 |     41.913 |     0.2
   12 |   1.1486 |     38.563 |   1.2107 |     41.205 |     0.2
   13 |   1.1115 |     37.613 |   1.2149 |     40.590 |     0.2
   14 |   1.0839 |     36.931 |   1.1816 |     40.375 |     0.2
   15 |   1.0635 |     35.772 |   1.1738 |     39.053 |     0.3
   16 |   1.0293 |     34.751 |   1.1473 |     38.284 |     0.3
   17 |   0.9917 |     33.570 |   1.1461 |     37.884 |     0.3
   18 |   0.9591 |     32.191 |   1.1334 |     37.300 |     0.3
   19 |   0.9340 |     31.515 |   1.1235 |     37.423 |     0.3
   20 |   0.9075 |     30.839 |   1.1121 |     36.193 |     0.3
   21 |   0.8676 |     28.950 |   1.1255 |     36.316 |     0.4
   22 |   0.8344 |     27.664 |   1.0976 |     35.209 |     0.4
   23 |   0.8074 |     26.582 |   1.0932 |     33.641 |     0.4
   24 |   0.7899 |     25.978 |   1.1347 |     35.886 |     0.4
   25 |   0.7527 |     24.566 |   1.0939 |     33.948 |     0.4
   26 |   0.7298 |     23.429 |   1.1004 |     35.486 |     0.4
   27 |   0.7000 |     22.929 |   1.1061 |     33.672 |     0.5
   28 |   0.6751 |     21.649 |   1.0766 |     33.579 |     0.5
   29 |   0.6642 |     21.473 |   1.1104 |     34.717 |     0.5
   30 |   0.6283 |     20.012 |   1.1035 |     32.995 |     0.5
   31 |   0.6069 |     19.303 |   1.1168 |     32.749 |     0.5
   32 |   0.5825 |     18.864 |   1.0966 |     32.780 |     0.5
Early stopping

Model: Seq2Seq Multimodal Bi-LSTM
Source index: <Seq2Seq Index with 45 items>
Target index: <Seq2Seq Index with 34 items>
Encoder embedding dimension: 128
Descriptors dimension: 1136
Decoder embedding dimension: 64
Encoder hidden units: 128
Encoder layers: 4
Decoder hidden units: 64
Decoder layers: 3
Dropout: 0.2
Trainable parameters: 2,535,330

Training started
X_train.shape: torch.Size([3034, 702])
Y_train.shape: torch.Size([3034, 7])
X_dev.shape: torch.Size([542, 350])
Y_dev.shape: torch.Size([542, 7])
Epochs: 500
Learning rate: 0.0001
Weight decay: 0.0001
Epoch | Train                 | Development           | Minutes
      | Loss     | Error Rate | Loss     | Error Rate |
---------------------------------------------------------------
    1 |   3.3357 |     84.157 |   2.9933 |     83.333 |     0.1
    2 |   2.7731 |     80.916 |   2.5971 |     67.681 |     0.2
    3 |   2.4805 |     60.525 |   2.3559 |     59.317 |     0.2
    4 |   2.2863 |     57.828 |   2.2040 |     59.317 |     0.3
    5 |   2.1623 |     56.944 |   2.0979 |     59.071 |     0.4
    6 |   2.0686 |     56.482 |   2.0155 |     57.411 |     0.5
    7 |   1.9918 |     55.768 |   1.9500 |     54.889 |     0.6
    8 |   1.9282 |     54.428 |   1.8953 |     50.492 |     0.7
    9 |   1.8728 |     51.011 |   1.8441 |     49.385 |     0.7
   10 |   1.8208 |     49.506 |   1.7960 |     49.385 |     0.8
   11 |   1.7706 |     49.127 |   1.7512 |     49.385 |     0.9
   12 |   1.7249 |     48.945 |   1.7096 |     49.385 |     1.0
   13 |   1.6836 |     48.698 |   1.6722 |     49.385 |     1.1
   14 |   1.6459 |     48.676 |   1.6388 |     49.385 |     1.2
   15 |   1.6123 |     48.561 |   1.6080 |     49.416 |     1.2
   16 |   1.5821 |     46.918 |   1.5802 |     47.202 |     1.3
   17 |   1.5580 |     46.188 |   1.5573 |     47.202 |     1.4
   18 |   1.5355 |     46.166 |   1.5365 |     47.202 |     1.5
   19 |   1.5166 |     46.160 |   1.5193 |     47.202 |     1.6
   20 |   1.5006 |     46.155 |   1.5045 |     47.202 |     1.6
   21 |   1.4862 |     46.144 |   1.4904 |     47.202 |     1.7
   22 |   1.4731 |     46.155 |   1.4790 |     47.202 |     1.8
   23 |   1.4613 |     46.078 |   1.4680 |     47.202 |     1.9
   24 |   1.4495 |     45.951 |   1.4566 |     47.202 |     2.0
   25 |   1.4392 |     46.094 |   1.4465 |     47.202 |     2.1
   26 |   1.4277 |     45.880 |   1.4368 |     47.202 |     2.1
   27 |   1.4162 |     45.886 |   1.4255 |     46.894 |     2.2
   28 |   1.4061 |     45.858 |   1.4169 |     46.525 |     2.3
   29 |   1.3952 |     45.561 |   1.4095 |     46.740 |     2.4
   30 |   1.3868 |     45.402 |   1.3996 |     46.587 |     2.5
   31 |   1.3749 |     45.248 |   1.3935 |     45.941 |     2.5
   32 |   1.3652 |     44.682 |   1.3858 |     45.080 |     2.6
   33 |   1.3548 |     44.089 |   1.3765 |     45.111 |     2.7
   34 |   1.3453 |     43.452 |   1.3675 |     44.465 |     2.8
   35 |   1.3355 |     43.117 |   1.3612 |     44.065 |     2.9
   36 |   1.3264 |     42.650 |   1.3511 |     43.604 |     3.0
   37 |   1.3166 |     42.386 |   1.3489 |     44.034 |     3.0
   38 |   1.3052 |     42.090 |   1.3363 |     43.358 |     3.1
   39 |   1.2936 |     41.403 |   1.3334 |     43.419 |     3.2
   40 |   1.2841 |     41.628 |   1.3281 |     43.173 |     3.3
   41 |   1.2749 |     41.211 |   1.3184 |     43.050 |     3.4
   42 |   1.2649 |     40.865 |   1.3089 |     42.743 |     3.4
   43 |   1.2563 |     40.793 |   1.3069 |     42.774 |     3.5
   44 |   1.2475 |     40.447 |   1.3007 |     42.804 |     3.6
   45 |   1.2360 |     40.370 |   1.2960 |     42.528 |     3.7
   46 |   1.2272 |     40.008 |   1.2909 |     42.712 |     3.8
   47 |   1.2197 |     39.541 |   1.2838 |     42.466 |     3.9
   48 |   1.2097 |     39.228 |   1.2807 |     42.066 |     3.9
   49 |   1.2030 |     39.024 |   1.2751 |     41.913 |     4.0
   50 |   1.1922 |     38.623 |   1.2702 |     41.482 |     4.1
   51 |   1.1858 |     38.272 |   1.2701 |     41.882 |     4.2
   52 |   1.1805 |     38.365 |   1.2618 |     41.421 |     4.3
   53 |   1.1697 |     37.717 |   1.2558 |     41.113 |     4.3
   54 |   1.1628 |     37.415 |   1.2575 |     41.298 |     4.4
   55 |   1.1511 |     36.860 |   1.2528 |     41.544 |     4.5
   56 |   1.1484 |     36.866 |   1.2476 |     41.144 |     4.6
   57 |   1.1398 |     36.767 |   1.2425 |     40.621 |     4.7
   58 |   1.1337 |     36.558 |   1.2417 |     40.775 |     4.8
   59 |   1.1281 |     36.228 |   1.2368 |     40.437 |     4.8
   60 |   1.1203 |     36.058 |   1.2396 |     40.775 |     4.9
   61 |   1.1131 |     35.981 |   1.2334 |     40.006 |     5.0
   62 |   1.1068 |     35.866 |   1.2301 |     41.236 |     5.1
   63 |   1.0992 |     35.767 |   1.2304 |     40.375 |     5.2
   64 |   1.0948 |     35.360 |   1.2232 |     40.098 |     5.2
   65 |   1.0903 |     35.283 |   1.2182 |     39.668 |     5.3
   66 |   1.0820 |     35.020 |   1.2161 |     40.068 |     5.4
   67 |   1.0776 |     34.888 |   1.2149 |     39.791 |     5.5
   68 |   1.0708 |     34.602 |   1.2156 |     39.699 |     5.6
   69 |   1.0649 |     34.707 |   1.2113 |     39.576 |     5.7
   70 |   1.0552 |     33.927 |   1.2136 |     40.068 |     5.7
   71 |   1.0505 |     33.949 |   1.2039 |     39.514 |     5.8
   72 |   1.0440 |     33.652 |   1.2060 |     39.268 |     5.9
   73 |   1.0384 |     33.657 |   1.1997 |     38.807 |     6.0
   74 |   1.0307 |     33.619 |   1.1980 |     39.176 |     6.1
   75 |   1.0275 |     33.185 |   1.1968 |     38.930 |     6.1
   76 |   1.0200 |     32.982 |   1.1972 |     38.622 |     6.2
   77 |   1.0167 |     33.086 |   1.1942 |     39.053 |     6.3
   78 |   1.0072 |     32.575 |   1.1930 |     39.114 |     6.4
   79 |   1.0028 |     32.531 |   1.1871 |     38.868 |     6.5
   80 |   0.9961 |     32.454 |   1.1940 |     38.930 |     6.6
   81 |   0.9927 |     32.169 |   1.1851 |     38.192 |     6.6
   82 |   0.9876 |     32.092 |   1.1786 |     38.038 |     6.7
   83 |   0.9805 |     31.839 |   1.1819 |     38.438 |     6.8
   84 |   0.9757 |     31.669 |   1.1796 |     37.977 |     6.9
   85 |   0.9700 |     31.608 |   1.1789 |     37.792 |     7.0
   86 |   0.9634 |     31.339 |   1.1838 |     37.884 |     7.1
Early stopping

Model: Seq2Seq Multimodal Bi-LSTM
Source index: <Seq2Seq Index with 45 items>
Target index: <Seq2Seq Index with 34 items>
Encoder embedding dimension: 128
Descriptors dimension: 1136
Decoder embedding dimension: 64
Encoder hidden units: 32
Encoder layers: 4
Decoder hidden units: 128
Decoder layers: 2
Dropout: 0.2
Trainable parameters: 587,938

Training started
X_train.shape: torch.Size([3034, 702])
Y_train.shape: torch.Size([3034, 7])
X_dev.shape: torch.Size([542, 350])
Y_dev.shape: torch.Size([542, 7])
Epochs: 500
Learning rate: 0.001
Weight decay: 0.0001
Epoch | Train                 | Development           | Minutes
      | Loss     | Error Rate | Loss     | Error Rate |
---------------------------------------------------------------
    1 |   2.1858 |     59.685 |   1.5829 |     47.140 |     0.0
    2 |   1.4345 |     44.990 |   1.3694 |     44.342 |     0.0
    3 |   1.3079 |     42.672 |   1.2837 |     42.866 |     0.1
    4 |   1.2260 |     40.436 |   1.2212 |     41.421 |     0.1
    5 |   1.1576 |     38.332 |   1.1564 |     37.638 |     0.1
    6 |   1.0913 |     35.712 |   1.1240 |     36.870 |     0.1
    7 |   1.0382 |     34.328 |   1.0841 |     36.193 |     0.2
    8 |   0.9805 |     32.031 |   1.0436 |     34.563 |     0.2
    9 |   0.9342 |     30.944 |   1.0139 |     33.487 |     0.2
   10 |   0.8838 |     28.977 |   0.9968 |     32.011 |     0.2
   11 |   0.8375 |     27.395 |   0.9865 |     31.335 |     0.2
   12 |   0.7955 |     25.950 |   0.9580 |     29.736 |     0.3
   13 |   0.7578 |     24.780 |   0.9342 |     29.705 |     0.3
   14 |   0.7134 |     23.044 |   0.9364 |     28.967 |     0.3
   15 |   0.6802 |     22.100 |   0.9306 |     29.397 |     0.3
   16 |   0.6472 |     21.001 |   0.9068 |     28.506 |     0.3
   17 |   0.6148 |     19.842 |   0.9087 |     28.229 |     0.4
   18 |   0.5879 |     19.051 |   0.8989 |     28.506 |     0.4
   19 |   0.5553 |     18.013 |   0.9233 |     28.260 |     0.4
   20 |   0.5367 |     17.397 |   0.9170 |     27.891 |     0.4
   21 |   0.5126 |     16.683 |   0.9205 |     27.583 |     0.5
   22 |   0.4932 |     16.233 |   0.8860 |     27.245 |     0.5
   23 |   0.4685 |     15.601 |   0.9150 |     28.260 |     0.5
   24 |   0.4613 |     15.222 |   0.9099 |     26.753 |     0.5
   25 |   0.4530 |     15.326 |   0.9107 |     27.645 |     0.5
   26 |   0.4296 |     14.420 |   0.8940 |     26.753 |     0.6
Early stopping

Model: Seq2Seq Multimodal Bi-LSTM
Source index: <Seq2Seq Index with 45 items>
Target index: <Seq2Seq Index with 34 items>
Encoder embedding dimension: 64
Descriptors dimension: 1136
Decoder embedding dimension: 128
Encoder hidden units: 32
Encoder layers: 4
Decoder hidden units: 128
Decoder layers: 3
Dropout: 0.0
Trainable parameters: 735,714

Training started
X_train.shape: torch.Size([3034, 702])
Y_train.shape: torch.Size([3034, 7])
X_dev.shape: torch.Size([542, 350])
Y_dev.shape: torch.Size([542, 7])
Epochs: 500
Learning rate: 0.0001
Weight decay: 1e-05
Epoch | Train                 | Development           | Minutes
      | Loss     | Error Rate | Loss     | Error Rate |
---------------------------------------------------------------
    1 |   3.2043 |     84.185 |   2.7042 |     83.180 |     0.0
    2 |   2.4228 |     63.382 |   2.1918 |     58.180 |     0.0
    3 |   2.0621 |     55.669 |   1.9685 |     54.490 |     0.1
    4 |   1.8820 |     51.093 |   1.8196 |     49.385 |     0.1
    5 |   1.7473 |     48.638 |   1.7040 |     49.385 |     0.1
    6 |   1.6475 |     48.649 |   1.6186 |     49.385 |     0.1
    7 |   1.5746 |     46.973 |   1.5581 |     47.202 |     0.1
    8 |   1.5225 |     46.155 |   1.5147 |     47.202 |     0.2
    9 |   1.4873 |     46.160 |   1.4876 |     47.202 |     0.2
   10 |   1.4614 |     46.160 |   1.4666 |     47.202 |     0.2
   11 |   1.4415 |     46.160 |   1.4477 |     47.202 |     0.2
   12 |   1.4230 |     46.149 |   1.4324 |     47.171 |     0.3
   13 |   1.4062 |     46.127 |   1.4194 |     47.202 |     0.3
   14 |   1.3904 |     45.875 |   1.3987 |     47.017 |     0.3
   15 |   1.3713 |     45.776 |   1.3855 |     46.679 |     0.3
   16 |   1.3543 |     44.952 |   1.3684 |     46.033 |     0.3
   17 |   1.3388 |     44.551 |   1.3609 |     45.480 |     0.4
   18 |   1.3249 |     44.221 |   1.3471 |     45.449 |     0.4
   19 |   1.3118 |     43.776 |   1.3462 |     45.326 |     0.4
   20 |   1.3004 |     43.677 |   1.3334 |     45.357 |     0.4
   21 |   1.2890 |     43.348 |   1.3284 |     45.203 |     0.4
   22 |   1.2789 |     43.128 |   1.3219 |     44.895 |     0.5
   23 |   1.2687 |     42.743 |   1.3129 |     45.172 |     0.5
   24 |   1.2591 |     42.485 |   1.3122 |     44.711 |     0.5
   25 |   1.2520 |     42.342 |   1.3080 |     44.219 |     0.5
   26 |   1.2443 |     41.881 |   1.3033 |     44.311 |     0.5
   27 |   1.2349 |     41.326 |   1.2967 |     43.942 |     0.6
   28 |   1.2270 |     41.293 |   1.2946 |     43.696 |     0.6
   29 |   1.2185 |     40.766 |   1.2943 |     44.157 |     0.6
   30 |   1.2144 |     41.013 |   1.2883 |     43.542 |     0.6
   31 |   1.2044 |     40.530 |   1.2891 |     43.143 |     0.7
   32 |   1.1954 |     40.156 |   1.2989 |     43.512 |     0.7
   33 |   1.1865 |     39.189 |   1.2753 |     42.405 |     0.7
   34 |   1.1758 |     38.722 |   1.2763 |     42.466 |     0.7
   35 |   1.1668 |     38.316 |   1.2707 |     41.820 |     0.7
   36 |   1.1546 |     38.014 |   1.2652 |     41.605 |     0.8
   37 |   1.1460 |     37.470 |   1.2588 |     41.667 |     0.8
   38 |   1.1325 |     37.420 |   1.2536 |     40.867 |     0.8
   39 |   1.1218 |     36.822 |   1.2431 |     41.359 |     0.8
   40 |   1.1072 |     36.563 |   1.2376 |     41.267 |     0.8
   41 |   1.0947 |     36.327 |   1.2341 |     41.113 |     0.9
   42 |   1.0813 |     35.816 |   1.2245 |     40.590 |     0.9
   43 |   1.0686 |     35.509 |   1.2200 |     40.621 |     0.9
   44 |   1.0558 |     35.130 |   1.2204 |     40.375 |     0.9
   45 |   1.0456 |     34.712 |   1.2177 |     40.375 |     0.9
   46 |   1.0332 |     34.295 |   1.2119 |     39.883 |     1.0
   47 |   1.0207 |     34.053 |   1.2011 |     39.453 |     1.0
   48 |   1.0057 |     33.509 |   1.2047 |     39.606 |     1.0
   49 |   0.9940 |     32.976 |   1.1951 |     39.453 |     1.0
   50 |   0.9801 |     32.586 |   1.1872 |     38.838 |     1.1
   51 |   0.9711 |     31.987 |   1.1849 |     38.253 |     1.1
   52 |   0.9544 |     31.554 |   1.1888 |     37.792 |     1.1
   53 |   0.9449 |     31.015 |   1.1821 |     37.854 |     1.1
   54 |   0.9288 |     30.274 |   1.1649 |     36.777 |     1.1
   55 |   0.9233 |     29.752 |   1.1678 |     37.300 |     1.2
   56 |   0.9060 |     29.219 |   1.1612 |     37.300 |     1.2
   57 |   0.8908 |     28.466 |   1.1566 |     36.900 |     1.2
   58 |   0.8789 |     27.939 |   1.1622 |     36.931 |     1.2
   59 |   0.8680 |     27.791 |   1.1670 |     36.654 |     1.2
   60 |   0.8548 |     26.972 |   1.1523 |     35.855 |     1.3
   61 |   0.8455 |     26.741 |   1.1541 |     35.763 |     1.3
   62 |   0.8311 |     26.241 |   1.1410 |     36.193 |     1.3
   63 |   0.8213 |     25.747 |   1.1530 |     35.855 |     1.3
   64 |   0.8118 |     25.527 |   1.1373 |     35.332 |     1.3
   65 |   0.7980 |     24.885 |   1.1413 |     35.455 |     1.4
   66 |   0.7876 |     24.615 |   1.1409 |     34.840 |     1.4
   67 |   0.7771 |     24.083 |   1.1358 |     34.840 |     1.4
   68 |   0.7663 |     23.808 |   1.1303 |     35.209 |     1.4
   69 |   0.7561 |     23.599 |   1.1288 |     34.779 |     1.4
   70 |   0.7436 |     22.764 |   1.1263 |     34.533 |     1.5
   71 |   0.7345 |     22.748 |   1.1169 |     35.086 |     1.5
   72 |   0.7268 |     22.347 |   1.1259 |     34.410 |     1.5
   73 |   0.7172 |     22.154 |   1.1288 |     34.686 |     1.5
   74 |   0.7073 |     21.611 |   1.1364 |     34.809 |     1.6
   75 |   0.6982 |     21.605 |   1.1271 |     34.102 |     1.6
Early stopping

Model: Seq2Seq Multimodal Bi-LSTM
Source index: <Seq2Seq Index with 45 items>
Target index: <Seq2Seq Index with 34 items>
Encoder embedding dimension: 64
Descriptors dimension: 1136
Decoder embedding dimension: 64
Encoder hidden units: 128
Encoder layers: 3
Decoder hidden units: 64
Decoder layers: 4
Dropout: 0.1
Trainable parameters: 1,811,938

Training started
X_train.shape: torch.Size([3034, 702])
Y_train.shape: torch.Size([3034, 7])
X_dev.shape: torch.Size([542, 350])
Y_dev.shape: torch.Size([542, 7])
Epochs: 500
Learning rate: 0.0001
Weight decay: 0.0001
Epoch | Train                 | Development           | Minutes
      | Loss     | Error Rate | Loss     | Error Rate |
---------------------------------------------------------------
    1 |   3.4222 |     82.399 |   3.1780 |     83.303 |     0.1
    2 |   2.8565 |     81.180 |   2.6648 |     67.681 |     0.1
    3 |   2.5494 |     64.865 |   2.4426 |     59.317 |     0.2
    4 |   2.3608 |     58.883 |   2.2824 |     59.317 |     0.2
    5 |   2.2226 |     57.877 |   2.1590 |     59.317 |     0.3
    6 |   2.1060 |     56.856 |   2.0493 |     54.367 |     0.4
    7 |   2.0012 |     55.576 |   1.9549 |     53.413 |     0.4
    8 |   1.9130 |     51.472 |   1.8788 |     49.416 |     0.5
    9 |   1.8396 |     49.632 |   1.8116 |     49.416 |     0.5
   10 |   1.7751 |     49.033 |   1.7538 |     49.385 |     0.6
   11 |   1.7214 |     48.819 |   1.7050 |     49.385 |     0.7
   12 |   1.6738 |     48.726 |   1.6617 |     49.385 |     0.7
   13 |   1.6329 |     48.621 |   1.6250 |     49.416 |     0.8
   14 |   1.5975 |     47.111 |   1.5926 |     47.202 |     0.8
   15 |   1.5674 |     46.199 |   1.5645 |     47.202 |     0.9
   16 |   1.5413 |     46.160 |   1.5412 |     47.202 |     1.0
   17 |   1.5199 |     46.160 |   1.5226 |     47.202 |     1.0
   18 |   1.5031 |     46.160 |   1.5069 |     47.202 |     1.1
   19 |   1.4888 |     46.160 |   1.4940 |     47.202 |     1.1
   20 |   1.4768 |     46.265 |   1.4832 |     47.202 |     1.2
   21 |   1.4657 |     46.127 |   1.4733 |     47.202 |     1.3
   22 |   1.4553 |     46.193 |   1.4641 |     47.202 |     1.3
   23 |   1.4446 |     46.215 |   1.4547 |     47.202 |     1.4
   24 |   1.4352 |     46.204 |   1.4450 |     47.202 |     1.5
   25 |   1.4249 |     46.138 |   1.4369 |     47.202 |     1.5
   26 |   1.4158 |     46.204 |   1.4287 |     47.171 |     1.6
   27 |   1.4049 |     46.199 |   1.4197 |     47.202 |     1.6
   28 |   1.3934 |     46.237 |   1.4109 |     47.048 |     1.7
   29 |   1.3822 |     45.957 |   1.3967 |     46.863 |     1.8
   30 |   1.3700 |     45.517 |   1.3890 |     46.156 |     1.8
   31 |   1.3589 |     44.886 |   1.3812 |     46.310 |     1.9
   32 |   1.3484 |     44.529 |   1.3697 |     45.203 |     1.9
   33 |   1.3377 |     44.018 |   1.3608 |     45.264 |     2.0
   34 |   1.3286 |     43.979 |   1.3616 |     45.633 |     2.1
   35 |   1.3202 |     43.754 |   1.3461 |     45.080 |     2.1
   36 |   1.3133 |     43.771 |   1.3456 |     45.018 |     2.2
   37 |   1.3036 |     43.331 |   1.3421 |     44.895 |     2.2
   38 |   1.2970 |     43.056 |   1.3370 |     45.418 |     2.3
   39 |   1.2893 |     43.029 |   1.3340 |     44.834 |     2.4
   40 |   1.2822 |     42.974 |   1.3314 |     44.465 |     2.4
   41 |   1.2760 |     42.897 |   1.3229 |     45.295 |     2.5
   42 |   1.2694 |     42.677 |   1.3234 |     44.711 |     2.5
   43 |   1.2633 |     42.562 |   1.3154 |     44.373 |     2.6
   44 |   1.2573 |     42.518 |   1.3130 |     44.649 |     2.7
   45 |   1.2509 |     42.068 |   1.3121 |     44.742 |     2.7
   46 |   1.2469 |     41.985 |   1.3119 |     43.973 |     2.8
   47 |   1.2422 |     41.716 |   1.3084 |     44.219 |     2.8
   48 |   1.2345 |     41.595 |   1.3059 |     44.127 |     2.9
   49 |   1.2316 |     41.634 |   1.3019 |     43.665 |     3.0
   50 |   1.2253 |     41.216 |   1.3034 |     44.373 |     3.0
   51 |   1.2172 |     40.903 |   1.2995 |     44.434 |     3.1
   52 |   1.2150 |     40.991 |   1.2982 |     44.065 |     3.1
   53 |   1.2106 |     40.832 |   1.2956 |     43.973 |     3.2
   54 |   1.2055 |     40.821 |   1.2911 |     43.881 |     3.3
   55 |   1.2003 |     40.628 |   1.2920 |     43.942 |     3.3
   56 |   1.1952 |     40.436 |   1.2897 |     43.635 |     3.4
   57 |   1.1911 |     40.282 |   1.2893 |     43.942 |     3.4
   58 |   1.1855 |     40.260 |   1.2873 |     44.065 |     3.5
   59 |   1.1835 |     40.178 |   1.2854 |     44.127 |     3.6
   60 |   1.1750 |     39.826 |   1.2829 |     43.327 |     3.6
   61 |   1.1717 |     39.662 |   1.2872 |     43.604 |     3.7
   62 |   1.1701 |     39.700 |   1.2817 |     43.389 |     3.7
   63 |   1.1643 |     39.491 |   1.2789 |     42.774 |     3.8
   64 |   1.1597 |     39.403 |   1.2820 |     42.897 |     3.9
   65 |   1.1573 |     39.365 |   1.2840 |     42.958 |     3.9
   66 |   1.1528 |     38.755 |   1.2806 |     42.589 |     4.0
   67 |   1.1479 |     38.931 |   1.2785 |     41.882 |     4.0
   68 |   1.1444 |     38.640 |   1.2766 |     41.697 |     4.1
   69 |   1.1390 |     38.535 |   1.2751 |     42.466 |     4.2
   70 |   1.1346 |     38.601 |   1.2747 |     42.189 |     4.2
   71 |   1.1319 |     38.052 |   1.2734 |     41.943 |     4.3
   72 |   1.1255 |     37.909 |   1.2755 |     42.220 |     4.3
   73 |   1.1228 |     37.904 |   1.2761 |     42.374 |     4.4
   74 |   1.1190 |     37.937 |   1.2712 |     41.943 |     4.5
   75 |   1.1174 |     37.865 |   1.2742 |     42.251 |     4.5
   76 |   1.1121 |     37.624 |   1.2708 |     41.759 |     4.6
   77 |   1.1064 |     37.552 |   1.2766 |     41.697 |     4.6
   78 |   1.1053 |     37.168 |   1.2797 |     41.697 |     4.7
   79 |   1.0999 |     37.047 |   1.2725 |     41.544 |     4.8
   80 |   1.0968 |     36.893 |   1.2675 |     41.236 |     4.8
   81 |   1.0929 |     36.898 |   1.2684 |     41.113 |     4.9
   82 |   1.0929 |     36.860 |   1.2665 |     40.898 |     4.9
   83 |   1.0848 |     36.492 |   1.2693 |     41.298 |     5.0
   84 |   1.0795 |     36.360 |   1.2745 |     40.898 |     5.1
   85 |   1.0776 |     36.245 |   1.2718 |     41.636 |     5.1
   86 |   1.0751 |     36.256 |   1.2632 |     41.113 |     5.2
   87 |   1.0707 |     36.058 |   1.2728 |     41.021 |     5.3
   88 |   1.0685 |     36.036 |   1.2659 |     41.605 |     5.3
   89 |   1.0612 |     35.454 |   1.2643 |     41.205 |     5.4
   90 |   1.0618 |     35.970 |   1.2692 |     41.574 |     5.4
   91 |   1.0565 |     35.701 |   1.2630 |     41.052 |     5.5
   92 |   1.0480 |     35.190 |   1.2696 |     40.898 |     5.6
   93 |   1.0491 |     35.410 |   1.2624 |     41.144 |     5.6
   94 |   1.0439 |     35.355 |   1.2603 |     40.713 |     5.7
   95 |   1.0407 |     34.932 |   1.2719 |     41.421 |     5.7
   96 |   1.0371 |     35.042 |   1.2665 |     41.175 |     5.8
   97 |   1.0358 |     34.943 |   1.2606 |     40.344 |     5.9
   98 |   1.0293 |     34.652 |   1.2706 |     40.806 |     5.9
Early stopping

Model: Seq2Seq Multimodal Bi-LSTM
Source index: <Seq2Seq Index with 45 items>
Target index: <Seq2Seq Index with 34 items>
Encoder embedding dimension: 64
Descriptors dimension: 1136
Decoder embedding dimension: 128
Encoder hidden units: 64
Encoder layers: 3
Decoder hidden units: 64
Decoder layers: 4
Dropout: 0.2
Trainable parameters: 728,482

Training started
X_train.shape: torch.Size([3034, 702])
Y_train.shape: torch.Size([3034, 7])
X_dev.shape: torch.Size([542, 350])
Y_dev.shape: torch.Size([542, 7])
Epochs: 500
Learning rate: 0.001
Weight decay: 1e-05
Epoch | Train                 | Development           | Minutes
      | Loss     | Error Rate | Loss     | Error Rate |
---------------------------------------------------------------
    1 |   2.5950 |     68.326 |   2.0095 |     59.317 |     0.0
    2 |   1.7740 |     50.374 |   1.5855 |     47.202 |     0.1
    3 |   1.5034 |     46.215 |   1.4648 |     47.202 |     0.1
    4 |   1.4349 |     46.248 |   1.4301 |     47.202 |     0.1
    5 |   1.4153 |     46.226 |   1.4188 |     46.986 |     0.1
    6 |   1.4066 |     46.276 |   1.4135 |     47.017 |     0.2
    7 |   1.4003 |     46.199 |   1.4090 |     47.202 |     0.2
    8 |   1.3931 |     46.226 |   1.3990 |     47.202 |     0.2
    9 |   1.3818 |     46.232 |   1.3918 |     47.202 |     0.2
   10 |   1.3691 |     45.787 |   1.3737 |     47.140 |     0.3
   11 |   1.3509 |     45.479 |   1.3590 |     46.218 |     0.3
   12 |   1.3398 |     45.567 |   1.3431 |     45.818 |     0.3
   13 |   1.3311 |     45.457 |   1.3323 |     45.633 |     0.3
   14 |   1.3172 |     45.166 |   1.3216 |     45.603 |     0.4
   15 |   1.3062 |     45.012 |   1.3158 |     46.279 |     0.4
   16 |   1.2980 |     44.946 |   1.3065 |     45.510 |     0.4
   17 |   1.2862 |     44.617 |   1.2939 |     44.957 |     0.4
   18 |   1.2763 |     44.243 |   1.2990 |     45.111 |     0.5
   19 |   1.2721 |     44.034 |   1.2885 |     44.434 |     0.5
   20 |   1.2624 |     43.639 |   1.2736 |     44.034 |     0.5
   21 |   1.2499 |     43.551 |   1.2614 |     44.219 |     0.5
   22 |   1.2380 |     43.199 |   1.2622 |     43.727 |     0.6
   23 |   1.2322 |     43.155 |   1.2497 |     43.419 |     0.6
   24 |   1.2143 |     42.128 |   1.2278 |     42.343 |     0.6
   25 |   1.1974 |     41.354 |   1.2271 |     43.020 |     0.6
   26 |   1.1820 |     40.678 |   1.2113 |     42.558 |     0.7
   27 |   1.1684 |     40.436 |   1.2046 |     41.943 |     0.7
   28 |   1.1533 |     39.848 |   1.1865 |     41.175 |     0.7
   29 |   1.1457 |     39.618 |   1.1764 |     40.621 |     0.7
   30 |   1.1242 |     38.492 |   1.1631 |     40.529 |     0.8
   31 |   1.1215 |     38.426 |   1.1562 |     39.883 |     0.8
   32 |   1.1034 |     37.728 |   1.1405 |     39.176 |     0.8
   33 |   1.0900 |     36.860 |   1.1438 |     38.776 |     0.8
   34 |   1.0736 |     36.800 |   1.1413 |     38.868 |     0.9
   35 |   1.0667 |     36.393 |   1.1326 |     38.807 |     0.9
   36 |   1.0550 |     35.965 |   1.1150 |     37.515 |     0.9
   37 |   1.0345 |     35.113 |   1.1022 |     36.716 |     0.9
   38 |   1.0312 |     35.113 |   1.1117 |     36.993 |     1.0
   39 |   1.0190 |     34.542 |   1.1059 |     37.269 |     1.0
   40 |   1.0105 |     34.201 |   1.0740 |     35.517 |     1.0
   41 |   0.9962 |     33.454 |   1.0812 |     35.670 |     1.0
   42 |   0.9890 |     33.185 |   1.0780 |     36.747 |     1.1
   43 |   0.9842 |     33.317 |   1.0767 |     35.978 |     1.1
   44 |   0.9702 |     32.531 |   1.0747 |     35.732 |     1.1
   45 |   0.9590 |     32.081 |   1.0709 |     35.732 |     1.1
   46 |   0.9508 |     31.823 |   1.0419 |     34.379 |     1.2
   47 |   0.9422 |     31.834 |   1.0495 |     34.871 |     1.2
   48 |   0.9401 |     31.548 |   1.0508 |     35.271 |     1.2
   49 |   0.9243 |     31.174 |   1.0419 |     35.394 |     1.2
   50 |   0.9098 |     30.334 |   1.0482 |     34.932 |     1.3
   51 |   0.9156 |     31.021 |   1.0249 |     34.010 |     1.3
   52 |   0.9091 |     30.565 |   1.0440 |     34.686 |     1.3
   53 |   0.8951 |     29.867 |   1.0188 |     33.395 |     1.3
   54 |   0.8842 |     29.521 |   1.0230 |     33.702 |     1.4
   55 |   0.8856 |     29.658 |   1.0103 |     33.333 |     1.4
   56 |   0.8820 |     29.422 |   1.0097 |     33.641 |     1.4
   57 |   0.8654 |     29.032 |   1.0170 |     33.333 |     1.4
   58 |   0.8621 |     28.785 |   1.0259 |     33.764 |     1.5
   59 |   0.8522 |     28.351 |   1.0132 |     33.241 |     1.5
   60 |   0.8438 |     28.208 |   1.0159 |     33.426 |     1.5
   61 |   0.8402 |     28.027 |   1.0077 |     32.872 |     1.5
   62 |   0.8343 |     28.181 |   1.0205 |     33.087 |     1.6
   63 |   0.8272 |     27.796 |   1.0162 |     34.225 |     1.6
   64 |   0.8248 |     27.615 |   0.9893 |     32.442 |     1.6
   65 |   0.8198 |     27.681 |   0.9889 |     32.472 |     1.6
   66 |   0.8038 |     26.708 |   1.0124 |     32.349 |     1.7
   67 |   0.7972 |     26.851 |   0.9802 |     32.134 |     1.7
   68 |   0.7957 |     26.774 |   0.9803 |     32.011 |     1.7
   69 |   0.7909 |     26.642 |   0.9897 |     31.704 |     1.7
   70 |   0.7862 |     26.335 |   0.9748 |     31.980 |     1.8
   71 |   0.7709 |     25.764 |   0.9744 |     31.611 |     1.8
   72 |   0.7663 |     25.835 |   0.9709 |     31.212 |     1.8
   73 |   0.7695 |     25.736 |   0.9816 |     30.812 |     1.8
   74 |   0.7584 |     25.357 |   0.9712 |     31.273 |     1.9
   75 |   0.7505 |     25.308 |   0.9583 |     30.781 |     1.9
   76 |   0.7573 |     25.148 |   0.9632 |     30.320 |     1.9
   77 |   0.7475 |     24.940 |   0.9626 |     31.058 |     1.9
   78 |   0.7434 |     24.566 |   0.9793 |     29.859 |     2.0
   79 |   0.7434 |     24.692 |   0.9716 |     31.488 |     2.0
Early stopping

Model: Seq2Seq Multimodal Bi-LSTM
Source index: <Seq2Seq Index with 45 items>
Target index: <Seq2Seq Index with 34 items>
Encoder embedding dimension: 64
Descriptors dimension: 1136
Decoder embedding dimension: 128
Encoder hidden units: 128
Encoder layers: 3
Decoder hidden units: 64
Decoder layers: 2
Dropout: 0.0
Trainable parameters: 1,763,938

Training started
X_train.shape: torch.Size([3034, 702])
Y_train.shape: torch.Size([3034, 7])
X_dev.shape: torch.Size([542, 350])
Y_dev.shape: torch.Size([542, 7])
Epochs: 500
Learning rate: 0.0001
Weight decay: 0.0001
Epoch | Train                 | Development           | Minutes
      | Loss     | Error Rate | Loss     | Error Rate |
---------------------------------------------------------------
    1 |   3.2319 |     82.559 |   2.8591 |     68.973 |     0.1
    2 |   2.6484 |     66.419 |   2.5001 |     61.501 |     0.1
    3 |   2.3900 |     59.080 |   2.3123 |     59.071 |     0.2
    4 |   2.2352 |     58.476 |   2.1883 |     58.948 |     0.2
    5 |   2.1230 |     57.735 |   2.0904 |     59.071 |     0.3
    6 |   2.0290 |     56.152 |   2.0062 |     52.645 |     0.3
    7 |   1.9468 |     50.791 |   1.9264 |     51.261 |     0.4
    8 |   1.8731 |     49.099 |   1.8549 |     49.508 |     0.5
    9 |   1.8071 |     48.698 |   1.7932 |     49.170 |     0.5
   10 |   1.7464 |     48.374 |   1.7396 |     49.139 |     0.6
   11 |   1.6932 |     48.215 |   1.6869 |     49.139 |     0.6
   12 |   1.6440 |     48.242 |   1.6396 |     49.077 |     0.7
   13 |   1.5989 |     48.165 |   1.5987 |     48.862 |     0.8
   14 |   1.5588 |     46.105 |   1.5652 |     47.140 |     0.8
   15 |   1.5221 |     45.721 |   1.5297 |     46.802 |     0.9
   16 |   1.4912 |     45.611 |   1.5029 |     46.710 |     0.9
   17 |   1.4642 |     45.397 |   1.4786 |     46.525 |     1.0
   18 |   1.4391 |     44.682 |   1.4573 |     46.002 |     1.0
   19 |   1.4162 |     44.029 |   1.4398 |     44.834 |     1.1
   20 |   1.3952 |     42.787 |   1.4272 |     44.403 |     1.2
   21 |   1.3755 |     42.287 |   1.4069 |     44.250 |     1.2
   22 |   1.3562 |     41.809 |   1.3936 |     43.973 |     1.3
   23 |   1.3380 |     41.573 |   1.3784 |     43.727 |     1.3
   24 |   1.3201 |     41.112 |   1.3650 |     42.835 |     1.4
   25 |   1.3028 |     40.090 |   1.3562 |     42.220 |     1.4
   26 |   1.2863 |     39.409 |   1.3372 |     41.697 |     1.5
   27 |   1.2672 |     38.711 |   1.3223 |     41.205 |     1.6
   28 |   1.2502 |     38.178 |   1.3097 |     41.052 |     1.6
   29 |   1.2326 |     37.558 |   1.2982 |     40.344 |     1.7
   30 |   1.2136 |     36.959 |   1.2869 |     40.221 |     1.7
   31 |   1.1986 |     36.519 |   1.2756 |     40.652 |     1.8
   32 |   1.1813 |     35.932 |   1.2617 |     40.283 |     1.8
   33 |   1.1643 |     35.602 |   1.2502 |     40.037 |     1.9
   34 |   1.1470 |     35.223 |   1.2396 |     39.637 |     2.0
   35 |   1.1316 |     34.613 |   1.2318 |     39.114 |     2.0
   36 |   1.1148 |     34.185 |   1.2251 |     39.483 |     2.1
   37 |   1.0997 |     33.718 |   1.2119 |     39.145 |     2.1
   38 |   1.0838 |     33.256 |   1.1983 |     38.161 |     2.2
   39 |   1.0669 |     32.746 |   1.1951 |     38.161 |     2.2
   40 |   1.0506 |     32.086 |   1.1824 |     37.546 |     2.3
   41 |   1.0374 |     31.773 |   1.1762 |     37.946 |     2.3
   42 |   1.0218 |     31.163 |   1.1635 |     37.638 |     2.4
   43 |   1.0075 |     30.647 |   1.1588 |     37.485 |     2.5
   44 |   0.9940 |     30.202 |   1.1442 |     36.685 |     2.5
   45 |   0.9810 |     29.785 |   1.1396 |     36.685 |     2.6
   46 |   0.9660 |     29.268 |   1.1385 |     36.193 |     2.6
   47 |   0.9528 |     28.615 |   1.1357 |     36.162 |     2.7
   48 |   0.9409 |     28.137 |   1.1215 |     35.640 |     2.7
   49 |   0.9272 |     27.664 |   1.1211 |     35.732 |     2.8
   50 |   0.9151 |     27.472 |   1.1114 |     35.732 |     2.9
   51 |   0.9049 |     27.011 |   1.1115 |     35.547 |     2.9
   52 |   0.8908 |     26.780 |   1.1039 |     35.178 |     3.0
   53 |   0.8785 |     26.176 |   1.0972 |     35.086 |     3.0
   54 |   0.8646 |     25.648 |   1.1014 |     35.240 |     3.1
   55 |   0.8569 |     25.555 |   1.0970 |     35.117 |     3.1
   56 |   0.8433 |     25.000 |   1.0805 |     34.809 |     3.2
   57 |   0.8329 |     24.731 |   1.0898 |     34.932 |     3.3
   58 |   0.8223 |     24.319 |   1.0873 |     34.809 |     3.3
   59 |   0.8136 |     24.000 |   1.0832 |     34.410 |     3.4
   60 |   0.8010 |     23.824 |   1.0793 |     34.287 |     3.4
   61 |   0.7899 |     23.325 |   1.0789 |     34.625 |     3.5
   62 |   0.7812 |     23.121 |   1.0725 |     34.133 |     3.5
   63 |   0.7712 |     22.759 |   1.0761 |     33.887 |     3.6
   64 |   0.7640 |     22.819 |   1.0657 |     34.010 |     3.7
   65 |   0.7529 |     22.242 |   1.0660 |     33.918 |     3.7
   66 |   0.7443 |     22.034 |   1.0582 |     33.241 |     3.8
   67 |   0.7373 |     21.814 |   1.0636 |     33.641 |     3.8
   68 |   0.7275 |     21.429 |   1.0667 |     32.964 |     3.9
   69 |   0.7158 |     21.067 |   1.0524 |     33.087 |     3.9
   70 |   0.7072 |     20.792 |   1.0559 |     33.426 |     4.0
   71 |   0.7025 |     20.776 |   1.0488 |     32.934 |     4.1
   72 |   0.6917 |     20.303 |   1.0580 |     32.534 |     4.1
   73 |   0.6850 |     20.166 |   1.0481 |     32.503 |     4.2
   74 |   0.6734 |     19.765 |   1.0469 |     32.841 |     4.2
   75 |   0.6659 |     19.413 |   1.0459 |     32.472 |     4.3
   76 |   0.6605 |     19.232 |   1.0484 |     32.257 |     4.3
   77 |   0.6551 |     19.309 |   1.0378 |     31.980 |     4.4
   78 |   0.6452 |     18.738 |   1.0470 |     32.411 |     4.5
   79 |   0.6389 |     18.661 |   1.0421 |     31.765 |     4.5
   80 |   0.6299 |     18.425 |   1.0511 |     31.919 |     4.6
   81 |   0.6223 |     18.040 |   1.0387 |     31.427 |     4.6
Early stopping

Model: Seq2Seq Multimodal Bi-LSTM
Source index: <Seq2Seq Index with 45 items>
Target index: <Seq2Seq Index with 34 items>
Encoder embedding dimension: 128
Descriptors dimension: 1136
Decoder embedding dimension: 64
Encoder hidden units: 128
Encoder layers: 2
Decoder hidden units: 128
Decoder layers: 4
Dropout: 0.1
Trainable parameters: 1,655,074

Training started
X_train.shape: torch.Size([3034, 702])
Y_train.shape: torch.Size([3034, 7])
X_dev.shape: torch.Size([542, 350])
Y_dev.shape: torch.Size([542, 7])
Epochs: 500
Learning rate: 0.001
Weight decay: 1e-05
Epoch | Train                 | Development           | Minutes
      | Loss     | Error Rate | Loss     | Error Rate |
---------------------------------------------------------------
    1 |   2.3004 |     63.464 |   1.7025 |     49.385 |     0.0
    2 |   1.5121 |     46.358 |   1.4446 |     47.202 |     0.1
    3 |   1.4203 |     46.352 |   1.4209 |     47.202 |     0.1
    4 |   1.4103 |     46.347 |   1.4092 |     47.017 |     0.2
    5 |   1.3983 |     46.155 |   1.4081 |     47.202 |     0.2
    6 |   1.3959 |     46.254 |   1.4051 |     47.048 |     0.3
    7 |   1.3937 |     46.248 |   1.4063 |     46.894 |     0.3
    8 |   1.3922 |     45.875 |   1.3956 |     46.617 |     0.3
    9 |   1.3747 |     45.067 |   1.3837 |     46.002 |     0.4
   10 |   1.3561 |     44.699 |   1.3598 |     45.510 |     0.4
   11 |   1.3407 |     44.397 |   1.3539 |     45.849 |     0.5
   12 |   1.3310 |     44.292 |   1.3463 |     45.049 |     0.5
   13 |   1.3210 |     44.018 |   1.3249 |     44.926 |     0.5
   14 |   1.3064 |     43.699 |   1.3205 |     44.680 |     0.6
   15 |   1.2963 |     43.155 |   1.3083 |     44.280 |     0.6
   16 |   1.2839 |     43.056 |   1.3043 |     44.373 |     0.7
   17 |   1.2737 |     42.925 |   1.2946 |     43.911 |     0.7
   18 |   1.2576 |     42.458 |   1.2881 |     43.481 |     0.8
   19 |   1.2489 |     42.156 |   1.2892 |     44.157 |     0.8
   20 |   1.2330 |     41.332 |   1.2918 |     43.512 |     0.8
   21 |   1.2195 |     41.255 |   1.2762 |     43.696 |     0.9
   22 |   1.2008 |     40.848 |   1.2688 |     43.665 |     0.9
   23 |   1.1929 |     40.387 |   1.2494 |     42.220 |     1.0
   24 |   1.1820 |     40.359 |   1.2325 |     41.544 |     1.0
   25 |   1.1649 |     39.431 |   1.2345 |     42.804 |     1.0
   26 |   1.1561 |     39.283 |   1.2194 |     41.236 |     1.1
   27 |   1.1390 |     38.805 |   1.2128 |     40.929 |     1.1
   28 |   1.1290 |     38.448 |   1.2009 |     41.328 |     1.2
   29 |   1.1110 |     37.948 |   1.2043 |     41.021 |     1.2
   30 |   1.0995 |     37.190 |   1.1814 |     39.975 |     1.3
   31 |   1.0813 |     36.459 |   1.1914 |     40.037 |     1.3
   32 |   1.0714 |     36.492 |   1.1853 |     39.391 |     1.3
   33 |   1.0679 |     36.074 |   1.1778 |     38.776 |     1.4
   34 |   1.0442 |     35.338 |   1.1709 |     39.453 |     1.4
   35 |   1.0366 |     35.069 |   1.1909 |     39.606 |     1.5
   36 |   1.0237 |     34.657 |   1.1467 |     38.346 |     1.5
   37 |   1.0114 |     34.025 |   1.1597 |     38.315 |     1.5
   38 |   0.9878 |     33.454 |   1.1631 |     38.407 |     1.6
   39 |   0.9741 |     33.300 |   1.1388 |     38.038 |     1.6
   40 |   0.9662 |     32.905 |   1.1587 |     38.530 |     1.7
   41 |   0.9552 |     32.152 |   1.1338 |     37.946 |     1.7
   42 |   0.9410 |     32.251 |   1.1374 |     37.146 |     1.8
   43 |   0.9321 |     31.845 |   1.1547 |     38.161 |     1.8
   44 |   0.9215 |     31.746 |   1.1340 |     36.654 |     1.8
   45 |   0.9051 |     30.806 |   1.1393 |     37.454 |     1.9
   46 |   0.9091 |     31.043 |   1.1334 |     37.884 |     1.9
   47 |   0.8937 |     30.817 |   1.1220 |     36.900 |     2.0
   48 |   0.8714 |     29.658 |   1.1475 |     36.870 |     2.0
   49 |   0.8642 |     29.713 |   1.1289 |     36.378 |     2.0
   50 |   0.8500 |     29.235 |   1.1231 |     35.609 |     2.1
   51 |   0.8379 |     28.653 |   1.1417 |     37.239 |     2.1
Early stopping

Model: Seq2Seq Multimodal Bi-LSTM
Source index: <Seq2Seq Index with 45 items>
Target index: <Seq2Seq Index with 34 items>
Encoder embedding dimension: 128
Descriptors dimension: 1136
Decoder embedding dimension: 64
Encoder hidden units: 32
Encoder layers: 2
Decoder hidden units: 64
Decoder layers: 3
Dropout: 0.0
Trainable parameters: 269,794

Training started
X_train.shape: torch.Size([3034, 702])
Y_train.shape: torch.Size([3034, 7])
X_dev.shape: torch.Size([542, 350])
Y_dev.shape: torch.Size([542, 7])
Epochs: 500
Learning rate: 0.001
Weight decay: 1e-05
Epoch | Train                 | Development           | Minutes
      | Loss     | Error Rate | Loss     | Error Rate |
---------------------------------------------------------------
    1 |   2.5102 |     66.447 |   1.9545 |     49.938 |     0.0
    2 |   1.7063 |     47.852 |   1.5499 |     47.109 |     0.0
    3 |   1.4647 |     45.886 |   1.4323 |     47.140 |     0.0
    4 |   1.4002 |     45.688 |   1.3954 |     46.279 |     0.1
    5 |   1.3677 |     45.237 |   1.3703 |     46.556 |     0.1
    6 |   1.3349 |     44.622 |   1.3342 |     44.403 |     0.1
    7 |   1.2952 |     42.612 |   1.2979 |     43.450 |     0.1
    8 |   1.2634 |     41.837 |   1.2817 |     43.050 |     0.1
    9 |   1.2359 |     41.062 |   1.2716 |     43.173 |     0.1
   10 |   1.2100 |     40.123 |   1.2450 |     42.220 |     0.1
   11 |   1.1829 |     39.475 |   1.2336 |     41.974 |     0.1
   12 |   1.1560 |     38.711 |   1.2265 |     41.082 |     0.2
   13 |   1.1293 |     37.690 |   1.2029 |     40.098 |     0.2
   14 |   1.1050 |     36.800 |   1.1890 |     40.375 |     0.2
   15 |   1.0810 |     36.267 |   1.1717 |     39.268 |     0.2
   16 |   1.0496 |     34.838 |   1.1761 |     40.160 |     0.2
   17 |   1.0261 |     34.251 |   1.1709 |     39.207 |     0.2
   18 |   1.0046 |     33.712 |   1.1475 |     38.499 |     0.2
   19 |   0.9805 |     32.811 |   1.1659 |     38.930 |     0.2
   20 |   0.9612 |     32.218 |   1.1536 |     37.823 |     0.3
   21 |   0.9315 |     30.817 |   1.1361 |     37.423 |     0.3
   22 |   0.9032 |     29.927 |   1.1286 |     38.100 |     0.3
   23 |   0.8808 |     29.351 |   1.1266 |     35.394 |     0.3
   24 |   0.8600 |     27.884 |   1.1110 |     35.486 |     0.3
   25 |   0.8384 |     27.258 |   1.1094 |     35.240 |     0.3
   26 |   0.8127 |     26.324 |   1.1076 |     33.948 |     0.3
   27 |   0.7859 |     25.341 |   1.1187 |     35.178 |     0.3
   28 |   0.7670 |     24.379 |   1.1020 |     33.918 |     0.4
   29 |   0.7426 |     23.594 |   1.1012 |     33.948 |     0.4
   30 |   0.7245 |     23.077 |   1.1093 |     34.102 |     0.4
   31 |   0.7057 |     22.528 |   1.1061 |     33.364 |     0.4
   32 |   0.6811 |     21.748 |   1.0955 |     33.180 |     0.4
   33 |   0.6580 |     21.056 |   1.0953 |     32.780 |     0.4
   34 |   0.6395 |     20.369 |   1.0980 |     32.503 |     0.4
   35 |   0.6217 |     19.930 |   1.0994 |     32.288 |     0.4
   36 |   0.6049 |     19.183 |   1.1098 |     32.288 |     0.5
   37 |   0.5966 |     18.782 |   1.1059 |     32.288 |     0.5
Early stopping

Model: Seq2Seq Multimodal Bi-LSTM
Source index: <Seq2Seq Index with 45 items>
Target index: <Seq2Seq Index with 34 items>
Encoder embedding dimension: 128
Descriptors dimension: 1136
Decoder embedding dimension: 64
Encoder hidden units: 64
Encoder layers: 4
Decoder hidden units: 128
Decoder layers: 2
Dropout: 0.2
Trainable parameters: 1,128,738

Training started
X_train.shape: torch.Size([3034, 702])
Y_train.shape: torch.Size([3034, 7])
X_dev.shape: torch.Size([542, 350])
Y_dev.shape: torch.Size([542, 7])
Epochs: 500
Learning rate: 0.0001
Weight decay: 1e-05
Epoch | Train                 | Development           | Minutes
      | Loss     | Error Rate | Loss     | Error Rate |
---------------------------------------------------------------
    1 |   3.0768 |     82.108 |   2.5543 |     65.590 |     0.0
    2 |   2.3163 |     58.833 |   2.1383 |     58.825 |     0.1
    3 |   2.0274 |     55.762 |   1.9244 |     52.122 |     0.1
    4 |   1.8479 |     49.599 |   1.7810 |     49.293 |     0.1
    5 |   1.7110 |     48.583 |   1.6647 |     49.262 |     0.2
    6 |   1.6092 |     48.495 |   1.5804 |     49.416 |     0.2
    7 |   1.5341 |     46.633 |   1.5168 |     47.048 |     0.3
    8 |   1.4779 |     45.940 |   1.4697 |     47.109 |     0.3
    9 |   1.4359 |     45.842 |   1.4360 |     47.140 |     0.3
   10 |   1.4032 |     45.364 |   1.4094 |     46.894 |     0.4
   11 |   1.3758 |     45.100 |   1.3903 |     45.910 |     0.4
   12 |   1.3530 |     44.314 |   1.3720 |     46.156 |     0.4
   13 |   1.3334 |     43.501 |   1.3563 |     44.988 |     0.5
   14 |   1.3145 |     42.897 |   1.3424 |     43.081 |     0.5
   15 |   1.2981 |     42.057 |   1.3311 |     42.866 |     0.5
   16 |   1.2795 |     41.238 |   1.3171 |     42.466 |     0.6
   17 |   1.2654 |     40.497 |   1.3047 |     42.435 |     0.6
   18 |   1.2484 |     39.706 |   1.2952 |     41.021 |     0.7
   19 |   1.2322 |     38.926 |   1.2816 |     40.683 |     0.7
   20 |   1.2154 |     38.321 |   1.2677 |     40.744 |     0.7
   21 |   1.2004 |     37.492 |   1.2584 |     40.252 |     0.8
   22 |   1.1833 |     37.442 |   1.2461 |     40.437 |     0.8
   23 |   1.1642 |     36.942 |   1.2297 |     39.822 |     0.8
   24 |   1.1448 |     35.998 |   1.2193 |     39.422 |     0.9
   25 |   1.1275 |     35.613 |   1.2096 |     39.114 |     0.9
   26 |   1.1110 |     35.042 |   1.1992 |     38.899 |     0.9
   27 |   1.0938 |     34.421 |   1.1807 |     38.161 |     1.0
   28 |   1.0768 |     33.800 |   1.1739 |     37.608 |     1.0
   29 |   1.0589 |     33.196 |   1.1638 |     37.423 |     1.0
   30 |   1.0434 |     32.724 |   1.1549 |     37.485 |     1.1
   31 |   1.0307 |     32.213 |   1.1444 |     36.747 |     1.1
   32 |   1.0128 |     31.713 |   1.1318 |     36.531 |     1.2
   33 |   1.0014 |     31.559 |   1.1240 |     36.255 |     1.2
   34 |   0.9861 |     31.180 |   1.1208 |     36.009 |     1.2
   35 |   0.9714 |     30.576 |   1.1080 |     35.855 |     1.3
   36 |   0.9591 |     30.296 |   1.1037 |     35.886 |     1.3
   37 |   0.9431 |     29.702 |   1.0899 |     35.947 |     1.3
   38 |   0.9295 |     29.230 |   1.0832 |     35.148 |     1.4
   39 |   0.9157 |     28.895 |   1.0746 |     35.332 |     1.4
   40 |   0.9071 |     28.554 |   1.0708 |     34.594 |     1.4
   41 |   0.8906 |     27.900 |   1.0633 |     34.410 |     1.5
   42 |   0.8793 |     27.434 |   1.0518 |     33.549 |     1.5
   43 |   0.8642 |     27.076 |   1.0519 |     34.194 |     1.6
   44 |   0.8529 |     26.857 |   1.0457 |     33.333 |     1.6
   45 |   0.8439 |     26.494 |   1.0411 |     33.641 |     1.6
   46 |   0.8316 |     26.093 |   1.0325 |     33.026 |     1.7
   47 |   0.8158 |     25.330 |   1.0322 |     33.241 |     1.7
   48 |   0.8060 |     25.121 |   1.0243 |     32.811 |     1.7
   49 |   0.7963 |     24.907 |   1.0159 |     32.780 |     1.8
   50 |   0.7854 |     24.429 |   1.0112 |     32.534 |     1.8
   51 |   0.7717 |     23.995 |   1.0091 |     32.380 |     1.8
   52 |   0.7618 |     23.671 |   1.0048 |     32.196 |     1.9
   53 |   0.7488 |     23.127 |   1.0036 |     32.011 |     1.9
   54 |   0.7397 |     22.929 |   0.9925 |     31.765 |     1.9
   55 |   0.7272 |     22.369 |   0.9944 |     31.458 |     2.0
   56 |   0.7180 |     22.198 |   0.9995 |     31.550 |     2.0
   57 |   0.7061 |     21.803 |   0.9916 |     31.027 |     2.1
   58 |   0.6949 |     21.644 |   0.9834 |     31.181 |     2.1
   59 |   0.6910 |     21.385 |   0.9790 |     31.273 |     2.1
   60 |   0.6776 |     20.682 |   0.9748 |     30.443 |     2.2
   61 |   0.6714 |     20.677 |   0.9594 |     29.766 |     2.2
   62 |   0.6582 |     20.073 |   0.9686 |     29.797 |     2.2
   63 |   0.6536 |     19.902 |   0.9636 |     29.613 |     2.3
   64 |   0.6424 |     19.666 |   0.9599 |     29.367 |     2.3
   65 |   0.6375 |     19.490 |   0.9658 |     29.551 |     2.3
   66 |   0.6245 |     19.424 |   0.9563 |     29.613 |     2.4
   67 |   0.6210 |     18.880 |   0.9537 |     29.213 |     2.4
   68 |   0.6075 |     18.501 |   0.9655 |     29.520 |     2.4
   69 |   0.5990 |     18.265 |   0.9585 |     29.151 |     2.5
   70 |   0.5919 |     17.881 |   0.9690 |     29.182 |     2.5
   71 |   0.5870 |     18.139 |   0.9590 |     28.567 |     2.6
   72 |   0.5780 |     17.551 |   0.9535 |     29.059 |     2.6
   73 |   0.5709 |     17.392 |   0.9466 |     28.536 |     2.6
   74 |   0.5592 |     16.853 |   0.9580 |     28.167 |     2.7
   75 |   0.5506 |     16.628 |   0.9539 |     28.321 |     2.7
   76 |   0.5473 |     16.738 |   0.9634 |     28.383 |     2.7
   77 |   0.5425 |     16.540 |   0.9548 |     28.598 |     2.8
Early stopping

Model: Seq2Seq Multimodal Bi-LSTM
Source index: <Seq2Seq Index with 45 items>
Target index: <Seq2Seq Index with 34 items>
Encoder embedding dimension: 128
Descriptors dimension: 1136
Decoder embedding dimension: 128
Encoder hidden units: 32
Encoder layers: 3
Decoder hidden units: 64
Decoder layers: 2
Dropout: 0.0
Trainable parameters: 329,858

Training started
X_train.shape: torch.Size([3034, 702])
Y_train.shape: torch.Size([3034, 7])
X_dev.shape: torch.Size([542, 350])
Y_dev.shape: torch.Size([542, 7])
Epochs: 500
Learning rate: 0.0001
Weight decay: 0.0001
Epoch | Train                 | Development           | Minutes
      | Loss     | Error Rate | Loss     | Error Rate |
---------------------------------------------------------------
    1 |   3.3874 |     87.047 |   3.0993 |     69.311 |     0.0
    2 |   2.6824 |     66.612 |   2.4267 |     59.994 |     0.0
    3 |   2.2890 |     58.850 |   2.1824 |     58.026 |     0.0
    4 |   2.0854 |     54.109 |   2.0198 |     50.800 |     0.1
    5 |   1.9492 |     49.550 |   1.9052 |     49.877 |     0.1
    6 |   1.8440 |     48.676 |   1.8114 |     49.231 |     0.1
    7 |   1.7579 |     48.374 |   1.7357 |     49.477 |     0.1
    8 |   1.6839 |     48.220 |   1.6667 |     49.016 |     0.1
    9 |   1.6221 |     48.220 |   1.6131 |     49.047 |     0.1
   10 |   1.5741 |     48.176 |   1.5697 |     48.493 |     0.2
   11 |   1.5316 |     45.754 |   1.5331 |     46.863 |     0.2
   12 |   1.4969 |     45.666 |   1.5027 |     46.802 |     0.2
   13 |   1.4690 |     45.545 |   1.4781 |     46.771 |     0.2
   14 |   1.4428 |     45.303 |   1.4545 |     46.617 |     0.2
   15 |   1.4213 |     45.056 |   1.4387 |     46.341 |     0.2
   16 |   1.4035 |     44.699 |   1.4185 |     46.279 |     0.3
   17 |   1.3836 |     44.452 |   1.4058 |     46.095 |     0.3
   18 |   1.3673 |     43.683 |   1.3922 |     46.095 |     0.3
   19 |   1.3511 |     43.760 |   1.3834 |     45.572 |     0.3
   20 |   1.3387 |     42.628 |   1.3689 |     44.680 |     0.3
   21 |   1.3220 |     42.425 |   1.3596 |     43.358 |     0.3
   22 |   1.3080 |     41.722 |   1.3463 |     43.604 |     0.4
   23 |   1.2941 |     41.128 |   1.3369 |     42.958 |     0.4
   24 |   1.2808 |     40.650 |   1.3292 |     42.497 |     0.4
   25 |   1.2693 |     40.260 |   1.3201 |     42.343 |     0.4
   26 |   1.2571 |     40.041 |   1.3090 |     42.189 |     0.4
   27 |   1.2461 |     39.640 |   1.3044 |     42.312 |     0.4
   28 |   1.2337 |     39.299 |   1.2942 |     41.359 |     0.5
   29 |   1.2225 |     38.926 |   1.2890 |     41.144 |     0.5
   30 |   1.2114 |     38.546 |   1.2813 |     41.144 |     0.5
   31 |   1.2020 |     38.113 |   1.2781 |     41.052 |     0.5
   32 |   1.1906 |     37.646 |   1.2641 |     40.836 |     0.5
   33 |   1.1803 |     37.514 |   1.2611 |     40.252 |     0.5
   34 |   1.1701 |     36.855 |   1.2559 |     39.975 |     0.6
   35 |   1.1594 |     36.574 |   1.2443 |     40.098 |     0.6
   36 |   1.1497 |     36.031 |   1.2427 |     40.068 |     0.6
   37 |   1.1398 |     35.783 |   1.2388 |     39.330 |     0.6
   38 |   1.1289 |     35.300 |   1.2287 |     39.237 |     0.6
   39 |   1.1199 |     35.047 |   1.2161 |     38.838 |     0.6
   40 |   1.1098 |     34.888 |   1.2117 |     39.299 |     0.7
   41 |   1.1000 |     34.503 |   1.2123 |     38.776 |     0.7
   42 |   1.0916 |     34.421 |   1.2025 |     38.838 |     0.7
   43 |   1.0797 |     33.839 |   1.1938 |     38.899 |     0.7
   44 |   1.0700 |     33.592 |   1.1897 |     38.807 |     0.7
   45 |   1.0599 |     33.443 |   1.1884 |     38.499 |     0.7
   46 |   1.0496 |     33.059 |   1.1833 |     38.315 |     0.8
   47 |   1.0406 |     32.751 |   1.1778 |     38.007 |     0.8
   48 |   1.0312 |     32.421 |   1.1731 |     38.130 |     0.8
   49 |   1.0211 |     31.894 |   1.1640 |     38.130 |     0.8
   50 |   1.0106 |     31.724 |   1.1558 |     37.454 |     0.8
   51 |   1.0006 |     31.152 |   1.1455 |     37.392 |     0.8
   52 |   0.9906 |     30.669 |   1.1457 |     37.208 |     0.9
   53 |   0.9818 |     30.339 |   1.1378 |     36.870 |     0.9
   54 |   0.9709 |     29.895 |   1.1427 |     36.562 |     0.9
   55 |   0.9626 |     29.933 |   1.1304 |     36.408 |     0.9
   56 |   0.9539 |     29.395 |   1.1255 |     36.132 |     0.9
   57 |   0.9444 |     28.983 |   1.1260 |     36.255 |     0.9
   58 |   0.9354 |     28.862 |   1.1240 |     36.224 |     1.0
   59 |   0.9249 |     28.373 |   1.1143 |     35.824 |     1.0
   60 |   0.9191 |     28.400 |   1.1074 |     36.347 |     1.0
   61 |   0.9089 |     27.829 |   1.1097 |     35.763 |     1.0
   62 |   0.9004 |     27.565 |   1.1010 |     35.609 |     1.0
   63 |   0.8911 |     27.521 |   1.1000 |     36.009 |     1.0
   64 |   0.8825 |     27.082 |   1.0962 |     35.763 |     1.1
   65 |   0.8747 |     26.923 |   1.0887 |     35.117 |     1.1
   66 |   0.8654 |     26.648 |   1.0862 |     35.609 |     1.1
   67 |   0.8573 |     26.346 |   1.0787 |     35.055 |     1.1
   68 |   0.8482 |     26.093 |   1.0836 |     34.410 |     1.1
   69 |   0.8429 |     25.747 |   1.0754 |     34.440 |     1.1
   70 |   0.8333 |     25.428 |   1.0777 |     34.594 |     1.1
   71 |   0.8259 |     25.104 |   1.0634 |     34.348 |     1.2
   72 |   0.8178 |     24.973 |   1.0670 |     34.287 |     1.2
   73 |   0.8111 |     24.841 |   1.0672 |     34.133 |     1.2
   74 |   0.8032 |     24.324 |   1.0573 |     34.194 |     1.2
   75 |   0.7962 |     24.187 |   1.0570 |     33.702 |     1.2
   76 |   0.7892 |     23.973 |   1.0630 |     33.979 |     1.2
   77 |   0.7823 |     23.566 |   1.0561 |     33.303 |     1.3
   78 |   0.7758 |     23.330 |   1.0579 |     33.303 |     1.3
   79 |   0.7690 |     22.935 |   1.0510 |     33.395 |     1.3
   80 |   0.7614 |     22.819 |   1.0449 |     32.934 |     1.3
   81 |   0.7557 |     22.616 |   1.0538 |     32.565 |     1.3
   82 |   0.7498 |     22.286 |   1.0473 |     32.811 |     1.3
   83 |   0.7432 |     21.995 |   1.0454 |     32.626 |     1.4
   84 |   0.7367 |     21.995 |   1.0435 |     32.626 |     1.4
   85 |   0.7293 |     21.528 |   1.0466 |     32.657 |     1.4
   86 |   0.7228 |     21.374 |   1.0367 |     32.411 |     1.4
   87 |   0.7180 |     21.319 |   1.0436 |     32.226 |     1.4
   88 |   0.7147 |     21.122 |   1.0394 |     31.919 |     1.4
   89 |   0.7064 |     20.633 |   1.0418 |     31.796 |     1.5
   90 |   0.7011 |     20.561 |   1.0323 |     31.857 |     1.5
   91 |   0.6939 |     20.292 |   1.0345 |     31.734 |     1.5
   92 |   0.6887 |     20.248 |   1.0335 |     31.427 |     1.5
   93 |   0.6848 |     20.122 |   1.0370 |     32.165 |     1.5
   94 |   0.6777 |     19.842 |   1.0336 |     31.642 |     1.5
Early stopping

Model: Seq2Seq Multimodal Bi-LSTM
Source index: <Seq2Seq Index with 45 items>
Target index: <Seq2Seq Index with 34 items>
Encoder embedding dimension: 128
Descriptors dimension: 1136
Decoder embedding dimension: 128
Encoder hidden units: 128
Encoder layers: 4
Decoder hidden units: 64
Decoder layers: 4
Dropout: 0.1
Trainable parameters: 2,587,170

Training started
X_train.shape: torch.Size([3034, 702])
Y_train.shape: torch.Size([3034, 7])
X_dev.shape: torch.Size([542, 350])
Y_dev.shape: torch.Size([542, 7])
Epochs: 500
Learning rate: 0.001
Weight decay: 0.0001
Epoch | Train                 | Development           | Minutes
      | Loss     | Error Rate | Loss     | Error Rate |
---------------------------------------------------------------
    1 |   2.6020 |     67.123 |   2.0618 |     58.333 |     0.1
    2 |   1.8149 |     50.687 |   1.6231 |     47.202 |     0.2
    3 |   1.5232 |     46.182 |   1.4770 |     47.202 |     0.2
    4 |   1.4473 |     46.210 |   1.4426 |     47.048 |     0.3
    5 |   1.4223 |     46.319 |   1.4288 |     47.202 |     0.4
    6 |   1.4136 |     46.396 |   1.4173 |     47.202 |     0.5
    7 |   1.4043 |     46.270 |   1.4138 |     47.202 |     0.6
    8 |   1.4002 |     46.248 |   1.4088 |     47.202 |     0.7
    9 |   1.3924 |     46.204 |   1.3975 |     46.925 |     0.7
   10 |   1.3835 |     46.100 |   1.3906 |     46.802 |     0.8
   11 |   1.3741 |     45.539 |   1.3777 |     46.248 |     0.9
   12 |   1.3609 |     44.924 |   1.3674 |     46.002 |     1.0
   13 |   1.3455 |     44.748 |   1.3570 |     45.879 |     1.1
   14 |   1.3391 |     44.715 |   1.3534 |     46.033 |     1.1
   15 |   1.3369 |     44.633 |   1.3460 |     45.787 |     1.2
   16 |   1.3286 |     44.595 |   1.3442 |     45.603 |     1.3
   17 |   1.3196 |     44.501 |   1.3365 |     45.203 |     1.4
   18 |   1.3202 |     44.265 |   1.3345 |     45.695 |     1.5
   19 |   1.3091 |     44.408 |   1.3313 |     45.387 |     1.5
   20 |   1.3071 |     44.194 |   1.3318 |     45.910 |     1.6
   21 |   1.3023 |     44.216 |   1.3364 |     45.633 |     1.7
   22 |   1.3062 |     44.144 |   1.3229 |     46.033 |     1.8
   23 |   1.3042 |     43.848 |   1.3165 |     44.803 |     1.9
   24 |   1.2901 |     43.540 |   1.3150 |     44.834 |     2.0
   25 |   1.2843 |     43.249 |   1.3049 |     44.065 |     2.0
   26 |   1.2744 |     42.826 |   1.3067 |     44.188 |     2.1
   27 |   1.2693 |     42.683 |   1.3005 |     44.342 |     2.2
   28 |   1.2639 |     42.617 |   1.2909 |     43.573 |     2.3
   29 |   1.2628 |     42.579 |   1.3046 |     44.157 |     2.4
   30 |   1.2582 |     42.623 |   1.2868 |     43.696 |     2.4
   31 |   1.2484 |     42.150 |   1.2890 |     43.850 |     2.5
   32 |   1.2419 |     41.831 |   1.2979 |     43.942 |     2.6
   33 |   1.2366 |     41.678 |   1.2719 |     43.081 |     2.7
   34 |   1.2302 |     41.469 |   1.2753 |     43.942 |     2.8
   35 |   1.2220 |     41.238 |   1.2787 |     42.681 |     2.9
   36 |   1.2221 |     41.255 |   1.2727 |     42.989 |     2.9
   37 |   1.2141 |     40.953 |   1.2652 |     43.204 |     3.0
   38 |   1.2074 |     40.755 |   1.2762 |     43.204 |     3.1
   39 |   1.2289 |     41.469 |   1.2936 |     43.020 |     3.2
   40 |   1.2113 |     40.870 |   1.2598 |     42.220 |     3.3
   41 |   1.2024 |     40.513 |   1.2580 |     42.343 |     3.3
   42 |   1.1942 |     40.387 |   1.2528 |     41.882 |     3.4
   43 |   1.1888 |     40.376 |   1.2634 |     42.804 |     3.5
   44 |   1.1750 |     39.991 |   1.2651 |     43.327 |     3.6
   45 |   1.1716 |     39.744 |   1.2510 |     42.989 |     3.7
   46 |   1.1642 |     39.788 |   1.2486 |     41.574 |     3.8
   47 |   1.1665 |     39.755 |   1.2395 |     41.021 |     3.8
   48 |   1.1593 |     39.475 |   1.2245 |     41.851 |     3.9
   49 |   1.1550 |     39.310 |   1.2144 |     41.667 |     4.0
   50 |   1.1479 |     39.222 |   1.2518 |     42.036 |     4.1
   51 |   1.1620 |     39.277 |   1.2361 |     41.605 |     4.2
   52 |   1.1506 |     39.002 |   1.2333 |     41.790 |     4.3
   53 |   1.1564 |     39.041 |   1.2306 |     41.697 |     4.3
Early stopping

Model: Seq2Seq Multimodal Bi-LSTM
Source index: <Seq2Seq Index with 45 items>
Target index: <Seq2Seq Index with 34 items>
Encoder embedding dimension: 64
Descriptors dimension: 1136
Decoder embedding dimension: 128
Encoder hidden units: 32
Encoder layers: 4
Decoder hidden units: 64
Decoder layers: 4
Dropout: 0.1
Trainable parameters: 453,986

Training started
X_train.shape: torch.Size([3034, 702])
Y_train.shape: torch.Size([3034, 7])
X_dev.shape: torch.Size([542, 350])
Y_dev.shape: torch.Size([542, 7])
Epochs: 500
Learning rate: 0.001
Weight decay: 1e-05
Epoch | Train                 | Development           | Minutes
      | Loss     | Error Rate | Loss     | Error Rate |
---------------------------------------------------------------
    1 |   2.6276 |     71.006 |   2.0841 |     59.317 |     0.0
    2 |   1.8498 |     52.175 |   1.6531 |     47.202 |     0.0
    3 |   1.5353 |     46.237 |   1.4932 |     47.202 |     0.1
    4 |   1.4498 |     46.149 |   1.4440 |     47.202 |     0.1
    5 |   1.4237 |     46.083 |   1.4290 |     47.202 |     0.1
    6 |   1.4108 |     46.347 |   1.4175 |     47.202 |     0.1
    7 |   1.4012 |     46.105 |   1.4088 |     47.017 |     0.2
    8 |   1.3926 |     46.045 |   1.4014 |     47.202 |     0.2
    9 |   1.3791 |     46.083 |   1.3930 |     47.202 |     0.2
   10 |   1.3627 |     46.017 |   1.3676 |     47.079 |     0.2
   11 |   1.3447 |     45.314 |   1.3514 |     45.541 |     0.2
   12 |   1.3197 |     44.320 |   1.3316 |     44.588 |     0.3
   13 |   1.2920 |     43.392 |   1.3109 |     44.157 |     0.3
   14 |   1.2663 |     42.837 |   1.2856 |     44.065 |     0.3
   15 |   1.2469 |     42.425 |   1.2724 |     43.419 |     0.3
   16 |   1.2307 |     41.480 |   1.2689 |     42.743 |     0.4
   17 |   1.2118 |     40.612 |   1.2482 |     42.343 |     0.4
   18 |   1.1936 |     39.975 |   1.2405 |     42.066 |     0.4
   19 |   1.1756 |     39.475 |   1.2358 |     41.790 |     0.4
   20 |   1.1579 |     39.052 |   1.2268 |     41.451 |     0.4
   21 |   1.1408 |     38.382 |   1.2137 |     40.621 |     0.5
   22 |   1.1233 |     37.739 |   1.1994 |     40.160 |     0.5
   23 |   1.1118 |     37.393 |   1.1952 |     40.344 |     0.5
   24 |   1.0954 |     36.860 |   1.1865 |     39.606 |     0.5
   25 |   1.0732 |     36.201 |   1.1893 |     40.314 |     0.6
   26 |   1.0632 |     35.899 |   1.1663 |     38.807 |     0.6
   27 |   1.0470 |     35.272 |   1.1457 |     39.176 |     0.6
   28 |   1.0374 |     35.168 |   1.1383 |     37.546 |     0.6
   29 |   1.0150 |     34.113 |   1.1337 |     38.069 |     0.6
   30 |   1.0013 |     33.756 |   1.1236 |     37.977 |     0.7
   31 |   0.9878 |     33.311 |   1.1337 |     37.884 |     0.7
   32 |   0.9726 |     32.702 |   1.1233 |     37.085 |     0.7
   33 |   0.9543 |     32.020 |   1.1142 |     36.654 |     0.7
   34 |   0.9514 |     32.119 |   1.1119 |     36.654 |     0.8
   35 |   0.9356 |     31.554 |   1.1015 |     36.624 |     0.8
   36 |   0.9271 |     31.136 |   1.1080 |     36.501 |     0.8
   37 |   0.9205 |     30.905 |   1.0884 |     36.962 |     0.8
   38 |   0.8974 |     30.230 |   1.0809 |     36.070 |     0.8
   39 |   0.8856 |     29.450 |   1.0642 |     35.178 |     0.9
   40 |   0.8687 |     28.719 |   1.1004 |     35.547 |     0.9
   41 |   0.8604 |     28.681 |   1.0903 |     34.686 |     0.9
   42 |   0.8489 |     28.148 |   1.0629 |     34.287 |     0.9
   43 |   0.8413 |     28.230 |   1.0847 |     34.594 |     0.9
   44 |   0.8279 |     27.549 |   1.0599 |     35.332 |     1.0
   45 |   0.8138 |     27.093 |   1.0759 |     34.963 |     1.0
   46 |   0.8097 |     26.840 |   1.0728 |     34.287 |     1.0
   47 |   0.7940 |     26.247 |   1.0689 |     34.471 |     1.0
   48 |   0.7807 |     25.791 |   1.0869 |     33.856 |     1.1
   49 |   0.7776 |     25.505 |   1.0568 |     34.317 |     1.1
   50 |   0.7672 |     25.280 |   1.0579 |     32.872 |     1.1
   51 |   0.7574 |     25.060 |   1.0701 |     34.010 |     1.1
   52 |   0.7386 |     24.225 |   1.0567 |     33.333 |     1.1
   53 |   0.7368 |     24.165 |   1.0553 |     33.610 |     1.2
   54 |   0.7243 |     23.621 |   1.0562 |     32.319 |     1.2
   55 |   0.7176 |     23.616 |   1.0427 |     32.442 |     1.2
   56 |   0.6974 |     23.039 |   1.0319 |     31.857 |     1.2
   57 |   0.6918 |     22.907 |   1.0350 |     32.288 |     1.3
   58 |   0.6830 |     22.402 |   1.0232 |     31.550 |     1.3
   59 |   0.6766 |     22.292 |   1.0751 |     31.950 |     1.3
   60 |   0.6704 |     21.902 |   1.0338 |     32.319 |     1.3
   61 |   0.6682 |     22.023 |   1.0362 |     31.365 |     1.3
   62 |   0.6596 |     21.907 |   1.0411 |     32.042 |     1.4
Early stopping

Model: Seq2Seq Multimodal Bi-LSTM
Source index: <Seq2Seq Index with 45 items>
Target index: <Seq2Seq Index with 34 items>
Encoder embedding dimension: 64
Descriptors dimension: 1136
Decoder embedding dimension: 64
Encoder hidden units: 32
Encoder layers: 4
Decoder hidden units: 128
Decoder layers: 4
Dropout: 0.2
Trainable parameters: 832,866

Training started
X_train.shape: torch.Size([3034, 702])
Y_train.shape: torch.Size([3034, 7])
X_dev.shape: torch.Size([542, 350])
Y_dev.shape: torch.Size([542, 7])
Epochs: 500
Learning rate: 0.0001
Weight decay: 1e-05
Epoch | Train                 | Development           | Minutes
      | Loss     | Error Rate | Loss     | Error Rate |
---------------------------------------------------------------
    1 |   3.2294 |     85.580 |   2.7521 |     83.333 |     0.0
    2 |   2.5384 |     67.952 |   2.2956 |     59.317 |     0.0
    3 |   2.1594 |     57.301 |   2.0283 |     59.317 |     0.1
    4 |   1.9587 |     53.884 |   1.8803 |     49.385 |     0.1
    5 |   1.8243 |     49.478 |   1.7684 |     49.385 |     0.1
    6 |   1.7192 |     48.852 |   1.6777 |     49.385 |     0.1
    7 |   1.6330 |     48.358 |   1.6050 |     47.202 |     0.2
    8 |   1.5681 |     46.325 |   1.5522 |     47.202 |     0.2
    9 |   1.5226 |     46.155 |   1.5158 |     47.202 |     0.2
   10 |   1.4919 |     46.144 |   1.4907 |     47.202 |     0.2
   11 |   1.4703 |     46.160 |   1.4722 |     47.202 |     0.3
   12 |   1.4548 |     46.215 |   1.4586 |     47.202 |     0.3
   13 |   1.4435 |     46.149 |   1.4500 |     47.202 |     0.3
   14 |   1.4342 |     46.149 |   1.4427 |     47.202 |     0.3
   15 |   1.4276 |     46.232 |   1.4373 |     47.202 |     0.4
   16 |   1.4230 |     46.133 |   1.4321 |     47.202 |     0.4
   17 |   1.4185 |     46.122 |   1.4280 |     47.202 |     0.4
   18 |   1.4144 |     46.149 |   1.4253 |     47.202 |     0.4
   19 |   1.4113 |     46.171 |   1.4212 |     47.202 |     0.4
   20 |   1.4079 |     46.210 |   1.4184 |     47.232 |     0.5
   21 |   1.4037 |     46.122 |   1.4153 |     47.202 |     0.5
   22 |   1.3989 |     46.259 |   1.4095 |     47.202 |     0.5
   23 |   1.3906 |     46.177 |   1.4007 |     47.232 |     0.5
   24 |   1.3832 |     46.149 |   1.3939 |     47.202 |     0.6
   25 |   1.3726 |     46.215 |   1.3850 |     47.202 |     0.6
   26 |   1.3647 |     45.940 |   1.3758 |     47.140 |     0.6
   27 |   1.3573 |     45.638 |   1.3708 |     46.002 |     0.6
   28 |   1.3492 |     45.424 |   1.3667 |     46.464 |     0.7
   29 |   1.3435 |     45.105 |   1.3639 |     46.402 |     0.7
   30 |   1.3374 |     45.215 |   1.3573 |     46.125 |     0.7
   31 |   1.3329 |     45.045 |   1.3576 |     46.125 |     0.7
   32 |   1.3257 |     45.007 |   1.3510 |     46.248 |     0.7
   33 |   1.3218 |     44.908 |   1.3501 |     46.002 |     0.8
   34 |   1.3164 |     44.902 |   1.3416 |     45.941 |     0.8
   35 |   1.3132 |     44.803 |   1.3422 |     45.910 |     0.8
   36 |   1.3060 |     44.732 |   1.3383 |     45.972 |     0.8
   37 |   1.3021 |     44.644 |   1.3366 |     45.603 |     0.9
   38 |   1.2962 |     44.260 |   1.3321 |     45.510 |     0.9
   39 |   1.2915 |     44.205 |   1.3260 |     45.234 |     0.9
   40 |   1.2871 |     43.869 |   1.3250 |     45.418 |     0.9
   41 |   1.2833 |     43.820 |   1.3215 |     45.049 |     0.9
   42 |   1.2769 |     43.479 |   1.3185 |     45.018 |     1.0
   43 |   1.2707 |     43.578 |   1.3139 |     45.172 |     1.0
   44 |   1.2660 |     43.265 |   1.3074 |     45.141 |     1.0
   45 |   1.2592 |     42.897 |   1.3031 |     44.865 |     1.0
   46 |   1.2537 |     42.842 |   1.3002 |     44.957 |     1.1
   47 |   1.2468 |     42.452 |   1.2937 |     43.942 |     1.1
   48 |   1.2406 |     42.112 |   1.2930 |     44.742 |     1.1
   49 |   1.2343 |     41.958 |   1.2865 |     44.496 |     1.1
   50 |   1.2237 |     41.656 |   1.2824 |     43.573 |     1.2
   51 |   1.2181 |     41.463 |   1.2751 |     43.911 |     1.2
   52 |   1.2102 |     41.277 |   1.2668 |     43.389 |     1.2
   53 |   1.2021 |     40.958 |   1.2634 |     43.296 |     1.2
   54 |   1.1943 |     40.617 |   1.2566 |     42.897 |     1.2
   55 |   1.1852 |     40.617 |   1.2511 |     42.620 |     1.3
   56 |   1.1799 |     40.134 |   1.2499 |     42.835 |     1.3
   57 |   1.1687 |     39.524 |   1.2466 |     42.282 |     1.3
   58 |   1.1633 |     39.354 |   1.2403 |     42.097 |     1.3
   59 |   1.1524 |     38.980 |   1.2323 |     42.066 |     1.4
   60 |   1.1453 |     38.618 |   1.2304 |     41.298 |     1.4
   61 |   1.1368 |     37.843 |   1.2289 |     40.959 |     1.4
   62 |   1.1283 |     37.585 |   1.2193 |     40.775 |     1.4
   63 |   1.1199 |     37.025 |   1.2145 |     40.252 |     1.4
   64 |   1.1100 |     36.393 |   1.2167 |     40.406 |     1.5
   65 |   1.1013 |     35.937 |   1.2116 |     40.006 |     1.5
   66 |   1.0931 |     35.877 |   1.2028 |     40.037 |     1.5
   67 |   1.0839 |     35.454 |   1.1966 |     39.483 |     1.5
   68 |   1.0739 |     35.069 |   1.1928 |     39.514 |     1.6
   69 |   1.0613 |     34.383 |   1.1862 |     39.483 |     1.6
   70 |   1.0536 |     34.218 |   1.1852 |     38.715 |     1.6
   71 |   1.0475 |     34.168 |   1.1797 |     39.053 |     1.6
   72 |   1.0373 |     33.707 |   1.1781 |     38.684 |     1.7
   73 |   1.0258 |     33.240 |   1.1777 |     38.499 |     1.7
   74 |   1.0176 |     32.773 |   1.1759 |     39.360 |     1.7
   75 |   1.0097 |     32.883 |   1.1753 |     38.469 |     1.7
   76 |   0.9997 |     32.235 |   1.1696 |     38.223 |     1.7
   77 |   0.9952 |     32.020 |   1.1681 |     37.792 |     1.8
   78 |   0.9887 |     31.927 |   1.1646 |     37.700 |     1.8
   79 |   0.9817 |     31.729 |   1.1604 |     37.177 |     1.8
   80 |   0.9675 |     31.378 |   1.1556 |     37.423 |     1.8
   81 |   0.9671 |     31.109 |   1.1616 |     37.331 |     1.9
   82 |   0.9588 |     31.076 |   1.1582 |     37.608 |     1.9
   83 |   0.9489 |     30.768 |   1.1517 |     37.023 |     1.9
   84 |   0.9420 |     30.504 |   1.1536 |     36.931 |     1.9
   85 |   0.9394 |     30.318 |   1.1544 |     37.116 |     1.9
   86 |   0.9296 |     29.735 |   1.1492 |     36.531 |     2.0
   87 |   0.9227 |     29.774 |   1.1442 |     36.747 |     2.0
   88 |   0.9170 |     29.548 |   1.1457 |     36.654 |     2.0
   89 |   0.9135 |     29.466 |   1.1439 |     36.255 |     2.0
   90 |   0.9087 |     29.120 |   1.1433 |     36.470 |     2.1
   91 |   0.8993 |     29.109 |   1.1378 |     35.978 |     2.1
   92 |   0.8898 |     28.713 |   1.1431 |     36.255 |     2.1
   93 |   0.8900 |     28.999 |   1.1409 |     36.101 |     2.1
   94 |   0.8842 |     28.763 |   1.1394 |     36.101 |     2.1
   95 |   0.8736 |     28.043 |   1.1328 |     36.101 |     2.2
   96 |   0.8696 |     28.038 |   1.1340 |     35.732 |     2.2
   97 |   0.8663 |     27.950 |   1.1369 |     36.285 |     2.2
   98 |   0.8588 |     27.966 |   1.1358 |     35.886 |     2.2
   99 |   0.8501 |     27.565 |   1.1294 |     35.732 |     2.3
  100 |   0.8439 |     27.137 |   1.1356 |     35.947 |     2.3
  101 |   0.8385 |     27.022 |   1.1380 |     36.347 |     2.3
  102 |   0.8362 |     27.022 |   1.1424 |     36.255 |     2.3
  103 |   0.8276 |     26.994 |   1.1378 |     35.547 |     2.3
Early stopping

Model: Seq2Seq Multimodal Bi-LSTM
Source index: <Seq2Seq Index with 45 items>
Target index: <Seq2Seq Index with 34 items>
Encoder embedding dimension: 64
Descriptors dimension: 1136
Decoder embedding dimension: 128
Encoder hidden units: 128
Encoder layers: 3
Decoder hidden units: 64
Decoder layers: 4
Dropout: 0.1
Trainable parameters: 1,830,498

Training started
X_train.shape: torch.Size([3034, 702])
Y_train.shape: torch.Size([3034, 7])
X_dev.shape: torch.Size([542, 350])
Y_dev.shape: torch.Size([542, 7])
Epochs: 500
Learning rate: 0.0001
Weight decay: 1e-05
Epoch | Train                 | Development           | Minutes
      | Loss     | Error Rate | Loss     | Error Rate |
---------------------------------------------------------------
    1 |   3.4506 |     90.953 |   3.1385 |     82.903 |     0.1
    2 |   2.8431 |     82.894 |   2.6861 |     82.903 |     0.1
    3 |   2.5671 |     67.463 |   2.4444 |     59.963 |     0.2
    4 |   2.3494 |     58.734 |   2.2624 |     59.317 |     0.2
    5 |   2.2060 |     57.647 |   2.1485 |     59.317 |     0.3
    6 |   2.1090 |     56.702 |   2.0649 |     54.367 |     0.4
    7 |   2.0327 |     56.032 |   1.9971 |     54.367 |     0.4
    8 |   1.9657 |     55.394 |   1.9326 |     54.367 |     0.5
    9 |   1.9003 |     53.378 |   1.8708 |     49.416 |     0.5
   10 |   1.8384 |     49.808 |   1.8121 |     49.385 |     0.6
   11 |   1.7787 |     48.813 |   1.7563 |     49.416 |     0.7
   12 |   1.7217 |     48.687 |   1.7046 |     49.416 |     0.7
   13 |   1.6727 |     48.643 |   1.6605 |     49.385 |     0.8
   14 |   1.6321 |     48.336 |   1.6245 |     47.202 |     0.9
   15 |   1.5987 |     46.424 |   1.5953 |     47.232 |     0.9
   16 |   1.5707 |     46.160 |   1.5691 |     47.202 |     1.0
   17 |   1.5470 |     46.160 |   1.5481 |     47.202 |     1.0
   18 |   1.5280 |     46.160 |   1.5307 |     47.202 |     1.1
   19 |   1.5119 |     46.160 |   1.5158 |     47.202 |     1.2
   20 |   1.4974 |     46.171 |   1.5021 |     47.202 |     1.2
   21 |   1.4837 |     46.149 |   1.4902 |     47.202 |     1.3
   22 |   1.4729 |     46.199 |   1.4799 |     47.202 |     1.3
   23 |   1.4637 |     46.204 |   1.4719 |     47.202 |     1.4
   24 |   1.4553 |     46.166 |   1.4642 |     47.202 |     1.5
   25 |   1.4473 |     46.160 |   1.4577 |     47.202 |     1.5
   26 |   1.4409 |     46.210 |   1.4518 |     47.202 |     1.6
   27 |   1.4333 |     46.034 |   1.4446 |     47.202 |     1.7
   28 |   1.4266 |     46.182 |   1.4387 |     47.202 |     1.7
   29 |   1.4192 |     46.155 |   1.4320 |     47.202 |     1.8
   30 |   1.4122 |     46.177 |   1.4248 |     47.202 |     1.8
   31 |   1.4040 |     46.193 |   1.4188 |     47.202 |     1.9
   32 |   1.3970 |     46.232 |   1.4143 |     47.202 |     2.0
   33 |   1.3893 |     45.995 |   1.4072 |     46.648 |     2.0
   34 |   1.3817 |     45.457 |   1.4000 |     45.879 |     2.1
   35 |   1.3736 |     45.100 |   1.3948 |     45.756 |     2.1
   36 |   1.3658 |     44.979 |   1.3899 |     45.972 |     2.2
   37 |   1.3578 |     44.792 |   1.3851 |     45.910 |     2.3
   38 |   1.3497 |     44.721 |   1.3796 |     45.972 |     2.3
   39 |   1.3402 |     44.672 |   1.3766 |     45.849 |     2.4
   40 |   1.3321 |     44.298 |   1.3671 |     46.218 |     2.4
   41 |   1.3225 |     44.161 |   1.3642 |     45.695 |     2.5
   42 |   1.3166 |     44.045 |   1.3669 |     46.064 |     2.6
   43 |   1.3088 |     43.793 |   1.3559 |     45.818 |     2.6
   44 |   1.3031 |     43.705 |   1.3529 |     45.695 |     2.7
   45 |   1.2933 |     43.446 |   1.3456 |     45.756 |     2.7
   46 |   1.2852 |     43.260 |   1.3481 |     45.726 |     2.8
   47 |   1.2784 |     43.018 |   1.3404 |     45.633 |     2.9
   48 |   1.2727 |     42.958 |   1.3374 |     45.510 |     2.9
   49 |   1.2643 |     42.903 |   1.3313 |     45.295 |     3.0
   50 |   1.2587 |     42.699 |   1.3261 |     44.711 |     3.1
   51 |   1.2517 |     42.485 |   1.3228 |     44.557 |     3.1
   52 |   1.2436 |     42.183 |   1.3187 |     44.865 |     3.2
   53 |   1.2370 |     41.875 |   1.3184 |     45.049 |     3.2
   54 |   1.2301 |     41.842 |   1.3142 |     44.711 |     3.3
   55 |   1.2238 |     41.700 |   1.3111 |     45.049 |     3.4
   56 |   1.2193 |     41.639 |   1.3138 |     44.711 |     3.4
   57 |   1.2107 |     40.848 |   1.3070 |     44.926 |     3.5
   58 |   1.2069 |     41.310 |   1.3038 |     44.649 |     3.5
   59 |   1.1984 |     40.848 |   1.3034 |     44.619 |     3.6
   60 |   1.1936 |     40.777 |   1.3058 |     44.034 |     3.7
   61 |   1.1907 |     40.590 |   1.3042 |     43.942 |     3.7
   62 |   1.1840 |     40.398 |   1.2966 |     44.034 |     3.8
   63 |   1.1772 |     40.288 |   1.2976 |     43.819 |     3.8
   64 |   1.1766 |     40.090 |   1.3059 |     44.496 |     3.9
   65 |   1.1694 |     40.024 |   1.2989 |     43.942 |     4.0
   66 |   1.1640 |     40.085 |   1.2986 |     43.881 |     4.0
   67 |   1.1603 |     39.645 |   1.2960 |     44.250 |     4.1
   68 |   1.1570 |     39.782 |   1.2972 |     43.573 |     4.1
   69 |   1.1473 |     39.436 |   1.2988 |     43.911 |     4.2
   70 |   1.1452 |     39.541 |   1.2984 |     43.788 |     4.3
   71 |   1.1410 |     39.008 |   1.2953 |     43.573 |     4.3
   72 |   1.1359 |     38.969 |   1.2926 |     44.373 |     4.4
   73 |   1.1327 |     38.931 |   1.2978 |     42.989 |     4.5
   74 |   1.1291 |     38.893 |   1.2947 |     43.235 |     4.5
   75 |   1.1238 |     38.772 |   1.2907 |     43.296 |     4.6
   76 |   1.1220 |     38.788 |   1.2942 |     43.512 |     4.6
   77 |   1.1176 |     38.360 |   1.2911 |     43.235 |     4.7
   78 |   1.1096 |     38.299 |   1.2978 |     43.512 |     4.8
   79 |   1.1084 |     38.052 |   1.2883 |     43.235 |     4.8
   80 |   1.1033 |     37.975 |   1.2889 |     43.542 |     4.9
   81 |   1.0993 |     37.997 |   1.2911 |     43.112 |     4.9
   82 |   1.0964 |     37.904 |   1.2901 |     43.389 |     5.0
   83 |   1.0932 |     37.728 |   1.2938 |     43.389 |     5.1
Early stopping

Model: Seq2Seq Multimodal Bi-LSTM
Source index: <Seq2Seq Index with 45 items>
Target index: <Seq2Seq Index with 34 items>
Encoder embedding dimension: 128
Descriptors dimension: 1136
Decoder embedding dimension: 64
Encoder hidden units: 32
Encoder layers: 3
Decoder hidden units: 128
Decoder layers: 4
Dropout: 0.2
Trainable parameters: 767,106

Training started
X_train.shape: torch.Size([3034, 702])
Y_train.shape: torch.Size([3034, 7])
X_dev.shape: torch.Size([542, 350])
Y_dev.shape: torch.Size([542, 7])
Epochs: 500
Learning rate: 0.0001
Weight decay: 0.0001
Epoch | Train                 | Development           | Minutes
      | Loss     | Error Rate | Loss     | Error Rate |
---------------------------------------------------------------
    1 |   3.3106 |     88.706 |   2.7872 |     83.272 |     0.0
    2 |   2.5615 |     70.693 |   2.3108 |     59.317 |     0.0
    3 |   2.1560 |     56.806 |   2.0234 |     58.979 |     0.1
    4 |   1.9575 |     53.933 |   1.8781 |     49.416 |     0.1
    5 |   1.8330 |     49.593 |   1.7764 |     49.416 |     0.1
    6 |   1.7341 |     48.901 |   1.6905 |     49.385 |     0.1
    7 |   1.6475 |     48.676 |   1.6148 |     49.385 |     0.1
    8 |   1.5775 |     47.083 |   1.5549 |     47.202 |     0.2
    9 |   1.5258 |     46.155 |   1.5141 |     47.202 |     0.2
   10 |   1.4922 |     46.149 |   1.4878 |     47.202 |     0.2
   11 |   1.4694 |     46.166 |   1.4693 |     47.202 |     0.2
   12 |   1.4542 |     46.177 |   1.4574 |     47.202 |     0.2
   13 |   1.4418 |     46.166 |   1.4480 |     47.017 |     0.2
   14 |   1.4332 |     46.352 |   1.4399 |     47.202 |     0.3
   15 |   1.4268 |     46.122 |   1.4349 |     47.202 |     0.3
   16 |   1.4211 |     46.199 |   1.4305 |     47.202 |     0.3
   17 |   1.4178 |     46.248 |   1.4264 |     47.202 |     0.3
   18 |   1.4134 |     46.193 |   1.4236 |     47.202 |     0.3
   19 |   1.4102 |     46.155 |   1.4197 |     47.202 |     0.4
   20 |   1.4053 |     46.215 |   1.4164 |     47.232 |     0.4
   21 |   1.3974 |     46.067 |   1.4056 |     47.202 |     0.4
   22 |   1.3861 |     46.127 |   1.3964 |     47.202 |     0.4
   23 |   1.3737 |     45.820 |   1.3840 |     47.079 |     0.4
   24 |   1.3600 |     45.424 |   1.3726 |     46.710 |     0.4
   25 |   1.3457 |     44.985 |   1.3583 |     46.248 |     0.5
   26 |   1.3321 |     44.611 |   1.3485 |     46.218 |     0.5
   27 |   1.3182 |     44.298 |   1.3375 |     45.633 |     0.5
   28 |   1.3104 |     44.551 |   1.3393 |     46.310 |     0.5
   29 |   1.2996 |     44.441 |   1.3180 |     45.295 |     0.5
   30 |   1.2892 |     44.172 |   1.3125 |     45.080 |     0.6
   31 |   1.2804 |     43.837 |   1.3072 |     44.865 |     0.6
   32 |   1.2716 |     43.331 |   1.2967 |     44.157 |     0.6
   33 |   1.2643 |     43.117 |   1.2940 |     44.711 |     0.6
   34 |   1.2561 |     42.853 |   1.2896 |     43.819 |     0.6
   35 |   1.2519 |     42.853 |   1.2880 |     44.219 |     0.7
   36 |   1.2424 |     42.425 |   1.2828 |     43.635 |     0.7
   37 |   1.2347 |     41.991 |   1.2773 |     43.758 |     0.7
   38 |   1.2286 |     41.689 |   1.2727 |     43.542 |     0.7
   39 |   1.2215 |     41.590 |   1.2688 |     43.665 |     0.7
   40 |   1.2157 |     41.376 |   1.2662 |     43.143 |     0.7
   41 |   1.2094 |     41.018 |   1.2670 |     43.204 |     0.8
   42 |   1.2038 |     40.920 |   1.2627 |     43.235 |     0.8
   43 |   1.1964 |     40.513 |   1.2528 |     43.020 |     0.8
   44 |   1.1898 |     40.464 |   1.2503 |     42.989 |     0.8
   45 |   1.1855 |     40.189 |   1.2486 |     42.620 |     0.8
   46 |   1.1810 |     40.376 |   1.2510 |     42.927 |     0.9
   47 |   1.1721 |     39.733 |   1.2415 |     42.251 |     0.9
   48 |   1.1670 |     39.695 |   1.2399 |     42.343 |     0.9
   49 |   1.1630 |     39.414 |   1.2352 |     42.405 |     0.9
   50 |   1.1567 |     39.502 |   1.2416 |     42.128 |     0.9
   51 |   1.1497 |     39.222 |   1.2379 |     41.759 |     0.9
   52 |   1.1469 |     39.129 |   1.2275 |     41.882 |     1.0
   53 |   1.1374 |     38.607 |   1.2229 |     41.451 |     1.0
   54 |   1.1335 |     38.623 |   1.2274 |     41.759 |     1.0
   55 |   1.1268 |     38.557 |   1.2185 |     41.421 |     1.0
   56 |   1.1225 |     38.448 |   1.2147 |     41.544 |     1.0
   57 |   1.1169 |     38.332 |   1.2136 |     40.959 |     1.1
   58 |   1.1096 |     38.145 |   1.2083 |     40.898 |     1.1
   59 |   1.1039 |     37.915 |   1.2095 |     40.898 |     1.1
   60 |   1.0991 |     37.629 |   1.2016 |     40.867 |     1.1
   61 |   1.0935 |     37.541 |   1.2085 |     40.713 |     1.1
   62 |   1.0898 |     37.536 |   1.2011 |     40.221 |     1.1
   63 |   1.0817 |     36.838 |   1.1989 |     40.683 |     1.2
   64 |   1.0768 |     37.058 |   1.1942 |     40.467 |     1.2
   65 |   1.0738 |     36.640 |   1.1900 |     40.744 |     1.2
   66 |   1.0656 |     36.684 |   1.1926 |     40.344 |     1.2
   67 |   1.0603 |     36.228 |   1.1954 |     40.344 |     1.2
   68 |   1.0596 |     36.327 |   1.1904 |     40.252 |     1.3
   69 |   1.0519 |     36.025 |   1.1884 |     40.191 |     1.3
   70 |   1.0456 |     35.976 |   1.1836 |     40.068 |     1.3
   71 |   1.0437 |     35.750 |   1.1814 |     40.406 |     1.3
   72 |   1.0337 |     35.608 |   1.1800 |     40.713 |     1.3
   73 |   1.0283 |     35.520 |   1.1739 |     40.129 |     1.3
   74 |   1.0232 |     35.080 |   1.1745 |     39.053 |     1.4
   75 |   1.0177 |     34.696 |   1.1750 |     40.129 |     1.4
   76 |   1.0141 |     34.888 |   1.1756 |     39.330 |     1.4
   77 |   1.0078 |     34.339 |   1.1703 |     39.822 |     1.4
   78 |   1.0032 |     34.333 |   1.1652 |     39.145 |     1.4
   79 |   0.9981 |     34.234 |   1.1658 |     39.330 |     1.5
   80 |   0.9920 |     33.657 |   1.1659 |     39.053 |     1.5
   81 |   0.9905 |     33.982 |   1.1601 |     39.483 |     1.5
   82 |   0.9824 |     33.608 |   1.1648 |     39.514 |     1.5
   83 |   0.9786 |     33.553 |   1.1594 |     39.207 |     1.5
   84 |   0.9718 |     33.185 |   1.1596 |     39.483 |     1.5
   85 |   0.9725 |     33.273 |   1.1584 |     38.807 |     1.6
   86 |   0.9643 |     32.811 |   1.1611 |     39.545 |     1.6
   87 |   0.9606 |     32.707 |   1.1537 |     38.715 |     1.6
   88 |   0.9562 |     32.872 |   1.1564 |     38.438 |     1.6
   89 |   0.9485 |     32.191 |   1.1542 |     38.284 |     1.6
   90 |   0.9450 |     32.218 |   1.1474 |     38.161 |     1.7
   91 |   0.9411 |     31.823 |   1.1488 |     37.977 |     1.7
   92 |   0.9376 |     31.718 |   1.1541 |     38.038 |     1.7
   93 |   0.9267 |     31.185 |   1.1448 |     37.515 |     1.7
   94 |   0.9252 |     31.048 |   1.1473 |     37.792 |     1.7
   95 |   0.9229 |     31.065 |   1.1357 |     36.993 |     1.8
   96 |   0.9185 |     30.680 |   1.1373 |     37.546 |     1.8
   97 |   0.9118 |     30.537 |   1.1391 |     37.208 |     1.8
   98 |   0.9037 |     30.098 |   1.1420 |     37.515 |     1.8
   99 |   0.9045 |     30.438 |   1.1389 |     37.208 |     1.8
  100 |   0.8951 |     29.977 |   1.1345 |     37.269 |     1.8
  101 |   0.8896 |     29.790 |   1.1264 |     36.777 |     1.9
  102 |   0.8842 |     29.675 |   1.1363 |     37.085 |     1.9
  103 |   0.8834 |     29.521 |   1.1252 |     36.408 |     1.9
  104 |   0.8817 |     29.169 |   1.1342 |     37.177 |     1.9
  105 |   0.8734 |     29.114 |   1.1248 |     37.023 |     1.9
  106 |   0.8653 |     28.807 |   1.1335 |     36.285 |     2.0
  107 |   0.8637 |     28.807 |   1.1297 |     36.347 |     2.0
  108 |   0.8599 |     28.845 |   1.1188 |     36.193 |     2.0
  109 |   0.8554 |     28.274 |   1.1359 |     36.162 |     2.0
  110 |   0.8506 |     28.159 |   1.1245 |     36.378 |     2.0
  111 |   0.8427 |     27.813 |   1.1179 |     35.486 |     2.0
  112 |   0.8433 |     27.939 |   1.1169 |     35.978 |     2.1
  113 |   0.8333 |     27.483 |   1.1232 |     35.824 |     2.1
  114 |   0.8364 |     27.686 |   1.1219 |     35.886 |     2.1
  115 |   0.8308 |     27.401 |   1.1181 |     35.855 |     2.1
  116 |   0.8305 |     27.554 |   1.1228 |     35.517 |     2.1
  117 |   0.8245 |     27.461 |   1.1133 |     35.178 |     2.2
  118 |   0.8181 |     27.060 |   1.1178 |     35.424 |     2.2
  119 |   0.8150 |     27.016 |   1.1230 |     35.517 |     2.2
  120 |   0.8103 |     26.752 |   1.1187 |     35.394 |     2.2
  121 |   0.8084 |     26.566 |   1.1147 |     35.578 |     2.2
Early stopping

