Model: Seq2Seq Multimodal Bi-LSTM
Source index: <Seq2Seq Index with 43 items>
Target index: <Seq2Seq Index with 34 items>
Encoder embedding dimension: 64
Descriptors dimension: 1136
Decoder embedding dimension: 64
Encoder hidden units: 128
Encoder layers: 3
Decoder hidden units: 64
Decoder layers: 2
Dropout: 0.1
Trainable parameters: 1,745,250

Training started
X_train.shape: torch.Size([3072, 702])
Y_train.shape: torch.Size([3072, 7])
X_dev.shape: torch.Size([566, 649])
Y_dev.shape: torch.Size([566, 7])
Epochs: 500
Learning rate: 0.0001
Weight decay: 0.0001
Epoch | Train                 | Development           | Minutes
      | Loss     | Error Rate | Loss     | Error Rate |
---------------------------------------------------------------
    1 |   3.2911 |     76.676 |   2.9294 |     67.903 |     0.1
    2 |   2.6579 |     65.110 |   2.4651 |     60.100 |     0.1
    3 |   2.3610 |     58.979 |   2.2849 |     58.657 |     0.2
    4 |   2.2122 |     57.709 |   2.1608 |     57.774 |     0.2
    5 |   2.1014 |     56.651 |   2.0679 |     56.890 |     0.3
    6 |   2.0110 |     55.013 |   1.9880 |     53.681 |     0.4
    7 |   1.9327 |     51.443 |   1.9160 |     49.470 |     0.4
    8 |   1.8601 |     49.338 |   1.8494 |     49.352 |     0.5
    9 |   1.7933 |     48.882 |   1.7870 |     48.999 |     0.6
   10 |   1.7258 |     48.481 |   1.7232 |     49.293 |     0.6
   11 |   1.6650 |     47.081 |   1.6707 |     47.291 |     0.7
   12 |   1.6129 |     46.018 |   1.6244 |     47.350 |     0.7
   13 |   1.5690 |     45.898 |   1.5869 |     47.409 |     0.8
   14 |   1.5344 |     45.958 |   1.5550 |     47.379 |     0.9
   15 |   1.5058 |     46.029 |   1.5286 |     47.438 |     0.9
   16 |   1.4813 |     45.942 |   1.5068 |     47.409 |     1.0
   17 |   1.4594 |     45.801 |   1.4863 |     47.468 |     1.1
   18 |   1.4388 |     45.616 |   1.4693 |     47.291 |     1.1
   19 |   1.4218 |     45.416 |   1.4557 |     46.761 |     1.2
   20 |   1.4058 |     45.047 |   1.4400 |     46.555 |     1.2
   21 |   1.3916 |     44.868 |   1.4288 |     46.437 |     1.3
   22 |   1.3775 |     44.813 |   1.4176 |     46.084 |     1.4
   23 |   1.3642 |     44.358 |   1.4063 |     46.113 |     1.4
   24 |   1.3514 |     44.076 |   1.3960 |     45.701 |     1.5
   25 |   1.3400 |     43.810 |   1.3909 |     45.612 |     1.6
   26 |   1.3270 |     43.663 |   1.3787 |     44.729 |     1.6
   27 |   1.3158 |     43.218 |   1.3702 |     44.817 |     1.7
   28 |   1.3031 |     42.616 |   1.3587 |     44.435 |     1.8
   29 |   1.2898 |     42.036 |   1.3475 |     43.198 |     1.8
   30 |   1.2782 |     41.564 |   1.3411 |     43.492 |     1.9
   31 |   1.2650 |     40.706 |   1.3316 |     42.727 |     1.9
   32 |   1.2519 |     40.251 |   1.3238 |     42.049 |     2.0
   33 |   1.2381 |     39.643 |   1.3097 |     41.637 |     2.1
   34 |   1.2275 |     39.133 |   1.2995 |     41.107 |     2.1
   35 |   1.2132 |     38.688 |   1.2925 |     41.284 |     2.2
   36 |   1.2002 |     38.547 |   1.2823 |     40.077 |     2.2
   37 |   1.1878 |     38.032 |   1.2777 |     40.548 |     2.3
   38 |   1.1735 |     37.495 |   1.2645 |     40.135 |     2.4
   39 |   1.1635 |     37.044 |   1.2532 |     39.399 |     2.4
   40 |   1.1490 |     36.697 |   1.2439 |     39.635 |     2.5
   41 |   1.1370 |     36.138 |   1.2374 |     39.193 |     2.6
   42 |   1.1243 |     35.688 |   1.2321 |     39.370 |     2.6
   43 |   1.1127 |     35.324 |   1.2218 |     38.958 |     2.7
   44 |   1.1002 |     35.086 |   1.2090 |     38.604 |     2.7
   45 |   1.0867 |     34.706 |   1.2044 |     37.927 |     2.8
   46 |   1.0795 |     34.348 |   1.1959 |     37.839 |     2.9
   47 |   1.0645 |     33.784 |   1.1985 |     38.221 |     2.9
   48 |   1.0544 |     33.464 |   1.1836 |     37.839 |     3.0
   49 |   1.0422 |     33.040 |   1.1777 |     37.426 |     3.1
   50 |   1.0325 |     32.769 |   1.1716 |     37.014 |     3.1
   51 |   1.0212 |     32.275 |   1.1703 |     37.309 |     3.2
   52 |   1.0116 |     32.113 |   1.1576 |     36.749 |     3.2
   53 |   1.0021 |     31.651 |   1.1568 |     36.779 |     3.3
   54 |   0.9909 |     31.402 |   1.1556 |     36.690 |     3.4
   55 |   0.9812 |     31.272 |   1.1477 |     36.484 |     3.4
   56 |   0.9701 |     30.707 |   1.1351 |     36.278 |     3.5
   57 |   0.9628 |     30.469 |   1.1431 |     36.219 |     3.6
   58 |   0.9543 |     30.252 |   1.1378 |     36.072 |     3.6
   59 |   0.9401 |     29.650 |   1.1318 |     35.807 |     3.7
   60 |   0.9304 |     29.351 |   1.1233 |     35.748 |     3.7
   61 |   0.9202 |     29.270 |   1.1325 |     35.777 |     3.8
   62 |   0.9128 |     28.711 |   1.1150 |     35.395 |     3.9
   63 |   0.9036 |     28.293 |   1.1139 |     35.071 |     3.9
   64 |   0.8940 |     27.870 |   1.1086 |     35.071 |     4.0
   65 |   0.8825 |     27.507 |   1.1088 |     34.717 |     4.1
   66 |   0.8775 |     27.230 |   1.1097 |     35.130 |     4.1
   67 |   0.8660 |     26.828 |   1.1106 |     34.423 |     4.2
   68 |   0.8576 |     26.443 |   1.1017 |     34.187 |     4.2
   69 |   0.8492 |     26.156 |   1.0998 |     34.187 |     4.3
   70 |   0.8415 |     26.009 |   1.0947 |     34.011 |     4.4
   71 |   0.8320 |     25.407 |   1.0926 |     33.922 |     4.4
   72 |   0.8211 |     25.277 |   1.0890 |     33.834 |     4.5
   73 |   0.8139 |     24.702 |   1.0842 |     34.128 |     4.6
   74 |   0.8093 |     24.615 |   1.0800 |     33.922 |     4.6
   75 |   0.7972 |     24.240 |   1.0779 |     33.628 |     4.7
   76 |   0.7880 |     23.828 |   1.0725 |     33.628 |     4.7
   77 |   0.7864 |     23.877 |   1.0793 |     33.863 |     4.8
   78 |   0.7779 |     23.682 |   1.0756 |     33.481 |     4.9
   79 |   0.7683 |     22.933 |   1.0697 |     33.363 |     4.9
   80 |   0.7607 |     23.280 |   1.0690 |     33.216 |     5.0
   81 |   0.7562 |     22.700 |   1.0657 |     32.951 |     5.1
   82 |   0.7453 |     22.521 |   1.0605 |     33.216 |     5.1
   83 |   0.7386 |     22.374 |   1.0671 |     33.245 |     5.2
   84 |   0.7331 |     22.054 |   1.0552 |     32.744 |     5.2
   85 |   0.7281 |     22.043 |   1.0611 |     32.980 |     5.3
   86 |   0.7202 |     21.582 |   1.0606 |     33.009 |     5.4
   87 |   0.7132 |     21.533 |   1.0601 |     32.892 |     5.4
   88 |   0.7075 |     21.463 |   1.0561 |     32.862 |     5.5
Early stopping

Model: Seq2Seq Multimodal Bi-LSTM
Source index: <Seq2Seq Index with 43 items>
Target index: <Seq2Seq Index with 34 items>
Encoder embedding dimension: 64
Descriptors dimension: 1136
Decoder embedding dimension: 64
Encoder hidden units: 64
Encoder layers: 3
Decoder hidden units: 64
Decoder layers: 4
Dropout: 0.0
Trainable parameters: 709,794

Training started
X_train.shape: torch.Size([3072, 702])
Y_train.shape: torch.Size([3072, 7])
X_dev.shape: torch.Size([566, 649])
Y_dev.shape: torch.Size([566, 7])
Epochs: 500
Learning rate: 0.001
Weight decay: 0.0001
Epoch | Train                 | Development           | Minutes
      | Loss     | Error Rate | Loss     | Error Rate |
---------------------------------------------------------------
    1 |   2.5633 |     69.363 |   2.0113 |     59.128 |     0.0
    2 |   1.7471 |     48.774 |   1.5946 |     47.468 |     0.0
    3 |   1.4944 |     46.110 |   1.4831 |     47.468 |     0.1
    4 |   1.4355 |     46.034 |   1.4489 |     47.468 |     0.1
    5 |   1.4157 |     46.050 |   1.4393 |     47.468 |     0.1
    6 |   1.4065 |     46.132 |   1.4298 |     47.468 |     0.1
    7 |   1.3990 |     46.012 |   1.4210 |     47.438 |     0.2
    8 |   1.3864 |     45.996 |   1.4112 |     47.468 |     0.2
    9 |   1.3695 |     45.779 |   1.3844 |     46.820 |     0.2
   10 |   1.3505 |     45.492 |   1.3695 |     45.995 |     0.2
   11 |   1.3301 |     45.095 |   1.3561 |     47.055 |     0.3
   12 |   1.3068 |     44.569 |   1.3259 |     45.966 |     0.3
   13 |   1.2887 |     43.929 |   1.3193 |     44.258 |     0.3
   14 |   1.2743 |     43.435 |   1.2923 |     44.199 |     0.3
   15 |   1.2481 |     42.356 |   1.2717 |     43.492 |     0.3
   16 |   1.2228 |     41.732 |   1.2516 |     42.314 |     0.4
   17 |   1.2058 |     41.249 |   1.2413 |     42.638 |     0.4
   18 |   1.1880 |     40.560 |   1.2121 |     41.784 |     0.4
   19 |   1.1608 |     39.752 |   1.2101 |     41.078 |     0.4
   20 |   1.1472 |     39.263 |   1.1947 |     40.754 |     0.5
   21 |   1.1384 |     38.927 |   1.1809 |     39.252 |     0.5
   22 |   1.1117 |     37.967 |   1.1669 |     38.310 |     0.5
   23 |   1.1044 |     37.489 |   1.1714 |     38.810 |     0.5
   24 |   1.0865 |     36.871 |   1.1392 |     37.750 |     0.6
   25 |   1.0647 |     36.111 |   1.1418 |     38.280 |     0.6
   26 |   1.0437 |     35.438 |   1.1314 |     37.986 |     0.6
   27 |   1.0321 |     35.042 |   1.1288 |     38.221 |     0.6
   28 |   1.0157 |     34.500 |   1.1145 |     36.455 |     0.7
   29 |   0.9966 |     33.876 |   1.1009 |     36.219 |     0.7
   30 |   0.9847 |     33.442 |   1.1048 |     36.278 |     0.7
   31 |   0.9646 |     32.617 |   1.0963 |     35.925 |     0.7
   32 |   0.9537 |     32.053 |   1.0989 |     36.219 |     0.7
   33 |   0.9357 |     31.288 |   1.0844 |     35.601 |     0.8
   34 |   0.9197 |     30.756 |   1.0713 |     35.630 |     0.8
   35 |   0.9107 |     30.659 |   1.0717 |     35.218 |     0.8
   36 |   0.9050 |     30.322 |   1.0606 |     34.717 |     0.8
   37 |   0.8827 |     29.812 |   1.0810 |     35.277 |     0.9
   38 |   0.8657 |     28.792 |   1.0712 |     34.688 |     0.9
   39 |   0.8550 |     28.347 |   1.0504 |     33.952 |     0.9
   40 |   0.8404 |     28.006 |   1.0503 |     34.158 |     0.9
   41 |   0.8287 |     27.588 |   1.0404 |     34.335 |     1.0
   42 |   0.8115 |     27.072 |   1.0286 |     33.304 |     1.0
   43 |   0.8050 |     26.573 |   1.0424 |     33.481 |     1.0
   44 |   0.7914 |     26.579 |   1.0584 |     33.893 |     1.0
   45 |   0.7900 |     26.595 |   1.0317 |     32.921 |     1.0
   46 |   0.7626 |     25.521 |   1.0284 |     32.332 |     1.1
   47 |   0.7459 |     24.517 |   1.0385 |     32.597 |     1.1
   48 |   0.7365 |     24.740 |   1.0429 |     32.715 |     1.1
   49 |   0.7240 |     24.230 |   1.0262 |     32.332 |     1.1
   50 |   0.7116 |     23.421 |   1.0633 |     33.746 |     1.2
   51 |   0.7612 |     25.298 |   1.0315 |     32.391 |     1.2
   52 |   0.7133 |     23.736 |   1.0026 |     31.773 |     1.2
   53 |   0.6872 |     22.629 |   1.0273 |     32.391 |     1.2
   54 |   0.6614 |     21.859 |   1.0406 |     32.744 |     1.3
   55 |   0.6553 |     21.631 |   1.0108 |     32.155 |     1.3
   56 |   0.6475 |     21.305 |   1.0144 |     31.684 |     1.3
Early stopping

Model: Seq2Seq Multimodal Bi-LSTM
Source index: <Seq2Seq Index with 43 items>
Target index: <Seq2Seq Index with 34 items>
Encoder embedding dimension: 128
Descriptors dimension: 1136
Decoder embedding dimension: 64
Encoder hidden units: 32
Encoder layers: 2
Decoder hidden units: 64
Decoder layers: 3
Dropout: 0.1
Trainable parameters: 269,538

Training started
X_train.shape: torch.Size([3072, 702])
Y_train.shape: torch.Size([3072, 7])
X_dev.shape: torch.Size([566, 649])
Y_dev.shape: torch.Size([566, 7])
Epochs: 500
Learning rate: 0.001
Weight decay: 1e-05
Epoch | Train                 | Development           | Minutes
      | Loss     | Error Rate | Loss     | Error Rate |
---------------------------------------------------------------
    1 |   2.5420 |     67.752 |   1.9637 |     54.947 |     0.0
    2 |   1.7024 |     48.497 |   1.5680 |     47.468 |     0.0
    3 |   1.4810 |     45.991 |   1.4700 |     46.731 |     0.0
    4 |   1.4192 |     46.115 |   1.4231 |     47.468 |     0.1
    5 |   1.3866 |     46.110 |   1.3967 |     47.468 |     0.1
    6 |   1.3627 |     45.524 |   1.3723 |     45.789 |     0.1
    7 |   1.3365 |     45.101 |   1.3545 |     46.731 |     0.1
    8 |   1.3122 |     43.945 |   1.3257 |     44.258 |     0.1
    9 |   1.2790 |     42.735 |   1.3134 |     43.227 |     0.1
   10 |   1.2590 |     42.220 |   1.2854 |     43.698 |     0.1
   11 |   1.2373 |     41.585 |   1.2769 |     42.285 |     0.1
   12 |   1.2152 |     40.831 |   1.2530 |     42.108 |     0.2
   13 |   1.1947 |     40.169 |   1.2311 |     40.371 |     0.2
   14 |   1.1713 |     39.361 |   1.2238 |     40.194 |     0.2
   15 |   1.1463 |     38.471 |   1.2012 |     39.870 |     0.2
   16 |   1.1202 |     37.636 |   1.1820 |     40.106 |     0.2
   17 |   1.0942 |     36.974 |   1.1655 |     38.840 |     0.2
   18 |   1.0703 |     36.328 |   1.1502 |     38.457 |     0.2
   19 |   1.0396 |     35.205 |   1.1397 |     38.163 |     0.3
   20 |   1.0184 |     34.532 |   1.1344 |     37.839 |     0.3
   21 |   0.9932 |     33.849 |   1.1127 |     36.749 |     0.3
   22 |   0.9669 |     32.509 |   1.0924 |     35.925 |     0.3
   23 |   0.9428 |     31.668 |   1.0946 |     36.131 |     0.3
   24 |   0.9184 |     31.359 |   1.0870 |     35.512 |     0.3
   25 |   0.8950 |     30.382 |   1.0723 |     34.865 |     0.3
   26 |   0.8765 |     29.384 |   1.0647 |     35.041 |     0.4
   27 |   0.8531 |     28.738 |   1.0628 |     34.040 |     0.4
   28 |   0.8354 |     28.027 |   1.0455 |     33.746 |     0.4
   29 |   0.8088 |     27.078 |   1.0631 |     34.658 |     0.4
   30 |   0.7910 |     26.584 |   1.0280 |     32.627 |     0.4
   31 |   0.7671 |     25.505 |   1.0416 |     32.833 |     0.4
   32 |   0.7557 |     25.152 |   1.0271 |     32.715 |     0.4
   33 |   0.7349 |     24.371 |   1.0148 |     32.038 |     0.4
   34 |   0.7173 |     23.671 |   1.0196 |     31.832 |     0.5
   35 |   0.6971 |     22.830 |   1.0137 |     31.979 |     0.5
   36 |   0.6765 |     22.331 |   1.0073 |     31.714 |     0.5
   37 |   0.6720 |     22.141 |   0.9962 |     31.007 |     0.5
   38 |   0.6532 |     21.468 |   1.0146 |     30.978 |     0.5
   39 |   0.6418 |     21.240 |   1.0073 |     31.655 |     0.5
   40 |   0.6259 |     20.426 |   1.0011 |     30.742 |     0.5
   41 |   0.6145 |     20.470 |   1.0036 |     30.359 |     0.6
Early stopping

Model: Seq2Seq Multimodal Bi-LSTM
Source index: <Seq2Seq Index with 43 items>
Target index: <Seq2Seq Index with 34 items>
Encoder embedding dimension: 128
Descriptors dimension: 1136
Decoder embedding dimension: 128
Encoder hidden units: 32
Encoder layers: 4
Decoder hidden units: 64
Decoder layers: 2
Dropout: 0.1
Trainable parameters: 406,434

Training started
X_train.shape: torch.Size([3072, 702])
Y_train.shape: torch.Size([3072, 7])
X_dev.shape: torch.Size([566, 649])
Y_dev.shape: torch.Size([566, 7])
Epochs: 500
Learning rate: 0.001
Weight decay: 0.0001
Epoch | Train                 | Development           | Minutes
      | Loss     | Error Rate | Loss     | Error Rate |
---------------------------------------------------------------
    1 |   2.4004 |     63.498 |   1.8702 |     52.739 |     0.0
    2 |   1.6289 |     47.689 |   1.5144 |     46.967 |     0.0
    3 |   1.4270 |     45.492 |   1.4145 |     46.290 |     0.1
    4 |   1.3499 |     44.244 |   1.3466 |     44.405 |     0.1
    5 |   1.2835 |     42.291 |   1.2860 |     42.138 |     0.1
    6 |   1.2293 |     40.430 |   1.2576 |     41.313 |     0.1
    7 |   1.1824 |     39.204 |   1.2133 |     39.988 |     0.2
    8 |   1.1385 |     37.533 |   1.1706 |     38.310 |     0.2
    9 |   1.1009 |     36.247 |   1.1381 |     36.661 |     0.2
   10 |   1.0589 |     34.820 |   1.1301 |     37.132 |     0.2
   11 |   1.0105 |     32.796 |   1.0932 |     35.836 |     0.2
   12 |   0.9743 |     31.896 |   1.0740 |     34.923 |     0.3
   13 |   0.9405 |     30.816 |   1.0544 |     34.570 |     0.3
   14 |   0.9082 |     29.367 |   1.0542 |     33.863 |     0.3
   15 |   0.8718 |     28.331 |   1.0287 |     32.509 |     0.3
   16 |   0.8374 |     27.317 |   1.0171 |     32.362 |     0.4
   17 |   0.8032 |     25.722 |   0.9957 |     31.832 |     0.4
   18 |   0.7801 |     25.228 |   0.9897 |     31.360 |     0.4
   19 |   0.7528 |     24.240 |   0.9825 |     30.683 |     0.4
   20 |   0.7279 |     23.155 |   0.9724 |     31.243 |     0.4
   21 |   0.7052 |     22.461 |   0.9659 |     30.006 |     0.5
   22 |   0.6830 |     21.935 |   0.9848 |     30.565 |     0.5
   23 |   0.6642 |     21.257 |   0.9674 |     29.770 |     0.5
   24 |   0.6446 |     20.687 |   0.9719 |     29.888 |     0.5
   25 |   0.6171 |     19.998 |   0.9924 |     30.506 |     0.5
   26 |   0.6107 |     19.596 |   0.9613 |     30.035 |     0.6
   27 |   0.5976 |     19.038 |   0.9671 |     29.417 |     0.6
   28 |   0.5767 |     18.555 |   0.9705 |     29.034 |     0.6
   29 |   0.5643 |     18.224 |   0.9645 |     29.152 |     0.6
   30 |   0.5501 |     17.556 |   0.9928 |     28.857 |     0.7
Early stopping

Model: Seq2Seq Multimodal Bi-LSTM
Source index: <Seq2Seq Index with 43 items>
Target index: <Seq2Seq Index with 34 items>
Encoder embedding dimension: 64
Descriptors dimension: 1136
Decoder embedding dimension: 64
Encoder hidden units: 32
Encoder layers: 2
Decoder hidden units: 64
Decoder layers: 4
Dropout: 0.0
Trainable parameters: 283,682

Training started
X_train.shape: torch.Size([3072, 702])
Y_train.shape: torch.Size([3072, 7])
X_dev.shape: torch.Size([566, 649])
Y_dev.shape: torch.Size([566, 7])
Epochs: 500
Learning rate: 0.0001
Weight decay: 1e-05
Epoch | Train                 | Development           | Minutes
      | Loss     | Error Rate | Loss     | Error Rate |
---------------------------------------------------------------
    1 |   3.4573 |     90.815 |   3.2379 |     77.091 |     0.0
    2 |   2.8496 |     83.057 |   2.6689 |     83.333 |     0.0
    3 |   2.5279 |     63.173 |   2.3955 |     59.128 |     0.0
    4 |   2.2836 |     59.039 |   2.2118 |     59.128 |     0.1
    5 |   2.1383 |     59.039 |   2.0995 |     59.128 |     0.1
    6 |   2.0362 |     55.355 |   2.0120 |     54.329 |     0.1
    7 |   1.9530 |     54.004 |   1.9372 |     54.211 |     0.1
    8 |   1.8799 |     48.806 |   1.8725 |     49.411 |     0.1
    9 |   1.8162 |     48.497 |   1.8150 |     49.411 |     0.1
   10 |   1.7577 |     48.497 |   1.7608 |     49.411 |     0.1
   11 |   1.7034 |     48.497 |   1.7103 |     49.411 |     0.1
   12 |   1.6547 |     48.497 |   1.6662 |     49.411 |     0.2
   13 |   1.6138 |     46.555 |   1.6289 |     47.438 |     0.2
   14 |   1.5801 |     46.012 |   1.5987 |     47.468 |     0.2
   15 |   1.5528 |     46.012 |   1.5739 |     47.438 |     0.2
   16 |   1.5306 |     46.012 |   1.5536 |     47.438 |     0.2
   17 |   1.5126 |     46.012 |   1.5368 |     47.438 |     0.2
   18 |   1.4973 |     46.012 |   1.5233 |     47.468 |     0.2
   19 |   1.4845 |     46.012 |   1.5108 |     47.438 |     0.2
   20 |   1.4735 |     46.164 |   1.5001 |     46.731 |     0.3
   21 |   1.4640 |     45.969 |   1.4920 |     47.438 |     0.3
   22 |   1.4551 |     46.164 |   1.4829 |     47.438 |     0.3
   23 |   1.4468 |     46.007 |   1.4771 |     47.438 |     0.3
   24 |   1.4394 |     46.007 |   1.4690 |     47.438 |     0.3
   25 |   1.4322 |     46.056 |   1.4611 |     47.438 |     0.3
   26 |   1.4259 |     46.007 |   1.4559 |     47.409 |     0.3
   27 |   1.4197 |     45.964 |   1.4537 |     47.379 |     0.4
   28 |   1.4137 |     45.817 |   1.4458 |     47.203 |     0.4
   29 |   1.4073 |     45.291 |   1.4423 |     47.026 |     0.4
   30 |   1.4011 |     45.106 |   1.4381 |     46.849 |     0.4
   31 |   1.3944 |     45.003 |   1.4350 |     46.761 |     0.4
   32 |   1.3887 |     44.792 |   1.4290 |     46.643 |     0.4
   33 |   1.3844 |     44.716 |   1.4265 |     46.673 |     0.4
   34 |   1.3787 |     44.553 |   1.4299 |     46.673 |     0.4
   35 |   1.3746 |     44.558 |   1.4248 |     46.643 |     0.5
   36 |   1.3703 |     44.515 |   1.4233 |     46.525 |     0.5
   37 |   1.3667 |     44.406 |   1.4175 |     46.437 |     0.5
   38 |   1.3639 |     44.352 |   1.4196 |     46.525 |     0.5
   39 |   1.3583 |     44.293 |   1.4187 |     46.584 |     0.5
   40 |   1.3563 |     44.233 |   1.4139 |     46.555 |     0.5
   41 |   1.3532 |     44.179 |   1.4210 |     46.525 |     0.5
   42 |   1.3498 |     44.341 |   1.4177 |     46.525 |     0.5
   43 |   1.3467 |     44.108 |   1.4175 |     46.584 |     0.6
   44 |   1.3445 |     44.146 |   1.4183 |     46.496 |     0.6
   45 |   1.3414 |     44.200 |   1.4131 |     46.349 |     0.6
   46 |   1.3386 |     44.081 |   1.4163 |     46.437 |     0.6
   47 |   1.3358 |     43.983 |   1.4106 |     46.437 |     0.6
   48 |   1.3331 |     44.113 |   1.4091 |     46.319 |     0.6
   49 |   1.3304 |     43.956 |   1.4136 |     46.525 |     0.6
   50 |   1.3289 |     43.967 |   1.4200 |     46.555 |     0.6
   51 |   1.3262 |     44.103 |   1.4087 |     46.466 |     0.7
   52 |   1.3240 |     43.940 |   1.4155 |     46.496 |     0.7
   53 |   1.3221 |     43.972 |   1.4122 |     46.378 |     0.7
   54 |   1.3181 |     43.815 |   1.4051 |     46.319 |     0.7
   55 |   1.3162 |     43.880 |   1.4075 |     46.378 |     0.7
   56 |   1.3132 |     43.815 |   1.4050 |     46.349 |     0.7
   57 |   1.3094 |     43.598 |   1.4060 |     46.437 |     0.7
   58 |   1.3081 |     43.538 |   1.4068 |     46.260 |     0.8
   59 |   1.3050 |     43.506 |   1.4037 |     46.260 |     0.8
   60 |   1.3009 |     43.500 |   1.4014 |     46.260 |     0.8
   61 |   1.3001 |     43.457 |   1.4078 |     46.378 |     0.8
   62 |   1.2959 |     43.218 |   1.4024 |     46.378 |     0.8
   63 |   1.2931 |     43.224 |   1.4001 |     46.025 |     0.8
   64 |   1.2896 |     43.213 |   1.3947 |     46.260 |     0.8
   65 |   1.2861 |     43.012 |   1.3937 |     46.084 |     0.8
   66 |   1.2829 |     42.936 |   1.3986 |     45.966 |     0.9
   67 |   1.2796 |     42.952 |   1.3917 |     45.936 |     0.9
   68 |   1.2763 |     42.877 |   1.3941 |     46.201 |     0.9
   69 |   1.2729 |     42.779 |   1.3889 |     45.848 |     0.9
   70 |   1.2705 |     42.643 |   1.3909 |     46.143 |     0.9
   71 |   1.2670 |     42.540 |   1.3923 |     45.878 |     0.9
   72 |   1.2639 |     42.611 |   1.3885 |     45.701 |     0.9
   73 |   1.2598 |     42.432 |   1.3864 |     45.907 |     0.9
   74 |   1.2553 |     42.263 |   1.3854 |     46.025 |     1.0
   75 |   1.2516 |     42.372 |   1.3866 |     46.113 |     1.0
   76 |   1.2482 |     42.068 |   1.3845 |     44.817 |     1.0
   77 |   1.2467 |     42.231 |   1.3817 |     45.730 |     1.0
   78 |   1.2417 |     41.943 |   1.3808 |     45.112 |     1.0
   79 |   1.2375 |     42.014 |   1.3786 |     44.965 |     1.0
   80 |   1.2327 |     41.857 |   1.3798 |     45.819 |     1.0
   81 |   1.2308 |     41.802 |   1.3802 |     45.200 |     1.0
   82 |   1.2260 |     41.710 |   1.3755 |     45.583 |     1.1
   83 |   1.2230 |     41.781 |   1.3708 |     45.642 |     1.1
   84 |   1.2192 |     41.889 |   1.3737 |     45.995 |     1.1
   85 |   1.2161 |     41.634 |   1.3705 |     45.789 |     1.1
   86 |   1.2137 |     41.509 |   1.3737 |     46.084 |     1.1
   87 |   1.2086 |     41.607 |   1.3680 |     45.848 |     1.1
   88 |   1.2051 |     41.640 |   1.3664 |     45.612 |     1.1
   89 |   1.2019 |     41.504 |   1.3690 |     45.200 |     1.1
   90 |   1.2006 |     41.336 |   1.3630 |     44.935 |     1.2
   91 |   1.1945 |     41.254 |   1.3682 |     45.524 |     1.2
   92 |   1.1925 |     41.043 |   1.3635 |     45.347 |     1.2
   93 |   1.1871 |     41.032 |   1.3634 |     45.612 |     1.2
   94 |   1.1833 |     40.864 |   1.3634 |     44.847 |     1.2
Early stopping

Model: Seq2Seq Multimodal Bi-LSTM
Source index: <Seq2Seq Index with 43 items>
Target index: <Seq2Seq Index with 34 items>
Encoder embedding dimension: 128
Descriptors dimension: 1136
Decoder embedding dimension: 64
Encoder hidden units: 64
Encoder layers: 2
Decoder hidden units: 64
Decoder layers: 2
Dropout: 0.1
Trainable parameters: 469,794

Training started
X_train.shape: torch.Size([3072, 702])
Y_train.shape: torch.Size([3072, 7])
X_dev.shape: torch.Size([566, 649])
Y_dev.shape: torch.Size([566, 7])
Epochs: 500
Learning rate: 0.001
Weight decay: 1e-05
Epoch | Train                 | Development           | Minutes
      | Loss     | Error Rate | Loss     | Error Rate |
---------------------------------------------------------------
    1 |   2.3930 |     63.395 |   1.8812 |     52.032 |     0.0
    2 |   1.6382 |     47.993 |   1.5264 |     47.556 |     0.0
    3 |   1.4444 |     45.790 |   1.4310 |     46.820 |     0.1
    4 |   1.3756 |     45.356 |   1.3721 |     44.199 |     0.1
    5 |   1.3224 |     43.766 |   1.3218 |     43.522 |     0.1
    6 |   1.2728 |     42.480 |   1.2863 |     42.373 |     0.1
    7 |   1.2306 |     40.951 |   1.2485 |     41.284 |     0.1
    8 |   1.1887 |     40.007 |   1.2185 |     40.577 |     0.2
    9 |   1.1555 |     38.818 |   1.1971 |     38.869 |     0.2
   10 |   1.1120 |     36.469 |   1.1698 |     37.986 |     0.2
   11 |   1.0759 |     35.498 |   1.1467 |     37.191 |     0.2
   12 |   1.0412 |     34.098 |   1.1290 |     36.867 |     0.2
   13 |   1.0065 |     33.160 |   1.1098 |     36.131 |     0.3
   14 |   0.9715 |     32.020 |   1.0860 |     34.364 |     0.3
   15 |   0.9330 |     30.170 |   1.0705 |     34.187 |     0.3
   16 |   0.9059 |     29.351 |   1.0681 |     34.276 |     0.3
   17 |   0.8749 |     28.613 |   1.0392 |     34.040 |     0.3
   18 |   0.8482 |     27.241 |   1.0365 |     33.068 |     0.3
   19 |   0.8196 |     26.590 |   1.0322 |     33.098 |     0.4
   20 |   0.7908 |     25.412 |   1.0223 |     32.774 |     0.4
   21 |   0.7656 |     24.392 |   1.0145 |     31.625 |     0.4
   22 |   0.7474 |     24.273 |   1.0162 |     31.567 |     0.4
   23 |   0.7239 |     23.400 |   1.0056 |     31.449 |     0.4
   24 |   0.6986 |     22.190 |   1.0065 |     30.595 |     0.5
   25 |   0.6806 |     21.772 |   0.9941 |     31.272 |     0.5
   26 |   0.6628 |     21.246 |   1.0096 |     30.830 |     0.5
   27 |   0.6369 |     20.133 |   0.9992 |     31.037 |     0.5
   28 |   0.6386 |     20.996 |   0.9949 |     30.830 |     0.5
   29 |   0.6173 |     20.079 |   1.0004 |     30.035 |     0.6
   30 |   0.5873 |     18.658 |   0.9919 |     30.183 |     0.6
   31 |   0.5711 |     18.419 |   0.9756 |     29.770 |     0.6
   32 |   0.5635 |     18.066 |   0.9845 |     29.829 |     0.6
   33 |   0.5464 |     17.833 |   0.9880 |     29.829 |     0.6
   34 |   0.5434 |     17.697 |   0.9994 |     29.741 |     0.7
   35 |   0.5183 |     16.705 |   1.0006 |     29.476 |     0.7
Early stopping

Model: Seq2Seq Multimodal Bi-LSTM
Source index: <Seq2Seq Index with 43 items>
Target index: <Seq2Seq Index with 34 items>
Encoder embedding dimension: 128
Descriptors dimension: 1136
Decoder embedding dimension: 128
Encoder hidden units: 32
Encoder layers: 4
Decoder hidden units: 64
Decoder layers: 3
Dropout: 0.1
Trainable parameters: 439,714

Training started
X_train.shape: torch.Size([3072, 702])
Y_train.shape: torch.Size([3072, 7])
X_dev.shape: torch.Size([566, 649])
Y_dev.shape: torch.Size([566, 7])
Epochs: 500
Learning rate: 0.001
Weight decay: 1e-05
Epoch | Train                 | Development           | Minutes
      | Loss     | Error Rate | Loss     | Error Rate |
---------------------------------------------------------------
    1 |   2.5873 |     68.397 |   2.0055 |     58.746 |     0.0
    2 |   1.7533 |     49.419 |   1.6013 |     47.468 |     0.0
    3 |   1.5044 |     46.240 |   1.4884 |     47.438 |     0.1
    4 |   1.4356 |     46.088 |   1.4469 |     47.468 |     0.1
    5 |   1.4023 |     46.002 |   1.4154 |     46.260 |     0.1
    6 |   1.3703 |     45.464 |   1.3868 |     46.849 |     0.1
    7 |   1.3444 |     45.025 |   1.3707 |     44.906 |     0.2
    8 |   1.3176 |     43.793 |   1.3317 |     45.848 |     0.2
    9 |   1.2899 |     43.294 |   1.3048 |     44.788 |     0.2
   10 |   1.2681 |     42.806 |   1.2870 |     44.111 |     0.2
   11 |   1.2514 |     42.345 |   1.2706 |     43.375 |     0.3
   12 |   1.2311 |     41.542 |   1.2571 |     42.079 |     0.3
   13 |   1.2126 |     40.875 |   1.2464 |     41.372 |     0.3
   14 |   1.1957 |     40.142 |   1.2237 |     40.489 |     0.3
   15 |   1.1778 |     39.393 |   1.2199 |     39.988 |     0.3
   16 |   1.1540 |     38.433 |   1.1971 |     38.810 |     0.4
   17 |   1.1337 |     37.983 |   1.1802 |     38.663 |     0.4
   18 |   1.1113 |     37.229 |   1.1540 |     38.516 |     0.4
   19 |   1.0925 |     36.637 |   1.1571 |     37.662 |     0.4
   20 |   1.0663 |     35.910 |   1.1410 |     37.750 |     0.5
   21 |   1.0492 |     35.324 |   1.1455 |     37.603 |     0.5
   22 |   1.0307 |     34.814 |   1.1275 |     37.338 |     0.5
   23 |   1.0130 |     34.169 |   1.1142 |     37.044 |     0.5
   24 |   0.9901 |     33.317 |   1.1163 |     36.484 |     0.6
   25 |   0.9754 |     32.791 |   1.1156 |     36.896 |     0.6
   26 |   0.9566 |     32.292 |   1.0961 |     36.396 |     0.6
   27 |   0.9354 |     31.418 |   1.0821 |     35.718 |     0.6
   28 |   0.9148 |     30.604 |   1.0798 |     35.306 |     0.6
   29 |   0.8960 |     29.915 |   1.0817 |     35.453 |     0.7
   30 |   0.8817 |     29.541 |   1.0672 |     35.247 |     0.7
   31 |   0.8635 |     28.803 |   1.0639 |     35.130 |     0.7
   32 |   0.8417 |     28.027 |   1.0590 |     33.981 |     0.7
   33 |   0.8205 |     27.203 |   1.0685 |     33.451 |     0.8
   34 |   0.8120 |     27.040 |   1.0540 |     33.981 |     0.8
   35 |   0.7900 |     26.194 |   1.0415 |     33.333 |     0.8
   36 |   0.7676 |     25.727 |   1.0584 |     33.687 |     0.8
   37 |   0.7584 |     25.005 |   1.0541 |     33.274 |     0.8
   38 |   0.7395 |     24.506 |   1.0425 |     32.774 |     0.9
   39 |   0.7224 |     24.013 |   1.0424 |     32.774 |     0.9
Early stopping

Model: Seq2Seq Multimodal Bi-LSTM
Source index: <Seq2Seq Index with 43 items>
Target index: <Seq2Seq Index with 34 items>
Encoder embedding dimension: 128
Descriptors dimension: 1136
Decoder embedding dimension: 128
Encoder hidden units: 64
Encoder layers: 3
Decoder hidden units: 128
Decoder layers: 2
Dropout: 0.1
Trainable parameters: 929,890

Training started
X_train.shape: torch.Size([3072, 702])
Y_train.shape: torch.Size([3072, 7])
X_dev.shape: torch.Size([566, 649])
Y_dev.shape: torch.Size([566, 7])
Epochs: 500
Learning rate: 0.0001
Weight decay: 1e-05
Epoch | Train                 | Development           | Minutes
      | Loss     | Error Rate | Loss     | Error Rate |
---------------------------------------------------------------
    1 |   3.1418 |     83.073 |   2.5567 |     67.668 |     0.0
    2 |   2.2911 |     58.610 |   2.1265 |     55.919 |     0.1
    3 |   1.9966 |     54.308 |   1.9195 |     49.941 |     0.1
    4 |   1.8196 |     48.665 |   1.7741 |     49.058 |     0.1
    5 |   1.6922 |     48.405 |   1.6709 |     49.411 |     0.1
    6 |   1.5957 |     47.146 |   1.5881 |     47.379 |     0.2
    7 |   1.5263 |     45.904 |   1.5316 |     47.350 |     0.2
    8 |   1.4760 |     45.904 |   1.4897 |     47.379 |     0.2
    9 |   1.4343 |     45.578 |   1.4514 |     47.085 |     0.3
   10 |   1.3996 |     44.992 |   1.4204 |     45.789 |     0.3
   11 |   1.3696 |     44.124 |   1.3954 |     45.583 |     0.3
   12 |   1.3439 |     43.712 |   1.3718 |     45.583 |     0.3
   13 |   1.3197 |     43.213 |   1.3499 |     44.405 |     0.4
   14 |   1.2942 |     42.019 |   1.3281 |     43.640 |     0.4
   15 |   1.2734 |     41.086 |   1.3110 |     42.256 |     0.4
   16 |   1.2522 |     40.142 |   1.2931 |     41.343 |     0.5
   17 |   1.2314 |     38.943 |   1.2769 |     40.371 |     0.5
   18 |   1.2096 |     38.238 |   1.2636 |     40.665 |     0.5
   19 |   1.1913 |     37.473 |   1.2440 |     39.576 |     0.5
   20 |   1.1706 |     36.784 |   1.2276 |     38.693 |     0.6
   21 |   1.1516 |     36.274 |   1.2193 |     38.781 |     0.6
   22 |   1.1294 |     35.585 |   1.2043 |     38.575 |     0.6
   23 |   1.1115 |     35.075 |   1.1946 |     38.104 |     0.7
   24 |   1.0912 |     34.635 |   1.1725 |     37.367 |     0.7
   25 |   1.0727 |     33.984 |   1.1608 |     37.809 |     0.7
   26 |   1.0542 |     33.388 |   1.1563 |     37.161 |     0.7
   27 |   1.0357 |     32.888 |   1.1398 |     36.013 |     0.8
   28 |   1.0186 |     32.102 |   1.1260 |     36.160 |     0.8
   29 |   1.0026 |     31.456 |   1.1226 |     35.365 |     0.8
   30 |   0.9841 |     30.566 |   1.1163 |     35.130 |     0.9
   31 |   0.9686 |     30.252 |   1.1026 |     35.130 |     0.9
   32 |   0.9521 |     29.519 |   1.0950 |     35.188 |     0.9
   33 |   0.9373 |     29.253 |   1.0805 |     34.128 |     0.9
   34 |   0.9219 |     28.597 |   1.0702 |     33.775 |     1.0
   35 |   0.9091 |     28.163 |   1.0710 |     33.657 |     1.0
   36 |   0.8939 |     27.913 |   1.0557 |     33.628 |     1.0
   37 |   0.8794 |     27.262 |   1.0598 |     33.363 |     1.1
   38 |   0.8673 |     26.769 |   1.0488 |     33.157 |     1.1
   39 |   0.8525 |     26.123 |   1.0337 |     32.362 |     1.1
   40 |   0.8381 |     25.776 |   1.0354 |     32.715 |     1.1
   41 |   0.8275 |     25.521 |   1.0233 |     32.185 |     1.2
   42 |   0.8122 |     25.222 |   1.0208 |     32.273 |     1.2
   43 |   0.7992 |     24.512 |   1.0182 |     32.126 |     1.2
   44 |   0.7914 |     24.278 |   1.0238 |     32.420 |     1.3
   45 |   0.7769 |     23.877 |   1.0067 |     31.684 |     1.3
   46 |   0.7652 |     23.486 |   1.0043 |     31.979 |     1.3
   47 |   0.7522 |     22.928 |   1.0029 |     31.596 |     1.3
   48 |   0.7418 |     22.553 |   0.9978 |     31.095 |     1.4
   49 |   0.7265 |     22.108 |   0.9916 |     31.066 |     1.4
   50 |   0.7199 |     21.777 |   0.9835 |     30.801 |     1.4
   51 |   0.7067 |     21.436 |   0.9785 |     31.066 |     1.5
   52 |   0.6984 |     21.164 |   0.9789 |     30.300 |     1.5
   53 |   0.6839 |     20.719 |   0.9816 |     30.713 |     1.5
   54 |   0.6754 |     20.372 |   0.9786 |     30.094 |     1.6
   55 |   0.6640 |     20.101 |   0.9855 |     30.713 |     1.6
   56 |   0.6548 |     19.868 |   0.9666 |     30.448 |     1.6
   57 |   0.6438 |     19.455 |   0.9749 |     29.918 |     1.6
   58 |   0.6324 |     18.788 |   0.9727 |     30.094 |     1.7
   59 |   0.6258 |     18.690 |   0.9685 |     29.505 |     1.7
   60 |   0.6170 |     18.533 |   0.9641 |     30.271 |     1.7
   61 |   0.6091 |     18.283 |   0.9700 |     29.623 |     1.8
   62 |   0.6007 |     18.180 |   0.9616 |     29.388 |     1.8
   63 |   0.5896 |     18.023 |   0.9600 |     29.181 |     1.8
   64 |   0.5808 |     17.502 |   0.9577 |     29.181 |     1.8
   65 |   0.5733 |     17.383 |   0.9662 |     29.299 |     1.9
   66 |   0.5653 |     17.074 |   0.9637 |     29.211 |     1.9
   67 |   0.5547 |     16.786 |   0.9658 |     28.916 |     1.9
   68 |   0.5468 |     16.694 |   0.9555 |     28.975 |     2.0
   69 |   0.5427 |     16.493 |   0.9485 |     28.622 |     2.0
   70 |   0.5345 |     16.319 |   0.9607 |     28.916 |     2.0
   71 |   0.5275 |     16.113 |   0.9451 |     28.828 |     2.0
   72 |   0.5210 |     15.902 |   0.9641 |     28.622 |     2.1
   73 |   0.5115 |     15.620 |   0.9536 |     28.681 |     2.1
   74 |   0.5015 |     15.191 |   0.9496 |     28.475 |     2.1
   75 |   0.4968 |     15.126 |   0.9514 |     28.210 |     2.2
Early stopping

Model: Seq2Seq Multimodal Bi-LSTM
Source index: <Seq2Seq Index with 43 items>
Target index: <Seq2Seq Index with 34 items>
Encoder embedding dimension: 128
Descriptors dimension: 1136
Decoder embedding dimension: 128
Encoder hidden units: 128
Encoder layers: 2
Decoder hidden units: 128
Decoder layers: 3
Dropout: 0.0
Trainable parameters: 1,557,666

Training started
X_train.shape: torch.Size([3072, 702])
Y_train.shape: torch.Size([3072, 7])
X_dev.shape: torch.Size([566, 649])
Y_dev.shape: torch.Size([566, 7])
Epochs: 500
Learning rate: 0.001
Weight decay: 1e-05
Epoch | Train                 | Development           | Minutes
      | Loss     | Error Rate | Loss     | Error Rate |
---------------------------------------------------------------
    1 |   2.2291 |     59.972 |   1.6708 |     49.411 |     0.0
    2 |   1.4889 |     46.273 |   1.4544 |     47.438 |     0.1
    3 |   1.4132 |     46.045 |   1.4317 |     47.409 |     0.1
    4 |   1.3966 |     46.012 |   1.4134 |     46.702 |     0.2
    5 |   1.3779 |     45.426 |   1.3947 |     46.908 |     0.2
    6 |   1.3462 |     44.591 |   1.3675 |     44.081 |     0.3
    7 |   1.3164 |     43.896 |   1.3581 |     44.494 |     0.3
    8 |   1.2891 |     42.980 |   1.3301 |     43.139 |     0.3
    9 |   1.2619 |     41.764 |   1.3201 |     43.051 |     0.4
   10 |   1.2350 |     40.951 |   1.3002 |     42.344 |     0.4
   11 |   1.2073 |     40.359 |   1.2801 |     42.668 |     0.5
   12 |   1.1733 |     39.084 |   1.2506 |     41.343 |     0.5
   13 |   1.1391 |     38.292 |   1.2084 |     40.872 |     0.5
   14 |   1.1049 |     37.234 |   1.1908 |     39.075 |     0.6
   15 |   1.0703 |     36.475 |   1.1615 |     38.398 |     0.6
   16 |   1.0337 |     35.335 |   1.1491 |     38.693 |     0.7
   17 |   1.0043 |     33.968 |   1.1593 |     38.634 |     0.7
   18 |   0.9726 |     32.932 |   1.0959 |     36.131 |     0.8
   19 |   0.9381 |     31.744 |   1.1009 |     37.132 |     0.8
   20 |   0.9042 |     30.821 |   1.0878 |     35.660 |     0.8
   21 |   0.8980 |     29.785 |   1.0760 |     35.601 |     0.9
   22 |   0.8427 |     28.385 |   1.0411 |     34.541 |     0.9
   23 |   0.8074 |     27.599 |   1.0480 |     33.952 |     1.0
   24 |   0.7738 |     26.242 |   1.0316 |     32.774 |     1.0
   25 |   0.7562 |     25.608 |   1.0246 |     32.921 |     1.1
   26 |   0.7377 |     24.854 |   1.0184 |     32.303 |     1.1
   27 |   0.7002 |     23.709 |   1.0139 |     32.833 |     1.1
   28 |   0.6707 |     22.624 |   1.0235 |     32.803 |     1.2
   29 |   0.6359 |     21.229 |   1.0036 |     31.625 |     1.2
   30 |   0.6210 |     20.551 |   1.0224 |     31.037 |     1.3
   31 |   0.5973 |     20.041 |   1.0156 |     30.860 |     1.3
   32 |   0.5686 |     19.168 |   1.0214 |     31.567 |     1.3
   33 |   0.5486 |     18.441 |   1.0240 |     30.654 |     1.4
   34 |   0.5230 |     17.725 |   0.9980 |     30.065 |     1.4
   35 |   0.5132 |     17.437 |   1.0244 |     30.241 |     1.5
   36 |   0.4940 |     16.954 |   1.0192 |     30.241 |     1.5
   37 |   0.4674 |     15.907 |   1.0064 |     29.093 |     1.6
   38 |   0.4619 |     15.723 |   1.0291 |     29.888 |     1.6
Early stopping

Model: Seq2Seq Multimodal Bi-LSTM
Source index: <Seq2Seq Index with 43 items>
Target index: <Seq2Seq Index with 34 items>
Encoder embedding dimension: 128
Descriptors dimension: 1136
Decoder embedding dimension: 64
Encoder hidden units: 32
Encoder layers: 3
Decoder hidden units: 128
Decoder layers: 3
Dropout: 0.1
Trainable parameters: 634,754

Training started
X_train.shape: torch.Size([3072, 702])
Y_train.shape: torch.Size([3072, 7])
X_dev.shape: torch.Size([566, 649])
Y_dev.shape: torch.Size([566, 7])
Epochs: 500
Learning rate: 0.001
Weight decay: 1e-05
Epoch | Train                 | Development           | Minutes
      | Loss     | Error Rate | Loss     | Error Rate |
---------------------------------------------------------------
    1 |   2.2118 |     59.619 |   1.6142 |     47.468 |     0.0
    2 |   1.4666 |     45.991 |   1.4386 |     46.731 |     0.0
    3 |   1.3818 |     45.909 |   1.3850 |     45.848 |     0.1
    4 |   1.3269 |     43.907 |   1.3423 |     45.230 |     0.1
    5 |   1.2732 |     42.345 |   1.2922 |     42.285 |     0.1
    6 |   1.2287 |     40.983 |   1.2447 |     41.225 |     0.1
    7 |   1.1892 |     39.448 |   1.2211 |     40.665 |     0.1
    8 |   1.1556 |     38.542 |   1.2105 |     40.283 |     0.2
    9 |   1.1183 |     37.674 |   1.1627 |     38.015 |     0.2
   10 |   1.0838 |     36.442 |   1.1346 |     37.780 |     0.2
   11 |   1.0423 |     34.988 |   1.1102 |     36.955 |     0.2
   12 |   1.0018 |     33.713 |   1.0928 |     36.631 |     0.2
   13 |   0.9602 |     32.118 |   1.0637 |     35.247 |     0.2
   14 |   0.9483 |     31.950 |   1.0822 |     36.661 |     0.3
   15 |   0.9209 |     30.924 |   1.0386 |     33.746 |     0.3
   16 |   0.8670 |     28.868 |   1.0169 |     33.039 |     0.3
   17 |   0.8206 |     27.295 |   1.0030 |     32.391 |     0.3
   18 |   0.7806 |     25.353 |   1.0055 |     31.949 |     0.3
   19 |   0.7471 |     24.360 |   1.0145 |     31.920 |     0.4
   20 |   0.7131 |     23.372 |   0.9887 |     30.860 |     0.4
   21 |   0.6801 |     22.005 |   0.9866 |     30.654 |     0.4
   22 |   0.6579 |     21.783 |   1.0046 |     31.037 |     0.4
   23 |   0.6342 |     20.969 |   0.9662 |     29.505 |     0.4
   24 |   0.6002 |     19.575 |   0.9992 |     30.183 |     0.5
   25 |   0.5669 |     18.403 |   0.9933 |     29.594 |     0.5
   26 |   0.5577 |     17.958 |   0.9978 |     29.535 |     0.5
   27 |   0.5307 |     17.356 |   1.0235 |     29.476 |     0.5
Early stopping

Model: Seq2Seq Multimodal Bi-LSTM
Source index: <Seq2Seq Index with 43 items>
Target index: <Seq2Seq Index with 34 items>
Encoder embedding dimension: 128
Descriptors dimension: 1136
Decoder embedding dimension: 128
Encoder hidden units: 32
Encoder layers: 4
Decoder hidden units: 128
Decoder layers: 2
Dropout: 0.0
Trainable parameters: 622,626

Training started
X_train.shape: torch.Size([3072, 702])
Y_train.shape: torch.Size([3072, 7])
X_dev.shape: torch.Size([566, 649])
Y_dev.shape: torch.Size([566, 7])
Epochs: 500
Learning rate: 0.001
Weight decay: 0.0001
Epoch | Train                 | Development           | Minutes
      | Loss     | Error Rate | Loss     | Error Rate |
---------------------------------------------------------------
    1 |   2.0560 |     56.684 |   1.4838 |     45.583 |     0.0
    2 |   1.3495 |     43.441 |   1.3129 |     42.992 |     0.0
    3 |   1.2259 |     39.871 |   1.2240 |     39.340 |     0.1
    4 |   1.1341 |     37.478 |   1.1582 |     38.369 |     0.1
    5 |   1.0591 |     35.194 |   1.1047 |     36.278 |     0.1
    6 |   0.9864 |     31.972 |   1.0637 |     34.923 |     0.1
    7 |   0.9142 |     29.498 |   1.0297 |     33.746 |     0.1
    8 |   0.8462 |     27.572 |   0.9932 |     32.803 |     0.2
    9 |   0.7862 |     25.347 |   0.9813 |     31.802 |     0.2
   10 |   0.7256 |     23.622 |   0.9591 |     30.860 |     0.2
   11 |   0.6743 |     21.772 |   0.9198 |     29.005 |     0.2
   12 |   0.6192 |     19.895 |   0.9242 |     28.828 |     0.2
   13 |   0.5819 |     18.696 |   0.9309 |     28.622 |     0.3
   14 |   0.5438 |     17.697 |   0.9291 |     28.357 |     0.3
   15 |   0.5051 |     16.287 |   0.9232 |     29.093 |     0.3
Early stopping

Model: Seq2Seq Multimodal Bi-LSTM
Source index: <Seq2Seq Index with 43 items>
Target index: <Seq2Seq Index with 34 items>
Encoder embedding dimension: 128
Descriptors dimension: 1136
Decoder embedding dimension: 64
Encoder hidden units: 64
Encoder layers: 4
Decoder hidden units: 128
Decoder layers: 2
Dropout: 0.2
Trainable parameters: 1,128,482

Training started
X_train.shape: torch.Size([3072, 702])
Y_train.shape: torch.Size([3072, 7])
X_dev.shape: torch.Size([566, 649])
Y_dev.shape: torch.Size([566, 7])
Epochs: 500
Learning rate: 0.0001
Weight decay: 1e-05
Epoch | Train                 | Development           | Minutes
      | Loss     | Error Rate | Loss     | Error Rate |
---------------------------------------------------------------
    1 |   3.1043 |     82.031 |   2.5493 |     66.726 |     0.4
    2 |   2.3184 |     59.147 |   2.1559 |     58.333 |     0.7
    3 |   2.0536 |     56.000 |   1.9740 |     55.271 |     1.1
    4 |   1.8835 |     50.711 |   1.8152 |     48.940 |     1.4
    5 |   1.7349 |     48.725 |   1.6968 |     49.382 |     1.8
    6 |   1.6288 |     48.600 |   1.6103 |     49.352 |     2.2
    7 |   1.5509 |     46.512 |   1.5466 |     47.438 |     2.5
    8 |   1.4926 |     46.023 |   1.5012 |     47.409 |     2.9
    9 |   1.4489 |     45.969 |   1.4640 |     47.438 |     3.2
   10 |   1.4159 |     45.855 |   1.4357 |     47.320 |     3.6
   11 |   1.3874 |     45.426 |   1.4106 |     46.849 |     4.0
   12 |   1.3642 |     44.580 |   1.3931 |     46.260 |     4.3
   13 |   1.3434 |     44.000 |   1.3802 |     45.554 |     4.7
   14 |   1.3234 |     43.256 |   1.3634 |     44.052 |     5.0
   15 |   1.3055 |     42.231 |   1.3550 |     43.934 |     5.4
   16 |   1.2890 |     41.591 |   1.3338 |     42.580 |     5.8
   17 |   1.2716 |     40.728 |   1.3152 |     41.755 |     6.1
   18 |   1.2531 |     40.262 |   1.3040 |     41.637 |     6.5
   19 |   1.2359 |     39.752 |   1.2916 |     40.931 |     6.8
   20 |   1.2180 |     39.269 |   1.2774 |     40.548 |     7.2
   21 |   1.2019 |     38.976 |   1.2694 |     40.518 |     7.6
   22 |   1.1853 |     38.406 |   1.2588 |     40.047 |     7.9
   23 |   1.1686 |     37.929 |   1.2399 |     39.988 |     8.3
   24 |   1.1520 |     37.619 |   1.2313 |     39.605 |     8.6
   25 |   1.1378 |     36.957 |   1.2235 |     39.870 |     9.0
   26 |   1.1225 |     36.599 |   1.2079 |     38.751 |     9.4
   27 |   1.1063 |     35.905 |   1.1981 |     38.104 |     9.7
   28 |   1.0910 |     35.335 |   1.1891 |     38.133 |    10.1
   29 |   1.0769 |     34.793 |   1.1808 |     37.574 |    10.4
   30 |   1.0635 |     34.174 |   1.1723 |     37.102 |    10.8
   31 |   1.0493 |     33.659 |   1.1574 |     36.896 |    11.2
   32 |   1.0341 |     32.943 |   1.1574 |     36.779 |    11.5
   33 |   1.0186 |     32.406 |   1.1448 |     36.307 |    11.9
   34 |   1.0008 |     31.738 |   1.1342 |     36.042 |    12.2
   35 |   0.9893 |     31.364 |   1.1335 |     36.101 |    12.6
   36 |   0.9775 |     30.610 |   1.1186 |     35.424 |    13.0
   37 |   0.9615 |     30.268 |   1.1090 |     35.130 |    13.3
   38 |   0.9447 |     29.628 |   1.1034 |     34.600 |    13.7
   39 |   0.9375 |     29.465 |   1.0926 |     34.865 |    14.0
   40 |   0.9219 |     28.722 |   1.0915 |     34.482 |    14.4
   41 |   0.9082 |     28.543 |   1.0826 |     34.658 |    14.8
   42 |   0.8984 |     27.951 |   1.0748 |     33.922 |    15.1
   43 |   0.8804 |     27.658 |   1.0688 |     33.746 |    15.5
   44 |   0.8686 |     27.268 |   1.0681 |     33.893 |    15.8
   45 |   0.8568 |     26.883 |   1.0575 |     33.775 |    16.2
   46 |   0.8449 |     26.362 |   1.0553 |     33.863 |    16.6
   47 |   0.8316 |     25.922 |   1.0500 |     32.951 |    16.9
   48 |   0.8160 |     25.293 |   1.0394 |     32.892 |    17.3
   49 |   0.8085 |     25.038 |   1.0402 |     33.068 |    17.6
   50 |   0.7971 |     24.783 |   1.0377 |     32.686 |    18.0
   51 |   0.7843 |     24.468 |   1.0219 |     32.332 |    18.4
   52 |   0.7748 |     24.078 |   1.0145 |     31.920 |    18.7
   53 |   0.7618 |     23.758 |   1.0075 |     31.596 |    19.1
   54 |   0.7474 |     23.025 |   1.0131 |     31.802 |    19.4
   55 |   0.7357 |     22.797 |   1.0109 |     31.272 |    19.9
   56 |   0.7299 |     22.515 |   1.0011 |     31.037 |    20.2
   57 |   0.7138 |     21.837 |   1.0014 |     30.830 |    20.6
   58 |   0.7058 |     21.745 |   0.9995 |     31.243 |    20.9
   59 |   0.6941 |     21.381 |   1.0048 |     31.243 |    21.3
   60 |   0.6885 |     21.430 |   0.9924 |     30.124 |    21.7
   61 |   0.6726 |     20.898 |   0.9919 |     30.006 |    22.0
   62 |   0.6602 |     20.334 |   0.9851 |     30.065 |    22.4
   63 |   0.6564 |     20.101 |   0.9891 |     30.124 |    22.8
   64 |   0.6446 |     19.840 |   0.9808 |     30.418 |    23.1
   65 |   0.6352 |     19.455 |   0.9765 |     29.800 |    23.5
   66 |   0.6269 |     19.260 |   0.9752 |     29.859 |    23.8
   67 |   0.6192 |     19.097 |   0.9756 |     30.241 |    24.2
   68 |   0.6072 |     18.842 |   0.9783 |     30.153 |    24.6
   69 |   0.6010 |     18.294 |   0.9712 |     29.711 |    24.9
   70 |   0.5968 |     18.224 |   0.9692 |     29.682 |    25.3
   71 |   0.5864 |     18.056 |   0.9658 |     29.329 |    25.6
   72 |   0.5751 |     17.589 |   0.9637 |     29.005 |    26.0
   73 |   0.5699 |     17.524 |   0.9689 |     29.152 |    26.3
   74 |   0.5602 |     17.144 |   0.9648 |     29.034 |    26.7
   75 |   0.5520 |     16.900 |   0.9705 |     28.710 |    27.1
   76 |   0.5477 |     17.041 |   0.9682 |     29.122 |    27.4
Early stopping

Model: Seq2Seq Multimodal Bi-LSTM
Source index: <Seq2Seq Index with 43 items>
Target index: <Seq2Seq Index with 34 items>
Encoder embedding dimension: 128
Descriptors dimension: 1136
Decoder embedding dimension: 64
Encoder hidden units: 64
Encoder layers: 4
Decoder hidden units: 128
Decoder layers: 4
Dropout: 0.1
Trainable parameters: 1,392,674

Training started
X_train.shape: torch.Size([3072, 702])
Y_train.shape: torch.Size([3072, 7])
X_dev.shape: torch.Size([566, 649])
Y_dev.shape: torch.Size([566, 7])
Epochs: 500
Learning rate: 0.001
Weight decay: 0.0001
Epoch | Train                 | Development           | Minutes
      | Loss     | Error Rate | Loss     | Error Rate |
---------------------------------------------------------------
    1 |   2.3049 |     62.560 |   1.7229 |     49.441 |     0.4
    2 |   1.5235 |     46.528 |   1.4643 |     46.731 |     0.7
    3 |   1.4192 |     46.034 |   1.4402 |     47.468 |     1.1
    4 |   1.4039 |     45.958 |   1.4266 |     47.468 |     1.4
    5 |   1.3967 |     46.099 |   1.4173 |     46.731 |     1.8
    6 |   1.3937 |     45.953 |   1.4156 |     47.438 |     2.2
    7 |   1.3926 |     46.061 |   1.4133 |     47.468 |     2.5
    8 |   1.3839 |     46.191 |   1.4086 |     47.468 |     2.9
    9 |   1.3670 |     45.660 |   1.3873 |     46.143 |     3.3
   10 |   1.3440 |     45.047 |   1.3716 |     45.495 |     3.6
   11 |   1.3342 |     44.737 |   1.3860 |     45.730 |     4.0
   12 |   1.3260 |     44.548 |   1.3660 |     46.172 |     4.3
   13 |   1.3190 |     44.428 |   1.3627 |     45.318 |     4.7
   14 |   1.3047 |     43.934 |   1.3362 |     44.523 |     5.1
   15 |   1.2878 |     43.354 |   1.3376 |     43.963 |     5.4
   16 |   1.2814 |     42.925 |   1.3150 |     44.670 |     5.8
   17 |   1.2624 |     42.741 |   1.3069 |     43.875 |     6.2
   18 |   1.2498 |     42.312 |   1.2938 |     43.375 |     6.5
   19 |   1.2448 |     42.280 |   1.3003 |     43.345 |     6.9
   20 |   1.2310 |     41.802 |   1.2865 |     42.874 |     7.3
   21 |   1.2239 |     41.661 |   1.2845 |     43.198 |     7.6
   22 |   1.2201 |     41.542 |   1.2819 |     43.168 |     8.0
   23 |   1.2008 |     41.054 |   1.2685 |     42.403 |     8.3
   24 |   1.1849 |     40.435 |   1.2814 |     42.491 |     8.7
   25 |   1.1793 |     40.337 |   1.2540 |     42.491 |     9.1
   26 |   1.1623 |     39.589 |   1.2512 |     42.580 |     9.4
   27 |   1.1474 |     38.997 |   1.2300 |     40.548 |     9.8
   28 |   1.1333 |     38.677 |   1.2291 |     40.724 |    10.1
   29 |   1.1268 |     38.178 |   1.2247 |     40.459 |    10.5
   30 |   1.1225 |     38.270 |   1.2303 |     40.989 |    10.9
   31 |   1.1061 |     37.788 |   1.2113 |     40.548 |    11.2
   32 |   1.0860 |     37.088 |   1.2162 |     40.194 |    11.6
   33 |   1.0819 |     36.990 |   1.2034 |     39.812 |    11.9
   34 |   1.0681 |     36.382 |   1.2208 |     39.753 |    12.3
   35 |   1.0522 |     36.041 |   1.2063 |     38.958 |    12.7
   36 |   1.0446 |     35.493 |   1.1871 |     39.547 |    13.0
   37 |   1.0238 |     34.771 |   1.1903 |     39.605 |    13.4
   38 |   1.0051 |     34.277 |   1.1870 |     39.164 |    13.7
   39 |   1.0124 |     34.435 |   1.1833 |     38.663 |    14.1
   40 |   1.0069 |     34.218 |   1.1904 |     38.575 |    14.5
   41 |   0.9840 |     33.398 |   1.2008 |     39.576 |    14.8
   42 |   0.9793 |     33.002 |   1.1759 |     38.457 |    15.2
   43 |   0.9719 |     33.143 |   1.1873 |     38.575 |    15.5
   44 |   0.9670 |     32.970 |   1.1767 |     38.840 |    15.9
   45 |   0.9484 |     32.351 |   1.1874 |     38.280 |    16.3
   46 |   0.9454 |     32.422 |   1.2107 |     39.959 |    16.6
Early stopping

Model: Seq2Seq Multimodal Bi-LSTM
Source index: <Seq2Seq Index with 43 items>
Target index: <Seq2Seq Index with 34 items>
Encoder embedding dimension: 128
Descriptors dimension: 1136
Decoder embedding dimension: 128
Encoder hidden units: 64
Encoder layers: 2
Decoder hidden units: 128
Decoder layers: 4
Dropout: 0.2
Trainable parameters: 968,738

Training started
X_train.shape: torch.Size([3072, 702])
Y_train.shape: torch.Size([3072, 7])
X_dev.shape: torch.Size([566, 649])
Y_dev.shape: torch.Size([566, 7])
Epochs: 500
Learning rate: 0.001
Weight decay: 1e-05
Epoch | Train                 | Development           | Minutes
      | Loss     | Error Rate | Loss     | Error Rate |
---------------------------------------------------------------
    1 |   2.2983 |     62.901 |   1.6717 |     47.468 |     0.0
    2 |   1.4907 |     46.007 |   1.4620 |     47.468 |     0.0
    3 |   1.4151 |     45.953 |   1.4275 |     47.468 |     0.1
    4 |   1.3921 |     46.045 |   1.4109 |     46.731 |     0.1
    5 |   1.3666 |     45.774 |   1.3814 |     47.291 |     0.1
    6 |   1.3339 |     44.927 |   1.3395 |     46.290 |     0.1
    7 |   1.2964 |     44.065 |   1.3074 |     44.729 |     0.1
    8 |   1.2680 |     43.018 |   1.2895 |     43.227 |     0.2
    9 |   1.2486 |     42.730 |   1.2697 |     43.168 |     0.2
   10 |   1.2301 |     42.133 |   1.2446 |     41.843 |     0.2
   11 |   1.2041 |     41.265 |   1.2265 |     42.285 |     0.2
   12 |   1.1813 |     40.403 |   1.2036 |     40.783 |     0.2
   13 |   1.1600 |     39.876 |   1.1872 |     40.165 |     0.3
   14 |   1.1375 |     39.214 |   1.1926 |     40.518 |     0.3
   15 |   1.1171 |     38.580 |   1.1649 |     39.782 |     0.3
   16 |   1.0890 |     37.657 |   1.1498 |     38.663 |     0.3
   17 |   1.0680 |     37.288 |   1.1406 |     38.133 |     0.3
   18 |   1.0472 |     36.442 |   1.1080 |     37.014 |     0.4
   19 |   1.0233 |     35.525 |   1.1096 |     38.104 |     0.4
   20 |   1.0041 |     34.695 |   1.0820 |     36.985 |     0.4
   21 |   0.9804 |     34.006 |   1.0839 |     36.396 |     0.4
   22 |   0.9583 |     33.388 |   1.0750 |     35.954 |     0.4
   23 |   0.9428 |     32.503 |   1.0836 |     35.984 |     0.5
   24 |   0.9235 |     32.340 |   1.0441 |     35.512 |     0.5
   25 |   0.8927 |     30.648 |   1.0363 |     34.541 |     0.5
   26 |   0.8730 |     30.279 |   1.0298 |     33.333 |     0.5
   27 |   0.8640 |     29.932 |   1.0505 |     34.276 |     0.5
   28 |   0.8336 |     28.711 |   1.0399 |     34.393 |     0.6
   29 |   0.8216 |     28.168 |   1.0092 |     33.157 |     0.6
   30 |   0.7981 |     27.485 |   1.0059 |     33.274 |     0.6
   31 |   0.7843 |     27.056 |   1.0089 |     32.951 |     0.6
   32 |   0.7594 |     26.221 |   1.0213 |     32.921 |     0.6
   33 |   0.7477 |     25.510 |   1.0252 |     32.892 |     0.7
   34 |   0.7294 |     25.016 |   1.0157 |     32.538 |     0.7
   35 |   0.7124 |     24.127 |   0.9943 |     31.890 |     0.7
   36 |   0.6961 |     23.872 |   0.9868 |     31.302 |     0.7
   37 |   0.6881 |     23.541 |   1.0052 |     31.331 |     0.8
   38 |   0.6824 |     23.220 |   0.9792 |     30.477 |     0.8
   39 |   0.6591 |     22.559 |   0.9589 |     29.711 |     0.8
   40 |   0.6424 |     21.609 |   0.9993 |     30.683 |     0.8
   41 |   0.6290 |     21.490 |   0.9907 |     30.448 |     0.8
   42 |   0.6157 |     20.622 |   0.9768 |     30.271 |     0.9
   43 |   0.6039 |     20.264 |   0.9804 |     29.388 |     0.9
Early stopping

Model: Seq2Seq Multimodal Bi-LSTM
Source index: <Seq2Seq Index with 43 items>
Target index: <Seq2Seq Index with 34 items>
Encoder embedding dimension: 64
Descriptors dimension: 1136
Decoder embedding dimension: 128
Encoder hidden units: 128
Encoder layers: 4
Decoder hidden units: 128
Decoder layers: 3
Dropout: 0.0
Trainable parameters: 2,898,658

Training started
X_train.shape: torch.Size([3072, 702])
Y_train.shape: torch.Size([3072, 7])
X_dev.shape: torch.Size([566, 649])
Y_dev.shape: torch.Size([566, 7])
Epochs: 500
Learning rate: 0.0001
Weight decay: 0.0001
Epoch | Train                 | Development           | Minutes
      | Loss     | Error Rate | Loss     | Error Rate |
---------------------------------------------------------------
    1 |   3.1484 |     84.521 |   2.6149 |     67.697 |     0.1
    2 |   2.3392 |     59.104 |   2.1695 |     58.922 |     0.2
    3 |   2.0402 |     56.391 |   1.9708 |     53.887 |     0.3
    4 |   1.8667 |     49.490 |   1.8259 |     49.441 |     0.4
    5 |   1.7356 |     48.497 |   1.7162 |     49.411 |     0.5
    6 |   1.6385 |     48.497 |   1.6321 |     49.411 |     0.6
    7 |   1.5668 |     46.077 |   1.5714 |     47.438 |     0.7
    8 |   1.5171 |     46.012 |   1.5318 |     47.468 |     0.8
    9 |   1.4834 |     46.007 |   1.5026 |     47.438 |     0.9
   10 |   1.4576 |     46.012 |   1.4803 |     47.438 |     1.0
   11 |   1.4334 |     46.012 |   1.4620 |     47.438 |     1.1
   12 |   1.4120 |     45.964 |   1.4401 |     46.643 |     1.2
   13 |   1.3897 |     45.502 |   1.4210 |     47.114 |     1.3
   14 |   1.3693 |     44.786 |   1.3997 |     46.054 |     1.4
   15 |   1.3513 |     44.043 |   1.3847 |     45.995 |     1.5
   16 |   1.3334 |     43.745 |   1.3798 |     45.848 |     1.6
   17 |   1.3177 |     43.370 |   1.3648 |     45.671 |     1.8
   18 |   1.3020 |     43.132 |   1.3512 |     45.289 |     1.9
   19 |   1.2871 |     42.643 |   1.3426 |     44.965 |     2.0
   20 |   1.2708 |     42.323 |   1.3350 |     45.230 |     2.1
   21 |   1.2540 |     41.819 |   1.3224 |     44.817 |     2.2
   22 |   1.2403 |     41.482 |   1.3066 |     44.611 |     2.3
   23 |   1.2240 |     41.200 |   1.2943 |     44.229 |     2.4
   24 |   1.2082 |     40.690 |   1.2908 |     43.875 |     2.5
   25 |   1.1912 |     39.952 |   1.2768 |     42.903 |     2.6
   26 |   1.1738 |     39.160 |   1.2638 |     42.550 |     2.7
   27 |   1.1583 |     38.509 |   1.2574 |     42.344 |     2.8
   28 |   1.1425 |     38.015 |   1.2555 |     40.901 |     2.9
   29 |   1.1241 |     37.554 |   1.2549 |     41.313 |     3.0
   30 |   1.1078 |     37.055 |   1.2522 |     41.225 |     3.1
   31 |   1.0899 |     36.502 |   1.2388 |     41.048 |     3.2
   32 |   1.0721 |     35.444 |   1.2326 |     40.459 |     3.3
   33 |   1.0534 |     34.521 |   1.2189 |     39.164 |     3.4
   34 |   1.0350 |     33.914 |   1.2097 |     38.634 |     3.5
   35 |   1.0169 |     32.981 |   1.2027 |     39.134 |     3.6
   36 |   0.9991 |     32.319 |   1.2008 |     38.163 |     3.7
   37 |   0.9791 |     31.510 |   1.1969 |     38.163 |     3.8
   38 |   0.9613 |     30.816 |   1.1822 |     37.633 |     3.9
   39 |   0.9412 |     29.763 |   1.1894 |     37.633 |     4.0
   40 |   0.9227 |     29.275 |   1.1798 |     36.366 |     4.1
   41 |   0.9049 |     28.651 |   1.1725 |     36.985 |     4.2
   42 |   0.8869 |     27.713 |   1.1716 |     36.190 |     4.3
   43 |   0.8704 |     27.235 |   1.1639 |     35.925 |     4.5
   44 |   0.8555 |     26.823 |   1.1641 |     35.777 |     4.6
   45 |   0.8395 |     26.242 |   1.1681 |     35.012 |     4.7
   46 |   0.8249 |     25.776 |   1.1444 |     35.100 |     4.8
   47 |   0.8126 |     25.212 |   1.1470 |     34.747 |     4.9
   48 |   0.7974 |     24.913 |   1.1506 |     34.776 |     5.0
   49 |   0.7840 |     24.403 |   1.1454 |     34.187 |     5.1
   50 |   0.7687 |     23.975 |   1.1597 |     35.306 |     5.2
Early stopping

Model: Seq2Seq Multimodal Bi-LSTM
Source index: <Seq2Seq Index with 43 items>
Target index: <Seq2Seq Index with 34 items>
Encoder embedding dimension: 64
Descriptors dimension: 1136
Decoder embedding dimension: 128
Encoder hidden units: 32
Encoder layers: 2
Decoder hidden units: 128
Decoder layers: 2
Dropout: 0.1
Trainable parameters: 435,490

Training started
X_train.shape: torch.Size([3072, 702])
Y_train.shape: torch.Size([3072, 7])
X_dev.shape: torch.Size([566, 649])
Y_dev.shape: torch.Size([566, 7])
Epochs: 500
Learning rate: 0.0001
Weight decay: 1e-05
Epoch | Train                 | Development           | Minutes
      | Loss     | Error Rate | Loss     | Error Rate |
---------------------------------------------------------------
    1 |   3.2252 |     67.768 |   2.6141 |     63.958 |     0.0
    2 |   2.2454 |     57.210 |   2.0283 |     54.947 |     0.0
    3 |   1.8989 |     50.206 |   1.8252 |     49.087 |     0.0
    4 |   1.7256 |     48.188 |   1.6859 |     48.999 |     0.1
    5 |   1.6043 |     48.161 |   1.5879 |     48.940 |     0.1
    6 |   1.5198 |     46.474 |   1.5175 |     46.938 |     0.1
    7 |   1.4594 |     45.627 |   1.4675 |     46.908 |     0.1
    8 |   1.4155 |     45.660 |   1.4280 |     45.259 |     0.1
    9 |   1.3810 |     45.264 |   1.3974 |     46.201 |     0.1
   10 |   1.3516 |     44.558 |   1.3770 |     46.025 |     0.1
   11 |   1.3275 |     44.081 |   1.3546 |     44.170 |     0.1
   12 |   1.3048 |     43.077 |   1.3370 |     43.728 |     0.2
   13 |   1.2847 |     42.318 |   1.3152 |     43.846 |     0.2
   14 |   1.2657 |     41.656 |   1.2982 |     43.492 |     0.2
   15 |   1.2461 |     41.178 |   1.2886 |     43.080 |     0.2
   16 |   1.2291 |     40.652 |   1.2730 |     41.578 |     0.2
   17 |   1.2132 |     39.703 |   1.2573 |     41.078 |     0.2
   18 |   1.1982 |     39.138 |   1.2443 |     39.841 |     0.2
   19 |   1.1798 |     38.249 |   1.2303 |     39.458 |     0.3
   20 |   1.1645 |     37.500 |   1.2150 |     38.840 |     0.3
   21 |   1.1477 |     36.816 |   1.2119 |     39.016 |     0.3
   22 |   1.1300 |     36.404 |   1.1942 |     38.251 |     0.3
   23 |   1.1157 |     36.030 |   1.1855 |     37.633 |     0.3
   24 |   1.0997 |     35.021 |   1.1796 |     37.868 |     0.3
   25 |   1.0862 |     34.901 |   1.1719 |     37.750 |     0.3
   26 |   1.0724 |     34.380 |   1.1508 |     36.837 |     0.3
   27 |   1.0589 |     34.006 |   1.1467 |     36.896 |     0.4
   28 |   1.0438 |     33.480 |   1.1354 |     36.337 |     0.4
   29 |   1.0291 |     33.285 |   1.1223 |     35.866 |     0.4
   30 |   1.0168 |     32.921 |   1.1146 |     35.483 |     0.4
   31 |   1.0043 |     32.313 |   1.1055 |     35.748 |     0.4
   32 |   0.9909 |     31.782 |   1.0985 |     35.336 |     0.4
   33 |   0.9803 |     31.174 |   1.0958 |     35.012 |     0.4
   34 |   0.9659 |     30.930 |   1.0792 |     34.923 |     0.5
   35 |   0.9570 |     30.512 |   1.0822 |     34.482 |     0.5
   36 |   0.9427 |     29.709 |   1.0690 |     34.246 |     0.5
   37 |   0.9324 |     29.476 |   1.0581 |     33.598 |     0.5
   38 |   0.9209 |     29.297 |   1.0540 |     33.657 |     0.5
   39 |   0.9143 |     28.923 |   1.0616 |     34.246 |     0.5
   40 |   0.9013 |     28.847 |   1.0455 |     33.392 |     0.5
   41 |   0.8913 |     28.125 |   1.0443 |     33.598 |     0.6
   42 |   0.8822 |     28.103 |   1.0350 |     33.157 |     0.6
   43 |   0.8711 |     27.599 |   1.0367 |     33.422 |     0.6
   44 |   0.8598 |     27.360 |   1.0264 |     33.157 |     0.6
   45 |   0.8519 |     26.980 |   1.0223 |     32.479 |     0.6
   46 |   0.8404 |     26.497 |   1.0124 |     32.509 |     0.6
   47 |   0.8318 |     26.172 |   1.0153 |     32.568 |     0.6
   48 |   0.8225 |     25.656 |   1.0154 |     32.097 |     0.6
   49 |   0.8169 |     25.754 |   1.0095 |     31.743 |     0.7
   50 |   0.8074 |     25.309 |   1.0063 |     31.949 |     0.7
   51 |   0.7963 |     25.000 |   0.9999 |     32.185 |     0.7
   52 |   0.7873 |     24.718 |   0.9903 |     32.038 |     0.7
   53 |   0.7831 |     24.669 |   0.9835 |     31.213 |     0.7
   54 |   0.7678 |     24.034 |   0.9947 |     31.773 |     0.7
   55 |   0.7628 |     23.828 |   0.9913 |     31.567 |     0.7
   56 |   0.7569 |     23.606 |   0.9782 |     31.449 |     0.8
   57 |   0.7481 |     23.172 |   0.9842 |     31.419 |     0.8
   58 |   0.7389 |     23.215 |   0.9755 |     31.184 |     0.8
   59 |   0.7322 |     22.830 |   0.9751 |     31.037 |     0.8
   60 |   0.7234 |     22.553 |   0.9774 |     31.007 |     0.8
   61 |   0.7155 |     22.542 |   0.9657 |     31.184 |     0.8
   62 |   0.7102 |     22.135 |   0.9691 |     30.919 |     0.8
   63 |   0.6997 |     21.701 |   0.9598 |     30.801 |     0.9
   64 |   0.6956 |     21.707 |   0.9603 |     30.624 |     0.9
   65 |   0.6876 |     21.528 |   0.9571 |     30.624 |     0.9
   66 |   0.6813 |     21.425 |   0.9489 |     30.506 |     0.9
   67 |   0.6711 |     20.985 |   0.9561 |     30.006 |     0.9
   68 |   0.6657 |     20.752 |   0.9495 |     29.800 |     0.9
   69 |   0.6595 |     20.616 |   0.9547 |     30.477 |     0.9
   70 |   0.6562 |     20.692 |   0.9509 |     30.448 |     0.9
   71 |   0.6462 |     20.312 |   0.9378 |     29.888 |     1.0
   72 |   0.6420 |     20.020 |   0.9429 |     29.682 |     1.0
   73 |   0.6342 |     19.786 |   0.9418 |     29.653 |     1.0
   74 |   0.6292 |     19.808 |   0.9435 |     29.270 |     1.0
   75 |   0.6242 |     19.596 |   0.9402 |     29.093 |     1.0
Early stopping

Model: Seq2Seq Multimodal Bi-LSTM
Source index: <Seq2Seq Index with 43 items>
Target index: <Seq2Seq Index with 34 items>
Encoder embedding dimension: 64
Descriptors dimension: 1136
Decoder embedding dimension: 64
Encoder hidden units: 32
Encoder layers: 2
Decoder hidden units: 64
Decoder layers: 2
Dropout: 0.0
Trainable parameters: 217,122

Training started
X_train.shape: torch.Size([3072, 702])
Y_train.shape: torch.Size([3072, 7])
X_dev.shape: torch.Size([566, 649])
Y_dev.shape: torch.Size([566, 7])
Epochs: 500
Learning rate: 0.001
Weight decay: 1e-05
Epoch | Train                 | Development           | Minutes
      | Loss     | Error Rate | Loss     | Error Rate |
---------------------------------------------------------------
    1 |   2.4477 |     64.274 |   1.8653 |     51.767 |     0.0
    2 |   1.5913 |     46.691 |   1.4812 |     47.232 |     0.0
    3 |   1.3891 |     44.938 |   1.3778 |     45.377 |     0.0
    4 |   1.3052 |     42.795 |   1.3134 |     42.138 |     0.0
    5 |   1.2387 |     40.435 |   1.2651 |     40.960 |     0.1
    6 |   1.1884 |     39.231 |   1.2208 |     40.194 |     0.1
    7 |   1.1380 |     37.858 |   1.1951 |     38.869 |     0.1
    8 |   1.0924 |     36.127 |   1.1589 |     38.840 |     0.1
    9 |   1.0513 |     34.163 |   1.1292 |     36.837 |     0.1
   10 |   1.0103 |     32.899 |   1.1079 |     36.425 |     0.1
   11 |   0.9628 |     31.228 |   1.0699 |     35.041 |     0.1
   12 |   0.9126 |     29.031 |   1.0539 |     33.922 |     0.2
   13 |   0.8728 |     27.778 |   1.0411 |     33.746 |     0.2
   14 |   0.8330 |     26.449 |   1.0290 |     33.186 |     0.2
   15 |   0.7902 |     24.940 |   1.0174 |     32.097 |     0.2
   16 |   0.7500 |     23.698 |   1.0014 |     31.478 |     0.2
   17 |   0.7208 |     23.003 |   0.9940 |     30.153 |     0.2
   18 |   0.6845 |     21.549 |   0.9926 |     31.007 |     0.2
   19 |   0.6560 |     20.557 |   0.9848 |     30.330 |     0.2
   20 |   0.6268 |     19.873 |   0.9927 |     29.417 |     0.3
   21 |   0.6004 |     18.750 |   0.9859 |     29.918 |     0.3
   22 |   0.5787 |     17.801 |   0.9838 |     29.388 |     0.3
   23 |   0.5426 |     16.797 |   0.9908 |     29.417 |     0.3
   24 |   0.5349 |     16.721 |   1.0071 |     28.622 |     0.3
   25 |   0.5117 |     15.983 |   0.9795 |     27.856 |     0.3
   26 |   0.4871 |     15.072 |   0.9817 |     28.004 |     0.3
   27 |   0.4591 |     14.176 |   0.9923 |     28.180 |     0.3
   28 |   0.4456 |     13.949 |   0.9996 |     28.239 |     0.4
   29 |   0.4274 |     13.265 |   1.0054 |     28.622 |     0.4
Early stopping

Model: Seq2Seq Multimodal Bi-LSTM
Source index: <Seq2Seq Index with 43 items>
Target index: <Seq2Seq Index with 34 items>
Encoder embedding dimension: 64
Descriptors dimension: 1136
Decoder embedding dimension: 64
Encoder hidden units: 128
Encoder layers: 3
Decoder hidden units: 64
Decoder layers: 3
Dropout: 0.2
Trainable parameters: 1,778,530

Training started
X_train.shape: torch.Size([3072, 702])
Y_train.shape: torch.Size([3072, 7])
X_dev.shape: torch.Size([566, 649])
Y_dev.shape: torch.Size([566, 7])
Epochs: 500
Learning rate: 0.001
Weight decay: 0.0001
Epoch | Train                 | Development           | Minutes
      | Loss     | Error Rate | Loss     | Error Rate |
---------------------------------------------------------------
    1 |   2.5504 |     68.007 |   2.0304 |     59.128 |     0.4
    2 |   1.7773 |     50.684 |   1.6212 |     47.468 |     0.7
    3 |   1.5068 |     46.050 |   1.4793 |     46.731 |     1.1
    4 |   1.4342 |     45.996 |   1.4436 |     46.731 |     1.5
    5 |   1.4126 |     46.181 |   1.4334 |     47.468 |     1.9
    6 |   1.4024 |     46.050 |   1.4234 |     47.438 |     2.3
    7 |   1.3926 |     46.002 |   1.4166 |     47.497 |     2.6
    8 |   1.3816 |     45.774 |   1.4114 |     46.584 |     3.0
    9 |   1.3703 |     45.459 |   1.3869 |     45.878 |     3.4
   10 |   1.3547 |     44.797 |   1.3882 |     45.495 |     3.8
   11 |   1.3417 |     44.667 |   1.3675 |     45.554 |     4.1
   12 |   1.3334 |     44.385 |   1.3675 |     44.847 |     4.5
   13 |   1.3228 |     44.135 |   1.3560 |     44.287 |     4.9
   14 |   1.3142 |     43.972 |   1.3563 |     44.729 |     5.3
   15 |   1.3046 |     43.766 |   1.3561 |     44.965 |     5.7
   16 |   1.3000 |     43.598 |   1.3339 |     43.787 |     6.0
   17 |   1.2898 |     43.283 |   1.3377 |     44.081 |     6.4
   18 |   1.2805 |     42.470 |   1.3252 |     43.787 |     6.8
   19 |   1.2715 |     42.274 |   1.3103 |     43.581 |     7.1
   20 |   1.2653 |     42.263 |   1.3047 |     42.903 |     7.5
   21 |   1.2538 |     41.781 |   1.3059 |     43.286 |     7.9
   22 |   1.2512 |     41.878 |   1.3005 |     43.110 |     8.3
   23 |   1.2406 |     41.737 |   1.2892 |     42.697 |     8.6
   24 |   1.2344 |     41.477 |   1.2848 |     43.286 |     9.0
   25 |   1.2207 |     41.059 |   1.2860 |     42.521 |     9.4
   26 |   1.2187 |     41.173 |   1.2767 |     42.697 |     9.8
   27 |   1.2136 |     41.238 |   1.2819 |     42.197 |    10.1
   28 |   1.2034 |     40.647 |   1.2691 |     42.138 |    10.5
   29 |   1.1950 |     40.560 |   1.2659 |     41.608 |    10.9
   30 |   1.1935 |     40.451 |   1.2604 |     41.372 |    11.3
   31 |   1.1893 |     40.077 |   1.2489 |     41.549 |    11.6
   32 |   1.1854 |     39.681 |   1.2457 |     40.695 |    12.0
   33 |   1.1761 |     39.610 |   1.2435 |     40.989 |    12.4
   34 |   1.1733 |     39.399 |   1.2348 |     41.078 |    12.8
   35 |   1.1672 |     39.480 |   1.2378 |     41.196 |    13.1
   36 |   1.1571 |     39.247 |   1.2448 |     41.254 |    13.5
   37 |   1.1507 |     38.791 |   1.2419 |     41.254 |    13.9
   38 |   1.1326 |     38.227 |   1.2244 |     40.106 |    14.3
   39 |   1.1405 |     38.395 |   1.2288 |     40.607 |    14.6
   40 |   1.1318 |     38.200 |   1.2224 |     40.548 |    15.0
   41 |   1.1192 |     37.945 |   1.2096 |     40.783 |    15.4
   42 |   1.1151 |     37.891 |   1.2135 |     40.489 |    15.8
   43 |   1.1076 |     37.543 |   1.2185 |     39.664 |    16.1
   44 |   1.0956 |     37.185 |   1.2005 |     38.663 |    16.5
   45 |   1.0873 |     36.768 |   1.1967 |     39.252 |    16.9
   46 |   1.0926 |     36.985 |   1.1979 |     39.900 |    17.3
   47 |   1.0874 |     36.860 |   1.1860 |     38.869 |    17.7
   48 |   1.0787 |     36.589 |   1.2150 |     39.812 |    18.0
   49 |   1.0868 |     37.050 |   1.1900 |     39.664 |    18.4
   50 |   1.0719 |     36.735 |   1.1767 |     39.252 |    18.8
   51 |   1.0628 |     36.187 |   1.1704 |     38.928 |    19.1
   52 |   1.0506 |     35.878 |   1.1855 |     39.429 |    19.5
   53 |   1.0417 |     35.069 |   1.1699 |     38.192 |    19.9
   54 |   1.0477 |     35.601 |   1.1651 |     39.016 |    20.3
   55 |   1.0371 |     35.227 |   1.1653 |     38.693 |    20.6
   56 |   1.0353 |     35.254 |   1.1687 |     38.722 |    21.0
   57 |   1.0282 |     35.026 |   1.1798 |     39.252 |    21.4
   58 |   1.0269 |     35.113 |   1.1596 |     38.545 |    21.8
   59 |   1.0109 |     34.456 |   1.1648 |     38.663 |    22.1
   60 |   1.0150 |     34.901 |   1.1604 |     38.398 |    22.5
   61 |   1.0109 |     34.516 |   1.1446 |     38.015 |    22.9
   62 |   1.0188 |     34.706 |   1.1580 |     38.045 |    23.4
   63 |   1.0059 |     34.272 |   1.1500 |     37.809 |    23.8
   64 |   1.0018 |     34.332 |   1.1425 |     37.956 |    24.3
   65 |   1.0040 |     34.071 |   1.1420 |     37.809 |    24.7
   66 |   0.9802 |     33.095 |   1.1385 |     37.809 |    25.1
   67 |   0.9832 |     33.420 |   1.1353 |     37.662 |    25.6
   68 |   0.9757 |     33.149 |   1.1343 |     38.221 |    26.0
   69 |   0.9813 |     33.333 |   1.1351 |     39.016 |    26.5
   70 |   0.9728 |     33.143 |   1.1392 |     38.045 |    26.9
   71 |   0.9675 |     32.856 |   1.1430 |     37.868 |    27.3
   72 |   0.9783 |     33.371 |   1.1621 |     38.428 |    27.8
Early stopping

Model: Seq2Seq Multimodal Bi-LSTM
Source index: <Seq2Seq Index with 43 items>
Target index: <Seq2Seq Index with 34 items>
Encoder embedding dimension: 64
Descriptors dimension: 1136
Decoder embedding dimension: 128
Encoder hidden units: 128
Encoder layers: 4
Decoder hidden units: 128
Decoder layers: 4
Dropout: 0.0
Trainable parameters: 3,030,754

Training started
X_train.shape: torch.Size([3072, 702])
Y_train.shape: torch.Size([3072, 7])
X_dev.shape: torch.Size([566, 649])
Y_dev.shape: torch.Size([566, 7])
Epochs: 500
Learning rate: 0.0001
Weight decay: 0.0001
Epoch | Train                 | Development           | Minutes
      | Loss     | Error Rate | Loss     | Error Rate |
---------------------------------------------------------------
    1 |   3.2256 |     84.722 |   2.7210 |     83.333 |     0.1
    2 |   2.4554 |     64.524 |   2.2359 |     59.128 |     0.2
    3 |   2.0825 |     56.489 |   1.9894 |     54.211 |     0.3
    4 |   1.8887 |     49.962 |   1.8441 |     49.411 |     0.4
    5 |   1.7597 |     48.492 |   1.7428 |     49.441 |     0.5
    6 |   1.6675 |     48.492 |   1.6640 |     49.441 |     0.6
    7 |   1.5966 |     48.465 |   1.6010 |     47.438 |     0.7
    8 |   1.5405 |     46.012 |   1.5523 |     47.438 |     0.8
    9 |   1.4988 |     46.012 |   1.5163 |     47.468 |     0.9
   10 |   1.4702 |     46.012 |   1.4902 |     47.438 |     1.0
   11 |   1.4496 |     46.012 |   1.4740 |     47.438 |     1.1
   12 |   1.4348 |     46.007 |   1.4625 |     47.438 |     1.2
   13 |   1.4236 |     45.931 |   1.4504 |     47.438 |     1.3
   14 |   1.4133 |     45.540 |   1.4461 |     47.173 |     1.5
   15 |   1.4047 |     45.388 |   1.4381 |     47.173 |     1.6
   16 |   1.3955 |     45.302 |   1.4358 |     46.967 |     1.7
   17 |   1.3863 |     45.041 |   1.4278 |     47.085 |     1.8
   18 |   1.3757 |     44.998 |   1.4199 |     47.144 |     1.9
   19 |   1.3621 |     44.911 |   1.4045 |     46.790 |     2.0
   20 |   1.3443 |     44.672 |   1.3778 |     46.525 |     2.1
   21 |   1.3201 |     44.455 |   1.3585 |     46.290 |     2.2
   22 |   1.3007 |     43.880 |   1.3440 |     45.907 |     2.3
   23 |   1.2820 |     43.267 |   1.3320 |     44.788 |     2.4
   24 |   1.2657 |     42.871 |   1.3214 |     44.847 |     2.5
   25 |   1.2504 |     42.280 |   1.3096 |     43.345 |     2.6
   26 |   1.2327 |     41.721 |   1.3027 |     43.227 |     2.7
   27 |   1.2200 |     41.314 |   1.2971 |     44.170 |     2.8
   28 |   1.2071 |     40.799 |   1.2923 |     43.257 |     2.9
   29 |   1.1945 |     40.723 |   1.3034 |     43.993 |     3.0
   30 |   1.1803 |     40.110 |   1.2855 |     42.874 |     3.1
   31 |   1.1666 |     39.377 |   1.2731 |     42.344 |     3.2
   32 |   1.1542 |     38.932 |   1.2592 |     42.403 |     3.4
   33 |   1.1448 |     38.460 |   1.2586 |     41.578 |     3.5
   34 |   1.1302 |     38.113 |   1.2479 |     42.462 |     3.6
   35 |   1.1179 |     37.652 |   1.2518 |     41.608 |     3.7
   36 |   1.1065 |     37.630 |   1.2482 |     41.667 |     3.8
   37 |   1.0948 |     36.892 |   1.2340 |     41.284 |     3.9
   38 |   1.0822 |     36.708 |   1.2257 |     39.900 |     4.0
   39 |   1.0684 |     35.986 |   1.2338 |     40.872 |     4.1
   40 |   1.0577 |     35.417 |   1.2231 |     40.577 |     4.2
   41 |   1.0428 |     35.042 |   1.2197 |     40.165 |     4.3
   42 |   1.0301 |     34.505 |   1.2113 |     39.311 |     4.4
   43 |   1.0231 |     34.191 |   1.2205 |     39.340 |     4.5
   44 |   1.0053 |     33.409 |   1.2216 |     39.311 |     4.6
   45 |   0.9930 |     33.051 |   1.2081 |     38.663 |     4.7
   46 |   0.9783 |     32.064 |   1.2075 |     38.221 |     4.8
   47 |   0.9635 |     31.331 |   1.2033 |     38.163 |     4.9
   48 |   0.9507 |     30.762 |   1.2034 |     37.809 |     5.0
   49 |   0.9390 |     30.008 |   1.1931 |     36.661 |     5.2
   50 |   0.9242 |     29.470 |   1.1948 |     37.044 |     5.3
   51 |   0.9125 |     29.178 |   1.2001 |     36.690 |     5.4
   52 |   0.9021 |     28.678 |   1.1947 |     35.866 |     5.5
   53 |   0.8863 |     28.082 |   1.1911 |     36.514 |     5.6
   54 |   0.8719 |     27.951 |   1.2031 |     36.042 |     5.7
   55 |   0.8623 |     27.425 |   1.1791 |     35.277 |     5.8
   56 |   0.8511 |     27.159 |   1.1893 |     35.866 |     5.9
   57 |   0.8378 |     26.584 |   1.2021 |     36.131 |     6.0
   58 |   0.8287 |     26.481 |   1.1896 |     35.041 |     6.1
   59 |   0.8159 |     26.080 |   1.1916 |     35.689 |     6.2
Early stopping

Model: Seq2Seq Multimodal Bi-LSTM
Source index: <Seq2Seq Index with 43 items>
Target index: <Seq2Seq Index with 34 items>
Encoder embedding dimension: 64
Descriptors dimension: 1136
Decoder embedding dimension: 64
Encoder hidden units: 32
Encoder layers: 3
Decoder hidden units: 64
Decoder layers: 4
Dropout: 0.0
Trainable parameters: 358,466

Training started
X_train.shape: torch.Size([3072, 702])
Y_train.shape: torch.Size([3072, 7])
X_dev.shape: torch.Size([566, 649])
Y_dev.shape: torch.Size([566, 7])
Epochs: 500
Learning rate: 0.0001
Weight decay: 0.0001
Epoch | Train                 | Development           | Minutes
      | Loss     | Error Rate | Loss     | Error Rate |
---------------------------------------------------------------
    1 |   3.4537 |     84.630 |   3.2869 |     83.333 |     0.0
    2 |   2.9186 |     83.333 |   2.7156 |     83.333 |     0.0
    3 |   2.5818 |     69.873 |   2.4679 |     59.099 |     0.1
    4 |   2.3612 |     59.039 |   2.2830 |     59.099 |     0.1
    5 |   2.2004 |     59.039 |   2.1490 |     59.128 |     0.1
    6 |   2.0796 |     55.333 |   2.0477 |     54.240 |     0.1
    7 |   1.9868 |     53.950 |   1.9695 |     54.211 |     0.1
    8 |   1.9123 |     52.865 |   1.9039 |     49.411 |     0.2
    9 |   1.8468 |     48.492 |   1.8429 |     49.411 |     0.2
   10 |   1.7853 |     48.492 |   1.7875 |     49.411 |     0.2
   11 |   1.7319 |     48.492 |   1.7393 |     49.441 |     0.2
   12 |   1.6853 |     48.492 |   1.6963 |     49.411 |     0.2
   13 |   1.6437 |     48.454 |   1.6576 |     47.438 |     0.3
   14 |   1.6069 |     46.007 |   1.6230 |     47.438 |     0.3
   15 |   1.5746 |     46.012 |   1.5938 |     47.438 |     0.3
   16 |   1.5486 |     46.012 |   1.5703 |     47.438 |     0.3
   17 |   1.5274 |     46.012 |   1.5507 |     47.438 |     0.4
   18 |   1.5100 |     46.007 |   1.5353 |     47.438 |     0.4
   19 |   1.4957 |     46.012 |   1.5199 |     47.438 |     0.4
   20 |   1.4833 |     46.012 |   1.5093 |     47.438 |     0.4
   21 |   1.4729 |     46.012 |   1.5002 |     47.438 |     0.4
   22 |   1.4640 |     46.094 |   1.4902 |     47.261 |     0.5
   23 |   1.4560 |     46.023 |   1.4828 |     47.438 |     0.5
   24 |   1.4488 |     46.181 |   1.4767 |     47.438 |     0.5
   25 |   1.4426 |     46.012 |   1.4722 |     47.527 |     0.5
   26 |   1.4365 |     46.099 |   1.4665 |     47.468 |     0.5
   27 |   1.4306 |     46.012 |   1.4594 |     47.468 |     0.6
   28 |   1.4236 |     45.974 |   1.4533 |     47.350 |     0.6
   29 |   1.4149 |     45.898 |   1.4444 |     47.291 |     0.6
   30 |   1.4055 |     45.567 |   1.4415 |     47.320 |     0.6
   31 |   1.3960 |     45.334 |   1.4330 |     47.261 |     0.6
   32 |   1.3868 |     45.188 |   1.4266 |     46.996 |     0.7
   33 |   1.3778 |     45.079 |   1.4137 |     46.820 |     0.7
   34 |   1.3672 |     44.954 |   1.4111 |     46.879 |     0.7
   35 |   1.3572 |     44.661 |   1.3984 |     46.466 |     0.7
   36 |   1.3495 |     44.504 |   1.3912 |     46.319 |     0.7
   37 |   1.3419 |     44.401 |   1.3854 |     46.525 |     0.8
   38 |   1.3330 |     44.287 |   1.3804 |     46.084 |     0.8
   39 |   1.3240 |     44.146 |   1.3755 |     46.143 |     0.8
   40 |   1.3161 |     44.048 |   1.3681 |     45.966 |     0.8
   41 |   1.3069 |     43.902 |   1.3622 |     45.848 |     0.8
   42 |   1.2963 |     43.761 |   1.3541 |     45.760 |     0.9
   43 |   1.2865 |     43.468 |   1.3600 |     45.878 |     0.9
   44 |   1.2799 |     43.202 |   1.3502 |     45.465 |     0.9
   45 |   1.2704 |     42.833 |   1.3419 |     45.318 |     0.9
   46 |   1.2619 |     42.817 |   1.3326 |     44.759 |     0.9
   47 |   1.2555 |     42.377 |   1.3385 |     45.141 |     1.0
   48 |   1.2460 |     42.188 |   1.3288 |     44.641 |     1.0
   49 |   1.2396 |     41.775 |   1.3224 |     44.346 |     1.0
   50 |   1.2339 |     41.509 |   1.3333 |     44.965 |     1.0
   51 |   1.2261 |     41.162 |   1.3167 |     44.435 |     1.0
   52 |   1.2190 |     40.956 |   1.3145 |     43.905 |     1.1
   53 |   1.2149 |     40.717 |   1.3253 |     43.846 |     1.1
   54 |   1.2079 |     40.582 |   1.3239 |     44.022 |     1.1
   55 |   1.2029 |     40.392 |   1.3096 |     43.433 |     1.1
   56 |   1.1992 |     40.224 |   1.3260 |     43.963 |     1.1
   57 |   1.1916 |     40.175 |   1.3109 |     43.581 |     1.2
   58 |   1.1875 |     39.833 |   1.3209 |     43.522 |     1.2
   59 |   1.1813 |     39.632 |   1.3063 |     43.463 |     1.2
   60 |   1.1751 |     39.415 |   1.3053 |     43.316 |     1.2
   61 |   1.1692 |     39.263 |   1.3019 |     42.638 |     1.2
   62 |   1.1646 |     39.296 |   1.2959 |     42.933 |     1.3
   63 |   1.1588 |     39.003 |   1.3136 |     43.051 |     1.3
   64 |   1.1561 |     38.835 |   1.2955 |     42.550 |     1.3
   65 |   1.1488 |     38.401 |   1.2956 |     42.373 |     1.3
   66 |   1.1435 |     38.249 |   1.2896 |     42.285 |     1.3
   67 |   1.1378 |     38.205 |   1.3155 |     43.110 |     1.4
   68 |   1.1343 |     38.070 |   1.2990 |     42.314 |     1.4
   69 |   1.1272 |     37.961 |   1.3071 |     42.550 |     1.4
   70 |   1.1243 |     37.576 |   1.3140 |     42.609 |     1.4
Early stopping

Model: Seq2Seq Multimodal Bi-LSTM
Source index: <Seq2Seq Index with 43 items>
Target index: <Seq2Seq Index with 34 items>
Encoder embedding dimension: 64
Descriptors dimension: 1136
Decoder embedding dimension: 128
Encoder hidden units: 32
Encoder layers: 2
Decoder hidden units: 128
Decoder layers: 3
Dropout: 0.1
Trainable parameters: 567,586

Training started
X_train.shape: torch.Size([3072, 702])
Y_train.shape: torch.Size([3072, 7])
X_dev.shape: torch.Size([566, 649])
Y_dev.shape: torch.Size([566, 7])
Epochs: 500
Learning rate: 0.0001
Weight decay: 0.0001
Epoch | Train                 | Development           | Minutes
      | Loss     | Error Rate | Loss     | Error Rate |
---------------------------------------------------------------
    1 |   3.2968 |     84.728 |   2.7351 |     83.333 |     0.0
    2 |   2.4257 |     62.261 |   2.1941 |     59.128 |     0.0
    3 |   2.0663 |     56.706 |   1.9824 |     54.535 |     0.1
    4 |   1.8960 |     51.855 |   1.8441 |     49.411 |     0.1
    5 |   1.7680 |     48.655 |   1.7374 |     49.411 |     0.1
    6 |   1.6657 |     48.524 |   1.6491 |     49.411 |     0.1
    7 |   1.5869 |     47.895 |   1.5814 |     47.438 |     0.2
    8 |   1.5270 |     45.985 |   1.5305 |     47.409 |     0.2
    9 |   1.4844 |     46.018 |   1.4935 |     47.409 |     0.2
   10 |   1.4509 |     45.812 |   1.4655 |     46.643 |     0.2
   11 |   1.4252 |     45.801 |   1.4438 |     46.349 |     0.3
   12 |   1.4013 |     45.546 |   1.4238 |     46.643 |     0.3
   13 |   1.3816 |     45.394 |   1.4100 |     46.820 |     0.3
   14 |   1.3617 |     45.204 |   1.3943 |     46.673 |     0.3
   15 |   1.3443 |     44.803 |   1.3765 |     46.143 |     0.4
   16 |   1.3287 |     44.282 |   1.3684 |     46.025 |     0.4
   17 |   1.3174 |     44.043 |   1.3559 |     45.966 |     0.4
   18 |   1.3054 |     43.891 |   1.3429 |     45.141 |     0.4
   19 |   1.2924 |     43.186 |   1.3429 |     45.583 |     0.5
   20 |   1.2821 |     42.974 |   1.3293 |     45.112 |     0.5
   21 |   1.2723 |     42.839 |   1.3213 |     44.258 |     0.5
   22 |   1.2628 |     42.442 |   1.3089 |     44.199 |     0.5
   23 |   1.2541 |     42.204 |   1.3034 |     44.052 |     0.6
   24 |   1.2437 |     42.003 |   1.2979 |     43.139 |     0.6
   25 |   1.2343 |     41.759 |   1.2981 |     44.111 |     0.6
   26 |   1.2242 |     41.667 |   1.2824 |     43.993 |     0.6
   27 |   1.2152 |     41.330 |   1.2726 |     43.345 |     0.7
   28 |   1.2069 |     41.439 |   1.2769 |     43.669 |     0.7
   29 |   1.1989 |     41.119 |   1.2713 |     43.816 |     0.7
   30 |   1.1889 |     41.005 |   1.2663 |     43.139 |     0.7
   31 |   1.1804 |     40.489 |   1.2602 |     43.021 |     0.8
   32 |   1.1714 |     40.641 |   1.2523 |     42.992 |     0.8
   33 |   1.1634 |     40.272 |   1.2381 |     42.432 |     0.8
   34 |   1.1524 |     39.605 |   1.2373 |     41.431 |     0.8
   35 |   1.1428 |     39.562 |   1.2256 |     41.637 |     0.9
   36 |   1.1358 |     39.057 |   1.2258 |     41.284 |     0.9
   37 |   1.1249 |     38.623 |   1.2148 |     41.019 |     0.9
   38 |   1.1148 |     38.064 |   1.2104 |     40.754 |     0.9
   39 |   1.1063 |     37.901 |   1.2095 |     40.724 |     1.0
   40 |   1.0990 |     37.451 |   1.2025 |     40.813 |     1.0
   41 |   1.0852 |     36.963 |   1.2121 |     40.724 |     1.0
   42 |   1.0773 |     36.551 |   1.2053 |     39.193 |     1.0
   43 |   1.0687 |     35.965 |   1.1913 |     37.986 |     1.1
   44 |   1.0571 |     35.417 |   1.1868 |     38.545 |     1.1
   45 |   1.0486 |     35.026 |   1.1814 |     38.104 |     1.1
   46 |   1.0376 |     34.646 |   1.1671 |     38.104 |     1.1
   47 |   1.0262 |     34.087 |   1.1702 |     37.780 |     1.2
   48 |   1.0156 |     33.800 |   1.1739 |     38.074 |     1.2
   49 |   1.0077 |     33.697 |   1.1476 |     36.926 |     1.2
   50 |   0.9949 |     33.122 |   1.1427 |     37.014 |     1.2
   51 |   0.9847 |     32.558 |   1.1408 |     36.985 |     1.3
   52 |   0.9770 |     32.378 |   1.1296 |     36.425 |     1.3
   53 |   0.9658 |     32.145 |   1.1293 |     36.249 |     1.3
   54 |   0.9557 |     32.031 |   1.1330 |     36.484 |     1.3
   55 |   0.9478 |     31.451 |   1.1222 |     35.130 |     1.3
   56 |   0.9369 |     31.011 |   1.1343 |     35.807 |     1.4
   57 |   0.9335 |     31.044 |   1.1141 |     35.512 |     1.4
   58 |   0.9198 |     30.892 |   1.1384 |     35.925 |     1.4
   59 |   0.9159 |     30.458 |   1.1113 |     35.012 |     1.4
   60 |   0.9056 |     30.154 |   1.1016 |     34.982 |     1.5
   61 |   0.8962 |     29.791 |   1.1161 |     34.806 |     1.5
   62 |   0.8895 |     29.633 |   1.1092 |     34.629 |     1.5
   63 |   0.8800 |     29.183 |   1.1095 |     34.335 |     1.5
   64 |   0.8738 |     28.819 |   1.1060 |     34.364 |     1.6
Early stopping

Model: Seq2Seq Multimodal Bi-LSTM
Source index: <Seq2Seq Index with 43 items>
Target index: <Seq2Seq Index with 34 items>
Encoder embedding dimension: 128
Descriptors dimension: 1136
Decoder embedding dimension: 64
Encoder hidden units: 128
Encoder layers: 4
Decoder hidden units: 64
Decoder layers: 4
Dropout: 0.2
Trainable parameters: 2,568,354

Training started
X_train.shape: torch.Size([3072, 702])
Y_train.shape: torch.Size([3072, 7])
X_dev.shape: torch.Size([566, 649])
Y_dev.shape: torch.Size([566, 7])
Epochs: 500
Learning rate: 0.001
Weight decay: 1e-05
Epoch | Train                 | Development           | Minutes
      | Loss     | Error Rate | Loss     | Error Rate |
---------------------------------------------------------------
    1 |   2.5581 |     67.198 |   2.0122 |     59.128 |     0.1
    2 |   1.7808 |     50.532 |   1.6255 |     47.468 |     0.2
    3 |   1.5186 |     46.143 |   1.4912 |     47.379 |     0.3
    4 |   1.4419 |     46.121 |   1.4503 |     47.468 |     0.4
    5 |   1.4166 |     45.991 |   1.4357 |     47.468 |     0.5
    6 |   1.4053 |     45.904 |   1.4233 |     46.731 |     0.6
    7 |   1.3988 |     45.947 |   1.4228 |     47.379 |     0.7
    8 |   1.3944 |     45.904 |   1.4218 |     47.468 |     0.9
    9 |   1.3909 |     45.633 |   1.4157 |     46.731 |     1.0
   10 |   1.3871 |     45.367 |   1.4118 |     46.378 |     1.1
   11 |   1.3834 |     45.204 |   1.4056 |     45.701 |     1.2
   12 |   1.3757 |     44.840 |   1.4052 |     46.437 |     1.3
   13 |   1.3694 |     44.797 |   1.3913 |     45.966 |     1.4
   14 |   1.3626 |     44.781 |   1.3806 |     45.642 |     1.5
   15 |   1.3558 |     44.699 |   1.3791 |     45.760 |     1.6
   16 |   1.3500 |     44.689 |   1.3701 |     45.377 |     1.8
   17 |   1.3423 |     44.537 |   1.3649 |     45.377 |     1.9
   18 |   1.3301 |     44.032 |   1.3537 |     44.700 |     2.0
   19 |   1.3205 |     43.620 |   1.3542 |     44.700 |     2.1
   20 |   1.3169 |     43.707 |   1.3513 |     44.759 |     2.2
   21 |   1.3108 |     43.392 |   1.3428 |     44.641 |     2.3
   22 |   1.3040 |     43.332 |   1.3346 |     44.170 |     2.4
   23 |   1.2984 |     43.256 |   1.3350 |     44.346 |     2.5
   24 |   1.2938 |     43.083 |   1.3398 |     44.906 |     2.7
   25 |   1.2895 |     43.132 |   1.3257 |     43.934 |     2.8
   26 |   1.2866 |     43.186 |   1.3328 |     44.170 |     2.9
   27 |   1.2828 |     43.083 |   1.3231 |     44.111 |     3.0
   28 |   1.2830 |     42.925 |   1.3134 |     43.640 |     3.1
   29 |   1.2750 |     42.909 |   1.3241 |     43.551 |     3.2
   30 |   1.2751 |     42.763 |   1.3178 |     43.551 |     3.3
   31 |   1.2679 |     42.415 |   1.3140 |     43.610 |     3.4
   32 |   1.2637 |     42.453 |   1.3039 |     43.640 |     3.6
   33 |   1.2602 |     42.095 |   1.3060 |     43.492 |     3.7
   34 |   1.2594 |     42.301 |   1.2892 |     43.522 |     3.8
   35 |   1.2510 |     41.987 |   1.2974 |     43.492 |     3.9
   36 |   1.2546 |     41.922 |   1.2966 |     43.581 |     4.0
   37 |   1.2503 |     41.846 |   1.2946 |     43.698 |     4.1
   38 |   1.2394 |     41.661 |   1.2960 |     43.610 |     4.2
Early stopping

Model: Seq2Seq Multimodal Bi-LSTM
Source index: <Seq2Seq Index with 43 items>
Target index: <Seq2Seq Index with 34 items>
Encoder embedding dimension: 64
Descriptors dimension: 1136
Decoder embedding dimension: 128
Encoder hidden units: 32
Encoder layers: 3
Decoder hidden units: 128
Decoder layers: 3
Dropout: 0.1
Trainable parameters: 650,562

Training started
X_train.shape: torch.Size([3072, 702])
Y_train.shape: torch.Size([3072, 7])
X_dev.shape: torch.Size([566, 649])
Y_dev.shape: torch.Size([566, 7])
Epochs: 500
Learning rate: 0.001
Weight decay: 0.0001
Epoch | Train                 | Development           | Minutes
      | Loss     | Error Rate | Loss     | Error Rate |
---------------------------------------------------------------
    1 |   2.2203 |     59.511 |   1.6272 |     47.556 |     0.1
    2 |   1.4667 |     46.246 |   1.4328 |     46.731 |     0.2
    3 |   1.3745 |     45.692 |   1.3752 |     45.318 |     0.3
    4 |   1.3195 |     43.864 |   1.3043 |     43.051 |     0.4
    5 |   1.2684 |     42.269 |   1.2841 |     42.521 |     0.5
    6 |   1.2203 |     41.064 |   1.2457 |     41.284 |     0.6
    7 |   1.1820 |     39.502 |   1.2022 |     39.488 |     0.7
    8 |   1.1489 |     38.786 |   1.2075 |     40.665 |     0.8
    9 |   1.1084 |     37.245 |   1.1641 |     38.163 |     0.9
   10 |   1.0690 |     36.507 |   1.1337 |     37.485 |     1.0
   11 |   1.0269 |     35.135 |   1.1285 |     37.485 |     1.1
   12 |   0.9827 |     33.274 |   1.1061 |     36.101 |     1.2
   13 |   0.9449 |     31.977 |   1.0807 |     35.777 |     1.3
   14 |   0.9015 |     30.002 |   1.0475 |     33.363 |     1.4
   15 |   0.8600 |     28.516 |   1.0372 |     34.276 |     1.5
   16 |   0.8225 |     27.295 |   1.0106 |     33.068 |     1.6
   17 |   0.7804 |     25.694 |   1.0217 |     32.303 |     1.7
   18 |   0.7542 |     24.875 |   1.0113 |     32.568 |     1.8
   19 |   0.7130 |     22.928 |   0.9918 |     30.654 |     1.9
   20 |   0.6746 |     21.701 |   0.9910 |     31.154 |     2.0
   21 |   0.6553 |     21.208 |   0.9924 |     30.477 |     2.1
   22 |   0.6242 |     20.204 |   0.9818 |     29.741 |     2.2
   23 |   0.5959 |     19.477 |   0.9764 |     29.594 |     2.3
   24 |   0.5662 |     18.202 |   1.0117 |     29.476 |     2.4
   25 |   0.5410 |     17.687 |   0.9945 |     29.152 |     2.5
   26 |   0.5155 |     16.694 |   0.9896 |     29.093 |     2.6
   27 |   0.5004 |     16.184 |   1.0113 |     29.535 |     2.7
Early stopping

Model: Seq2Seq Multimodal Bi-LSTM
Source index: <Seq2Seq Index with 43 items>
Target index: <Seq2Seq Index with 34 items>
Encoder embedding dimension: 64
Descriptors dimension: 1136
Decoder embedding dimension: 64
Encoder hidden units: 64
Encoder layers: 3
Decoder hidden units: 64
Decoder layers: 4
Dropout: 0.2
Trainable parameters: 709,794

Training started
X_train.shape: torch.Size([3072, 702])
Y_train.shape: torch.Size([3072, 7])
X_dev.shape: torch.Size([566, 649])
Y_dev.shape: torch.Size([566, 7])
Epochs: 500
Learning rate: 0.0001
Weight decay: 1e-05
Epoch | Train                 | Development           | Minutes
      | Loss     | Error Rate | Loss     | Error Rate |
---------------------------------------------------------------
    1 |   3.4275 |     86.963 |   3.0683 |     83.333 |     0.6
    2 |   2.7898 |     81.993 |   2.6239 |     67.992 |     1.1
    3 |   2.5082 |     61.675 |   2.3933 |     59.128 |     1.7
    4 |   2.3140 |     58.176 |   2.2308 |     59.128 |     2.3
    5 |   2.1845 |     57.308 |   2.1258 |     59.128 |     2.8
    6 |   2.0913 |     56.993 |   2.0481 |     59.128 |     3.4
    7 |   2.0165 |     56.261 |   1.9843 |     59.128 |     4.0
    8 |   1.9515 |     54.346 |   1.9264 |     49.411 |     4.5
    9 |   1.8919 |     51.628 |   1.8735 |     49.411 |     5.1
   10 |   1.8335 |     49.533 |   1.8226 |     49.411 |     5.6
   11 |   1.7810 |     49.040 |   1.7761 |     49.411 |     6.2
   12 |   1.7332 |     48.790 |   1.7339 |     49.411 |     6.8
   13 |   1.6895 |     48.627 |   1.6947 |     49.411 |     7.3
   14 |   1.6500 |     48.014 |   1.6586 |     47.497 |     7.9
   15 |   1.6146 |     46.609 |   1.6271 |     47.438 |     8.5
   16 |   1.5835 |     46.072 |   1.5990 |     47.438 |     9.0
   17 |   1.5573 |     46.045 |   1.5748 |     47.438 |     9.6
   18 |   1.5346 |     46.018 |   1.5539 |     47.438 |    10.2
   19 |   1.5160 |     46.007 |   1.5376 |     47.438 |    10.7
   20 |   1.5009 |     46.012 |   1.5231 |     47.438 |    11.3
   21 |   1.4875 |     46.007 |   1.5107 |     47.438 |    11.8
   22 |   1.4766 |     46.023 |   1.5006 |     47.438 |    12.4
   23 |   1.4668 |     46.034 |   1.4907 |     47.438 |    13.0
   24 |   1.4593 |     46.208 |   1.4839 |     47.468 |    13.5
   25 |   1.4521 |     46.105 |   1.4769 |     47.468 |    14.1
   26 |   1.4461 |     46.110 |   1.4710 |     47.468 |    14.7
   27 |   1.4406 |     45.996 |   1.4659 |     47.438 |    15.2
   28 |   1.4353 |     46.023 |   1.4616 |     47.468 |    15.8
   29 |   1.4315 |     45.969 |   1.4578 |     47.468 |    16.3
   30 |   1.4284 |     46.067 |   1.4535 |     47.438 |    16.9
   31 |   1.4245 |     46.061 |   1.4498 |     47.468 |    17.5
   32 |   1.4210 |     46.018 |   1.4468 |     47.468 |    18.1
   33 |   1.4179 |     46.029 |   1.4440 |     47.468 |    18.6
   34 |   1.4150 |     45.958 |   1.4418 |     47.468 |    19.2
   35 |   1.4120 |     46.077 |   1.4385 |     47.468 |    19.7
   36 |   1.4081 |     46.083 |   1.4350 |     47.468 |    20.3
   37 |   1.4045 |     46.007 |   1.4311 |     47.468 |    21.0
   38 |   1.4005 |     46.023 |   1.4290 |     47.468 |    21.5
   39 |   1.3946 |     45.974 |   1.4240 |     47.468 |    22.1
   40 |   1.3898 |     46.099 |   1.4186 |     47.468 |    22.7
   41 |   1.3832 |     46.094 |   1.4121 |     47.497 |    23.2
   42 |   1.3765 |     46.045 |   1.4090 |     47.468 |    23.8
   43 |   1.3699 |     45.801 |   1.4024 |     47.055 |    24.3
   44 |   1.3634 |     45.340 |   1.3979 |     46.967 |    24.9
   45 |   1.3559 |     45.047 |   1.3938 |     46.643 |    25.5
   46 |   1.3511 |     44.944 |   1.3890 |     46.643 |    26.0
   47 |   1.3431 |     44.770 |   1.3828 |     46.408 |    26.6
   48 |   1.3360 |     44.651 |   1.3738 |     46.408 |    27.1
   49 |   1.3316 |     44.580 |   1.3720 |     46.378 |    27.7
   50 |   1.3262 |     44.629 |   1.3665 |     46.113 |    28.3
   51 |   1.3213 |     44.499 |   1.3597 |     45.848 |    28.8
   52 |   1.3138 |     44.368 |   1.3570 |     45.907 |    29.4
   53 |   1.3102 |     44.222 |   1.3579 |     46.084 |    30.0
   54 |   1.3040 |     44.141 |   1.3486 |     46.054 |    30.5
   55 |   1.2984 |     43.934 |   1.3500 |     46.054 |    31.1
   56 |   1.2949 |     43.929 |   1.3420 |     45.936 |    31.7
   57 |   1.2892 |     43.783 |   1.3393 |     45.259 |    32.2
   58 |   1.2842 |     43.544 |   1.3361 |     45.936 |    32.8
   59 |   1.2806 |     43.625 |   1.3323 |     45.730 |    33.4
   60 |   1.2745 |     43.349 |   1.3242 |     45.789 |    33.9
   61 |   1.2700 |     43.316 |   1.3238 |     45.701 |    34.5
   62 |   1.2653 |     43.240 |   1.3238 |     44.906 |    35.0
   63 |   1.2593 |     43.191 |   1.3176 |     45.671 |    35.6
   64 |   1.2547 |     43.023 |   1.3147 |     45.024 |    36.2
   65 |   1.2505 |     43.056 |   1.3131 |     45.671 |    36.7
   66 |   1.2466 |     42.779 |   1.3147 |     45.465 |    37.3
   67 |   1.2419 |     42.594 |   1.3065 |     45.436 |    37.8
   68 |   1.2364 |     42.535 |   1.3088 |     44.376 |    38.4
   69 |   1.2344 |     42.605 |   1.3041 |     44.523 |    39.0
   70 |   1.2287 |     42.394 |   1.3000 |     44.611 |    39.5
   71 |   1.2274 |     42.432 |   1.2992 |     44.052 |    40.1
   72 |   1.2230 |     42.280 |   1.2947 |     44.199 |    40.6
   73 |   1.2160 |     42.068 |   1.2976 |     43.816 |    41.2
   74 |   1.2138 |     41.943 |   1.2947 |     44.022 |    41.8
   75 |   1.2086 |     41.873 |   1.2922 |     43.934 |    42.3
   76 |   1.2066 |     41.520 |   1.2957 |     44.346 |    42.9
   77 |   1.2002 |     41.770 |   1.2926 |     44.582 |    43.5
   78 |   1.1952 |     41.276 |   1.2879 |     43.963 |    44.0
   79 |   1.1919 |     41.352 |   1.2870 |     43.492 |    44.6
   80 |   1.1905 |     41.379 |   1.2832 |     43.433 |    45.1
   81 |   1.1832 |     40.983 |   1.2868 |     43.581 |    45.7
   82 |   1.1812 |     41.119 |   1.2831 |     43.316 |    46.3
   83 |   1.1794 |     40.934 |   1.2774 |     43.168 |    46.8
   84 |   1.1742 |     40.609 |   1.2794 |     43.993 |    47.4
   85 |   1.1743 |     40.750 |   1.2745 |     43.345 |    48.0
   86 |   1.1672 |     40.413 |   1.2753 |     43.316 |    48.5
   87 |   1.1623 |     40.175 |   1.2789 |     43.227 |    49.1
   88 |   1.1606 |     40.077 |   1.2695 |     43.375 |    49.6
   89 |   1.1543 |     40.104 |   1.2695 |     43.257 |    50.2
   90 |   1.1542 |     40.066 |   1.2740 |     43.257 |    50.8
   91 |   1.1522 |     39.833 |   1.2678 |     42.668 |    51.3
   92 |   1.1497 |     39.931 |   1.2648 |     42.962 |    51.9
   93 |   1.1453 |     39.735 |   1.2656 |     42.638 |    52.5
   94 |   1.1391 |     39.659 |   1.2604 |     42.697 |    53.0
   95 |   1.1364 |     39.383 |   1.2637 |     43.198 |    53.6
   96 |   1.1312 |     39.133 |   1.2701 |     42.845 |    54.2
   97 |   1.1312 |     39.160 |   1.2679 |     42.521 |    54.7
   98 |   1.1277 |     39.176 |   1.2589 |     42.344 |    55.3
   99 |   1.1223 |     39.019 |   1.2591 |     42.786 |    55.9
  100 |   1.1219 |     39.035 |   1.2688 |     42.874 |    56.4
  101 |   1.1182 |     38.959 |   1.2656 |     42.962 |    57.0
  102 |   1.1113 |     38.862 |   1.2561 |     42.138 |    57.5
  103 |   1.1088 |     38.829 |   1.2548 |     42.167 |    58.1
  104 |   1.1062 |     38.471 |   1.2557 |     41.932 |    58.7
  105 |   1.1043 |     38.683 |   1.2481 |     41.196 |    59.2
  106 |   1.1044 |     38.553 |   1.2501 |     41.372 |    59.8
  107 |   1.1013 |     38.303 |   1.2519 |     41.902 |    60.4
  108 |   1.0965 |     38.081 |   1.2491 |     41.284 |    60.9
  109 |   1.0924 |     38.026 |   1.2544 |     41.254 |    61.5
Early stopping

Model: Seq2Seq Multimodal Bi-LSTM
Source index: <Seq2Seq Index with 43 items>
Target index: <Seq2Seq Index with 34 items>
Encoder embedding dimension: 128
Descriptors dimension: 1136
Decoder embedding dimension: 64
Encoder hidden units: 64
Encoder layers: 2
Decoder hidden units: 64
Decoder layers: 2
Dropout: 0.0
Trainable parameters: 469,794

Training started
X_train.shape: torch.Size([3072, 702])
Y_train.shape: torch.Size([3072, 7])
X_dev.shape: torch.Size([566, 649])
Y_dev.shape: torch.Size([566, 7])
Epochs: 500
Learning rate: 0.001
Weight decay: 1e-05
Epoch | Train                 | Development           | Minutes
      | Loss     | Error Rate | Loss     | Error Rate |
---------------------------------------------------------------
    1 |   2.4658 |     65.804 |   1.9629 |     52.591 |     0.2
    2 |   1.6982 |     48.069 |   1.5618 |     47.674 |     0.4
    3 |   1.4671 |     45.622 |   1.4508 |     46.702 |     0.5
    4 |   1.3917 |     45.058 |   1.3964 |     45.171 |     0.7
    5 |   1.3430 |     43.641 |   1.3520 |     43.433 |     0.9
    6 |   1.3006 |     42.638 |   1.3241 |     43.316 |     1.1
    7 |   1.2638 |     41.564 |   1.2991 |     41.755 |     1.3
    8 |   1.2245 |     40.207 |   1.2637 |     41.048 |     1.4
    9 |   1.1793 |     38.742 |   1.2216 |     40.047 |     1.6
   10 |   1.1396 |     37.533 |   1.2026 |     39.340 |     1.8
   11 |   1.0948 |     36.084 |   1.1659 |     38.369 |     2.0
   12 |   1.0527 |     34.603 |   1.1338 |     37.250 |     2.2
   13 |   1.0136 |     33.067 |   1.1166 |     36.514 |     2.4
   14 |   0.9761 |     31.803 |   1.0933 |     35.306 |     2.5
   15 |   0.9368 |     30.485 |   1.1000 |     35.630 |     2.7
   16 |   0.9010 |     29.069 |   1.0539 |     34.305 |     2.9
   17 |   0.8602 |     27.810 |   1.0415 |     33.952 |     3.1
   18 |   0.8288 |     26.687 |   1.0345 |     32.862 |     3.3
   19 |   0.8042 |     25.852 |   1.0283 |     32.833 |     3.4
   20 |   0.7727 |     24.854 |   1.0004 |     31.714 |     3.6
   21 |   0.7454 |     24.235 |   1.0230 |     32.627 |     3.8
   22 |   0.7145 |     22.987 |   1.0074 |     31.920 |     4.0
   23 |   0.6843 |     22.087 |   0.9938 |     31.360 |     4.2
   24 |   0.6571 |     20.969 |   1.0031 |     31.449 |     4.4
   25 |   0.6311 |     20.220 |   1.0104 |     31.037 |     4.5
   26 |   0.6184 |     19.949 |   0.9940 |     31.508 |     4.7
   27 |   0.5867 |     18.652 |   1.0106 |     31.125 |     4.9
Early stopping

Model: Seq2Seq Multimodal Bi-LSTM
Source index: <Seq2Seq Index with 43 items>
Target index: <Seq2Seq Index with 34 items>
Encoder embedding dimension: 128
Descriptors dimension: 1136
Decoder embedding dimension: 64
Encoder hidden units: 128
Encoder layers: 3
Decoder hidden units: 128
Decoder layers: 3
Dropout: 0.0
Trainable parameters: 2,210,978

Training started
X_train.shape: torch.Size([3072, 702])
Y_train.shape: torch.Size([3072, 7])
X_dev.shape: torch.Size([566, 649])
Y_dev.shape: torch.Size([566, 7])
Epochs: 500
Learning rate: 0.001
Weight decay: 0.0001
Epoch | Train                 | Development           | Minutes
      | Loss     | Error Rate | Loss     | Error Rate |
---------------------------------------------------------------
    1 |   2.2130 |     59.440 |   1.6609 |     49.441 |     1.1
    2 |   1.4887 |     46.175 |   1.4601 |     47.468 |     2.4
    3 |   1.4134 |     46.039 |   1.4253 |     46.702 |     3.6
    4 |   1.3932 |     46.002 |   1.4193 |     46.761 |     4.8
    5 |   1.3672 |     45.242 |   1.3889 |     46.260 |     6.0
    6 |   1.3452 |     44.770 |   1.3752 |     45.642 |     7.3
    7 |   1.3301 |     44.428 |   1.3636 |     45.554 |     8.5
    8 |   1.3252 |     44.558 |   1.3604 |     45.524 |     9.7
    9 |   1.3165 |     44.043 |   1.3488 |     45.171 |    10.9
   10 |   1.2982 |     43.511 |   1.3398 |     44.523 |    12.1
   11 |   1.2808 |     42.714 |   1.3169 |     43.551 |    13.4
   12 |   1.2690 |     42.399 |   1.3066 |     42.727 |    14.6
   13 |   1.2534 |     41.900 |   1.2934 |     42.727 |    15.8
   14 |   1.2340 |     41.455 |   1.2853 |     42.697 |    17.0
   15 |   1.2162 |     40.641 |   1.2829 |     42.727 |    18.3
   16 |   1.1933 |     39.925 |   1.2620 |     41.343 |    19.5
   17 |   1.1789 |     39.502 |   1.2528 |     41.166 |    20.7
   18 |   1.1807 |     39.567 |   1.2542 |     41.637 |    21.9
   19 |   1.1578 |     39.057 |   1.2463 |     40.872 |    23.2
   20 |   1.1331 |     38.124 |   1.2152 |     40.371 |    24.4
   21 |   1.1086 |     37.701 |   1.2098 |     40.989 |    25.6
   22 |   1.1031 |     37.321 |   1.2098 |     40.813 |    26.8
   23 |   1.0875 |     36.730 |   1.1902 |     40.253 |    28.1
   24 |   1.0661 |     35.900 |   1.2067 |     40.077 |    29.3
   25 |   1.0499 |     35.737 |   1.1679 |     39.252 |    30.5
   26 |   1.0323 |     35.053 |   1.1952 |     39.547 |    31.8
   27 |   1.0276 |     34.793 |   1.1784 |     38.987 |    33.0
   28 |   1.0130 |     34.440 |   1.1634 |     38.545 |    34.2
   29 |   0.9972 |     33.870 |   1.1662 |     38.015 |    35.4
   30 |   0.9877 |     33.393 |   1.1631 |     38.486 |    36.6
   31 |   0.9800 |     33.388 |   1.1539 |     39.016 |    37.8
   32 |   0.9594 |     32.628 |   1.1561 |     37.986 |    39.1
   33 |   0.9342 |     31.744 |   1.1664 |     39.193 |    40.3
   34 |   0.9268 |     31.651 |   1.1770 |     38.104 |    41.5
   35 |   0.9265 |     31.581 |   1.1467 |     37.750 |    42.7
   36 |   0.9137 |     31.055 |   1.1417 |     37.485 |    44.0
   37 |   0.8984 |     30.669 |   1.1498 |     37.309 |    45.2
   38 |   0.8745 |     30.046 |   1.1432 |     37.191 |    46.4
   39 |   0.8748 |     30.078 |   1.1421 |     37.073 |    47.6
   40 |   0.8608 |     29.709 |   1.1731 |     38.133 |    49.0
Early stopping

Model: Seq2Seq Multimodal Bi-LSTM
Source index: <Seq2Seq Index with 43 items>
Target index: <Seq2Seq Index with 34 items>
Encoder embedding dimension: 128
Descriptors dimension: 1136
Decoder embedding dimension: 128
Encoder hidden units: 64
Encoder layers: 4
Decoder hidden units: 64
Decoder layers: 4
Dropout: 0.0
Trainable parameters: 981,026

Training started
X_train.shape: torch.Size([3072, 702])
Y_train.shape: torch.Size([3072, 7])
X_dev.shape: torch.Size([566, 649])
Y_dev.shape: torch.Size([566, 7])
Epochs: 500
Learning rate: 0.0001
Weight decay: 1e-05
Epoch | Train                 | Development           | Minutes
      | Loss     | Error Rate | Loss     | Error Rate |
---------------------------------------------------------------
    1 |   3.4466 |     91.488 |   3.1341 |     83.363 |     0.5
    2 |   2.8201 |     80.284 |   2.6486 |     68.021 |     0.9
    3 |   2.4954 |     60.514 |   2.3777 |     59.158 |     1.4
    4 |   2.2659 |     59.012 |   2.2002 |     59.158 |     1.9
    5 |   2.1232 |     56.760 |   2.0917 |     54.211 |     2.4
    6 |   2.0263 |     53.977 |   2.0103 |     54.211 |     2.8
    7 |   1.9482 |     51.872 |   1.9405 |     49.411 |     3.3
    8 |   1.8793 |     48.492 |   1.8756 |     49.411 |     3.8
    9 |   1.8127 |     48.492 |   1.8133 |     49.411 |     4.3
   10 |   1.7527 |     48.492 |   1.7594 |     49.411 |     4.8
   11 |   1.7004 |     48.492 |   1.7113 |     49.411 |     5.2
   12 |   1.6536 |     48.492 |   1.6673 |     49.411 |     5.7
   13 |   1.6119 |     48.210 |   1.6292 |     47.438 |     6.2
   14 |   1.5766 |     46.007 |   1.5960 |     47.438 |     6.7
   15 |   1.5472 |     46.012 |   1.5687 |     47.438 |     7.1
   16 |   1.5227 |     46.007 |   1.5466 |     47.438 |     7.6
   17 |   1.5023 |     46.007 |   1.5276 |     47.438 |     8.1
   18 |   1.4855 |     46.012 |   1.5118 |     47.438 |     8.6
   19 |   1.4718 |     46.007 |   1.4990 |     47.438 |     9.1
   20 |   1.4607 |     46.007 |   1.4900 |     47.438 |     9.5
   21 |   1.4512 |     46.007 |   1.4806 |     47.438 |    10.0
   22 |   1.4427 |     46.007 |   1.4724 |     47.438 |    10.5
   23 |   1.4350 |     46.012 |   1.4653 |     47.438 |    11.0
   24 |   1.4278 |     46.002 |   1.4590 |     47.438 |    11.4
   25 |   1.4210 |     45.985 |   1.4532 |     47.497 |    11.9
   26 |   1.4149 |     45.757 |   1.4474 |     47.055 |    12.4
   27 |   1.4089 |     45.405 |   1.4435 |     47.114 |    12.9
   28 |   1.4036 |     45.150 |   1.4403 |     47.026 |    13.3
   29 |   1.3986 |     44.954 |   1.4365 |     47.055 |    13.8
   30 |   1.3928 |     44.765 |   1.4314 |     46.849 |    14.3
   31 |   1.3874 |     44.699 |   1.4377 |     47.026 |    14.8
   32 |   1.3819 |     44.553 |   1.4267 |     46.673 |    15.2
   33 |   1.3757 |     44.385 |   1.4256 |     46.849 |    15.7
   34 |   1.3720 |     44.401 |   1.4168 |     46.172 |    16.2
   35 |   1.3655 |     44.059 |   1.4176 |     46.201 |    16.7
   36 |   1.3613 |     44.103 |   1.4148 |     46.290 |    17.1
   37 |   1.3562 |     43.983 |   1.4114 |     46.260 |    17.6
   38 |   1.3511 |     43.755 |   1.4098 |     46.172 |    18.1
   39 |   1.3463 |     43.614 |   1.4074 |     46.143 |    18.5
   40 |   1.3423 |     43.576 |   1.4053 |     46.113 |    19.0
   41 |   1.3383 |     43.381 |   1.4161 |     46.290 |    19.5
   42 |   1.3333 |     43.300 |   1.4083 |     46.025 |    20.0
   43 |   1.3290 |     43.083 |   1.4020 |     45.907 |    20.4
   44 |   1.3237 |     42.866 |   1.4007 |     45.878 |    20.9
   45 |   1.3194 |     42.735 |   1.4032 |     46.025 |    21.4
   46 |   1.3153 |     42.611 |   1.4024 |     45.642 |    21.9
   47 |   1.3122 |     42.546 |   1.4010 |     46.172 |    22.3
   48 |   1.3072 |     42.215 |   1.3992 |     45.819 |    22.8
   49 |   1.3050 |     42.339 |   1.4027 |     45.730 |    23.3
   50 |   1.3017 |     42.285 |   1.3965 |     45.848 |    23.8
   51 |   1.2966 |     42.150 |   1.3963 |     45.760 |    24.3
   52 |   1.2957 |     42.356 |   1.3924 |     45.878 |    24.7
   53 |   1.2903 |     41.933 |   1.4015 |     45.966 |    25.2
   54 |   1.2875 |     42.090 |   1.4042 |     45.966 |    25.7
   55 |   1.2833 |     41.900 |   1.3958 |     45.053 |    26.1
   56 |   1.2817 |     41.824 |   1.4021 |     45.760 |    26.6
Early stopping

Model: Seq2Seq Multimodal Bi-LSTM
Source index: <Seq2Seq Index with 43 items>
Target index: <Seq2Seq Index with 34 items>
Encoder embedding dimension: 128
Descriptors dimension: 1136
Decoder embedding dimension: 128
Encoder hidden units: 32
Encoder layers: 2
Decoder hidden units: 128
Decoder layers: 3
Dropout: 0.0
Trainable parameters: 586,722

Training started
X_train.shape: torch.Size([3072, 702])
Y_train.shape: torch.Size([3072, 7])
X_dev.shape: torch.Size([566, 649])
Y_dev.shape: torch.Size([566, 7])
Epochs: 500
Learning rate: 0.0001
Weight decay: 0.0001
Epoch | Train                 | Development           | Minutes
      | Loss     | Error Rate | Loss     | Error Rate |
---------------------------------------------------------------
    1 |   3.2643 |     77.593 |   2.7247 |     69.287 |     0.1
    2 |   2.4051 |     61.236 |   2.1859 |     59.128 |     0.1
    3 |   2.0483 |     55.859 |   1.9740 |     51.943 |     0.2
    4 |   1.8771 |     48.692 |   1.8392 |     49.411 |     0.2
    5 |   1.7559 |     48.492 |   1.7375 |     49.441 |     0.3
    6 |   1.6572 |     48.503 |   1.6496 |     49.352 |     0.4
    7 |   1.5779 |     47.949 |   1.5805 |     47.468 |     0.4
    8 |   1.5219 |     46.012 |   1.5332 |     47.438 |     0.5
    9 |   1.4832 |     45.991 |   1.5013 |     47.438 |     0.6
   10 |   1.4558 |     46.002 |   1.4771 |     47.409 |     0.6
   11 |   1.4356 |     45.980 |   1.4585 |     47.438 |     0.7
   12 |   1.4180 |     45.839 |   1.4430 |     47.409 |     0.7
   13 |   1.4024 |     45.687 |   1.4325 |     46.996 |     0.8
   14 |   1.3881 |     45.595 |   1.4181 |     47.026 |     0.9
   15 |   1.3733 |     45.405 |   1.4022 |     46.849 |     0.9
   16 |   1.3596 |     45.275 |   1.3911 |     46.260 |     1.0
   17 |   1.3460 |     44.759 |   1.3792 |     46.319 |     1.1
   18 |   1.3337 |     44.401 |   1.3760 |     45.966 |     1.1
   19 |   1.3225 |     43.967 |   1.3655 |     45.966 |     1.2
   20 |   1.3110 |     43.924 |   1.3577 |     45.465 |     1.2
   21 |   1.2993 |     43.495 |   1.3424 |     45.141 |     1.3
   22 |   1.2897 |     43.397 |   1.3349 |     45.141 |     1.4
   23 |   1.2767 |     43.121 |   1.3285 |     45.200 |     1.4
   24 |   1.2656 |     42.839 |   1.3212 |     44.788 |     1.5
   25 |   1.2565 |     42.540 |   1.3124 |     44.170 |     1.5
   26 |   1.2463 |     42.383 |   1.3089 |     44.258 |     1.6
   27 |   1.2365 |     42.193 |   1.3073 |     44.346 |     1.7
   28 |   1.2276 |     41.786 |   1.2951 |     43.551 |     1.7
   29 |   1.2154 |     41.678 |   1.2947 |     43.757 |     1.8
   30 |   1.2047 |     41.347 |   1.2795 |     43.728 |     1.9
   31 |   1.1929 |     41.054 |   1.2841 |     43.345 |     1.9
   32 |   1.1826 |     40.696 |   1.2659 |     43.610 |     2.0
   33 |   1.1707 |     40.370 |   1.2604 |     42.962 |     2.0
   34 |   1.1591 |     39.969 |   1.2463 |     42.314 |     2.1
   35 |   1.1452 |     39.274 |   1.2374 |     42.020 |     2.2
   36 |   1.1325 |     38.732 |   1.2317 |     40.783 |     2.2
   37 |   1.1207 |     37.609 |   1.2241 |     40.371 |     2.3
   38 |   1.1072 |     37.147 |   1.2133 |     39.517 |     2.3
   39 |   1.0940 |     36.768 |   1.2093 |     39.929 |     2.4
   40 |   1.0806 |     36.138 |   1.2099 |     39.311 |     2.5
   41 |   1.0667 |     35.514 |   1.1981 |     38.516 |     2.5
   42 |   1.0564 |     34.923 |   1.1936 |     38.516 |     2.6
   43 |   1.0419 |     34.277 |   1.1835 |     38.428 |     2.7
   44 |   1.0303 |     33.892 |   1.1801 |     38.604 |     2.7
   45 |   1.0151 |     33.409 |   1.1631 |     38.045 |     2.8
   46 |   1.0038 |     32.899 |   1.1650 |     36.985 |     2.8
   47 |   0.9940 |     32.389 |   1.1562 |     36.808 |     2.9
   48 |   0.9822 |     32.053 |   1.1533 |     37.102 |     3.0
   49 |   0.9709 |     31.689 |   1.1552 |     36.661 |     3.0
   50 |   0.9602 |     31.250 |   1.1428 |     36.013 |     3.1
   51 |   0.9458 |     30.534 |   1.1508 |     36.131 |     3.2
   52 |   0.9401 |     30.523 |   1.1389 |     35.836 |     3.2
   53 |   0.9272 |     30.024 |   1.1354 |     35.601 |     3.3
   54 |   0.9159 |     29.574 |   1.1312 |     34.953 |     3.3
   55 |   0.9062 |     29.579 |   1.1292 |     35.571 |     3.4
   56 |   0.8980 |     28.885 |   1.1298 |     35.130 |     3.5
   57 |   0.8862 |     28.906 |   1.1278 |     35.748 |     3.5
   58 |   0.8773 |     28.532 |   1.1259 |     35.041 |     3.6
   59 |   0.8681 |     28.152 |   1.1245 |     34.570 |     3.6
   60 |   0.8571 |     27.523 |   1.1241 |     34.923 |     3.7
   61 |   0.8517 |     27.626 |   1.1170 |     34.305 |     3.8
   62 |   0.8397 |     27.116 |   1.1195 |     34.923 |     3.8
   63 |   0.8333 |     27.002 |   1.1209 |     33.716 |     3.9
   64 |   0.8214 |     26.275 |   1.1222 |     33.834 |     4.0
   65 |   0.8146 |     26.324 |   1.1368 |     33.775 |     4.0
   66 |   0.8042 |     25.662 |   1.1074 |     33.451 |     4.1
   67 |   0.7964 |     25.385 |   1.1080 |     33.274 |     4.1
   68 |   0.7855 |     24.995 |   1.1182 |     32.656 |     4.2
   69 |   0.7798 |     24.702 |   1.1273 |     33.216 |     4.3
   70 |   0.7707 |     24.571 |   1.1109 |     32.803 |     4.3
Early stopping

Model: Seq2Seq Multimodal Bi-LSTM
Source index: <Seq2Seq Index with 43 items>
Target index: <Seq2Seq Index with 34 items>
Encoder embedding dimension: 64
Descriptors dimension: 1136
Decoder embedding dimension: 128
Encoder hidden units: 128
Encoder layers: 2
Decoder hidden units: 128
Decoder layers: 4
Dropout: 0.1
Trainable parameters: 1,621,474

Training started
X_train.shape: torch.Size([3072, 702])
Y_train.shape: torch.Size([3072, 7])
X_dev.shape: torch.Size([566, 649])
Y_dev.shape: torch.Size([566, 7])
Epochs: 500
Learning rate: 0.0001
Weight decay: 0.0001
Epoch | Train                 | Development           | Minutes
      | Loss     | Error Rate | Loss     | Error Rate |
---------------------------------------------------------------
    1 |   3.2627 |     86.372 |   2.7642 |     83.333 |     0.9
    2 |   2.5012 |     68.240 |   2.2597 |     59.128 |     1.8
    3 |   2.1230 |     57.080 |   2.0224 |     54.240 |     2.7
    4 |   1.9385 |     53.331 |   1.8853 |     49.411 |     3.7
    5 |   1.8135 |     48.910 |   1.7807 |     49.411 |     4.6
    6 |   1.7112 |     48.508 |   1.6943 |     49.411 |     5.5
    7 |   1.6278 |     48.503 |   1.6239 |     49.411 |     6.4
    8 |   1.5642 |     46.663 |   1.5702 |     47.438 |     7.3
    9 |   1.5200 |     46.012 |   1.5335 |     47.438 |     8.3
   10 |   1.4891 |     46.007 |   1.5083 |     47.438 |     9.4
   11 |   1.4684 |     46.012 |   1.4894 |     47.438 |    10.3
   12 |   1.4533 |     46.094 |   1.4766 |     47.468 |    11.2
   13 |   1.4418 |     46.018 |   1.4666 |     47.468 |    12.2
   14 |   1.4322 |     46.121 |   1.4567 |     47.468 |    13.1
   15 |   1.4248 |     46.029 |   1.4501 |     47.468 |    14.0
   16 |   1.4177 |     45.980 |   1.4428 |     47.438 |    14.9
   17 |   1.4108 |     45.991 |   1.4349 |     47.438 |    15.9
   18 |   1.3973 |     45.942 |   1.4131 |     47.291 |    16.8
   19 |   1.3795 |     45.795 |   1.3981 |     47.085 |    17.7
   20 |   1.3604 |     45.492 |   1.3847 |     46.996 |    18.6
   21 |   1.3412 |     45.231 |   1.3561 |     45.671 |    19.6
   22 |   1.3247 |     44.971 |   1.3507 |     46.113 |    20.5
   23 |   1.3095 |     44.076 |   1.3338 |     45.436 |    21.4
   24 |   1.2964 |     43.652 |   1.3333 |     45.730 |    22.3
   25 |   1.2853 |     43.180 |   1.3124 |     45.377 |    23.3
   26 |   1.2739 |     43.061 |   1.3114 |     44.464 |    24.2
   27 |   1.2596 |     42.464 |   1.2995 |     44.376 |    25.1
   28 |   1.2501 |     42.280 |   1.2950 |     43.875 |    26.1
   29 |   1.2370 |     42.041 |   1.2861 |     43.522 |    27.0
   30 |   1.2266 |     41.634 |   1.2797 |     43.110 |    27.9
   31 |   1.2144 |     41.390 |   1.2666 |     42.845 |    28.8
   32 |   1.2022 |     41.092 |   1.2580 |     42.638 |    29.7
   33 |   1.1921 |     40.690 |   1.2486 |     42.815 |    30.7
   34 |   1.1811 |     40.082 |   1.2432 |     42.138 |    31.6
   35 |   1.1729 |     39.969 |   1.2381 |     41.991 |    32.5
   36 |   1.1579 |     39.041 |   1.2278 |     41.667 |    33.4
   37 |   1.1518 |     38.873 |   1.2274 |     40.842 |    34.4
   38 |   1.1393 |     38.558 |   1.2193 |     40.342 |    35.3
   39 |   1.1301 |     38.243 |   1.2229 |     41.107 |    36.3
   40 |   1.1177 |     37.842 |   1.2135 |     40.842 |    37.2
   41 |   1.1122 |     37.728 |   1.2227 |     40.165 |    38.1
   42 |   1.1039 |     37.527 |   1.2022 |     40.459 |    39.0
   43 |   1.0928 |     37.104 |   1.1953 |     40.430 |    40.0
   44 |   1.0853 |     37.039 |   1.1946 |     39.929 |    40.9
   45 |   1.0751 |     36.578 |   1.1983 |     40.577 |    41.9
   46 |   1.0660 |     36.214 |   1.2007 |     39.164 |    42.8
   47 |   1.0636 |     36.133 |   1.1832 |     39.252 |    43.7
   48 |   1.0537 |     35.764 |   1.1792 |     39.664 |    44.6
   49 |   1.0445 |     35.541 |   1.1875 |     39.723 |    45.6
   50 |   1.0371 |     35.205 |   1.1818 |     39.488 |    46.5
   51 |   1.0307 |     34.977 |   1.1728 |     39.311 |    47.4
   52 |   1.0229 |     34.717 |   1.1780 |     39.399 |    48.3
   53 |   1.0154 |     34.500 |   1.1722 |     39.016 |    49.3
   54 |   1.0089 |     34.288 |   1.1673 |     38.310 |    50.2
   55 |   0.9979 |     33.930 |   1.1769 |     39.193 |    51.1
   56 |   0.9967 |     33.729 |   1.1761 |     38.869 |    52.1
   57 |   0.9870 |     33.518 |   1.1599 |     38.634 |    53.0
   58 |   0.9801 |     33.008 |   1.1713 |     38.486 |    53.9
   59 |   0.9740 |     33.116 |   1.1566 |     38.280 |    54.8
   60 |   0.9648 |     32.449 |   1.1535 |     37.750 |    55.8
   61 |   0.9623 |     32.411 |   1.1573 |     36.749 |    56.7
   62 |   0.9549 |     32.004 |   1.1592 |     38.221 |    57.6
   63 |   0.9464 |     31.738 |   1.1603 |     37.426 |    58.5
   64 |   0.9405 |     31.369 |   1.1500 |     37.633 |    59.5
   65 |   0.9319 |     31.131 |   1.1640 |     37.750 |    60.4
   66 |   0.9312 |     31.451 |   1.1626 |     37.780 |    61.3
   67 |   0.9220 |     30.843 |   1.1536 |     37.426 |    62.3
   68 |   0.9140 |     30.311 |   1.1582 |     37.691 |    63.2
Early stopping

Model: Seq2Seq Multimodal Bi-LSTM
Source index: <Seq2Seq Index with 43 items>
Target index: <Seq2Seq Index with 34 items>
Encoder embedding dimension: 64
Descriptors dimension: 1136
Decoder embedding dimension: 64
Encoder hidden units: 64
Encoder layers: 4
Decoder hidden units: 64
Decoder layers: 3
Dropout: 0.2
Trainable parameters: 893,666

Training started
X_train.shape: torch.Size([3072, 702])
Y_train.shape: torch.Size([3072, 7])
X_dev.shape: torch.Size([566, 649])
Y_dev.shape: torch.Size([566, 7])
Epochs: 500
Learning rate: 0.0001
Weight decay: 1e-05
Epoch | Train                 | Development           | Minutes
      | Loss     | Error Rate | Loss     | Error Rate |
---------------------------------------------------------------
    1 |   3.3844 |     87.690 |   3.0472 |     81.154 |     1.0
    2 |   2.7975 |     81.033 |   2.6315 |     83.098 |     2.1
    3 |   2.5006 |     60.769 |   2.3842 |     59.158 |     3.1
    4 |   2.3076 |     58.149 |   2.2312 |     59.128 |     4.1
    5 |   2.1801 |     57.319 |   2.1285 |     59.128 |     5.2
    6 |   2.0853 |     56.885 |   2.0472 |     59.128 |     6.3
    7 |   2.0038 |     55.599 |   1.9722 |     51.678 |     7.3
    8 |   1.9305 |     52.138 |   1.9067 |     49.441 |     8.4
    9 |   1.8639 |     49.897 |   1.8487 |     49.441 |     9.4
   10 |   1.8045 |     49.240 |   1.7971 |     49.441 |    10.5
   11 |   1.7528 |     48.980 |   1.7503 |     49.411 |    11.5
   12 |   1.7043 |     48.774 |   1.7060 |     49.411 |    12.6
   13 |   1.6601 |     48.551 |   1.6670 |     49.411 |    13.6
   14 |   1.6221 |     47.125 |   1.6327 |     47.438 |    14.6
   15 |   1.5893 |     46.148 |   1.6029 |     47.438 |    15.7
   16 |   1.5620 |     46.034 |   1.5781 |     47.438 |    16.7
   17 |   1.5385 |     46.018 |   1.5562 |     47.438 |    17.8
   18 |   1.5187 |     46.012 |   1.5387 |     47.438 |    18.8
   19 |   1.5019 |     46.018 |   1.5229 |     47.438 |    19.9
   20 |   1.4874 |     46.012 |   1.5099 |     47.468 |    20.9
   21 |   1.4753 |     46.023 |   1.4978 |     47.468 |    22.0
   22 |   1.4639 |     46.018 |   1.4878 |     47.468 |    23.0
   23 |   1.4540 |     46.018 |   1.4772 |     47.468 |    24.1
   24 |   1.4438 |     46.023 |   1.4677 |     47.468 |    25.1
   25 |   1.4340 |     46.002 |   1.4587 |     47.468 |    26.2
   26 |   1.4241 |     46.012 |   1.4500 |     47.468 |    27.2
   27 |   1.4147 |     46.012 |   1.4425 |     47.468 |    28.3
   28 |   1.4074 |     46.018 |   1.4346 |     47.468 |    29.3
   29 |   1.3982 |     46.094 |   1.4265 |     47.497 |    30.4
   30 |   1.3899 |     46.012 |   1.4208 |     47.468 |    31.4
   31 |   1.3818 |     45.817 |   1.4138 |     47.350 |    32.5
   32 |   1.3744 |     45.698 |   1.4082 |     47.232 |    33.5
   33 |   1.3664 |     45.383 |   1.4004 |     46.849 |    34.6
   34 |   1.3592 |     45.025 |   1.3962 |     46.555 |    35.6
   35 |   1.3534 |     44.754 |   1.3916 |     46.614 |    36.6
   36 |   1.3467 |     44.423 |   1.3872 |     46.525 |    37.7
   37 |   1.3399 |     44.325 |   1.3838 |     46.349 |    38.7
   38 |   1.3324 |     43.913 |   1.3776 |     46.054 |    39.8
   39 |   1.3270 |     43.929 |   1.3770 |     46.113 |    40.8
   40 |   1.3203 |     43.902 |   1.3731 |     45.936 |    41.9
   41 |   1.3151 |     43.609 |   1.3687 |     45.848 |    42.9
   42 |   1.3098 |     43.582 |   1.3656 |     46.054 |    44.0
   43 |   1.3041 |     43.462 |   1.3657 |     45.907 |    45.0
   44 |   1.2976 |     43.142 |   1.3608 |     45.907 |    46.0
   45 |   1.2921 |     43.159 |   1.3561 |     45.406 |    47.1
   46 |   1.2860 |     42.936 |   1.3540 |     45.554 |    48.2
   47 |   1.2809 |     42.942 |   1.3520 |     45.760 |    49.2
   48 |   1.2745 |     42.871 |   1.3508 |     45.406 |    50.3
   49 |   1.2696 |     42.746 |   1.3476 |     45.230 |    51.3
   50 |   1.2635 |     42.643 |   1.3418 |     44.935 |    52.4
   51 |   1.2595 |     42.605 |   1.3420 |     44.729 |    53.4
   52 |   1.2554 |     42.464 |   1.3386 |     45.112 |    54.5
   53 |   1.2487 |     42.415 |   1.3450 |     45.053 |    55.5
   54 |   1.2448 |     42.312 |   1.3362 |     45.024 |    56.6
   55 |   1.2399 |     42.008 |   1.3305 |     45.200 |    57.6
   56 |   1.2346 |     41.949 |   1.3343 |     45.053 |    58.6
   57 |   1.2309 |     41.943 |   1.3398 |     45.289 |    59.7
   58 |   1.2238 |     41.846 |   1.3247 |     44.582 |    60.7
   59 |   1.2196 |     41.504 |   1.3255 |     44.611 |    61.7
   60 |   1.2144 |     41.623 |   1.3233 |     44.817 |    62.8
   61 |   1.2114 |     41.314 |   1.3145 |     44.494 |    63.8
   62 |   1.2058 |     41.368 |   1.3176 |     43.993 |    64.9
   63 |   1.2013 |     41.189 |   1.3106 |     43.787 |    65.9
   64 |   1.1937 |     40.826 |   1.3088 |     44.111 |    67.0
   65 |   1.1882 |     40.685 |   1.3011 |     43.698 |    68.0
   66 |   1.1833 |     40.565 |   1.2986 |     43.286 |    69.1
   67 |   1.1783 |     40.403 |   1.2942 |     43.198 |    70.1
   68 |   1.1734 |     40.240 |   1.2925 |     43.345 |    71.2
   69 |   1.1692 |     39.963 |   1.2866 |     42.491 |    72.2
   70 |   1.1635 |     39.556 |   1.2838 |     42.491 |    73.2
   71 |   1.1566 |     39.610 |   1.2822 |     42.403 |    74.3
   72 |   1.1512 |     39.133 |   1.2814 |     42.550 |    75.3
   73 |   1.1437 |     38.981 |   1.2785 |     42.108 |    76.4
   74 |   1.1358 |     38.623 |   1.2665 |     41.961 |    77.4
   75 |   1.1338 |     38.357 |   1.2665 |     41.667 |    78.5
   76 |   1.1292 |     38.314 |   1.2656 |     41.696 |    79.5
   77 |   1.1210 |     38.260 |   1.2657 |     41.726 |    80.6
   78 |   1.1145 |     37.869 |   1.2634 |     41.225 |    81.6
   79 |   1.1101 |     37.744 |   1.2501 |     41.461 |    82.6
   80 |   1.1012 |     37.272 |   1.2522 |     40.872 |    83.7
   81 |   1.0951 |     36.930 |   1.2464 |     40.754 |    84.7
   82 |   1.0878 |     36.702 |   1.2454 |     41.019 |    85.8
   83 |   1.0865 |     36.854 |   1.2398 |     41.284 |    86.8
   84 |   1.0754 |     36.155 |   1.2423 |     40.607 |    87.9
   85 |   1.0723 |     36.268 |   1.2308 |     40.253 |    88.9
   86 |   1.0634 |     35.753 |   1.2302 |     40.106 |    90.0
   87 |   1.0596 |     35.715 |   1.2253 |     39.753 |    91.0
   88 |   1.0538 |     35.286 |   1.2263 |     39.694 |    92.1
   89 |   1.0481 |     35.102 |   1.2253 |     39.694 |    93.1
   90 |   1.0431 |     34.798 |   1.2214 |     39.429 |    94.1
   91 |   1.0339 |     34.641 |   1.2154 |     39.399 |    95.2
   92 |   1.0278 |     34.386 |   1.2175 |     39.429 |    96.2
   93 |   1.0237 |     33.914 |   1.2212 |     39.429 |    97.3
   94 |   1.0168 |     33.632 |   1.2125 |     39.959 |    98.3
   95 |   1.0122 |     33.822 |   1.2166 |     38.810 |    99.4
   96 |   1.0066 |     33.295 |   1.2059 |     39.311 |   100.4
   97 |   1.0018 |     33.084 |   1.2131 |     39.075 |   101.5
   98 |   0.9940 |     32.926 |   1.2087 |     38.751 |   102.6
   99 |   0.9886 |     32.655 |   1.2168 |     39.105 |   103.6
  100 |   0.9813 |     32.384 |   1.2028 |     38.575 |   104.7
  101 |   0.9792 |     32.541 |   1.2065 |     38.869 |   105.7
  102 |   0.9747 |     32.351 |   1.2046 |     38.074 |   106.8
  103 |   0.9670 |     31.852 |   1.2015 |     38.457 |   107.8
  104 |   0.9612 |     31.782 |   1.2004 |     38.133 |   108.9
  105 |   0.9563 |     31.733 |   1.2020 |     38.545 |   109.9
  106 |   0.9516 |     31.299 |   1.1970 |     38.486 |   111.0
  107 |   0.9457 |     31.331 |   1.1965 |     37.721 |   112.0
  108 |   0.9404 |     31.098 |   1.1935 |     38.310 |   113.1
  109 |   0.9316 |     30.887 |   1.1985 |     37.956 |   114.1
  110 |   0.9304 |     30.626 |   1.1951 |     38.604 |   115.2
  111 |   0.9242 |     30.669 |   1.1940 |     38.104 |   116.2
  112 |   0.9214 |     30.425 |   1.1996 |     38.310 |   117.3
Early stopping

Model: Seq2Seq Multimodal Bi-LSTM
Source index: <Seq2Seq Index with 43 items>
Target index: <Seq2Seq Index with 34 items>
Encoder embedding dimension: 128
Descriptors dimension: 1136
Decoder embedding dimension: 128
Encoder hidden units: 32
Encoder layers: 4
Decoder hidden units: 64
Decoder layers: 4
Dropout: 0.1
Trainable parameters: 472,994

Training started
X_train.shape: torch.Size([3072, 702])
Y_train.shape: torch.Size([3072, 7])
X_dev.shape: torch.Size([566, 649])
Y_dev.shape: torch.Size([566, 7])
Epochs: 500
Learning rate: 0.001
Weight decay: 1e-05
Epoch | Train                 | Development           | Minutes
      | Loss     | Error Rate | Loss     | Error Rate |
---------------------------------------------------------------
    1 |   2.5710 |     68.864 |   1.9972 |     54.682 |     0.3
    2 |   1.7553 |     49.202 |   1.6024 |     47.468 |     0.5
    3 |   1.5016 |     46.072 |   1.4832 |     46.731 |     0.8
    4 |   1.4360 |     46.153 |   1.4476 |     47.468 |     1.1
    5 |   1.4139 |     46.094 |   1.4361 |     47.468 |     1.4
    6 |   1.4038 |     46.094 |   1.4251 |     47.468 |     1.6
    7 |   1.3963 |     46.159 |   1.4219 |     47.468 |     1.9
    8 |   1.3906 |     46.007 |   1.4180 |     47.409 |     2.2
    9 |   1.3846 |     46.061 |   1.4078 |     47.291 |     2.5
   10 |   1.3761 |     45.692 |   1.4022 |     46.790 |     2.7
   11 |   1.3687 |     45.562 |   1.3994 |     46.201 |     3.0
   12 |   1.3478 |     44.537 |   1.3823 |     45.289 |     3.3
   13 |   1.3320 |     44.423 |   1.3697 |     45.583 |     3.6
   14 |   1.3150 |     43.951 |   1.3587 |     45.171 |     3.8
   15 |   1.3023 |     43.869 |   1.3486 |     45.200 |     4.1
   16 |   1.2912 |     43.555 |   1.3369 |     44.611 |     4.4
   17 |   1.2737 |     42.969 |   1.3318 |     44.435 |     4.7
   18 |   1.2646 |     42.697 |   1.3293 |     44.965 |     4.9
   19 |   1.2520 |     42.898 |   1.2999 |     44.170 |     5.2
   20 |   1.2362 |     42.524 |   1.2989 |     43.728 |     5.5
   21 |   1.2206 |     41.970 |   1.2773 |     43.139 |     5.8
   22 |   1.2051 |     41.233 |   1.2688 |     43.080 |     6.0
   23 |   1.1872 |     40.940 |   1.2583 |     42.697 |     6.3
   24 |   1.1706 |     40.283 |   1.2494 |     42.049 |     6.6
   25 |   1.1623 |     40.017 |   1.2342 |     41.784 |     6.9
   26 |   1.1420 |     39.551 |   1.2330 |     41.254 |     7.1
   27 |   1.1349 |     38.938 |   1.2300 |     40.577 |     7.4
   28 |   1.1255 |     38.411 |   1.2109 |     39.988 |     7.7
   29 |   1.1043 |     37.939 |   1.2052 |     39.841 |     8.0
   30 |   1.0902 |     37.174 |   1.2011 |     39.753 |     8.2
   31 |   1.0803 |     36.968 |   1.1780 |     39.164 |     8.5
   32 |   1.0588 |     36.079 |   1.1641 |     39.429 |     8.8
   33 |   1.0403 |     35.677 |   1.1682 |     38.722 |     9.1
   34 |   1.0283 |     35.069 |   1.1464 |     38.486 |     9.3
   35 |   1.0121 |     34.896 |   1.1488 |     38.045 |     9.6
   36 |   0.9982 |     34.115 |   1.1335 |     37.161 |     9.9
   37 |   0.9811 |     33.556 |   1.1271 |     37.220 |    10.2
   38 |   0.9609 |     32.802 |   1.1317 |     37.485 |    10.4
   39 |   0.9558 |     32.747 |   1.1295 |     37.721 |    10.7
   40 |   0.9422 |     32.286 |   1.1043 |     36.396 |    11.0
   41 |   0.9291 |     31.592 |   1.1086 |     36.661 |    11.2
   42 |   0.9205 |     31.456 |   1.1130 |     36.131 |    11.5
   43 |   0.9099 |     30.642 |   1.0937 |     36.013 |    11.8
   44 |   0.8892 |     30.062 |   1.0838 |     35.453 |    12.1
   45 |   0.8793 |     29.389 |   1.0818 |     35.041 |    12.3
   46 |   0.8618 |     29.009 |   1.0929 |     35.188 |    12.6
   47 |   0.8559 |     28.472 |   1.0664 |     34.393 |    12.9
   48 |   0.8452 |     28.011 |   1.0612 |     34.335 |    13.2
   49 |   0.8326 |     27.897 |   1.0758 |     34.570 |    13.4
   50 |   0.8229 |     27.789 |   1.0754 |     34.835 |    13.7
   51 |   0.8002 |     26.655 |   1.0682 |     34.011 |    14.0
   52 |   0.7959 |     26.541 |   1.0392 |     34.217 |    14.3
   53 |   0.7825 |     26.259 |   1.0670 |     33.687 |    14.5
   54 |   0.7728 |     25.787 |   1.0526 |     33.392 |    14.8
   55 |   0.7618 |     25.646 |   1.0572 |     33.981 |    15.1
   56 |   0.7543 |     25.298 |   1.0538 |     33.392 |    15.3
Early stopping

Model: Seq2Seq Multimodal Bi-LSTM
Source index: <Seq2Seq Index with 43 items>
Target index: <Seq2Seq Index with 34 items>
Encoder embedding dimension: 64
Descriptors dimension: 1136
Decoder embedding dimension: 128
Encoder hidden units: 128
Encoder layers: 3
Decoder hidden units: 128
Decoder layers: 3
Dropout: 0.2
Trainable parameters: 2,177,634

Training started
X_train.shape: torch.Size([3072, 702])
Y_train.shape: torch.Size([3072, 7])
X_dev.shape: torch.Size([566, 649])
Y_dev.shape: torch.Size([566, 7])
Epochs: 500
Learning rate: 0.001
Weight decay: 0.0001
Epoch | Train                 | Development           | Minutes
      | Loss     | Error Rate | Loss     | Error Rate |
---------------------------------------------------------------
    1 |   2.2537 |     61.089 |   1.6903 |     49.441 |     1.3
    2 |   1.5062 |     46.343 |   1.4572 |     47.468 |     2.8
    3 |   1.4170 |     46.159 |   1.4332 |     47.468 |     4.2
    4 |   1.4020 |     46.094 |   1.4303 |     47.468 |     5.7
    5 |   1.3952 |     45.985 |   1.4139 |     46.614 |     7.2
    6 |   1.3849 |     45.785 |   1.3982 |     47.350 |     8.6
    7 |   1.3623 |     44.987 |   1.3792 |     45.436 |    10.1
    8 |   1.3412 |     44.732 |   1.3657 |     45.436 |    11.5
    9 |   1.3270 |     44.341 |   1.3561 |     45.200 |    13.0
   10 |   1.3143 |     43.978 |   1.3516 |     44.817 |    14.4
   11 |   1.2976 |     43.338 |   1.3270 |     43.993 |    15.9
   12 |   1.2798 |     42.589 |   1.3153 |     43.640 |    17.3
   13 |   1.2653 |     42.253 |   1.3086 |     43.404 |    18.8
   14 |   1.2464 |     41.336 |   1.3027 |     43.051 |    20.2
   15 |   1.2351 |     41.081 |   1.2889 |     42.786 |    21.7
   16 |   1.2197 |     40.701 |   1.2762 |     42.521 |    23.1
   17 |   1.2041 |     40.196 |   1.2589 |     41.696 |    24.5
   18 |   1.1915 |     39.567 |   1.2553 |     41.284 |    26.0
   19 |   1.1735 |     39.008 |   1.2366 |     41.048 |    27.5
   20 |   1.1620 |     39.003 |   1.2408 |     41.814 |    28.9
   21 |   1.1462 |     38.563 |   1.2418 |     41.461 |    30.4
   22 |   1.1356 |     38.341 |   1.2253 |     40.989 |    31.8
   23 |   1.1225 |     37.939 |   1.2057 |     40.077 |    33.3
   24 |   1.1127 |     37.619 |   1.1873 |     40.224 |    34.7
   25 |   1.0930 |     37.337 |   1.1951 |     39.782 |    36.2
   26 |   1.0819 |     36.437 |   1.1968 |     39.193 |    37.6
   27 |   1.0670 |     36.084 |   1.1755 |     39.399 |    39.1
   28 |   1.0586 |     35.992 |   1.1656 |     38.163 |    40.5
   29 |   1.0522 |     35.655 |   1.1780 |     39.870 |    42.0
   30 |   1.0385 |     35.183 |   1.1468 |     38.369 |    43.4
   31 |   1.0356 |     35.129 |   1.1557 |     38.604 |    44.9
   32 |   1.0125 |     34.663 |   1.1539 |     38.133 |    46.3
   33 |   0.9980 |     33.849 |   1.1555 |     38.192 |    47.8
   34 |   0.9918 |     33.903 |   1.1517 |     38.045 |    49.2
Early stopping

Model: Seq2Seq Multimodal Bi-LSTM
Source index: <Seq2Seq Index with 43 items>
Target index: <Seq2Seq Index with 34 items>
Encoder embedding dimension: 128
Descriptors dimension: 1136
Decoder embedding dimension: 128
Encoder hidden units: 32
Encoder layers: 2
Decoder hidden units: 64
Decoder layers: 3
Dropout: 0.0
Trainable parameters: 288,098

Training started
X_train.shape: torch.Size([3072, 702])
Y_train.shape: torch.Size([3072, 7])
X_dev.shape: torch.Size([566, 649])
Y_dev.shape: torch.Size([566, 7])
Epochs: 500
Learning rate: 0.0001
Weight decay: 0.0001
Epoch | Train                 | Development           | Minutes
      | Loss     | Error Rate | Loss     | Error Rate |
---------------------------------------------------------------
    1 |   3.4538 |     88.732 |   3.2806 |     82.862 |     0.1
    2 |   2.8626 |     78.391 |   2.6070 |     63.516 |     0.1
    3 |   2.4523 |     59.223 |   2.3366 |     58.952 |     0.2
    4 |   2.2367 |     57.964 |   2.1747 |     56.213 |     0.2
    5 |   2.1007 |     55.425 |   2.0676 |     55.094 |     0.3
    6 |   2.0051 |     54.384 |   1.9882 |     54.299 |     0.3
    7 |   1.9268 |     53.743 |   1.9177 |     53.504 |     0.4
    8 |   1.8562 |     49.175 |   1.8527 |     49.382 |     0.4
    9 |   1.7919 |     48.497 |   1.7953 |     49.441 |     0.5
   10 |   1.7342 |     48.503 |   1.7429 |     49.441 |     0.5
   11 |   1.6826 |     48.508 |   1.6956 |     49.441 |     0.6
   12 |   1.6360 |     48.513 |   1.6517 |     49.441 |     0.6
   13 |   1.5938 |     47.173 |   1.6136 |     47.468 |     0.7
   14 |   1.5565 |     46.039 |   1.5801 |     47.468 |     0.7
   15 |   1.5250 |     46.034 |   1.5517 |     47.468 |     0.8
   16 |   1.4974 |     46.002 |   1.5281 |     47.497 |     0.8
   17 |   1.4738 |     45.844 |   1.5049 |     47.350 |     0.9
   18 |   1.4531 |     45.725 |   1.4856 |     47.320 |     1.0
   19 |   1.4347 |     45.698 |   1.4755 |     47.144 |     1.0
   20 |   1.4180 |     45.616 |   1.4544 |     46.408 |     1.1
   21 |   1.4022 |     45.611 |   1.4405 |     47.055 |     1.1
   22 |   1.3877 |     45.416 |   1.4256 |     46.143 |     1.2
   23 |   1.3735 |     45.383 |   1.4142 |     46.908 |     1.2
   24 |   1.3606 |     44.992 |   1.4018 |     45.878 |     1.3
   25 |   1.3476 |     44.596 |   1.3894 |     45.524 |     1.3
   26 |   1.3356 |     43.837 |   1.3830 |     45.377 |     1.4
   27 |   1.3238 |     43.321 |   1.3767 |     44.876 |     1.4
   28 |   1.3142 |     42.942 |   1.3643 |     45.465 |     1.5
   29 |   1.3040 |     42.746 |   1.3586 |     44.170 |     1.5
   30 |   1.2951 |     42.361 |   1.3580 |     43.905 |     1.6
   31 |   1.2865 |     42.101 |   1.3424 |     43.993 |     1.6
   32 |   1.2775 |     42.225 |   1.3395 |     44.376 |     1.7
   33 |   1.2686 |     41.672 |   1.3329 |     43.168 |     1.7
   34 |   1.2609 |     41.629 |   1.3334 |     43.404 |     1.8
   35 |   1.2537 |     41.450 |   1.3245 |     42.874 |     1.9
   36 |   1.2454 |     41.200 |   1.3231 |     42.962 |     1.9
   37 |   1.2384 |     41.092 |   1.3144 |     42.079 |     2.0
   38 |   1.2302 |     40.777 |   1.3099 |     42.609 |     2.0
   39 |   1.2236 |     40.668 |   1.3026 |     42.049 |     2.1
   40 |   1.2176 |     40.538 |   1.3082 |     42.020 |     2.1
   41 |   1.2092 |     40.218 |   1.2983 |     42.049 |     2.2
   42 |   1.2028 |     40.072 |   1.2918 |     41.402 |     2.2
   43 |   1.1964 |     39.670 |   1.2950 |     41.667 |     2.3
   44 |   1.1893 |     39.545 |   1.2912 |     41.372 |     2.3
   45 |   1.1826 |     39.605 |   1.2875 |     41.137 |     2.4
   46 |   1.1758 |     39.144 |   1.2798 |     40.960 |     2.4
   47 |   1.1693 |     38.694 |   1.2860 |     41.137 |     2.5
   48 |   1.1621 |     38.873 |   1.2822 |     40.872 |     2.5
   49 |   1.1550 |     38.466 |   1.2757 |     40.960 |     2.6
   50 |   1.1485 |     38.189 |   1.2751 |     40.783 |     2.6
   51 |   1.1420 |     38.097 |   1.2709 |     40.901 |     2.7
   52 |   1.1355 |     37.565 |   1.2648 |     40.430 |     2.8
   53 |   1.1286 |     37.505 |   1.2658 |     40.459 |     2.8
   54 |   1.1223 |     37.288 |   1.2619 |     40.518 |     2.9
   55 |   1.1164 |     36.963 |   1.2668 |     40.371 |     2.9
   56 |   1.1093 |     36.784 |   1.2521 |     39.929 |     3.0
   57 |   1.1041 |     36.540 |   1.2506 |     39.664 |     3.0
   58 |   1.0972 |     36.382 |   1.2453 |     39.517 |     3.1
   59 |   1.0890 |     36.176 |   1.2433 |     39.517 |     3.1
   60 |   1.0839 |     35.775 |   1.2427 |     38.928 |     3.2
   61 |   1.0764 |     35.270 |   1.2485 |     39.517 |     3.2
   62 |   1.0699 |     35.330 |   1.2372 |     38.663 |     3.3
   63 |   1.0645 |     34.950 |   1.2367 |     38.604 |     3.3
   64 |   1.0569 |     34.771 |   1.2356 |     38.516 |     3.4
   65 |   1.0502 |     34.511 |   1.2312 |     38.545 |     3.4
   66 |   1.0435 |     34.163 |   1.2336 |     38.221 |     3.5
   67 |   1.0380 |     34.039 |   1.2284 |     38.369 |     3.5
   68 |   1.0312 |     33.691 |   1.2333 |     38.192 |     3.6
   69 |   1.0241 |     33.480 |   1.2232 |     38.045 |     3.7
   70 |   1.0190 |     33.073 |   1.2249 |     37.956 |     3.7
   71 |   1.0117 |     32.818 |   1.2258 |     38.221 |     3.8
   72 |   1.0042 |     32.530 |   1.2149 |     37.633 |     3.8
   73 |   0.9990 |     32.330 |   1.2209 |     37.426 |     3.9
   74 |   0.9908 |     31.760 |   1.2098 |     36.837 |     3.9
   75 |   0.9846 |     31.619 |   1.2172 |     37.367 |     4.0
   76 |   0.9790 |     31.456 |   1.2071 |     37.132 |     4.0
   77 |   0.9736 |     31.223 |   1.2103 |     36.572 |     4.1
   78 |   0.9659 |     30.805 |   1.2078 |     36.749 |     4.1
   79 |   0.9608 |     30.914 |   1.2073 |     36.631 |     4.2
   80 |   0.9522 |     30.377 |   1.2003 |     36.690 |     4.2
   81 |   0.9466 |     30.089 |   1.2155 |     36.896 |     4.3
   82 |   0.9417 |     29.997 |   1.2036 |     36.484 |     4.3
   83 |   0.9335 |     29.590 |   1.2017 |     36.307 |     4.4
   84 |   0.9279 |     29.308 |   1.2006 |     36.396 |     4.4
Early stopping

Model: Seq2Seq Multimodal Bi-LSTM
Source index: <Seq2Seq Index with 43 items>
Target index: <Seq2Seq Index with 34 items>
Encoder embedding dimension: 128
Descriptors dimension: 1136
Decoder embedding dimension: 64
Encoder hidden units: 32
Encoder layers: 3
Decoder hidden units: 64
Decoder layers: 2
Dropout: 0.1
Trainable parameters: 311,042

Training started
X_train.shape: torch.Size([3072, 702])
Y_train.shape: torch.Size([3072, 7])
X_dev.shape: torch.Size([566, 649])
Y_dev.shape: torch.Size([566, 7])
Epochs: 500
Learning rate: 0.001
Weight decay: 0.0001
Epoch | Train                 | Development           | Minutes
      | Loss     | Error Rate | Loss     | Error Rate |
---------------------------------------------------------------
    1 |   2.4884 |     65.978 |   1.9222 |     51.737 |     0.1
    2 |   1.6535 |     47.732 |   1.5229 |     47.291 |     0.1
    3 |   1.4340 |     45.703 |   1.4240 |     47.085 |     0.2
    4 |   1.3624 |     44.737 |   1.3635 |     43.581 |     0.3
    5 |   1.3013 |     42.394 |   1.3196 |     43.669 |     0.3
    6 |   1.2524 |     41.238 |   1.2716 |     41.873 |     0.4
    7 |   1.2071 |     40.137 |   1.2442 |     41.048 |     0.5
    8 |   1.1727 |     38.883 |   1.2072 |     39.664 |     0.5
    9 |   1.1362 |     37.440 |   1.2015 |     39.282 |     0.6
   10 |   1.0979 |     35.829 |   1.1612 |     37.956 |     0.7
   11 |   1.0636 |     34.918 |   1.1367 |     36.779 |     0.7
   12 |   1.0306 |     33.729 |   1.1202 |     36.661 |     0.8
   13 |   0.9972 |     32.552 |   1.1000 |     36.307 |     0.9
   14 |   0.9596 |     31.641 |   1.0951 |     36.101 |     0.9
   15 |   0.9427 |     30.865 |   1.0664 |     35.100 |     1.0
   16 |   0.9073 |     29.644 |   1.0693 |     35.012 |     1.1
   17 |   0.8742 |     28.282 |   1.0365 |     34.099 |     1.2
   18 |   0.8462 |     27.219 |   1.0446 |     34.128 |     1.2
   19 |   0.8191 |     26.855 |   1.0342 |     33.422 |     1.3
   20 |   0.7987 |     25.526 |   1.0279 |     32.980 |     1.4
   21 |   0.7760 |     24.989 |   1.0093 |     32.362 |     1.4
   22 |   0.7445 |     23.899 |   1.0034 |     32.008 |     1.5
   23 |   0.7291 |     23.622 |   1.0066 |     32.479 |     1.6
   24 |   0.7088 |     22.955 |   0.9909 |     31.419 |     1.6
   25 |   0.6939 |     22.580 |   0.9940 |     30.948 |     1.7
   26 |   0.6634 |     21.430 |   0.9964 |     31.066 |     1.8
   27 |   0.6554 |     21.088 |   0.9915 |     30.624 |     1.8
   28 |   0.6339 |     20.394 |   0.9932 |     30.565 |     1.9
Early stopping

Model: Seq2Seq Multimodal Bi-LSTM
Source index: <Seq2Seq Index with 43 items>
Target index: <Seq2Seq Index with 34 items>
Encoder embedding dimension: 128
Descriptors dimension: 1136
Decoder embedding dimension: 128
Encoder hidden units: 128
Encoder layers: 3
Decoder hidden units: 128
Decoder layers: 3
Dropout: 0.1
Trainable parameters: 2,245,922

Training started
X_train.shape: torch.Size([3072, 702])
Y_train.shape: torch.Size([3072, 7])
X_dev.shape: torch.Size([566, 649])
Y_dev.shape: torch.Size([566, 7])
Epochs: 500
Learning rate: 0.001
Weight decay: 1e-05
Epoch | Train                 | Development           | Minutes
      | Loss     | Error Rate | Loss     | Error Rate |
---------------------------------------------------------------
    1 |   2.1934 |     59.212 |   1.6511 |     47.468 |     1.1
    2 |   1.4879 |     46.164 |   1.4572 |     47.468 |     2.3
    3 |   1.4169 |     46.181 |   1.4384 |     46.731 |     3.6
    4 |   1.3996 |     46.067 |   1.4168 |     46.643 |     4.8
    5 |   1.3849 |     46.094 |   1.4021 |     46.201 |     6.0
    6 |   1.3617 |     45.068 |   1.3744 |     45.289 |     7.3
    7 |   1.3333 |     44.325 |   1.3771 |     46.025 |     8.5
    8 |   1.3186 |     43.913 |   1.3590 |     45.141 |     9.7
    9 |   1.3043 |     42.768 |   1.3256 |     43.669 |    11.0
   10 |   1.2813 |     42.171 |   1.3269 |     43.993 |    12.2
   11 |   1.2684 |     42.095 |   1.3071 |     43.463 |    13.4
   12 |   1.2569 |     41.786 |   1.3013 |     43.051 |    14.6
   13 |   1.2410 |     41.390 |   1.2799 |     42.344 |    15.8
   14 |   1.2228 |     41.054 |   1.2666 |     42.138 |    17.1
   15 |   1.2043 |     40.424 |   1.2683 |     42.079 |    18.3
   16 |   1.1923 |     39.746 |   1.2657 |     41.490 |    19.5
   17 |   1.1845 |     39.366 |   1.2519 |     41.991 |    20.7
   18 |   1.1619 |     39.128 |   1.2429 |     41.490 |    21.9
   19 |   1.1532 |     38.661 |   1.2288 |     40.901 |    23.2
   20 |   1.1319 |     37.999 |   1.2174 |     40.724 |    24.4
   21 |   1.1171 |     37.701 |   1.2113 |     40.106 |    25.6
   22 |   1.0993 |     37.267 |   1.2004 |     39.694 |    26.9
   23 |   1.0867 |     36.882 |   1.1945 |     39.812 |    28.1
   24 |   1.0751 |     36.372 |   1.1848 |     38.987 |    29.3
   25 |   1.0611 |     35.954 |   1.1802 |     39.105 |    30.5
   26 |   1.0577 |     35.900 |   1.1596 |     37.750 |    31.8
   27 |   1.0345 |     35.308 |   1.1756 |     38.693 |    33.0
   28 |   1.0248 |     34.673 |   1.1550 |     38.015 |    34.2
   29 |   1.0066 |     34.359 |   1.1463 |     37.367 |    35.4
   30 |   0.9989 |     34.082 |   1.1437 |     38.428 |    36.7
   31 |   0.9730 |     33.116 |   1.1428 |     38.428 |    37.9
   32 |   0.9633 |     33.089 |   1.1524 |     37.750 |    39.3
   33 |   0.9569 |     32.677 |   1.1276 |     36.690 |    40.5
   34 |   0.9410 |     32.243 |   1.1388 |     37.279 |    41.7
   35 |   0.9292 |     31.798 |   1.1301 |     37.956 |    42.9
   36 |   0.9137 |     31.364 |   1.1350 |     37.250 |    44.1
   37 |   0.8903 |     30.664 |   1.1343 |     37.102 |    45.4
Early stopping

Model: Seq2Seq Multimodal Bi-LSTM
Source index: <Seq2Seq Index with 43 items>
Target index: <Seq2Seq Index with 34 items>
Encoder embedding dimension: 128
Descriptors dimension: 1136
Decoder embedding dimension: 128
Encoder hidden units: 32
Encoder layers: 2
Decoder hidden units: 64
Decoder layers: 2
Dropout: 0.0
Trainable parameters: 254,818

Training started
X_train.shape: torch.Size([3072, 702])
Y_train.shape: torch.Size([3072, 7])
X_dev.shape: torch.Size([566, 649])
Y_dev.shape: torch.Size([566, 7])
Epochs: 500
Learning rate: 0.001
Weight decay: 0.0001
Epoch | Train                 | Development           | Minutes
      | Loss     | Error Rate | Loss     | Error Rate |
---------------------------------------------------------------
    1 |   2.3841 |     62.478 |   1.8058 |     49.441 |     0.1
    2 |   1.5736 |     46.951 |   1.4756 |     46.996 |     0.1
    3 |   1.3992 |     45.703 |   1.3845 |     46.408 |     0.2
    4 |   1.3216 |     44.341 |   1.3177 |     43.963 |     0.2
    5 |   1.2598 |     42.074 |   1.2742 |     42.403 |     0.3
    6 |   1.2101 |     40.180 |   1.2332 |     40.342 |     0.3
    7 |   1.1580 |     37.614 |   1.2057 |     38.163 |     0.4
    8 |   1.1068 |     35.862 |   1.1579 |     37.279 |     0.4
    9 |   1.0537 |     34.147 |   1.1377 |     36.955 |     0.5
   10 |   1.0093 |     32.888 |   1.1064 |     35.777 |     0.5
   11 |   0.9618 |     30.273 |   1.0716 |     34.629 |     0.6
   12 |   0.9186 |     29.367 |   1.0580 |     34.246 |     0.6
   13 |   0.8801 |     27.946 |   1.0612 |     34.128 |     0.7
   14 |   0.8401 |     26.866 |   1.0353 |     33.098 |     0.7
   15 |   0.8058 |     25.705 |   1.0177 |     32.656 |     0.8
   16 |   0.7652 |     23.953 |   1.0026 |     31.596 |     0.8
   17 |   0.7259 |     22.716 |   1.0074 |     31.302 |     0.9
   18 |   0.6931 |     21.794 |   0.9886 |     31.508 |     0.9
   19 |   0.6690 |     21.088 |   0.9854 |     30.300 |     1.0
   20 |   0.6419 |     20.009 |   0.9895 |     29.770 |     1.0
   21 |   0.6130 |     19.206 |   0.9739 |     28.740 |     1.1
   22 |   0.5978 |     18.631 |   0.9809 |     30.006 |     1.1
   23 |   0.5733 |     17.887 |   0.9722 |     28.828 |     1.2
   24 |   0.5474 |     17.133 |   0.9838 |     29.299 |     1.3
   25 |   0.5267 |     16.526 |   0.9629 |     28.651 |     1.3
   26 |   0.5079 |     15.782 |   0.9782 |     28.504 |     1.4
   27 |   0.4912 |     15.186 |   0.9854 |     28.062 |     1.4
   28 |   0.4696 |     14.290 |   0.9821 |     28.151 |     1.5
   29 |   0.4543 |     13.987 |   0.9714 |     28.475 |     1.5
Early stopping

Model: Seq2Seq Multimodal Bi-LSTM
Source index: <Seq2Seq Index with 43 items>
Target index: <Seq2Seq Index with 34 items>
Encoder embedding dimension: 128
Descriptors dimension: 1136
Decoder embedding dimension: 128
Encoder hidden units: 128
Encoder layers: 2
Decoder hidden units: 128
Decoder layers: 3
Dropout: 0.1
Trainable parameters: 1,557,666

Training started
X_train.shape: torch.Size([3072, 702])
Y_train.shape: torch.Size([3072, 7])
X_dev.shape: torch.Size([566, 649])
Y_dev.shape: torch.Size([566, 7])
Epochs: 500
Learning rate: 0.001
Weight decay: 0.0001
Epoch | Train                 | Development           | Minutes
      | Loss     | Error Rate | Loss     | Error Rate |
---------------------------------------------------------------
    1 |   2.2254 |     60.590 |   1.6803 |     47.468 |     0.9
    2 |   1.4978 |     46.240 |   1.4568 |     47.438 |     1.8
    3 |   1.4126 |     45.953 |   1.4260 |     46.731 |     2.8
    4 |   1.3834 |     45.909 |   1.3882 |     47.468 |     3.7
    5 |   1.3536 |     45.416 |   1.3574 |     46.967 |     4.7
    6 |   1.3149 |     44.732 |   1.3370 |     46.113 |     5.6
    7 |   1.2736 |     43.462 |   1.2761 |     42.903 |     6.6
    8 |   1.2464 |     42.209 |   1.2610 |     42.462 |     7.5
    9 |   1.2223 |     41.829 |   1.2312 |     41.814 |     8.5
   10 |   1.1904 |     40.473 |   1.2086 |     40.165 |     9.4
   11 |   1.1619 |     39.280 |   1.1828 |     39.193 |    10.4
   12 |   1.1299 |     38.417 |   1.1694 |     39.929 |    11.3
   13 |   1.1092 |     37.625 |   1.1420 |     37.986 |    12.3
   14 |   1.0878 |     36.784 |   1.1377 |     37.721 |    13.2
   15 |   1.0503 |     35.710 |   1.1073 |     37.338 |    14.2
   16 |   1.0209 |     34.521 |   1.0903 |     36.661 |    15.1
   17 |   0.9952 |     33.713 |   1.0827 |     36.219 |    16.1
   18 |   0.9691 |     32.992 |   1.0730 |     35.836 |    17.0
   19 |   0.9384 |     31.879 |   1.0339 |     35.041 |    18.0
   20 |   0.9135 |     30.854 |   1.0394 |     34.953 |    18.9
   21 |   0.8855 |     30.322 |   1.0138 |     33.804 |    19.9
   22 |   0.8685 |     29.400 |   1.0221 |     33.687 |    20.8
   23 |   0.8298 |     28.190 |   1.0022 |     32.509 |    21.8
   24 |   0.8031 |     27.148 |   0.9998 |     32.803 |    22.7
   25 |   0.7810 |     26.188 |   1.0274 |     33.304 |    23.7
   26 |   0.7660 |     25.955 |   0.9669 |     31.184 |    24.6
   27 |   0.7389 |     24.913 |   0.9716 |     31.360 |    25.6
   28 |   0.7123 |     23.947 |   0.9767 |     30.654 |    26.5
   29 |   0.6975 |     23.535 |   0.9841 |     31.508 |    27.5
   30 |   0.6658 |     22.488 |   0.9795 |     31.213 |    28.4
Early stopping

Model: Seq2Seq Multimodal Bi-LSTM
Source index: <Seq2Seq Index with 43 items>
Target index: <Seq2Seq Index with 34 items>
Encoder embedding dimension: 64
Descriptors dimension: 1136
Decoder embedding dimension: 128
Encoder hidden units: 32
Encoder layers: 3
Decoder hidden units: 128
Decoder layers: 2
Dropout: 0.2
Trainable parameters: 518,466

Training started
X_train.shape: torch.Size([3072, 702])
Y_train.shape: torch.Size([3072, 7])
X_dev.shape: torch.Size([566, 649])
Y_dev.shape: torch.Size([566, 7])
Epochs: 500
Learning rate: 0.001
Weight decay: 0.0001
Epoch | Train                 | Development           | Minutes
      | Loss     | Error Rate | Loss     | Error Rate |
---------------------------------------------------------------
    1 |   2.0255 |     55.176 |   1.4731 |     47.409 |     0.1
    2 |   1.3616 |     44.727 |   1.3198 |     44.435 |     0.2
    3 |   1.2495 |     41.531 |   1.2238 |     40.077 |     0.3
    4 |   1.1659 |     38.677 |   1.1800 |     38.339 |     0.4
    5 |   1.0979 |     36.431 |   1.1315 |     37.367 |     0.5
    6 |   1.0262 |     33.577 |   1.0775 |     35.660 |     0.6
    7 |   0.9837 |     32.194 |   1.0458 |     34.069 |     0.7
    8 |   0.9134 |     30.279 |   1.0001 |     32.951 |     0.8
    9 |   0.8619 |     27.984 |   0.9774 |     32.038 |     0.9
   10 |   0.8066 |     26.595 |   0.9615 |     31.302 |     1.0
   11 |   0.7607 |     24.778 |   0.9323 |     30.271 |     1.1
   12 |   0.7162 |     23.595 |   0.9298 |     30.035 |     1.2
   13 |   0.6833 |     22.390 |   0.9151 |     29.270 |     1.3
   14 |   0.6479 |     20.964 |   0.8975 |     28.445 |     1.4
   15 |   0.6131 |     19.851 |   0.8862 |     28.121 |     1.5
   16 |   0.5803 |     18.777 |   0.8955 |     28.534 |     1.6
   17 |   0.5614 |     18.533 |   0.8821 |     27.945 |     1.7
   18 |   0.5376 |     17.687 |   0.8770 |     26.649 |     1.8
   19 |   0.5173 |     16.743 |   0.8910 |     26.943 |     1.9
   20 |   0.4884 |     16.059 |   0.8934 |     27.267 |     2.0
   21 |   0.4734 |     15.842 |   0.8932 |     26.561 |     2.1
   22 |   0.4534 |     15.137 |   0.8813 |     26.620 |     2.2
Early stopping

Model: Seq2Seq Multimodal Bi-LSTM
Source index: <Seq2Seq Index with 43 items>
Target index: <Seq2Seq Index with 34 items>
Encoder embedding dimension: 64
Descriptors dimension: 1136
Decoder embedding dimension: 128
Encoder hidden units: 32
Encoder layers: 2
Decoder hidden units: 64
Decoder layers: 4
Dropout: 0.2
Trainable parameters: 302,242

Training started
X_train.shape: torch.Size([3072, 702])
Y_train.shape: torch.Size([3072, 7])
X_dev.shape: torch.Size([566, 649])
Y_dev.shape: torch.Size([566, 7])
Epochs: 500
Learning rate: 0.001
Weight decay: 1e-05
Epoch | Train                 | Development           | Minutes
      | Loss     | Error Rate | Loss     | Error Rate |
---------------------------------------------------------------
    1 |   2.6375 |     71.018 |   2.0576 |     54.240 |     0.1
    2 |   1.8147 |     51.020 |   1.6497 |     49.441 |     0.2
    3 |   1.5295 |     46.278 |   1.4949 |     47.468 |     0.2
    4 |   1.4449 |     46.208 |   1.4498 |     46.731 |     0.3
    5 |   1.4134 |     45.909 |   1.4250 |     46.731 |     0.4
    6 |   1.3887 |     45.779 |   1.4057 |     46.025 |     0.5
    7 |   1.3671 |     45.437 |   1.3828 |     46.673 |     0.6
    8 |   1.3478 |     45.079 |   1.3633 |     46.437 |     0.6
    9 |   1.3355 |     44.987 |   1.3536 |     46.290 |     0.7
   10 |   1.3203 |     44.819 |   1.3458 |     46.349 |     0.8
   11 |   1.3102 |     44.727 |   1.3419 |     46.025 |     0.9
   12 |   1.2987 |     44.439 |   1.3263 |     45.878 |     0.9
   13 |   1.2868 |     44.336 |   1.3182 |     45.966 |     1.0
   14 |   1.2772 |     43.989 |   1.2932 |     45.024 |     1.1
   15 |   1.2599 |     43.717 |   1.2914 |     44.817 |     1.2
   16 |   1.2437 |     43.576 |   1.2727 |     44.641 |     1.3
   17 |   1.2271 |     42.952 |   1.2602 |     44.552 |     1.3
   18 |   1.2141 |     42.714 |   1.2456 |     43.316 |     1.4
   19 |   1.1930 |     42.068 |   1.2256 |     42.491 |     1.5
   20 |   1.1739 |     41.032 |   1.2271 |     42.344 |     1.6
   21 |   1.1570 |     40.321 |   1.2077 |     41.726 |     1.7
   22 |   1.1377 |     39.383 |   1.1894 |     40.077 |     1.7
   23 |   1.1172 |     38.808 |   1.1760 |     40.194 |     1.8
   24 |   1.0969 |     37.858 |   1.1706 |     39.988 |     1.9
   25 |   1.0775 |     37.044 |   1.1590 |     39.605 |     2.0
   26 |   1.0600 |     36.795 |   1.1432 |     39.105 |     2.0
   27 |   1.0399 |     35.997 |   1.1434 |     39.193 |     2.1
   28 |   1.0226 |     35.525 |   1.1334 |     38.251 |     2.2
   29 |   1.0065 |     35.053 |   1.1403 |     38.015 |     2.3
   30 |   1.0010 |     34.901 |   1.1160 |     37.367 |     2.4
   31 |   0.9846 |     34.256 |   1.1096 |     37.220 |     2.4
   32 |   0.9708 |     34.120 |   1.1056 |     37.839 |     2.5
   33 |   0.9514 |     32.883 |   1.1031 |     37.191 |     2.6
   34 |   0.9379 |     32.623 |   1.1002 |     36.101 |     2.7
   35 |   0.9275 |     32.465 |   1.0953 |     36.337 |     2.7
   36 |   0.9194 |     32.292 |   1.0941 |     35.777 |     2.8
   37 |   0.8993 |     31.163 |   1.0838 |     35.836 |     2.9
   38 |   0.8917 |     30.718 |   1.0779 |     35.895 |     3.0
   39 |   0.8852 |     30.778 |   1.0696 |     35.130 |     3.1
   40 |   0.8674 |     30.219 |   1.0834 |     35.188 |     3.1
   41 |   0.8620 |     29.725 |   1.0638 |     34.393 |     3.2
   42 |   0.8426 |     28.771 |   1.0734 |     35.188 |     3.3
   43 |   0.8312 |     28.651 |   1.0659 |     34.717 |     3.4
   44 |   0.8278 |     28.337 |   1.0617 |     33.893 |     3.5
   45 |   0.8182 |     27.577 |   1.0632 |     34.069 |     3.5
   46 |   0.8116 |     27.648 |   1.0561 |     33.245 |     3.6
   47 |   0.7951 |     26.812 |   1.0523 |     33.569 |     3.7
   48 |   0.7852 |     26.774 |   1.0399 |     32.715 |     3.8
   49 |   0.7821 |     26.383 |   1.0504 |     33.481 |     3.8
   50 |   0.7708 |     25.998 |   1.0308 |     32.126 |     3.9
   51 |   0.7588 |     25.754 |   1.0478 |     32.892 |     4.0
   52 |   0.7514 |     25.201 |   1.0271 |     31.861 |     4.1
   53 |   0.7466 |     25.141 |   1.0313 |     31.773 |     4.2
   54 |   0.7341 |     24.674 |   1.0420 |     32.038 |     4.2
   55 |   0.7260 |     24.392 |   1.0439 |     31.832 |     4.3
   56 |   0.7213 |     24.463 |   1.0245 |     31.360 |     4.4
   57 |   0.7173 |     23.969 |   1.0436 |     31.743 |     4.5
   58 |   0.7109 |     23.882 |   1.0292 |     31.331 |     4.5
   59 |   0.7038 |     23.627 |   1.0323 |     31.184 |     4.6
   60 |   0.6973 |     23.345 |   1.0212 |     31.537 |     4.7
   61 |   0.6903 |     23.242 |   1.0319 |     31.125 |     4.8
   62 |   0.6763 |     22.667 |   1.0446 |     31.773 |     4.9
   63 |   0.6767 |     22.721 |   1.0360 |     30.713 |     4.9
   64 |   0.6696 |     22.407 |   1.0223 |     31.213 |     5.0
   65 |   0.6608 |     22.163 |   1.0179 |     30.124 |     5.1
   66 |   0.6557 |     21.886 |   1.0370 |     30.713 |     5.2
   67 |   0.6485 |     21.794 |   1.0372 |     30.978 |     5.3
   68 |   0.6376 |     21.457 |   1.0167 |     30.978 |     5.3
   69 |   0.6291 |     21.056 |   1.0406 |     30.860 |     5.4
   70 |   0.6285 |     21.278 |   1.0507 |     30.801 |     5.5
   71 |   0.6296 |     21.273 |   1.0277 |     30.506 |     5.6
   72 |   0.6279 |     21.354 |   1.0331 |     30.241 |     5.6
Early stopping

Model: Seq2Seq Multimodal Bi-LSTM
Source index: <Seq2Seq Index with 43 items>
Target index: <Seq2Seq Index with 34 items>
Encoder embedding dimension: 128
Descriptors dimension: 1136
Decoder embedding dimension: 64
Encoder hidden units: 128
Encoder layers: 3
Decoder hidden units: 128
Decoder layers: 3
Dropout: 0.0
Trainable parameters: 2,210,978

Training started
X_train.shape: torch.Size([3072, 702])
Y_train.shape: torch.Size([3072, 7])
X_dev.shape: torch.Size([566, 649])
Y_dev.shape: torch.Size([566, 7])
Epochs: 500
Learning rate: 0.0001
Weight decay: 1e-05
Epoch | Train                 | Development           | Minutes
      | Loss     | Error Rate | Loss     | Error Rate |
---------------------------------------------------------------
    1 |   3.1328 |     84.478 |   2.6464 |     83.333 |     1.1
    2 |   2.3697 |     60.145 |   2.1676 |     55.948 |     2.4
    3 |   2.0434 |     54.595 |   1.9718 |     54.623 |     3.6
    4 |   1.8880 |     50.819 |   1.8499 |     49.441 |     4.8
    5 |   1.7698 |     48.492 |   1.7442 |     49.411 |     6.0
    6 |   1.6680 |     48.492 |   1.6550 |     49.411 |     7.3
    7 |   1.5875 |     47.960 |   1.5873 |     47.438 |     8.5
    8 |   1.5293 |     46.012 |   1.5382 |     47.438 |     9.7
    9 |   1.4892 |     46.007 |   1.5050 |     47.438 |    11.0
   10 |   1.4622 |     46.012 |   1.4820 |     47.438 |    12.2
   11 |   1.4421 |     46.007 |   1.4661 |     47.468 |    13.4
   12 |   1.4259 |     46.023 |   1.4552 |     47.468 |    14.6
   13 |   1.4115 |     45.920 |   1.4408 |     47.379 |    15.9
   14 |   1.3964 |     45.871 |   1.4297 |     47.144 |    17.1
   15 |   1.3827 |     45.806 |   1.4186 |     47.232 |    18.3
   16 |   1.3694 |     45.454 |   1.4048 |     46.849 |    19.6
   17 |   1.3554 |     44.954 |   1.3946 |     46.790 |    20.8
   18 |   1.3416 |     44.352 |   1.3865 |     46.555 |    22.0
   19 |   1.3296 |     44.119 |   1.3779 |     46.231 |    23.2
   20 |   1.3179 |     43.734 |   1.3721 |     46.201 |    24.5
   21 |   1.3061 |     43.349 |   1.3630 |     45.701 |    25.7
   22 |   1.2956 |     43.175 |   1.3628 |     45.495 |    26.9
   23 |   1.2844 |     42.605 |   1.3496 |     45.053 |    28.1
   24 |   1.2722 |     41.873 |   1.3441 |     44.906 |    29.4
   25 |   1.2619 |     41.634 |   1.3409 |     44.199 |    30.6
   26 |   1.2510 |     40.831 |   1.3308 |     43.139 |    31.8
   27 |   1.2397 |     40.506 |   1.3276 |     43.787 |    33.0
   28 |   1.2261 |     40.207 |   1.3191 |     42.903 |    34.3
   29 |   1.2126 |     39.513 |   1.3189 |     42.609 |    35.5
   30 |   1.2000 |     39.209 |   1.3041 |     42.638 |    36.7
   31 |   1.1877 |     38.775 |   1.3053 |     42.403 |    37.9
   32 |   1.1751 |     38.417 |   1.2909 |     42.079 |    39.2
   33 |   1.1626 |     38.048 |   1.2881 |     42.373 |    40.4
   34 |   1.1456 |     37.576 |   1.2909 |     41.932 |    41.6
   35 |   1.1327 |     37.191 |   1.2852 |     41.843 |    42.9
   36 |   1.1199 |     36.919 |   1.2692 |     40.813 |    44.1
   37 |   1.1065 |     36.426 |   1.2672 |     40.813 |    45.3
   38 |   1.0923 |     35.699 |   1.2577 |     40.459 |    46.5
   39 |   1.0787 |     35.118 |   1.2551 |     40.077 |    47.9
   40 |   1.0666 |     34.825 |   1.2503 |     40.135 |    49.2
   41 |   1.0555 |     34.115 |   1.2500 |     39.694 |    50.4
   42 |   1.0363 |     33.198 |   1.2438 |     39.547 |    51.7
   43 |   1.0232 |     32.921 |   1.2324 |     39.252 |    52.9
   44 |   1.0109 |     32.205 |   1.2338 |     39.016 |    54.1
   45 |   0.9963 |     31.624 |   1.2220 |     37.956 |    55.4
   46 |   0.9796 |     31.055 |   1.2269 |     37.898 |    56.6
   47 |   0.9663 |     30.870 |   1.2167 |     38.369 |    57.9
   48 |   0.9509 |     30.230 |   1.2201 |     37.574 |    59.1
   49 |   0.9375 |     29.921 |   1.2093 |     37.780 |    60.4
   50 |   0.9225 |     29.031 |   1.2081 |     37.750 |    61.6
   51 |   0.9076 |     28.630 |   1.1988 |     36.219 |    62.9
   52 |   0.8969 |     28.456 |   1.1966 |     37.014 |    64.2
   53 |   0.8838 |     28.033 |   1.1904 |     36.455 |    65.5
   54 |   0.8698 |     27.252 |   1.1811 |     35.836 |    66.8
   55 |   0.8535 |     26.893 |   1.1747 |     35.512 |    68.0
   56 |   0.8387 |     26.308 |   1.1809 |     35.395 |    69.3
   57 |   0.8292 |     26.042 |   1.1536 |     35.807 |    70.6
   58 |   0.8143 |     25.521 |   1.1658 |     35.277 |    71.8
   59 |   0.8014 |     24.848 |   1.1508 |     35.601 |    73.1
   60 |   0.7881 |     24.463 |   1.1587 |     35.542 |    74.3
   61 |   0.7813 |     24.110 |   1.1489 |     34.335 |    75.5
   62 |   0.7642 |     23.595 |   1.1526 |     34.600 |    76.8
   63 |   0.7530 |     23.427 |   1.1426 |     34.246 |    78.0
   64 |   0.7405 |     22.965 |   1.1521 |     34.717 |    79.3
   65 |   0.7262 |     22.629 |   1.1314 |     33.539 |    80.5
   66 |   0.7132 |     22.021 |   1.1573 |     33.893 |    81.8
   67 |   0.7057 |     21.636 |   1.1418 |     33.598 |    83.0
   68 |   0.6941 |     21.463 |   1.1264 |     33.775 |    84.3
   69 |   0.6840 |     21.115 |   1.1422 |     32.951 |    85.5
   70 |   0.6717 |     20.627 |   1.1437 |     33.716 |    86.8
   71 |   0.6597 |     20.253 |   1.1276 |     33.157 |    88.0
   72 |   0.6489 |     19.857 |   1.1412 |     32.951 |    89.3
Early stopping

Model: Seq2Seq Multimodal Bi-LSTM
Source index: <Seq2Seq Index with 43 items>
Target index: <Seq2Seq Index with 34 items>
Encoder embedding dimension: 128
Descriptors dimension: 1136
Decoder embedding dimension: 128
Encoder hidden units: 64
Encoder layers: 4
Decoder hidden units: 64
Decoder layers: 3
Dropout: 0.2
Trainable parameters: 947,746

Training started
X_train.shape: torch.Size([3072, 702])
Y_train.shape: torch.Size([3072, 7])
X_dev.shape: torch.Size([566, 649])
Y_dev.shape: torch.Size([566, 7])
Epochs: 500
Learning rate: 0.0001
Weight decay: 1e-05
Epoch | Train                 | Development           | Minutes
      | Loss     | Error Rate | Loss     | Error Rate |
---------------------------------------------------------------
    1 |   3.4225 |     90.620 |   3.1128 |     86.337 |     1.1
    2 |   2.7918 |     71.284 |   2.5730 |     59.894 |     2.2
    3 |   2.4512 |     58.963 |   2.3416 |     59.128 |     3.5
    4 |   2.2678 |     58.388 |   2.1977 |     59.069 |     4.7
    5 |   2.1506 |     57.964 |   2.1078 |     59.128 |     5.8
    6 |   2.0591 |     57.362 |   2.0216 |     58.098 |     7.0
    7 |   1.9782 |     54.780 |   1.9489 |     52.356 |     8.1
    8 |   1.9021 |     50.808 |   1.8766 |     49.647 |     9.3
    9 |   1.8307 |     49.631 |   1.8151 |     49.441 |    10.4
   10 |   1.7700 |     49.181 |   1.7624 |     49.411 |    11.5
   11 |   1.7172 |     48.882 |   1.7157 |     49.411 |    12.7
   12 |   1.6701 |     48.617 |   1.6740 |     49.411 |    13.8
   13 |   1.6286 |     48.535 |   1.6349 |     49.411 |    14.9
   14 |   1.5914 |     47.054 |   1.6023 |     47.438 |    16.0
   15 |   1.5594 |     46.115 |   1.5719 |     47.438 |    17.2
   16 |   1.5330 |     45.996 |   1.5468 |     47.438 |    18.3
   17 |   1.5095 |     46.007 |   1.5260 |     47.438 |    19.4
   18 |   1.4885 |     46.002 |   1.5079 |     47.438 |    20.5
   19 |   1.4723 |     45.964 |   1.4918 |     47.438 |    21.7
   20 |   1.4574 |     45.904 |   1.4791 |     47.438 |    22.9
   21 |   1.4435 |     45.882 |   1.4655 |     47.379 |    24.1
   22 |   1.4327 |     45.785 |   1.4533 |     47.291 |    25.2
   23 |   1.4209 |     45.551 |   1.4468 |     47.203 |    26.3
   24 |   1.4094 |     45.193 |   1.4346 |     46.967 |    27.5
   25 |   1.3991 |     45.177 |   1.4227 |     46.849 |    28.6
   26 |   1.3894 |     44.987 |   1.4172 |     46.790 |    29.7
   27 |   1.3795 |     44.786 |   1.4108 |     46.673 |    30.9
   28 |   1.3714 |     45.090 |   1.4030 |     46.879 |    32.0
   29 |   1.3635 |     44.846 |   1.3976 |     46.702 |    33.1
   30 |   1.3541 |     44.759 |   1.3903 |     46.643 |    34.3
   31 |   1.3439 |     44.689 |   1.3852 |     46.496 |    35.4
   32 |   1.3372 |     44.672 |   1.3753 |     46.201 |    36.5
   33 |   1.3304 |     44.412 |   1.3685 |     46.437 |    37.6
   34 |   1.3206 |     44.504 |   1.3645 |     46.290 |    38.7
   35 |   1.3118 |     44.189 |   1.3588 |     45.583 |    39.9
   36 |   1.3061 |     44.010 |   1.3571 |     46.054 |    41.0
   37 |   1.2982 |     43.604 |   1.3496 |     45.554 |    42.1
   38 |   1.2905 |     43.321 |   1.3428 |     44.346 |    43.2
   39 |   1.2827 |     43.224 |   1.3395 |     44.287 |    44.4
   40 |   1.2762 |     42.871 |   1.3333 |     44.965 |    45.5
   41 |   1.2711 |     42.887 |   1.3291 |     44.317 |    46.6
   42 |   1.2625 |     42.280 |   1.3259 |     43.963 |    47.7
   43 |   1.2560 |     42.546 |   1.3248 |     44.022 |    48.9
   44 |   1.2497 |     42.394 |   1.3169 |     44.582 |    50.0
   45 |   1.2444 |     42.139 |   1.3180 |     43.728 |    51.1
   46 |   1.2391 |     41.965 |   1.3110 |     43.640 |    52.3
   47 |   1.2311 |     41.819 |   1.3155 |     44.405 |    53.4
   48 |   1.2246 |     41.536 |   1.3068 |     43.787 |    54.5
   49 |   1.2208 |     41.428 |   1.3047 |     43.198 |    55.6
   50 |   1.2153 |     41.319 |   1.3011 |     42.903 |    56.8
   51 |   1.2091 |     41.265 |   1.2902 |     43.139 |    57.9
   52 |   1.2000 |     40.934 |   1.2889 |     42.933 |    59.0
   53 |   1.1951 |     40.961 |   1.2924 |     42.933 |    60.1
   54 |   1.1877 |     40.777 |   1.2800 |     43.080 |    61.3
   55 |   1.1826 |     40.549 |   1.2814 |     42.933 |    62.4
   56 |   1.1784 |     40.630 |   1.2875 |     42.874 |    63.5
   57 |   1.1737 |     40.365 |   1.2768 |     42.874 |    64.7
   58 |   1.1649 |     40.234 |   1.2734 |     42.197 |    65.8
   59 |   1.1572 |     39.969 |   1.2714 |     42.049 |    66.9
   60 |   1.1530 |     40.088 |   1.2752 |     42.138 |    68.0
   61 |   1.1498 |     39.789 |   1.2723 |     42.962 |    69.2
   62 |   1.1450 |     39.594 |   1.2735 |     42.373 |    70.3
   63 |   1.1404 |     39.551 |   1.2670 |     42.197 |    71.4
   64 |   1.1353 |     39.410 |   1.2598 |     41.637 |    72.5
   65 |   1.1312 |     39.312 |   1.2621 |     41.843 |    73.7
   66 |   1.1217 |     38.585 |   1.2546 |     41.313 |    74.8
   67 |   1.1174 |     38.547 |   1.2665 |     41.107 |    75.9
   68 |   1.1142 |     38.780 |   1.2522 |     41.726 |    77.0
   69 |   1.1062 |     38.200 |   1.2620 |     40.695 |    78.2
   70 |   1.1030 |     37.934 |   1.2638 |     41.490 |    79.3
   71 |   1.0973 |     37.576 |   1.2474 |     41.137 |    80.4
   72 |   1.0930 |     37.484 |   1.2465 |     40.901 |    81.6
   73 |   1.0885 |     37.305 |   1.2448 |     40.430 |    82.7
   74 |   1.0800 |     37.191 |   1.2479 |     40.224 |    83.8
   75 |   1.0753 |     36.995 |   1.2489 |     40.607 |    85.0
   76 |   1.0679 |     36.648 |   1.2451 |     40.400 |    86.1
   77 |   1.0686 |     36.420 |   1.2356 |     40.194 |    87.2
   78 |   1.0594 |     36.258 |   1.2400 |     40.047 |    88.4
   79 |   1.0539 |     35.639 |   1.2347 |     39.488 |    89.5
   80 |   1.0497 |     35.872 |   1.2368 |     39.517 |    90.6
   81 |   1.0508 |     35.742 |   1.2383 |     39.605 |    91.7
   82 |   1.0405 |     35.200 |   1.2350 |     40.489 |    92.9
   83 |   1.0398 |     35.243 |   1.2367 |     39.488 |    94.0
   84 |   1.0301 |     34.370 |   1.2313 |     38.516 |    95.1
   85 |   1.0254 |     34.494 |   1.2289 |     38.928 |    96.2
   86 |   1.0228 |     34.229 |   1.2309 |     38.751 |    97.3
   87 |   1.0160 |     34.397 |   1.2333 |     38.928 |    98.4
   88 |   1.0114 |     33.925 |   1.2118 |     38.045 |    99.6
   89 |   1.0049 |     33.789 |   1.2241 |     38.310 |   100.7
   90 |   1.0029 |     33.832 |   1.2209 |     37.927 |   101.8
   91 |   0.9947 |     33.274 |   1.2168 |     37.809 |   102.9
   92 |   0.9919 |     33.393 |   1.2090 |     37.898 |   104.1
   93 |   0.9841 |     33.002 |   1.2171 |     37.956 |   105.2
   94 |   0.9828 |     32.970 |   1.2056 |     37.809 |   106.3
   95 |   0.9748 |     32.514 |   1.2080 |     37.898 |   107.4
   96 |   0.9670 |     32.210 |   1.2019 |     37.633 |   108.6
   97 |   0.9664 |     32.308 |   1.2063 |     37.485 |   109.7
   98 |   0.9589 |     32.042 |   1.2125 |     37.309 |   110.8
   99 |   0.9571 |     31.765 |   1.1983 |     37.515 |   111.9
  100 |   0.9539 |     31.684 |   1.1954 |     37.544 |   113.1
  101 |   0.9476 |     31.337 |   1.2026 |     37.191 |   114.2
  102 |   0.9409 |     31.462 |   1.1917 |     36.926 |   115.3
  103 |   0.9404 |     31.592 |   1.2051 |     36.779 |   116.4
  104 |   0.9313 |     30.930 |   1.1993 |     36.631 |   117.6
  105 |   0.9266 |     30.767 |   1.2023 |     36.425 |   118.7
  106 |   0.9239 |     30.452 |   1.1962 |     36.455 |   119.8
Early stopping

Model: Seq2Seq Multimodal Bi-LSTM
Source index: <Seq2Seq Index with 43 items>
Target index: <Seq2Seq Index with 34 items>
Encoder embedding dimension: 64
Descriptors dimension: 1136
Decoder embedding dimension: 128
Encoder hidden units: 32
Encoder layers: 2
Decoder hidden units: 64
Decoder layers: 4
Dropout: 0.1
Trainable parameters: 302,242

Training started
X_train.shape: torch.Size([3072, 702])
Y_train.shape: torch.Size([3072, 7])
X_dev.shape: torch.Size([566, 649])
Y_dev.shape: torch.Size([566, 7])
Epochs: 500
Learning rate: 0.0001
Weight decay: 0.0001
Epoch | Train                 | Development           | Minutes
      | Loss     | Error Rate | Loss     | Error Rate |
---------------------------------------------------------------
    1 |   3.4843 |     90.744 |   3.3377 |     82.568 |     0.1
    2 |   2.9319 |     83.143 |   2.6785 |     74.823 |     0.2
    3 |   2.5176 |     63.466 |   2.3952 |     59.128 |     0.2
    4 |   2.2998 |     58.898 |   2.2328 |     59.128 |     0.3
    5 |   2.1666 |     58.181 |   2.1255 |     59.128 |     0.4
    6 |   2.0734 |     56.999 |   2.0461 |     59.128 |     0.5
    7 |   1.9972 |     56.315 |   1.9772 |     59.128 |     0.5
    8 |   1.9279 |     52.582 |   1.9148 |     49.441 |     0.6
    9 |   1.8645 |     49.821 |   1.8575 |     49.411 |     0.7
   10 |   1.8073 |     49.414 |   1.8073 |     49.411 |     0.8
   11 |   1.7570 |     48.893 |   1.7615 |     49.411 |     0.9
   12 |   1.7108 |     48.698 |   1.7179 |     49.411 |     0.9
   13 |   1.6686 |     48.568 |   1.6777 |     49.411 |     1.0
   14 |   1.6305 |     48.318 |   1.6424 |     49.411 |     1.1
   15 |   1.5966 |     46.452 |   1.6120 |     47.438 |     1.2
   16 |   1.5683 |     46.039 |   1.5860 |     47.438 |     1.3
   17 |   1.5446 |     46.023 |   1.5643 |     47.438 |     1.3
   18 |   1.5247 |     46.007 |   1.5460 |     47.468 |     1.4
   19 |   1.5088 |     46.023 |   1.5310 |     47.468 |     1.5
   20 |   1.4948 |     46.018 |   1.5185 |     47.468 |     1.6
   21 |   1.4815 |     46.045 |   1.5051 |     47.468 |     1.6
   22 |   1.4695 |     46.039 |   1.4948 |     47.468 |     1.7
   23 |   1.4596 |     46.159 |   1.4826 |     47.468 |     1.8
   24 |   1.4479 |     46.072 |   1.4699 |     47.468 |     1.9
   25 |   1.4353 |     46.056 |   1.4562 |     47.497 |     2.0
   26 |   1.4226 |     46.018 |   1.4419 |     47.350 |     2.0
   27 |   1.4094 |     45.839 |   1.4318 |     46.496 |     2.1
   28 |   1.3967 |     45.432 |   1.4202 |     47.026 |     2.2
   29 |   1.3853 |     45.497 |   1.4095 |     46.967 |     2.3
   30 |   1.3733 |     45.264 |   1.4024 |     46.967 |     2.4
   31 |   1.3611 |     45.106 |   1.3861 |     46.584 |     2.4
   32 |   1.3481 |     44.998 |   1.3758 |     46.673 |     2.5
   33 |   1.3348 |     44.765 |   1.3640 |     46.084 |     2.6
   34 |   1.3244 |     44.406 |   1.3582 |     46.054 |     2.7
   35 |   1.3142 |     43.869 |   1.3516 |     46.172 |     2.7
   36 |   1.3053 |     43.652 |   1.3442 |     44.965 |     2.8
   37 |   1.2979 |     43.636 |   1.3361 |     45.024 |     2.9
   38 |   1.2893 |     43.343 |   1.3284 |     44.906 |     3.0
   39 |   1.2819 |     43.251 |   1.3316 |     45.554 |     3.1
   40 |   1.2778 |     43.050 |   1.3196 |     45.024 |     3.1
   41 |   1.2694 |     42.822 |   1.3135 |     44.847 |     3.2
   42 |   1.2623 |     42.643 |   1.3088 |     44.405 |     3.3
   43 |   1.2582 |     42.502 |   1.3075 |     43.787 |     3.4
   44 |   1.2508 |     42.296 |   1.3093 |     44.847 |     3.4
   45 |   1.2477 |     42.220 |   1.3025 |     43.698 |     3.5
   46 |   1.2434 |     42.182 |   1.3019 |     43.875 |     3.6
   47 |   1.2382 |     42.008 |   1.2978 |     44.199 |     3.7
   48 |   1.2322 |     41.667 |   1.2918 |     44.081 |     3.8
   49 |   1.2311 |     41.781 |   1.2950 |     43.875 |     3.8
   50 |   1.2241 |     41.423 |   1.2918 |     44.170 |     3.9
   51 |   1.2206 |     41.314 |   1.2904 |     43.610 |     4.0
   52 |   1.2164 |     41.303 |   1.2879 |     43.698 |     4.1
   53 |   1.2122 |     40.978 |   1.2822 |     43.286 |     4.2
   54 |   1.2068 |     41.037 |   1.2834 |     43.168 |     4.2
   55 |   1.2061 |     41.043 |   1.2745 |     43.139 |     4.3
   56 |   1.2005 |     40.717 |   1.2738 |     42.845 |     4.4
   57 |   1.1972 |     40.533 |   1.2694 |     42.609 |     4.5
   58 |   1.1933 |     40.614 |   1.2776 |     42.962 |     4.5
   59 |   1.1889 |     40.207 |   1.2653 |     42.727 |     4.6
   60 |   1.1847 |     40.218 |   1.2666 |     42.756 |     4.7
   61 |   1.1844 |     40.077 |   1.2711 |     42.580 |     4.8
   62 |   1.1789 |     40.120 |   1.2663 |     42.638 |     4.9
   63 |   1.1775 |     40.072 |   1.2642 |     42.462 |     4.9
   64 |   1.1723 |     39.849 |   1.2577 |     42.197 |     5.0
   65 |   1.1704 |     39.887 |   1.2606 |     42.462 |     5.1
   66 |   1.1675 |     39.719 |   1.2622 |     42.344 |     5.2
   67 |   1.1647 |     39.551 |   1.2626 |     42.521 |     5.2
   68 |   1.1598 |     39.448 |   1.2573 |     42.197 |     5.3
   69 |   1.1567 |     39.296 |   1.2536 |     42.020 |     5.4
   70 |   1.1540 |     39.258 |   1.2499 |     41.873 |     5.5
   71 |   1.1495 |     39.317 |   1.2650 |     42.226 |     5.6
   72 |   1.1464 |     38.873 |   1.2480 |     42.167 |     5.6
   73 |   1.1425 |     39.019 |   1.2499 |     41.843 |     5.7
   74 |   1.1406 |     38.911 |   1.2459 |     42.049 |     5.8
   75 |   1.1375 |     38.851 |   1.2533 |     42.167 |     5.9
   76 |   1.1379 |     38.916 |   1.2571 |     41.814 |     6.0
   77 |   1.1323 |     38.672 |   1.2669 |     41.843 |     6.0
   78 |   1.1302 |     38.645 |   1.2468 |     41.696 |     6.1
   79 |   1.1282 |     38.699 |   1.2405 |     41.519 |     6.2
   80 |   1.1236 |     38.628 |   1.2533 |     41.932 |     6.3
   81 |   1.1211 |     38.487 |   1.2460 |     41.519 |     6.3
   82 |   1.1178 |     38.390 |   1.2438 |     41.490 |     6.4
   83 |   1.1154 |     38.270 |   1.2472 |     41.490 |     6.5
Early stopping

Model: Seq2Seq Multimodal Bi-LSTM
Source index: <Seq2Seq Index with 43 items>
Target index: <Seq2Seq Index with 34 items>
Encoder embedding dimension: 128
Descriptors dimension: 1136
Decoder embedding dimension: 128
Encoder hidden units: 32
Encoder layers: 4
Decoder hidden units: 64
Decoder layers: 3
Dropout: 0.2
Trainable parameters: 439,714

Training started
X_train.shape: torch.Size([3072, 702])
Y_train.shape: torch.Size([3072, 7])
X_dev.shape: torch.Size([566, 649])
Y_dev.shape: torch.Size([566, 7])
Epochs: 500
Learning rate: 0.001
Weight decay: 0.0001
Epoch | Train                 | Development           | Minutes
      | Loss     | Error Rate | Loss     | Error Rate |
---------------------------------------------------------------
    1 |   2.5200 |     66.737 |   1.9716 |     57.420 |     0.3
    2 |   1.7435 |     49.506 |   1.5928 |     47.556 |     0.5
    3 |   1.4945 |     46.153 |   1.4730 |     46.731 |     0.8
    4 |   1.4227 |     46.235 |   1.4301 |     47.468 |     1.1
    5 |   1.3875 |     45.985 |   1.4030 |     45.878 |     1.4
    6 |   1.3634 |     45.372 |   1.3725 |     46.054 |     1.7
    7 |   1.3399 |     45.036 |   1.3571 |     45.701 |     1.9
    8 |   1.3217 |     44.765 |   1.3316 |     45.701 |     2.2
    9 |   1.2987 |     44.428 |   1.3138 |     45.347 |     2.5
   10 |   1.2758 |     43.766 |   1.2891 |     44.170 |     2.8
   11 |   1.2534 |     42.849 |   1.2607 |     42.521 |     3.0
   12 |   1.2192 |     41.287 |   1.2277 |     40.577 |     3.3
   13 |   1.1897 |     40.446 |   1.1998 |     40.459 |     3.6
   14 |   1.1608 |     39.686 |   1.2006 |     41.019 |     3.9
   15 |   1.1433 |     39.068 |   1.1766 |     39.870 |     4.1
   16 |   1.1170 |     37.950 |   1.1577 |     38.310 |     4.4
   17 |   1.1004 |     37.679 |   1.1372 |     38.221 |     4.7
   18 |   1.0791 |     37.061 |   1.1264 |     37.485 |     5.0
   19 |   1.0560 |     36.095 |   1.1195 |     37.927 |     5.3
   20 |   1.0434 |     36.057 |   1.1300 |     39.223 |     5.5
   21 |   1.0240 |     35.173 |   1.1076 |     36.985 |     5.8
   22 |   1.0046 |     34.614 |   1.0987 |     36.867 |     6.1
   23 |   0.9924 |     34.147 |   1.0813 |     36.484 |     6.4
   24 |   0.9797 |     33.767 |   1.0684 |     36.160 |     6.6
   25 |   0.9591 |     32.720 |   1.0804 |     36.543 |     6.9
   26 |   0.9385 |     32.189 |   1.0685 |     35.571 |     7.2
   27 |   0.9302 |     31.896 |   1.0622 |     35.748 |     7.5
   28 |   0.9111 |     31.131 |   1.0487 |     35.130 |     7.7
   29 |   0.8897 |     30.143 |   1.0490 |     33.893 |     8.0
   30 |   0.8720 |     29.378 |   1.0190 |     33.804 |     8.3
   31 |   0.8672 |     29.367 |   1.0178 |     33.657 |     8.6
   32 |   0.8499 |     28.407 |   1.0095 |     32.921 |     8.9
   33 |   0.8349 |     28.038 |   1.0127 |     32.744 |     9.1
   34 |   0.8221 |     27.843 |   1.0101 |     32.568 |     9.4
   35 |   0.8108 |     27.127 |   1.0291 |     33.216 |     9.7
   36 |   0.7964 |     26.487 |   1.0138 |     33.039 |    10.0
   37 |   0.7860 |     25.949 |   0.9996 |     32.391 |    10.2
   38 |   0.7731 |     25.749 |   1.0029 |     31.390 |    10.5
   39 |   0.7513 |     24.816 |   0.9966 |     31.979 |    10.8
   40 |   0.7371 |     24.295 |   0.9831 |     31.714 |    11.1
   41 |   0.7280 |     23.855 |   0.9977 |     31.154 |    11.3
   42 |   0.7121 |     23.541 |   0.9874 |     31.125 |    11.6
   43 |   0.7023 |     23.031 |   0.9862 |     30.889 |    11.9
   44 |   0.6935 |     22.873 |   0.9681 |     29.976 |    12.2
   45 |   0.6773 |     22.325 |   0.9711 |     30.860 |    12.4
   46 |   0.6666 |     22.005 |   0.9719 |     30.271 |    12.7
   47 |   0.6669 |     21.897 |   0.9830 |     30.389 |    13.0
   48 |   0.6533 |     21.468 |   0.9899 |     30.448 |    13.3
Early stopping

Model: Seq2Seq Multimodal Bi-LSTM
Source index: <Seq2Seq Index with 43 items>
Target index: <Seq2Seq Index with 34 items>
Encoder embedding dimension: 128
Descriptors dimension: 1136
Decoder embedding dimension: 64
Encoder hidden units: 32
Encoder layers: 4
Decoder hidden units: 128
Decoder layers: 3
Dropout: 0.0
Trainable parameters: 719,778

Training started
X_train.shape: torch.Size([3072, 702])
Y_train.shape: torch.Size([3072, 7])
X_dev.shape: torch.Size([566, 649])
Y_dev.shape: torch.Size([566, 7])
Epochs: 500
Learning rate: 0.001
Weight decay: 0.0001
Epoch | Train                 | Development           | Minutes
      | Loss     | Error Rate | Loss     | Error Rate |
---------------------------------------------------------------
    1 |   2.2024 |     60.183 |   1.6188 |     48.910 |     0.2
    2 |   1.4641 |     46.002 |   1.4400 |     46.290 |     0.4
    3 |   1.3927 |     45.964 |   1.4017 |     47.733 |     0.6
    4 |   1.3398 |     44.640 |   1.3438 |     45.347 |     0.8
    5 |   1.2942 |     43.338 |   1.3090 |     43.875 |     1.1
    6 |   1.2584 |     42.182 |   1.2773 |     42.580 |     1.3
    7 |   1.2240 |     41.162 |   1.2474 |     41.166 |     1.5
    8 |   1.1893 |     40.175 |   1.2206 |     41.078 |     1.7
    9 |   1.1553 |     38.981 |   1.1905 |     40.283 |     1.9
   10 |   1.1167 |     38.005 |   1.1862 |     40.077 |     2.1
   11 |   1.0805 |     36.778 |   1.1594 |     39.282 |     2.3
   12 |   1.0405 |     35.243 |   1.1320 |     37.986 |     2.6
   13 |   0.9967 |     33.388 |   1.0819 |     36.013 |     2.8
   14 |   0.9408 |     31.576 |   1.0580 |     35.542 |     3.0
   15 |   0.9022 |     30.230 |   1.0533 |     34.953 |     3.2
   16 |   0.8654 |     29.123 |   1.0440 |     34.364 |     3.4
   17 |   0.8295 |     28.098 |   1.0202 |     33.657 |     3.6
   18 |   0.7958 |     26.687 |   1.0215 |     33.746 |     3.8
   19 |   0.7569 |     25.288 |   0.9964 |     32.744 |     4.0
   20 |   0.7132 |     23.844 |   1.0094 |     33.039 |     4.3
   21 |   0.6792 |     22.732 |   0.9910 |     31.596 |     4.5
   22 |   0.6459 |     21.398 |   1.0308 |     32.332 |     4.7
   23 |   0.6324 |     20.909 |   0.9930 |     31.154 |     4.9
   24 |   0.5835 |     19.331 |   0.9846 |     30.241 |     5.1
   25 |   0.5601 |     18.663 |   0.9985 |     30.654 |     5.3
   26 |   0.5373 |     17.877 |   0.9873 |     29.947 |     5.5
   27 |   0.5000 |     16.406 |   0.9990 |     29.859 |     5.7
   28 |   0.4798 |     15.951 |   0.9895 |     29.064 |     6.0
Early stopping

Model: Seq2Seq Multimodal Bi-LSTM
Source index: <Seq2Seq Index with 43 items>
Target index: <Seq2Seq Index with 34 items>
Encoder embedding dimension: 64
Descriptors dimension: 1136
Decoder embedding dimension: 64
Encoder hidden units: 128
Encoder layers: 2
Decoder hidden units: 64
Decoder layers: 2
Dropout: 0.2
Trainable parameters: 1,089,762

Training started
X_train.shape: torch.Size([3072, 702])
Y_train.shape: torch.Size([3072, 7])
X_dev.shape: torch.Size([566, 649])
Y_dev.shape: torch.Size([566, 7])
Epochs: 500
Learning rate: 0.001
Weight decay: 0.0001
Epoch | Train                 | Development           | Minutes
      | Loss     | Error Rate | Loss     | Error Rate |
---------------------------------------------------------------
    1 |   2.5139 |     67.242 |   2.0205 |     58.893 |     0.9
    2 |   1.7888 |     50.939 |   1.6288 |     47.468 |     1.8
    3 |   1.5243 |     46.072 |   1.4966 |     47.468 |     2.7
    4 |   1.4377 |     45.247 |   1.4356 |     45.495 |     3.6
    5 |   1.3845 |     43.896 |   1.3929 |     44.170 |     4.6
    6 |   1.3422 |     43.305 |   1.3650 |     44.376 |     5.5
    7 |   1.3059 |     42.567 |   1.3349 |     43.551 |     6.4
    8 |   1.2769 |     41.938 |   1.3091 |     42.491 |     7.3
    9 |   1.2497 |     41.064 |   1.2860 |     42.609 |     8.3
   10 |   1.2189 |     40.072 |   1.2653 |     41.843 |     9.2
   11 |   1.1899 |     39.285 |   1.2498 |     41.696 |    10.1
   12 |   1.1618 |     38.547 |   1.2242 |     40.783 |    11.1
   13 |   1.1393 |     37.712 |   1.2123 |     39.988 |    12.0
   14 |   1.1144 |     36.957 |   1.1966 |     39.664 |    12.9
   15 |   1.0966 |     36.453 |   1.1766 |     39.340 |    13.8
   16 |   1.0698 |     35.596 |   1.1652 |     38.163 |    14.7
   17 |   1.0455 |     34.711 |   1.1516 |     37.986 |    15.7
   18 |   1.0269 |     34.277 |   1.1383 |     37.426 |    16.6
   19 |   1.0013 |     33.035 |   1.1444 |     37.132 |    17.5
   20 |   0.9823 |     32.650 |   1.1249 |     37.132 |    18.5
   21 |   0.9721 |     32.308 |   1.1314 |     37.485 |    19.4
   22 |   0.9664 |     32.161 |   1.1084 |     36.219 |    20.3
   23 |   0.9394 |     31.321 |   1.1124 |     36.808 |    21.2
   24 |   0.9267 |     30.707 |   1.0756 |     34.894 |    22.2
   25 |   0.9024 |     30.073 |   1.0891 |     35.159 |    23.1
   26 |   0.8827 |     29.443 |   1.0795 |     34.982 |    24.0
   27 |   0.8752 |     29.004 |   1.0823 |     36.190 |    25.0
   28 |   0.8719 |     29.264 |   1.0810 |     35.777 |    25.9
Early stopping

Model: Seq2Seq Multimodal Bi-LSTM
Source index: <Seq2Seq Index with 43 items>
Target index: <Seq2Seq Index with 34 items>
Encoder embedding dimension: 64
Descriptors dimension: 1136
Decoder embedding dimension: 64
Encoder hidden units: 64
Encoder layers: 2
Decoder hidden units: 128
Decoder layers: 2
Dropout: 0.1
Trainable parameters: 634,082

Training started
X_train.shape: torch.Size([3072, 702])
Y_train.shape: torch.Size([3072, 7])
X_dev.shape: torch.Size([566, 649])
Y_dev.shape: torch.Size([566, 7])
Epochs: 500
Learning rate: 0.001
Weight decay: 1e-05
Epoch | Train                 | Development           | Minutes
      | Loss     | Error Rate | Loss     | Error Rate |
---------------------------------------------------------------
    1 |   2.1480 |     57.628 |   1.5512 |     47.585 |     0.3
    2 |   1.4138 |     45.562 |   1.3818 |     45.230 |     0.6
    3 |   1.3075 |     43.083 |   1.2851 |     41.461 |     0.8
    4 |   1.2194 |     39.876 |   1.2340 |     39.988 |     1.1
    5 |   1.1444 |     37.218 |   1.1709 |     37.898 |     1.4
    6 |   1.0774 |     35.319 |   1.1307 |     37.250 |     1.7
    7 |   1.0229 |     33.458 |   1.0787 |     35.424 |     2.0
    8 |   0.9621 |     31.662 |   1.0373 |     34.423 |     2.3
    9 |   0.8953 |     29.286 |   1.0220 |     33.157 |     2.5
   10 |   0.8377 |     27.376 |   0.9887 |     32.155 |     2.8
   11 |   0.7838 |     25.819 |   0.9519 |     31.360 |     3.1
   12 |   0.7427 |     24.268 |   0.9596 |     30.065 |     3.4
   13 |   0.6922 |     22.542 |   0.9244 |     29.711 |     3.6
   14 |   0.6591 |     21.642 |   0.9136 |     29.240 |     3.9
   15 |   0.6182 |     20.242 |   0.8926 |     28.062 |     4.2
   16 |   0.5806 |     19.070 |   0.9029 |     27.385 |     4.5
   17 |   0.5466 |     17.936 |   0.9236 |     28.386 |     4.8
   18 |   0.5103 |     16.591 |   0.9055 |     27.238 |     5.0
   19 |   0.4925 |     16.319 |   0.9003 |     28.239 |     5.3
Early stopping

Model: Seq2Seq Multimodal Bi-LSTM
Source index: <Seq2Seq Index with 43 items>
Target index: <Seq2Seq Index with 34 items>
Encoder embedding dimension: 64
Descriptors dimension: 1136
Decoder embedding dimension: 128
Encoder hidden units: 128
Encoder layers: 3
Decoder hidden units: 64
Decoder layers: 4
Dropout: 0.1
Trainable parameters: 1,830,370

Training started
X_train.shape: torch.Size([3072, 702])
Y_train.shape: torch.Size([3072, 7])
X_dev.shape: torch.Size([566, 649])
Y_dev.shape: torch.Size([566, 7])
Epochs: 500
Learning rate: 0.0001
Weight decay: 1e-05
Epoch | Train                 | Development           | Minutes
      | Loss     | Error Rate | Loss     | Error Rate |
---------------------------------------------------------------
    1 |   3.4079 |     87.581 |   3.1346 |     83.333 |     1.4
    2 |   2.8168 |     80.572 |   2.6297 |     67.992 |     2.8
    3 |   2.5007 |     61.979 |   2.3831 |     59.158 |     4.3
    4 |   2.2811 |     58.914 |   2.1895 |     59.158 |     5.7
    5 |   2.1170 |     57.259 |   2.0589 |     59.128 |     7.2
    6 |   2.0068 |     55.995 |   1.9720 |     54.211 |     8.7
    7 |   1.9259 |     53.483 |   1.9036 |     49.529 |    10.1
    8 |   1.8584 |     49.495 |   1.8450 |     49.441 |    11.6
    9 |   1.7997 |     48.676 |   1.7955 |     49.411 |    13.0
   10 |   1.7513 |     48.541 |   1.7531 |     49.411 |    14.5
   11 |   1.7083 |     48.524 |   1.7150 |     49.411 |    16.0
   12 |   1.6691 |     48.503 |   1.6796 |     49.411 |    17.4
   13 |   1.6332 |     48.492 |   1.6456 |     49.411 |    18.9
   14 |   1.5979 |     48.367 |   1.6109 |     49.382 |    20.3
   15 |   1.5654 |     46.463 |   1.5828 |     47.438 |    21.8
   16 |   1.5399 |     46.018 |   1.5602 |     47.438 |    23.2
   17 |   1.5189 |     46.012 |   1.5407 |     47.438 |    24.7
   18 |   1.5016 |     46.018 |   1.5243 |     47.438 |    26.1
   19 |   1.4865 |     45.969 |   1.5103 |     47.438 |    27.6
   20 |   1.4740 |     45.991 |   1.4989 |     47.438 |    29.1
   21 |   1.4624 |     45.996 |   1.4888 |     47.438 |    30.5
   22 |   1.4519 |     46.034 |   1.4785 |     47.438 |    32.0
   23 |   1.4414 |     46.229 |   1.4687 |     47.438 |    33.4
   24 |   1.4326 |     45.942 |   1.4587 |     47.438 |    34.9
   25 |   1.4228 |     46.039 |   1.4496 |     47.438 |    36.3
   26 |   1.4131 |     46.045 |   1.4404 |     47.438 |    37.8
   27 |   1.4037 |     45.926 |   1.4339 |     47.438 |    39.3
   28 |   1.3963 |     46.056 |   1.4269 |     47.468 |    40.7
   29 |   1.3863 |     46.077 |   1.4172 |     47.468 |    42.2
   30 |   1.3782 |     45.936 |   1.4116 |     47.438 |    43.7
   31 |   1.3705 |     45.291 |   1.4041 |     46.614 |    45.1
   32 |   1.3620 |     44.954 |   1.4069 |     46.790 |    46.6
   33 |   1.3569 |     44.618 |   1.3958 |     46.496 |    48.0
   34 |   1.3493 |     44.629 |   1.3907 |     46.319 |    49.5
   35 |   1.3418 |     44.520 |   1.3867 |     46.378 |    50.9
   36 |   1.3386 |     44.417 |   1.3823 |     46.319 |    52.4
   37 |   1.3301 |     44.282 |   1.3813 |     46.172 |    53.9
   38 |   1.3255 |     44.293 |   1.3762 |     46.113 |    55.3
   39 |   1.3195 |     44.141 |   1.3707 |     46.025 |    56.8
   40 |   1.3136 |     44.157 |   1.3690 |     45.878 |    58.2
   41 |   1.3100 |     44.168 |   1.3623 |     45.907 |    59.7
   42 |   1.3028 |     43.886 |   1.3618 |     45.789 |    61.1
   43 |   1.2975 |     43.777 |   1.3593 |     45.907 |    62.6
   44 |   1.2910 |     43.479 |   1.3536 |     45.878 |    64.1
   45 |   1.2841 |     43.180 |   1.3520 |     45.465 |    65.5
   46 |   1.2813 |     43.110 |   1.3460 |     44.876 |    67.0
   47 |   1.2710 |     42.811 |   1.3480 |     45.554 |    68.5
   48 |   1.2664 |     42.508 |   1.3414 |     44.817 |    69.9
   49 |   1.2604 |     42.106 |   1.3426 |     44.670 |    71.4
   50 |   1.2533 |     41.998 |   1.3349 |     44.435 |    72.8
   51 |   1.2476 |     41.683 |   1.3329 |     44.611 |    74.3
   52 |   1.2407 |     41.504 |   1.3341 |     44.817 |    75.8
   53 |   1.2329 |     41.461 |   1.3277 |     43.875 |    77.2
   54 |   1.2254 |     40.972 |   1.3253 |     43.905 |    78.7
   55 |   1.2188 |     40.641 |   1.3258 |     43.757 |    80.2
   56 |   1.2134 |     40.484 |   1.3254 |     43.669 |    81.7
   57 |   1.2069 |     40.413 |   1.3226 |     43.257 |    83.2
   58 |   1.1990 |     39.838 |   1.3197 |     43.345 |    84.7
   59 |   1.1928 |     39.594 |   1.3171 |     43.080 |    86.1
   60 |   1.1857 |     39.648 |   1.3163 |     43.110 |    87.6
   61 |   1.1799 |     39.475 |   1.3166 |     43.404 |    89.1
   62 |   1.1734 |     39.290 |   1.3183 |     43.433 |    90.5
   63 |   1.1655 |     39.046 |   1.3117 |     42.903 |    92.0
   64 |   1.1621 |     38.867 |   1.3092 |     42.845 |    93.4
   65 |   1.1549 |     38.737 |   1.3067 |     42.903 |    94.9
   66 |   1.1510 |     38.585 |   1.3175 |     43.051 |    96.4
   67 |   1.1433 |     38.515 |   1.3087 |     42.638 |    97.8
   68 |   1.1372 |     38.167 |   1.3061 |     42.521 |    99.3
   69 |   1.1309 |     38.059 |   1.3062 |     42.845 |   100.7
   70 |   1.1258 |     37.929 |   1.3019 |     42.314 |   102.2
   71 |   1.1186 |     37.657 |   1.3020 |     42.462 |   103.7
   72 |   1.1139 |     37.386 |   1.3012 |     42.344 |   105.1
   73 |   1.1066 |     37.429 |   1.2963 |     41.873 |   106.6
   74 |   1.1000 |     37.202 |   1.2957 |     41.549 |   108.1
   75 |   1.0974 |     37.066 |   1.3075 |     41.814 |   109.5
   76 |   1.0905 |     36.784 |   1.2987 |     41.696 |   111.0
   77 |   1.0835 |     36.285 |   1.2948 |     41.696 |   112.4
   78 |   1.0777 |     36.209 |   1.2987 |     41.549 |   113.9
   79 |   1.0764 |     36.263 |   1.3008 |     41.519 |   115.4
   80 |   1.0684 |     35.986 |   1.3047 |     41.402 |   116.8
   81 |   1.0634 |     35.596 |   1.2968 |     41.313 |   118.3
   82 |   1.0593 |     35.373 |   1.2851 |     40.872 |   119.8
   83 |   1.0551 |     35.053 |   1.2941 |     41.254 |   121.2
   84 |   1.0486 |     34.630 |   1.2950 |     41.078 |   122.7
   85 |   1.0426 |     34.565 |   1.2892 |     41.019 |   124.4
   86 |   1.0357 |     34.408 |   1.2924 |     40.430 |   125.8
Early stopping

Model: Seq2Seq Multimodal Bi-LSTM
Source index: <Seq2Seq Index with 43 items>
Target index: <Seq2Seq Index with 34 items>
Encoder embedding dimension: 128
Descriptors dimension: 1136
Decoder embedding dimension: 128
Encoder hidden units: 128
Encoder layers: 4
Decoder hidden units: 64
Decoder layers: 2
Dropout: 0.1
Trainable parameters: 2,520,354

Training started
X_train.shape: torch.Size([3072, 702])
Y_train.shape: torch.Size([3072, 7])
X_dev.shape: torch.Size([566, 649])
Y_dev.shape: torch.Size([566, 7])
Epochs: 500
Learning rate: 0.0001
Weight decay: 1e-05
Epoch | Train                 | Development           | Minutes
      | Loss     | Error Rate | Loss     | Error Rate |
---------------------------------------------------------------
    1 |   3.2027 |     85.140 |   2.8516 |     83.363 |     1.0
    2 |   2.6841 |     73.931 |   2.5642 |     67.314 |     2.2
    3 |   2.4677 |     64.079 |   2.3943 |     59.393 |     3.4
    4 |   2.3195 |     58.968 |   2.2659 |     59.217 |     4.6
    5 |   2.1976 |     58.464 |   2.1593 |     59.069 |     5.7
    6 |   2.0995 |     57.829 |   2.0693 |     58.539 |     6.9
    7 |   2.0126 |     55.821 |   1.9945 |     53.534 |     8.1
    8 |   1.9372 |     51.649 |   1.9232 |     49.971 |     9.2
    9 |   1.8652 |     50.081 |   1.8571 |     51.767 |    10.4
   10 |   1.7966 |     49.148 |   1.7892 |     48.881 |    11.6
   11 |   1.7311 |     48.611 |   1.7326 |     48.940 |    12.8
   12 |   1.6772 |     48.378 |   1.6837 |     48.999 |    13.9
   13 |   1.6307 |     48.275 |   1.6431 |     48.793 |    15.1
   14 |   1.5877 |     47.059 |   1.6008 |     47.026 |    16.3
   15 |   1.5493 |     45.833 |   1.5650 |     46.938 |    17.4
   16 |   1.5140 |     45.747 |   1.5358 |     46.879 |    18.6
   17 |   1.4837 |     45.622 |   1.5078 |     46.967 |    19.8
   18 |   1.4586 |     45.454 |   1.4885 |     46.996 |    20.9
   19 |   1.4370 |     45.237 |   1.4638 |     46.525 |    22.1
   20 |   1.4171 |     45.063 |   1.4471 |     46.290 |    23.3
   21 |   1.3963 |     44.634 |   1.4343 |     45.995 |    24.4
   22 |   1.3803 |     44.222 |   1.4175 |     45.082 |    25.6
   23 |   1.3614 |     43.679 |   1.4046 |     44.229 |    26.8
   24 |   1.3460 |     42.904 |   1.3912 |     43.846 |    27.9
   25 |   1.3309 |     42.225 |   1.3771 |     43.669 |    29.1
   26 |   1.3150 |     41.558 |   1.3687 |     43.551 |    30.3
   27 |   1.2992 |     40.918 |   1.3525 |     42.609 |    31.5
   28 |   1.2820 |     40.148 |   1.3435 |     42.285 |    32.6
   29 |   1.2677 |     39.714 |   1.3288 |     41.814 |    33.8
   30 |   1.2525 |     39.231 |   1.3215 |     41.784 |    35.0
   31 |   1.2367 |     38.661 |   1.3065 |     41.519 |    36.1
   32 |   1.2190 |     38.075 |   1.2993 |     41.019 |    37.3
   33 |   1.2035 |     37.538 |   1.2983 |     41.107 |    38.5
   34 |   1.1889 |     37.153 |   1.2833 |     40.813 |    39.7
   35 |   1.1749 |     36.692 |   1.2715 |     40.018 |    40.8
   36 |   1.1592 |     35.943 |   1.2546 |     39.605 |    42.0
   37 |   1.1427 |     35.525 |   1.2459 |     39.458 |    43.2
   38 |   1.1275 |     35.400 |   1.2350 |     38.810 |    44.4
   39 |   1.1151 |     34.825 |   1.2280 |     38.575 |    45.5
   40 |   1.0984 |     34.191 |   1.2212 |     38.339 |    46.7
   41 |   1.0843 |     34.049 |   1.2121 |     38.045 |    47.9
   42 |   1.0699 |     33.344 |   1.2048 |     37.809 |    49.0
   43 |   1.0547 |     32.894 |   1.2013 |     37.956 |    50.2
   44 |   1.0437 |     32.492 |   1.1948 |     37.956 |    51.4
   45 |   1.0290 |     32.037 |   1.1861 |     37.191 |    52.6
   46 |   1.0151 |     31.434 |   1.1736 |     36.572 |    53.7
   47 |   1.0021 |     30.691 |   1.1687 |     36.455 |    54.9
   48 |   0.9882 |     30.252 |   1.1658 |     36.572 |    56.1
   49 |   0.9745 |     29.747 |   1.1599 |     35.660 |    57.3
   50 |   0.9640 |     29.286 |   1.1548 |     35.365 |    58.4
   51 |   0.9486 |     28.716 |   1.1447 |     35.012 |    59.6
   52 |   0.9400 |     28.271 |   1.1414 |     35.571 |    60.8
   53 |   0.9262 |     28.082 |   1.1431 |     35.277 |    61.9
   54 |   0.9144 |     27.642 |   1.1301 |     34.923 |    63.1
   55 |   0.9022 |     27.143 |   1.1204 |     35.218 |    64.3
   56 |   0.8858 |     26.389 |   1.1199 |     34.570 |    65.5
   57 |   0.8758 |     26.058 |   1.1220 |     34.658 |    66.6
   58 |   0.8656 |     25.499 |   1.1145 |     34.982 |    67.8
   59 |   0.8498 |     25.212 |   1.1060 |     34.187 |    69.0
   60 |   0.8364 |     24.615 |   1.1076 |     34.658 |    70.1
   61 |   0.8276 |     24.626 |   1.1015 |     34.040 |    71.3
   62 |   0.8168 |     24.083 |   1.0865 |     33.834 |    72.5
   63 |   0.8058 |     23.410 |   1.0863 |     33.481 |    73.7
   64 |   0.7931 |     23.383 |   1.0928 |     33.746 |    74.8
   65 |   0.7834 |     23.052 |   1.0790 |     33.245 |    76.0
   66 |   0.7718 |     22.542 |   1.0864 |     33.628 |    77.2
   67 |   0.7604 |     22.228 |   1.0823 |     33.245 |    78.4
   68 |   0.7466 |     21.804 |   1.0889 |     33.716 |    79.6
   69 |   0.7434 |     21.940 |   1.0706 |     32.597 |    80.7
   70 |   0.7320 |     21.311 |   1.0790 |     32.656 |    81.9
   71 |   0.7223 |     21.148 |   1.0766 |     33.245 |    83.0
   72 |   0.7067 |     20.470 |   1.0756 |     32.656 |    84.2
   73 |   0.7024 |     20.595 |   1.0705 |     32.568 |    85.4
   74 |   0.6920 |     20.047 |   1.0671 |     32.980 |    86.6
   75 |   0.6815 |     19.808 |   1.0614 |     31.949 |    87.7
   76 |   0.6709 |     19.520 |   1.0655 |     32.008 |    88.9
   77 |   0.6610 |     19.379 |   1.0730 |     32.420 |    90.1
   78 |   0.6548 |     19.000 |   1.0581 |     31.949 |    91.3
   79 |   0.6420 |     18.783 |   1.0591 |     31.743 |    92.5
   80 |   0.6345 |     18.207 |   1.0628 |     31.832 |    93.6
   81 |   0.6258 |     17.947 |   1.0648 |     31.832 |    94.8
   82 |   0.6223 |     17.985 |   1.0559 |     31.508 |    96.0
   83 |   0.6111 |     17.660 |   1.0622 |     31.625 |    97.1
   84 |   0.6010 |     17.204 |   1.0565 |     31.331 |    98.3
   85 |   0.5910 |     16.943 |   1.0611 |     30.919 |    99.5
   86 |   0.5862 |     16.748 |   1.0682 |     31.449 |   100.7
Early stopping

Model: Seq2Seq Multimodal Bi-LSTM
Source index: <Seq2Seq Index with 43 items>
Target index: <Seq2Seq Index with 34 items>
Encoder embedding dimension: 64
Descriptors dimension: 1136
Decoder embedding dimension: 128
Encoder hidden units: 32
Encoder layers: 3
Decoder hidden units: 128
Decoder layers: 4
Dropout: 0.2
Trainable parameters: 782,658

Training started
X_train.shape: torch.Size([3072, 702])
Y_train.shape: torch.Size([3072, 7])
X_dev.shape: torch.Size([566, 649])
Y_dev.shape: torch.Size([566, 7])
Epochs: 500
Learning rate: 0.0001
Weight decay: 0.0001
Epoch | Train                 | Development           | Minutes
      | Loss     | Error Rate | Loss     | Error Rate |
---------------------------------------------------------------
    1 |   3.2664 |     85.498 |   2.7536 |     83.333 |     0.1
    2 |   2.5019 |     64.551 |   2.2623 |     59.128 |     0.2
    3 |   2.1221 |     56.852 |   2.0101 |     55.978 |     0.3
    4 |   1.9315 |     52.935 |   1.8675 |     49.411 |     0.4
    5 |   1.8026 |     49.137 |   1.7652 |     49.411 |     0.5
    6 |   1.6996 |     48.627 |   1.6753 |     49.411 |     0.6
    7 |   1.6104 |     47.049 |   1.6005 |     47.438 |     0.7
    8 |   1.5444 |     46.007 |   1.5477 |     47.438 |     0.8
    9 |   1.5015 |     46.012 |   1.5155 |     47.438 |     0.9
   10 |   1.4747 |     45.991 |   1.4923 |     47.438 |     1.0
   11 |   1.4562 |     46.023 |   1.4762 |     47.438 |     1.1
   12 |   1.4419 |     46.002 |   1.4634 |     47.438 |     1.2
   13 |   1.4303 |     46.088 |   1.4541 |     47.438 |     1.3
   14 |   1.4185 |     46.061 |   1.4425 |     47.438 |     1.4
