Model: Seq2Seq Multimodal Bi-LSTM
Source index: <Seq2Seq Index with 43 items>
Target index: <Seq2Seq Index with 34 items>
Encoder embedding dimension: 64
Descriptors dimension: 1136
Decoder embedding dimension: 128
Encoder hidden units: 128
Encoder layers: 3
Decoder hidden units: 64
Decoder layers: 4
Dropout: 0.2
Trainable parameters: 1,830,370

Training started
X_train.shape: torch.Size([3085, 702])
Y_train.shape: torch.Size([3085, 7])
X_dev.shape: torch.Size([537, 649])
Y_dev.shape: torch.Size([537, 7])
Epochs: 500
Learning rate: 0.001
Weight decay: 0.0001
Epoch | Train                 | Development           | Minutes
      | Loss     | Error Rate | Loss     | Error Rate |
---------------------------------------------------------------
    1 |   2.5778 |     68.476 |   2.0527 |     59.745 |     0.1
    2 |   1.7835 |     50.816 |   1.5934 |     46.182 |     0.2
    3 |   1.5057 |     46.359 |   1.4697 |     46.182 |     0.3
    4 |   1.4371 |     46.542 |   1.4405 |     46.182 |     0.3
    5 |   1.4175 |     46.429 |   1.4234 |     46.214 |     0.4
    6 |   1.4012 |     46.353 |   1.4045 |     46.182 |     0.4
    7 |   1.3757 |     46.321 |   1.3794 |     46.555 |     0.5
    8 |   1.3571 |     46.002 |   1.3677 |     46.493 |     0.6
    9 |   1.3400 |     45.683 |   1.3512 |     46.741 |     0.6
   10 |   1.3264 |     45.413 |   1.3284 |     46.245 |     0.7
   11 |   1.3173 |     45.262 |   1.3280 |     45.686 |     0.8
   12 |   1.3082 |     45.154 |   1.3236 |     46.369 |     0.8
   13 |   1.2969 |     45.105 |   1.3148 |     47.114 |     0.9
   14 |   1.2881 |     44.662 |   1.3046 |     45.965 |     1.0
   15 |   1.2826 |     44.792 |   1.2936 |     46.369 |     1.0
   16 |   1.2713 |     44.479 |   1.2866 |     46.120 |     1.1
   17 |   1.2645 |     44.263 |   1.2725 |     45.345 |     1.1
   18 |   1.2588 |     43.949 |   1.2777 |     45.220 |     1.2
   19 |   1.2475 |     43.690 |   1.2563 |     44.165 |     1.3
   20 |   1.2372 |     43.258 |   1.2468 |     42.737 |     1.3
   21 |   1.2227 |     42.415 |   1.2305 |     42.272 |     1.4
   22 |   1.2114 |     42.328 |   1.2239 |     42.148 |     1.5
   23 |   1.1946 |     41.696 |   1.2214 |     41.744 |     1.5
   24 |   1.1866 |     41.259 |   1.2033 |     42.086 |     1.6
   25 |   1.1712 |     41.199 |   1.2043 |     41.682 |     1.7
   26 |   1.1672 |     40.605 |   1.1874 |     40.937 |     1.7
   27 |   1.1612 |     40.551 |   1.1999 |     40.596 |     1.8
   28 |   1.1497 |     40.005 |   1.1779 |     40.317 |     1.8
   29 |   1.1369 |     39.654 |   1.1816 |     39.789 |     1.9
   30 |   1.1211 |     39.233 |   1.1741 |     40.379 |     2.0
   31 |   1.1207 |     39.173 |   1.1501 |     39.075 |     2.0
   32 |   1.1100 |     38.693 |   1.1528 |     38.641 |     2.1
   33 |   1.1036 |     38.233 |   1.1512 |     39.013 |     2.2
   34 |   1.0865 |     37.277 |   1.1296 |     37.616 |     2.2
   35 |   1.0698 |     36.586 |   1.1236 |     38.082 |     2.3
   36 |   1.0689 |     36.877 |   1.1105 |     37.709 |     2.3
   37 |   1.0609 |     36.305 |   1.1304 |     38.579 |     2.4
   38 |   1.0508 |     35.970 |   1.1167 |     38.113 |     2.5
   39 |   1.0500 |     36.099 |   1.1052 |     37.430 |     2.5
   40 |   1.0356 |     35.764 |   1.1097 |     36.965 |     2.6
   41 |   1.0295 |     35.462 |   1.0989 |     36.375 |     2.7
   42 |   1.0165 |     35.068 |   1.1027 |     36.903 |     2.7
   43 |   1.0153 |     35.024 |   1.1018 |     36.778 |     2.8
   44 |   1.0091 |     34.679 |   1.0955 |     36.840 |     2.9
   45 |   0.9991 |     34.425 |   1.0777 |     35.382 |     2.9
   46 |   0.9903 |     33.890 |   1.0722 |     36.096 |     3.0
   47 |   0.9751 |     33.544 |   1.0683 |     35.506 |     3.0
   48 |   0.9760 |     33.463 |   1.0742 |     36.468 |     3.1
   49 |   0.9666 |     33.052 |   1.0762 |     35.661 |     3.2
   50 |   0.9698 |     33.479 |   1.0489 |     34.513 |     3.2
   51 |   0.9586 |     32.955 |   1.0610 |     35.351 |     3.3
   52 |   0.9508 |     32.534 |   1.0418 |     34.606 |     3.4
   53 |   0.9492 |     32.447 |   1.0545 |     34.823 |     3.4
   54 |   0.9540 |     32.771 |   1.0491 |     34.544 |     3.5
   55 |   0.9469 |     32.350 |   1.0751 |     35.847 |     3.6
   56 |   0.9460 |     32.534 |   1.0383 |     34.140 |     3.6
   57 |   0.9986 |     33.793 |   1.0750 |     35.630 |     3.7
   58 |   0.9679 |     33.360 |   1.0467 |     34.761 |     3.7
   59 |   0.9362 |     31.896 |   1.0399 |     34.327 |     3.8
   60 |   0.9250 |     31.626 |   1.0314 |     33.706 |     3.9
   61 |   0.9105 |     31.232 |   1.0281 |     33.892 |     3.9
   62 |   0.9042 |     30.686 |   1.0459 |     33.675 |     4.0
   63 |   0.8990 |     30.929 |   1.0199 |     33.395 |     4.1
   64 |   0.8925 |     30.600 |   1.0376 |     34.544 |     4.1
   65 |   0.8892 |     30.238 |   1.0442 |     33.582 |     4.2
   66 |   0.8788 |     30.254 |   1.0104 |     33.582 |     4.3
   67 |   0.8725 |     29.595 |   1.0192 |     32.713 |     4.3
   68 |   0.8843 |     30.448 |   1.0400 |     34.140 |     4.4
   69 |   0.8688 |     29.919 |   1.0178 |     32.402 |     4.4
   70 |   0.8606 |     29.438 |   1.0315 |     32.992 |     4.5
Early stopping

Model: Seq2Seq Multimodal Bi-LSTM
Source index: <Seq2Seq Index with 43 items>
Target index: <Seq2Seq Index with 34 items>
Encoder embedding dimension: 64
Descriptors dimension: 1136
Decoder embedding dimension: 128
Encoder hidden units: 32
Encoder layers: 4
Decoder hidden units: 128
Decoder layers: 2
Dropout: 0.0
Trainable parameters: 603,490

Training started
X_train.shape: torch.Size([3085, 702])
Y_train.shape: torch.Size([3085, 7])
X_dev.shape: torch.Size([537, 649])
Y_dev.shape: torch.Size([537, 7])
Epochs: 500
Learning rate: 0.0001
Weight decay: 1e-05
Epoch | Train                 | Development           | Minutes
      | Loss     | Error Rate | Loss     | Error Rate |
---------------------------------------------------------------
    1 |   3.1682 |     75.478 |   2.6105 |     66.884 |     0.0
    2 |   2.2643 |     58.147 |   2.0628 |     56.983 |     0.0
    3 |   1.9149 |     51.378 |   1.8404 |     48.790 |     0.1
    4 |   1.7408 |     48.412 |   1.6940 |     48.759 |     0.1
    5 |   1.6106 |     48.363 |   1.5820 |     48.541 |     0.1
    6 |   1.5149 |     46.418 |   1.5050 |     46.182 |     0.1
    7 |   1.4489 |     45.889 |   1.4516 |     46.058 |     0.2
    8 |   1.4025 |     45.192 |   1.4164 |     45.469 |     0.2
    9 |   1.3664 |     44.246 |   1.3859 |     44.165 |     0.2
   10 |   1.3352 |     42.447 |   1.3552 |     42.862 |     0.2
   11 |   1.3051 |     41.459 |   1.3321 |     42.055 |     0.2
   12 |   1.2806 |     40.481 |   1.3122 |     42.117 |     0.3
   13 |   1.2569 |     39.903 |   1.2971 |     41.372 |     0.3
   14 |   1.2316 |     39.038 |   1.2758 |     40.441 |     0.3
   15 |   1.2087 |     38.239 |   1.2568 |     39.851 |     0.3
   16 |   1.1877 |     37.536 |   1.2427 |     39.230 |     0.3
   17 |   1.1646 |     36.780 |   1.2268 |     38.889 |     0.4
   18 |   1.1455 |     36.229 |   1.2171 |     38.641 |     0.4
   19 |   1.1249 |     35.559 |   1.1994 |     37.803 |     0.4
   20 |   1.1051 |     34.970 |   1.1915 |     37.523 |     0.4
   21 |   1.0877 |     34.381 |   1.1817 |     37.834 |     0.5
   22 |   1.0688 |     33.603 |   1.1688 |     37.182 |     0.5
   23 |   1.0514 |     33.063 |   1.1550 |     36.406 |     0.5
   24 |   1.0328 |     32.674 |   1.1486 |     36.189 |     0.5
   25 |   1.0149 |     31.648 |   1.1446 |     35.816 |     0.5
   26 |   0.9987 |     31.059 |   1.1370 |     35.754 |     0.6
   27 |   0.9811 |     30.654 |   1.1206 |     35.071 |     0.6
   28 |   0.9640 |     29.989 |   1.1109 |     34.668 |     0.6
   29 |   0.9493 |     29.292 |   1.1107 |     35.227 |     0.6
   30 |   0.9347 |     28.925 |   1.1059 |     34.420 |     0.6
   31 |   0.9161 |     28.255 |   1.0981 |     34.730 |     0.7
   32 |   0.9035 |     27.618 |   1.0947 |     34.047 |     0.7
   33 |   0.8907 |     27.450 |   1.0857 |     34.016 |     0.7
   34 |   0.8741 |     26.991 |   1.0686 |     33.644 |     0.7
   35 |   0.8588 |     26.467 |   1.0750 |     33.240 |     0.8
   36 |   0.8453 |     26.018 |   1.0690 |     33.582 |     0.8
   37 |   0.8307 |     25.662 |   1.0724 |     33.302 |     0.8
   38 |   0.8179 |     25.030 |   1.0533 |     32.713 |     0.8
   39 |   0.8037 |     24.576 |   1.0478 |     32.775 |     0.8
   40 |   0.7912 |     24.203 |   1.0567 |     32.837 |     0.9
   41 |   0.7786 |     23.809 |   1.0486 |     32.123 |     0.9
   42 |   0.7694 |     23.474 |   1.0318 |     32.154 |     0.9
   43 |   0.7605 |     23.241 |   1.0456 |     32.309 |     0.9
   44 |   0.7456 |     22.690 |   1.0362 |     31.999 |     1.0
   45 |   0.7333 |     22.301 |   1.0358 |     32.154 |     1.0
   46 |   0.7252 |     21.929 |   1.0318 |     32.278 |     1.0
   47 |   0.7127 |     21.858 |   1.0278 |     31.937 |     1.0
   48 |   0.7026 |     21.291 |   1.0261 |     31.564 |     1.0
   49 |   0.6906 |     20.994 |   1.0284 |     31.564 |     1.1
   50 |   0.6818 |     20.519 |   1.0302 |     31.626 |     1.1
   51 |   0.6703 |     20.286 |   1.0213 |     31.347 |     1.1
   52 |   0.6629 |     19.946 |   1.0301 |     31.378 |     1.1
   53 |   0.6515 |     19.762 |   1.0278 |     31.533 |     1.1
   54 |   0.6444 |     19.568 |   1.0249 |     31.285 |     1.2
   55 |   0.6364 |     19.254 |   1.0218 |     30.447 |     1.2
   56 |   0.6247 |     18.720 |   1.0212 |     30.912 |     1.2
   57 |   0.6168 |     18.460 |   1.0181 |     30.633 |     1.2
   58 |   0.6090 |     18.298 |   1.0250 |     30.602 |     1.3
   59 |   0.6003 |     17.888 |   1.0330 |     30.261 |     1.3
   60 |   0.5946 |     17.990 |   1.0138 |     29.950 |     1.3
   61 |   0.5827 |     17.369 |   1.0113 |     29.950 |     1.3
   62 |   0.5753 |     17.207 |   1.0164 |     29.733 |     1.3
   63 |   0.5674 |     16.899 |   1.0185 |     29.392 |     1.4
   64 |   0.5582 |     16.553 |   1.0185 |     29.516 |     1.4
   65 |   0.5513 |     16.499 |   1.0185 |     29.578 |     1.4
Early stopping

Model: Seq2Seq Multimodal Bi-LSTM
Source index: <Seq2Seq Index with 43 items>
Target index: <Seq2Seq Index with 34 items>
Encoder embedding dimension: 64
Descriptors dimension: 1136
Decoder embedding dimension: 64
Encoder hidden units: 32
Encoder layers: 2
Decoder hidden units: 128
Decoder layers: 3
Dropout: 0.2
Trainable parameters: 532,642

Training started
X_train.shape: torch.Size([3085, 702])
Y_train.shape: torch.Size([3085, 7])
X_dev.shape: torch.Size([537, 649])
Y_dev.shape: torch.Size([537, 7])
Epochs: 500
Learning rate: 0.001
Weight decay: 1e-05
Epoch | Train                 | Development           | Minutes
      | Loss     | Error Rate | Loss     | Error Rate |
---------------------------------------------------------------
    1 |   2.2430 |     61.162 |   1.6685 |     48.821 |     0.0
    2 |   1.4927 |     46.645 |   1.4306 |     46.120 |     0.0
    3 |   1.3920 |     46.099 |   1.4025 |     46.741 |     0.0
    4 |   1.3513 |     45.840 |   1.3581 |     45.686 |     0.1
    5 |   1.3145 |     45.003 |   1.3109 |     45.624 |     0.1
    6 |   1.2869 |     44.776 |   1.2920 |     46.151 |     0.1
    7 |   1.2574 |     43.668 |   1.2790 |     43.886 |     0.1
    8 |   1.2152 |     41.183 |   1.2225 |     41.341 |     0.1
    9 |   1.1663 |     39.471 |   1.1857 |     40.410 |     0.1
   10 |   1.1180 |     37.871 |   1.1553 |     39.137 |     0.1
   11 |   1.0744 |     36.688 |   1.1173 |     38.268 |     0.2
   12 |   1.0320 |     35.521 |   1.1047 |     36.127 |     0.2
   13 |   0.9898 |     33.690 |   1.0707 |     35.568 |     0.2
   14 |   0.9551 |     32.728 |   1.0492 |     34.699 |     0.2
   15 |   0.9157 |     30.881 |   1.0193 |     33.861 |     0.2
   16 |   0.8719 |     29.390 |   1.0257 |     33.923 |     0.2
   17 |   0.8386 |     27.979 |   0.9999 |     32.775 |     0.2
   18 |   0.8057 |     26.888 |   1.0029 |     32.868 |     0.3
   19 |   0.7693 |     25.592 |   0.9853 |     31.440 |     0.3
   20 |   0.7345 |     24.349 |   1.0011 |     31.844 |     0.3
   21 |   0.7101 |     23.712 |   0.9945 |     31.192 |     0.3
   22 |   0.6810 |     22.442 |   0.9741 |     30.074 |     0.3
   23 |   0.6535 |     21.551 |   0.9621 |     28.926 |     0.3
   24 |   0.6192 |     20.232 |   0.9595 |     28.802 |     0.3
   25 |   0.6028 |     19.616 |   0.9567 |     28.864 |     0.4
   26 |   0.5760 |     19.146 |   0.9594 |     28.709 |     0.4
   27 |   0.5527 |     18.385 |   0.9596 |     28.336 |     0.4
   28 |   0.5327 |     17.504 |   0.9731 |     28.957 |     0.4
   29 |   0.5170 |     17.007 |   0.9490 |     27.405 |     0.4
   30 |   0.4941 |     16.316 |   0.9533 |     27.436 |     0.4
   31 |   0.4755 |     15.759 |   0.9621 |     27.436 |     0.4
   32 |   0.4634 |     15.500 |   0.9607 |     27.747 |     0.4
   33 |   0.4463 |     14.900 |   0.9790 |     26.940 |     0.5
Early stopping

Model: Seq2Seq Multimodal Bi-LSTM
Source index: <Seq2Seq Index with 43 items>
Target index: <Seq2Seq Index with 34 items>
Encoder embedding dimension: 128
Descriptors dimension: 1136
Decoder embedding dimension: 64
Encoder hidden units: 128
Encoder layers: 3
Decoder hidden units: 64
Decoder layers: 3
Dropout: 0.0
Trainable parameters: 1,846,818

Training started
X_train.shape: torch.Size([3085, 702])
Y_train.shape: torch.Size([3085, 7])
X_dev.shape: torch.Size([537, 649])
Y_dev.shape: torch.Size([537, 7])
Epochs: 500
Learning rate: 0.001
Weight decay: 0.0001
Epoch | Train                 | Development           | Minutes
      | Loss     | Error Rate | Loss     | Error Rate |
---------------------------------------------------------------
    1 |   2.5201 |     67.039 |   1.9904 |     55.400 |     0.1
    2 |   1.7476 |     49.065 |   1.5851 |     46.182 |     0.1
    3 |   1.4958 |     46.391 |   1.4756 |     46.182 |     0.2
    4 |   1.4375 |     46.451 |   1.4445 |     46.214 |     0.2
    5 |   1.4157 |     46.375 |   1.4285 |     46.182 |     0.3
    6 |   1.4069 |     46.456 |   1.4179 |     46.182 |     0.4
    7 |   1.4007 |     46.440 |   1.4212 |     46.586 |     0.4
    8 |   1.3953 |     46.515 |   1.4148 |     46.182 |     0.5
    9 |   1.3874 |     46.316 |   1.3998 |     46.555 |     0.5
   10 |   1.3737 |     45.737 |   1.3838 |     45.251 |     0.6
   11 |   1.3550 |     45.014 |   1.3664 |     44.941 |     0.7
   12 |   1.3392 |     44.851 |   1.3609 |     45.034 |     0.7
   13 |   1.3318 |     44.760 |   1.3560 |     44.941 |     0.8
   14 |   1.3250 |     44.797 |   1.3418 |     44.662 |     0.8
   15 |   1.3176 |     44.571 |   1.3413 |     44.413 |     0.9
   16 |   1.3093 |     44.041 |   1.3335 |     43.948 |     1.0
   17 |   1.3001 |     43.598 |   1.3335 |     43.917 |     1.0
   18 |   1.2860 |     43.177 |   1.3124 |     43.886 |     1.1
   19 |   1.2824 |     43.025 |   1.3256 |     43.979 |     1.2
   20 |   1.2738 |     42.934 |   1.3107 |     43.637 |     1.2
   21 |   1.2690 |     42.739 |   1.3002 |     43.544 |     1.3
   22 |   1.2573 |     42.318 |   1.2960 |     42.955 |     1.3
   23 |   1.2523 |     42.183 |   1.3032 |     43.327 |     1.4
   24 |   1.2442 |     42.053 |   1.2846 |     43.172 |     1.5
   25 |   1.2348 |     41.594 |   1.2799 |     42.365 |     1.5
   26 |   1.2295 |     41.248 |   1.2701 |     41.806 |     1.6
   27 |   1.2208 |     40.999 |   1.2684 |     41.962 |     1.6
   28 |   1.2116 |     40.827 |   1.2568 |     41.558 |     1.7
   29 |   1.2052 |     40.600 |   1.2555 |     40.999 |     1.8
   30 |   1.1916 |     39.784 |   1.2487 |     41.589 |     1.8
   31 |   1.1860 |     40.184 |   1.2710 |     42.210 |     1.9
   32 |   1.1856 |     40.027 |   1.2582 |     41.310 |     1.9
   33 |   1.1674 |     39.573 |   1.2460 |     41.651 |     2.0
   34 |   1.1562 |     39.249 |   1.2449 |     40.658 |     2.1
   35 |   1.1631 |     39.552 |   1.2434 |     41.806 |     2.1
   36 |   1.1507 |     39.173 |   1.2329 |     40.596 |     2.2
   37 |   1.1450 |     38.855 |   1.2173 |     40.410 |     2.2
   38 |   1.1237 |     38.196 |   1.2154 |     39.975 |     2.3
   39 |   1.1113 |     37.693 |   1.2226 |     40.503 |     2.4
   40 |   1.1022 |     37.639 |   1.2014 |     40.130 |     2.4
   41 |   1.0941 |     37.185 |   1.2192 |     40.689 |     2.5
   42 |   1.0903 |     37.137 |   1.2182 |     40.317 |     2.6
   43 |   1.0839 |     36.856 |   1.2032 |     40.720 |     2.6
   44 |   1.0707 |     36.099 |   1.2227 |     40.130 |     2.7
   45 |   1.0701 |     36.321 |   1.1952 |     39.261 |     2.7
   46 |   1.0564 |     35.948 |   1.1868 |     39.541 |     2.8
   47 |   1.0419 |     34.970 |   1.1870 |     38.734 |     2.9
   48 |   1.0482 |     35.592 |   1.2095 |     38.796 |     2.9
   49 |   1.0549 |     35.705 |   1.1992 |     40.658 |     3.0
   50 |   1.0386 |     35.651 |   1.1923 |     39.727 |     3.0
   51 |   1.0259 |     34.824 |   1.1757 |     38.920 |     3.1
   52 |   1.0178 |     34.511 |   1.1741 |     38.454 |     3.2
   53 |   1.0043 |     33.679 |   1.1821 |     38.672 |     3.2
   54 |   1.0059 |     33.911 |   1.1903 |     39.106 |     3.3
   55 |   0.9885 |     33.512 |   1.1741 |     38.020 |     3.3
   56 |   0.9821 |     33.150 |   1.1698 |     38.051 |     3.4
   57 |   0.9885 |     33.598 |   1.2023 |     38.951 |     3.5
   58 |   0.9994 |     33.901 |   1.1660 |     37.958 |     3.5
   59 |   0.9926 |     33.420 |   1.1776 |     38.237 |     3.6
   60 |   0.9792 |     33.231 |   1.1527 |     38.392 |     3.7
   61 |   0.9683 |     32.620 |   1.1803 |     38.392 |     3.7
   62 |   0.9644 |     32.766 |   1.1729 |     38.020 |     3.8
   63 |   0.9584 |     32.420 |   1.1448 |     38.144 |     3.8
   64 |   0.9468 |     32.150 |   1.1777 |     37.647 |     3.9
   65 |   0.9455 |     32.096 |   1.1548 |     37.678 |     4.0
   66 |   0.9260 |     31.513 |   1.1630 |     37.834 |     4.0
   67 |   0.9212 |     31.167 |   1.1598 |     37.120 |     4.1
Early stopping

Model: Seq2Seq Multimodal Bi-LSTM
Source index: <Seq2Seq Index with 43 items>
Target index: <Seq2Seq Index with 34 items>
Encoder embedding dimension: 64
Descriptors dimension: 1136
Decoder embedding dimension: 128
Encoder hidden units: 64
Encoder layers: 2
Decoder hidden units: 128
Decoder layers: 4
Dropout: 0.1
Trainable parameters: 933,218

Training started
X_train.shape: torch.Size([3085, 702])
Y_train.shape: torch.Size([3085, 7])
X_dev.shape: torch.Size([537, 649])
Y_dev.shape: torch.Size([537, 7])
Epochs: 500
Learning rate: 0.001
Weight decay: 1e-05
Epoch | Train                 | Development           | Minutes
      | Loss     | Error Rate | Loss     | Error Rate |
---------------------------------------------------------------
    1 |   2.2295 |     59.827 |   1.6148 |     48.759 |     0.0
    2 |   1.4719 |     46.364 |   1.4335 |     46.182 |     0.0
    3 |   1.3995 |     46.391 |   1.3997 |     46.120 |     0.1
    4 |   1.3686 |     45.889 |   1.3669 |     46.151 |     0.1
    5 |   1.3445 |     45.521 |   1.3526 |     46.369 |     0.1
    6 |   1.3241 |     45.289 |   1.3261 |     45.407 |     0.1
    7 |   1.2947 |     44.149 |   1.3054 |     45.034 |     0.1
    8 |   1.2578 |     43.015 |   1.2745 |     43.731 |     0.1
    9 |   1.2304 |     42.464 |   1.2497 |     43.700 |     0.2
   10 |   1.1990 |     41.534 |   1.2291 |     43.234 |     0.2
   11 |   1.1710 |     40.265 |   1.2087 |     41.465 |     0.2
   12 |   1.1414 |     39.071 |   1.2054 |     41.092 |     0.2
   13 |   1.1213 |     38.671 |   1.1656 |     38.547 |     0.2
   14 |   1.0881 |     37.526 |   1.1434 |     38.082 |     0.3
   15 |   1.0625 |     36.321 |   1.1543 |     38.982 |     0.3
   16 |   1.0301 |     35.046 |   1.1216 |     37.182 |     0.3
   17 |   0.9990 |     34.257 |   1.1012 |     36.189 |     0.3
   18 |   0.9675 |     32.934 |   1.0829 |     35.413 |     0.3
   19 |   0.9451 |     32.253 |   1.0877 |     35.009 |     0.4
   20 |   0.9248 |     31.799 |   1.0846 |     35.102 |     0.4
   21 |   0.9035 |     30.983 |   1.0665 |     34.916 |     0.4
   22 |   0.8694 |     29.492 |   1.0485 |     33.675 |     0.4
   23 |   0.8482 |     28.828 |   1.0403 |     33.333 |     0.4
   24 |   0.8308 |     28.401 |   1.0293 |     33.582 |     0.4
   25 |   0.8000 |     27.185 |   1.0458 |     33.799 |     0.5
   26 |   0.7824 |     26.316 |   1.0478 |     33.023 |     0.5
   27 |   0.7685 |     25.845 |   1.0295 |     32.588 |     0.5
   28 |   0.7413 |     25.073 |   1.0222 |     31.968 |     0.5
   29 |   0.7165 |     24.300 |   1.0169 |     31.409 |     0.5
   30 |   0.7301 |     24.387 |   1.0257 |     31.471 |     0.6
   31 |   0.6992 |     23.350 |   1.0254 |     31.937 |     0.6
   32 |   0.6615 |     22.145 |   1.0019 |     31.564 |     0.6
   33 |   0.6399 |     21.140 |   1.0056 |     30.168 |     0.6
   34 |   0.6130 |     20.178 |   1.0175 |     30.261 |     0.6
   35 |   0.5926 |     19.357 |   1.0128 |     30.664 |     0.6
   36 |   0.5974 |     19.968 |   1.0210 |     30.478 |     0.7
Early stopping

Model: Seq2Seq Multimodal Bi-LSTM
Source index: <Seq2Seq Index with 43 items>
Target index: <Seq2Seq Index with 34 items>
Encoder embedding dimension: 64
Descriptors dimension: 1136
Decoder embedding dimension: 64
Encoder hidden units: 128
Encoder layers: 4
Decoder hidden units: 128
Decoder layers: 2
Dropout: 0.0
Trainable parameters: 2,731,618

Training started
X_train.shape: torch.Size([3085, 702])
Y_train.shape: torch.Size([3085, 7])
X_dev.shape: torch.Size([537, 649])
Y_dev.shape: torch.Size([537, 7])
Epochs: 500
Learning rate: 0.0001
Weight decay: 0.0001
Epoch | Train                 | Development           | Minutes
      | Loss     | Error Rate | Loss     | Error Rate |
---------------------------------------------------------------
    1 |   3.0167 |     79.530 |   2.5489 |     62.539 |     0.1
    2 |   2.3058 |     58.476 |   2.1637 |     55.897 |     0.2
    3 |   2.0335 |     55.440 |   1.9690 |     54.687 |     0.2
    4 |   1.8746 |     50.848 |   1.8424 |     49.255 |     0.3
    5 |   1.7497 |     48.720 |   1.7178 |     48.790 |     0.4
    6 |   1.6429 |     48.763 |   1.6241 |     47.890 |     0.5
    7 |   1.5589 |     46.656 |   1.5531 |     46.307 |     0.6
    8 |   1.4965 |     46.283 |   1.4996 |     46.027 |     0.6
    9 |   1.4497 |     45.894 |   1.4619 |     46.120 |     0.7
   10 |   1.4157 |     45.170 |   1.4327 |     45.655 |     0.8
   11 |   1.3842 |     44.635 |   1.4066 |     45.282 |     0.9
   12 |   1.3557 |     43.798 |   1.3868 |     43.886 |     1.0
   13 |   1.3327 |     42.971 |   1.3632 |     43.979 |     1.1
   14 |   1.3088 |     41.907 |   1.3508 |     43.420 |     1.1
   15 |   1.2866 |     40.773 |   1.3340 |     42.365 |     1.2
   16 |   1.2654 |     39.978 |   1.3148 |     41.651 |     1.3
   17 |   1.2427 |     39.119 |   1.2967 |     40.782 |     1.4
   18 |   1.2196 |     38.163 |   1.2818 |     39.820 |     1.5
   19 |   1.1986 |     37.326 |   1.2608 |     39.882 |     1.5
   20 |   1.1741 |     36.526 |   1.2478 |     38.889 |     1.6
   21 |   1.1552 |     35.813 |   1.2372 |     39.479 |     1.7
   22 |   1.1306 |     35.051 |   1.2212 |     38.113 |     1.8
   23 |   1.1093 |     34.165 |   1.2091 |     38.113 |     1.9
   24 |   1.0895 |     33.679 |   1.1946 |     37.709 |     1.9
   25 |   1.0676 |     32.793 |   1.1885 |     37.275 |     2.0
   26 |   1.0468 |     32.102 |   1.1811 |     37.244 |     2.1
   27 |   1.0279 |     31.772 |   1.1591 |     36.716 |     2.2
   28 |   1.0063 |     30.891 |   1.1517 |     36.220 |     2.3
   29 |   0.9839 |     30.222 |   1.1402 |     36.499 |     2.3
   30 |   0.9651 |     29.460 |   1.1373 |     36.034 |     2.4
   31 |   0.9451 |     28.725 |   1.1230 |     35.289 |     2.5
   32 |   0.9275 |     28.314 |   1.1118 |     34.699 |     2.6
   33 |   0.9075 |     27.477 |   1.1025 |     34.295 |     2.7
   34 |   0.8878 |     26.942 |   1.1011 |     34.327 |     2.7
   35 |   0.8700 |     26.137 |   1.0918 |     33.923 |     2.8
   36 |   0.8511 |     25.748 |   1.0781 |     32.713 |     2.9
   37 |   0.8346 |     25.224 |   1.0782 |     33.395 |     3.0
   38 |   0.8166 |     24.371 |   1.0727 |     33.023 |     3.1
   39 |   0.7991 |     23.933 |   1.0729 |     32.899 |     3.1
   40 |   0.7840 |     23.463 |   1.0568 |     32.402 |     3.2
   41 |   0.7670 |     22.804 |   1.0594 |     32.154 |     3.3
   42 |   0.7518 |     22.231 |   1.0515 |     31.968 |     3.4
   43 |   0.7338 |     21.642 |   1.0558 |     32.371 |     3.5
   44 |   0.7190 |     21.313 |   1.0408 |     31.130 |     3.5
   45 |   0.7059 |     20.589 |   1.0407 |     31.037 |     3.6
   46 |   0.6917 |     20.621 |   1.0375 |     30.881 |     3.7
   47 |   0.6769 |     19.887 |   1.0421 |     30.664 |     3.8
   48 |   0.6630 |     19.643 |   1.0323 |     31.099 |     3.9
   49 |   0.6503 |     18.995 |   1.0477 |     31.068 |     3.9
   50 |   0.6398 |     18.801 |   1.0363 |     30.478 |     4.0
   51 |   0.6222 |     18.201 |   1.0259 |     30.726 |     4.1
   52 |   0.6100 |     17.780 |   1.0255 |     30.509 |     4.2
   53 |   0.5985 |     17.310 |   1.0290 |     30.695 |     4.3
   54 |   0.5893 |     17.218 |   1.0296 |     30.509 |     4.3
   55 |   0.5762 |     16.748 |   1.0340 |     29.733 |     4.4
   56 |   0.5633 |     16.332 |   1.0261 |     30.230 |     4.5
Early stopping

Model: Seq2Seq Multimodal Bi-LSTM
Source index: <Seq2Seq Index with 43 items>
Target index: <Seq2Seq Index with 34 items>
Encoder embedding dimension: 64
Descriptors dimension: 1136
Decoder embedding dimension: 128
Encoder hidden units: 128
Encoder layers: 3
Decoder hidden units: 64
Decoder layers: 3
Dropout: 0.0
Trainable parameters: 1,797,090

Training started
X_train.shape: torch.Size([3085, 702])
Y_train.shape: torch.Size([3085, 7])
X_dev.shape: torch.Size([537, 649])
Y_dev.shape: torch.Size([537, 7])
Epochs: 500
Learning rate: 0.001
Weight decay: 1e-05
Epoch | Train                 | Development           | Minutes
      | Loss     | Error Rate | Loss     | Error Rate |
---------------------------------------------------------------
    1 |   2.5374 |     69.298 |   2.0108 |     55.276 |     0.1
    2 |   1.7564 |     49.968 |   1.5979 |     46.182 |     0.1
    3 |   1.5015 |     46.305 |   1.4738 |     46.182 |     0.2
    4 |   1.4374 |     46.461 |   1.4426 |     46.182 |     0.2
    5 |   1.4132 |     46.483 |   1.4225 |     46.182 |     0.3
    6 |   1.4005 |     46.391 |   1.4137 |     46.182 |     0.4
    7 |   1.3919 |     46.353 |   1.4068 |     46.214 |     0.4
    8 |   1.3799 |     45.683 |   1.3951 |     45.127 |     0.5
    9 |   1.3653 |     45.008 |   1.3830 |     46.462 |     0.5
   10 |   1.3476 |     44.511 |   1.3721 |     45.531 |     0.6
   11 |   1.3352 |     44.435 |   1.3606 |     44.941 |     0.7
   12 |   1.3275 |     44.300 |   1.3517 |     45.438 |     0.7
   13 |   1.3203 |     44.311 |   1.3470 |     45.034 |     0.8
   14 |   1.3104 |     44.068 |   1.3327 |     44.848 |     0.9
   15 |   1.3011 |     43.431 |   1.3251 |     44.196 |     0.9
   16 |   1.2895 |     43.193 |   1.3194 |     43.979 |     1.0
   17 |   1.2810 |     42.815 |   1.3026 |     42.800 |     1.0
   18 |   1.2655 |     42.534 |   1.2950 |     43.017 |     1.1
   19 |   1.2606 |     42.307 |   1.2918 |     43.234 |     1.2
   20 |   1.2483 |     41.653 |   1.2836 |     42.334 |     1.2
   21 |   1.2377 |     41.280 |   1.2724 |     42.800 |     1.3
   22 |   1.2248 |     40.983 |   1.2744 |     41.682 |     1.3
   23 |   1.2173 |     40.848 |   1.2743 |     42.241 |     1.4
   24 |   1.2126 |     41.097 |   1.2589 |     41.651 |     1.5
   25 |   1.2026 |     40.859 |   1.2570 |     41.620 |     1.5
   26 |   1.1863 |     40.162 |   1.2352 |     40.286 |     1.6
   27 |   1.1759 |     39.768 |   1.2394 |     41.248 |     1.6
   28 |   1.1649 |     39.411 |   1.2358 |     40.223 |     1.7
   29 |   1.1494 |     39.011 |   1.2126 |     39.944 |     1.8
   30 |   1.1418 |     38.417 |   1.2106 |     40.099 |     1.8
   31 |   1.1319 |     38.266 |   1.2278 |     39.603 |     1.9
   32 |   1.1215 |     37.634 |   1.2207 |     40.348 |     1.9
   33 |   1.1063 |     37.320 |   1.2128 |     39.975 |     2.0
   34 |   1.0967 |     37.066 |   1.2035 |     39.634 |     2.1
   35 |   1.0773 |     36.180 |   1.1998 |     38.858 |     2.1
   36 |   1.0663 |     35.754 |   1.2012 |     39.292 |     2.2
   37 |   1.0539 |     35.457 |   1.1986 |     39.323 |     2.3
   38 |   1.0469 |     35.332 |   1.1732 |     38.641 |     2.3
   39 |   1.0419 |     34.830 |   1.1795 |     39.261 |     2.4
   40 |   1.0250 |     34.273 |   1.1580 |     38.734 |     2.4
   41 |   1.0160 |     34.160 |   1.1525 |     38.051 |     2.5
   42 |   0.9963 |     33.517 |   1.1439 |     37.275 |     2.6
   43 |   0.9971 |     33.544 |   1.1506 |     37.585 |     2.6
   44 |   0.9742 |     32.917 |   1.1531 |     37.709 |     2.7
   45 |   0.9774 |     32.750 |   1.1423 |     36.778 |     2.7
   46 |   0.9662 |     32.334 |   1.1260 |     36.065 |     2.8
   47 |   0.9483 |     32.042 |   1.1181 |     36.903 |     2.9
   48 |   0.9366 |     31.642 |   1.1237 |     37.027 |     2.9
   49 |   0.9284 |     31.453 |   1.1157 |     35.444 |     3.0
   50 |   0.9167 |     31.053 |   1.1265 |     36.561 |     3.0
   51 |   0.9096 |     30.832 |   1.1066 |     35.133 |     3.1
   52 |   0.8967 |     30.276 |   1.1135 |     36.530 |     3.2
   53 |   0.8915 |     30.032 |   1.1230 |     35.692 |     3.2
   54 |   0.8920 |     29.984 |   1.1099 |     35.878 |     3.3
   55 |   0.8850 |     29.843 |   1.1013 |     35.568 |     3.3
   56 |   0.8646 |     28.920 |   1.1036 |     34.482 |     3.4
   57 |   0.8565 |     29.038 |   1.0932 |     34.451 |     3.5
   58 |   0.8509 |     28.595 |   1.0903 |     35.630 |     3.5
   59 |   0.8377 |     28.314 |   1.0822 |     34.792 |     3.6
   60 |   0.8235 |     27.882 |   1.0887 |     34.451 |     3.6
   61 |   0.8200 |     27.720 |   1.0818 |     34.823 |     3.7
   62 |   0.8059 |     27.369 |   1.1004 |     34.947 |     3.8
   63 |   0.7947 |     27.110 |   1.0858 |     34.730 |     3.8
   64 |   0.7904 |     26.867 |   1.0785 |     34.358 |     3.9
   65 |   0.7825 |     26.510 |   1.0785 |     34.109 |     3.9
   66 |   0.7857 |     26.623 |   1.0855 |     34.451 |     4.0
   67 |   0.7696 |     26.056 |   1.0847 |     34.513 |     4.1
   68 |   0.7646 |     26.137 |   1.0683 |     34.295 |     4.1
   69 |   0.7601 |     25.905 |   1.0713 |     33.364 |     4.2
   70 |   0.7471 |     25.316 |   1.0945 |     34.482 |     4.3
   71 |   0.7376 |     25.089 |   1.1004 |     34.637 |     4.3
   72 |   0.7232 |     24.754 |   1.0793 |     33.644 |     4.4
Early stopping

Model: Seq2Seq Multimodal Bi-LSTM
Source index: <Seq2Seq Index with 43 items>
Target index: <Seq2Seq Index with 34 items>
Encoder embedding dimension: 128
Descriptors dimension: 1136
Decoder embedding dimension: 128
Encoder hidden units: 32
Encoder layers: 4
Decoder hidden units: 128
Decoder layers: 2
Dropout: 0.0
Trainable parameters: 622,626

Training started
X_train.shape: torch.Size([3085, 702])
Y_train.shape: torch.Size([3085, 7])
X_dev.shape: torch.Size([537, 649])
Y_dev.shape: torch.Size([537, 7])
Epochs: 500
Learning rate: 0.0001
Weight decay: 1e-05
Epoch | Train                 | Development           | Minutes
      | Loss     | Error Rate | Loss     | Error Rate |
---------------------------------------------------------------
    1 |   3.1437 |     83.355 |   2.6268 |     69.491 |     0.0
    2 |   2.3003 |     59.897 |   2.1076 |     59.404 |     0.0
    3 |   1.9519 |     51.253 |   1.8735 |     48.821 |     0.1
    4 |   1.7634 |     48.471 |   1.7154 |     48.696 |     0.1
    5 |   1.6280 |     48.347 |   1.6004 |     48.479 |     0.1
    6 |   1.5320 |     46.823 |   1.5247 |     46.089 |     0.1
    7 |   1.4664 |     45.835 |   1.4656 |     45.872 |     0.2
    8 |   1.4165 |     45.710 |   1.4240 |     45.717 |     0.2
    9 |   1.3771 |     44.976 |   1.3907 |     45.624 |     0.2
   10 |   1.3456 |     43.701 |   1.3645 |     44.693 |     0.2
   11 |   1.3186 |     43.128 |   1.3386 |     43.327 |     0.2
   12 |   1.2937 |     41.794 |   1.3185 |     42.458 |     0.3
   13 |   1.2721 |     40.854 |   1.3015 |     41.713 |     0.3
   14 |   1.2495 |     40.016 |   1.2855 |     41.248 |     0.3
   15 |   1.2291 |     38.963 |   1.2681 |     40.782 |     0.3
   16 |   1.2106 |     38.320 |   1.2546 |     39.975 |     0.3
   17 |   1.1917 |     37.704 |   1.2390 |     39.479 |     0.4
   18 |   1.1716 |     37.099 |   1.2233 |     39.479 |     0.4
   19 |   1.1526 |     36.418 |   1.2088 |     38.392 |     0.4
   20 |   1.1332 |     35.435 |   1.1978 |     38.423 |     0.4
   21 |   1.1135 |     35.149 |   1.1819 |     37.741 |     0.5
   22 |   1.0951 |     34.338 |   1.1693 |     37.554 |     0.5
   23 |   1.0764 |     33.874 |   1.1599 |     36.903 |     0.5
   24 |   1.0596 |     33.306 |   1.1445 |     36.747 |     0.5
   25 |   1.0433 |     32.561 |   1.1332 |     36.065 |     0.5
   26 |   1.0244 |     32.064 |   1.1320 |     35.909 |     0.6
   27 |   1.0112 |     31.696 |   1.1127 |     35.413 |     0.6
   28 |   0.9911 |     31.059 |   1.1082 |     35.009 |     0.6
   29 |   0.9753 |     30.713 |   1.0990 |     34.482 |     0.6
   30 |   0.9595 |     30.184 |   1.0921 |     34.854 |     0.7
   31 |   0.9436 |     29.714 |   1.0791 |     34.792 |     0.7
   32 |   0.9270 |     28.947 |   1.0794 |     35.196 |     0.7
   33 |   0.9137 |     28.649 |   1.0679 |     34.544 |     0.7
   34 |   0.8969 |     28.277 |   1.0654 |     34.202 |     0.7
   35 |   0.8843 |     27.925 |   1.0561 |     34.140 |     0.8
   36 |   0.8678 |     27.299 |   1.0640 |     33.551 |     0.8
   37 |   0.8544 |     26.731 |   1.0551 |     33.582 |     0.8
   38 |   0.8403 |     26.175 |   1.0446 |     33.054 |     0.8
   39 |   0.8267 |     25.548 |   1.0335 |     32.495 |     0.8
   40 |   0.8125 |     25.019 |   1.0267 |     32.185 |     0.9
   41 |   0.8000 |     24.506 |   1.0308 |     32.309 |     0.9
   42 |   0.7878 |     24.236 |   1.0358 |     31.688 |     0.9
   43 |   0.7750 |     23.684 |   1.0194 |     31.750 |     0.9
   44 |   0.7617 |     23.247 |   1.0134 |     31.130 |     1.0
   45 |   0.7505 |     22.669 |   1.0169 |     31.285 |     1.0
   46 |   0.7385 |     22.464 |   1.0056 |     30.416 |     1.0
   47 |   0.7281 |     22.156 |   0.9988 |     30.416 |     1.0
   48 |   0.7155 |     21.729 |   0.9922 |     30.074 |     1.0
   49 |   0.7037 |     21.243 |   0.9913 |     29.950 |     1.1
   50 |   0.6941 |     20.783 |   0.9890 |     29.733 |     1.1
   51 |   0.6828 |     20.637 |   0.9906 |     29.671 |     1.1
   52 |   0.6713 |     19.968 |   0.9867 |     29.516 |     1.1
   53 |   0.6615 |     19.735 |   0.9879 |     29.888 |     1.2
   54 |   0.6537 |     19.352 |   0.9774 |     29.143 |     1.2
   55 |   0.6428 |     19.049 |   0.9806 |     29.050 |     1.2
   56 |   0.6336 |     18.876 |   0.9730 |     29.143 |     1.2
   57 |   0.6236 |     18.444 |   0.9762 |     28.523 |     1.2
   58 |   0.6142 |     18.077 |   0.9806 |     28.554 |     1.3
   59 |   0.6044 |     17.785 |   0.9762 |     28.585 |     1.3
   60 |   0.5974 |     17.569 |   0.9687 |     28.119 |     1.3
   61 |   0.5879 |     17.374 |   0.9753 |     28.181 |     1.3
   62 |   0.5805 |     16.926 |   0.9771 |     28.399 |     1.3
   63 |   0.5707 |     16.726 |   0.9640 |     28.212 |     1.4
   64 |   0.5641 |     16.586 |   0.9801 |     28.430 |     1.4
   65 |   0.5556 |     16.170 |   0.9745 |     28.399 |     1.4
   66 |   0.5469 |     16.078 |   0.9913 |     28.274 |     1.4
   67 |   0.5410 |     15.937 |   0.9837 |     28.026 |     1.5
Early stopping

Model: Seq2Seq Multimodal Bi-LSTM
Source index: <Seq2Seq Index with 43 items>
Target index: <Seq2Seq Index with 34 items>
Encoder embedding dimension: 64
Descriptors dimension: 1136
Decoder embedding dimension: 64
Encoder hidden units: 64
Encoder layers: 4
Decoder hidden units: 64
Decoder layers: 4
Dropout: 0.1
Trainable parameters: 926,946

Training started
X_train.shape: torch.Size([3085, 702])
Y_train.shape: torch.Size([3085, 7])
X_dev.shape: torch.Size([537, 649])
Y_dev.shape: torch.Size([537, 7])
Epochs: 500
Learning rate: 0.001
Weight decay: 0.0001
Epoch | Train                 | Development           | Minutes
      | Loss     | Error Rate | Loss     | Error Rate |
---------------------------------------------------------------
    1 |   2.5338 |     68.239 |   1.9809 |     59.745 |     0.0
    2 |   1.7465 |     49.503 |   1.5806 |     46.182 |     0.1
    3 |   1.4905 |     46.407 |   1.4703 |     46.555 |     0.1
    4 |   1.4310 |     46.434 |   1.4403 |     46.462 |     0.1
    5 |   1.4115 |     46.445 |   1.4524 |     46.524 |     0.2
    6 |   1.4045 |     46.510 |   1.4184 |     46.182 |     0.2
    7 |   1.3989 |     46.494 |   1.4135 |     46.555 |     0.2
    8 |   1.3945 |     46.370 |   1.4118 |     46.182 |     0.3
    9 |   1.3918 |     46.343 |   1.4078 |     46.182 |     0.3
   10 |   1.3893 |     46.316 |   1.4086 |     45.779 |     0.3
   11 |   1.3850 |     46.370 |   1.4050 |     46.462 |     0.4
   12 |   1.3763 |     46.126 |   1.3864 |     45.996 |     0.4
   13 |   1.3617 |     46.153 |   1.3707 |     46.245 |     0.4
   14 |   1.3401 |     45.862 |   1.3454 |     45.655 |     0.5
   15 |   1.3220 |     45.419 |   1.3251 |     45.655 |     0.5
   16 |   1.3036 |     44.884 |   1.3225 |     45.717 |     0.5
   17 |   1.3031 |     44.857 |   1.3111 |     45.438 |     0.6
   18 |   1.2875 |     44.057 |   1.3043 |     44.693 |     0.6
   19 |   1.2694 |     43.414 |   1.2767 |     44.072 |     0.6
   20 |   1.2519 |     42.788 |   1.2569 |     42.737 |     0.7
   21 |   1.2326 |     42.301 |   1.2455 |     43.358 |     0.7
   22 |   1.2215 |     41.994 |   1.2641 |     43.451 |     0.7
   23 |   1.2097 |     41.448 |   1.2257 |     42.334 |     0.8
   24 |   1.1962 |     41.194 |   1.2222 |     41.993 |     0.8
   25 |   1.1848 |     40.562 |   1.2147 |     41.589 |     0.8
   26 |   1.1708 |     40.421 |   1.2020 |     41.589 |     0.9
   27 |   1.1597 |     39.795 |   1.1994 |     40.782 |     0.9
   28 |   1.1504 |     39.654 |   1.1774 |     40.068 |     0.9
   29 |   1.1407 |     39.406 |   1.1837 |     40.006 |     1.0
   30 |   1.1227 |     38.520 |   1.1732 |     40.472 |     1.0
   31 |   1.1143 |     38.509 |   1.1830 |     39.882 |     1.0
   32 |   1.1092 |     38.520 |   1.1648 |     39.789 |     1.1
   33 |   1.1044 |     38.287 |   1.1653 |     39.975 |     1.1
   34 |   1.1001 |     37.925 |   1.1502 |     38.858 |     1.1
   35 |   1.0806 |     37.466 |   1.1451 |     39.044 |     1.2
   36 |   1.0709 |     37.482 |   1.1429 |     39.044 |     1.2
   37 |   1.0635 |     36.532 |   1.1303 |     37.834 |     1.2
   38 |   1.0527 |     35.975 |   1.1211 |     37.306 |     1.3
   39 |   1.0496 |     36.224 |   1.1329 |     37.741 |     1.3
   40 |   1.0398 |     35.862 |   1.1182 |     37.647 |     1.3
   41 |   1.0290 |     35.656 |   1.1115 |     36.996 |     1.4
   42 |   1.0308 |     35.656 |   1.1446 |     38.703 |     1.4
   43 |   1.0497 |     36.018 |   1.1074 |     37.865 |     1.4
   44 |   1.0128 |     35.419 |   1.1051 |     36.747 |     1.5
   45 |   0.9927 |     34.122 |   1.0998 |     37.244 |     1.5
   46 |   0.9847 |     34.063 |   1.1015 |     36.685 |     1.5
   47 |   0.9891 |     34.106 |   1.0877 |     35.599 |     1.6
   48 |   0.9649 |     33.366 |   1.0889 |     36.561 |     1.6
   49 |   0.9636 |     33.441 |   1.0760 |     35.692 |     1.6
   50 |   0.9463 |     32.863 |   1.0705 |     35.754 |     1.7
   51 |   0.9338 |     32.204 |   1.0778 |     36.251 |     1.7
   52 |   0.9342 |     32.183 |   1.0693 |     35.102 |     1.7
   53 |   0.9195 |     31.939 |   1.0677 |     35.506 |     1.8
   54 |   0.9073 |     31.043 |   1.0784 |     35.661 |     1.8
   55 |   0.9001 |     31.189 |   1.0713 |     36.002 |     1.9
   56 |   0.8927 |     30.832 |   1.0711 |     35.320 |     1.9
   57 |   0.8902 |     30.735 |   1.0603 |     34.637 |     1.9
   58 |   0.8768 |     29.887 |   1.0462 |     34.016 |     2.0
   59 |   0.8723 |     30.108 |   1.0484 |     34.792 |     2.0
   60 |   0.8684 |     29.914 |   1.0398 |     34.699 |     2.0
   61 |   0.8493 |     29.184 |   1.0469 |     34.637 |     2.1
   62 |   0.8495 |     29.265 |   1.0281 |     33.147 |     2.1
   63 |   0.8389 |     29.076 |   1.0387 |     32.806 |     2.1
   64 |   0.8341 |     28.531 |   1.0460 |     33.457 |     2.2
   65 |   0.8214 |     28.179 |   1.0254 |     33.116 |     2.2
   66 |   0.8136 |     28.347 |   1.0481 |     33.644 |     2.2
   67 |   0.8113 |     27.839 |   1.0588 |     33.457 |     2.3
   68 |   0.8037 |     27.558 |   1.0466 |     32.713 |     2.3
   69 |   0.8072 |     27.509 |   1.0413 |     33.706 |     2.3
Early stopping

Model: Seq2Seq Multimodal Bi-LSTM
Source index: <Seq2Seq Index with 43 items>
Target index: <Seq2Seq Index with 34 items>
Encoder embedding dimension: 128
Descriptors dimension: 1136
Decoder embedding dimension: 128
Encoder hidden units: 64
Encoder layers: 2
Decoder hidden units: 64
Decoder layers: 4
Dropout: 0.2
Trainable parameters: 554,914

Training started
X_train.shape: torch.Size([3085, 702])
Y_train.shape: torch.Size([3085, 7])
X_dev.shape: torch.Size([537, 649])
Y_dev.shape: torch.Size([537, 7])
Epochs: 500
Learning rate: 0.0001
Weight decay: 0.0001
Epoch | Train                 | Development           | Minutes
      | Loss     | Error Rate | Loss     | Error Rate |
---------------------------------------------------------------
    1 |   3.4366 |     90.443 |   3.2183 |     81.161 |     0.0
    2 |   2.8561 |     79.103 |   2.6565 |     67.505 |     0.0
    3 |   2.5159 |     63.771 |   2.4161 |     59.745 |     0.1
    4 |   2.3263 |     58.779 |   2.2634 |     59.745 |     0.1
    5 |   2.2016 |     57.709 |   2.1573 |     59.745 |     0.1
    6 |   2.1052 |     57.180 |   2.0651 |     59.745 |     0.1
    7 |   2.0213 |     56.321 |   1.9888 |     59.745 |     0.1
    8 |   1.9457 |     54.462 |   1.9138 |     48.727 |     0.2
    9 |   1.8739 |     51.405 |   1.8461 |     48.727 |     0.2
   10 |   1.8069 |     49.881 |   1.7834 |     48.727 |     0.2
   11 |   1.7442 |     49.319 |   1.7246 |     48.790 |     0.2
   12 |   1.6887 |     48.990 |   1.6758 |     48.759 |     0.2
   13 |   1.6428 |     48.341 |   1.6351 |     46.182 |     0.3
   14 |   1.6041 |     46.591 |   1.6023 |     46.182 |     0.3
   15 |   1.5730 |     46.370 |   1.5756 |     46.151 |     0.3
   16 |   1.5484 |     46.343 |   1.5536 |     46.182 |     0.3
   17 |   1.5279 |     46.348 |   1.5368 |     46.182 |     0.3
   18 |   1.5122 |     46.391 |   1.5217 |     46.182 |     0.4
   19 |   1.4981 |     46.402 |   1.5100 |     46.182 |     0.4
   20 |   1.4875 |     46.332 |   1.4990 |     46.182 |     0.4
   21 |   1.4783 |     46.413 |   1.4906 |     46.182 |     0.4
   22 |   1.4690 |     46.332 |   1.4823 |     46.182 |     0.4
   23 |   1.4610 |     46.456 |   1.4745 |     46.182 |     0.5
   24 |   1.4549 |     46.548 |   1.4681 |     46.182 |     0.5
   25 |   1.4479 |     46.429 |   1.4616 |     46.151 |     0.5
   26 |   1.4410 |     46.310 |   1.4548 |     46.182 |     0.5
   27 |   1.4341 |     46.337 |   1.4505 |     46.182 |     0.5
   28 |   1.4300 |     46.478 |   1.4465 |     46.182 |     0.6
   29 |   1.4280 |     46.375 |   1.4437 |     46.182 |     0.6
   30 |   1.4231 |     46.440 |   1.4394 |     46.182 |     0.6
   31 |   1.4200 |     46.353 |   1.4360 |     46.151 |     0.6
   32 |   1.4176 |     46.337 |   1.4335 |     46.151 |     0.6
   33 |   1.4128 |     46.337 |   1.4305 |     46.151 |     0.7
   34 |   1.4085 |     46.407 |   1.4245 |     46.182 |     0.7
   35 |   1.4011 |     46.245 |   1.4172 |     46.058 |     0.7
   36 |   1.3935 |     45.818 |   1.4100 |     45.686 |     0.7
   37 |   1.3847 |     45.737 |   1.4030 |     45.779 |     0.7
   38 |   1.3753 |     45.629 |   1.3934 |     45.779 |     0.8
   39 |   1.3643 |     45.386 |   1.3845 |     45.810 |     0.8
   40 |   1.3558 |     45.743 |   1.3745 |     45.748 |     0.8
   41 |   1.3426 |     45.640 |   1.3609 |     45.748 |     0.8
   42 |   1.3319 |     45.413 |   1.3513 |     45.624 |     0.8
   43 |   1.3212 |     45.051 |   1.3372 |     45.965 |     0.8
   44 |   1.3122 |     44.619 |   1.3341 |     46.120 |     0.9
   45 |   1.3040 |     44.187 |   1.3242 |     45.748 |     0.9
   46 |   1.2925 |     43.976 |   1.3210 |     45.531 |     0.9
   47 |   1.2858 |     43.668 |   1.3105 |     44.724 |     0.9
   48 |   1.2798 |     43.431 |   1.3053 |     45.034 |     0.9
   49 |   1.2736 |     43.171 |   1.3021 |     45.220 |     1.0
   50 |   1.2673 |     42.966 |   1.2969 |     44.507 |     1.0
   51 |   1.2607 |     42.555 |   1.2939 |     44.972 |     1.0
   52 |   1.2562 |     42.528 |   1.2922 |     44.786 |     1.0
   53 |   1.2511 |     42.301 |   1.2957 |     44.444 |     1.0
   54 |   1.2448 |     42.199 |   1.2933 |     44.600 |     1.1
   55 |   1.2404 |     41.821 |   1.2826 |     44.413 |     1.1
   56 |   1.2353 |     42.015 |   1.2796 |     43.948 |     1.1
   57 |   1.2319 |     41.783 |   1.2784 |     44.196 |     1.1
   58 |   1.2247 |     41.545 |   1.2747 |     43.979 |     1.1
   59 |   1.2212 |     41.594 |   1.2712 |     43.700 |     1.2
   60 |   1.2173 |     41.140 |   1.2712 |     44.227 |     1.2
   61 |   1.2135 |     41.080 |   1.2726 |     44.227 |     1.2
   62 |   1.2078 |     41.102 |   1.2670 |     43.824 |     1.2
   63 |   1.2058 |     41.140 |   1.2641 |     44.258 |     1.2
   64 |   1.1982 |     40.929 |   1.2689 |     44.041 |     1.3
   65 |   1.1925 |     40.805 |   1.2682 |     43.886 |     1.3
   66 |   1.1914 |     40.670 |   1.2589 |     43.420 |     1.3
   67 |   1.1874 |     40.621 |   1.2573 |     43.327 |     1.3
   68 |   1.1843 |     40.362 |   1.2572 |     43.669 |     1.3
   69 |   1.1780 |     40.589 |   1.2534 |     43.296 |     1.4
   70 |   1.1753 |     39.843 |   1.2582 |     42.986 |     1.4
   71 |   1.1710 |     40.027 |   1.2544 |     42.924 |     1.4
   72 |   1.1666 |     39.935 |   1.2499 |     42.924 |     1.4
   73 |   1.1643 |     39.714 |   1.2520 |     42.831 |     1.4
   74 |   1.1580 |     39.789 |   1.2538 |     43.048 |     1.5
   75 |   1.1562 |     39.546 |   1.2468 |     42.831 |     1.5
   76 |   1.1544 |     39.530 |   1.2467 |     42.613 |     1.5
   77 |   1.1510 |     39.330 |   1.2439 |     42.458 |     1.5
   78 |   1.1461 |     38.849 |   1.2451 |     42.551 |     1.5
   79 |   1.1442 |     38.892 |   1.2505 |     42.427 |     1.6
   80 |   1.1416 |     39.109 |   1.2434 |     42.241 |     1.6
   81 |   1.1372 |     38.747 |   1.2410 |     42.086 |     1.6
   82 |   1.1337 |     38.514 |   1.2495 |     42.582 |     1.6
   83 |   1.1336 |     38.795 |   1.2394 |     42.179 |     1.6
   84 |   1.1275 |     38.514 |   1.2331 |     42.086 |     1.7
   85 |   1.1241 |     38.455 |   1.2357 |     41.993 |     1.7
   86 |   1.1217 |     38.271 |   1.2334 |     41.899 |     1.7
   87 |   1.1187 |     38.201 |   1.2342 |     41.868 |     1.7
   88 |   1.1156 |     38.190 |   1.2331 |     41.837 |     1.7
   89 |   1.1156 |     38.061 |   1.2332 |     42.024 |     1.7
   90 |   1.1102 |     37.909 |   1.2282 |     41.713 |     1.8
   91 |   1.1079 |     37.904 |   1.2267 |     41.496 |     1.8
   92 |   1.1035 |     37.807 |   1.2302 |     41.279 |     1.8
   93 |   1.1008 |     37.596 |   1.2259 |     41.248 |     1.8
   94 |   1.0972 |     37.369 |   1.2252 |     41.217 |     1.8
   95 |   1.0965 |     37.401 |   1.2297 |     41.124 |     1.9
   96 |   1.0954 |     37.250 |   1.2222 |     41.155 |     1.9
   97 |   1.0909 |     37.088 |   1.2246 |     41.030 |     1.9
   98 |   1.0864 |     36.980 |   1.2256 |     41.155 |     1.9
   99 |   1.0882 |     36.985 |   1.2191 |     40.161 |     1.9
  100 |   1.0821 |     36.877 |   1.2182 |     40.441 |     2.0
  101 |   1.0777 |     36.434 |   1.2165 |     40.348 |     2.0
  102 |   1.0759 |     36.402 |   1.2165 |     39.975 |     2.0
  103 |   1.0713 |     36.143 |   1.2147 |     40.503 |     2.0
  104 |   1.0719 |     36.326 |   1.2137 |     40.379 |     2.0
  105 |   1.0648 |     36.072 |   1.2134 |     40.223 |     2.1
  106 |   1.0652 |     35.975 |   1.2207 |     40.689 |     2.1
  107 |   1.0622 |     36.305 |   1.2140 |     39.851 |     2.1
  108 |   1.0602 |     36.029 |   1.2079 |     39.665 |     2.1
  109 |   1.0568 |     35.883 |   1.2098 |     40.037 |     2.1
  110 |   1.0546 |     35.646 |   1.2094 |     40.255 |     2.2
  111 |   1.0518 |     35.619 |   1.2113 |     39.696 |     2.2
  112 |   1.0491 |     35.624 |   1.2036 |     39.820 |     2.2
  113 |   1.0468 |     35.294 |   1.2023 |     39.758 |     2.2
  114 |   1.0411 |     35.170 |   1.2043 |     39.882 |     2.2
  115 |   1.0444 |     35.462 |   1.2186 |     40.379 |     2.3
  116 |   1.0372 |     35.024 |   1.2063 |     39.292 |     2.3
  117 |   1.0340 |     35.008 |   1.2016 |     39.292 |     2.3
  118 |   1.0383 |     35.084 |   1.1998 |     39.665 |     2.3
  119 |   1.0319 |     34.992 |   1.2053 |     39.882 |     2.3
  120 |   1.0276 |     35.176 |   1.1966 |     39.572 |     2.4
  121 |   1.0251 |     34.733 |   1.1902 |     39.168 |     2.4
  122 |   1.0230 |     34.749 |   1.1945 |     39.199 |     2.4
  123 |   1.0176 |     34.381 |   1.1938 |     38.858 |     2.4
  124 |   1.0188 |     34.727 |   1.1962 |     39.106 |     2.4
  125 |   1.0146 |     34.489 |   1.1937 |     38.392 |     2.5
Early stopping

Model: Seq2Seq Multimodal Bi-LSTM
Source index: <Seq2Seq Index with 43 items>
Target index: <Seq2Seq Index with 34 items>
Encoder embedding dimension: 64
Descriptors dimension: 1136
Decoder embedding dimension: 64
Encoder hidden units: 64
Encoder layers: 4
Decoder hidden units: 128
Decoder layers: 2
Dropout: 0.1
Trainable parameters: 1,092,962

Training started
X_train.shape: torch.Size([3085, 702])
Y_train.shape: torch.Size([3085, 7])
X_dev.shape: torch.Size([537, 649])
Y_dev.shape: torch.Size([537, 7])
Epochs: 500
Learning rate: 0.001
Weight decay: 1e-05
Epoch | Train                 | Development           | Minutes
      | Loss     | Error Rate | Loss     | Error Rate |
---------------------------------------------------------------
    1 |   2.1388 |     58.412 |   1.6097 |     46.369 |     0.0
    2 |   1.4544 |     45.775 |   1.3922 |     44.538 |     0.1
    3 |   1.3383 |     43.868 |   1.3441 |     44.134 |     0.1
    4 |   1.2774 |     42.129 |   1.2841 |     42.737 |     0.1
    5 |   1.2207 |     40.438 |   1.2235 |     40.317 |     0.2
    6 |   1.1678 |     38.757 |   1.2002 |     40.006 |     0.2
    7 |   1.1170 |     36.742 |   1.1469 |     37.492 |     0.2
    8 |   1.0623 |     35.057 |   1.1290 |     37.461 |     0.3
    9 |   1.0117 |     33.020 |   1.0834 |     34.668 |     0.3
   10 |   0.9637 |     31.486 |   1.0667 |     34.482 |     0.4
   11 |   0.9167 |     29.762 |   1.0480 |     33.923 |     0.4
   12 |   0.8761 |     28.563 |   1.0340 |     33.147 |     0.4
   13 |   0.8402 |     27.850 |   1.0273 |     33.023 |     0.5
   14 |   0.8061 |     26.699 |   0.9942 |     32.061 |     0.5
   15 |   0.7627 |     25.230 |   0.9973 |     32.340 |     0.5
   16 |   0.7240 |     24.068 |   0.9825 |     30.975 |     0.6
   17 |   0.6964 |     22.858 |   0.9595 |     31.161 |     0.6
   18 |   0.6645 |     21.680 |   0.9652 |     30.416 |     0.6
   19 |   0.6343 |     20.913 |   0.9642 |     30.354 |     0.7
   20 |   0.6140 |     20.135 |   0.9689 |     30.416 |     0.7
   21 |   0.5857 |     19.422 |   0.9645 |     29.981 |     0.7
   22 |   0.5612 |     18.714 |   0.9344 |     29.143 |     0.8
   23 |   0.5425 |     18.233 |   0.9477 |     29.081 |     0.8
   24 |   0.5125 |     16.888 |   0.9391 |     28.119 |     0.8
   25 |   0.5024 |     17.007 |   0.9692 |     28.740 |     0.9
   26 |   0.4812 |     16.116 |   0.9618 |     28.399 |     0.9
Early stopping

Model: Seq2Seq Multimodal Bi-LSTM
Source index: <Seq2Seq Index with 43 items>
Target index: <Seq2Seq Index with 34 items>
Encoder embedding dimension: 128
Descriptors dimension: 1136
Decoder embedding dimension: 64
Encoder hidden units: 128
Encoder layers: 3
Decoder hidden units: 64
Decoder layers: 3
Dropout: 0.2
Trainable parameters: 1,846,818

Training started
X_train.shape: torch.Size([3085, 702])
Y_train.shape: torch.Size([3085, 7])
X_dev.shape: torch.Size([537, 649])
Y_dev.shape: torch.Size([537, 7])
Epochs: 500
Learning rate: 0.0001
Weight decay: 1e-05
Epoch | Train                 | Development           | Minutes
      | Loss     | Error Rate | Loss     | Error Rate |
---------------------------------------------------------------
    1 |   3.4083 |     89.157 |   3.1234 |     81.688 |     0.1
    2 |   2.8221 |     74.722 |   2.6221 |     67.070 |     0.1
    3 |   2.4927 |     63.101 |   2.4008 |     59.745 |     0.2
    4 |   2.3133 |     58.622 |   2.2530 |     59.745 |     0.3
    5 |   2.1895 |     57.531 |   2.1489 |     59.683 |     0.3
    6 |   2.0991 |     56.656 |   2.0668 |     58.659 |     0.4
    7 |   2.0223 |     55.932 |   1.9939 |     58.721 |     0.5
    8 |   1.9513 |     55.132 |   1.9239 |     55.059 |     0.5
    9 |   1.8830 |     52.744 |   1.8615 |     48.759 |     0.6
   10 |   1.8239 |     49.795 |   1.8043 |     48.790 |     0.7
   11 |   1.7661 |     49.190 |   1.7502 |     48.759 |     0.7
   12 |   1.7148 |     48.974 |   1.7038 |     48.759 |     0.8
   13 |   1.6695 |     48.833 |   1.6628 |     48.759 |     0.9
   14 |   1.6284 |     47.774 |   1.6266 |     46.214 |     0.9
   15 |   1.5958 |     46.407 |   1.5954 |     46.151 |     1.0
   16 |   1.5658 |     46.348 |   1.5703 |     46.151 |     1.1
   17 |   1.5424 |     46.337 |   1.5486 |     46.151 |     1.1
   18 |   1.5226 |     46.343 |   1.5313 |     46.151 |     1.2
   19 |   1.5052 |     46.364 |   1.5165 |     46.151 |     1.2
   20 |   1.4906 |     46.445 |   1.5024 |     46.151 |     1.3
   21 |   1.4787 |     46.305 |   1.4921 |     46.182 |     1.4
   22 |   1.4691 |     46.429 |   1.4816 |     46.151 |     1.4
   23 |   1.4568 |     46.299 |   1.4723 |     46.151 |     1.5
   24 |   1.4488 |     46.353 |   1.4669 |     46.245 |     1.6
   25 |   1.4400 |     46.278 |   1.4570 |     46.151 |     1.6
   26 |   1.4325 |     46.397 |   1.4519 |     46.058 |     1.7
   27 |   1.4256 |     46.380 |   1.4437 |     46.182 |     1.8
   28 |   1.4186 |     46.478 |   1.4347 |     46.182 |     1.8
   29 |   1.4127 |     46.451 |   1.4311 |     46.182 |     1.9
   30 |   1.4052 |     46.375 |   1.4222 |     46.182 |     2.0
   31 |   1.3993 |     46.343 |   1.4154 |     46.182 |     2.0
   32 |   1.3936 |     46.494 |   1.4118 |     46.151 |     2.1
   33 |   1.3859 |     46.159 |   1.4069 |     46.182 |     2.2
   34 |   1.3794 |     45.851 |   1.3999 |     45.965 |     2.2
   35 |   1.3730 |     45.478 |   1.3937 |     45.810 |     2.3
   36 |   1.3682 |     45.424 |   1.3920 |     45.717 |     2.4
   37 |   1.3628 |     45.300 |   1.3838 |     45.934 |     2.4
   38 |   1.3565 |     45.030 |   1.3778 |     45.686 |     2.5
   39 |   1.3514 |     45.003 |   1.3768 |     45.841 |     2.6
   40 |   1.3471 |     44.992 |   1.3730 |     45.779 |     2.6
   41 |   1.3427 |     44.959 |   1.3711 |     46.089 |     2.7
   42 |   1.3374 |     44.824 |   1.3637 |     45.903 |     2.7
   43 |   1.3329 |     44.706 |   1.3565 |     45.934 |     2.8
   44 |   1.3282 |     44.760 |   1.3517 |     45.872 |     2.9
   45 |   1.3235 |     44.576 |   1.3499 |     45.965 |     2.9
   46 |   1.3185 |     44.543 |   1.3455 |     45.934 |     3.0
   47 |   1.3144 |     44.495 |   1.3408 |     45.748 |     3.1
   48 |   1.3080 |     44.268 |   1.3362 |     44.631 |     3.1
   49 |   1.3041 |     44.117 |   1.3340 |     44.538 |     3.2
   50 |   1.2988 |     44.025 |   1.3310 |     44.600 |     3.3
   51 |   1.2928 |     43.911 |   1.3248 |     44.413 |     3.3
   52 |   1.2874 |     43.517 |   1.3207 |     44.413 |     3.4
   53 |   1.2826 |     43.171 |   1.3150 |     44.103 |     3.5
   54 |   1.2778 |     43.204 |   1.3133 |     44.165 |     3.5
   55 |   1.2710 |     42.869 |   1.3124 |     44.165 |     3.6
   56 |   1.2652 |     42.555 |   1.3028 |     43.824 |     3.7
   57 |   1.2580 |     42.339 |   1.3007 |     43.948 |     3.7
   58 |   1.2505 |     41.983 |   1.2940 |     43.482 |     3.8
   59 |   1.2427 |     41.821 |   1.2986 |     44.134 |     3.9
   60 |   1.2390 |     41.637 |   1.2932 |     43.762 |     3.9
   61 |   1.2294 |     41.129 |   1.2846 |     43.700 |     4.0
   62 |   1.2208 |     40.913 |   1.2815 |     43.420 |     4.0
   63 |   1.2142 |     40.686 |   1.2775 |     43.172 |     4.1
   64 |   1.2101 |     40.276 |   1.2727 |     42.831 |     4.2
   65 |   1.2009 |     40.135 |   1.2669 |     42.582 |     4.2
   66 |   1.1920 |     39.579 |   1.2646 |     42.024 |     4.3
   67 |   1.1858 |     39.222 |   1.2601 |     41.155 |     4.4
   68 |   1.1788 |     38.714 |   1.2578 |     41.217 |     4.4
   69 |   1.1724 |     38.282 |   1.2479 |     40.317 |     4.5
   70 |   1.1613 |     37.601 |   1.2470 |     40.689 |     4.6
   71 |   1.1555 |     37.385 |   1.2360 |     39.913 |     4.6
   72 |   1.1502 |     37.191 |   1.2401 |     39.975 |     4.7
   73 |   1.1360 |     36.613 |   1.2335 |     39.634 |     4.8
   74 |   1.1294 |     36.332 |   1.2325 |     39.851 |     4.8
   75 |   1.1211 |     35.813 |   1.2223 |     38.982 |     4.9
   76 |   1.1167 |     36.035 |   1.2199 |     39.510 |     5.0
   77 |   1.1084 |     35.548 |   1.2185 |     38.920 |     5.0
   78 |   1.0965 |     35.181 |   1.2119 |     38.889 |     5.1
   79 |   1.0870 |     34.565 |   1.2033 |     38.423 |     5.2
   80 |   1.0816 |     34.808 |   1.1989 |     37.958 |     5.2
   81 |   1.0721 |     34.284 |   1.1955 |     37.927 |     5.3
   82 |   1.0630 |     34.403 |   1.1941 |     38.299 |     5.3
   83 |   1.0559 |     34.133 |   1.1885 |     37.927 |     5.4
   84 |   1.0466 |     33.712 |   1.1865 |     38.175 |     5.5
   85 |   1.0394 |     33.609 |   1.1876 |     38.454 |     5.5
   86 |   1.0327 |     33.328 |   1.1776 |     37.834 |     5.6
   87 |   1.0240 |     33.171 |   1.1785 |     38.268 |     5.7
   88 |   1.0171 |     32.885 |   1.1701 |     38.082 |     5.7
   89 |   1.0076 |     32.561 |   1.1703 |     37.989 |     5.8
   90 |   0.9994 |     32.301 |   1.1715 |     37.927 |     5.9
   91 |   0.9942 |     32.301 |   1.1595 |     37.430 |     5.9
   92 |   0.9884 |     32.172 |   1.1538 |     37.306 |     6.0
   93 |   0.9791 |     31.918 |   1.1569 |     37.213 |     6.1
   94 |   0.9751 |     31.524 |   1.1505 |     36.996 |     6.1
   95 |   0.9661 |     31.545 |   1.1512 |     37.120 |     6.2
   96 |   0.9622 |     31.297 |   1.1466 |     36.592 |     6.3
   97 |   0.9529 |     31.037 |   1.1447 |     36.530 |     6.3
   98 |   0.9484 |     30.967 |   1.1405 |     36.251 |     6.4
   99 |   0.9406 |     30.654 |   1.1438 |     36.437 |     6.5
  100 |   0.9353 |     30.367 |   1.1506 |     36.344 |     6.5
  101 |   0.9295 |     30.297 |   1.1431 |     36.313 |     6.6
  102 |   0.9231 |     30.108 |   1.1501 |     36.282 |     6.7
Early stopping

Model: Seq2Seq Multimodal Bi-LSTM
Source index: <Seq2Seq Index with 43 items>
Target index: <Seq2Seq Index with 34 items>
Encoder embedding dimension: 128
Descriptors dimension: 1136
Decoder embedding dimension: 128
Encoder hidden units: 128
Encoder layers: 2
Decoder hidden units: 64
Decoder layers: 4
Dropout: 0.2
Trainable parameters: 1,243,170

Training started
X_train.shape: torch.Size([3085, 702])
Y_train.shape: torch.Size([3085, 7])
X_dev.shape: torch.Size([537, 649])
Y_dev.shape: torch.Size([537, 7])
Epochs: 500
Learning rate: 0.0001
Weight decay: 0.0001
Epoch | Train                 | Development           | Minutes
      | Loss     | Error Rate | Loss     | Error Rate |
---------------------------------------------------------------
    1 |   3.4412 |     84.344 |   3.1620 |     83.333 |     0.0
    2 |   2.8393 |     83.333 |   2.6680 |     83.333 |     0.1
    3 |   2.5403 |     64.554 |   2.4450 |     59.745 |     0.1
    4 |   2.3474 |     58.671 |   2.2837 |     59.745 |     0.2
    5 |   2.2197 |     57.742 |   2.1739 |     59.745 |     0.2
    6 |   2.1217 |     56.823 |   2.0828 |     59.745 |     0.3
    7 |   2.0426 |     56.207 |   2.0138 |     59.745 |     0.3
    8 |   1.9770 |     55.554 |   1.9471 |     55.121 |     0.3
    9 |   1.9142 |     54.857 |   1.8855 |     55.121 |     0.4
   10 |   1.8530 |     52.312 |   1.8274 |     48.727 |     0.4
   11 |   1.7941 |     49.757 |   1.7732 |     48.727 |     0.5
   12 |   1.7398 |     49.055 |   1.7231 |     48.727 |     0.5
   13 |   1.6888 |     48.687 |   1.6764 |     48.790 |     0.6
   14 |   1.6439 |     46.861 |   1.6351 |     46.151 |     0.6
   15 |   1.6063 |     46.359 |   1.6025 |     46.151 |     0.6
   16 |   1.5749 |     46.343 |   1.5752 |     46.151 |     0.7
   17 |   1.5485 |     46.337 |   1.5513 |     46.151 |     0.7
   18 |   1.5275 |     46.332 |   1.5327 |     46.182 |     0.8
   19 |   1.5096 |     46.337 |   1.5172 |     46.151 |     0.8
   20 |   1.4952 |     46.337 |   1.5040 |     46.151 |     0.9
   21 |   1.4828 |     46.316 |   1.4936 |     46.182 |     0.9
   22 |   1.4719 |     46.321 |   1.4843 |     46.182 |     0.9
   23 |   1.4645 |     46.332 |   1.4777 |     46.182 |     1.0
   24 |   1.4572 |     46.294 |   1.4699 |     46.182 |     1.0
   25 |   1.4505 |     46.402 |   1.4640 |     46.182 |     1.1
   26 |   1.4432 |     46.337 |   1.4576 |     46.182 |     1.1
   27 |   1.4363 |     46.407 |   1.4490 |     46.182 |     1.2
   28 |   1.4268 |     46.353 |   1.4390 |     46.182 |     1.2
   29 |   1.4162 |     46.310 |   1.4285 |     46.058 |     1.2
   30 |   1.4076 |     46.072 |   1.4194 |     45.562 |     1.3
   31 |   1.3956 |     45.743 |   1.4087 |     45.593 |     1.3
   32 |   1.3872 |     45.597 |   1.4013 |     45.686 |     1.4
   33 |   1.3777 |     45.538 |   1.3956 |     45.624 |     1.4
   34 |   1.3700 |     45.435 |   1.3879 |     45.717 |     1.5
   35 |   1.3601 |     45.381 |   1.3773 |     46.151 |     1.5
   36 |   1.3495 |     45.348 |   1.3702 |     45.562 |     1.5
   37 |   1.3390 |     45.213 |   1.3647 |     45.996 |     1.6
   38 |   1.3318 |     45.073 |   1.3531 |     45.624 |     1.6
   39 |   1.3210 |     44.765 |   1.3408 |     45.500 |     1.7
   40 |   1.3097 |     44.360 |   1.3375 |     45.469 |     1.7
   41 |   1.3032 |     44.284 |   1.3336 |     45.686 |     1.8
   42 |   1.2952 |     43.755 |   1.3213 |     45.562 |     1.8
   43 |   1.2884 |     43.560 |   1.3219 |     44.941 |     1.8
   44 |   1.2832 |     43.171 |   1.3098 |     44.755 |     1.9
   45 |   1.2751 |     43.123 |   1.3067 |     44.724 |     1.9
   46 |   1.2676 |     42.944 |   1.3041 |     44.631 |     2.0
   47 |   1.2632 |     42.798 |   1.3087 |     44.910 |     2.0
   48 |   1.2576 |     42.474 |   1.2969 |     44.569 |     2.0
   49 |   1.2539 |     42.593 |   1.2881 |     44.444 |     2.1
   50 |   1.2440 |     42.285 |   1.2898 |     44.227 |     2.1
   51 |   1.2419 |     42.134 |   1.2834 |     44.351 |     2.2
   52 |   1.2320 |     41.848 |   1.2795 |     43.762 |     2.2
   53 |   1.2278 |     41.907 |   1.2775 |     43.948 |     2.3
   54 |   1.2252 |     41.696 |   1.2767 |     44.227 |     2.3
   55 |   1.2181 |     41.513 |   1.2747 |     43.513 |     2.3
   56 |   1.2130 |     41.469 |   1.2775 |     43.917 |     2.4
   57 |   1.2100 |     41.048 |   1.2761 |     43.917 |     2.4
   58 |   1.2035 |     40.821 |   1.2691 |     43.700 |     2.5
   59 |   1.1996 |     40.567 |   1.2629 |     43.048 |     2.5
   60 |   1.1932 |     40.654 |   1.2646 |     42.924 |     2.6
   61 |   1.1892 |     40.384 |   1.2612 |     42.831 |     2.6
   62 |   1.1837 |     40.335 |   1.2599 |     43.327 |     2.6
   63 |   1.1805 |     40.222 |   1.2590 |     43.110 |     2.7
   64 |   1.1761 |     40.254 |   1.2579 |     42.831 |     2.7
   65 |   1.1715 |     40.146 |   1.2534 |     43.048 |     2.8
   66 |   1.1673 |     40.043 |   1.2561 |     42.986 |     2.8
   67 |   1.1629 |     39.660 |   1.2515 |     42.210 |     2.9
   68 |   1.1610 |     39.778 |   1.2559 |     42.613 |     2.9
   69 |   1.1571 |     39.714 |   1.2427 |     42.303 |     2.9
   70 |   1.1482 |     39.076 |   1.2503 |     42.396 |     3.0
   71 |   1.1459 |     39.195 |   1.2401 |     41.651 |     3.0
   72 |   1.1405 |     38.817 |   1.2354 |     41.527 |     3.1
   73 |   1.1387 |     38.844 |   1.2353 |     41.434 |     3.1
   74 |   1.1343 |     38.795 |   1.2355 |     41.527 |     3.2
   75 |   1.1284 |     38.817 |   1.2377 |     41.682 |     3.2
   76 |   1.1260 |     38.255 |   1.2329 |     41.248 |     3.2
   77 |   1.1217 |     38.455 |   1.2374 |     41.713 |     3.3
   78 |   1.1202 |     38.585 |   1.2286 |     41.124 |     3.3
   79 |   1.1158 |     38.212 |   1.2316 |     41.124 |     3.4
   80 |   1.1099 |     37.888 |   1.2241 |     40.937 |     3.4
   81 |   1.1061 |     37.796 |   1.2277 |     40.875 |     3.5
   82 |   1.1009 |     37.828 |   1.2249 |     40.999 |     3.5
   83 |   1.1008 |     37.888 |   1.2187 |     40.782 |     3.5
   84 |   1.0951 |     37.472 |   1.2207 |     40.875 |     3.6
   85 |   1.0919 |     37.445 |   1.2204 |     41.279 |     3.6
   86 |   1.0894 |     37.553 |   1.2150 |     41.341 |     3.7
   87 |   1.0871 |     37.337 |   1.2177 |     40.751 |     3.7
   88 |   1.0807 |     36.958 |   1.2130 |     40.813 |     3.7
   89 |   1.0801 |     37.304 |   1.2173 |     40.565 |     3.8
   90 |   1.0747 |     37.083 |   1.2170 |     40.627 |     3.8
   91 |   1.0697 |     36.742 |   1.2141 |     40.782 |     3.9
   92 |   1.0677 |     36.850 |   1.2078 |     39.230 |     3.9
   93 |   1.0626 |     37.169 |   1.2114 |     40.472 |     4.0
   94 |   1.0591 |     36.456 |   1.2213 |     40.813 |     4.0
   95 |   1.0581 |     36.456 |   1.2066 |     40.130 |     4.0
   96 |   1.0537 |     36.461 |   1.2073 |     39.603 |     4.1
   97 |   1.0503 |     36.359 |   1.2023 |     40.068 |     4.1
   98 |   1.0480 |     36.175 |   1.2112 |     39.913 |     4.2
   99 |   1.0439 |     35.813 |   1.2013 |     39.634 |     4.2
  100 |   1.0411 |     35.586 |   1.2039 |     39.851 |     4.3
  101 |   1.0395 |     35.878 |   1.2004 |     39.665 |     4.3
  102 |   1.0337 |     35.867 |   1.2076 |     40.006 |     4.3
  103 |   1.0309 |     35.694 |   1.1986 |     39.323 |     4.4
  104 |   1.0258 |     35.489 |   1.2051 |     39.510 |     4.4
  105 |   1.0252 |     35.500 |   1.1989 |     39.510 |     4.5
  106 |   1.0213 |     35.208 |   1.2048 |     38.858 |     4.5
  107 |   1.0167 |     35.111 |   1.1960 |     39.106 |     4.6
  108 |   1.0151 |     35.284 |   1.1929 |     38.734 |     4.6
  109 |   1.0089 |     34.684 |   1.1996 |     39.168 |     4.6
  110 |   1.0069 |     35.068 |   1.1977 |     38.889 |     4.7
  111 |   1.0056 |     34.641 |   1.1992 |     38.516 |     4.7
  112 |   1.0041 |     34.684 |   1.1956 |     38.734 |     4.8
Early stopping

Model: Seq2Seq Multimodal Bi-LSTM
Source index: <Seq2Seq Index with 43 items>
Target index: <Seq2Seq Index with 34 items>
Encoder embedding dimension: 64
Descriptors dimension: 1136
Decoder embedding dimension: 64
Encoder hidden units: 32
Encoder layers: 2
Decoder hidden units: 128
Decoder layers: 3
Dropout: 0.2
Trainable parameters: 532,642

Training started
X_train.shape: torch.Size([3085, 702])
Y_train.shape: torch.Size([3085, 7])
X_dev.shape: torch.Size([537, 649])
Y_dev.shape: torch.Size([537, 7])
Epochs: 500
Learning rate: 0.0001
Weight decay: 0.0001
Epoch | Train                 | Development           | Minutes
      | Loss     | Error Rate | Loss     | Error Rate |
---------------------------------------------------------------
    1 |   3.2987 |     86.775 |   2.7642 |     83.333 |     0.0
    2 |   2.4735 |     65.570 |   2.2517 |     59.745 |     0.0
    3 |   2.1023 |     56.521 |   2.0117 |     55.587 |     0.0
    4 |   1.9311 |     53.614 |   1.8720 |     48.759 |     0.1
    5 |   1.8087 |     49.335 |   1.7661 |     48.759 |     0.1
    6 |   1.7074 |     48.860 |   1.6710 |     48.790 |     0.1
    7 |   1.6175 |     48.466 |   1.5960 |     46.182 |     0.1
    8 |   1.5536 |     46.461 |   1.5422 |     46.214 |     0.1
    9 |   1.5058 |     46.337 |   1.5046 |     46.182 |     0.1
   10 |   1.4745 |     46.337 |   1.4794 |     46.182 |     0.1
   11 |   1.4516 |     46.337 |   1.4630 |     46.214 |     0.2
   12 |   1.4356 |     46.337 |   1.4492 |     46.182 |     0.2
   13 |   1.4224 |     46.332 |   1.4390 |     46.182 |     0.2
   14 |   1.4090 |     46.294 |   1.4293 |     46.182 |     0.2
   15 |   1.3969 |     46.283 |   1.4153 |     46.151 |     0.2
   16 |   1.3873 |     46.288 |   1.4090 |     46.089 |     0.2
   17 |   1.3751 |     46.083 |   1.3953 |     46.058 |     0.2
   18 |   1.3651 |     45.867 |   1.3824 |     46.027 |     0.3
   19 |   1.3537 |     45.505 |   1.3723 |     45.810 |     0.3
   20 |   1.3432 |     44.905 |   1.3613 |     44.972 |     0.3
   21 |   1.3334 |     44.462 |   1.3540 |     45.686 |     0.3
   22 |   1.3248 |     44.543 |   1.3425 |     45.096 |     0.3
   23 |   1.3161 |     44.084 |   1.3393 |     45.220 |     0.3
   24 |   1.3090 |     43.998 |   1.3390 |     45.034 |     0.3
   25 |   1.2999 |     43.528 |   1.3280 |     44.475 |     0.4
   26 |   1.2921 |     43.560 |   1.3189 |     44.910 |     0.4
   27 |   1.2852 |     43.339 |   1.3122 |     44.786 |     0.4
   28 |   1.2795 |     43.074 |   1.3118 |     45.189 |     0.4
   29 |   1.2728 |     43.074 |   1.3016 |     43.979 |     0.4
   30 |   1.2662 |     42.431 |   1.2948 |     43.513 |     0.4
   31 |   1.2561 |     41.858 |   1.2890 |     42.831 |     0.4
   32 |   1.2503 |     41.534 |   1.2817 |     42.613 |     0.4
   33 |   1.2411 |     41.102 |   1.2770 |     42.458 |     0.5
   34 |   1.2335 |     40.962 |   1.2705 |     42.520 |     0.5
   35 |   1.2232 |     40.643 |   1.2646 |     42.272 |     0.5
   36 |   1.2152 |     40.556 |   1.2550 |     42.024 |     0.5
   37 |   1.2039 |     40.119 |   1.2504 |     41.962 |     0.5
   38 |   1.1956 |     39.930 |   1.2402 |     41.775 |     0.5
   39 |   1.1900 |     40.097 |   1.2342 |     41.310 |     0.5
   40 |   1.1746 |     39.622 |   1.2329 |     41.620 |     0.6
   41 |   1.1683 |     39.346 |   1.2277 |     41.527 |     0.6
   42 |   1.1577 |     39.184 |   1.2219 |     41.403 |     0.6
   43 |   1.1482 |     38.768 |   1.2141 |     41.030 |     0.6
   44 |   1.1400 |     38.455 |   1.2100 |     40.689 |     0.6
   45 |   1.1299 |     38.136 |   1.2023 |     40.720 |     0.6
   46 |   1.1208 |     37.699 |   1.2012 |     41.124 |     0.6
   47 |   1.1135 |     37.645 |   1.1985 |     40.441 |     0.7
   48 |   1.1036 |     37.396 |   1.1926 |     40.192 |     0.7
   49 |   1.0970 |     37.110 |   1.1886 |     40.099 |     0.7
   50 |   1.0886 |     36.683 |   1.1834 |     39.665 |     0.7
   51 |   1.0784 |     36.364 |   1.1774 |     39.292 |     0.7
   52 |   1.0747 |     36.229 |   1.1772 |     39.168 |     0.7
   53 |   1.0640 |     35.759 |   1.1699 |     38.982 |     0.7
   54 |   1.0582 |     35.586 |   1.1665 |     38.951 |     0.8
   55 |   1.0500 |     35.311 |   1.1689 |     38.579 |     0.8
   56 |   1.0418 |     34.938 |   1.1606 |     38.547 |     0.8
   57 |   1.0341 |     34.846 |   1.1543 |     37.834 |     0.8
   58 |   1.0286 |     34.749 |   1.1551 |     38.206 |     0.8
   59 |   1.0192 |     34.441 |   1.1495 |     37.430 |     0.8
   60 |   1.0142 |     33.911 |   1.1537 |     37.989 |     0.8
   61 |   1.0049 |     33.793 |   1.1439 |     37.554 |     0.8
   62 |   0.9991 |     33.463 |   1.1418 |     38.703 |     0.9
   63 |   0.9932 |     33.214 |   1.1437 |     37.399 |     0.9
   64 |   0.9856 |     32.863 |   1.1353 |     37.461 |     0.9
   65 |   0.9787 |     32.582 |   1.1325 |     37.337 |     0.9
   66 |   0.9776 |     32.836 |   1.1336 |     37.399 |     0.9
   67 |   0.9691 |     32.339 |   1.1262 |     37.151 |     0.9
   68 |   0.9602 |     32.328 |   1.1283 |     37.213 |     0.9
   69 |   0.9550 |     31.918 |   1.1233 |     37.058 |     1.0
   70 |   0.9506 |     31.761 |   1.1218 |     36.251 |     1.0
   71 |   0.9426 |     31.583 |   1.1169 |     36.965 |     1.0
   72 |   0.9373 |     31.399 |   1.1131 |     36.530 |     1.0
   73 |   0.9291 |     31.026 |   1.1178 |     36.903 |     1.0
   74 |   0.9261 |     30.972 |   1.1157 |     36.872 |     1.0
   75 |   0.9195 |     30.832 |   1.1116 |     36.282 |     1.0
   76 |   0.9108 |     30.427 |   1.1125 |     36.406 |     1.1
   77 |   0.9087 |     30.497 |   1.1144 |     36.220 |     1.1
   78 |   0.9045 |     30.313 |   1.1114 |     36.282 |     1.1
   79 |   0.8929 |     29.757 |   1.1069 |     36.251 |     1.1
   80 |   0.8898 |     29.778 |   1.1076 |     36.158 |     1.1
   81 |   0.8846 |     29.157 |   1.1149 |     35.816 |     1.1
   82 |   0.8797 |     29.303 |   1.1089 |     36.002 |     1.1
   83 |   0.8753 |     29.422 |   1.1072 |     35.940 |     1.2
Early stopping

Model: Seq2Seq Multimodal Bi-LSTM
Source index: <Seq2Seq Index with 43 items>
Target index: <Seq2Seq Index with 34 items>
Encoder embedding dimension: 64
Descriptors dimension: 1136
Decoder embedding dimension: 64
Encoder hidden units: 32
Encoder layers: 4
Decoder hidden units: 128
Decoder layers: 2
Dropout: 0.2
Trainable parameters: 568,546

Training started
X_train.shape: torch.Size([3085, 702])
Y_train.shape: torch.Size([3085, 7])
X_dev.shape: torch.Size([537, 649])
Y_dev.shape: torch.Size([537, 7])
Epochs: 500
Learning rate: 0.001
Weight decay: 1e-05
Epoch | Train                 | Development           | Minutes
      | Loss     | Error Rate | Loss     | Error Rate |
---------------------------------------------------------------
    1 |   2.1080 |     58.061 |   1.5316 |     46.182 |     0.0
    2 |   1.4026 |     45.062 |   1.3666 |     44.227 |     0.0
    3 |   1.2954 |     42.782 |   1.2776 |     42.210 |     0.1
    4 |   1.2142 |     40.389 |   1.2139 |     39.510 |     0.1
    5 |   1.1403 |     37.563 |   1.1481 |     37.244 |     0.1
    6 |   1.0708 |     34.965 |   1.1020 |     35.754 |     0.1
    7 |   1.0040 |     32.880 |   1.0794 |     35.071 |     0.2
    8 |   0.9424 |     31.053 |   1.0374 |     32.899 |     0.2
    9 |   0.8834 |     28.892 |   0.9958 |     32.216 |     0.2
   10 |   0.8276 |     27.229 |   0.9892 |     31.906 |     0.2
   11 |   0.7771 |     25.251 |   0.9821 |     31.347 |     0.3
   12 |   0.7353 |     24.155 |   0.9448 |     30.881 |     0.3
   13 |   0.6938 |     22.555 |   0.9380 |     29.361 |     0.3
   14 |   0.6556 |     21.518 |   0.9479 |     29.299 |     0.3
   15 |   0.6191 |     20.335 |   0.9031 |     28.492 |     0.3
   16 |   0.5826 |     19.244 |   0.9272 |     28.367 |     0.4
   17 |   0.5480 |     18.287 |   0.9300 |     27.902 |     0.4
   18 |   0.5241 |     17.191 |   0.9023 |     27.095 |     0.4
   19 |   0.4981 |     16.370 |   0.9221 |     27.219 |     0.4
   20 |   0.4874 |     16.013 |   0.9002 |     27.095 |     0.5
   21 |   0.4566 |     15.213 |   0.9204 |     27.157 |     0.5
   22 |   0.4431 |     14.581 |   0.9124 |     26.598 |     0.5
   23 |   0.4231 |     14.333 |   0.9275 |     26.816 |     0.5
   24 |   0.4073 |     13.679 |   0.9239 |     26.474 |     0.6
Early stopping

Model: Seq2Seq Multimodal Bi-LSTM
Source index: <Seq2Seq Index with 43 items>
Target index: <Seq2Seq Index with 34 items>
Encoder embedding dimension: 128
Descriptors dimension: 1136
Decoder embedding dimension: 128
Encoder hidden units: 32
Encoder layers: 3
Decoder hidden units: 128
Decoder layers: 4
Dropout: 0.2
Trainable parameters: 801,794

Training started
X_train.shape: torch.Size([3085, 702])
Y_train.shape: torch.Size([3085, 7])
X_dev.shape: torch.Size([537, 649])
Y_dev.shape: torch.Size([537, 7])
Epochs: 500
Learning rate: 0.001
Weight decay: 0.0001
Epoch | Train                 | Development           | Minutes
      | Loss     | Error Rate | Loss     | Error Rate |
---------------------------------------------------------------
    1 |   2.3033 |     62.355 |   1.6946 |     48.759 |     0.0
    2 |   1.5033 |     46.488 |   1.4447 |     46.555 |     0.0
    3 |   1.4112 |     46.316 |   1.4152 |     46.182 |     0.1
    4 |   1.3799 |     46.018 |   1.3720 |     46.307 |     0.1
    5 |   1.3457 |     45.538 |   1.3619 |     45.903 |     0.1
    6 |   1.3142 |     45.397 |   1.3203 |     45.934 |     0.1
    7 |   1.2829 |     43.620 |   1.2777 |     44.289 |     0.1
    8 |   1.2413 |     41.945 |   1.2573 |     43.917 |     0.2
    9 |   1.2144 |     41.442 |   1.2305 |     41.930 |     0.2
   10 |   1.1878 |     40.729 |   1.2210 |     42.148 |     0.2
   11 |   1.1594 |     39.784 |   1.1921 |     41.092 |     0.2
   12 |   1.1363 |     39.017 |   1.1860 |     40.348 |     0.2
   13 |   1.1116 |     37.920 |   1.1618 |     40.037 |     0.2
   14 |   1.0828 |     36.775 |   1.1392 |     38.330 |     0.3
   15 |   1.0569 |     36.013 |   1.1246 |     37.927 |     0.3
   16 |   1.0298 |     35.084 |   1.1151 |     36.716 |     0.3
   17 |   1.0028 |     34.041 |   1.0796 |     36.065 |     0.3
   18 |   0.9840 |     33.495 |   1.0835 |     35.971 |     0.3
   19 |   0.9602 |     32.663 |   1.0900 |     35.382 |     0.4
   20 |   0.9368 |     31.934 |   1.0570 |     34.451 |     0.4
   21 |   0.9163 |     31.237 |   1.0735 |     35.009 |     0.4
   22 |   0.8976 |     30.292 |   1.0442 |     33.426 |     0.4
   23 |   0.8735 |     29.676 |   1.0553 |     33.364 |     0.4
   24 |   0.8505 |     28.644 |   1.0307 |     32.961 |     0.5
   25 |   0.8370 |     28.514 |   1.0285 |     32.464 |     0.5
   26 |   0.8090 |     27.504 |   1.0356 |     33.302 |     0.5
   27 |   0.7996 |     26.823 |   1.0320 |     32.899 |     0.5
   28 |   0.7744 |     26.191 |   1.0345 |     31.968 |     0.5
   29 |   0.7557 |     25.397 |   1.0232 |     32.123 |     0.5
   30 |   0.7478 |     25.149 |   1.0246 |     32.433 |     0.6
   31 |   0.7276 |     24.408 |   1.0201 |     31.688 |     0.6
   32 |   0.7078 |     23.387 |   1.0038 |     30.788 |     0.6
   33 |   0.7004 |     23.350 |   1.0126 |     31.502 |     0.6
   34 |   0.6891 |     22.820 |   0.9744 |     29.609 |     0.6
   35 |   0.6684 |     22.129 |   0.9813 |     29.764 |     0.7
   36 |   0.6494 |     21.318 |   1.0172 |     29.857 |     0.7
   37 |   0.6316 |     20.767 |   1.0023 |     29.981 |     0.7
   38 |   0.6166 |     20.340 |   0.9891 |     29.236 |     0.7
Early stopping

Model: Seq2Seq Multimodal Bi-LSTM
Source index: <Seq2Seq Index with 43 items>
Target index: <Seq2Seq Index with 34 items>
Encoder embedding dimension: 128
Descriptors dimension: 1136
Decoder embedding dimension: 64
Encoder hidden units: 64
Encoder layers: 3
Decoder hidden units: 128
Decoder layers: 4
Dropout: 0.0
Trainable parameters: 1,159,138

Training started
X_train.shape: torch.Size([3085, 702])
Y_train.shape: torch.Size([3085, 7])
X_dev.shape: torch.Size([537, 649])
Y_dev.shape: torch.Size([537, 7])
Epochs: 500
Learning rate: 0.0001
Weight decay: 0.0001
Epoch | Train                 | Development           | Minutes
      | Loss     | Error Rate | Loss     | Error Rate |
---------------------------------------------------------------
    1 |   3.2257 |     84.252 |   2.7306 |     81.595 |     0.0
    2 |   2.4312 |     65.959 |   2.2176 |     59.745 |     0.1
    3 |   2.0628 |     56.542 |   1.9920 |     55.152 |     0.1
    4 |   1.8917 |     51.929 |   1.8525 |     48.759 |     0.1
    5 |   1.7728 |     48.741 |   1.7450 |     48.727 |     0.1
    6 |   1.6793 |     48.741 |   1.6579 |     48.727 |     0.2
    7 |   1.5990 |     48.455 |   1.5847 |     46.151 |     0.2
    8 |   1.5359 |     46.332 |   1.5327 |     46.120 |     0.2
    9 |   1.4934 |     46.332 |   1.4993 |     46.120 |     0.2
   10 |   1.4678 |     46.337 |   1.4753 |     46.151 |     0.3
   11 |   1.4510 |     46.337 |   1.4634 |     46.120 |     0.3
   12 |   1.4364 |     46.451 |   1.4496 |     46.120 |     0.3
   13 |   1.4272 |     46.337 |   1.4422 |     46.120 |     0.4
   14 |   1.4178 |     46.337 |   1.4344 |     46.151 |     0.4
   15 |   1.4093 |     46.434 |   1.4276 |     46.120 |     0.4
   16 |   1.4014 |     46.364 |   1.4208 |     45.965 |     0.4
   17 |   1.3928 |     46.288 |   1.4135 |     46.120 |     0.5
   18 |   1.3841 |     46.164 |   1.4063 |     45.872 |     0.5
   19 |   1.3738 |     45.862 |   1.3985 |     45.655 |     0.5
   20 |   1.3631 |     45.354 |   1.3927 |     44.910 |     0.5
   21 |   1.3497 |     44.889 |   1.3774 |     44.662 |     0.6
   22 |   1.3333 |     44.495 |   1.3599 |     44.631 |     0.6
   23 |   1.3185 |     44.203 |   1.3509 |     44.724 |     0.6
   24 |   1.3057 |     44.046 |   1.3366 |     44.755 |     0.6
   25 |   1.2887 |     43.609 |   1.3294 |     44.662 |     0.7
   26 |   1.2777 |     43.085 |   1.3232 |     44.538 |     0.7
   27 |   1.2656 |     42.626 |   1.3101 |     44.165 |     0.7
   28 |   1.2515 |     42.210 |   1.3075 |     44.600 |     0.8
   29 |   1.2405 |     42.021 |   1.3086 |     44.289 |     0.8
   30 |   1.2270 |     41.626 |   1.2888 |     43.513 |     0.8
   31 |   1.2179 |     41.324 |   1.2909 |     43.606 |     0.8
   32 |   1.2045 |     40.827 |   1.2783 |     43.731 |     0.9
   33 |   1.1924 |     40.719 |   1.2708 |     43.451 |     0.9
   34 |   1.1775 |     40.254 |   1.2693 |     42.924 |     0.9
   35 |   1.1656 |     40.070 |   1.2567 |     42.551 |     0.9
   36 |   1.1521 |     39.530 |   1.2511 |     42.179 |     1.0
   37 |   1.1373 |     39.076 |   1.2463 |     42.024 |     1.0
   38 |   1.1257 |     38.487 |   1.2386 |     42.334 |     1.0
   39 |   1.1139 |     38.066 |   1.2307 |     41.993 |     1.0
   40 |   1.1022 |     37.952 |   1.2280 |     41.186 |     1.1
   41 |   1.0901 |     37.401 |   1.2173 |     40.348 |     1.1
   42 |   1.0789 |     36.661 |   1.2165 |     40.596 |     1.1
   43 |   1.0678 |     36.116 |   1.2172 |     40.192 |     1.2
   44 |   1.0534 |     35.516 |   1.2119 |     39.944 |     1.2
   45 |   1.0424 |     35.046 |   1.2015 |     39.510 |     1.2
   46 |   1.0306 |     34.446 |   1.2025 |     38.796 |     1.2
   47 |   1.0184 |     33.895 |   1.2031 |     39.230 |     1.3
   48 |   1.0071 |     33.355 |   1.1953 |     38.672 |     1.3
   49 |   0.9955 |     32.728 |   1.1990 |     39.044 |     1.3
   50 |   0.9862 |     32.291 |   1.2092 |     38.827 |     1.3
   51 |   0.9716 |     31.729 |   1.1976 |     38.392 |     1.4
   52 |   0.9626 |     31.226 |   1.1915 |     38.113 |     1.4
   53 |   0.9506 |     30.702 |   1.1895 |     37.399 |     1.4
   54 |   0.9423 |     30.259 |   1.1882 |     37.896 |     1.4
   55 |   0.9260 |     29.773 |   1.1800 |     37.120 |     1.5
   56 |   0.9198 |     29.363 |   1.1791 |     37.275 |     1.5
   57 |   0.9049 |     28.936 |   1.1850 |     36.344 |     1.5
   58 |   0.8932 |     28.287 |   1.1688 |     36.747 |     1.6
   59 |   0.8798 |     28.125 |   1.1811 |     36.903 |     1.6
   60 |   0.8676 |     27.547 |   1.1689 |     35.971 |     1.6
   61 |   0.8585 |     27.272 |   1.1678 |     36.375 |     1.6
   62 |   0.8489 |     27.164 |   1.1772 |     35.816 |     1.7
   63 |   0.8352 |     26.343 |   1.1650 |     35.878 |     1.7
   64 |   0.8279 |     26.143 |   1.1685 |     35.940 |     1.7
   65 |   0.8181 |     25.818 |   1.1711 |     35.723 |     1.7
   66 |   0.8087 |     25.602 |   1.1659 |     35.289 |     1.8
   67 |   0.7977 |     25.359 |   1.1786 |     35.320 |     1.8
Early stopping

Model: Seq2Seq Multimodal Bi-LSTM
Source index: <Seq2Seq Index with 43 items>
Target index: <Seq2Seq Index with 34 items>
Encoder embedding dimension: 128
Descriptors dimension: 1136
Decoder embedding dimension: 64
Encoder hidden units: 32
Encoder layers: 3
Decoder hidden units: 64
Decoder layers: 2
Dropout: 0.2
Trainable parameters: 311,042

Training started
X_train.shape: torch.Size([3085, 702])
Y_train.shape: torch.Size([3085, 7])
X_dev.shape: torch.Size([537, 649])
Y_dev.shape: torch.Size([537, 7])
Epochs: 500
Learning rate: 0.0001
Weight decay: 1e-05
Epoch | Train                 | Development           | Minutes
      | Loss     | Error Rate | Loss     | Error Rate |
---------------------------------------------------------------
    1 |   3.4118 |     89.006 |   3.1113 |     81.502 |     0.0
    2 |   2.7592 |     73.587 |   2.5635 |     61.111 |     0.0
    3 |   2.4259 |     59.978 |   2.3448 |     59.901 |     0.1
    4 |   2.2543 |     58.449 |   2.1966 |     59.777 |     0.1
    5 |   2.1288 |     57.817 |   2.0887 |     59.249 |     0.1
    6 |   2.0343 |     56.829 |   2.0031 |     56.363 |     0.1
    7 |   1.9515 |     54.111 |   1.9245 |     51.086 |     0.1
    8 |   1.8768 |     50.605 |   1.8530 |     50.093 |     0.1
    9 |   1.8087 |     49.514 |   1.7905 |     48.696 |     0.2
   10 |   1.7467 |     49.006 |   1.7312 |     48.727 |     0.2
   11 |   1.6901 |     48.811 |   1.6823 |     48.572 |     0.2
   12 |   1.6427 |     48.363 |   1.6368 |     48.541 |     0.2
   13 |   1.6005 |     47.056 |   1.5980 |     45.996 |     0.2
   14 |   1.5634 |     46.251 |   1.5675 |     45.996 |     0.3
   15 |   1.5330 |     46.056 |   1.5403 |     46.182 |     0.3
   16 |   1.5059 |     46.002 |   1.5143 |     45.965 |     0.3
   17 |   1.4829 |     46.035 |   1.4946 |     45.965 |     0.3
   18 |   1.4606 |     46.002 |   1.4743 |     45.996 |     0.3
   19 |   1.4421 |     45.862 |   1.4551 |     45.872 |     0.3
   20 |   1.4245 |     45.575 |   1.4414 |     45.779 |     0.4
   21 |   1.4087 |     45.375 |   1.4270 |     45.531 |     0.4
   22 |   1.3936 |     44.900 |   1.4163 |     45.500 |     0.4
   23 |   1.3815 |     44.489 |   1.4035 |     45.282 |     0.4
   24 |   1.3696 |     43.998 |   1.3911 |     45.313 |     0.4
   25 |   1.3573 |     43.501 |   1.3841 |     44.972 |     0.5
   26 |   1.3462 |     43.171 |   1.3750 |     44.972 |     0.5
   27 |   1.3381 |     43.015 |   1.3669 |     44.289 |     0.5
   28 |   1.3289 |     42.545 |   1.3581 |     44.786 |     0.5
   29 |   1.3198 |     42.550 |   1.3512 |     44.351 |     0.5
   30 |   1.3098 |     42.528 |   1.3448 |     44.444 |     0.5
   31 |   1.3034 |     42.496 |   1.3376 |     44.289 |     0.6
   32 |   1.2953 |     42.231 |   1.3319 |     44.196 |     0.6
   33 |   1.2878 |     42.102 |   1.3264 |     44.569 |     0.6
   34 |   1.2788 |     41.961 |   1.3221 |     44.413 |     0.6
   35 |   1.2715 |     41.783 |   1.3169 |     44.103 |     0.6
   36 |   1.2656 |     41.821 |   1.3091 |     43.886 |     0.7
   37 |   1.2578 |     41.432 |   1.3019 |     44.103 |     0.7
   38 |   1.2509 |     41.378 |   1.2974 |     43.855 |     0.7
   39 |   1.2435 |     41.135 |   1.2956 |     43.513 |     0.7
   40 |   1.2363 |     40.924 |   1.2872 |     43.451 |     0.7
   41 |   1.2280 |     40.848 |   1.2861 |     43.482 |     0.8
   42 |   1.2223 |     40.773 |   1.2794 |     43.017 |     0.8
   43 |   1.2143 |     40.384 |   1.2719 |     42.737 |     0.8
   44 |   1.2067 |     40.448 |   1.2701 |     42.955 |     0.8
   45 |   1.2043 |     40.157 |   1.2612 |     42.365 |     0.8
   46 |   1.1938 |     39.676 |   1.2564 |     42.582 |     0.8
   47 |   1.1893 |     39.465 |   1.2569 |     42.862 |     0.9
   48 |   1.1821 |     39.341 |   1.2528 |     42.334 |     0.9
   49 |   1.1756 |     39.222 |   1.2504 |     42.179 |     0.9
   50 |   1.1704 |     39.049 |   1.2378 |     42.272 |     0.9
   51 |   1.1647 |     38.784 |   1.2340 |     41.775 |     0.9
   52 |   1.1614 |     38.871 |   1.2301 |     41.744 |     1.0
   53 |   1.1508 |     38.341 |   1.2286 |     41.403 |     1.0
   54 |   1.1477 |     38.266 |   1.2241 |     41.496 |     1.0
   55 |   1.1398 |     37.996 |   1.2194 |     41.341 |     1.0
   56 |   1.1341 |     37.925 |   1.2162 |     41.217 |     1.0
   57 |   1.1308 |     37.547 |   1.2126 |     41.155 |     1.1
   58 |   1.1200 |     37.007 |   1.2090 |     40.751 |     1.1
   59 |   1.1171 |     36.888 |   1.2031 |     40.844 |     1.1
   60 |   1.1088 |     36.564 |   1.1977 |     39.944 |     1.1
   61 |   1.1027 |     36.375 |   1.1945 |     40.348 |     1.1
   62 |   1.0950 |     36.051 |   1.1929 |     39.696 |     1.1
   63 |   1.0935 |     35.770 |   1.1867 |     39.168 |     1.2
   64 |   1.0841 |     35.921 |   1.1836 |     39.044 |     1.2
   65 |   1.0813 |     35.532 |   1.1790 |     38.703 |     1.2
   66 |   1.0714 |     35.073 |   1.1714 |     38.330 |     1.2
   67 |   1.0649 |     34.700 |   1.1724 |     38.299 |     1.2
   68 |   1.0584 |     34.587 |   1.1683 |     37.306 |     1.3
   69 |   1.0493 |     34.203 |   1.1658 |     37.554 |     1.3
   70 |   1.0467 |     34.057 |   1.1633 |     37.585 |     1.3
   71 |   1.0386 |     33.522 |   1.1579 |     36.809 |     1.3
   72 |   1.0312 |     33.312 |   1.1565 |     36.747 |     1.3
   73 |   1.0247 |     32.853 |   1.1510 |     36.778 |     1.3
   74 |   1.0206 |     32.550 |   1.1462 |     36.375 |     1.4
   75 |   1.0125 |     32.496 |   1.1465 |     36.251 |     1.4
   76 |   1.0039 |     31.734 |   1.1469 |     36.592 |     1.4
   77 |   0.9994 |     32.031 |   1.1444 |     36.406 |     1.4
   78 |   0.9927 |     31.578 |   1.1340 |     36.065 |     1.4
   79 |   0.9840 |     31.334 |   1.1378 |     36.034 |     1.5
   80 |   0.9793 |     30.935 |   1.1257 |     35.785 |     1.5
   81 |   0.9744 |     30.935 |   1.1280 |     35.816 |     1.5
   82 |   0.9714 |     30.729 |   1.1250 |     36.002 |     1.5
   83 |   0.9611 |     30.470 |   1.1244 |     35.909 |     1.5
   84 |   0.9565 |     30.367 |   1.1177 |     35.878 |     1.5
   85 |   0.9482 |     30.038 |   1.1133 |     35.413 |     1.6
   86 |   0.9447 |     29.778 |   1.1116 |     35.071 |     1.6
   87 |   0.9388 |     29.665 |   1.1112 |     35.289 |     1.6
   88 |   0.9307 |     29.276 |   1.1064 |     35.040 |     1.6
   89 |   0.9328 |     29.649 |   1.1062 |     34.730 |     1.6
   90 |   0.9226 |     29.217 |   1.0998 |     34.513 |     1.7
   91 |   0.9136 |     28.984 |   1.1026 |     34.792 |     1.7
   92 |   0.9099 |     28.666 |   1.1035 |     34.637 |     1.7
   93 |   0.9064 |     28.498 |   1.0935 |     34.420 |     1.7
   94 |   0.8984 |     28.228 |   1.0942 |     34.420 |     1.7
   95 |   0.8955 |     28.504 |   1.0923 |     34.202 |     1.8
   96 |   0.8903 |     28.277 |   1.0997 |     34.420 |     1.8
   97 |   0.8851 |     27.796 |   1.0899 |     33.954 |     1.8
   98 |   0.8789 |     27.758 |   1.0825 |     33.395 |     1.8
   99 |   0.8747 |     27.785 |   1.0885 |     33.644 |     1.8
  100 |   0.8755 |     27.628 |   1.0792 |     33.644 |     1.8
  101 |   0.8658 |     27.477 |   1.0822 |     33.520 |     1.9
  102 |   0.8592 |     27.007 |   1.0835 |     33.768 |     1.9
  103 |   0.8537 |     26.861 |   1.0809 |     33.830 |     1.9
  104 |   0.8485 |     26.877 |   1.0786 |     33.706 |     1.9
  105 |   0.8471 |     26.802 |   1.0781 |     33.364 |     1.9
  106 |   0.8394 |     26.726 |   1.0708 |     32.961 |     2.0
  107 |   0.8352 |     26.332 |   1.0688 |     33.023 |     2.0
  108 |   0.8305 |     26.353 |   1.0758 |     32.992 |     2.0
  109 |   0.8219 |     25.889 |   1.0768 |     32.961 |     2.0
  110 |   0.8211 |     26.089 |   1.0699 |     32.899 |     2.0
  111 |   0.8166 |     25.662 |   1.0651 |     32.588 |     2.0
  112 |   0.8135 |     25.457 |   1.0748 |     32.651 |     2.1
  113 |   0.8125 |     25.429 |   1.0688 |     32.806 |     2.1
  114 |   0.8054 |     25.413 |   1.0650 |     32.371 |     2.1
  115 |   0.8007 |     25.235 |   1.0655 |     32.433 |     2.1
  116 |   0.7930 |     25.014 |   1.0674 |     32.185 |     2.1
  117 |   0.7929 |     25.073 |   1.0600 |     31.937 |     2.2
  118 |   0.7854 |     24.673 |   1.0588 |     31.688 |     2.2
  119 |   0.7821 |     24.398 |   1.0637 |     32.185 |     2.2
  120 |   0.7745 |     24.452 |   1.0555 |     31.719 |     2.2
  121 |   0.7729 |     24.284 |   1.0547 |     31.844 |     2.2
  122 |   0.7675 |     24.284 |   1.0531 |     31.657 |     2.3
  123 |   0.7632 |     23.998 |   1.0503 |     31.316 |     2.3
  124 |   0.7641 |     24.014 |   1.0489 |     31.378 |     2.3
  125 |   0.7544 |     23.733 |   1.0564 |     30.881 |     2.3
  126 |   0.7536 |     23.501 |   1.0456 |     31.378 |     2.3
  127 |   0.7467 |     23.404 |   1.0517 |     31.285 |     2.3
  128 |   0.7422 |     23.328 |   1.0467 |     30.850 |     2.4
  129 |   0.7436 |     23.468 |   1.0413 |     31.037 |     2.4
  130 |   0.7358 |     23.317 |   1.0519 |     30.757 |     2.4
  131 |   0.7291 |     22.755 |   1.0431 |     30.633 |     2.4
  132 |   0.7322 |     22.636 |   1.0440 |     30.664 |     2.4
  133 |   0.7236 |     22.653 |   1.0460 |     30.881 |     2.5
Early stopping

Model: Seq2Seq Multimodal Bi-LSTM
Source index: <Seq2Seq Index with 43 items>
Target index: <Seq2Seq Index with 34 items>
Encoder embedding dimension: 64
Descriptors dimension: 1136
Decoder embedding dimension: 128
Encoder hidden units: 128
Encoder layers: 4
Decoder hidden units: 128
Decoder layers: 3
Dropout: 0.0
Trainable parameters: 2,898,658

Training started
X_train.shape: torch.Size([3085, 702])
Y_train.shape: torch.Size([3085, 7])
X_dev.shape: torch.Size([537, 649])
Y_dev.shape: torch.Size([537, 7])
Epochs: 500
Learning rate: 0.0001
Weight decay: 1e-05
Epoch | Train                 | Development           | Minutes
      | Loss     | Error Rate | Loss     | Error Rate |
---------------------------------------------------------------
    1 |   3.1493 |     85.446 |   2.6464 |     83.302 |     0.1
    2 |   2.3620 |     60.357 |   2.1990 |     59.559 |     0.2
    3 |   2.0462 |     55.359 |   1.9772 |     55.276 |     0.2
    4 |   1.8756 |     50.637 |   1.8349 |     48.790 |     0.3
    5 |   1.7505 |     48.752 |   1.7207 |     48.790 |     0.4
    6 |   1.6516 |     48.741 |   1.6318 |     48.759 |     0.5
    7 |   1.5768 |     47.952 |   1.5691 |     46.182 |     0.6
    8 |   1.5240 |     46.337 |   1.5272 |     46.214 |     0.7
    9 |   1.4862 |     46.337 |   1.4964 |     46.214 |     0.7
   10 |   1.4601 |     46.337 |   1.4777 |     46.182 |     0.8
   11 |   1.4421 |     46.343 |   1.4608 |     46.151 |     0.9
   12 |   1.4267 |     46.229 |   1.4467 |     46.120 |     1.0
   13 |   1.4137 |     46.105 |   1.4377 |     45.748 |     1.1
   14 |   1.4032 |     45.878 |   1.4287 |     45.717 |     1.1
   15 |   1.3902 |     45.673 |   1.4159 |     45.624 |     1.2
   16 |   1.3764 |     45.392 |   1.4015 |     45.531 |     1.3
   17 |   1.3614 |     45.300 |   1.3917 |     45.407 |     1.4
   18 |   1.3461 |     44.819 |   1.3749 |     45.376 |     1.5
   19 |   1.3284 |     44.052 |   1.3634 |     45.469 |     1.5
   20 |   1.3138 |     43.468 |   1.3561 |     45.127 |     1.6
   21 |   1.2964 |     42.739 |   1.3407 |     44.941 |     1.7
   22 |   1.2792 |     42.123 |   1.3309 |     44.351 |     1.8
   23 |   1.2628 |     41.745 |   1.3304 |     44.600 |     1.9
   24 |   1.2486 |     41.178 |   1.3100 |     43.513 |     1.9
   25 |   1.2313 |     40.405 |   1.3133 |     44.134 |     2.0
   26 |   1.2164 |     39.422 |   1.2936 |     42.644 |     2.1
   27 |   1.1988 |     38.838 |   1.2847 |     42.334 |     2.2
   28 |   1.1805 |     38.152 |   1.2812 |     42.086 |     2.3
   29 |   1.1608 |     37.396 |   1.2691 |     41.837 |     2.4
   30 |   1.1448 |     36.505 |   1.2601 |     41.217 |     2.4
   31 |   1.1239 |     35.986 |   1.2517 |     40.720 |     2.5
   32 |   1.1061 |     35.581 |   1.2444 |     41.310 |     2.6
   33 |   1.0860 |     34.679 |   1.2341 |     40.130 |     2.7
   34 |   1.0677 |     34.214 |   1.2253 |     40.658 |     2.8
   35 |   1.0499 |     33.214 |   1.2199 |     40.255 |     2.8
   36 |   1.0282 |     32.696 |   1.2111 |     39.385 |     2.9
   37 |   1.0119 |     32.280 |   1.2036 |     39.882 |     3.0
   38 |   0.9940 |     31.869 |   1.2074 |     39.789 |     3.1
   39 |   0.9754 |     31.307 |   1.1927 |     39.168 |     3.2
   40 |   0.9562 |     30.367 |   1.1801 |     39.448 |     3.2
   41 |   0.9370 |     29.962 |   1.1815 |     38.485 |     3.3
   42 |   0.9173 |     29.071 |   1.1758 |     37.865 |     3.4
   43 |   0.9004 |     28.266 |   1.1685 |     37.399 |     3.5
   44 |   0.8821 |     27.304 |   1.1778 |     37.523 |     3.6
   45 |   0.8675 |     26.840 |   1.1762 |     36.375 |     3.6
   46 |   0.8493 |     26.105 |   1.1563 |     36.096 |     3.7
   47 |   0.8305 |     25.386 |   1.1611 |     36.251 |     3.8
   48 |   0.8169 |     24.954 |   1.1645 |     35.785 |     3.9
   49 |   0.7995 |     24.306 |   1.1580 |     35.444 |     4.0
   50 |   0.7860 |     23.760 |   1.1591 |     35.320 |     4.0
   51 |   0.7684 |     23.074 |   1.1466 |     34.171 |     4.1
   52 |   0.7526 |     22.464 |   1.1462 |     33.830 |     4.2
   53 |   0.7372 |     21.994 |   1.1390 |     33.768 |     4.3
   54 |   0.7256 |     21.405 |   1.1394 |     33.489 |     4.4
   55 |   0.7091 |     20.994 |   1.1546 |     33.861 |     4.4
   56 |   0.6955 |     20.416 |   1.1401 |     32.868 |     4.5
   57 |   0.6793 |     19.957 |   1.1475 |     33.333 |     4.6
Early stopping

Model: Seq2Seq Multimodal Bi-LSTM
Source index: <Seq2Seq Index with 43 items>
Target index: <Seq2Seq Index with 34 items>
Encoder embedding dimension: 64
Descriptors dimension: 1136
Decoder embedding dimension: 64
Encoder hidden units: 64
Encoder layers: 4
Decoder hidden units: 64
Decoder layers: 3
Dropout: 0.0
Trainable parameters: 893,666

Training started
X_train.shape: torch.Size([3085, 702])
Y_train.shape: torch.Size([3085, 7])
X_dev.shape: torch.Size([537, 649])
Y_dev.shape: torch.Size([537, 7])
Epochs: 500
Learning rate: 0.001
Weight decay: 0.0001
Epoch | Train                 | Development           | Minutes
      | Loss     | Error Rate | Loss     | Error Rate |
---------------------------------------------------------------
    1 |   2.4987 |     66.461 |   1.9562 |     55.152 |     0.0
    2 |   1.7141 |     48.833 |   1.5716 |     46.182 |     0.1
    3 |   1.4819 |     46.332 |   1.4608 |     46.555 |     0.1
    4 |   1.4229 |     46.391 |   1.4270 |     46.182 |     0.1
    5 |   1.3946 |     46.316 |   1.4043 |     46.927 |     0.2
    6 |   1.3674 |     44.900 |   1.3806 |     45.096 |     0.2
    7 |   1.3428 |     44.252 |   1.3608 |     44.569 |     0.2
    8 |   1.3224 |     43.560 |   1.3411 |     44.103 |     0.2
    9 |   1.3014 |     42.896 |   1.3371 |     44.196 |     0.3
   10 |   1.2840 |     42.420 |   1.3106 |     43.855 |     0.3
   11 |   1.2664 |     42.010 |   1.2850 |     42.644 |     0.3
   12 |   1.2459 |     41.486 |   1.2903 |     42.644 |     0.4
   13 |   1.2261 |     41.167 |   1.2571 |     42.024 |     0.4
   14 |   1.2061 |     40.681 |   1.2373 |     41.930 |     0.4
   15 |   1.1852 |     40.032 |   1.2324 |     41.310 |     0.5
   16 |   1.1593 |     39.373 |   1.2186 |     41.496 |     0.5
   17 |   1.1505 |     39.352 |   1.2042 |     40.937 |     0.5
   18 |   1.1222 |     38.444 |   1.1912 |     39.944 |     0.6
   19 |   1.1070 |     38.017 |   1.1888 |     40.410 |     0.6
   20 |   1.0891 |     37.120 |   1.1799 |     40.223 |     0.6
   21 |   1.0704 |     36.429 |   1.1685 |     39.137 |     0.7
   22 |   1.0532 |     35.667 |   1.1678 |     39.696 |     0.7
   23 |   1.0243 |     34.452 |   1.1634 |     38.827 |     0.7
   24 |   1.0175 |     34.149 |   1.1469 |     38.734 |     0.7
   25 |   0.9968 |     33.393 |   1.1472 |     37.337 |     0.8
   26 |   0.9783 |     32.555 |   1.1461 |     37.989 |     0.8
   27 |   0.9527 |     31.448 |   1.1137 |     35.164 |     0.8
   28 |   0.9333 |     30.800 |   1.1201 |     36.778 |     0.9
   29 |   0.9280 |     30.789 |   1.1155 |     35.413 |     0.9
   30 |   0.9145 |     30.616 |   1.1068 |     34.792 |     0.9
   31 |   0.8869 |     29.092 |   1.1075 |     35.040 |     1.0
   32 |   0.8767 |     29.001 |   1.1241 |     36.934 |     1.0
   33 |   0.8527 |     27.909 |   1.0925 |     34.389 |     1.0
   34 |   0.8306 |     27.342 |   1.0789 |     34.140 |     1.1
   35 |   0.8223 |     27.115 |   1.0793 |     34.637 |     1.1
   36 |   0.8108 |     26.623 |   1.0579 |     33.799 |     1.1
   37 |   0.7879 |     25.700 |   1.0786 |     34.575 |     1.1
   38 |   0.7779 |     25.554 |   1.0793 |     34.109 |     1.2
   39 |   0.7641 |     24.986 |   1.0730 |     33.954 |     1.2
   40 |   0.7405 |     24.349 |   1.0579 |     32.806 |     1.2
Early stopping

Model: Seq2Seq Multimodal Bi-LSTM
Source index: <Seq2Seq Index with 43 items>
Target index: <Seq2Seq Index with 34 items>
Encoder embedding dimension: 128
Descriptors dimension: 1136
Decoder embedding dimension: 128
Encoder hidden units: 128
Encoder layers: 3
Decoder hidden units: 128
Decoder layers: 2
Dropout: 0.1
Trainable parameters: 2,113,826

Training started
X_train.shape: torch.Size([3085, 702])
Y_train.shape: torch.Size([3085, 7])
X_dev.shape: torch.Size([537, 649])
Y_dev.shape: torch.Size([537, 7])
Epochs: 500
Learning rate: 0.001
Weight decay: 0.0001
Epoch | Train                 | Development           | Minutes
      | Loss     | Error Rate | Loss     | Error Rate |
---------------------------------------------------------------
    1 |   2.1039 |     57.445 |   1.5709 |     46.182 |     0.1
    2 |   1.4447 |     45.802 |   1.4075 |     44.538 |     0.1
    3 |   1.3402 |     44.100 |   1.3181 |     42.800 |     0.2
    4 |   1.2666 |     41.950 |   1.2534 |     41.806 |     0.3
    5 |   1.1986 |     39.757 |   1.1968 |     39.448 |     0.3
    6 |   1.1337 |     37.585 |   1.1657 |     37.399 |     0.4
    7 |   1.0817 |     35.311 |   1.1345 |     37.182 |     0.5
    8 |   1.0314 |     33.576 |   1.0850 |     34.885 |     0.5
    9 |   0.9845 |     32.215 |   1.0905 |     34.978 |     0.6
   10 |   0.9466 |     31.459 |   1.0491 |     33.799 |     0.6
   11 |   0.9152 |     29.876 |   1.0384 |     33.582 |     0.7
   12 |   0.8706 |     28.644 |   1.0063 |     32.433 |     0.8
   13 |   0.8317 |     27.342 |   1.0054 |     32.247 |     0.8
   14 |   0.8002 |     26.364 |   1.0046 |     32.061 |     0.9
   15 |   0.7707 |     25.667 |   0.9925 |     31.688 |     1.0
   16 |   0.7387 |     24.290 |   0.9971 |     32.092 |     1.0
   17 |   0.7164 |     23.992 |   0.9751 |     31.223 |     1.1
   18 |   0.6924 |     23.258 |   0.9677 |     30.385 |     1.2
   19 |   0.6650 |     22.285 |   0.9878 |     30.912 |     1.2
   20 |   0.6448 |     21.491 |   0.9740 |     29.919 |     1.3
   21 |   0.6302 |     20.972 |   0.9574 |     29.609 |     1.4
   22 |   0.6043 |     20.475 |   0.9469 |     28.864 |     1.4
   23 |   0.5737 |     19.254 |   0.9847 |     29.981 |     1.5
   24 |   0.5596 |     18.871 |   0.9587 |     29.112 |     1.6
   25 |   0.5449 |     18.395 |   0.9883 |     30.106 |     1.6
   26 |   0.5259 |     18.136 |   0.9497 |     28.833 |     1.7
Early stopping

Model: Seq2Seq Multimodal Bi-LSTM
Source index: <Seq2Seq Index with 43 items>
Target index: <Seq2Seq Index with 34 items>
Encoder embedding dimension: 64
Descriptors dimension: 1136
Decoder embedding dimension: 128
Encoder hidden units: 64
Encoder layers: 2
Decoder hidden units: 128
Decoder layers: 2
Dropout: 0.2
Trainable parameters: 669,026

Training started
X_train.shape: torch.Size([3085, 702])
Y_train.shape: torch.Size([3085, 7])
X_dev.shape: torch.Size([537, 649])
Y_dev.shape: torch.Size([537, 7])
Epochs: 500
Learning rate: 0.001
Weight decay: 1e-05
Epoch | Train                 | Development           | Minutes
      | Loss     | Error Rate | Loss     | Error Rate |
---------------------------------------------------------------
    1 |   2.0578 |     55.467 |   1.5048 |     46.027 |     0.0
    2 |   1.3986 |     45.516 |   1.3470 |     44.879 |     0.0
    3 |   1.2804 |     42.280 |   1.2578 |     41.558 |     0.1
    4 |   1.2008 |     40.205 |   1.2008 |     40.037 |     0.1
    5 |   1.1288 |     37.758 |   1.1481 |     37.244 |     0.1
    6 |   1.0593 |     34.679 |   1.1083 |     35.071 |     0.1
    7 |   0.9894 |     32.577 |   1.0491 |     33.892 |     0.1
    8 |   0.9129 |     29.849 |   1.0059 |     32.899 |     0.1
    9 |   0.8564 |     28.006 |   0.9897 |     31.750 |     0.2
   10 |   0.8039 |     25.889 |   0.9620 |     30.354 |     0.2
   11 |   0.7531 |     24.398 |   0.9430 |     29.702 |     0.2
   12 |   0.7049 |     22.680 |   0.9195 |     28.895 |     0.2
   13 |   0.6695 |     21.480 |   0.9285 |     29.268 |     0.2
   14 |   0.6305 |     20.389 |   0.9066 |     28.088 |     0.2
   15 |   0.6109 |     19.881 |   0.9159 |     28.461 |     0.3
   16 |   0.5760 |     18.838 |   0.8831 |     26.878 |     0.3
   17 |   0.5404 |     17.769 |   0.8960 |     27.219 |     0.3
   18 |   0.5103 |     16.343 |   0.8940 |     26.319 |     0.3
   19 |   0.4916 |     15.878 |   0.9104 |     26.971 |     0.3
   20 |   0.4654 |     14.976 |   0.8933 |     26.133 |     0.4
Early stopping

Model: Seq2Seq Multimodal Bi-LSTM
Source index: <Seq2Seq Index with 43 items>
Target index: <Seq2Seq Index with 34 items>
Encoder embedding dimension: 64
Descriptors dimension: 1136
Decoder embedding dimension: 64
Encoder hidden units: 64
Encoder layers: 4
Decoder hidden units: 128
Decoder layers: 4
Dropout: 0.0
Trainable parameters: 1,357,154

Training started
X_train.shape: torch.Size([3085, 702])
Y_train.shape: torch.Size([3085, 7])
X_dev.shape: torch.Size([537, 649])
Y_dev.shape: torch.Size([537, 7])
Epochs: 500
Learning rate: 0.0001
Weight decay: 1e-05
Epoch | Train                 | Development           | Minutes
      | Loss     | Error Rate | Loss     | Error Rate |
---------------------------------------------------------------
    1 |   3.2162 |     85.446 |   2.7371 |     83.333 |     0.0
    2 |   2.4316 |     65.240 |   2.2239 |     59.745 |     0.1
    3 |   2.0739 |     56.613 |   2.0017 |     55.121 |     0.1
    4 |   1.8980 |     52.496 |   1.8574 |     48.727 |     0.1
    5 |   1.7766 |     48.747 |   1.7473 |     48.759 |     0.2
    6 |   1.6818 |     48.747 |   1.6621 |     48.759 |     0.2
    7 |   1.6064 |     48.741 |   1.5979 |     48.759 |     0.2
    8 |   1.5481 |     46.883 |   1.5448 |     46.182 |     0.3
    9 |   1.5057 |     46.337 |   1.5099 |     46.182 |     0.3
   10 |   1.4774 |     46.332 |   1.4882 |     46.182 |     0.3
   11 |   1.4578 |     46.337 |   1.4708 |     46.182 |     0.4
   12 |   1.4433 |     46.332 |   1.4590 |     46.151 |     0.4
   13 |   1.4304 |     46.332 |   1.4480 |     46.151 |     0.4
   14 |   1.4228 |     46.337 |   1.4426 |     46.182 |     0.5
   15 |   1.4125 |     46.326 |   1.4356 |     46.182 |     0.5
   16 |   1.4056 |     46.337 |   1.4291 |     46.617 |     0.5
   17 |   1.3986 |     46.283 |   1.4238 |     46.182 |     0.6
   18 |   1.3898 |     46.072 |   1.4170 |     46.120 |     0.6
   19 |   1.3823 |     46.002 |   1.4132 |     46.586 |     0.6
   20 |   1.3761 |     45.905 |   1.4074 |     46.089 |     0.7
   21 |   1.3697 |     45.721 |   1.4025 |     46.182 |     0.7
   22 |   1.3614 |     45.284 |   1.4008 |     46.245 |     0.7
   23 |   1.3542 |     45.105 |   1.3987 |     46.089 |     0.8
   24 |   1.3484 |     45.008 |   1.3939 |     46.120 |     0.8
   25 |   1.3416 |     44.722 |   1.3880 |     45.779 |     0.8
   26 |   1.3347 |     44.511 |   1.3883 |     46.214 |     0.9
   27 |   1.3291 |     44.408 |   1.3875 |     46.151 |     0.9
   28 |   1.3229 |     44.392 |   1.3819 |     46.151 |     0.9
   29 |   1.3166 |     44.155 |   1.3731 |     45.717 |     1.0
   30 |   1.3095 |     44.160 |   1.3700 |     45.593 |     1.0
   31 |   1.3025 |     43.965 |   1.3690 |     45.655 |     1.0
   32 |   1.2951 |     43.841 |   1.3598 |     45.624 |     1.0
   33 |   1.2867 |     43.452 |   1.3572 |     45.376 |     1.1
   34 |   1.2769 |     43.166 |   1.3497 |     45.189 |     1.1
   35 |   1.2716 |     43.004 |   1.3449 |     44.941 |     1.1
   36 |   1.2643 |     42.464 |   1.3404 |     44.693 |     1.2
   37 |   1.2525 |     42.031 |   1.3337 |     44.413 |     1.2
   38 |   1.2419 |     41.794 |   1.3284 |     44.103 |     1.2
   39 |   1.2329 |     41.626 |   1.3322 |     44.413 |     1.3
   40 |   1.2260 |     41.086 |   1.3227 |     44.227 |     1.3
   41 |   1.2149 |     40.502 |   1.3131 |     44.103 |     1.3
   42 |   1.2048 |     40.124 |   1.3116 |     43.110 |     1.4
   43 |   1.1950 |     39.692 |   1.3065 |     43.203 |     1.4
   44 |   1.1838 |     39.260 |   1.2993 |     42.924 |     1.4
   45 |   1.1730 |     39.033 |   1.2898 |     42.613 |     1.5
   46 |   1.1631 |     38.633 |   1.2898 |     42.924 |     1.5
   47 |   1.1498 |     38.379 |   1.2855 |     42.489 |     1.5
   48 |   1.1371 |     37.861 |   1.2794 |     42.582 |     1.6
   49 |   1.1239 |     37.428 |   1.2715 |     42.334 |     1.6
   50 |   1.1115 |     37.207 |   1.2613 |     42.148 |     1.6
   51 |   1.0965 |     36.813 |   1.2601 |     41.806 |     1.7
   52 |   1.0875 |     36.521 |   1.2562 |     42.582 |     1.7
   53 |   1.0764 |     36.159 |   1.2502 |     42.148 |     1.7
   54 |   1.0601 |     35.748 |   1.2444 |     41.527 |     1.8
   55 |   1.0436 |     35.208 |   1.2470 |     41.837 |     1.8
   56 |   1.0332 |     34.781 |   1.2380 |     40.875 |     1.8
   57 |   1.0205 |     34.516 |   1.2356 |     41.092 |     1.9
   58 |   1.0072 |     33.874 |   1.2310 |     40.782 |     1.9
   59 |   0.9963 |     33.517 |   1.2335 |     40.286 |     1.9
   60 |   0.9830 |     32.928 |   1.2298 |     40.534 |     1.9
   61 |   0.9729 |     32.674 |   1.2269 |     40.348 |     2.0
   62 |   0.9600 |     32.361 |   1.2247 |     39.913 |     2.0
   63 |   0.9499 |     31.891 |   1.2335 |     40.223 |     2.0
   64 |   0.9375 |     31.286 |   1.2241 |     39.789 |     2.1
   65 |   0.9288 |     31.216 |   1.2288 |     40.286 |     2.1
   66 |   0.9136 |     30.583 |   1.2209 |     39.944 |     2.1
   67 |   0.9009 |     29.968 |   1.2219 |     39.013 |     2.2
   68 |   0.8920 |     29.757 |   1.2117 |     39.292 |     2.2
   69 |   0.8811 |     29.633 |   1.2173 |     39.510 |     2.2
   70 |   0.8696 |     28.984 |   1.2121 |     38.641 |     2.3
   71 |   0.8602 |     28.433 |   1.2160 |     37.709 |     2.3
   72 |   0.8515 |     28.088 |   1.2226 |     37.585 |     2.3
Early stopping

Model: Seq2Seq Multimodal Bi-LSTM
Source index: <Seq2Seq Index with 43 items>
Target index: <Seq2Seq Index with 34 items>
Encoder embedding dimension: 64
Descriptors dimension: 1136
Decoder embedding dimension: 64
Encoder hidden units: 128
Encoder layers: 3
Decoder hidden units: 128
Decoder layers: 3
Dropout: 0.1
Trainable parameters: 2,142,690

Training started
X_train.shape: torch.Size([3085, 702])
Y_train.shape: torch.Size([3085, 7])
X_dev.shape: torch.Size([537, 649])
Y_dev.shape: torch.Size([537, 7])
Epochs: 500
Learning rate: 0.001
Weight decay: 0.0001
Epoch | Train                 | Development           | Minutes
      | Loss     | Error Rate | Loss     | Error Rate |
---------------------------------------------------------------
    1 |   2.2162 |     61.253 |   1.6404 |     48.759 |     0.1
    2 |   1.4812 |     46.451 |   1.4425 |     46.182 |     0.1
    3 |   1.4122 |     46.505 |   1.4217 |     46.555 |     0.2
    4 |   1.3976 |     46.505 |   1.4136 |     46.182 |     0.3
    5 |   1.3840 |     46.391 |   1.3937 |     45.500 |     0.3
    6 |   1.3602 |     45.484 |   1.3640 |     45.220 |     0.4
    7 |   1.3388 |     44.981 |   1.3652 |     45.748 |     0.4
    8 |   1.3238 |     44.322 |   1.3348 |     44.475 |     0.5
    9 |   1.3040 |     43.441 |   1.3128 |     43.141 |     0.6
   10 |   1.2783 |     42.853 |   1.2897 |     42.862 |     0.6
   11 |   1.2636 |     42.161 |   1.2839 |     42.148 |     0.7
   12 |   1.2498 |     41.848 |   1.2615 |     42.055 |     0.8
   13 |   1.2307 |     41.475 |   1.2578 |     41.620 |     0.8
   14 |   1.2131 |     41.048 |   1.2580 |     41.186 |     0.9
   15 |   1.2062 |     40.648 |   1.2454 |     41.217 |     1.0
   16 |   1.1900 |     40.286 |   1.2467 |     40.844 |     1.0
   17 |   1.1684 |     39.460 |   1.2105 |     38.765 |     1.1
   18 |   1.1520 |     38.801 |   1.2193 |     40.192 |     1.2
   19 |   1.1480 |     38.682 |   1.2122 |     39.696 |     1.2
   20 |   1.1274 |     37.888 |   1.1973 |     39.510 |     1.3
   21 |   1.1087 |     37.504 |   1.1868 |     38.858 |     1.3
   22 |   1.0998 |     37.272 |   1.1915 |     38.579 |     1.4
   23 |   1.0780 |     36.391 |   1.1792 |     38.020 |     1.5
   24 |   1.0783 |     36.661 |   1.1637 |     37.772 |     1.5
   25 |   1.0630 |     35.959 |   1.1851 |     38.485 |     1.6
   26 |   1.0466 |     35.159 |   1.1752 |     38.206 |     1.7
   27 |   1.0451 |     35.500 |   1.1679 |     38.889 |     1.7
   28 |   1.0224 |     35.089 |   1.1602 |     37.927 |     1.8
   29 |   1.0166 |     34.603 |   1.1590 |     38.268 |     1.9
   30 |   1.0122 |     34.738 |   1.1518 |     37.461 |     1.9
   31 |   0.9859 |     33.679 |   1.1430 |     37.616 |     2.0
   32 |   0.9673 |     33.171 |   1.1447 |     37.989 |     2.1
   33 |   0.9599 |     33.020 |   1.1465 |     38.734 |     2.1
   34 |   0.9464 |     32.593 |   1.1422 |     38.113 |     2.2
   35 |   0.9480 |     32.626 |   1.1402 |     36.468 |     2.2
   36 |   0.9461 |     32.431 |   1.1295 |     37.027 |     2.3
   37 |   0.9342 |     32.177 |   1.1224 |     36.903 |     2.4
   38 |   0.9080 |     31.210 |   1.1280 |     36.127 |     2.4
   39 |   0.9058 |     31.075 |   1.1312 |     36.406 |     2.5
   40 |   0.8882 |     30.540 |   1.1346 |     36.437 |     2.6
   41 |   0.8778 |     30.270 |   1.1270 |     37.058 |     2.6
Early stopping

Model: Seq2Seq Multimodal Bi-LSTM
Source index: <Seq2Seq Index with 43 items>
Target index: <Seq2Seq Index with 34 items>
Encoder embedding dimension: 64
Descriptors dimension: 1136
Decoder embedding dimension: 128
Encoder hidden units: 32
Encoder layers: 3
Decoder hidden units: 128
Decoder layers: 4
Dropout: 0.2
Trainable parameters: 782,658

Training started
X_train.shape: torch.Size([3085, 702])
Y_train.shape: torch.Size([3085, 7])
X_dev.shape: torch.Size([537, 649])
Y_dev.shape: torch.Size([537, 7])
Epochs: 500
Learning rate: 0.001
Weight decay: 1e-05
Epoch | Train                 | Development           | Minutes
      | Loss     | Error Rate | Loss     | Error Rate |
---------------------------------------------------------------
    1 |   2.2833 |     62.647 |   1.6810 |     48.790 |     0.0
    2 |   1.5038 |     46.699 |   1.4471 |     46.524 |     0.0
    3 |   1.4092 |     46.348 |   1.4044 |     46.555 |     0.1
    4 |   1.3760 |     45.975 |   1.3762 |     45.407 |     0.1
    5 |   1.3493 |     45.462 |   1.3575 |     46.803 |     0.1
    6 |   1.3241 |     45.100 |   1.3401 |     46.245 |     0.1
    7 |   1.3021 |     44.122 |   1.2941 |     44.134 |     0.1
    8 |   1.2615 |     43.085 |   1.2789 |     43.979 |     0.2
    9 |   1.2421 |     42.734 |   1.2558 |     43.296 |     0.2
   10 |   1.2136 |     41.696 |   1.2444 |     42.924 |     0.2
   11 |   1.1965 |     41.307 |   1.2301 |     41.713 |     0.2
   12 |   1.1638 |     40.173 |   1.2065 |     42.024 |     0.2
   13 |   1.1365 |     39.557 |   1.1993 |     41.061 |     0.3
   14 |   1.1113 |     38.347 |   1.1802 |     39.634 |     0.3
   15 |   1.0846 |     37.763 |   1.1522 |     38.392 |     0.3
   16 |   1.0522 |     36.294 |   1.1467 |     38.020 |     0.3
   17 |   1.0319 |     35.478 |   1.1497 |     37.927 |     0.3
   18 |   1.0064 |     34.878 |   1.1125 |     36.840 |     0.3
   19 |   0.9775 |     33.728 |   1.0979 |     36.034 |     0.4
   20 |   0.9512 |     32.312 |   1.0867 |     35.413 |     0.4
   21 |   0.9275 |     31.556 |   1.0987 |     36.809 |     0.4
   22 |   0.9021 |     31.205 |   1.0715 |     34.823 |     0.4
   23 |   0.8838 |     29.941 |   1.0540 |     33.737 |     0.4
   24 |   0.8576 |     29.119 |   1.0720 |     33.706 |     0.5
   25 |   0.8406 |     28.649 |   1.0561 |     33.364 |     0.5
   26 |   0.8076 |     27.169 |   1.0498 |     33.147 |     0.5
   27 |   0.7924 |     27.218 |   1.0483 |     33.085 |     0.5
   28 |   0.7729 |     25.667 |   1.0258 |     32.061 |     0.5
   29 |   0.7568 |     25.543 |   1.0368 |     32.806 |     0.6
   30 |   0.7350 |     24.608 |   1.0350 |     31.130 |     0.6
   31 |   0.7233 |     24.468 |   1.0123 |     31.378 |     0.6
   32 |   0.7040 |     23.614 |   1.0145 |     30.602 |     0.6
   33 |   0.6919 |     23.258 |   1.0202 |     31.006 |     0.6
   34 |   0.6714 |     22.388 |   1.0211 |     30.850 |     0.6
   35 |   0.6541 |     21.594 |   0.9942 |     29.143 |     0.7
   36 |   0.6315 |     21.064 |   1.0034 |     30.168 |     0.7
   37 |   0.6156 |     20.637 |   0.9977 |     29.236 |     0.7
   38 |   0.5967 |     20.000 |   1.0096 |     29.205 |     0.7
   39 |   0.5868 |     19.227 |   1.0110 |     28.833 |     0.7
Early stopping

Model: Seq2Seq Multimodal Bi-LSTM
Source index: <Seq2Seq Index with 43 items>
Target index: <Seq2Seq Index with 34 items>
Encoder embedding dimension: 128
Descriptors dimension: 1136
Decoder embedding dimension: 128
Encoder hidden units: 32
Encoder layers: 4
Decoder hidden units: 64
Decoder layers: 4
Dropout: 0.2
Trainable parameters: 472,994

Training started
X_train.shape: torch.Size([3085, 702])
Y_train.shape: torch.Size([3085, 7])
X_dev.shape: torch.Size([537, 649])
Y_dev.shape: torch.Size([537, 7])
Epochs: 500
Learning rate: 0.001
Weight decay: 0.0001
Epoch | Train                 | Development           | Minutes
      | Loss     | Error Rate | Loss     | Error Rate |
---------------------------------------------------------------
    1 |   2.6286 |     69.130 |   2.0847 |     59.745 |     0.0
    2 |   1.8217 |     51.988 |   1.6131 |     46.182 |     0.0
    3 |   1.5143 |     46.402 |   1.4759 |     46.182 |     0.1
    4 |   1.4372 |     46.305 |   1.4335 |     46.555 |     0.1
    5 |   1.3958 |     46.494 |   1.3973 |     46.555 |     0.1
    6 |   1.3607 |     45.683 |   1.3634 |     46.462 |     0.1
    7 |   1.3306 |     45.246 |   1.3484 |     46.120 |     0.2
    8 |   1.3151 |     45.149 |   1.3234 |     46.741 |     0.2
    9 |   1.2987 |     44.792 |   1.3023 |     45.500 |     0.2
   10 |   1.2778 |     44.322 |   1.2969 |     45.438 |     0.2
   11 |   1.2642 |     43.879 |   1.2935 |     45.313 |     0.2
   12 |   1.2475 |     42.923 |   1.2757 |     44.444 |     0.3
   13 |   1.2344 |     42.761 |   1.2646 |     44.196 |     0.3
   14 |   1.2173 |     42.183 |   1.2540 |     43.855 |     0.3
   15 |   1.2062 |     42.091 |   1.2454 |     42.893 |     0.3
   16 |   1.1955 |     41.437 |   1.2428 |     43.172 |     0.4
   17 |   1.1767 |     40.621 |   1.2352 |     42.613 |     0.4
   18 |   1.1586 |     39.471 |   1.1946 |     40.441 |     0.4
   19 |   1.1375 |     38.849 |   1.1987 |     39.882 |     0.4
   20 |   1.1153 |     38.131 |   1.1856 |     40.161 |     0.5
   21 |   1.0948 |     37.239 |   1.1641 |     39.479 |     0.5
   22 |   1.0797 |     37.115 |   1.1580 |     38.858 |     0.5
   23 |   1.0573 |     35.916 |   1.1324 |     37.337 |     0.5
   24 |   1.0447 |     36.035 |   1.1501 |     37.896 |     0.5
   25 |   1.0306 |     35.105 |   1.1429 |     37.089 |     0.6
   26 |   1.0206 |     34.808 |   1.1396 |     37.244 |     0.6
   27 |   1.0011 |     34.068 |   1.1210 |     36.282 |     0.6
   28 |   0.9917 |     33.998 |   1.1011 |     36.034 |     0.6
   29 |   0.9775 |     33.533 |   1.1161 |     36.623 |     0.7
   30 |   0.9646 |     32.971 |   1.1141 |     36.065 |     0.7
   31 |   0.9569 |     32.285 |   1.1086 |     36.530 |     0.7
   32 |   0.9511 |     32.518 |   1.0964 |     36.654 |     0.7
   33 |   0.9313 |     31.675 |   1.1077 |     35.754 |     0.7
   34 |   0.9273 |     31.691 |   1.0996 |     35.382 |     0.8
   35 |   0.9130 |     31.086 |   1.0961 |     35.413 |     0.8
   36 |   0.8948 |     30.265 |   1.0847 |     34.947 |     0.8
   37 |   0.8893 |     30.411 |   1.0841 |     34.823 |     0.8
   38 |   0.8731 |     29.724 |   1.0830 |     34.544 |     0.9
   39 |   0.8652 |     29.449 |   1.0821 |     34.171 |     0.9
   40 |   0.8640 |     29.422 |   1.0675 |     33.737 |     0.9
   41 |   0.8521 |     28.784 |   1.0716 |     34.451 |     0.9
   42 |   0.8477 |     28.476 |   1.0630 |     33.644 |     0.9
   43 |   0.8328 |     28.341 |   1.0765 |     33.582 |     1.0
   44 |   0.8263 |     27.877 |   1.0583 |     33.023 |     1.0
   45 |   0.8105 |     27.601 |   1.0730 |     33.768 |     1.0
   46 |   0.8041 |     27.374 |   1.0671 |     32.775 |     1.0
   47 |   0.7896 |     26.429 |   1.0764 |     33.830 |     1.1
   48 |   0.7885 |     26.542 |   1.0513 |     33.395 |     1.1
   49 |   0.7839 |     26.445 |   1.0588 |     32.961 |     1.1
   50 |   0.7744 |     26.143 |   1.0595 |     32.030 |     1.1
   51 |   0.7635 |     25.818 |   1.0653 |     32.961 |     1.1
   52 |   0.7588 |     25.565 |   1.0710 |     32.061 |     1.2
Early stopping

Model: Seq2Seq Multimodal Bi-LSTM
Source index: <Seq2Seq Index with 43 items>
Target index: <Seq2Seq Index with 34 items>
Encoder embedding dimension: 64
Descriptors dimension: 1136
Decoder embedding dimension: 128
Encoder hidden units: 64
Encoder layers: 3
Decoder hidden units: 64
Decoder layers: 3
Dropout: 0.0
Trainable parameters: 695,074

Training started
X_train.shape: torch.Size([3085, 702])
Y_train.shape: torch.Size([3085, 7])
X_dev.shape: torch.Size([537, 649])
Y_dev.shape: torch.Size([537, 7])
Epochs: 500
Learning rate: 0.001
Weight decay: 1e-05
Epoch | Train                 | Development           | Minutes
      | Loss     | Error Rate | Loss     | Error Rate |
---------------------------------------------------------------
    1 |   2.5116 |     66.829 |   1.9591 |     55.525 |     0.0
    2 |   1.7140 |     48.974 |   1.5719 |     46.214 |     0.0
    3 |   1.4873 |     46.370 |   1.4671 |     46.151 |     0.1
    4 |   1.4299 |     46.440 |   1.4393 |     46.617 |     0.1
    5 |   1.4052 |     46.413 |   1.4149 |     46.151 |     0.1
    6 |   1.3864 |     46.359 |   1.3955 |     46.214 |     0.1
    7 |   1.3656 |     45.764 |   1.3717 |     45.282 |     0.2
    8 |   1.3488 |     45.176 |   1.3630 |     45.903 |     0.2
    9 |   1.3326 |     45.078 |   1.3557 |     46.058 |     0.2
   10 |   1.3165 |     44.587 |   1.3393 |     44.600 |     0.2
   11 |   1.2928 |     43.155 |   1.3311 |     45.003 |     0.3
   12 |   1.2685 |     42.355 |   1.2978 |     43.141 |     0.3
   13 |   1.2438 |     41.810 |   1.2730 |     42.893 |     0.3
   14 |   1.2187 |     40.870 |   1.2593 |     41.651 |     0.3
   15 |   1.1926 |     39.870 |   1.2469 |     41.620 |     0.4
   16 |   1.1714 |     39.076 |   1.2259 |     41.186 |     0.4
   17 |   1.1456 |     38.109 |   1.2195 |     41.124 |     0.4
   18 |   1.1214 |     37.666 |   1.1896 |     39.479 |     0.4
   19 |   1.1052 |     37.202 |   1.1870 |     39.758 |     0.5
   20 |   1.0862 |     36.326 |   1.1716 |     39.168 |     0.5
   21 |   1.0545 |     35.003 |   1.1613 |     37.803 |     0.5
   22 |   1.0277 |     33.884 |   1.1690 |     37.803 |     0.5
   23 |   1.0098 |     33.431 |   1.1458 |     37.182 |     0.6
   24 |   0.9833 |     32.572 |   1.1250 |     36.934 |     0.6
   25 |   0.9687 |     31.788 |   1.1485 |     36.561 |     0.6
   26 |   0.9626 |     32.107 |   1.1162 |     36.654 |     0.6
   27 |   0.9285 |     30.681 |   1.1233 |     36.561 |     0.6
   28 |   0.9023 |     29.384 |   1.1099 |     36.158 |     0.7
   29 |   0.8808 |     28.855 |   1.1024 |     36.344 |     0.7
   30 |   0.8712 |     28.250 |   1.1059 |     35.568 |     0.7
   31 |   0.8493 |     27.844 |   1.0974 |     35.506 |     0.7
   32 |   0.8277 |     27.461 |   1.1053 |     34.947 |     0.8
   33 |   0.8175 |     26.759 |   1.1011 |     34.047 |     0.8
   34 |   0.7987 |     26.364 |   1.0871 |     33.985 |     0.8
   35 |   0.7807 |     25.818 |   1.0877 |     34.358 |     0.8
   36 |   0.7561 |     24.711 |   1.0843 |     34.823 |     0.9
   37 |   0.7312 |     23.852 |   1.0807 |     34.140 |     0.9
   38 |   0.7198 |     23.949 |   1.0644 |     32.588 |     0.9
   39 |   0.6916 |     22.685 |   1.0753 |     32.744 |     0.9
   40 |   0.6764 |     22.075 |   1.0877 |     33.209 |     1.0
   41 |   0.6654 |     21.529 |   1.0870 |     33.302 |     1.0
   42 |   0.6522 |     21.151 |   1.0996 |     33.178 |     1.0
   43 |   0.6399 |     20.794 |   1.0584 |     31.316 |     1.0
   44 |   0.6217 |     20.286 |   1.0844 |     32.371 |     1.1
   45 |   0.6120 |     20.092 |   1.0690 |     31.223 |     1.1
   46 |   0.5850 |     18.860 |   1.0859 |     31.906 |     1.1
   47 |   0.5776 |     18.585 |   1.0922 |     31.533 |     1.1
Early stopping

Model: Seq2Seq Multimodal Bi-LSTM
Source index: <Seq2Seq Index with 43 items>
Target index: <Seq2Seq Index with 34 items>
Encoder embedding dimension: 64
Descriptors dimension: 1136
Decoder embedding dimension: 128
Encoder hidden units: 128
Encoder layers: 2
Decoder hidden units: 64
Decoder layers: 2
Dropout: 0.2
Trainable parameters: 1,108,322

Training started
X_train.shape: torch.Size([3085, 702])
Y_train.shape: torch.Size([3085, 7])
X_dev.shape: torch.Size([537, 649])
Y_dev.shape: torch.Size([537, 7])
Epochs: 500
Learning rate: 0.001
Weight decay: 1e-05
Epoch | Train                 | Development           | Minutes
      | Loss     | Error Rate | Loss     | Error Rate |
---------------------------------------------------------------
    1 |   2.4545 |     64.506 |   1.9654 |     52.824 |     0.0
    2 |   1.7077 |     49.265 |   1.5512 |     46.214 |     0.1
    3 |   1.4697 |     46.148 |   1.4487 |     45.748 |     0.1
    4 |   1.4023 |     46.024 |   1.4060 |     45.065 |     0.2
    5 |   1.3673 |     44.927 |   1.3648 |     44.351 |     0.2
    6 |   1.3299 |     43.868 |   1.3260 |     42.800 |     0.3
    7 |   1.3011 |     42.934 |   1.2995 |     42.365 |     0.3
    8 |   1.2614 |     41.599 |   1.2697 |     41.806 |     0.3
    9 |   1.2303 |     40.443 |   1.2276 |     41.092 |     0.4
   10 |   1.2035 |     40.124 |   1.2246 |     41.030 |     0.4
   11 |   1.1735 |     38.882 |   1.1890 |     39.603 |     0.5
   12 |   1.1415 |     37.882 |   1.1716 |     38.299 |     0.5
   13 |   1.1121 |     36.640 |   1.1412 |     37.430 |     0.5
   14 |   1.0816 |     35.629 |   1.1327 |     37.492 |     0.6
   15 |   1.0519 |     34.770 |   1.1141 |     36.375 |     0.6
   16 |   1.0372 |     34.403 |   1.0917 |     35.475 |     0.7
   17 |   1.0116 |     33.512 |   1.0850 |     35.196 |     0.7
   18 |   0.9938 |     32.458 |   1.0628 |     34.668 |     0.8
   19 |   0.9644 |     31.961 |   1.0465 |     33.302 |     0.8
   20 |   0.9338 |     31.162 |   1.0429 |     33.054 |     0.8
   21 |   0.9191 |     30.573 |   1.0450 |     33.954 |     0.9
   22 |   0.9021 |     30.103 |   1.0252 |     33.954 |     0.9
   23 |   0.8786 |     29.287 |   1.0374 |     33.768 |     1.0
   24 |   0.8683 |     29.114 |   1.0329 |     33.985 |     1.0
   25 |   0.8526 |     28.547 |   0.9998 |     32.278 |     1.1
   26 |   0.8283 |     27.682 |   1.0187 |     32.775 |     1.1
   27 |   0.8206 |     27.115 |   1.0040 |     32.340 |     1.1
   28 |   0.7960 |     26.559 |   0.9923 |     31.906 |     1.2
   29 |   0.7795 |     25.764 |   0.9861 |     32.061 |     1.2
   30 |   0.7721 |     25.673 |   0.9821 |     31.968 |     1.3
   31 |   0.7591 |     25.462 |   0.9773 |     31.657 |     1.3
   32 |   0.7488 |     24.959 |   0.9659 |     31.161 |     1.4
   33 |   0.7300 |     24.192 |   0.9641 |     30.912 |     1.4
   34 |   0.7166 |     23.728 |   0.9668 |     31.347 |     1.4
   35 |   0.6994 |     23.252 |   0.9819 |     30.819 |     1.5
   36 |   0.6860 |     22.734 |   0.9707 |     30.726 |     1.5
   37 |   0.6846 |     22.923 |   0.9789 |     31.099 |     1.6
Early stopping

Model: Seq2Seq Multimodal Bi-LSTM
Source index: <Seq2Seq Index with 43 items>
Target index: <Seq2Seq Index with 34 items>
Encoder embedding dimension: 128
Descriptors dimension: 1136
Decoder embedding dimension: 64
Encoder hidden units: 128
Encoder layers: 3
Decoder hidden units: 128
Decoder layers: 4
Dropout: 0.2
Trainable parameters: 2,343,074

Training started
X_train.shape: torch.Size([3085, 702])
Y_train.shape: torch.Size([3085, 7])
X_dev.shape: torch.Size([537, 649])
Y_dev.shape: torch.Size([537, 7])
Epochs: 500
Learning rate: 0.0001
Weight decay: 0.0001
Epoch | Train                 | Development           | Minutes
      | Loss     | Error Rate | Loss     | Error Rate |
---------------------------------------------------------------
    1 |   3.2560 |     86.634 |   2.7282 |     83.333 |     0.1
    2 |   2.4372 |     64.225 |   2.2303 |     59.745 |     0.1
    3 |   2.1040 |     56.769 |   2.0154 |     59.745 |     0.2
    4 |   1.9359 |     54.533 |   1.8731 |     48.759 |     0.3
    5 |   1.8094 |     49.762 |   1.7680 |     48.759 |     0.3
    6 |   1.7162 |     48.925 |   1.6851 |     48.727 |     0.4
    7 |   1.6388 |     48.763 |   1.6186 |     48.727 |     0.5
    8 |   1.5773 |     47.612 |   1.5658 |     46.151 |     0.5
    9 |   1.5293 |     46.332 |   1.5270 |     46.151 |     0.6
   10 |   1.4941 |     46.337 |   1.5011 |     46.151 |     0.7
   11 |   1.4711 |     46.337 |   1.4809 |     46.182 |     0.7
   12 |   1.4529 |     46.337 |   1.4669 |     46.151 |     0.8
   13 |   1.4398 |     46.337 |   1.4583 |     46.151 |     0.9
   14 |   1.4306 |     46.343 |   1.4472 |     46.151 |     0.9
   15 |   1.4203 |     46.299 |   1.4371 |     46.182 |     1.0
   16 |   1.4112 |     46.337 |   1.4283 |     46.151 |     1.1
   17 |   1.4012 |     46.326 |   1.4146 |     46.151 |     1.1
   18 |   1.3891 |     46.294 |   1.3979 |     46.151 |     1.2
   19 |   1.3763 |     45.873 |   1.3901 |     45.996 |     1.3
   20 |   1.3650 |     45.532 |   1.3805 |     46.058 |     1.3
   21 |   1.3578 |     45.300 |   1.3736 |     46.182 |     1.4
   22 |   1.3489 |     45.035 |   1.3666 |     46.058 |     1.4
   23 |   1.3387 |     45.041 |   1.3527 |     46.027 |     1.5
   24 |   1.3266 |     44.938 |   1.3461 |     46.058 |     1.6
   25 |   1.3151 |     44.652 |   1.3317 |     45.748 |     1.6
   26 |   1.3028 |     44.295 |   1.3273 |     45.593 |     1.7
   27 |   1.2916 |     43.895 |   1.3179 |     44.507 |     1.8
   28 |   1.2848 |     43.436 |   1.3100 |     44.196 |     1.8
   29 |   1.2749 |     43.344 |   1.3011 |     43.886 |     1.9
   30 |   1.2673 |     42.998 |   1.2993 |     44.010 |     2.0
   31 |   1.2611 |     42.577 |   1.2906 |     43.700 |     2.0
   32 |   1.2504 |     42.399 |   1.2843 |     43.513 |     2.1
   33 |   1.2410 |     41.761 |   1.2814 |     43.731 |     2.2
   34 |   1.2330 |     41.664 |   1.2778 |     43.420 |     2.2
   35 |   1.2245 |     41.583 |   1.2720 |     43.265 |     2.3
   36 |   1.2155 |     41.135 |   1.2688 |     43.451 |     2.4
   37 |   1.2086 |     41.102 |   1.2645 |     43.203 |     2.4
   38 |   1.2007 |     41.048 |   1.2583 |     43.048 |     2.5
   39 |   1.1906 |     40.508 |   1.2560 |     43.265 |     2.6
   40 |   1.1847 |     40.351 |   1.2481 |     42.737 |     2.6
   41 |   1.1765 |     40.313 |   1.2482 |     42.241 |     2.7
   42 |   1.1660 |     39.638 |   1.2471 |     42.396 |     2.8
   43 |   1.1642 |     39.573 |   1.2491 |     42.737 |     2.8
   44 |   1.1544 |     39.271 |   1.2444 |     42.334 |     2.9
   45 |   1.1454 |     38.903 |   1.2386 |     41.868 |     3.0
   46 |   1.1408 |     38.822 |   1.2427 |     42.055 |     3.0
   47 |   1.1331 |     38.714 |   1.2333 |     41.558 |     3.1
   48 |   1.1258 |     38.487 |   1.2297 |     41.527 |     3.1
   49 |   1.1177 |     38.125 |   1.2279 |     41.186 |     3.2
   50 |   1.1118 |     37.812 |   1.2277 |     41.899 |     3.3
   51 |   1.1076 |     37.455 |   1.2210 |     41.744 |     3.3
   52 |   1.0989 |     37.164 |   1.2151 |     40.937 |     3.4
   53 |   1.0916 |     36.969 |   1.2143 |     40.534 |     3.5
   54 |   1.0886 |     36.672 |   1.2181 |     40.813 |     3.5
   55 |   1.0809 |     36.694 |   1.2148 |     40.161 |     3.6
   56 |   1.0714 |     35.932 |   1.2138 |     40.472 |     3.7
   57 |   1.0674 |     35.873 |   1.2067 |     40.006 |     3.7
   58 |   1.0632 |     35.835 |   1.2158 |     40.130 |     3.8
   59 |   1.0531 |     35.375 |   1.2133 |     39.417 |     3.9
   60 |   1.0488 |     35.262 |   1.2040 |     39.417 |     3.9
   61 |   1.0449 |     35.084 |   1.2030 |     39.354 |     4.0
   62 |   1.0341 |     34.760 |   1.2011 |     39.106 |     4.1
   63 |   1.0326 |     34.322 |   1.1960 |     38.858 |     4.1
   64 |   1.0268 |     34.311 |   1.2021 |     38.361 |     4.2
   65 |   1.0189 |     34.079 |   1.2017 |     38.610 |     4.3
   66 |   1.0133 |     33.755 |   1.2124 |     39.417 |     4.3
   67 |   1.0053 |     33.490 |   1.1996 |     38.020 |     4.4
   68 |   1.0014 |     33.177 |   1.1914 |     37.803 |     4.5
   69 |   0.9923 |     32.939 |   1.2026 |     38.237 |     4.5
   70 |   0.9908 |     32.631 |   1.1868 |     37.834 |     4.6
   71 |   0.9843 |     32.518 |   1.1890 |     37.741 |     4.7
   72 |   0.9762 |     32.210 |   1.1890 |     37.554 |     4.7
   73 |   0.9695 |     31.880 |   1.1904 |     37.399 |     4.8
   74 |   0.9594 |     31.432 |   1.1871 |     36.747 |     4.9
Early stopping

Model: Seq2Seq Multimodal Bi-LSTM
Source index: <Seq2Seq Index with 43 items>
Target index: <Seq2Seq Index with 34 items>
Encoder embedding dimension: 64
Descriptors dimension: 1136
Decoder embedding dimension: 128
Encoder hidden units: 128
Encoder layers: 3
Decoder hidden units: 64
Decoder layers: 2
Dropout: 0.2
Trainable parameters: 1,763,810

Training started
X_train.shape: torch.Size([3085, 702])
Y_train.shape: torch.Size([3085, 7])
X_dev.shape: torch.Size([537, 649])
Y_dev.shape: torch.Size([537, 7])
Epochs: 500
Learning rate: 0.001
Weight decay: 0.0001
Epoch | Train                 | Development           | Minutes
      | Loss     | Error Rate | Loss     | Error Rate |
---------------------------------------------------------------
    1 |   2.4867 |     66.261 |   2.0289 |     59.621 |     0.1
    2 |   1.7894 |     50.935 |   1.6221 |     46.182 |     0.1
    3 |   1.5130 |     46.283 |   1.4678 |     45.220 |     0.2
    4 |   1.4236 |     45.392 |   1.4220 |     45.345 |     0.3
    5 |   1.3755 |     44.500 |   1.3742 |     44.724 |     0.3
    6 |   1.3365 |     43.528 |   1.3470 |     44.507 |     0.4
    7 |   1.3059 |     42.928 |   1.3210 |     44.041 |     0.4
    8 |   1.2763 |     42.291 |   1.3032 |     42.924 |     0.5
    9 |   1.2500 |     41.410 |   1.2803 |     42.520 |     0.6
   10 |   1.2196 |     40.022 |   1.2518 |     41.620 |     0.6
   11 |   1.2047 |     40.011 |   1.2422 |     40.441 |     0.7
   12 |   1.1832 |     39.184 |   1.2212 |     40.161 |     0.8
   13 |   1.1515 |     38.147 |   1.2095 |     40.441 |     0.8
   14 |   1.1252 |     37.337 |   1.1846 |     39.106 |     0.9
   15 |   1.1093 |     36.791 |   1.1719 |     38.268 |     0.9
   16 |   1.0825 |     35.656 |   1.1520 |     37.678 |     1.0
   17 |   1.0601 |     34.884 |   1.1551 |     37.709 |     1.1
   18 |   1.0506 |     34.970 |   1.1432 |     37.803 |     1.1
   19 |   1.0248 |     34.187 |   1.1238 |     36.623 |     1.2
   20 |   1.0037 |     33.155 |   1.1096 |     35.940 |     1.3
   21 |   0.9890 |     32.890 |   1.0957 |     35.413 |     1.3
   22 |   0.9725 |     32.021 |   1.0919 |     35.102 |     1.4
   23 |   0.9603 |     31.950 |   1.0869 |     35.630 |     1.5
   24 |   0.9413 |     31.151 |   1.0727 |     34.761 |     1.5
   25 |   0.9202 |     30.303 |   1.0684 |     34.947 |     1.6
   26 |   0.9071 |     30.411 |   1.0695 |     34.482 |     1.6
   27 |   0.8986 |     29.935 |   1.0655 |     34.761 |     1.7
   28 |   0.8844 |     29.541 |   1.0644 |     34.513 |     1.8
   29 |   0.8687 |     28.941 |   1.0703 |     34.264 |     1.8
   30 |   0.8608 |     28.617 |   1.0439 |     33.240 |     1.9
   31 |   0.8407 |     27.931 |   1.0572 |     35.071 |     2.0
   32 |   0.8358 |     27.942 |   1.0553 |     34.389 |     2.0
   33 |   0.8124 |     27.039 |   1.0376 |     33.954 |     2.1
   34 |   0.8033 |     26.823 |   1.0389 |     33.861 |     2.1
   35 |   0.8016 |     26.910 |   1.0409 |     33.023 |     2.2
   36 |   0.7880 |     26.526 |   1.0333 |     32.992 |     2.3
   37 |   0.7922 |     26.786 |   1.0221 |     32.402 |     2.3
   38 |   0.7818 |     26.175 |   1.0400 |     33.395 |     2.4
   39 |   0.7611 |     25.781 |   1.0401 |     33.240 |     2.5
   40 |   0.7557 |     25.462 |   1.0210 |     32.402 |     2.5
   41 |   0.7391 |     24.738 |   1.0138 |     32.154 |     2.6
   42 |   0.7362 |     24.700 |   1.0089 |     32.806 |     2.7
   43 |   0.7241 |     24.565 |   1.0196 |     31.813 |     2.7
   44 |   0.7191 |     24.506 |   1.0157 |     32.185 |     2.8
   45 |   0.7070 |     23.771 |   0.9963 |     31.719 |     2.8
   46 |   0.7060 |     23.857 |   1.0177 |     31.937 |     2.9
   47 |   0.7093 |     23.992 |   1.0013 |     31.037 |     3.0
   48 |   0.6903 |     23.144 |   1.0130 |     31.502 |     3.0
   49 |   0.6947 |     23.350 |   1.0276 |     32.092 |     3.1
   50 |   0.6720 |     22.728 |   0.9904 |     30.416 |     3.2
   51 |   0.6672 |     22.350 |   1.0118 |     31.564 |     3.2
   52 |   0.6680 |     22.599 |   1.0334 |     31.906 |     3.3
   53 |   0.6605 |     22.528 |   1.0133 |     31.471 |     3.3
   54 |   0.6575 |     22.010 |   1.0150 |     31.564 |     3.4
Early stopping

Model: Seq2Seq Multimodal Bi-LSTM
Source index: <Seq2Seq Index with 43 items>
Target index: <Seq2Seq Index with 34 items>
Encoder embedding dimension: 128
Descriptors dimension: 1136
Decoder embedding dimension: 64
Encoder hidden units: 128
Encoder layers: 4
Decoder hidden units: 128
Decoder layers: 3
Dropout: 0.2
Trainable parameters: 2,932,002

Training started
X_train.shape: torch.Size([3085, 702])
Y_train.shape: torch.Size([3085, 7])
X_dev.shape: torch.Size([537, 649])
Y_dev.shape: torch.Size([537, 7])
Epochs: 500
Learning rate: 0.0001
Weight decay: 0.0001
Epoch | Train                 | Development           | Minutes
      | Loss     | Error Rate | Loss     | Error Rate |
---------------------------------------------------------------
    1 |   3.1260 |     83.712 |   2.6609 |     81.595 |     0.1
    2 |   2.4197 |     61.788 |   2.2486 |     59.777 |     0.2
    3 |   2.1217 |     57.039 |   2.0278 |     57.045 |     0.3
    4 |   1.9454 |     54.516 |   1.8780 |     48.821 |     0.3
    5 |   1.8094 |     49.525 |   1.7607 |     48.790 |     0.4
    6 |   1.7021 |     48.903 |   1.6676 |     48.790 |     0.5
    7 |   1.6186 |     48.325 |   1.6003 |     46.245 |     0.6
    8 |   1.5581 |     46.364 |   1.5484 |     46.182 |     0.7
    9 |   1.5146 |     46.337 |   1.5149 |     46.245 |     0.8
   10 |   1.4836 |     46.343 |   1.4915 |     46.214 |     0.9
   11 |   1.4628 |     46.364 |   1.4728 |     46.214 |     1.0
   12 |   1.4470 |     46.305 |   1.4594 |     46.214 |     1.0
   13 |   1.4339 |     46.397 |   1.4498 |     46.214 |     1.1
   14 |   1.4211 |     46.386 |   1.4329 |     46.151 |     1.2
   15 |   1.4084 |     46.261 |   1.4211 |     46.089 |     1.3
   16 |   1.3950 |     46.316 |   1.4081 |     46.182 |     1.4
   17 |   1.3808 |     45.845 |   1.3972 |     46.151 |     1.5
   18 |   1.3707 |     45.338 |   1.3859 |     45.717 |     1.6
   19 |   1.3576 |     44.884 |   1.3776 |     45.500 |     1.6
   20 |   1.3450 |     44.511 |   1.3653 |     45.624 |     1.7
   21 |   1.3324 |     44.322 |   1.3501 |     45.562 |     1.8
   22 |   1.3168 |     43.890 |   1.3424 |     45.779 |     1.9
   23 |   1.3027 |     43.955 |   1.3284 |     45.407 |     2.0
   24 |   1.2908 |     43.776 |   1.3165 |     45.003 |     2.1
   25 |   1.2770 |     43.366 |   1.3049 |     44.693 |     2.2
   26 |   1.2647 |     42.934 |   1.2949 |     44.320 |     2.3
   27 |   1.2559 |     42.577 |   1.2906 |     43.917 |     2.3
   28 |   1.2384 |     41.723 |   1.2827 |     43.358 |     2.4
   29 |   1.2254 |     41.037 |   1.2718 |     42.644 |     2.5
   30 |   1.2116 |     40.384 |   1.2637 |     42.272 |     2.6
   31 |   1.2009 |     39.951 |   1.2593 |     42.241 |     2.7
   32 |   1.1843 |     39.276 |   1.2563 |     42.024 |     2.8
   33 |   1.1713 |     38.936 |   1.2382 |     40.937 |     2.9
   34 |   1.1597 |     38.428 |   1.2327 |     40.875 |     2.9
   35 |   1.1459 |     37.850 |   1.2304 |     41.310 |     3.0
   36 |   1.1322 |     37.472 |   1.2236 |     40.503 |     3.1
   37 |   1.1187 |     37.072 |   1.2088 |     40.596 |     3.2
   38 |   1.1078 |     36.640 |   1.2109 |     40.379 |     3.3
   39 |   1.0953 |     36.267 |   1.2026 |     40.534 |     3.4
   40 |   1.0833 |     35.629 |   1.2052 |     40.534 |     3.5
   41 |   1.0724 |     35.446 |   1.1935 |     39.479 |     3.5
   42 |   1.0613 |     35.116 |   1.1841 |     39.820 |     3.6
   43 |   1.0500 |     34.695 |   1.1897 |     39.696 |     3.7
   44 |   1.0368 |     34.273 |   1.1805 |     39.758 |     3.8
   45 |   1.0231 |     33.522 |   1.1785 |     39.385 |     3.9
   46 |   1.0123 |     33.474 |   1.1705 |     38.858 |     4.0
   47 |   0.9979 |     32.658 |   1.1713 |     38.796 |     4.1
   48 |   0.9889 |     32.410 |   1.1723 |     39.013 |     4.1
   49 |   0.9789 |     32.010 |   1.1618 |     38.610 |     4.2
   50 |   0.9729 |     31.788 |   1.1571 |     38.175 |     4.3
   51 |   0.9565 |     31.551 |   1.1595 |     38.330 |     4.4
   52 |   0.9441 |     30.659 |   1.1559 |     38.144 |     4.5
   53 |   0.9378 |     30.962 |   1.1583 |     37.834 |     4.6
   54 |   0.9248 |     30.222 |   1.1548 |     37.647 |     4.7
   55 |   0.9146 |     30.059 |   1.1528 |     37.803 |     4.8
   56 |   0.9048 |     29.681 |   1.1415 |     37.275 |     4.8
   57 |   0.8974 |     29.217 |   1.1500 |     37.337 |     4.9
   58 |   0.8850 |     28.752 |   1.1398 |     36.220 |     5.0
   59 |   0.8735 |     28.174 |   1.1429 |     36.375 |     5.1
   60 |   0.8620 |     27.731 |   1.1355 |     36.002 |     5.2
   61 |   0.8558 |     27.569 |   1.1447 |     36.499 |     5.3
   62 |   0.8428 |     26.991 |   1.1517 |     35.909 |     5.4
   63 |   0.8331 |     26.445 |   1.1308 |     34.668 |     5.4
   64 |   0.8284 |     26.515 |   1.1276 |     35.102 |     5.5
   65 |   0.8172 |     25.786 |   1.1258 |     34.482 |     5.6
   66 |   0.8059 |     25.662 |   1.1109 |     34.140 |     5.7
   67 |   0.7974 |     25.154 |   1.1189 |     33.520 |     5.8
   68 |   0.7870 |     24.808 |   1.1187 |     33.364 |     5.9
   69 |   0.7802 |     24.527 |   1.1287 |     33.520 |     6.0
   70 |   0.7754 |     24.479 |   1.1271 |     33.675 |     6.0
Early stopping

Model: Seq2Seq Multimodal Bi-LSTM
Source index: <Seq2Seq Index with 43 items>
Target index: <Seq2Seq Index with 34 items>
Encoder embedding dimension: 128
Descriptors dimension: 1136
Decoder embedding dimension: 128
Encoder hidden units: 64
Encoder layers: 3
Decoder hidden units: 128
Decoder layers: 4
Dropout: 0.2
Trainable parameters: 1,194,082

Training started
X_train.shape: torch.Size([3085, 702])
Y_train.shape: torch.Size([3085, 7])
X_dev.shape: torch.Size([537, 649])
Y_dev.shape: torch.Size([537, 7])
Epochs: 500
Learning rate: 0.0001
Weight decay: 1e-05
Epoch | Train                 | Development           | Minutes
      | Loss     | Error Rate | Loss     | Error Rate |
---------------------------------------------------------------
    1 |   3.2349 |     84.052 |   2.6970 |     81.626 |     0.0
    2 |   2.4144 |     62.572 |   2.2167 |     59.745 |     0.1
    3 |   2.0894 |     57.180 |   2.0010 |     59.745 |     0.1
    4 |   1.9207 |     53.603 |   1.8604 |     48.727 |     0.1
    5 |   1.7939 |     49.514 |   1.7477 |     48.727 |     0.2
    6 |   1.6925 |     48.763 |   1.6584 |     48.727 |     0.2
    7 |   1.6135 |     46.672 |   1.5916 |     46.151 |     0.3
    8 |   1.5561 |     46.337 |   1.5433 |     46.151 |     0.3
    9 |   1.5135 |     46.332 |   1.5124 |     46.151 |     0.3
   10 |   1.4830 |     46.348 |   1.4876 |     46.151 |     0.4
   11 |   1.4623 |     46.397 |   1.4719 |     46.151 |     0.4
   12 |   1.4471 |     46.391 |   1.4577 |     46.151 |     0.5
   13 |   1.4348 |     46.343 |   1.4487 |     46.151 |     0.5
   14 |   1.4232 |     46.305 |   1.4360 |     46.151 |     0.5
   15 |   1.4132 |     46.370 |   1.4255 |     46.151 |     0.6
   16 |   1.4021 |     46.294 |   1.4167 |     46.151 |     0.6
   17 |   1.3907 |     46.353 |   1.4041 |     46.151 |     0.6
   18 |   1.3804 |     46.170 |   1.3970 |     46.182 |     0.7
   19 |   1.3697 |     45.867 |   1.3848 |     45.872 |     0.7
   20 |   1.3628 |     45.262 |   1.3782 |     45.810 |     0.8
   21 |   1.3539 |     45.138 |   1.3728 |     46.058 |     0.8
   22 |   1.3458 |     44.976 |   1.3664 |     45.903 |     0.8
   23 |   1.3392 |     44.841 |   1.3601 |     45.779 |     0.9
   24 |   1.3314 |     44.868 |   1.3585 |     45.965 |     0.9
   25 |   1.3252 |     44.727 |   1.3545 |     45.748 |     0.9
   26 |   1.3177 |     44.630 |   1.3453 |     45.810 |     1.0
   27 |   1.3099 |     44.608 |   1.3343 |     45.500 |     1.0
   28 |   1.3001 |     44.419 |   1.3276 |     46.089 |     1.1
   29 |   1.2910 |     44.452 |   1.3202 |     45.655 |     1.1
   30 |   1.2810 |     44.209 |   1.3134 |     45.438 |     1.1
   31 |   1.2704 |     43.906 |   1.3064 |     45.562 |     1.2
   32 |   1.2584 |     43.468 |   1.2982 |     45.096 |     1.2
   33 |   1.2489 |     43.009 |   1.2894 |     44.662 |     1.2
   34 |   1.2362 |     42.469 |   1.2840 |     44.538 |     1.3
   35 |   1.2304 |     42.339 |   1.2841 |     44.569 |     1.3
   36 |   1.2180 |     41.691 |   1.2744 |     43.762 |     1.4
   37 |   1.2096 |     41.464 |   1.2673 |     43.358 |     1.4
   38 |   1.1965 |     40.951 |   1.2618 |     43.079 |     1.4
   39 |   1.1904 |     40.751 |   1.2558 |     42.706 |     1.5
   40 |   1.1827 |     40.486 |   1.2515 |     43.079 |     1.5
   41 |   1.1720 |     39.708 |   1.2440 |     41.993 |     1.5
   42 |   1.1611 |     39.816 |   1.2458 |     42.210 |     1.6
   43 |   1.1486 |     39.006 |   1.2406 |     41.434 |     1.6
   44 |   1.1450 |     38.795 |   1.2363 |     41.837 |     1.7
   45 |   1.1342 |     38.709 |   1.2318 |     41.496 |     1.7
   46 |   1.1241 |     38.347 |   1.2294 |     41.124 |     1.7
   47 |   1.1147 |     37.990 |   1.2243 |     40.999 |     1.8
   48 |   1.1099 |     37.936 |   1.2245 |     40.503 |     1.8
   49 |   1.1004 |     37.672 |   1.2203 |     41.124 |     1.8
   50 |   1.0938 |     37.245 |   1.2178 |     41.341 |     1.9
   51 |   1.0799 |     36.915 |   1.2129 |     40.565 |     1.9
   52 |   1.0729 |     36.645 |   1.2123 |     40.379 |     2.0
   53 |   1.0663 |     36.461 |   1.2015 |     39.634 |     2.0
   54 |   1.0575 |     36.105 |   1.2027 |     39.944 |     2.0
   55 |   1.0513 |     35.797 |   1.2090 |     40.503 |     2.1
   56 |   1.0426 |     35.467 |   1.1978 |     39.696 |     2.1
   57 |   1.0358 |     35.176 |   1.1970 |     38.951 |     2.1
   58 |   1.0276 |     34.598 |   1.1934 |     38.641 |     2.2
   59 |   1.0221 |     34.506 |   1.1892 |     38.610 |     2.2
   60 |   1.0123 |     34.187 |   1.1899 |     39.013 |     2.3
   61 |   1.0068 |     33.879 |   1.1828 |     38.920 |     2.3
   62 |   1.0013 |     33.879 |   1.1845 |     38.610 |     2.3
   63 |   0.9930 |     33.576 |   1.1795 |     37.927 |     2.4
   64 |   0.9891 |     33.025 |   1.1760 |     37.958 |     2.4
   65 |   0.9808 |     33.042 |   1.1821 |     37.492 |     2.4
   66 |   0.9741 |     33.042 |   1.1816 |     38.113 |     2.5
   67 |   0.9687 |     32.750 |   1.1759 |     37.461 |     2.5
   68 |   0.9603 |     32.469 |   1.1787 |     37.834 |     2.6
   69 |   0.9562 |     32.291 |   1.1798 |     37.647 |     2.6
   70 |   0.9517 |     32.301 |   1.1743 |     37.058 |     2.6
   71 |   0.9411 |     31.707 |   1.1726 |     37.027 |     2.7
   72 |   0.9389 |     31.783 |   1.1700 |     37.089 |     2.7
   73 |   0.9359 |     31.464 |   1.1805 |     36.778 |     2.7
   74 |   0.9300 |     31.415 |   1.1679 |     37.058 |     2.8
   75 |   0.9215 |     31.129 |   1.1698 |     36.965 |     2.8
   76 |   0.9175 |     31.194 |   1.1752 |     37.399 |     2.8
   77 |   0.9082 |     30.654 |   1.1660 |     36.934 |     2.9
   78 |   0.9013 |     30.546 |   1.1617 |     36.127 |     2.9
   79 |   0.9025 |     30.432 |   1.1629 |     36.468 |     3.0
   80 |   0.8962 |     30.448 |   1.1662 |     36.747 |     3.0
   81 |   0.8973 |     30.276 |   1.1673 |     36.375 |     3.0
   82 |   0.8862 |     29.795 |   1.1690 |     36.127 |     3.1
Early stopping

Model: Seq2Seq Multimodal Bi-LSTM
Source index: <Seq2Seq Index with 43 items>
Target index: <Seq2Seq Index with 34 items>
Encoder embedding dimension: 128
Descriptors dimension: 1136
Decoder embedding dimension: 128
Encoder hidden units: 32
Encoder layers: 4
Decoder hidden units: 128
Decoder layers: 3
Dropout: 0.0
Trainable parameters: 754,722

Training started
X_train.shape: torch.Size([3085, 702])
Y_train.shape: torch.Size([3085, 7])
X_dev.shape: torch.Size([537, 649])
Y_dev.shape: torch.Size([537, 7])
Epochs: 500
Learning rate: 0.001
Weight decay: 1e-05
Epoch | Train                 | Development           | Minutes
      | Loss     | Error Rate | Loss     | Error Rate |
---------------------------------------------------------------
    1 |   2.1540 |     59.049 |   1.6021 |     46.214 |     0.0
    2 |   1.4613 |     46.380 |   1.4382 |     46.214 |     0.1
    3 |   1.3809 |     46.159 |   1.3733 |     45.934 |     0.1
    4 |   1.3409 |     45.527 |   1.3376 |     45.810 |     0.1
    5 |   1.3057 |     44.819 |   1.3128 |     45.810 |     0.1
    6 |   1.2773 |     43.760 |   1.2962 |     44.134 |     0.2
    7 |   1.2488 |     42.728 |   1.2679 |     44.072 |     0.2
    8 |   1.2129 |     41.572 |   1.2387 |     43.793 |     0.2
    9 |   1.1747 |     40.573 |   1.2122 |     41.061 |     0.3
   10 |   1.1198 |     37.709 |   1.1513 |     38.237 |     0.3
   11 |   1.0545 |     35.429 |   1.1284 |     37.058 |     0.3
   12 |   0.9940 |     33.301 |   1.0832 |     36.002 |     0.3
   13 |   0.9386 |     31.588 |   1.0511 |     34.202 |     0.4
   14 |   0.8881 |     29.757 |   1.0453 |     34.358 |     0.4
   15 |   0.8359 |     27.817 |   1.0167 |     32.775 |     0.4
   16 |   0.7848 |     25.873 |   1.0303 |     32.557 |     0.5
   17 |   0.7378 |     24.403 |   1.0016 |     32.588 |     0.5
   18 |   0.6926 |     22.728 |   1.0134 |     31.688 |     0.5
   19 |   0.6580 |     21.556 |   0.9802 |     29.950 |     0.5
   20 |   0.6050 |     19.627 |   0.9890 |     30.230 |     0.6
   21 |   0.5632 |     18.152 |   0.9789 |     29.702 |     0.6
   22 |   0.5362 |     17.499 |   0.9740 |     29.081 |     0.6
   23 |   0.4929 |     15.786 |   0.9949 |     28.585 |     0.7
   24 |   0.4674 |     15.105 |   0.9999 |     28.243 |     0.7
   25 |   0.4309 |     13.933 |   0.9828 |     28.367 |     0.7
   26 |   0.4219 |     13.679 |   0.9926 |     27.840 |     0.7
Early stopping

Model: Seq2Seq Multimodal Bi-LSTM
Source index: <Seq2Seq Index with 43 items>
Target index: <Seq2Seq Index with 34 items>
Encoder embedding dimension: 64
Descriptors dimension: 1136
Decoder embedding dimension: 128
Encoder hidden units: 32
Encoder layers: 3
Decoder hidden units: 64
Decoder layers: 3
Dropout: 0.2
Trainable parameters: 343,746

Training started
X_train.shape: torch.Size([3085, 702])
Y_train.shape: torch.Size([3085, 7])
X_dev.shape: torch.Size([537, 649])
Y_dev.shape: torch.Size([537, 7])
Epochs: 500
Learning rate: 0.001
Weight decay: 0.0001
Epoch | Train                 | Development           | Minutes
      | Loss     | Error Rate | Loss     | Error Rate |
---------------------------------------------------------------
    1 |   2.5324 |     67.056 |   1.9553 |     53.321 |     0.0
    2 |   1.7136 |     49.471 |   1.5570 |     46.151 |     0.0
    3 |   1.4788 |     46.440 |   1.4527 |     46.182 |     0.1
    4 |   1.4149 |     46.234 |   1.4204 |     46.151 |     0.1
    5 |   1.3853 |     46.359 |   1.3870 |     46.120 |     0.1
    6 |   1.3506 |     45.786 |   1.3459 |     45.996 |     0.1
    7 |   1.3203 |     44.862 |   1.3218 |     45.500 |     0.1
    8 |   1.2890 |     44.192 |   1.2970 |     45.345 |     0.1
    9 |   1.2670 |     43.836 |   1.2918 |     45.065 |     0.2
   10 |   1.2464 |     43.020 |   1.2708 |     44.941 |     0.2
   11 |   1.2285 |     42.593 |   1.2508 |     43.575 |     0.2
   12 |   1.2052 |     41.945 |   1.2444 |     42.675 |     0.2
   13 |   1.1880 |     41.172 |   1.2275 |     41.465 |     0.2
   14 |   1.1631 |     39.833 |   1.2155 |     40.037 |     0.2
   15 |   1.1359 |     38.617 |   1.1992 |     39.789 |     0.3
   16 |   1.1049 |     37.639 |   1.1680 |     38.268 |     0.3
   17 |   1.0761 |     36.153 |   1.1419 |     38.268 |     0.3
   18 |   1.0494 |     35.640 |   1.1420 |     38.113 |     0.3
   19 |   1.0244 |     34.419 |   1.1294 |     38.020 |     0.3
   20 |   1.0060 |     33.793 |   1.1211 |     37.089 |     0.4
   21 |   0.9803 |     33.285 |   1.1126 |     36.840 |     0.4
   22 |   0.9623 |     32.188 |   1.0896 |     36.840 |     0.4
   23 |   0.9436 |     31.696 |   1.0748 |     34.730 |     0.4
   24 |   0.9301 |     31.080 |   1.1064 |     36.002 |     0.4
   25 |   0.9092 |     30.497 |   1.0697 |     35.785 |     0.4
   26 |   0.8871 |     29.422 |   1.0693 |     34.699 |     0.5
   27 |   0.8669 |     28.898 |   1.0526 |     34.078 |     0.5
   28 |   0.8599 |     28.817 |   1.0531 |     34.420 |     0.5
   29 |   0.8390 |     28.147 |   1.0733 |     33.613 |     0.5
   30 |   0.8246 |     27.477 |   1.0495 |     34.109 |     0.5
   31 |   0.8121 |     27.099 |   1.0433 |     33.364 |     0.5
   32 |   0.7975 |     26.548 |   1.0212 |     32.682 |     0.6
   33 |   0.7743 |     25.802 |   1.0478 |     33.861 |     0.6
   34 |   0.7710 |     25.619 |   1.0320 |     32.651 |     0.6
   35 |   0.7498 |     24.808 |   1.0277 |     32.309 |     0.6
   36 |   0.7369 |     24.338 |   1.0135 |     31.844 |     0.6
   37 |   0.7301 |     24.155 |   1.0149 |     31.440 |     0.7
   38 |   0.7164 |     23.728 |   1.0108 |     31.502 |     0.7
   39 |   0.7094 |     23.387 |   1.0106 |     30.571 |     0.7
   40 |   0.6912 |     22.599 |   1.0012 |     30.230 |     0.7
   41 |   0.6825 |     22.269 |   0.9927 |     30.012 |     0.7
   42 |   0.6702 |     22.107 |   0.9814 |     30.385 |     0.7
   43 |   0.6598 |     21.394 |   0.9910 |     29.299 |     0.8
   44 |   0.6514 |     21.113 |   1.0160 |     30.447 |     0.8
   45 |   0.6397 |     20.978 |   1.0032 |     29.268 |     0.8
   46 |   0.6302 |     20.416 |   0.9942 |     29.081 |     0.8
Early stopping

Model: Seq2Seq Multimodal Bi-LSTM
Source index: <Seq2Seq Index with 43 items>
Target index: <Seq2Seq Index with 34 items>
Encoder embedding dimension: 128
Descriptors dimension: 1136
Decoder embedding dimension: 64
Encoder hidden units: 64
Encoder layers: 3
Decoder hidden units: 128
Decoder layers: 3
Dropout: 0.2
Trainable parameters: 1,027,042

Training started
X_train.shape: torch.Size([3085, 702])
Y_train.shape: torch.Size([3085, 7])
X_dev.shape: torch.Size([537, 649])
Y_dev.shape: torch.Size([537, 7])
Epochs: 500
Learning rate: 0.0001
Weight decay: 1e-05
Epoch | Train                 | Development           | Minutes
      | Loss     | Error Rate | Loss     | Error Rate |
---------------------------------------------------------------
    1 |   3.1664 |     84.263 |   2.6805 |     83.333 |     0.0
    2 |   2.3970 |     61.605 |   2.2024 |     59.745 |     0.1
    3 |   2.0760 |     56.672 |   1.9825 |     58.318 |     0.1
    4 |   1.8974 |     52.404 |   1.8354 |     48.727 |     0.1
    5 |   1.7689 |     49.157 |   1.7240 |     48.727 |     0.2
    6 |   1.6643 |     48.817 |   1.6322 |     48.759 |     0.2
    7 |   1.5827 |     47.904 |   1.5699 |     46.151 |     0.2
    8 |   1.5277 |     46.343 |   1.5246 |     46.182 |     0.3
    9 |   1.4925 |     46.332 |   1.4963 |     46.120 |     0.3
   10 |   1.4651 |     46.316 |   1.4735 |     46.120 |     0.4
   11 |   1.4445 |     46.461 |   1.4588 |     46.151 |     0.4
   12 |   1.4282 |     46.370 |   1.4417 |     46.151 |     0.4
   13 |   1.4151 |     46.375 |   1.4286 |     46.182 |     0.5
   14 |   1.4006 |     46.380 |   1.4190 |     46.151 |     0.5
   15 |   1.3891 |     46.159 |   1.4061 |     46.245 |     0.5
   16 |   1.3797 |     46.002 |   1.3950 |     45.903 |     0.6
   17 |   1.3707 |     45.651 |   1.3965 |     45.996 |     0.6
   18 |   1.3639 |     45.392 |   1.3759 |     45.996 |     0.6
   19 |   1.3560 |     45.273 |   1.3729 |     45.996 |     0.7
   20 |   1.3471 |     45.370 |   1.3643 |     46.027 |     0.7
   21 |   1.3421 |     45.105 |   1.3572 |     45.593 |     0.7
   22 |   1.3353 |     45.051 |   1.3582 |     46.058 |     0.8
   23 |   1.3290 |     44.986 |   1.3464 |     45.903 |     0.8
   24 |   1.3232 |     45.014 |   1.3404 |     45.872 |     0.8
   25 |   1.3163 |     44.646 |   1.3397 |     45.965 |     0.9
   26 |   1.3096 |     44.625 |   1.3330 |     45.779 |     0.9
   27 |   1.3030 |     44.554 |   1.3241 |     45.872 |     1.0
   28 |   1.2970 |     44.209 |   1.3171 |     44.786 |     1.0
   29 |   1.2886 |     43.744 |   1.3145 |     45.655 |     1.0
   30 |   1.2838 |     43.690 |   1.3094 |     44.879 |     1.1
   31 |   1.2781 |     43.620 |   1.3074 |     44.786 |     1.1
   32 |   1.2701 |     43.301 |   1.2986 |     44.165 |     1.1
   33 |   1.2672 |     42.988 |   1.2984 |     44.475 |     1.2
   34 |   1.2587 |     42.512 |   1.2924 |     43.979 |     1.2
   35 |   1.2516 |     42.658 |   1.2868 |     43.141 |     1.2
   36 |   1.2485 |     41.896 |   1.2843 |     42.800 |     1.3
   37 |   1.2374 |     41.145 |   1.2776 |     42.644 |     1.3
   38 |   1.2288 |     40.702 |   1.2746 |     42.737 |     1.3
   39 |   1.2200 |     40.373 |   1.2683 |     42.272 |     1.4
   40 |   1.2121 |     39.941 |   1.2619 |     41.837 |     1.4
   41 |   1.2046 |     39.719 |   1.2559 |     41.930 |     1.4
   42 |   1.1914 |     39.341 |   1.2553 |     41.465 |     1.5
   43 |   1.1836 |     39.060 |   1.2407 |     41.186 |     1.5
   44 |   1.1715 |     38.920 |   1.2325 |     40.844 |     1.6
   45 |   1.1616 |     38.779 |   1.2308 |     41.217 |     1.6
   46 |   1.1514 |     38.347 |   1.2252 |     40.999 |     1.6
   47 |   1.1438 |     38.260 |   1.2196 |     40.906 |     1.7
   48 |   1.1313 |     37.974 |   1.2125 |     40.751 |     1.7
   49 |   1.1227 |     37.520 |   1.2086 |     40.658 |     1.7
   50 |   1.1137 |     37.558 |   1.2041 |     40.782 |     1.8
   51 |   1.1022 |     37.104 |   1.1939 |     40.255 |     1.8
   52 |   1.0925 |     37.050 |   1.1928 |     40.317 |     1.8
   53 |   1.0833 |     36.591 |   1.1863 |     40.130 |     1.9
   54 |   1.0722 |     36.180 |   1.1801 |     39.479 |     1.9
   55 |   1.0649 |     36.035 |   1.1774 |     39.261 |     1.9
   56 |   1.0529 |     35.629 |   1.1758 |     39.634 |     2.0
   57 |   1.0456 |     35.348 |   1.1781 |     39.448 |     2.0
   58 |   1.0331 |     34.905 |   1.1635 |     38.547 |     2.0
   59 |   1.0238 |     34.317 |   1.1577 |     38.268 |     2.1
   60 |   1.0124 |     33.960 |   1.1563 |     37.834 |     2.1
   61 |   1.0005 |     33.436 |   1.1499 |     37.709 |     2.1
   62 |   0.9923 |     33.101 |   1.1455 |     37.430 |     2.2
   63 |   0.9803 |     32.582 |   1.1396 |     36.654 |     2.2
   64 |   0.9707 |     32.231 |   1.1453 |     37.213 |     2.3
   65 |   0.9556 |     31.821 |   1.1365 |     36.189 |     2.3
   66 |   0.9522 |     31.405 |   1.1394 |     36.592 |     2.3
   67 |   0.9403 |     30.999 |   1.1335 |     36.282 |     2.4
   68 |   0.9294 |     30.767 |   1.1236 |     35.630 |     2.4
   69 |   0.9151 |     30.092 |   1.1258 |     35.816 |     2.4
   70 |   0.9100 |     29.703 |   1.1230 |     35.133 |     2.5
   71 |   0.8969 |     29.579 |   1.1340 |     35.785 |     2.5
   72 |   0.8903 |     29.217 |   1.1098 |     34.699 |     2.5
   73 |   0.8818 |     28.660 |   1.1175 |     34.885 |     2.6
   74 |   0.8709 |     28.212 |   1.1081 |     34.295 |     2.6
   75 |   0.8626 |     28.077 |   1.1015 |     34.233 |     2.6
   76 |   0.8517 |     27.682 |   1.1006 |     34.171 |     2.7
   77 |   0.8416 |     27.374 |   1.1023 |     33.954 |     2.7
   78 |   0.8289 |     26.910 |   1.0904 |     33.799 |     2.7
   79 |   0.8253 |     26.742 |   1.0921 |     33.768 |     2.8
   80 |   0.8163 |     26.294 |   1.0917 |     33.240 |     2.8
   81 |   0.8085 |     26.310 |   1.0984 |     33.426 |     2.9
   82 |   0.7970 |     25.543 |   1.0935 |     33.085 |     2.9
Early stopping

Model: Seq2Seq Multimodal Bi-LSTM
Source index: <Seq2Seq Index with 43 items>
Target index: <Seq2Seq Index with 34 items>
Encoder embedding dimension: 64
Descriptors dimension: 1136
Decoder embedding dimension: 128
Encoder hidden units: 64
Encoder layers: 2
Decoder hidden units: 64
Decoder layers: 2
Dropout: 0.2
Trainable parameters: 452,834

Training started
X_train.shape: torch.Size([3085, 702])
Y_train.shape: torch.Size([3085, 7])
X_dev.shape: torch.Size([537, 649])
Y_dev.shape: torch.Size([537, 7])
Epochs: 500
Learning rate: 0.001
Weight decay: 0.0001
Epoch | Train                 | Development           | Minutes
      | Loss     | Error Rate | Loss     | Error Rate |
---------------------------------------------------------------
    1 |   2.4187 |     64.371 |   1.9187 |     53.011 |     0.0
    2 |   1.6846 |     49.119 |   1.5334 |     46.182 |     0.0
    3 |   1.4539 |     46.229 |   1.4202 |     46.182 |     0.1
    4 |   1.3696 |     45.332 |   1.3548 |     44.848 |     0.1
    5 |   1.3148 |     43.225 |   1.2958 |     43.296 |     0.1
    6 |   1.2645 |     41.729 |   1.2613 |     41.930 |     0.1
    7 |   1.2305 |     40.773 |   1.2433 |     41.217 |     0.1
    8 |   1.1919 |     39.703 |   1.2096 |     40.223 |     0.1
    9 |   1.1549 |     38.633 |   1.1792 |     39.882 |     0.2
   10 |   1.1253 |     37.747 |   1.1546 |     38.392 |     0.2
   11 |   1.0834 |     36.175 |   1.1336 |     37.896 |     0.2
   12 |   1.0548 |     34.792 |   1.1502 |     37.647 |     0.2
   13 |   1.0201 |     33.793 |   1.0933 |     36.189 |     0.2
   14 |   0.9898 |     32.307 |   1.0805 |     34.575 |     0.2
   15 |   0.9566 |     31.172 |   1.0899 |     34.482 |     0.3
   16 |   0.9273 |     29.681 |   1.0596 |     33.861 |     0.3
   17 |   0.8970 |     28.709 |   1.0444 |     33.954 |     0.3
   18 |   0.8681 |     27.936 |   1.0230 |     32.744 |     0.3
   19 |   0.8455 |     27.110 |   1.0352 |     32.682 |     0.3
   20 |   0.8168 |     26.159 |   1.0220 |     32.402 |     0.3
   21 |   0.7952 |     25.565 |   1.0087 |     31.347 |     0.4
   22 |   0.7724 |     24.608 |   1.0105 |     31.688 |     0.4
   23 |   0.7525 |     24.111 |   0.9943 |     31.099 |     0.4
   24 |   0.7199 |     22.842 |   0.9889 |     31.223 |     0.4
   25 |   0.7020 |     22.318 |   0.9736 |     30.788 |     0.4
   26 |   0.6898 |     22.210 |   0.9893 |     31.192 |     0.4
   27 |   0.6725 |     21.653 |   0.9856 |     30.074 |     0.5
   28 |   0.6528 |     20.713 |   0.9676 |     29.205 |     0.5
   29 |   0.6403 |     20.573 |   0.9873 |     30.012 |     0.5
   30 |   0.6265 |     20.232 |   1.0032 |     30.199 |     0.5
   31 |   0.6054 |     19.330 |   0.9822 |     29.361 |     0.5
   32 |   0.6013 |     19.454 |   0.9878 |     29.268 |     0.6
Early stopping

Model: Seq2Seq Multimodal Bi-LSTM
Source index: <Seq2Seq Index with 43 items>
Target index: <Seq2Seq Index with 34 items>
Encoder embedding dimension: 128
Descriptors dimension: 1136
Decoder embedding dimension: 128
Encoder hidden units: 128
Encoder layers: 3
Decoder hidden units: 64
Decoder layers: 4
Dropout: 0.2
Trainable parameters: 1,898,658

Training started
X_train.shape: torch.Size([3085, 702])
Y_train.shape: torch.Size([3085, 7])
X_dev.shape: torch.Size([537, 649])
Y_dev.shape: torch.Size([537, 7])
Epochs: 500
Learning rate: 0.001
Weight decay: 1e-05
Epoch | Train                 | Development           | Minutes
      | Loss     | Error Rate | Loss     | Error Rate |
---------------------------------------------------------------
    1 |   2.5603 |     67.855 |   2.0460 |     55.245 |     0.7
    2 |   1.8015 |     51.318 |   1.6234 |     46.182 |     1.4
    3 |   1.5211 |     46.413 |   1.4777 |     46.182 |     2.1
    4 |   1.4427 |     46.434 |   1.4432 |     46.182 |     2.9
    5 |   1.4179 |     46.337 |   1.4265 |     46.182 |     3.6
    6 |   1.4079 |     46.499 |   1.4214 |     46.182 |     4.3
    7 |   1.4013 |     46.407 |   1.4133 |     46.182 |     5.1
    8 |   1.3965 |     46.359 |   1.4185 |     46.555 |     5.8
    9 |   1.3947 |     46.505 |   1.4100 |     46.555 |     6.5
   10 |   1.3927 |     46.288 |   1.4107 |     46.555 |     7.3
   11 |   1.3902 |     46.391 |   1.4082 |     46.555 |     8.0
   12 |   1.3895 |     46.510 |   1.4079 |     46.555 |     8.7
   13 |   1.3884 |     46.348 |   1.4128 |     46.555 |     9.5
   14 |   1.3867 |     46.370 |   1.4060 |     46.555 |    10.2
   15 |   1.3864 |     46.337 |   1.4011 |     46.182 |    10.9
   16 |   1.3850 |     46.245 |   1.4003 |     46.555 |    11.7
   17 |   1.3805 |     45.991 |   1.3944 |     45.438 |    12.4
   18 |   1.3693 |     45.284 |   1.3787 |     45.096 |    13.1
   19 |   1.3564 |     44.776 |   1.3721 |     44.538 |    13.9
   20 |   1.3442 |     44.543 |   1.3598 |     44.320 |    14.6
   21 |   1.3337 |     44.354 |   1.3520 |     44.382 |    15.3
   22 |   1.3244 |     44.100 |   1.3430 |     44.320 |    16.1
   23 |   1.3187 |     44.084 |   1.3348 |     43.948 |    16.8
   24 |   1.3156 |     44.057 |   1.3442 |     44.600 |    17.5
   25 |   1.3059 |     43.760 |   1.3310 |     44.258 |    18.3
   26 |   1.3017 |     43.668 |   1.3256 |     43.948 |    19.0
   27 |   1.2962 |     43.366 |   1.3183 |     43.762 |    19.7
   28 |   1.2918 |     43.193 |   1.3165 |     43.669 |    20.5
   29 |   1.2901 |     43.220 |   1.3113 |     43.762 |    21.2
   30 |   1.2825 |     43.117 |   1.3092 |     43.606 |    22.0
   31 |   1.2782 |     43.004 |   1.3069 |     43.575 |    22.7
   32 |   1.2698 |     42.934 |   1.3041 |     43.265 |    23.4
   33 |   1.2749 |     42.944 |   1.2980 |     43.358 |    24.2
   34 |   1.2636 |     42.653 |   1.2968 |     43.482 |    24.9
   35 |   1.2635 |     42.680 |   1.2896 |     43.451 |    25.7
   36 |   1.2618 |     42.528 |   1.2881 |     42.955 |    26.4
   37 |   1.2547 |     42.485 |   1.2834 |     42.862 |    27.1
   38 |   1.2526 |     42.388 |   1.2794 |     42.800 |    27.9
   39 |   1.2504 |     42.296 |   1.2852 |     42.924 |    28.6
   40 |   1.2519 |     42.523 |   1.2832 |     42.893 |    29.4
   41 |   1.2473 |     42.382 |   1.2792 |     43.048 |    30.1
   42 |   1.2434 |     42.296 |   1.2691 |     42.644 |    30.9
   43 |   1.2372 |     41.902 |   1.2703 |     42.800 |    31.6
   44 |   1.2405 |     41.988 |   1.2577 |     41.527 |    32.3
   45 |   1.2392 |     42.048 |   1.2643 |     41.651 |    33.1
   46 |   1.2255 |     41.632 |   1.2669 |     42.582 |    33.8
   47 |   1.2237 |     41.648 |   1.2655 |     41.775 |    34.5
   48 |   1.2190 |     41.448 |   1.2657 |     42.117 |    35.3
   49 |   1.2185 |     41.637 |   1.2527 |     41.651 |    36.0
   50 |   1.2097 |     41.318 |   1.2522 |     41.589 |    36.7
   51 |   1.2038 |     41.005 |   1.2486 |     40.906 |    37.5
   52 |   1.2040 |     41.021 |   1.2556 |     41.744 |    38.2
   53 |   1.1978 |     40.897 |   1.2430 |     41.217 |    39.0
   54 |   1.1982 |     40.821 |   1.2465 |     41.434 |    39.7
   55 |   1.2069 |     40.908 |   1.2508 |     41.155 |    40.4
   56 |   1.1946 |     40.886 |   1.2472 |     41.713 |    41.1
   57 |   1.1924 |     40.746 |   1.2476 |     40.782 |    41.9
   58 |   1.1872 |     40.708 |   1.2387 |     40.565 |    42.6
   59 |   1.1792 |     40.249 |   1.2206 |     39.758 |    43.4
   60 |   1.1711 |     39.870 |   1.2255 |     40.348 |    44.1
   61 |   1.1723 |     39.995 |   1.2253 |     40.348 |    44.9
   62 |   1.1617 |     39.687 |   1.2223 |     40.037 |    45.6
   63 |   1.1656 |     39.924 |   1.2301 |     40.255 |    46.3
   64 |   1.1614 |     39.665 |   1.2200 |     39.665 |    47.1
   65 |   1.1481 |     39.433 |   1.2142 |     40.099 |    47.8
   66 |   1.1418 |     38.720 |   1.2125 |     39.292 |    48.5
   67 |   1.1440 |     39.082 |   1.2392 |     40.192 |    49.2
   68 |   1.1463 |     39.244 |   1.2215 |     39.665 |    50.0
   69 |   1.1686 |     39.557 |   1.2200 |     38.951 |    50.7
   70 |   1.1482 |     39.276 |   1.2148 |     39.137 |    51.4
Early stopping

Model: Seq2Seq Multimodal Bi-LSTM
Source index: <Seq2Seq Index with 43 items>
Target index: <Seq2Seq Index with 34 items>
Encoder embedding dimension: 64
Descriptors dimension: 1136
Decoder embedding dimension: 128
Encoder hidden units: 32
Encoder layers: 4
Decoder hidden units: 64
Decoder layers: 2
Dropout: 0.2
Trainable parameters: 387,298

Training started
X_train.shape: torch.Size([3085, 702])
Y_train.shape: torch.Size([3085, 7])
X_dev.shape: torch.Size([537, 649])
Y_dev.shape: torch.Size([537, 7])
Epochs: 500
Learning rate: 0.001
Weight decay: 0.0001
Epoch | Train                 | Development           | Minutes
      | Loss     | Error Rate | Loss     | Error Rate |
---------------------------------------------------------------
    1 |   2.4610 |     65.700 |   1.9127 |     50.838 |     0.0
    2 |   1.6675 |     48.585 |   1.5276 |     46.120 |     0.0
    3 |   1.4498 |     46.137 |   1.4259 |     46.058 |     0.1
    4 |   1.3752 |     45.154 |   1.3711 |     44.848 |     0.1
    5 |   1.3211 |     43.171 |   1.3152 |     42.737 |     0.1
    6 |   1.2661 |     41.745 |   1.2681 |     42.303 |     0.1
    7 |   1.2179 |     40.740 |   1.2274 |     41.713 |     0.2
    8 |   1.1756 |     39.627 |   1.1885 |     39.106 |     0.2
    9 |   1.1319 |     37.547 |   1.1675 |     38.641 |     0.2
   10 |   1.0912 |     35.840 |   1.1343 |     36.996 |     0.2
   11 |   1.0527 |     34.144 |   1.1149 |     35.506 |     0.2
   12 |   1.0122 |     32.825 |   1.0810 |     34.047 |     0.3
   13 |   0.9808 |     31.761 |   1.0758 |     34.389 |     0.3
   14 |   0.9460 |     30.411 |   1.0664 |     34.792 |     0.3
   15 |   0.9207 |     29.741 |   1.0410 |     33.644 |     0.3
   16 |   0.8813 |     28.336 |   1.0247 |     32.992 |     0.4
   17 |   0.8675 |     27.888 |   1.0237 |     33.551 |     0.4
   18 |   0.8290 |     26.510 |   1.0131 |     32.309 |     0.4
   19 |   0.8054 |     25.975 |   0.9938 |     31.657 |     0.4
   20 |   0.7894 |     25.781 |   0.9896 |     31.999 |     0.4
   21 |   0.7628 |     24.403 |   0.9888 |     31.595 |     0.5
   22 |   0.7519 |     24.516 |   0.9736 |     31.068 |     0.5
   23 |   0.7227 |     23.306 |   0.9662 |     30.292 |     0.5
   24 |   0.7084 |     22.890 |   0.9678 |     30.726 |     0.5
   25 |   0.6904 |     22.350 |   0.9794 |     30.509 |     0.5
   26 |   0.6686 |     22.096 |   0.9690 |     30.819 |     0.6
   27 |   0.6539 |     21.124 |   0.9592 |     29.205 |     0.6
   28 |   0.6404 |     20.945 |   0.9736 |     30.292 |     0.6
   29 |   0.6292 |     20.303 |   0.9672 |     29.795 |     0.6
   30 |   0.6066 |     19.562 |   0.9400 |     28.864 |     0.7
   31 |   0.5988 |     19.498 |   0.9578 |     29.516 |     0.7
   32 |   0.5857 |     19.281 |   0.9487 |     28.802 |     0.7
   33 |   0.5760 |     18.925 |   0.9571 |     28.957 |     0.7
   34 |   0.5601 |     18.244 |   0.9376 |     28.616 |     0.7
   35 |   0.5512 |     18.147 |   0.9626 |     28.709 |     0.8
   36 |   0.5631 |     18.855 |   0.9679 |     29.361 |     0.8
   37 |   0.5426 |     17.947 |   0.9677 |     28.678 |     0.8
   38 |   0.5241 |     17.212 |   0.9570 |     28.336 |     0.8
Early stopping

Model: Seq2Seq Multimodal Bi-LSTM
Source index: <Seq2Seq Index with 43 items>
Target index: <Seq2Seq Index with 34 items>
Encoder embedding dimension: 64
Descriptors dimension: 1136
Decoder embedding dimension: 64
Encoder hidden units: 64
Encoder layers: 4
Decoder hidden units: 128
Decoder layers: 4
Dropout: 0.1
Trainable parameters: 1,357,154

Training started
X_train.shape: torch.Size([3085, 702])
Y_train.shape: torch.Size([3085, 7])
X_dev.shape: torch.Size([537, 649])
Y_dev.shape: torch.Size([537, 7])
Epochs: 500
Learning rate: 0.001
Weight decay: 0.0001
Epoch | Train                 | Development           | Minutes
      | Loss     | Error Rate | Loss     | Error Rate |
---------------------------------------------------------------
    1 |   2.3064 |     61.723 |   1.7066 |     48.759 |     0.0
    2 |   1.5107 |     46.829 |   1.4500 |     46.182 |     0.1
    3 |   1.4135 |     46.413 |   1.4235 |     46.182 |     0.1
    4 |   1.4005 |     46.467 |   1.4110 |     46.182 |     0.2
    5 |   1.3861 |     46.407 |   1.4022 |     46.462 |     0.2
    6 |   1.3719 |     45.802 |   1.3774 |     45.562 |     0.3
    7 |   1.3485 |     45.068 |   1.3601 |     45.220 |     0.3
    8 |   1.3357 |     44.749 |   1.3532 |     45.810 |     0.3
    9 |   1.3233 |     44.630 |   1.3369 |     44.600 |     0.4
   10 |   1.3145 |     44.387 |   1.3362 |     44.941 |     0.4
   11 |   1.3034 |     43.960 |   1.3188 |     44.879 |     0.5
   12 |   1.2938 |     43.533 |   1.3153 |     44.351 |     0.5
   13 |   1.2769 |     43.085 |   1.3015 |     43.824 |     0.6
   14 |   1.2531 |     42.485 |   1.2752 |     42.458 |     0.6
   15 |   1.2275 |     41.745 |   1.2700 |     43.327 |     0.6
   16 |   1.2064 |     41.421 |   1.2528 |     42.955 |     0.7
   17 |   1.1900 |     40.454 |   1.2231 |     41.434 |     0.7
   18 |   1.1691 |     40.038 |   1.2019 |     41.620 |     0.8
   19 |   1.1496 |     39.476 |   1.1897 |     40.999 |     0.8
   20 |   1.1312 |     38.422 |   1.1904 |     40.348 |     0.9
   21 |   1.1230 |     38.460 |   1.1727 |     39.696 |     0.9
   22 |   1.1028 |     37.726 |   1.1711 |     39.572 |     0.9
   23 |   1.0831 |     37.266 |   1.1569 |     39.448 |     1.0
   24 |   1.0715 |     36.726 |   1.1437 |     38.144 |     1.0
   25 |   1.0465 |     35.981 |   1.1164 |     37.865 |     1.1
   26 |   1.0424 |     35.694 |   1.1004 |     35.940 |     1.1
   27 |   1.0064 |     34.344 |   1.0964 |     36.778 |     1.2
   28 |   0.9832 |     33.522 |   1.0915 |     36.282 |     1.2
   29 |   0.9680 |     33.247 |   1.0695 |     35.599 |     1.2
   30 |   0.9553 |     32.728 |   1.0766 |     34.854 |     1.3
   31 |   0.9373 |     32.123 |   1.0615 |     34.947 |     1.3
   32 |   0.9418 |     32.301 |   1.0731 |     36.375 |     1.4
   33 |   0.9103 |     31.307 |   1.0662 |     35.071 |     1.4
   34 |   0.8901 |     30.270 |   1.0610 |     34.761 |     1.5
   35 |   0.8766 |     29.870 |   1.0514 |     34.668 |     1.5
   36 |   0.8656 |     29.395 |   1.0495 |     33.551 |     1.5
   37 |   0.8426 |     28.903 |   1.0315 |     33.582 |     1.6
   38 |   0.8283 |     28.023 |   1.0410 |     33.116 |     1.6
   39 |   0.8178 |     27.715 |   1.0243 |     33.768 |     1.7
   40 |   0.7983 |     27.272 |   1.0265 |     33.520 |     1.7
   41 |   0.7891 |     27.083 |   1.0283 |     32.433 |     1.8
   42 |   0.7693 |     26.278 |   1.0327 |     33.892 |     1.8
   43 |   0.7679 |     26.089 |   1.0135 |     32.992 |     1.8
   44 |   0.7529 |     25.743 |   1.0418 |     33.054 |     1.9
   45 |   0.7319 |     24.986 |   1.0212 |     31.937 |     1.9
   46 |   0.7450 |     25.732 |   1.0236 |     32.309 |     2.0
   47 |   0.7108 |     24.057 |   1.0160 |     32.154 |     2.0
Early stopping

Model: Seq2Seq Multimodal Bi-LSTM
Source index: <Seq2Seq Index with 43 items>
Target index: <Seq2Seq Index with 34 items>
Encoder embedding dimension: 128
Descriptors dimension: 1136
Decoder embedding dimension: 64
Encoder hidden units: 32
Encoder layers: 3
Decoder hidden units: 64
Decoder layers: 3
Dropout: 0.0
Trainable parameters: 344,322

Training started
X_train.shape: torch.Size([3085, 702])
Y_train.shape: torch.Size([3085, 7])
X_dev.shape: torch.Size([537, 649])
Y_dev.shape: torch.Size([537, 7])
Epochs: 500
Learning rate: 0.001
Weight decay: 1e-05
Epoch | Train                 | Development           | Minutes
      | Loss     | Error Rate | Loss     | Error Rate |
---------------------------------------------------------------
    1 |   2.5885 |     69.076 |   2.0301 |     59.714 |     0.0
    2 |   1.7588 |     49.649 |   1.5901 |     46.151 |     0.0
    3 |   1.4900 |     46.337 |   1.4696 |     46.151 |     0.1
    4 |   1.4271 |     46.224 |   1.4346 |     46.524 |     0.1
    5 |   1.3985 |     46.386 |   1.4121 |     46.089 |     0.1
    6 |   1.3736 |     46.056 |   1.3822 |     46.058 |     0.1
    7 |   1.3460 |     44.527 |   1.3517 |     44.755 |     0.1
    8 |   1.3135 |     43.474 |   1.3197 |     43.451 |     0.1
    9 |   1.2813 |     42.626 |   1.2913 |     42.768 |     0.2
   10 |   1.2572 |     41.864 |   1.2823 |     43.358 |     0.2
   11 |   1.2249 |     40.967 |   1.2558 |     42.458 |     0.2
   12 |   1.1979 |     40.076 |   1.2359 |     41.186 |     0.2
   13 |   1.1650 |     38.795 |   1.2223 |     40.565 |     0.2
   14 |   1.1486 |     38.439 |   1.1988 |     39.789 |     0.2
   15 |   1.1198 |     37.855 |   1.1867 |     40.099 |     0.3
   16 |   1.0855 |     36.461 |   1.1640 |     39.075 |     0.3
   17 |   1.0602 |     35.775 |   1.1552 |     37.834 |     0.3
   18 |   1.0265 |     34.635 |   1.1549 |     37.492 |     0.3
   19 |   0.9993 |     33.598 |   1.1431 |     36.996 |     0.3
   20 |   0.9654 |     31.999 |   1.1205 |     35.878 |     0.3
   21 |   0.9431 |     30.989 |   1.1241 |     36.561 |     0.4
   22 |   0.9115 |     29.860 |   1.1061 |     36.375 |     0.4
   23 |   0.8821 |     28.920 |   1.1188 |     36.344 |     0.4
   24 |   0.8630 |     28.422 |   1.1141 |     36.034 |     0.4
   25 |   0.8327 |     27.202 |   1.0817 |     34.854 |     0.4
   26 |   0.8066 |     26.272 |   1.0936 |     33.675 |     0.4
   27 |   0.7815 |     25.419 |   1.0678 |     33.923 |     0.5
   28 |   0.7581 |     24.668 |   1.0729 |     34.016 |     0.5
   29 |   0.7368 |     23.906 |   1.0792 |     33.768 |     0.5
   30 |   0.7107 |     22.944 |   1.0783 |     33.737 |     0.5
   31 |   0.6889 |     22.550 |   1.0811 |     33.240 |     0.5
Early stopping

Model: Seq2Seq Multimodal Bi-LSTM
Source index: <Seq2Seq Index with 43 items>
Target index: <Seq2Seq Index with 34 items>
Encoder embedding dimension: 128
Descriptors dimension: 1136
Decoder embedding dimension: 128
Encoder hidden units: 32
Encoder layers: 3
Decoder hidden units: 128
Decoder layers: 3
Dropout: 0.2
Trainable parameters: 669,698

Training started
X_train.shape: torch.Size([3085, 702])
Y_train.shape: torch.Size([3085, 7])
X_dev.shape: torch.Size([537, 649])
Y_dev.shape: torch.Size([537, 7])
Epochs: 500
Learning rate: 0.0001
Weight decay: 0.0001
Epoch | Train                 | Development           | Minutes
      | Loss     | Error Rate | Loss     | Error Rate |
---------------------------------------------------------------
    1 |   3.2528 |     84.895 |   2.7276 |     81.937 |     0.0
    2 |   2.4216 |     62.685 |   2.2182 |     59.714 |     0.1
    3 |   2.0917 |     56.521 |   2.0054 |     55.431 |     0.1
    4 |   1.9243 |     53.874 |   1.8621 |     48.727 |     0.1
    5 |   1.7915 |     49.417 |   1.7413 |     48.759 |     0.1
    6 |   1.6857 |     48.844 |   1.6529 |     48.759 |     0.2
    7 |   1.6048 |     48.622 |   1.5886 |     48.634 |     0.2
    8 |   1.5458 |     46.596 |   1.5386 |     46.214 |     0.2
    9 |   1.5040 |     46.348 |   1.5063 |     46.182 |     0.2
   10 |   1.4734 |     46.326 |   1.4779 |     46.151 |     0.3
   11 |   1.4494 |     46.245 |   1.4588 |     46.058 |     0.3
   12 |   1.4306 |     46.251 |   1.4424 |     46.089 |     0.3
   13 |   1.4153 |     45.986 |   1.4282 |     45.841 |     0.3
   14 |   1.3982 |     45.700 |   1.4166 |     45.717 |     0.4
   15 |   1.3849 |     45.500 |   1.4050 |     45.686 |     0.4
   16 |   1.3710 |     45.408 |   1.3903 |     45.903 |     0.4
   17 |   1.3542 |     45.197 |   1.3794 |     46.182 |     0.4
   18 |   1.3392 |     44.814 |   1.3615 |     45.003 |     0.5
   19 |   1.3252 |     44.165 |   1.3495 |     45.251 |     0.5
   20 |   1.3103 |     43.852 |   1.3335 |     44.941 |     0.5
   21 |   1.2975 |     43.587 |   1.3226 |     44.972 |     0.6
   22 |   1.2836 |     43.269 |   1.3116 |     45.096 |     0.6
   23 |   1.2716 |     43.225 |   1.3014 |     44.755 |     0.6
   24 |   1.2571 |     42.701 |   1.2879 |     44.972 |     0.6
   25 |   1.2448 |     42.685 |   1.2839 |     44.289 |     0.7
   26 |   1.2345 |     42.183 |   1.2700 |     43.327 |     0.7
   27 |   1.2224 |     41.545 |   1.2649 |     43.700 |     0.7
   28 |   1.2104 |     41.199 |   1.2645 |     43.451 |     0.7
   29 |   1.1981 |     41.080 |   1.2489 |     42.272 |     0.8
   30 |   1.1855 |     40.173 |   1.2385 |     41.527 |     0.8
   31 |   1.1762 |     39.827 |   1.2271 |     40.968 |     0.8
   32 |   1.1641 |     39.217 |   1.2252 |     41.744 |     0.8
   33 |   1.1528 |     38.903 |   1.2147 |     40.782 |     0.9
   34 |   1.1382 |     38.320 |   1.2101 |     40.255 |     0.9
   35 |   1.1255 |     37.909 |   1.2102 |     39.820 |     0.9
   36 |   1.1177 |     37.639 |   1.1968 |     39.075 |     0.9
   37 |   1.1057 |     37.185 |   1.1904 |     39.230 |     1.0
   38 |   1.0958 |     36.834 |   1.1900 |     39.075 |     1.0
   39 |   1.0863 |     36.451 |   1.1787 |     38.051 |     1.0
   40 |   1.0782 |     36.045 |   1.1706 |     38.268 |     1.1
   41 |   1.0662 |     35.764 |   1.1712 |     38.237 |     1.1
   42 |   1.0564 |     35.511 |   1.1653 |     38.299 |     1.1
   43 |   1.0490 |     35.370 |   1.1568 |     37.772 |     1.1
   44 |   1.0399 |     34.668 |   1.1544 |     37.399 |     1.2
   45 |   1.0311 |     34.619 |   1.1483 |     37.182 |     1.2
   46 |   1.0253 |     34.468 |   1.1424 |     37.244 |     1.2
   47 |   1.0131 |     33.906 |   1.1435 |     36.654 |     1.2
   48 |   1.0034 |     33.414 |   1.1444 |     37.089 |     1.3
   49 |   0.9972 |     33.323 |   1.1403 |     36.965 |     1.3
   50 |   0.9895 |     32.982 |   1.1362 |     36.778 |     1.3
   51 |   0.9812 |     32.582 |   1.1365 |     36.313 |     1.3
   52 |   0.9738 |     32.318 |   1.1312 |     36.344 |     1.4
   53 |   0.9656 |     32.183 |   1.1274 |     36.034 |     1.4
   54 |   0.9587 |     31.880 |   1.1333 |     36.189 |     1.4
   55 |   0.9526 |     31.642 |   1.1361 |     35.661 |     1.4
   56 |   0.9437 |     31.172 |   1.1323 |     36.623 |     1.5
   57 |   0.9364 |     31.064 |   1.1338 |     35.289 |     1.5
   58 |   0.9334 |     31.080 |   1.1230 |     35.723 |     1.5
   59 |   0.9217 |     30.643 |   1.1298 |     35.537 |     1.5
   60 |   0.9156 |     30.443 |   1.1259 |     35.289 |     1.6
   61 |   0.9121 |     30.303 |   1.1152 |     35.040 |     1.6
   62 |   0.9022 |     29.854 |   1.1157 |     35.164 |     1.6
   63 |   0.8922 |     29.525 |   1.1211 |     35.227 |     1.7
   64 |   0.8886 |     29.222 |   1.1227 |     35.351 |     1.7
   65 |   0.8837 |     29.373 |   1.1176 |     35.040 |     1.7
   66 |   0.8787 |     28.644 |   1.1094 |     34.513 |     1.7
   67 |   0.8652 |     28.217 |   1.1113 |     34.358 |     1.8
   68 |   0.8605 |     27.855 |   1.1073 |     34.140 |     1.8
   69 |   0.8599 |     27.590 |   1.1193 |     33.799 |     1.8
   70 |   0.8461 |     27.120 |   1.1075 |     33.457 |     1.8
   71 |   0.8416 |     27.023 |   1.0951 |     33.333 |     1.9
   72 |   0.8261 |     26.548 |   1.1080 |     33.209 |     1.9
   73 |   0.8257 |     26.596 |   1.1009 |     33.054 |     1.9
   74 |   0.8204 |     26.137 |   1.1324 |     33.271 |     1.9
   75 |   0.8124 |     25.921 |   1.1176 |     33.178 |     2.0
Early stopping

Model: Seq2Seq Multimodal Bi-LSTM
Source index: <Seq2Seq Index with 43 items>
Target index: <Seq2Seq Index with 34 items>
Encoder embedding dimension: 64
Descriptors dimension: 1136
Decoder embedding dimension: 128
Encoder hidden units: 32
Encoder layers: 3
Decoder hidden units: 128
Decoder layers: 3
Dropout: 0.0
Trainable parameters: 650,562

Training started
X_train.shape: torch.Size([3085, 702])
Y_train.shape: torch.Size([3085, 7])
X_dev.shape: torch.Size([537, 649])
Y_dev.shape: torch.Size([537, 7])
Epochs: 500
Learning rate: 0.0001
Weight decay: 1e-05
Epoch | Train                 | Development           | Minutes
      | Loss     | Error Rate | Loss     | Error Rate |
---------------------------------------------------------------
    1 |   3.2358 |     85.586 |   2.7258 |     81.657 |     0.0
    2 |   2.4489 |     64.133 |   2.2534 |     59.187 |     0.0
    3 |   2.0912 |     55.521 |   2.0147 |     55.400 |     0.1
    4 |   1.9139 |     51.875 |   1.8728 |     48.790 |     0.1
    5 |   1.7893 |     48.741 |   1.7578 |     48.790 |     0.1
    6 |   1.6848 |     48.747 |   1.6605 |     48.759 |     0.1
    7 |   1.5989 |     48.574 |   1.5865 |     46.182 |     0.2
    8 |   1.5381 |     46.337 |   1.5354 |     46.214 |     0.2
    9 |   1.4944 |     46.332 |   1.5015 |     46.214 |     0.2
   10 |   1.4619 |     46.337 |   1.4746 |     46.182 |     0.2
   11 |   1.4393 |     46.332 |   1.4526 |     46.182 |     0.3
   12 |   1.4181 |     46.337 |   1.4380 |     46.214 |     0.3
   13 |   1.3990 |     46.283 |   1.4163 |     46.058 |     0.3
   14 |   1.3806 |     45.829 |   1.4064 |     45.934 |     0.3
   15 |   1.3648 |     45.575 |   1.3836 |     46.058 |     0.4
   16 |   1.3482 |     44.835 |   1.3735 |     45.562 |     0.4
   17 |   1.3351 |     44.171 |   1.3647 |     45.531 |     0.4
   18 |   1.3222 |     43.766 |   1.3548 |     45.313 |     0.4
   19 |   1.3099 |     43.890 |   1.3405 |     45.376 |     0.5
   20 |   1.2993 |     43.630 |   1.3359 |     45.376 |     0.5
   21 |   1.2874 |     43.398 |   1.3349 |     44.972 |     0.5
   22 |   1.2781 |     43.231 |   1.3233 |     44.724 |     0.5
   23 |   1.2701 |     42.631 |   1.3143 |     44.569 |     0.6
   24 |   1.2608 |     42.404 |   1.3101 |     44.289 |     0.6
   25 |   1.2501 |     42.118 |   1.3112 |     44.227 |     0.6
   26 |   1.2425 |     41.988 |   1.2991 |     44.413 |     0.6
   27 |   1.2326 |     41.642 |   1.2989 |     43.793 |     0.7
   28 |   1.2243 |     41.329 |   1.2926 |     43.731 |     0.7
   29 |   1.2175 |     41.162 |   1.2893 |     43.917 |     0.7
   30 |   1.2079 |     40.891 |   1.2804 |     43.637 |     0.7
   31 |   1.2010 |     40.659 |   1.2803 |     43.948 |     0.8
   32 |   1.1897 |     40.205 |   1.2732 |     43.141 |     0.8
   33 |   1.1828 |     40.119 |   1.2771 |     42.986 |     0.8
   34 |   1.1722 |     39.724 |   1.2625 |     42.768 |     0.8
   35 |   1.1623 |     39.508 |   1.2656 |     41.837 |     0.9
   36 |   1.1545 |     39.152 |   1.2592 |     42.986 |     0.9
   37 |   1.1439 |     38.860 |   1.2533 |     42.520 |     0.9
   38 |   1.1338 |     38.504 |   1.2509 |     42.086 |     0.9
   39 |   1.1229 |     37.774 |   1.2500 |     41.930 |     1.0
   40 |   1.1122 |     37.785 |   1.2432 |     41.589 |     1.0
   41 |   1.1034 |     37.223 |   1.2354 |     40.906 |     1.0
   42 |   1.0915 |     36.818 |   1.2283 |     40.720 |     1.0
   43 |   1.0773 |     35.910 |   1.2280 |     41.217 |     1.1
   44 |   1.0693 |     35.732 |   1.2269 |     41.061 |     1.1
   45 |   1.0574 |     35.122 |   1.2180 |     40.286 |     1.1
   46 |   1.0452 |     34.722 |   1.2097 |     39.199 |     1.1
   47 |   1.0293 |     34.003 |   1.2118 |     39.758 |     1.2
   48 |   1.0202 |     33.771 |   1.2028 |     37.989 |     1.2
   49 |   1.0070 |     33.171 |   1.1967 |     39.199 |     1.2
   50 |   0.9951 |     32.782 |   1.1975 |     38.082 |     1.2
   51 |   0.9855 |     32.177 |   1.1986 |     38.547 |     1.3
   52 |   0.9745 |     31.907 |   1.1929 |     37.461 |     1.3
   53 |   0.9612 |     31.318 |   1.1897 |     37.430 |     1.3
   54 |   0.9511 |     31.102 |   1.1816 |     37.492 |     1.3
   55 |   0.9379 |     30.405 |   1.1793 |     36.840 |     1.4
   56 |   0.9232 |     30.016 |   1.1761 |     37.089 |     1.4
   57 |   0.9143 |     29.806 |   1.1774 |     36.530 |     1.4
   58 |   0.9033 |     29.211 |   1.1762 |     36.530 |     1.4
   59 |   0.8911 |     29.082 |   1.1677 |     35.692 |     1.5
   60 |   0.8774 |     28.039 |   1.1643 |     35.444 |     1.5
   61 |   0.8677 |     27.509 |   1.1588 |     34.730 |     1.5
   62 |   0.8533 |     27.007 |   1.1605 |     34.451 |     1.5
   63 |   0.8452 |     26.807 |   1.1604 |     34.233 |     1.6
   64 |   0.8311 |     26.180 |   1.1554 |     34.637 |     1.6
   65 |   0.8215 |     26.078 |   1.1550 |     34.451 |     1.6
   66 |   0.8109 |     25.689 |   1.1475 |     33.489 |     1.6
   67 |   0.7976 |     25.208 |   1.1484 |     33.582 |     1.7
   68 |   0.7884 |     24.922 |   1.1612 |     33.582 |     1.7
   69 |   0.7773 |     24.495 |   1.1429 |     33.023 |     1.7
   70 |   0.7671 |     24.090 |   1.1486 |     33.333 |     1.7
   71 |   0.7584 |     23.728 |   1.1351 |     33.023 |     1.8
   72 |   0.7486 |     23.404 |   1.1373 |     32.899 |     1.8
   73 |   0.7396 |     22.869 |   1.1477 |     32.961 |     1.8
   74 |   0.7344 |     22.939 |   1.1349 |     32.899 |     1.8
   75 |   0.7203 |     22.345 |   1.1457 |     32.309 |     1.9
   76 |   0.7115 |     21.994 |   1.1476 |     32.682 |     1.9
   77 |   0.7052 |     21.891 |   1.1413 |     32.433 |     1.9
   78 |   0.6966 |     21.459 |   1.1412 |     32.651 |     1.9
Early stopping

Model: Seq2Seq Multimodal Bi-LSTM
Source index: <Seq2Seq Index with 43 items>
Target index: <Seq2Seq Index with 34 items>
Encoder embedding dimension: 128
Descriptors dimension: 1136
Decoder embedding dimension: 128
Encoder hidden units: 32
Encoder layers: 4
Decoder hidden units: 128
Decoder layers: 4
Dropout: 0.2
Trainable parameters: 886,818

Training started
X_train.shape: torch.Size([3085, 702])
Y_train.shape: torch.Size([3085, 7])
X_dev.shape: torch.Size([537, 649])
Y_dev.shape: torch.Size([537, 7])
Epochs: 500
Learning rate: 0.001
Weight decay: 1e-05
Epoch | Train                 | Development           | Minutes
      | Loss     | Error Rate | Loss     | Error Rate |
---------------------------------------------------------------
    1 |   2.3062 |     63.209 |   1.6651 |     46.214 |     0.0
    2 |   1.5051 |     46.445 |   1.4500 |     46.555 |     0.1
    3 |   1.4163 |     46.424 |   1.4262 |     46.182 |     0.1
    4 |   1.3898 |     46.461 |   1.3889 |     46.182 |     0.1
    5 |   1.3570 |     45.494 |   1.3579 |     46.089 |     0.2
    6 |   1.3248 |     44.673 |   1.3263 |     44.600 |     0.2
    7 |   1.2883 |     43.630 |   1.2990 |     44.538 |     0.2
    8 |   1.2626 |     42.809 |   1.2722 |     44.289 |     0.3
    9 |   1.2338 |     41.875 |   1.2561 |     43.358 |     0.3
   10 |   1.2126 |     41.426 |   1.2466 |     43.172 |     0.3
   11 |   1.1807 |     40.384 |   1.2222 |     42.489 |     0.4
   12 |   1.1545 |     39.735 |   1.1961 |     40.161 |     0.4
   13 |   1.1288 |     38.784 |   1.1806 |     39.727 |     0.4
   14 |   1.1119 |     38.341 |   1.1797 |     39.913 |     0.5
   15 |   1.0770 |     36.958 |   1.1731 |     39.261 |     0.5
   16 |   1.0479 |     35.646 |   1.1477 |     38.206 |     0.5
   17 |   1.0300 |     35.592 |   1.1304 |     37.865 |     0.6
   18 |   0.9947 |     34.198 |   1.1047 |     37.244 |     0.6
   19 |   0.9654 |     32.663 |   1.1011 |     36.499 |     0.6
   20 |   0.9407 |     31.950 |   1.0836 |     35.568 |     0.7
   21 |   0.9174 |     31.091 |   1.0716 |     35.227 |     0.7
   22 |   0.9026 |     30.292 |   1.0534 |     34.420 |     0.7
   23 |   0.8659 |     29.417 |   1.0422 |     34.606 |     0.8
   24 |   0.8384 |     27.990 |   1.0380 |     33.892 |     0.8
   25 |   0.8310 |     28.088 |   1.0238 |     33.799 |     0.8
   26 |   0.8022 |     26.542 |   1.0332 |     33.240 |     0.9
   27 |   0.7737 |     25.835 |   1.0246 |     32.775 |     0.9
   28 |   0.7632 |     25.613 |   1.0101 |     32.775 |     0.9
   29 |   0.7379 |     24.317 |   1.0105 |     32.464 |     1.0
   30 |   0.7178 |     23.722 |   1.0068 |     31.595 |     1.0
   31 |   0.7039 |     23.517 |   1.0004 |     31.316 |     1.0
   32 |   0.6758 |     22.550 |   1.0168 |     31.378 |     1.1
   33 |   0.6694 |     22.139 |   1.0078 |     31.192 |     1.1
   34 |   0.6463 |     21.426 |   1.0188 |     30.664 |     1.1
   35 |   0.6432 |     21.162 |   0.9879 |     30.074 |     1.2
   36 |   0.6199 |     20.367 |   0.9817 |     29.671 |     1.2
   37 |   0.6070 |     19.989 |   0.9974 |     29.981 |     1.2
   38 |   0.5871 |     19.714 |   1.0139 |     30.447 |     1.3
   39 |   0.5839 |     19.260 |   1.0191 |     30.043 |     1.3
   40 |   0.5748 |     19.200 |   1.0064 |     29.361 |     1.3
Early stopping

Model: Seq2Seq Multimodal Bi-LSTM
Source index: <Seq2Seq Index with 43 items>
Target index: <Seq2Seq Index with 34 items>
Encoder embedding dimension: 64
Descriptors dimension: 1136
Decoder embedding dimension: 64
Encoder hidden units: 32
Encoder layers: 4
Decoder hidden units: 64
Decoder layers: 3
Dropout: 0.2
Trainable parameters: 402,018

Training started
X_train.shape: torch.Size([3085, 702])
Y_train.shape: torch.Size([3085, 7])
X_dev.shape: torch.Size([537, 649])
Y_dev.shape: torch.Size([537, 7])
Epochs: 500
Learning rate: 0.001
Weight decay: 0.0001
Epoch | Train                 | Development           | Minutes
      | Loss     | Error Rate | Loss     | Error Rate |
---------------------------------------------------------------
    1 |   2.6112 |     69.676 |   2.0671 |     56.331 |     0.0
    2 |   1.8113 |     51.351 |   1.6085 |     46.151 |     0.0
    3 |   1.5086 |     46.364 |   1.4690 |     46.120 |     0.1
    4 |   1.4317 |     46.348 |   1.4349 |     46.555 |     0.1
    5 |   1.4026 |     46.310 |   1.4094 |     45.841 |     0.1
    6 |   1.3857 |     46.272 |   1.3992 |     45.996 |     0.1
    7 |   1.3718 |     46.202 |   1.3803 |     46.027 |     0.2
    8 |   1.3587 |     45.878 |   1.3664 |     45.996 |     0.2
    9 |   1.3398 |     45.494 |   1.3456 |     45.562 |     0.2
   10 |   1.3186 |     44.932 |   1.3239 |     45.345 |     0.2
   11 |   1.3014 |     44.792 |   1.3113 |     45.748 |     0.2
   12 |   1.2858 |     44.414 |   1.3034 |     46.151 |     0.3
   13 |   1.2717 |     44.441 |   1.2833 |     44.941 |     0.3
   14 |   1.2618 |     43.998 |   1.2789 |     45.189 |     0.3
   15 |   1.2455 |     43.139 |   1.2786 |     43.886 |     0.3
   16 |   1.2247 |     42.145 |   1.2564 |     43.389 |     0.4
   17 |   1.2057 |     41.578 |   1.2270 |     42.303 |     0.4
   18 |   1.1859 |     40.945 |   1.2202 |     41.496 |     0.4
   19 |   1.1690 |     40.119 |   1.2119 |     42.396 |     0.4
   20 |   1.1528 |     39.730 |   1.2047 |     41.558 |     0.4
   21 |   1.1314 |     38.801 |   1.1907 |     40.068 |     0.5
   22 |   1.1149 |     38.341 |   1.1934 |     40.472 |     0.5
   23 |   1.0995 |     37.709 |   1.1625 |     39.168 |     0.5
   24 |   1.0824 |     36.921 |   1.1477 |     37.958 |     0.5
   25 |   1.0625 |     36.148 |   1.1314 |     37.213 |     0.6
   26 |   1.0507 |     35.716 |   1.1282 |     36.654 |     0.6
   27 |   1.0286 |     35.073 |   1.1185 |     36.313 |     0.6
   28 |   1.0126 |     34.187 |   1.1197 |     36.934 |     0.6
   29 |   0.9992 |     33.836 |   1.1088 |     36.251 |     0.6
   30 |   0.9770 |     33.247 |   1.0988 |     36.002 |     0.7
   31 |   0.9652 |     32.944 |   1.0919 |     35.258 |     0.7
   32 |   0.9560 |     32.345 |   1.0789 |     35.320 |     0.7
   33 |   0.9430 |     32.069 |   1.0830 |     35.133 |     0.7
   34 |   0.9122 |     30.967 |   1.0727 |     34.637 |     0.7
   35 |   0.9025 |     31.026 |   1.0853 |     35.040 |     0.8
   36 |   0.8889 |     30.292 |   1.0713 |     34.978 |     0.8
   37 |   0.8770 |     30.130 |   1.0584 |     34.420 |     0.8
   38 |   0.8582 |     29.627 |   1.0618 |     34.047 |     0.8
   39 |   0.8444 |     28.703 |   1.0546 |     33.954 |     0.9
   40 |   0.8272 |     27.952 |   1.0516 |     34.389 |     0.9
   41 |   0.8216 |     27.753 |   1.0548 |     33.551 |     0.9
   42 |   0.8152 |     27.455 |   1.0497 |     33.302 |     0.9
   43 |   0.7995 |     27.039 |   1.0503 |     33.520 |     0.9
   44 |   0.7914 |     26.856 |   1.0507 |     33.613 |     1.0
   45 |   0.7889 |     26.829 |   1.0489 |     33.178 |     1.0
   46 |   0.7683 |     26.175 |   1.0427 |     33.240 |     1.0
   47 |   0.7461 |     25.219 |   1.0462 |     32.837 |     1.0
   48 |   0.7568 |     25.743 |   1.0310 |     31.626 |     1.1
   49 |   0.7398 |     25.035 |   1.0371 |     32.588 |     1.1
   50 |   0.7373 |     24.814 |   1.0284 |     31.750 |     1.1
   51 |   0.7164 |     24.192 |   1.0352 |     31.688 |     1.1
   52 |   0.7156 |     24.257 |   1.0351 |     32.030 |     1.1
   53 |   0.6984 |     23.630 |   1.0245 |     31.347 |     1.2
   54 |   0.6918 |     23.317 |   1.0220 |     31.285 |     1.2
   55 |   0.6804 |     22.804 |   1.0246 |     31.657 |     1.2
   56 |   0.6739 |     22.458 |   1.0285 |     32.030 |     1.2
   57 |   0.6653 |     22.274 |   1.0190 |     31.130 |     1.2
   58 |   0.6555 |     21.999 |   1.0276 |     30.757 |     1.3
   59 |   0.6538 |     22.156 |   1.0502 |     31.813 |     1.3
   60 |   0.6414 |     21.329 |   1.0295 |     31.533 |     1.3
   61 |   0.6390 |     21.324 |   1.0172 |     31.161 |     1.3
   62 |   0.6237 |     21.124 |   1.0196 |     30.788 |     1.4
   63 |   0.6243 |     21.086 |   1.0362 |     31.037 |     1.4
   64 |   0.6092 |     20.373 |   1.0163 |     30.416 |     1.4
   65 |   0.6053 |     20.373 |   1.0254 |     31.068 |     1.4
   66 |   0.5963 |     19.941 |   1.0229 |     30.571 |     1.4
   67 |   0.5923 |     19.946 |   1.0723 |     31.285 |     1.5
   68 |   0.6087 |     20.556 |   1.0151 |     30.043 |     1.5
   69 |   0.6123 |     20.578 |   1.0358 |     30.695 |     1.5
   70 |   0.5841 |     19.606 |   1.0205 |     29.019 |     1.5
   71 |   0.5681 |     19.211 |   1.0162 |     30.509 |     1.6
   72 |   0.5581 |     18.882 |   1.0325 |     30.168 |     1.6
Early stopping

Model: Seq2Seq Multimodal Bi-LSTM
Source index: <Seq2Seq Index with 43 items>
Target index: <Seq2Seq Index with 34 items>
Encoder embedding dimension: 128
Descriptors dimension: 1136
Decoder embedding dimension: 128
Encoder hidden units: 64
Encoder layers: 3
Decoder hidden units: 128
Decoder layers: 2
Dropout: 0.2
Trainable parameters: 929,890

Training started
X_train.shape: torch.Size([3085, 702])
Y_train.shape: torch.Size([3085, 7])
X_dev.shape: torch.Size([537, 649])
Y_dev.shape: torch.Size([537, 7])
Epochs: 500
Learning rate: 0.0001
Weight decay: 0.0001
Epoch | Train                 | Development           | Minutes
      | Loss     | Error Rate | Loss     | Error Rate |
---------------------------------------------------------------
    1 |   3.1287 |     78.055 |   2.6030 |     67.567 |     0.0
    2 |   2.3143 |     60.200 |   2.1223 |     59.652 |     0.1
    3 |   1.9758 |     53.220 |   1.8726 |     49.814 |     0.1
    4 |   1.7684 |     49.065 |   1.7009 |     48.603 |     0.1
    5 |   1.6266 |     48.482 |   1.5915 |     48.727 |     0.2
    6 |   1.5370 |     47.304 |   1.5256 |     45.965 |     0.2
    7 |   1.4757 |     45.954 |   1.4755 |     46.120 |     0.2
    8 |   1.4318 |     45.791 |   1.4408 |     45.934 |     0.3
    9 |   1.3955 |     45.354 |   1.4104 |     45.469 |     0.3
   10 |   1.3653 |     44.338 |   1.3848 |     45.034 |     0.3
   11 |   1.3395 |     43.668 |   1.3600 |     44.413 |     0.4
   12 |   1.3157 |     42.874 |   1.3385 |     43.327 |     0.4
   13 |   1.2915 |     41.950 |   1.3226 |     43.203 |     0.4
   14 |   1.2695 |     40.816 |   1.3027 |     42.303 |     0.5
   15 |   1.2513 |     40.108 |   1.2872 |     41.155 |     0.5
   16 |   1.2287 |     39.157 |   1.2709 |     41.217 |     0.5
   17 |   1.2121 |     38.541 |   1.2514 |     39.851 |     0.6
   18 |   1.1909 |     37.850 |   1.2394 |     39.975 |     0.6
   19 |   1.1731 |     37.196 |   1.2246 |     40.379 |     0.6
   20 |   1.1533 |     36.548 |   1.2113 |     39.044 |     0.6
   21 |   1.1367 |     36.283 |   1.2037 |     38.920 |     0.7
   22 |   1.1196 |     35.473 |   1.1878 |     38.734 |     0.7
   23 |   1.1010 |     34.873 |   1.1736 |     37.772 |     0.7
   24 |   1.0861 |     34.506 |   1.1678 |     37.803 |     0.8
   25 |   1.0695 |     33.760 |   1.1595 |     37.213 |     0.8
   26 |   1.0547 |     33.452 |   1.1406 |     36.809 |     0.8
   27 |   1.0356 |     32.950 |   1.1272 |     36.282 |     0.9
   28 |   1.0177 |     32.258 |   1.1253 |     35.444 |     0.9
   29 |   1.0036 |     31.729 |   1.1182 |     36.251 |     0.9
   30 |   0.9882 |     31.307 |   1.1046 |     35.196 |     1.0
   31 |   0.9731 |     30.735 |   1.0931 |     34.916 |     1.0
   32 |   0.9590 |     30.081 |   1.0918 |     34.885 |     1.0
   33 |   0.9437 |     29.552 |   1.0817 |     34.202 |     1.1
   34 |   0.9290 |     29.384 |   1.0750 |     34.140 |     1.1
   35 |   0.9179 |     29.006 |   1.0726 |     34.140 |     1.1
   36 |   0.9028 |     28.314 |   1.0641 |     33.520 |     1.2
   37 |   0.8877 |     27.969 |   1.0600 |     33.178 |     1.2
   38 |   0.8761 |     27.288 |   1.0577 |     33.489 |     1.2
   39 |   0.8647 |     27.088 |   1.0524 |     33.116 |     1.3
   40 |   0.8559 |     26.726 |   1.0425 |     33.364 |     1.3
   41 |   0.8439 |     26.569 |   1.0355 |     32.806 |     1.3
   42 |   0.8257 |     25.878 |   1.0430 |     33.023 |     1.4
   43 |   0.8166 |     25.608 |   1.0336 |     32.061 |     1.4
   44 |   0.8035 |     24.943 |   1.0244 |     32.371 |     1.4
   45 |   0.7922 |     24.727 |   1.0354 |     31.719 |     1.5
   46 |   0.7830 |     24.549 |   1.0164 |     31.782 |     1.5
   47 |   0.7721 |     24.009 |   1.0120 |     31.502 |     1.5
   48 |   0.7584 |     23.360 |   1.0109 |     31.906 |     1.6
   49 |   0.7531 |     23.355 |   1.0128 |     31.068 |     1.6
   50 |   0.7395 |     22.804 |   1.0065 |     30.633 |     1.6
   51 |   0.7323 |     22.820 |   1.0012 |     30.757 |     1.6
   52 |   0.7205 |     22.269 |   0.9999 |     30.416 |     1.7
   53 |   0.7176 |     22.274 |   1.0116 |     30.664 |     1.7
   54 |   0.7064 |     21.902 |   0.9939 |     30.137 |     1.7
   55 |   0.6982 |     21.572 |   0.9968 |     30.385 |     1.8
   56 |   0.6874 |     21.216 |   0.9945 |     30.106 |     1.8
   57 |   0.6837 |     21.367 |   0.9934 |     29.950 |     1.8
   58 |   0.6672 |     20.610 |   0.9906 |     29.485 |     1.9
   59 |   0.6629 |     20.524 |   0.9955 |     29.950 |     1.9
   60 |   0.6529 |     20.119 |   0.9939 |     29.330 |     1.9
   61 |   0.6496 |     20.049 |   0.9907 |     29.423 |     2.0
   62 |   0.6402 |     19.751 |   0.9804 |     28.957 |     2.0
   63 |   0.6331 |     19.519 |   0.9807 |     29.423 |     2.0
   64 |   0.6263 |     19.271 |   0.9907 |     29.299 |     2.1
   65 |   0.6199 |     19.109 |   0.9811 |     28.988 |     2.1
   66 |   0.6119 |     18.968 |   0.9721 |     28.430 |     2.1
   67 |   0.6047 |     18.795 |   0.9802 |     28.926 |     2.2
   68 |   0.5979 |     18.395 |   0.9914 |     28.926 |     2.2
   69 |   0.5925 |     18.196 |   0.9873 |     28.926 |     2.2
   70 |   0.5857 |     18.109 |   0.9823 |     28.833 |     2.3
Early stopping

Model: Seq2Seq Multimodal Bi-LSTM
Source index: <Seq2Seq Index with 43 items>
Target index: <Seq2Seq Index with 34 items>
Encoder embedding dimension: 128
Descriptors dimension: 1136
Decoder embedding dimension: 128
Encoder hidden units: 64
Encoder layers: 3
Decoder hidden units: 128
Decoder layers: 4
Dropout: 0.0
Trainable parameters: 1,194,082

Training started
X_train.shape: torch.Size([3085, 702])
Y_train.shape: torch.Size([3085, 7])
X_dev.shape: torch.Size([537, 649])
Y_dev.shape: torch.Size([537, 7])
Epochs: 500
Learning rate: 0.0001
Weight decay: 1e-05
Epoch | Train                 | Development           | Minutes
      | Loss     | Error Rate | Loss     | Error Rate |
---------------------------------------------------------------
    1 |   3.2045 |     80.335 |   2.7175 |     83.302 |     0.0
    2 |   2.4139 |     64.057 |   2.1942 |     58.287 |     0.1
    3 |   2.0503 |     55.213 |   1.9856 |     55.121 |     0.1
    4 |   1.8922 |     51.578 |   1.8556 |     48.727 |     0.1
    5 |   1.7793 |     48.741 |   1.7536 |     48.727 |     0.2
    6 |   1.6893 |     48.741 |   1.6715 |     48.727 |     0.2
    7 |   1.6136 |     48.741 |   1.6006 |     48.727 |     0.3
    8 |   1.5509 |     47.331 |   1.5458 |     46.151 |     0.3
    9 |   1.5046 |     46.332 |   1.5080 |     46.151 |     0.3
   10 |   1.4716 |     46.337 |   1.4832 |     46.182 |     0.4
   11 |   1.4492 |     46.337 |   1.4666 |     46.151 |     0.4
   12 |   1.4347 |     46.332 |   1.4532 |     46.182 |     0.4
   13 |   1.4215 |     46.418 |   1.4466 |     46.151 |     0.5
   14 |   1.4112 |     46.256 |   1.4323 |     46.089 |     0.5
   15 |   1.4003 |     46.143 |   1.4271 |     46.182 |     0.5
   16 |   1.3901 |     45.937 |   1.4146 |     46.151 |     0.6
   17 |   1.3803 |     45.921 |   1.4068 |     45.965 |     0.6
   18 |   1.3704 |     45.613 |   1.3957 |     45.469 |     0.6
   19 |   1.3616 |     45.338 |   1.3897 |     45.562 |     0.7
   20 |   1.3521 |     45.111 |   1.3758 |     45.096 |     0.7
   21 |   1.3425 |     44.970 |   1.3699 |     45.034 |     0.8
   22 |   1.3338 |     44.889 |   1.3634 |     45.034 |     0.8
   23 |   1.3263 |     44.425 |   1.3616 |     45.034 |     0.8
   24 |   1.3186 |     44.122 |   1.3507 |     44.910 |     0.9
   25 |   1.3095 |     43.879 |   1.3485 |     44.693 |     0.9
   26 |   1.3039 |     43.657 |   1.3431 |     45.158 |     0.9
   27 |   1.2960 |     43.393 |   1.3433 |     44.662 |     1.0
   28 |   1.2890 |     43.047 |   1.3401 |     44.941 |     1.0
   29 |   1.2812 |     42.955 |   1.3320 |     44.507 |     1.0
   30 |   1.2740 |     42.415 |   1.3285 |     44.072 |     1.1
   31 |   1.2674 |     42.372 |   1.3309 |     44.879 |     1.1
   32 |   1.2605 |     42.399 |   1.3250 |     44.538 |     1.1
   33 |   1.2537 |     42.064 |   1.3303 |     44.600 |     1.2
   34 |   1.2465 |     41.956 |   1.3222 |     44.662 |     1.2
   35 |   1.2393 |     41.875 |   1.3165 |     44.196 |     1.3
   36 |   1.2310 |     41.594 |   1.3171 |     44.258 |     1.3
   37 |   1.2241 |     41.534 |   1.3198 |     44.444 |     1.3
   38 |   1.2170 |     41.102 |   1.3087 |     43.669 |     1.4
   39 |   1.2069 |     41.026 |   1.2980 |     43.358 |     1.4
   40 |   1.1965 |     40.427 |   1.2887 |     42.986 |     1.4
   41 |   1.1853 |     39.811 |   1.2927 |     43.327 |     1.5
   42 |   1.1742 |     39.422 |   1.2801 |     42.520 |     1.5
   43 |   1.1607 |     39.260 |   1.2752 |     42.924 |     1.5
   44 |   1.1462 |     38.693 |   1.2653 |     42.365 |     1.6
   45 |   1.1321 |     38.395 |   1.2572 |     42.024 |     1.6
   46 |   1.1220 |     37.850 |   1.2518 |     42.148 |     1.6
   47 |   1.1059 |     37.434 |   1.2401 |     41.589 |     1.7
   48 |   1.0903 |     36.894 |   1.2391 |     41.868 |     1.7
   49 |   1.0767 |     36.397 |   1.2405 |     41.341 |     1.7
   50 |   1.0664 |     36.213 |   1.2332 |     40.875 |     1.8
   51 |   1.0528 |     35.705 |   1.2278 |     41.217 |     1.8
   52 |   1.0412 |     35.132 |   1.2229 |     40.844 |     1.9
   53 |   1.0263 |     34.884 |   1.2244 |     40.844 |     1.9
   54 |   1.0188 |     34.500 |   1.2221 |     40.906 |     1.9
   55 |   1.0086 |     34.246 |   1.2247 |     40.317 |     2.0
   56 |   0.9942 |     33.836 |   1.2191 |     40.534 |     2.0
   57 |   0.9872 |     33.668 |   1.2064 |     40.037 |     2.0
   58 |   0.9758 |     33.296 |   1.2150 |     40.255 |     2.1
   59 |   0.9648 |     33.058 |   1.2091 |     39.944 |     2.1
   60 |   0.9527 |     32.366 |   1.2156 |     39.913 |     2.1
   61 |   0.9439 |     32.177 |   1.2054 |     39.510 |     2.2
   62 |   0.9338 |     32.021 |   1.2043 |     39.385 |     2.2
   63 |   0.9222 |     31.378 |   1.2066 |     39.385 |     2.2
   64 |   0.9134 |     31.010 |   1.2131 |     39.199 |     2.3
   65 |   0.9009 |     30.513 |   1.2080 |     38.796 |     2.3
   66 |   0.8923 |     30.222 |   1.1998 |     38.082 |     2.3
   67 |   0.8817 |     29.530 |   1.1961 |     38.144 |     2.4
   68 |   0.8680 |     28.920 |   1.1994 |     38.175 |     2.4
   69 |   0.8628 |     28.801 |   1.2015 |     38.330 |     2.5
   70 |   0.8538 |     28.352 |   1.2110 |     38.672 |     2.5
   71 |   0.8432 |     28.239 |   1.1897 |     37.399 |     2.5
   72 |   0.8337 |     27.542 |   1.1973 |     37.182 |     2.6
   73 |   0.8239 |     27.369 |   1.1957 |     37.306 |     2.6
   74 |   0.8158 |     26.867 |   1.1921 |     36.934 |     2.6
   75 |   0.8037 |     26.316 |   1.1952 |     36.996 |     2.7
   76 |   0.7955 |     26.067 |   1.1891 |     36.996 |     2.7
   77 |   0.7886 |     25.845 |   1.1909 |     36.127 |     2.7
   78 |   0.7775 |     25.321 |   1.1961 |     36.251 |     2.8
   79 |   0.7687 |     24.792 |   1.1946 |     36.437 |     2.8
   80 |   0.7586 |     24.419 |   1.2208 |     36.065 |     2.8
Early stopping

Model: Seq2Seq Multimodal Bi-LSTM
Source index: <Seq2Seq Index with 43 items>
Target index: <Seq2Seq Index with 34 items>
Encoder embedding dimension: 128
Descriptors dimension: 1136
Decoder embedding dimension: 64
Encoder hidden units: 128
Encoder layers: 2
Decoder hidden units: 64
Decoder layers: 3
Dropout: 0.0
Trainable parameters: 1,191,330

Training started
X_train.shape: torch.Size([3085, 702])
Y_train.shape: torch.Size([3085, 7])
X_dev.shape: torch.Size([537, 649])
Y_dev.shape: torch.Size([537, 7])
Epochs: 500
Learning rate: 0.0001
Weight decay: 0.0001
Epoch | Train                 | Development           | Minutes
      | Loss     | Error Rate | Loss     | Error Rate |
---------------------------------------------------------------
    1 |   3.4427 |     90.362 |   3.1301 |     83.116 |     0.5
    2 |   2.8299 |     77.272 |   2.6374 |     67.101 |     0.9
    3 |   2.4740 |     61.507 |   2.3779 |     59.683 |     1.4
    4 |   2.2657 |     58.687 |   2.2174 |     58.101 |     1.9
    5 |   2.1275 |     56.834 |   2.1016 |     56.704 |     2.4
    6 |   2.0324 |     54.900 |   2.0209 |     55.431 |     2.9
    7 |   1.9573 |     54.079 |   1.9500 |     55.028 |     3.4
    8 |   1.8896 |     50.227 |   1.8827 |     48.759 |     3.9
    9 |   1.8259 |     48.730 |   1.8189 |     48.727 |     4.4
   10 |   1.7664 |     48.747 |   1.7613 |     48.727 |     4.9
   11 |   1.7108 |     48.747 |   1.7098 |     48.727 |     5.4
   12 |   1.6634 |     48.747 |   1.6660 |     48.727 |     5.8
   13 |   1.6226 |     48.741 |   1.6285 |     48.727 |     6.3
   14 |   1.5885 |     46.429 |   1.5974 |     46.182 |     6.8
   15 |   1.5587 |     46.332 |   1.5693 |     46.182 |     7.3
   16 |   1.5342 |     46.337 |   1.5470 |     46.182 |     7.8
   17 |   1.5136 |     46.337 |   1.5287 |     46.182 |     8.3
   18 |   1.4960 |     46.337 |   1.5123 |     46.182 |     8.8
   19 |   1.4802 |     46.337 |   1.4986 |     46.182 |     9.3
   20 |   1.4680 |     46.337 |   1.4867 |     46.120 |     9.8
   21 |   1.4555 |     46.337 |   1.4762 |     46.182 |    10.3
   22 |   1.4460 |     46.337 |   1.4663 |     46.151 |    10.8
   23 |   1.4375 |     46.337 |   1.4591 |     46.182 |    11.3
   24 |   1.4296 |     46.337 |   1.4523 |     46.151 |    11.8
   25 |   1.4231 |     46.332 |   1.4450 |     46.182 |    12.3
   26 |   1.4157 |     46.337 |   1.4377 |     46.182 |    12.8
   27 |   1.4084 |     46.337 |   1.4315 |     46.182 |    13.3
   28 |   1.4020 |     46.337 |   1.4247 |     46.182 |    13.8
   29 |   1.3961 |     46.337 |   1.4185 |     46.120 |    14.2
   30 |   1.3869 |     46.305 |   1.4114 |     46.182 |    14.7
   31 |   1.3784 |     46.245 |   1.4026 |     46.027 |    15.2
   32 |   1.3701 |     46.121 |   1.3955 |     45.996 |    15.7
   33 |   1.3619 |     45.770 |   1.3900 |     45.810 |    16.2
   34 |   1.3523 |     45.111 |   1.3809 |     45.562 |    16.7
   35 |   1.3443 |     44.603 |   1.3736 |     45.624 |    17.2
   36 |   1.3383 |     44.192 |   1.3691 |     45.593 |    17.7
   37 |   1.3297 |     44.052 |   1.3624 |     45.345 |    18.2
   38 |   1.3221 |     43.836 |   1.3637 |     45.841 |    18.7
   39 |   1.3160 |     43.620 |   1.3551 |     45.500 |    19.2
   40 |   1.3091 |     43.447 |   1.3475 |     45.282 |    19.7
   41 |   1.3033 |     43.323 |   1.3473 |     45.220 |    20.2
   42 |   1.2950 |     43.231 |   1.3384 |     45.376 |    20.7
   43 |   1.2887 |     43.085 |   1.3390 |     45.531 |    21.2
   44 |   1.2831 |     42.934 |   1.3340 |     45.096 |    21.6
   45 |   1.2763 |     42.912 |   1.3330 |     45.500 |    22.1
   46 |   1.2699 |     42.793 |   1.3297 |     45.282 |    22.6
   47 |   1.2623 |     42.744 |   1.3327 |     45.376 |    23.1
   48 |   1.2567 |     42.572 |   1.3220 |     45.469 |    23.6
   49 |   1.2510 |     42.658 |   1.3177 |     45.034 |    24.1
   50 |   1.2429 |     42.372 |   1.3170 |     45.158 |    24.6
   51 |   1.2359 |     42.301 |   1.3110 |     44.941 |    25.1
   52 |   1.2303 |     42.172 |   1.3088 |     44.693 |    25.6
   53 |   1.2237 |     41.869 |   1.3092 |     44.631 |    26.1
   54 |   1.2159 |     41.567 |   1.3022 |     44.600 |    26.6
   55 |   1.2075 |     41.442 |   1.2987 |     44.258 |    27.1
   56 |   1.2008 |     41.070 |   1.2977 |     44.475 |    27.5
   57 |   1.1944 |     40.870 |   1.2910 |     43.855 |    28.0
   58 |   1.1856 |     40.594 |   1.2934 |     43.886 |    28.5
   59 |   1.1824 |     40.303 |   1.2916 |     43.296 |    29.0
   60 |   1.1728 |     39.897 |   1.2830 |     43.141 |    29.5
   61 |   1.1637 |     39.292 |   1.2768 |     42.737 |    30.0
   62 |   1.1549 |     39.065 |   1.2739 |     43.079 |    30.5
   63 |   1.1481 |     38.876 |   1.2691 |     42.644 |    31.0
   64 |   1.1396 |     38.493 |   1.2658 |     41.930 |    31.5
   65 |   1.1329 |     38.271 |   1.2699 |     42.086 |    32.0
   66 |   1.1268 |     37.812 |   1.2641 |     42.489 |    32.5
   67 |   1.1177 |     37.493 |   1.2644 |     41.899 |    33.0
   68 |   1.1113 |     37.142 |   1.2635 |     41.962 |    33.4
   69 |   1.1022 |     36.964 |   1.2582 |     41.775 |    33.9
   70 |   1.0964 |     36.310 |   1.2667 |     41.465 |    34.4
   71 |   1.0884 |     35.970 |   1.2597 |     42.179 |    34.9
   72 |   1.0811 |     36.170 |   1.2535 |     41.372 |    35.4
   73 |   1.0742 |     35.462 |   1.2555 |     40.286 |    35.9
   74 |   1.0670 |     35.521 |   1.2606 |     40.689 |    36.4
   75 |   1.0602 |     35.024 |   1.2575 |     40.503 |    36.9
   76 |   1.0556 |     35.176 |   1.2524 |     39.789 |    37.4
   77 |   1.0468 |     34.241 |   1.2566 |     40.968 |    37.9
   78 |   1.0388 |     34.452 |   1.2552 |     41.030 |    38.4
   79 |   1.0327 |     33.890 |   1.2532 |     40.099 |    38.9
   80 |   1.0252 |     33.906 |   1.2536 |     40.565 |    39.4
Early stopping

Model: Seq2Seq Multimodal Bi-LSTM
Source index: <Seq2Seq Index with 43 items>
Target index: <Seq2Seq Index with 34 items>
Encoder embedding dimension: 128
Descriptors dimension: 1136
Decoder embedding dimension: 128
Encoder hidden units: 32
Encoder layers: 3
Decoder hidden units: 128
Decoder layers: 3
Dropout: 0.0
Trainable parameters: 669,698

Training started
X_train.shape: torch.Size([3085, 702])
Y_train.shape: torch.Size([3085, 7])
X_dev.shape: torch.Size([537, 649])
Y_dev.shape: torch.Size([537, 7])
Epochs: 500
Learning rate: 0.001
Weight decay: 1e-05
Epoch | Train                 | Development           | Minutes
      | Loss     | Error Rate | Loss     | Error Rate |
---------------------------------------------------------------
    1 |   2.2140 |     60.254 |   1.6181 |     46.182 |     0.0
    2 |   1.4670 |     46.343 |   1.4345 |     46.555 |     0.0
    3 |   1.3688 |     45.565 |   1.3858 |     47.020 |     0.1
    4 |   1.3218 |     45.062 |   1.3262 |     45.810 |     0.1
    5 |   1.2824 |     43.960 |   1.2867 |     44.072 |     0.1
    6 |   1.2246 |     41.448 |   1.2464 |     43.948 |     0.1
    7 |   1.1860 |     40.378 |   1.2004 |     41.030 |     0.2
    8 |   1.1307 |     38.390 |   1.1677 |     39.448 |     0.2
    9 |   1.0830 |     36.748 |   1.1430 |     37.213 |     0.2
   10 |   1.0375 |     35.154 |   1.1106 |     36.654 |     0.2
   11 |   0.9819 |     32.863 |   1.1083 |     35.754 |     0.3
   12 |   0.9280 |     31.048 |   1.0834 |     35.816 |     0.3
   13 |   0.8767 |     29.417 |   1.0769 |     34.358 |     0.3
   14 |   0.8284 |     27.607 |   1.0453 |     33.395 |     0.3
   15 |   0.7742 |     25.408 |   1.0251 |     32.247 |     0.4
   16 |   0.7316 |     23.928 |   1.0274 |     32.433 |     0.4
   17 |   0.6828 |     22.269 |   1.0042 |     31.471 |     0.4
   18 |   0.6403 |     20.702 |   1.0116 |     31.440 |     0.4
   19 |   0.5961 |     19.206 |   1.0222 |     30.074 |     0.5
   20 |   0.5645 |     18.206 |   1.0121 |     29.143 |     0.5
   21 |   0.5197 |     16.710 |   1.0245 |     29.702 |     0.5
Early stopping

Model: Seq2Seq Multimodal Bi-LSTM
Source index: <Seq2Seq Index with 43 items>
Target index: <Seq2Seq Index with 34 items>
Encoder embedding dimension: 64
Descriptors dimension: 1136
Decoder embedding dimension: 64
Encoder hidden units: 64
Encoder layers: 3
Decoder hidden units: 64
Decoder layers: 3
Dropout: 0.2
Trainable parameters: 676,514

Training started
X_train.shape: torch.Size([3085, 702])
Y_train.shape: torch.Size([3085, 7])
X_dev.shape: torch.Size([537, 649])
Y_dev.shape: torch.Size([537, 7])
Epochs: 500
Learning rate: 0.001
Weight decay: 0.0001
Epoch | Train                 | Development           | Minutes
      | Loss     | Error Rate | Loss     | Error Rate |
---------------------------------------------------------------
    1 |   2.5387 |     67.574 |   2.0010 |     55.493 |     0.0
    2 |   1.7545 |     50.022 |   1.5901 |     46.182 |     0.0
    3 |   1.5014 |     46.370 |   1.4792 |     46.182 |     0.1
    4 |   1.4351 |     46.353 |   1.4360 |     46.182 |     0.1
    5 |   1.4088 |     46.499 |   1.4238 |     46.555 |     0.1
    6 |   1.3898 |     46.332 |   1.4075 |     46.431 |     0.2
    7 |   1.3692 |     46.024 |   1.3892 |     46.803 |     0.2
    8 |   1.3398 |     44.959 |   1.3436 |     44.879 |     0.2
    9 |   1.3062 |     43.971 |   1.3086 |     45.127 |     0.2
   10 |   1.2777 |     43.306 |   1.3016 |     44.879 |     0.3
   11 |   1.2571 |     42.825 |   1.2714 |     44.879 |     0.3
   12 |   1.2394 |     42.426 |   1.2724 |     43.513 |     0.3
   13 |   1.2204 |     41.496 |   1.2569 |     42.862 |     0.3
   14 |   1.2019 |     40.740 |   1.2380 |     42.365 |     0.4
   15 |   1.1902 |     40.243 |   1.2249 |     40.937 |     0.4
   16 |   1.1718 |     39.903 |   1.2095 |     40.875 |     0.4
   17 |   1.1563 |     39.363 |   1.1995 |     40.937 |     0.4
   18 |   1.1458 |     39.001 |   1.2162 |     41.217 |     0.5
   19 |   1.1585 |     39.471 |   1.1902 |     39.634 |     0.5
   20 |   1.1186 |     37.844 |   1.1706 |     39.044 |     0.5
   21 |   1.0956 |     37.045 |   1.1613 |     38.889 |     0.5
   22 |   1.0784 |     36.094 |   1.1456 |     38.237 |     0.6
   23 |   1.0634 |     35.943 |   1.1237 |     37.399 |     0.6
   24 |   1.0443 |     34.765 |   1.1222 |     37.461 |     0.6
   25 |   1.0279 |     34.360 |   1.1194 |     36.934 |     0.6
   26 |   1.0139 |     33.782 |   1.1256 |     36.406 |     0.7
   27 |   1.0049 |     33.463 |   1.1082 |     36.872 |     0.7
   28 |   0.9836 |     32.761 |   1.1019 |     35.785 |     0.7
   29 |   0.9760 |     32.809 |   1.0714 |     35.040 |     0.7
   30 |   0.9592 |     32.253 |   1.1019 |     36.034 |     0.8
   31 |   0.9445 |     31.826 |   1.0759 |     34.761 |     0.8
   32 |   0.9305 |     31.232 |   1.0748 |     35.071 |     0.8
   33 |   0.9227 |     31.124 |   1.0712 |     34.792 |     0.8
   34 |   0.9061 |     30.573 |   1.0707 |     34.823 |     0.9
   35 |   0.8907 |     30.113 |   1.0675 |     34.916 |     0.9
   36 |   0.8784 |     29.676 |   1.0643 |     34.233 |     0.9
   37 |   0.8585 |     28.622 |   1.0630 |     34.389 |     0.9
   38 |   0.8601 |     29.119 |   1.0479 |     32.961 |     1.0
   39 |   0.8506 |     28.455 |   1.0419 |     33.706 |     1.0
   40 |   0.8373 |     28.277 |   1.0650 |     34.606 |     1.0
   41 |   0.8374 |     28.466 |   1.0547 |     34.606 |     1.0
   42 |   0.8212 |     27.693 |   1.0598 |     33.768 |     1.1
   43 |   0.8108 |     27.304 |   1.0588 |     33.985 |     1.1
Early stopping

Model: Seq2Seq Multimodal Bi-LSTM
Source index: <Seq2Seq Index with 43 items>
Target index: <Seq2Seq Index with 34 items>
Encoder embedding dimension: 64
Descriptors dimension: 1136
Decoder embedding dimension: 128
Encoder hidden units: 64
Encoder layers: 4
Decoder hidden units: 64
Decoder layers: 3
Dropout: 0.1
Trainable parameters: 912,226

Training started
X_train.shape: torch.Size([3085, 702])
Y_train.shape: torch.Size([3085, 7])
X_dev.shape: torch.Size([537, 649])
Y_dev.shape: torch.Size([537, 7])
Epochs: 500
Learning rate: 0.0001
Weight decay: 0.0001
Epoch | Train                 | Development           | Minutes
      | Loss     | Error Rate | Loss     | Error Rate |
---------------------------------------------------------------
    1 |   3.3844 |     83.809 |   3.0583 |     83.333 |     0.0
    2 |   2.7643 |     79.843 |   2.6080 |     67.536 |     0.1
    3 |   2.4628 |     60.276 |   2.3802 |     59.777 |     0.1
    4 |   2.2786 |     58.736 |   2.2286 |     59.683 |     0.1
    5 |   2.1532 |     58.223 |   2.1174 |     59.497 |     0.2
    6 |   2.0578 |     57.331 |   2.0320 |     59.249 |     0.2
    7 |   1.9812 |     55.829 |   1.9606 |     53.538 |     0.2
    8 |   1.9166 |     51.977 |   1.8984 |     48.945 |     0.3
    9 |   1.8566 |     50.005 |   1.8438 |     49.472 |     0.3
   10 |   1.8026 |     49.465 |   1.7904 |     48.790 |     0.3
   11 |   1.7514 |     49.211 |   1.7433 |     48.759 |     0.4
   12 |   1.7043 |     48.925 |   1.6966 |     48.759 |     0.4
   13 |   1.6579 |     48.838 |   1.6554 |     48.727 |     0.4
   14 |   1.6176 |     48.574 |   1.6169 |     46.896 |     0.5
   15 |   1.5805 |     46.494 |   1.5847 |     46.151 |     0.5
   16 |   1.5508 |     46.299 |   1.5582 |     46.182 |     0.5
   17 |   1.5261 |     46.288 |   1.5364 |     46.214 |     0.6
   18 |   1.5034 |     46.305 |   1.5185 |     46.058 |     0.6
   19 |   1.4839 |     46.186 |   1.5003 |     46.027 |     0.6
   20 |   1.4668 |     46.013 |   1.4858 |     45.810 |     0.7
   21 |   1.4510 |     45.889 |   1.4739 |     45.686 |     0.7
   22 |   1.4374 |     45.640 |   1.4609 |     45.686 |     0.7
   23 |   1.4222 |     45.397 |   1.4470 |     45.469 |     0.8
   24 |   1.4062 |     45.289 |   1.4329 |     45.562 |     0.8
   25 |   1.3913 |     45.186 |   1.4154 |     45.438 |     0.8
   26 |   1.3738 |     45.003 |   1.4013 |     45.282 |     0.9
   27 |   1.3578 |     44.716 |   1.3855 |     45.065 |     0.9
   28 |   1.3430 |     44.473 |   1.3705 |     45.127 |     0.9
   29 |   1.3294 |     43.955 |   1.3603 |     45.220 |     1.0
   30 |   1.3161 |     43.441 |   1.3507 |     44.786 |     1.0
   31 |   1.3043 |     43.252 |   1.3408 |     44.786 |     1.0
   32 |   1.2914 |     42.880 |   1.3332 |     44.103 |     1.1
   33 |   1.2803 |     42.853 |   1.3247 |     44.972 |     1.1
   34 |   1.2682 |     42.555 |   1.3152 |     44.134 |     1.1
   35 |   1.2554 |     42.328 |   1.3144 |     43.917 |     1.2
   36 |   1.2485 |     41.804 |   1.3058 |     44.196 |     1.2
   37 |   1.2373 |     41.615 |   1.2967 |     43.979 |     1.3
   38 |   1.2255 |     41.772 |   1.2956 |     43.948 |     1.3
   39 |   1.2175 |     41.356 |   1.2875 |     44.041 |     1.3
   40 |   1.2078 |     41.048 |   1.2846 |     43.731 |     1.4
   41 |   1.1991 |     40.800 |   1.2805 |     44.289 |     1.4
   42 |   1.1896 |     40.427 |   1.2763 |     43.420 |     1.4
   43 |   1.1827 |     40.465 |   1.2711 |     44.382 |     1.5
   44 |   1.1757 |     39.935 |   1.2665 |     43.203 |     1.5
   45 |   1.1660 |     40.000 |   1.2717 |     43.544 |     1.5
   46 |   1.1602 |     39.633 |   1.2589 |     42.862 |     1.6
   47 |   1.1510 |     39.076 |   1.2619 |     42.924 |     1.6
   48 |   1.1438 |     39.190 |   1.2558 |     42.334 |     1.6
   49 |   1.1372 |     38.498 |   1.2521 |     41.868 |     1.7
   50 |   1.1280 |     37.947 |   1.2512 |     41.899 |     1.7
   51 |   1.1218 |     37.374 |   1.2426 |     41.372 |     1.7
   52 |   1.1118 |     37.110 |   1.2407 |     41.713 |     1.8
   53 |   1.1048 |     36.737 |   1.2360 |     41.403 |     1.8
   54 |   1.0988 |     36.569 |   1.2339 |     41.403 |     1.8
   55 |   1.0914 |     36.035 |   1.2345 |     41.092 |     1.9
   56 |   1.0810 |     35.559 |   1.2299 |     40.130 |     1.9
   57 |   1.0749 |     35.284 |   1.2302 |     40.379 |     1.9
   58 |   1.0715 |     35.078 |   1.2281 |     40.379 |     2.0
   59 |   1.0603 |     34.970 |   1.2245 |     39.944 |     2.0
   60 |   1.0519 |     34.435 |   1.2213 |     39.851 |     2.0
   61 |   1.0448 |     34.127 |   1.2150 |     39.634 |     2.1
   62 |   1.0377 |     33.830 |   1.2097 |     39.448 |     2.1
   63 |   1.0326 |     33.809 |   1.2161 |     39.075 |     2.1
   64 |   1.0223 |     33.236 |   1.2098 |     38.982 |     2.2
   65 |   1.0138 |     33.036 |   1.2105 |     39.323 |     2.2
   66 |   1.0097 |     32.820 |   1.2045 |     39.075 |     2.2
   67 |   1.0042 |     32.734 |   1.2029 |     38.672 |     2.3
   68 |   0.9958 |     32.388 |   1.2046 |     39.013 |     2.3
   69 |   0.9866 |     31.967 |   1.1956 |     38.423 |     2.3
   70 |   0.9822 |     31.680 |   1.1939 |     38.268 |     2.4
   71 |   0.9763 |     31.702 |   1.1884 |     37.709 |     2.4
   72 |   0.9650 |     31.388 |   1.1918 |     38.454 |     2.4
   73 |   0.9627 |     31.010 |   1.1857 |     37.678 |     2.5
   74 |   0.9536 |     30.967 |   1.1831 |     37.647 |     2.5
   75 |   0.9496 |     30.605 |   1.1850 |     37.865 |     2.5
   76 |   0.9430 |     30.227 |   1.1758 |     37.306 |     2.6
   77 |   0.9364 |     30.335 |   1.1837 |     37.275 |     2.6
   78 |   0.9320 |     29.941 |   1.1802 |     37.027 |     2.6
   79 |   0.9274 |     29.784 |   1.1784 |     36.747 |     2.7
   80 |   0.9211 |     29.379 |   1.1806 |     37.337 |     2.7
   81 |   0.9156 |     29.557 |   1.1741 |     37.275 |     2.7
   82 |   0.9057 |     28.795 |   1.1739 |     36.965 |     2.8
   83 |   0.9026 |     29.368 |   1.1631 |     36.934 |     2.8
   84 |   0.8961 |     29.006 |   1.1765 |     36.716 |     2.8
   85 |   0.8874 |     28.476 |   1.1689 |     36.313 |     2.9
   86 |   0.8864 |     28.314 |   1.1657 |     35.909 |     2.9
   87 |   0.8812 |     28.206 |   1.1726 |     35.537 |     2.9
Early stopping

