Model: Seq2Seq Bi-LSTM
Source index: <Seq2Seq Index with 45 items>
Target index: <Seq2Seq Index with 34 items>
Encoder embedding dimension: 64
Decoder embedding dimension: 64
Encoder hidden units: 64
Encoder layers: 2
Decoder hidden units: 128
Decoder layers: 2
Dropout: 0.0
Trainable parameters: 472,290

Training started
X_train.shape: torch.Size([3034, 702])
Y_train.shape: torch.Size([3034, 7])
X_dev.shape: torch.Size([542, 350])
Y_dev.shape: torch.Size([542, 7])
Epochs: 500
Learning rate: 0.001
Weight decay: 1e-05
Epoch | Train                 | Development           | Minutes
      | Loss     | Error Rate | Loss     | Error Rate |
---------------------------------------------------------------
    1 |   2.0845 |     56.586 |   1.5299 |     47.017 |     0.0
    2 |   1.4179 |     45.781 |   1.3798 |     46.925 |     0.0
    3 |   1.3270 |     45.083 |   1.3172 |     46.279 |     0.0
    4 |   1.2837 |     44.661 |   1.2744 |     45.203 |     0.1
    5 |   1.2508 |     43.765 |   1.2555 |     44.311 |     0.1
    6 |   1.2240 |     43.276 |   1.2268 |     44.219 |     0.1
    7 |   1.1939 |     42.595 |   1.2064 |     43.143 |     0.1
    8 |   1.1691 |     41.683 |   1.1792 |     41.697 |     0.1
    9 |   1.1368 |     40.326 |   1.1529 |     41.636 |     0.1
   10 |   1.1052 |     38.887 |   1.1351 |     39.791 |     0.2
   11 |   1.0669 |     37.195 |   1.0998 |     38.469 |     0.2
   12 |   1.0244 |     35.130 |   1.0761 |     37.300 |     0.2
   13 |   0.9851 |     33.723 |   1.0455 |     36.193 |     0.2
   14 |   0.9459 |     32.334 |   1.0387 |     35.640 |     0.2
   15 |   0.9036 |     30.614 |   1.0002 |     34.287 |     0.2
   16 |   0.8658 |     29.417 |   0.9790 |     33.764 |     0.3
   17 |   0.8318 |     27.922 |   0.9756 |     33.549 |     0.3
   18 |   0.7869 |     26.241 |   0.9566 |     32.595 |     0.3
   19 |   0.7488 |     24.929 |   0.9566 |     31.642 |     0.3
   20 |   0.7140 |     23.473 |   0.9493 |     31.734 |     0.3
   21 |   0.6768 |     22.187 |   0.9331 |     31.273 |     0.3
   22 |   0.6423 |     21.001 |   0.9415 |     30.320 |     0.4
   23 |   0.6078 |     19.792 |   0.9462 |     31.642 |     0.4
   24 |   0.5795 |     19.001 |   0.9341 |     29.982 |     0.4
   25 |   0.5464 |     17.447 |   0.9565 |     30.135 |     0.4
Early stopping

Model: Seq2Seq Bi-LSTM
Source index: <Seq2Seq Index with 45 items>
Target index: <Seq2Seq Index with 34 items>
Encoder embedding dimension: 64
Decoder embedding dimension: 64
Encoder hidden units: 128
Encoder layers: 4
Decoder hidden units: 128
Decoder layers: 2
Dropout: 0.1
Trainable parameters: 1,887,458

Training started
X_train.shape: torch.Size([3034, 702])
Y_train.shape: torch.Size([3034, 7])
X_dev.shape: torch.Size([542, 350])
Y_dev.shape: torch.Size([542, 7])
Epochs: 500
Learning rate: 0.001
Weight decay: 1e-05
Epoch | Train                 | Development           | Minutes
      | Loss     | Error Rate | Loss     | Error Rate |
---------------------------------------------------------------
    1 |   2.0744 |     56.564 |   1.5596 |     47.202 |     0.1
    2 |   1.4495 |     46.050 |   1.4090 |     47.202 |     0.2
    3 |   1.3706 |     45.682 |   1.3534 |     46.310 |     0.2
    4 |   1.3279 |     45.215 |   1.3210 |     45.357 |     0.3
    5 |   1.2960 |     44.682 |   1.3012 |     45.695 |     0.4
    6 |   1.2680 |     43.897 |   1.2684 |     44.711 |     0.5
    7 |   1.2451 |     43.842 |   1.2469 |     44.188 |     0.6
    8 |   1.2157 |     43.018 |   1.2229 |     43.327 |     0.6
    9 |   1.1933 |     42.090 |   1.2067 |     43.050 |     0.7
   10 |   1.1659 |     41.293 |   1.1744 |     42.405 |     0.8
   11 |   1.1348 |     39.634 |   1.1395 |     41.113 |     0.9
   12 |   1.1020 |     38.497 |   1.1119 |     38.838 |     1.0
   13 |   1.0619 |     36.613 |   1.0899 |     38.592 |     1.0
   14 |   1.0231 |     35.520 |   1.0587 |     36.900 |     1.1
   15 |   0.9764 |     33.344 |   1.0250 |     34.256 |     1.2
   16 |   0.9298 |     31.372 |   1.0021 |     33.979 |     1.3
   17 |   0.8826 |     29.543 |   1.0010 |     32.903 |     1.3
   18 |   0.8348 |     27.994 |   0.9678 |     32.688 |     1.4
   19 |   0.7917 |     26.302 |   0.9663 |     32.411 |     1.5
   20 |   0.7473 |     24.687 |   0.9521 |     31.273 |     1.6
   21 |   0.6951 |     22.880 |   0.9443 |     31.027 |     1.7
   22 |   0.6465 |     21.078 |   0.9461 |     30.812 |     1.7
   23 |   0.6056 |     19.985 |   0.9352 |     30.474 |     1.8
   24 |   0.5587 |     18.232 |   0.9570 |     29.705 |     1.9
   25 |   0.5251 |     17.106 |   0.9363 |     28.598 |     2.0
   26 |   0.4810 |     15.661 |   0.9661 |     29.121 |     2.1
   27 |   0.4499 |     14.739 |   0.9745 |     28.014 |     2.1
Early stopping

Model: Seq2Seq Bi-LSTM
Source index: <Seq2Seq Index with 45 items>
Target index: <Seq2Seq Index with 34 items>
Encoder embedding dimension: 32
Decoder embedding dimension: 64
Encoder hidden units: 128
Encoder layers: 2
Decoder hidden units: 128
Decoder layers: 3
Dropout: 0.2
Trainable parameters: 1,063,746

Training started
X_train.shape: torch.Size([3034, 702])
Y_train.shape: torch.Size([3034, 7])
X_dev.shape: torch.Size([542, 350])
Y_dev.shape: torch.Size([542, 7])
Epochs: 500
Learning rate: 0.001
Weight decay: 0.0001
Epoch | Train                 | Development           | Minutes
      | Loss     | Error Rate | Loss     | Error Rate |
---------------------------------------------------------------
    1 |   2.2307 |     60.783 |   1.6360 |     47.202 |     0.0
    2 |   1.4917 |     46.276 |   1.4439 |     47.202 |     0.1
    3 |   1.4102 |     46.193 |   1.4093 |     47.017 |     0.1
    4 |   1.3848 |     45.995 |   1.3714 |     46.740 |     0.2
    5 |   1.3512 |     45.704 |   1.3429 |     46.033 |     0.2
    6 |   1.3233 |     45.682 |   1.3326 |     46.248 |     0.2
    7 |   1.3029 |     45.600 |   1.3076 |     46.402 |     0.3
    8 |   1.2816 |     45.644 |   1.2941 |     45.818 |     0.3
    9 |   1.2585 |     44.633 |   1.2678 |     45.480 |     0.3
   10 |   1.2427 |     44.369 |   1.2510 |     45.726 |     0.4
   11 |   1.2283 |     44.001 |   1.2333 |     44.588 |     0.4
   12 |   1.2150 |     43.348 |   1.2321 |     44.096 |     0.5
   13 |   1.2063 |     43.172 |   1.2147 |     43.081 |     0.5
   14 |   1.1967 |     42.930 |   1.2069 |     43.542 |     0.5
   15 |   1.1902 |     42.853 |   1.1945 |     41.790 |     0.6
   16 |   1.1776 |     42.364 |   1.1867 |     42.497 |     0.6
   17 |   1.1713 |     42.079 |   1.1869 |     42.958 |     0.7
   18 |   1.1649 |     41.941 |   1.1696 |     42.159 |     0.7
   19 |   1.1591 |     41.963 |   1.1652 |     43.235 |     0.7
   20 |   1.1509 |     41.963 |   1.1623 |     42.128 |     0.8
   21 |   1.1440 |     41.282 |   1.1491 |     41.759 |     0.8
   22 |   1.1389 |     41.145 |   1.1368 |     40.652 |     0.9
   23 |   1.1293 |     40.887 |   1.1283 |     40.529 |     0.9
   24 |   1.1204 |     40.887 |   1.1188 |     40.467 |     0.9
   25 |   1.1172 |     40.854 |   1.1170 |     40.560 |     1.0
   26 |   1.1077 |     40.178 |   1.1116 |     40.314 |     1.0
   27 |   1.0956 |     39.513 |   1.1037 |     39.883 |     1.1
   28 |   1.0916 |     39.447 |   1.0968 |     40.160 |     1.1
   29 |   1.0850 |     39.074 |   1.0923 |     39.606 |     1.1
   30 |   1.0779 |     39.112 |   1.0870 |     39.360 |     1.2
   31 |   1.0743 |     38.898 |   1.0781 |     39.514 |     1.2
   32 |   1.0646 |     38.706 |   1.0829 |     39.606 |     1.2
   33 |   1.0609 |     38.349 |   1.0821 |     39.022 |     1.3
   34 |   1.0572 |     38.250 |   1.0673 |     38.223 |     1.3
   35 |   1.0515 |     37.898 |   1.0690 |     38.253 |     1.4
   36 |   1.0451 |     37.788 |   1.0615 |     38.745 |     1.4
   37 |   1.0415 |     37.695 |   1.0543 |     38.007 |     1.4
   38 |   1.0357 |     37.409 |   1.0506 |     37.977 |     1.5
   39 |   1.0269 |     37.574 |   1.0538 |     38.653 |     1.5
   40 |   1.0254 |     36.970 |   1.0423 |     37.700 |     1.6
   41 |   1.0220 |     37.223 |   1.0413 |     37.700 |     1.6
   42 |   1.0214 |     37.190 |   1.0435 |     37.300 |     1.6
   43 |   1.0104 |     36.580 |   1.0359 |     37.085 |     1.7
   44 |   1.0051 |     36.366 |   1.0229 |     37.146 |     1.7
   45 |   1.0017 |     36.272 |   1.0272 |     36.716 |     1.8
   46 |   0.9940 |     35.816 |   1.0283 |     37.146 |     1.8
   47 |   0.9920 |     35.921 |   1.0221 |     36.316 |     1.8
   48 |   0.9838 |     35.877 |   1.0122 |     36.224 |     1.9
   49 |   0.9803 |     35.415 |   1.0137 |     35.148 |     1.9
   50 |   0.9733 |     35.141 |   1.0102 |     35.517 |     2.0
   51 |   0.9706 |     35.086 |   1.0060 |     36.255 |     2.0
   52 |   0.9651 |     34.740 |   1.0045 |     35.455 |     2.0
   53 |   0.9572 |     34.564 |   0.9992 |     35.363 |     2.1
   54 |   0.9514 |     34.031 |   1.0353 |     37.177 |     2.1
   55 |   0.9503 |     34.311 |   1.0062 |     35.363 |     2.2
   56 |   0.9436 |     33.553 |   1.0111 |     35.640 |     2.2
   57 |   0.9398 |     33.987 |   0.9894 |     34.410 |     2.2
   58 |   0.9314 |     33.295 |   0.9991 |     35.947 |     2.3
   59 |   0.9304 |     33.388 |   0.9924 |     34.410 |     2.3
   60 |   0.9251 |     33.350 |   0.9836 |     34.440 |     2.4
   61 |   0.9194 |     33.097 |   0.9911 |     34.963 |     2.4
   62 |   0.9170 |     33.097 |   0.9905 |     34.563 |     2.4
   63 |   0.9109 |     32.663 |   0.9794 |     35.025 |     2.5
   64 |   0.9075 |     32.356 |   0.9940 |     35.424 |     2.5
   65 |   0.9046 |     32.718 |   0.9908 |     35.424 |     2.5
   66 |   0.8952 |     31.976 |   0.9716 |     33.795 |     2.6
   67 |   0.8908 |     31.696 |   0.9774 |     35.178 |     2.6
   68 |   0.8894 |     31.817 |   0.9694 |     34.625 |     2.7
   69 |   0.8826 |     31.724 |   0.9597 |     33.610 |     2.7
   70 |   0.8758 |     31.262 |   0.9609 |     34.133 |     2.7
   71 |   0.8711 |     31.185 |   0.9670 |     34.133 |     2.8
   72 |   0.8648 |     30.801 |   0.9716 |     34.194 |     2.8
   73 |   0.8635 |     30.642 |   0.9725 |     34.902 |     2.9
   74 |   0.8536 |     30.466 |   0.9575 |     34.379 |     2.9
   75 |   0.8524 |     30.543 |   0.9496 |     33.702 |     2.9
   76 |   0.8441 |     29.867 |   0.9555 |     33.087 |     3.0
   77 |   0.8371 |     29.763 |   0.9502 |     33.549 |     3.0
   78 |   0.8342 |     29.938 |   0.9541 |     32.934 |     3.1
   79 |   0.8309 |     29.796 |   0.9475 |     33.364 |     3.1
   80 |   0.8269 |     29.246 |   0.9459 |     32.780 |     3.1
   81 |   0.8182 |     28.889 |   0.9560 |     33.241 |     3.2
   82 |   0.8131 |     28.790 |   0.9438 |     32.841 |     3.2
   83 |   0.8122 |     29.098 |   0.9484 |     33.087 |     3.3
   84 |   0.8048 |     28.939 |   0.9478 |     33.702 |     3.3
   85 |   0.8010 |     28.554 |   0.9417 |     32.503 |     3.3
   86 |   0.7907 |     27.900 |   0.9508 |     32.811 |     3.4
   87 |   0.7919 |     27.922 |   0.9439 |     32.042 |     3.4
   88 |   0.7836 |     27.752 |   0.9377 |     32.257 |     3.5
   89 |   0.7779 |     27.434 |   0.9403 |     32.718 |     3.5
   90 |   0.7748 |     27.445 |   0.9383 |     31.827 |     3.5
   91 |   0.7702 |     27.142 |   0.9585 |     33.210 |     3.6
   92 |   0.7716 |     27.252 |   0.9422 |     32.811 |     3.6
Early stopping

Model: Seq2Seq Bi-LSTM
Source index: <Seq2Seq Index with 45 items>
Target index: <Seq2Seq Index with 34 items>
Encoder embedding dimension: 128
Decoder embedding dimension: 128
Encoder hidden units: 128
Encoder layers: 4
Decoder hidden units: 64
Decoder layers: 2
Dropout: 0.0
Trainable parameters: 1,676,322

Training started
X_train.shape: torch.Size([3034, 702])
Y_train.shape: torch.Size([3034, 7])
X_dev.shape: torch.Size([542, 350])
Y_dev.shape: torch.Size([542, 7])
Epochs: 500
Learning rate: 0.001
Weight decay: 0.0001
Epoch | Train                 | Development           | Minutes
      | Loss     | Error Rate | Loss     | Error Rate |
---------------------------------------------------------------
    1 |   2.3650 |     62.338 |   1.8393 |     49.200 |     0.1
    2 |   1.6310 |     47.314 |   1.5144 |     47.202 |     0.1
    3 |   1.4443 |     46.017 |   1.4131 |     47.202 |     0.2
    4 |   1.3712 |     45.463 |   1.3592 |     45.910 |     0.3
    5 |   1.3317 |     44.869 |   1.3338 |     45.449 |     0.4
    6 |   1.3029 |     44.260 |   1.3043 |     45.295 |     0.4
    7 |   1.2780 |     44.040 |   1.2785 |     44.250 |     0.5
    8 |   1.2559 |     43.540 |   1.2607 |     42.804 |     0.6
    9 |   1.2320 |     42.875 |   1.2391 |     42.958 |     0.7
   10 |   1.2118 |     42.436 |   1.2327 |     43.358 |     0.7
   11 |   1.1939 |     42.189 |   1.2132 |     42.251 |     0.8
   12 |   1.1748 |     41.365 |   1.1908 |     41.421 |     0.9
   13 |   1.1548 |     40.656 |   1.1714 |     41.421 |     1.0
   14 |   1.1347 |     40.063 |   1.1581 |     41.544 |     1.0
   15 |   1.1168 |     39.294 |   1.1416 |     40.775 |     1.1
   16 |   1.0976 |     38.585 |   1.1262 |     40.221 |     1.2
   17 |   1.0814 |     37.959 |   1.1086 |     39.207 |     1.3
   18 |   1.0650 |     37.113 |   1.1044 |     39.514 |     1.3
   19 |   1.0486 |     36.519 |   1.0932 |     38.284 |     1.4
   20 |   1.0317 |     35.553 |   1.0904 |     39.268 |     1.5
   21 |   1.0147 |     34.921 |   1.0702 |     37.884 |     1.5
   22 |   0.9957 |     34.267 |   1.0597 |     36.900 |     1.6
   23 |   0.9743 |     33.784 |   1.0445 |     36.808 |     1.7
   24 |   0.9513 |     32.416 |   1.0351 |     35.578 |     1.8
   25 |   0.9305 |     31.466 |   1.0223 |     35.209 |     1.8
   26 |   0.9027 |     30.356 |   1.0164 |     34.717 |     1.9
   27 |   0.8799 |     29.373 |   1.0105 |     33.979 |     2.0
   28 |   0.8567 |     28.582 |   0.9933 |     33.918 |     2.1
   29 |   0.8305 |     27.659 |   0.9948 |     33.856 |     2.1
   30 |   0.8154 |     27.005 |   0.9818 |     33.549 |     2.2
   31 |   0.7823 |     25.851 |   0.9725 |     32.995 |     2.3
   32 |   0.7584 |     24.956 |   0.9752 |     33.057 |     2.4
   33 |   0.7390 |     24.379 |   0.9790 |     32.042 |     2.4
   34 |   0.7121 |     23.347 |   0.9795 |     32.226 |     2.5
   35 |   0.6917 |     22.457 |   0.9851 |     31.642 |     2.6
   36 |   0.6674 |     21.479 |   0.9717 |     30.351 |     2.6
   37 |   0.6395 |     20.616 |   0.9911 |     32.103 |     2.7
   38 |   0.6154 |     19.661 |   0.9719 |     31.119 |     2.8
   39 |   0.5989 |     19.270 |   0.9661 |     30.258 |     2.9
   40 |   0.5759 |     18.155 |   0.9945 |     30.996 |     2.9
   41 |   0.5621 |     18.067 |   0.9776 |     30.443 |     3.0
   42 |   0.5335 |     16.777 |   0.9930 |     30.012 |     3.1
   43 |   0.5113 |     16.392 |   0.9883 |     29.244 |     3.2
Early stopping

Model: Seq2Seq Bi-LSTM
Source index: <Seq2Seq Index with 45 items>
Target index: <Seq2Seq Index with 34 items>
Encoder embedding dimension: 128
Decoder embedding dimension: 64
Encoder hidden units: 128
Encoder layers: 3
Decoder hidden units: 64
Decoder layers: 3
Dropout: 0.1
Trainable parameters: 1,263,010

Training started
X_train.shape: torch.Size([3034, 702])
Y_train.shape: torch.Size([3034, 7])
X_dev.shape: torch.Size([542, 350])
Y_dev.shape: torch.Size([542, 7])
Epochs: 500
Learning rate: 0.001
Weight decay: 1e-05
Epoch | Train                 | Development           | Minutes
      | Loss     | Error Rate | Loss     | Error Rate |
---------------------------------------------------------------
    1 |   2.5144 |     65.189 |   2.0085 |     59.317 |     0.1
    2 |   1.7747 |     50.209 |   1.5900 |     47.202 |     0.1
    3 |   1.4991 |     46.254 |   1.4610 |     47.202 |     0.2
    4 |   1.4318 |     46.188 |   1.4284 |     47.202 |     0.2
    5 |   1.4049 |     46.122 |   1.4056 |     47.202 |     0.3
    6 |   1.3883 |     45.918 |   1.3913 |     46.771 |     0.4
    7 |   1.3736 |     45.803 |   1.3780 |     46.187 |     0.4
    8 |   1.3560 |     45.907 |   1.3621 |     46.833 |     0.5
    9 |   1.3362 |     45.792 |   1.3330 |     46.002 |     0.5
   10 |   1.3159 |     45.501 |   1.3216 |     46.433 |     0.6
   11 |   1.3018 |     45.408 |   1.3045 |     45.572 |     0.7
   12 |   1.2839 |     44.803 |   1.2886 |     45.449 |     0.7
   13 |   1.2658 |     44.391 |   1.2729 |     44.680 |     0.8
   14 |   1.2477 |     43.633 |   1.2507 |     44.250 |     0.8
   15 |   1.2296 |     42.985 |   1.2345 |     43.389 |     0.9
   16 |   1.2124 |     42.562 |   1.2198 |     42.835 |     1.0
   17 |   1.1962 |     42.035 |   1.2112 |     43.266 |     1.0
   18 |   1.1811 |     41.766 |   1.1951 |     43.389 |     1.1
   19 |   1.1609 |     40.870 |   1.1836 |     42.128 |     1.1
   20 |   1.1448 |     40.112 |   1.1718 |     41.697 |     1.2
   21 |   1.1291 |     39.206 |   1.1552 |     41.451 |     1.3
   22 |   1.1123 |     38.838 |   1.1488 |     40.867 |     1.3
   23 |   1.0949 |     38.140 |   1.1383 |     40.252 |     1.4
   24 |   1.0788 |     37.404 |   1.1353 |     38.961 |     1.4
   25 |   1.0558 |     36.366 |   1.1211 |     39.391 |     1.5
   26 |   1.0422 |     35.910 |   1.1088 |     38.868 |     1.6
   27 |   1.0181 |     34.800 |   1.1014 |     38.007 |     1.6
   28 |   0.9970 |     33.949 |   1.0874 |     36.408 |     1.7
   29 |   0.9727 |     32.800 |   1.0882 |     37.208 |     1.7
   30 |   0.9534 |     32.163 |   1.0895 |     37.146 |     1.8
   31 |   0.9233 |     30.933 |   1.0699 |     35.978 |     1.9
   32 |   0.9024 |     29.993 |   1.0741 |     36.132 |     1.9
   33 |   0.8816 |     29.439 |   1.0670 |     36.193 |     2.0
   34 |   0.8556 |     28.395 |   1.0643 |     35.947 |     2.0
   35 |   0.8314 |     27.576 |   1.0672 |     35.486 |     2.1
   36 |   0.8091 |     26.686 |   1.0649 |     35.455 |     2.2
   37 |   0.7897 |     26.077 |   1.0676 |     35.148 |     2.2
   38 |   0.7595 |     24.676 |   1.0752 |     34.563 |     2.3
   39 |   0.7375 |     24.297 |   1.0615 |     33.672 |     2.3
   40 |   0.7148 |     23.061 |   1.0585 |     33.549 |     2.4
   41 |   0.6989 |     22.803 |   1.0751 |     33.303 |     2.5
   42 |   0.6768 |     22.050 |   1.0657 |     32.257 |     2.5
   43 |   0.6554 |     21.287 |   1.0685 |     32.288 |     2.6
   44 |   0.6365 |     20.600 |   1.0742 |     31.950 |     2.6
Early stopping

Model: Seq2Seq Bi-LSTM
Source index: <Seq2Seq Index with 45 items>
Target index: <Seq2Seq Index with 34 items>
Encoder embedding dimension: 128
Decoder embedding dimension: 64
Encoder hidden units: 64
Encoder layers: 2
Decoder hidden units: 64
Decoder layers: 3
Dropout: 0.0
Trainable parameters: 341,410

Training started
X_train.shape: torch.Size([3034, 702])
Y_train.shape: torch.Size([3034, 7])
X_dev.shape: torch.Size([542, 350])
Y_dev.shape: torch.Size([542, 7])
Epochs: 500
Learning rate: 0.001
Weight decay: 0.0001
Epoch | Train                 | Development           | Minutes
      | Loss     | Error Rate | Loss     | Error Rate |
---------------------------------------------------------------
    1 |   2.5468 |     68.002 |   1.9751 |     59.164 |     0.0
    2 |   1.7259 |     48.797 |   1.5681 |     47.202 |     0.0
    3 |   1.4927 |     46.210 |   1.4619 |     47.017 |     0.1
    4 |   1.4258 |     46.281 |   1.4136 |     47.202 |     0.1
    5 |   1.3895 |     46.188 |   1.3836 |     47.202 |     0.1
    6 |   1.3623 |     46.001 |   1.3652 |     46.187 |     0.1
    7 |   1.3413 |     45.331 |   1.3423 |     45.756 |     0.1
    8 |   1.3226 |     45.067 |   1.3279 |     45.910 |     0.1
    9 |   1.3044 |     44.600 |   1.3080 |     45.480 |     0.2
   10 |   1.2899 |     44.512 |   1.2982 |     45.418 |     0.2
   11 |   1.2774 |     44.128 |   1.2817 |     44.865 |     0.2
   12 |   1.2613 |     43.831 |   1.2679 |     44.496 |     0.2
   13 |   1.2479 |     43.540 |   1.2490 |     44.250 |     0.2
   14 |   1.2344 |     43.056 |   1.2461 |     42.989 |     0.3
   15 |   1.2236 |     42.705 |   1.2375 |     43.665 |     0.3
   16 |   1.2139 |     42.590 |   1.2236 |     42.804 |     0.3
   17 |   1.2028 |     42.221 |   1.2193 |     42.712 |     0.3
   18 |   1.1946 |     42.035 |   1.2176 |     43.112 |     0.3
   19 |   1.1832 |     41.963 |   1.1970 |     42.220 |     0.3
   20 |   1.1757 |     41.859 |   1.1956 |     41.513 |     0.4
   21 |   1.1661 |     41.035 |   1.1846 |     41.728 |     0.4
   22 |   1.1573 |     41.095 |   1.1737 |     41.205 |     0.4
   23 |   1.1504 |     40.639 |   1.1767 |     40.898 |     0.4
   24 |   1.1393 |     40.508 |   1.1678 |     41.574 |     0.4
   25 |   1.1321 |     40.617 |   1.1528 |     40.283 |     0.5
   26 |   1.1227 |     40.052 |   1.1528 |     40.221 |     0.5
   27 |   1.1153 |     39.859 |   1.1575 |     40.775 |     0.5
   28 |   1.1076 |     39.667 |   1.1410 |     40.160 |     0.5
   29 |   1.1003 |     39.338 |   1.1374 |     40.529 |     0.5
   30 |   1.0982 |     39.420 |   1.1370 |     41.205 |     0.5
   31 |   1.0892 |     39.332 |   1.1301 |     40.344 |     0.6
   32 |   1.0796 |     38.777 |   1.1248 |     40.068 |     0.6
   33 |   1.0733 |     38.673 |   1.1189 |     39.699 |     0.6
   34 |   1.0643 |     38.420 |   1.1132 |     40.068 |     0.6
   35 |   1.0575 |     37.937 |   1.1171 |     39.883 |     0.6
   36 |   1.0481 |     37.942 |   1.1060 |     39.668 |     0.7
   37 |   1.0393 |     37.289 |   1.1041 |     39.391 |     0.7
   38 |   1.0310 |     36.811 |   1.0959 |     38.592 |     0.7
   39 |   1.0223 |     36.497 |   1.0924 |     38.899 |     0.7
   40 |   1.0137 |     36.201 |   1.0867 |     37.977 |     0.7
   41 |   1.0086 |     36.025 |   1.0866 |     38.684 |     0.7
   42 |   0.9987 |     35.404 |   1.0729 |     38.130 |     0.8
   43 |   0.9872 |     35.223 |   1.0764 |     38.407 |     0.8
   44 |   0.9833 |     34.904 |   1.0683 |     37.823 |     0.8
   45 |   0.9762 |     34.481 |   1.0715 |     38.192 |     0.8
   46 |   0.9656 |     34.355 |   1.0668 |     37.085 |     0.8
   47 |   0.9546 |     33.806 |   1.0626 |     37.823 |     0.9
   48 |   0.9476 |     33.355 |   1.0618 |     37.731 |     0.9
   49 |   0.9405 |     33.020 |   1.0599 |     37.485 |     0.9
   50 |   0.9333 |     33.125 |   1.0532 |     36.839 |     0.9
   51 |   0.9226 |     32.388 |   1.0579 |     36.777 |     0.9
   52 |   0.9117 |     31.740 |   1.0428 |     36.531 |     0.9
   53 |   0.9047 |     31.290 |   1.0526 |     36.378 |     1.0
   54 |   0.8978 |     31.169 |   1.0387 |     35.486 |     1.0
   55 |   0.8852 |     30.625 |   1.0452 |     37.054 |     1.0
   56 |   0.8765 |     29.906 |   1.0421 |     36.039 |     1.0
   57 |   0.8682 |     29.647 |   1.0371 |     35.209 |     1.0
   58 |   0.8580 |     29.345 |   1.0349 |     34.717 |     1.1
   59 |   0.8436 |     28.466 |   1.0212 |     34.471 |     1.1
   60 |   0.8305 |     28.137 |   1.0351 |     34.717 |     1.1
   61 |   0.8278 |     27.988 |   1.0210 |     34.717 |     1.1
   62 |   0.8143 |     27.456 |   1.0199 |     34.840 |     1.1
   63 |   0.8029 |     27.027 |   1.0261 |     34.194 |     1.1
   64 |   0.7900 |     26.390 |   1.0269 |     33.856 |     1.2
   65 |   0.7797 |     25.901 |   1.0217 |     34.102 |     1.2
   66 |   0.7651 |     25.687 |   1.0315 |     34.471 |     1.2
   67 |   0.7720 |     25.840 |   1.0119 |     33.795 |     1.2
   68 |   0.7520 |     25.170 |   1.0195 |     33.487 |     1.2
   69 |   0.7350 |     24.654 |   1.0206 |     33.487 |     1.3
   70 |   0.7254 |     24.209 |   1.0218 |     33.610 |     1.3
   71 |   0.7125 |     24.050 |   1.0347 |     33.918 |     1.3
Early stopping

Model: Seq2Seq Bi-LSTM
Source index: <Seq2Seq Index with 45 items>
Target index: <Seq2Seq Index with 34 items>
Encoder embedding dimension: 128
Decoder embedding dimension: 128
Encoder hidden units: 128
Encoder layers: 3
Decoder hidden units: 64
Decoder layers: 2
Dropout: 0.1
Trainable parameters: 1,248,290

Training started
X_train.shape: torch.Size([3034, 702])
Y_train.shape: torch.Size([3034, 7])
X_dev.shape: torch.Size([542, 350])
Y_dev.shape: torch.Size([542, 7])
Epochs: 500
Learning rate: 0.001
Weight decay: 1e-05
Epoch | Train                 | Development           | Minutes
      | Loss     | Error Rate | Loss     | Error Rate |
---------------------------------------------------------------
    1 |   2.3760 |     62.838 |   1.8067 |     48.924 |     0.1
    2 |   1.6082 |     47.737 |   1.5009 |     46.925 |     0.1
    3 |   1.4421 |     45.918 |   1.4213 |     46.925 |     0.2
    4 |   1.3844 |     45.435 |   1.3749 |     46.740 |     0.2
    5 |   1.3405 |     45.073 |   1.3348 |     46.002 |     0.3
    6 |   1.3055 |     44.518 |   1.3087 |     45.418 |     0.4
    7 |   1.2793 |     44.556 |   1.2864 |     45.049 |     0.4
    8 |   1.2578 |     43.908 |   1.2711 |     44.988 |     0.5
    9 |   1.2328 |     43.293 |   1.2419 |     44.157 |     0.5
   10 |   1.2080 |     42.403 |   1.2269 |     42.620 |     0.6
   11 |   1.1860 |     41.601 |   1.2055 |     42.159 |     0.7
   12 |   1.1640 |     40.766 |   1.1960 |     42.251 |     0.7
   13 |   1.1447 |     40.277 |   1.1690 |     41.820 |     0.8
   14 |   1.1195 |     39.228 |   1.1554 |     40.590 |     0.8
   15 |   1.0935 |     38.058 |   1.1330 |     39.514 |     0.9
   16 |   1.0651 |     36.844 |   1.1212 |     38.530 |     1.0
   17 |   1.0363 |     35.569 |   1.0954 |     37.854 |     1.0
   18 |   0.9969 |     34.053 |   1.0789 |     37.515 |     1.1
   19 |   0.9608 |     32.367 |   1.0710 |     36.285 |     1.2
   20 |   0.9227 |     30.900 |   1.0510 |     35.301 |     1.2
   21 |   0.8793 |     28.933 |   1.0252 |     33.856 |     1.3
   22 |   0.8339 |     27.011 |   1.0208 |     33.549 |     1.3
   23 |   0.7925 |     25.764 |   1.0109 |     32.688 |     1.4
   24 |   0.7555 |     24.692 |   1.0011 |     32.349 |     1.5
   25 |   0.7086 |     22.803 |   0.9975 |     31.273 |     1.5
   26 |   0.6668 |     21.276 |   0.9806 |     31.704 |     1.6
   27 |   0.6333 |     20.353 |   1.0035 |     31.519 |     1.6
   28 |   0.5948 |     18.743 |   1.0023 |     30.197 |     1.7
   29 |   0.5671 |     17.985 |   1.0189 |     29.859 |     1.8
   30 |   0.5401 |     17.073 |   0.9977 |     29.920 |     1.8
Early stopping

Model: Seq2Seq Bi-LSTM
Source index: <Seq2Seq Index with 45 items>
Target index: <Seq2Seq Index with 34 items>
Encoder embedding dimension: 32
Decoder embedding dimension: 64
Encoder hidden units: 128
Encoder layers: 3
Decoder hidden units: 64
Decoder layers: 3
Dropout: 0.1
Trainable parameters: 1,160,386

Training started
X_train.shape: torch.Size([3034, 702])
Y_train.shape: torch.Size([3034, 7])
X_dev.shape: torch.Size([542, 350])
Y_dev.shape: torch.Size([542, 7])
Epochs: 500
Learning rate: 0.001
Weight decay: 1e-05
Epoch | Train                 | Development           | Minutes
      | Loss     | Error Rate | Loss     | Error Rate |
---------------------------------------------------------------
    1 |   2.4924 |     66.645 |   1.9096 |     58.887 |     0.1
    2 |   1.6881 |     48.682 |   1.5467 |     47.202 |     0.1
    3 |   1.4811 |     46.133 |   1.4541 |     47.017 |     0.2
    4 |   1.4262 |     46.171 |   1.4165 |     47.017 |     0.2
    5 |   1.3992 |     46.133 |   1.3957 |     47.202 |     0.3
    6 |   1.3787 |     46.138 |   1.3734 |     46.894 |     0.4
    7 |   1.3569 |     45.798 |   1.3546 |     46.156 |     0.4
    8 |   1.3382 |     45.523 |   1.3427 |     45.879 |     0.5
    9 |   1.3249 |     45.435 |   1.3301 |     45.879 |     0.5
   10 |   1.3111 |     45.512 |   1.3199 |     46.587 |     0.6
   11 |   1.2981 |     44.979 |   1.2983 |     45.480 |     0.7
   12 |   1.2799 |     44.715 |   1.2801 |     45.510 |     0.7
   13 |   1.2658 |     44.364 |   1.2704 |     45.695 |     0.8
   14 |   1.2539 |     44.314 |   1.2598 |     44.434 |     0.8
   15 |   1.2401 |     43.633 |   1.2455 |     43.512 |     0.9
   16 |   1.2272 |     43.133 |   1.2399 |     44.034 |     0.9
   17 |   1.2143 |     42.864 |   1.2279 |     43.327 |     1.0
   18 |   1.2009 |     42.436 |   1.2125 |     42.220 |     1.1
   19 |   1.1896 |     42.117 |   1.2054 |     42.466 |     1.1
   20 |   1.1717 |     41.381 |   1.1855 |     42.036 |     1.2
   21 |   1.1580 |     40.672 |   1.1765 |     41.298 |     1.2
   22 |   1.1462 |     40.381 |   1.1638 |     40.806 |     1.3
   23 |   1.1312 |     39.953 |   1.1620 |     40.898 |     1.4
   24 |   1.1236 |     39.810 |   1.1454 |     40.590 |     1.4
   25 |   1.1082 |     39.244 |   1.1420 |     40.713 |     1.5
   26 |   1.0944 |     38.623 |   1.1299 |     40.529 |     1.5
   27 |   1.0790 |     38.222 |   1.1250 |     40.221 |     1.6
   28 |   1.0678 |     37.832 |   1.1269 |     40.221 |     1.7
   29 |   1.0517 |     37.376 |   1.1170 |     39.914 |     1.7
   30 |   1.0376 |     36.690 |   1.1045 |     39.391 |     1.8
   31 |   1.0233 |     35.959 |   1.0998 |     38.684 |     1.8
   32 |   1.0067 |     35.031 |   1.0957 |     38.284 |     1.9
   33 |   0.9949 |     34.948 |   1.0854 |     37.854 |     2.0
   34 |   0.9801 |     34.426 |   1.0853 |     37.731 |     2.0
   35 |   0.9685 |     33.597 |   1.0757 |     37.515 |     2.1
   36 |   0.9466 |     32.542 |   1.0782 |     37.177 |     2.1
   37 |   0.9300 |     31.652 |   1.0721 |     36.255 |     2.2
   38 |   0.9181 |     31.207 |   1.0686 |     36.378 |     2.3
   39 |   0.8909 |     30.164 |   1.0578 |     35.209 |     2.3
   40 |   0.8721 |     29.274 |   1.0607 |     35.670 |     2.4
   41 |   0.8516 |     28.444 |   1.0642 |     35.209 |     2.4
   42 |   0.8270 |     27.758 |   1.0429 |     34.963 |     2.5
   43 |   0.8043 |     26.621 |   1.0516 |     34.164 |     2.5
   44 |   0.7821 |     25.851 |   1.0333 |     33.795 |     2.6
   45 |   0.7608 |     25.088 |   1.0258 |     33.487 |     2.7
   46 |   0.7386 |     24.396 |   1.0354 |     33.825 |     2.7
   47 |   0.7152 |     23.660 |   1.0240 |     32.411 |     2.8
   48 |   0.7032 |     23.478 |   1.0428 |     32.780 |     2.8
   49 |   0.6836 |     22.649 |   1.0267 |     32.319 |     2.9
   50 |   0.6627 |     21.924 |   1.0484 |     32.934 |     3.0
   51 |   0.6440 |     21.221 |   1.0455 |     32.626 |     3.0
Early stopping

Model: Seq2Seq Bi-LSTM
Source index: <Seq2Seq Index with 45 items>
Target index: <Seq2Seq Index with 34 items>
Encoder embedding dimension: 128
Decoder embedding dimension: 128
Encoder hidden units: 128
Encoder layers: 4
Decoder hidden units: 64
Decoder layers: 3
Dropout: 0.2
Trainable parameters: 1,709,602

Training started
X_train.shape: torch.Size([3034, 702])
Y_train.shape: torch.Size([3034, 7])
X_dev.shape: torch.Size([542, 350])
Y_dev.shape: torch.Size([542, 7])
Epochs: 500
Learning rate: 0.001
Weight decay: 0.0001
Epoch | Train                 | Development           | Minutes
      | Loss     | Error Rate | Loss     | Error Rate |
---------------------------------------------------------------
    1 |   2.5483 |     67.969 |   2.0048 |     58.733 |     0.1
    2 |   1.7785 |     50.313 |   1.5993 |     47.202 |     0.2
    3 |   1.5090 |     46.232 |   1.4632 |     47.017 |     0.2
    4 |   1.4217 |     46.127 |   1.4134 |     46.740 |     0.3
    5 |   1.3821 |     45.825 |   1.3779 |     46.617 |     0.4
    6 |   1.3500 |     45.737 |   1.3425 |     46.679 |     0.5
    7 |   1.3224 |     45.869 |   1.3200 |     46.279 |     0.6
    8 |   1.3049 |     45.226 |   1.3041 |     46.187 |     0.6
    9 |   1.2892 |     44.869 |   1.2864 |     44.957 |     0.7
   10 |   1.2698 |     44.095 |   1.2707 |     45.603 |     0.8
   11 |   1.2556 |     44.270 |   1.2538 |     44.803 |     0.9
   12 |   1.2386 |     43.650 |   1.2449 |     43.911 |     0.9
   13 |   1.2276 |     43.293 |   1.2267 |     43.573 |     1.0
   14 |   1.2100 |     42.650 |   1.2117 |     42.435 |     1.1
   15 |   1.2009 |     42.353 |   1.2117 |     42.774 |     1.2
   16 |   1.1897 |     42.035 |   1.2033 |     42.927 |     1.3
   17 |   1.1834 |     42.068 |   1.1876 |     41.697 |     1.3
   18 |   1.1724 |     41.782 |   1.1848 |     42.528 |     1.4
   19 |   1.1626 |     41.447 |   1.1723 |     41.421 |     1.5
   20 |   1.1507 |     41.024 |   1.1657 |     41.697 |     1.6
   21 |   1.1434 |     40.996 |   1.1539 |     41.298 |     1.7
   22 |   1.1358 |     40.469 |   1.1530 |     41.574 |     1.7
   23 |   1.1297 |     40.370 |   1.1447 |     40.775 |     1.8
   24 |   1.1220 |     40.096 |   1.1333 |     40.590 |     1.9
   25 |   1.1143 |     40.315 |   1.1279 |     40.375 |     2.0
   26 |   1.1074 |     39.601 |   1.1293 |     40.621 |     2.0
   27 |   1.1014 |     39.552 |   1.1173 |     40.098 |     2.1
   28 |   1.0928 |     39.162 |   1.1199 |     39.975 |     2.2
   29 |   1.0878 |     38.865 |   1.1050 |     39.299 |     2.3
   30 |   1.0826 |     38.722 |   1.0997 |     39.299 |     2.4
   31 |   1.0724 |     38.294 |   1.1000 |     38.807 |     2.4
   32 |   1.0697 |     38.162 |   1.0961 |     38.961 |     2.5
   33 |   1.0681 |     38.338 |   1.0917 |     38.715 |     2.6
   34 |   1.0596 |     37.953 |   1.0859 |     38.592 |     2.7
   35 |   1.0523 |     37.541 |   1.0755 |     37.669 |     2.8
   36 |   1.0463 |     37.668 |   1.0683 |     38.100 |     2.8
   37 |   1.0452 |     37.107 |   1.0718 |     38.561 |     2.9
   38 |   1.0383 |     37.096 |   1.0703 |     38.038 |     3.0
   39 |   1.0303 |     36.975 |   1.0689 |     38.653 |     3.1
   40 |   1.0274 |     36.904 |   1.0664 |     38.376 |     3.1
   41 |   1.0202 |     36.514 |   1.0578 |     37.608 |     3.2
   42 |   1.0123 |     36.311 |   1.0446 |     37.023 |     3.3
   43 |   1.0088 |     35.893 |   1.0423 |     37.331 |     3.4
   44 |   1.0000 |     35.580 |   1.0423 |     36.747 |     3.5
   45 |   0.9928 |     35.267 |   1.0341 |     36.870 |     3.5
   46 |   0.9857 |     35.075 |   1.0381 |     35.916 |     3.6
   47 |   0.9805 |     34.542 |   1.0383 |     36.777 |     3.7
   48 |   0.9736 |     34.426 |   1.0350 |     36.070 |     3.8
   49 |   0.9695 |     34.009 |   1.0327 |     35.301 |     3.9
   50 |   0.9646 |     34.053 |   1.0320 |     36.162 |     3.9
   51 |   0.9525 |     33.427 |   1.0187 |     34.840 |     4.0
   52 |   0.9479 |     33.333 |   1.0217 |     35.486 |     4.1
   53 |   0.9423 |     33.174 |   1.0159 |     34.563 |     4.2
   54 |   0.9331 |     32.553 |   1.0161 |     35.824 |     4.2
   55 |   0.9310 |     32.548 |   1.0114 |     35.117 |     4.3
   56 |   0.9229 |     32.202 |   1.0035 |     34.963 |     4.4
   57 |   0.9118 |     31.872 |   0.9920 |     34.440 |     4.5
   58 |   0.9049 |     31.400 |   0.9997 |     34.348 |     4.6
   59 |   0.8968 |     31.279 |   0.9999 |     34.287 |     4.6
   60 |   0.8898 |     30.872 |   0.9948 |     33.702 |     4.7
   61 |   0.8781 |     30.290 |   0.9913 |     33.395 |     4.8
   62 |   0.8741 |     30.208 |   0.9892 |     33.549 |     4.9
   63 |   0.8619 |     29.834 |   0.9787 |     33.456 |     5.0
   64 |   0.8561 |     29.142 |   0.9774 |     33.487 |     5.0
   65 |   0.8410 |     29.032 |   0.9826 |     33.641 |     5.1
   66 |   0.8328 |     28.807 |   0.9935 |     33.087 |     5.2
   67 |   0.8279 |     28.510 |   0.9799 |     33.579 |     5.3
   68 |   0.8191 |     28.142 |   0.9886 |     32.995 |     5.4
Early stopping

Model: Seq2Seq Bi-LSTM
Source index: <Seq2Seq Index with 45 items>
Target index: <Seq2Seq Index with 34 items>
Encoder embedding dimension: 32
Decoder embedding dimension: 128
Encoder hidden units: 64
Encoder layers: 3
Decoder hidden units: 64
Decoder layers: 3
Dropout: 0.2
Trainable parameters: 422,210

Training started
X_train.shape: torch.Size([3034, 702])
Y_train.shape: torch.Size([3034, 7])
X_dev.shape: torch.Size([542, 350])
Y_dev.shape: torch.Size([542, 7])
Epochs: 500
Learning rate: 0.001
Weight decay: 0.0001
Epoch | Train                 | Development           | Minutes
      | Loss     | Error Rate | Loss     | Error Rate |
---------------------------------------------------------------
    1 |   2.5914 |     69.117 |   2.0351 |     59.317 |     0.0
    2 |   1.8152 |     50.764 |   1.6357 |     49.385 |     0.0
    3 |   1.5273 |     46.424 |   1.4705 |     47.202 |     0.1
    4 |   1.4354 |     46.133 |   1.4232 |     46.925 |     0.1
    5 |   1.3976 |     46.045 |   1.3918 |     46.433 |     0.1
    6 |   1.3625 |     45.539 |   1.3538 |     46.556 |     0.1
    7 |   1.3280 |     45.798 |   1.3264 |     46.556 |     0.2
    8 |   1.3026 |     45.193 |   1.3013 |     45.387 |     0.2
    9 |   1.2793 |     44.507 |   1.2815 |     45.295 |     0.2
   10 |   1.2602 |     44.292 |   1.2682 |     44.772 |     0.2
   11 |   1.2462 |     43.842 |   1.2514 |     44.373 |     0.3
   12 |   1.2300 |     43.446 |   1.2327 |     44.280 |     0.3
   13 |   1.2179 |     43.287 |   1.2273 |     43.542 |     0.3
   14 |   1.2059 |     42.947 |   1.2140 |     43.481 |     0.3
   15 |   1.1922 |     42.386 |   1.2150 |     43.604 |     0.4
   16 |   1.1847 |     42.051 |   1.1968 |     42.866 |     0.4
   17 |   1.1760 |     41.700 |   1.1861 |     42.620 |     0.4
   18 |   1.1669 |     41.645 |   1.1820 |     42.128 |     0.4
   19 |   1.1621 |     41.557 |   1.1763 |     41.851 |     0.5
   20 |   1.1544 |     41.145 |   1.1660 |     41.667 |     0.5
   21 |   1.1484 |     40.980 |   1.1569 |     41.667 |     0.5
   22 |   1.1436 |     40.991 |   1.1474 |     41.021 |     0.5
   23 |   1.1387 |     41.040 |   1.1464 |     41.082 |     0.6
   24 |   1.1301 |     40.524 |   1.1486 |     41.943 |     0.6
   25 |   1.1265 |     40.606 |   1.1373 |     40.959 |     0.6
   26 |   1.1197 |     40.277 |   1.1319 |     40.744 |     0.6
   27 |   1.1154 |     40.123 |   1.1199 |     40.775 |     0.7
   28 |   1.1111 |     40.052 |   1.1206 |     40.836 |     0.7
   29 |   1.1083 |     39.821 |   1.1114 |     40.129 |     0.7
   30 |   1.1012 |     39.876 |   1.1130 |     40.467 |     0.7
   31 |   1.0977 |     39.848 |   1.1115 |     39.883 |     0.7
   32 |   1.0915 |     39.541 |   1.1053 |     39.483 |     0.8
   33 |   1.0899 |     39.662 |   1.0955 |     39.791 |     0.8
   34 |   1.0835 |     38.997 |   1.0970 |     39.729 |     0.8
   35 |   1.0843 |     39.486 |   1.0959 |     39.822 |     0.8
   36 |   1.0746 |     38.717 |   1.0961 |     39.330 |     0.9
   37 |   1.0729 |     38.865 |   1.0837 |     39.145 |     0.9
   38 |   1.0673 |     38.585 |   1.0779 |     39.176 |     0.9
   39 |   1.0631 |     38.393 |   1.0849 |     39.391 |     0.9
   40 |   1.0590 |     38.459 |   1.0804 |     39.022 |     1.0
   41 |   1.0551 |     38.140 |   1.0753 |     38.868 |     1.0
   42 |   1.0514 |     38.316 |   1.0732 |     38.991 |     1.0
   43 |   1.0506 |     38.393 |   1.0678 |     39.022 |     1.0
   44 |   1.0449 |     38.113 |   1.0703 |     38.715 |     1.1
   45 |   1.0429 |     37.992 |   1.0686 |     38.715 |     1.1
   46 |   1.0375 |     37.992 |   1.0613 |     38.592 |     1.1
   47 |   1.0314 |     37.574 |   1.0568 |     38.438 |     1.1
   48 |   1.0284 |     37.717 |   1.0606 |     38.807 |     1.2
   49 |   1.0275 |     37.629 |   1.0464 |     38.161 |     1.2
   50 |   1.0191 |     37.113 |   1.0549 |     38.315 |     1.2
   51 |   1.0184 |     37.212 |   1.0497 |     38.161 |     1.2
   52 |   1.0138 |     37.354 |   1.0409 |     37.823 |     1.2
   53 |   1.0078 |     36.536 |   1.0339 |     37.300 |     1.3
   54 |   1.0054 |     36.756 |   1.0344 |     37.608 |     1.3
   55 |   1.0026 |     36.756 |   1.0346 |     37.823 |     1.3
   56 |   0.9969 |     36.371 |   1.0168 |     37.208 |     1.3
   57 |   0.9921 |     36.371 |   1.0207 |     36.962 |     1.4
   58 |   0.9876 |     35.981 |   1.0364 |     38.007 |     1.4
   59 |   0.9862 |     35.811 |   1.0200 |     37.269 |     1.4
   60 |   0.9830 |     36.025 |   1.0136 |     36.408 |     1.4
   61 |   0.9792 |     35.717 |   1.0158 |     36.870 |     1.5
   62 |   0.9791 |     35.739 |   1.0107 |     36.870 |     1.5
   63 |   0.9706 |     35.075 |   1.0161 |     37.300 |     1.5
   64 |   0.9708 |     35.102 |   1.0075 |     36.531 |     1.5
   65 |   0.9633 |     34.921 |   1.0132 |     36.132 |     1.6
   66 |   0.9605 |     34.800 |   1.0043 |     35.916 |     1.6
   67 |   0.9510 |     34.454 |   1.0043 |     36.255 |     1.6
   68 |   0.9499 |     34.437 |   1.0049 |     36.378 |     1.6
   69 |   0.9444 |     34.174 |   0.9986 |     35.886 |     1.7
   70 |   0.9401 |     34.004 |   1.0003 |     35.424 |     1.7
   71 |   0.9384 |     34.020 |   1.0037 |     36.132 |     1.7
   72 |   0.9355 |     33.883 |   0.9952 |     35.763 |     1.7
   73 |   0.9312 |     33.564 |   1.0025 |     35.732 |     1.8
   74 |   0.9272 |     33.201 |   1.0013 |     36.009 |     1.8
   75 |   0.9227 |     33.191 |   0.9942 |     34.840 |     1.8
   76 |   0.9167 |     32.795 |   0.9995 |     35.670 |     1.8
   77 |   0.9178 |     32.696 |   0.9973 |     35.240 |     1.9
   78 |   0.9110 |     32.663 |   0.9907 |     35.332 |     1.9
   79 |   0.9114 |     32.674 |   0.9879 |     34.625 |     1.9
   80 |   0.9020 |     32.130 |   0.9956 |     35.148 |     1.9
   81 |   0.9105 |     32.614 |   0.9950 |     34.840 |     2.0
   82 |   0.9011 |     32.097 |   0.9947 |     34.963 |     2.0
   83 |   0.8930 |     32.306 |   0.9775 |     34.533 |     2.0
   84 |   0.8849 |     31.647 |   0.9720 |     34.194 |     2.0
   85 |   0.8909 |     31.652 |   0.9753 |     34.410 |     2.1
   86 |   0.8772 |     31.405 |   0.9795 |     34.041 |     2.1
   87 |   0.8736 |     30.834 |   0.9754 |     33.948 |     2.1
   88 |   0.8736 |     31.372 |   0.9784 |     33.948 |     2.1
   89 |   0.8643 |     30.592 |   0.9691 |     33.426 |     2.1
   90 |   0.8583 |     30.466 |   0.9689 |     33.672 |     2.2
   91 |   0.8509 |     30.026 |   0.9613 |     32.934 |     2.2
   92 |   0.8516 |     30.147 |   0.9660 |     33.149 |     2.2
   93 |   0.8438 |     29.779 |   0.9632 |     33.149 |     2.2
   94 |   0.8433 |     29.774 |   0.9620 |     33.087 |     2.3
   95 |   0.8361 |     29.537 |   0.9626 |     32.595 |     2.3
Early stopping

Model: Seq2Seq Bi-LSTM
Source index: <Seq2Seq Index with 45 items>
Target index: <Seq2Seq Index with 34 items>
Encoder embedding dimension: 128
Decoder embedding dimension: 128
Encoder hidden units: 64
Encoder layers: 4
Decoder hidden units: 128
Decoder layers: 3
Dropout: 0.0
Trainable parameters: 939,170

Training started
X_train.shape: torch.Size([3034, 702])
Y_train.shape: torch.Size([3034, 7])
X_dev.shape: torch.Size([542, 350])
Y_dev.shape: torch.Size([542, 7])
Epochs: 500
Learning rate: 0.001
Weight decay: 1e-05
Epoch | Train                 | Development           | Minutes
      | Loss     | Error Rate | Loss     | Error Rate |
---------------------------------------------------------------
    1 |   2.2010 |     60.750 |   1.6180 |     47.202 |     0.0
    2 |   1.4773 |     46.270 |   1.4324 |     47.202 |     0.1
    3 |   1.3973 |     46.226 |   1.3891 |     47.202 |     0.1
    4 |   1.3625 |     45.853 |   1.3608 |     45.849 |     0.1
    5 |   1.3364 |     45.556 |   1.3338 |     46.587 |     0.2
    6 |   1.3135 |     45.605 |   1.3170 |     46.833 |     0.2
    7 |   1.2879 |     45.067 |   1.3001 |     45.941 |     0.2
    8 |   1.2719 |     44.710 |   1.2756 |     44.772 |     0.3
    9 |   1.2466 |     43.578 |   1.2516 |     43.973 |     0.3
   10 |   1.2230 |     42.661 |   1.2323 |     43.112 |     0.3
   11 |   1.1965 |     42.381 |   1.2115 |     42.097 |     0.4
   12 |   1.1692 |     41.156 |   1.1876 |     41.820 |     0.4
   13 |   1.1419 |     40.628 |   1.1617 |     41.451 |     0.4
   14 |   1.1116 |     39.442 |   1.1363 |     40.068 |     0.5
   15 |   1.0836 |     38.645 |   1.1127 |     39.914 |     0.5
   16 |   1.0573 |     37.646 |   1.0934 |     39.576 |     0.5
   17 |   1.0247 |     36.102 |   1.0849 |     38.807 |     0.6
   18 |   0.9961 |     34.723 |   1.0512 |     36.962 |     0.6
   19 |   0.9573 |     33.317 |   1.0357 |     36.624 |     0.6
   20 |   0.9187 |     31.191 |   1.0338 |     36.531 |     0.7
   21 |   0.8836 |     29.960 |   1.0043 |     35.240 |     0.7
   22 |   0.8446 |     28.659 |   1.0109 |     34.717 |     0.7
   23 |   0.8061 |     27.033 |   0.9871 |     32.780 |     0.8
   24 |   0.7772 |     25.819 |   0.9995 |     33.733 |     0.8
   25 |   0.7410 |     24.275 |   0.9911 |     31.611 |     0.8
   26 |   0.7025 |     22.830 |   0.9794 |     31.242 |     0.9
   27 |   0.6684 |     21.479 |   0.9951 |     31.796 |     0.9
   28 |   0.6351 |     20.380 |   0.9804 |     30.873 |     0.9
   29 |   0.6099 |     19.682 |   0.9829 |     30.320 |     1.0
   30 |   0.5724 |     18.403 |   1.0060 |     30.535 |     1.0
Early stopping

Model: Seq2Seq Bi-LSTM
Source index: <Seq2Seq Index with 45 items>
Target index: <Seq2Seq Index with 34 items>
Encoder embedding dimension: 32
Decoder embedding dimension: 64
Encoder hidden units: 64
Encoder layers: 4
Decoder hidden units: 128
Decoder layers: 3
Dropout: 0.0
Trainable parameters: 850,754

Training started
X_train.shape: torch.Size([3034, 702])
Y_train.shape: torch.Size([3034, 7])
X_dev.shape: torch.Size([542, 350])
Y_dev.shape: torch.Size([542, 7])
Epochs: 500
Learning rate: 0.001
Weight decay: 0.0001
Epoch | Train                 | Development           | Minutes
      | Loss     | Error Rate | Loss     | Error Rate |
---------------------------------------------------------------
    1 |   2.2333 |     60.965 |   1.6422 |     47.202 |     0.0
    2 |   1.4900 |     46.188 |   1.4382 |     47.017 |     0.1
    3 |   1.4083 |     46.221 |   1.4085 |     47.202 |     0.1
    4 |   1.3789 |     45.962 |   1.3792 |     46.556 |     0.1
    5 |   1.3521 |     45.973 |   1.3464 |     46.187 |     0.2
    6 |   1.3247 |     45.441 |   1.3321 |     45.972 |     0.2
    7 |   1.3038 |     45.336 |   1.3075 |     46.064 |     0.2
    8 |   1.2790 |     45.045 |   1.2867 |     45.972 |     0.2
    9 |   1.2565 |     44.584 |   1.2633 |     44.588 |     0.3
   10 |   1.2381 |     43.699 |   1.2454 |     44.127 |     0.3
   11 |   1.2214 |     43.386 |   1.2441 |     44.588 |     0.3
   12 |   1.2075 |     42.936 |   1.2356 |     44.496 |     0.4
   13 |   1.1944 |     42.644 |   1.2078 |     42.435 |     0.4
   14 |   1.1827 |     42.337 |   1.1958 |     42.589 |     0.4
   15 |   1.1697 |     41.859 |   1.1791 |     42.036 |     0.5
   16 |   1.1590 |     41.694 |   1.1783 |     41.513 |     0.5
   17 |   1.1504 |     41.227 |   1.1673 |     41.667 |     0.5
   18 |   1.1407 |     41.117 |   1.1473 |     41.451 |     0.5
   19 |   1.1306 |     40.881 |   1.1473 |     41.667 |     0.6
   20 |   1.1216 |     40.524 |   1.1324 |     40.898 |     0.6
   21 |   1.1130 |     40.370 |   1.1241 |     40.314 |     0.6
   22 |   1.1014 |     39.777 |   1.1207 |     40.806 |     0.7
   23 |   1.0950 |     39.859 |   1.1191 |     41.052 |     0.7
   24 |   1.0841 |     39.398 |   1.1098 |     40.744 |     0.7
   25 |   1.0741 |     39.112 |   1.0974 |     39.576 |     0.8
   26 |   1.0686 |     38.448 |   1.0930 |     39.237 |     0.8
   27 |   1.0571 |     38.134 |   1.0841 |     39.483 |     0.8
   28 |   1.0460 |     37.810 |   1.0871 |     38.807 |     0.8
   29 |   1.0384 |     37.245 |   1.0740 |     38.930 |     0.9
   30 |   1.0300 |     37.135 |   1.0800 |     38.776 |     0.9
   31 |   1.0214 |     36.855 |   1.0595 |     38.315 |     1.0
   32 |   1.0105 |     36.421 |   1.0509 |     37.977 |     1.0
   33 |   1.0075 |     36.294 |   1.0654 |     38.961 |     1.0
   34 |   0.9980 |     35.954 |   1.0399 |     37.946 |     1.0
   35 |   0.9810 |     35.366 |   1.0381 |     37.269 |     1.1
   36 |   0.9753 |     35.168 |   1.0169 |     36.193 |     1.1
   37 |   0.9603 |     34.580 |   1.0148 |     36.378 |     1.1
   38 |   0.9458 |     34.102 |   1.0140 |     36.378 |     1.2
   39 |   0.9407 |     33.987 |   1.0024 |     35.578 |     1.2
   40 |   0.9284 |     33.234 |   1.0464 |     37.792 |     1.2
   41 |   0.9247 |     32.894 |   0.9850 |     35.209 |     1.3
   42 |   0.9084 |     32.399 |   0.9872 |     35.578 |     1.3
   43 |   0.8988 |     31.828 |   0.9726 |     34.594 |     1.3
   44 |   0.8882 |     31.586 |   0.9712 |     34.440 |     1.4
   45 |   0.8856 |     31.592 |   0.9971 |     35.701 |     1.4
   46 |   0.8743 |     31.152 |   0.9776 |     34.779 |     1.4
   47 |   0.8637 |     30.735 |   1.0003 |     35.578 |     1.5
   48 |   0.8583 |     30.537 |   0.9609 |     33.764 |     1.5
   49 |   0.8392 |     29.636 |   0.9735 |     33.764 |     1.5
   50 |   0.8295 |     29.373 |   0.9570 |     33.579 |     1.5
   51 |   0.8280 |     29.351 |   0.9719 |     34.071 |     1.6
   52 |   0.8133 |     28.757 |   0.9714 |     33.426 |     1.6
   53 |   0.8057 |     28.576 |   0.9732 |     33.303 |     1.6
   54 |   0.7967 |     28.236 |   0.9658 |     33.180 |     1.7
   55 |   0.7819 |     27.340 |   0.9535 |     32.165 |     1.7
   56 |   0.7778 |     27.477 |   0.9690 |     32.872 |     1.7
   57 |   0.7730 |     27.044 |   0.9587 |     33.087 |     1.8
   58 |   0.7627 |     26.648 |   0.9581 |     32.380 |     1.8
   59 |   0.7458 |     26.241 |   0.9586 |     32.534 |     1.8
Early stopping

Model: Seq2Seq Bi-LSTM
Source index: <Seq2Seq Index with 45 items>
Target index: <Seq2Seq Index with 34 items>
Encoder embedding dimension: 64
Decoder embedding dimension: 64
Encoder hidden units: 64
Encoder layers: 3
Decoder hidden units: 64
Decoder layers: 3
Dropout: 0.0
Trainable parameters: 421,474

Training started
X_train.shape: torch.Size([3034, 702])
Y_train.shape: torch.Size([3034, 7])
X_dev.shape: torch.Size([542, 350])
Y_dev.shape: torch.Size([542, 7])
Epochs: 500
Learning rate: 0.001
Weight decay: 0.0001
Epoch | Train                 | Development           | Minutes
      | Loss     | Error Rate | Loss     | Error Rate |
---------------------------------------------------------------
    1 |   2.5494 |     67.474 |   1.9658 |     51.415 |     0.0
    2 |   1.7212 |     48.445 |   1.5539 |     47.202 |     0.0
    3 |   1.4825 |     46.204 |   1.4562 |     47.202 |     0.1
    4 |   1.4224 |     46.094 |   1.4150 |     46.925 |     0.1
    5 |   1.3906 |     46.100 |   1.3866 |     47.202 |     0.1
    6 |   1.3597 |     46.127 |   1.3585 |     46.556 |     0.1
    7 |   1.3326 |     45.814 |   1.3349 |     46.187 |     0.2
    8 |   1.3135 |     45.506 |   1.3211 |     45.941 |     0.2
    9 |   1.2968 |     44.968 |   1.2990 |     45.818 |     0.2
   10 |   1.2757 |     44.490 |   1.2777 |     45.326 |     0.2
   11 |   1.2562 |     43.886 |   1.2615 |     45.480 |     0.3
   12 |   1.2391 |     43.567 |   1.2493 |     44.188 |     0.3
   13 |   1.2229 |     43.199 |   1.2382 |     44.865 |     0.3
   14 |   1.2086 |     43.013 |   1.2263 |     43.604 |     0.3
   15 |   1.1971 |     42.776 |   1.2116 |     43.020 |     0.3
   16 |   1.1866 |     42.145 |   1.2085 |     42.958 |     0.4
   17 |   1.1785 |     42.040 |   1.2016 |     43.358 |     0.4
   18 |   1.1684 |     41.809 |   1.1933 |     42.558 |     0.4
   19 |   1.1563 |     40.980 |   1.1773 |     42.159 |     0.4
   20 |   1.1467 |     40.672 |   1.1739 |     42.097 |     0.5
   21 |   1.1358 |     40.288 |   1.1637 |     41.359 |     0.5
   22 |   1.1260 |     40.129 |   1.1733 |     41.667 |     0.5
   23 |   1.1192 |     39.832 |   1.1543 |     41.421 |     0.5
   24 |   1.1122 |     39.381 |   1.1513 |     41.298 |     0.5
   25 |   1.0997 |     39.200 |   1.1427 |     40.529 |     0.6
   26 |   1.0921 |     38.794 |   1.1381 |     40.129 |     0.6
   27 |   1.0829 |     38.151 |   1.1302 |     40.683 |     0.6
   28 |   1.0754 |     38.129 |   1.1238 |     39.760 |     0.6
   29 |   1.0733 |     38.145 |   1.1139 |     39.422 |     0.7
   30 |   1.0606 |     37.497 |   1.1146 |     39.637 |     0.7
   31 |   1.0542 |     37.168 |   1.1103 |     39.299 |     0.7
   32 |   1.0444 |     36.926 |   1.0925 |     38.807 |     0.7
   33 |   1.0360 |     36.591 |   1.0880 |     38.561 |     0.8
   34 |   1.0284 |     36.124 |   1.0886 |     38.868 |     0.8
   35 |   1.0210 |     35.849 |   1.0773 |     38.223 |     0.8
   36 |   1.0141 |     35.679 |   1.0767 |     37.731 |     0.8
   37 |   1.0022 |     35.382 |   1.0695 |     37.300 |     0.8
   38 |   0.9900 |     34.910 |   1.0611 |     36.931 |     0.9
   39 |   0.9856 |     34.509 |   1.0663 |     36.900 |     0.9
   40 |   0.9737 |     34.399 |   1.0621 |     37.485 |     0.9
   41 |   0.9687 |     33.982 |   1.0587 |     36.624 |     0.9
   42 |   0.9549 |     33.537 |   1.0519 |     36.101 |     1.0
   43 |   0.9446 |     33.086 |   1.0480 |     36.470 |     1.0
   44 |   0.9367 |     32.784 |   1.0601 |     36.593 |     1.0
   45 |   0.9230 |     32.185 |   1.0509 |     36.070 |     1.0
   46 |   0.9133 |     31.641 |   1.0526 |     36.316 |     1.1
   47 |   0.9031 |     31.087 |   1.0313 |     35.486 |     1.1
   48 |   0.8898 |     30.746 |   1.0275 |     35.209 |     1.1
   49 |   0.8768 |     30.208 |   1.0315 |     34.594 |     1.1
   50 |   0.8640 |     29.724 |   1.0374 |     34.932 |     1.2
   51 |   0.8531 |     29.395 |   1.0304 |     34.717 |     1.2
   52 |   0.8400 |     28.719 |   1.0217 |     34.594 |     1.2
   53 |   0.8321 |     28.801 |   1.0218 |     34.625 |     1.2
   54 |   0.8217 |     28.203 |   1.0113 |     34.594 |     1.3
   55 |   0.8067 |     27.532 |   1.0232 |     34.133 |     1.3
   56 |   0.7948 |     27.197 |   1.0289 |     34.317 |     1.3
   57 |   0.7846 |     26.500 |   1.0203 |     33.549 |     1.3
   58 |   0.7702 |     26.071 |   1.0509 |     34.932 |     1.4
Early stopping

Model: Seq2Seq Bi-LSTM
Source index: <Seq2Seq Index with 45 items>
Target index: <Seq2Seq Index with 34 items>
Encoder embedding dimension: 128
Decoder embedding dimension: 128
Encoder hidden units: 128
Encoder layers: 4
Decoder hidden units: 64
Decoder layers: 2
Dropout: 0.2
Trainable parameters: 1,676,322

Training started
X_train.shape: torch.Size([3034, 702])
Y_train.shape: torch.Size([3034, 7])
X_dev.shape: torch.Size([542, 350])
Y_dev.shape: torch.Size([542, 7])
Epochs: 500
Learning rate: 0.001
Weight decay: 1e-05
Epoch | Train                 | Development           | Minutes
      | Loss     | Error Rate | Loss     | Error Rate |
---------------------------------------------------------------
    1 |   2.4318 |     64.964 |   1.8357 |     49.446 |     0.1
    2 |   1.6207 |     47.550 |   1.4917 |     46.925 |     0.2
    3 |   1.4400 |     45.918 |   1.4142 |     46.771 |     0.2
    4 |   1.3838 |     45.776 |   1.3751 |     46.556 |     0.3
    5 |   1.3386 |     45.226 |   1.3330 |     45.941 |     0.4
    6 |   1.3054 |     44.693 |   1.3040 |     45.726 |     0.5
    7 |   1.2809 |     44.095 |   1.2773 |     44.311 |     0.6
    8 |   1.2552 |     43.441 |   1.2546 |     43.696 |     0.7
    9 |   1.2301 |     42.892 |   1.2402 |     43.296 |     0.7
   10 |   1.2120 |     42.282 |   1.2187 |     42.312 |     0.8
   11 |   1.1882 |     41.595 |   1.1993 |     42.620 |     0.9
   12 |   1.1655 |     40.530 |   1.1771 |     40.621 |     1.0
   13 |   1.1432 |     39.975 |   1.1648 |     40.314 |     1.1
   14 |   1.1212 |     39.156 |   1.1508 |     39.360 |     1.2
   15 |   1.0959 |     37.728 |   1.1348 |     39.453 |     1.2
   16 |   1.0694 |     36.833 |   1.1197 |     38.838 |     1.3
   17 |   1.0423 |     35.976 |   1.0883 |     37.823 |     1.4
   18 |   1.0107 |     33.960 |   1.0684 |     36.316 |     1.5
   19 |   0.9732 |     32.504 |   1.0680 |     37.023 |     1.6
   20 |   0.9404 |     31.026 |   1.0399 |     35.517 |     1.7
   21 |   0.9033 |     29.999 |   1.0285 |     34.809 |     1.8
   22 |   0.8740 |     29.071 |   1.0183 |     35.117 |     1.8
   23 |   0.8418 |     27.664 |   1.0103 |     34.225 |     1.9
   24 |   0.7957 |     25.939 |   1.0019 |     33.118 |     2.0
   25 |   0.7634 |     24.659 |   1.0067 |     31.950 |     2.1
   26 |   0.7336 |     23.660 |   0.9958 |     32.288 |     2.2
   27 |   0.7062 |     22.632 |   0.9919 |     31.519 |     2.2
   28 |   0.6728 |     21.484 |   0.9814 |     31.150 |     2.3
   29 |   0.6352 |     20.320 |   0.9784 |     31.058 |     2.4
   30 |   0.6149 |     19.518 |   0.9896 |     31.212 |     2.5
   31 |   0.5868 |     18.688 |   1.0019 |     30.381 |     2.6
   32 |   0.5514 |     17.375 |   1.0009 |     30.412 |     2.7
   33 |   0.5336 |     16.782 |   1.0166 |     30.381 |     2.7
Early stopping

Model: Seq2Seq Bi-LSTM
Source index: <Seq2Seq Index with 45 items>
Target index: <Seq2Seq Index with 34 items>
Encoder embedding dimension: 128
Decoder embedding dimension: 64
Encoder hidden units: 64
Encoder layers: 4
Decoder hidden units: 64
Decoder layers: 3
Dropout: 0.0
Trainable parameters: 572,834

Training started
X_train.shape: torch.Size([3034, 702])
Y_train.shape: torch.Size([3034, 7])
X_dev.shape: torch.Size([542, 350])
Y_dev.shape: torch.Size([542, 7])
Epochs: 500
Learning rate: 0.001
Weight decay: 0.0001
Epoch | Train                 | Development           | Minutes
      | Loss     | Error Rate | Loss     | Error Rate |
---------------------------------------------------------------
    1 |   2.5247 |     67.842 |   1.9484 |     51.015 |     0.0
    2 |   1.7248 |     48.627 |   1.5720 |     47.202 |     0.1
    3 |   1.4931 |     46.160 |   1.4674 |     47.202 |     0.1
    4 |   1.4303 |     46.116 |   1.4264 |     47.202 |     0.1
    5 |   1.4017 |     45.990 |   1.4005 |     46.802 |     0.2
    6 |   1.3823 |     45.825 |   1.3873 |     46.894 |     0.2
    7 |   1.3629 |     45.726 |   1.3599 |     46.863 |     0.2
    8 |   1.3322 |     45.594 |   1.3309 |     45.910 |     0.3
    9 |   1.3085 |     45.171 |   1.3097 |     45.972 |     0.3
   10 |   1.2918 |     44.633 |   1.2968 |     45.603 |     0.3
   11 |   1.2747 |     44.117 |   1.2885 |     45.203 |     0.4
   12 |   1.2607 |     44.106 |   1.2725 |     45.049 |     0.4
   13 |   1.2464 |     43.858 |   1.2592 |     44.834 |     0.4
   14 |   1.2341 |     43.463 |   1.2457 |     43.911 |     0.5
   15 |   1.2198 |     43.271 |   1.2373 |     44.127 |     0.5
   16 |   1.2066 |     43.013 |   1.2210 |     43.758 |     0.5
   17 |   1.1981 |     42.721 |   1.2092 |     43.173 |     0.6
   18 |   1.1818 |     42.167 |   1.2136 |     43.358 |     0.6
   19 |   1.1755 |     42.013 |   1.1974 |     42.927 |     0.6
   20 |   1.1620 |     41.474 |   1.1840 |     42.620 |     0.7
   21 |   1.1509 |     40.958 |   1.1820 |     41.482 |     0.7
   22 |   1.1412 |     40.617 |   1.1692 |     42.312 |     0.7
   23 |   1.1297 |     40.041 |   1.1558 |     41.298 |     0.8
   24 |   1.1192 |     39.887 |   1.1528 |     40.867 |     0.8
   25 |   1.1084 |     39.596 |   1.1474 |     40.898 |     0.8
   26 |   1.1003 |     39.299 |   1.1394 |     40.068 |     0.9
   27 |   1.0914 |     39.233 |   1.1373 |     41.175 |     0.9
   28 |   1.0839 |     39.145 |   1.1244 |     40.314 |     0.9
   29 |   1.0748 |     38.541 |   1.1284 |     40.375 |     1.0
   30 |   1.0647 |     38.211 |   1.1189 |     40.467 |     1.0
   31 |   1.0592 |     37.937 |   1.1141 |     39.053 |     1.0
   32 |   1.0507 |     37.475 |   1.1142 |     40.437 |     1.1
   33 |   1.0452 |     37.739 |   1.1111 |     40.037 |     1.1
   34 |   1.0330 |     37.223 |   1.1095 |     39.422 |     1.1
   35 |   1.0249 |     36.728 |   1.0970 |     39.391 |     1.2
   36 |   1.0185 |     36.728 |   1.0913 |     38.592 |     1.2
   37 |   1.0071 |     36.190 |   1.0957 |     39.299 |     1.2
   38 |   0.9916 |     35.470 |   1.0766 |     39.084 |     1.3
   39 |   0.9876 |     35.322 |   1.0751 |     37.946 |     1.3
   40 |   0.9727 |     34.498 |   1.0764 |     38.192 |     1.3
   41 |   0.9663 |     34.119 |   1.0628 |     36.993 |     1.3
   42 |   0.9542 |     33.822 |   1.0763 |     37.608 |     1.4
   43 |   0.9465 |     33.493 |   1.0683 |     37.608 |     1.4
   44 |   0.9372 |     33.086 |   1.0653 |     37.392 |     1.4
   45 |   0.9286 |     32.619 |   1.0507 |     37.269 |     1.5
   46 |   0.9108 |     31.614 |   1.0527 |     36.501 |     1.5
   47 |   0.9030 |     31.614 |   1.0550 |     36.255 |     1.5
   48 |   0.8895 |     30.702 |   1.0450 |     35.609 |     1.6
   49 |   0.8897 |     30.927 |   1.0503 |     36.009 |     1.6
   50 |   0.8787 |     30.279 |   1.0407 |     35.209 |     1.6
   51 |   0.8607 |     29.570 |   1.0375 |     34.994 |     1.7
   52 |   0.8451 |     29.038 |   1.0367 |     34.656 |     1.7
   53 |   0.8288 |     28.422 |   1.0226 |     34.010 |     1.7
   54 |   0.8177 |     27.999 |   1.0239 |     34.502 |     1.8
   55 |   0.8055 |     27.499 |   1.0301 |     33.825 |     1.8
   56 |   0.8009 |     27.236 |   1.0490 |     33.518 |     1.8
   57 |   0.7837 |     26.615 |   1.0084 |     32.472 |     1.9
   58 |   0.7704 |     26.192 |   1.0272 |     33.672 |     1.9
   59 |   0.7587 |     25.714 |   1.0099 |     32.411 |     1.9
   60 |   0.7440 |     24.879 |   1.0205 |     32.718 |     2.0
   61 |   0.7295 |     24.313 |   1.0127 |     31.427 |     2.0
Early stopping

Model: Seq2Seq Bi-LSTM
Source index: <Seq2Seq Index with 45 items>
Target index: <Seq2Seq Index with 34 items>
Encoder embedding dimension: 32
Decoder embedding dimension: 128
Encoder hidden units: 64
Encoder layers: 2
Decoder hidden units: 64
Decoder layers: 3
Dropout: 0.2
Trainable parameters: 306,498

Training started
X_train.shape: torch.Size([3034, 702])
Y_train.shape: torch.Size([3034, 7])
X_dev.shape: torch.Size([542, 350])
Y_dev.shape: torch.Size([542, 7])
Epochs: 500
Learning rate: 0.001
Weight decay: 0.0001
Epoch | Train                 | Development           | Minutes
      | Loss     | Error Rate | Loss     | Error Rate |
---------------------------------------------------------------
    1 |   2.5285 |     67.293 |   1.9704 |     58.979 |     0.0
    2 |   1.7513 |     49.956 |   1.5854 |     49.385 |     0.0
    3 |   1.5091 |     46.265 |   1.4635 |     47.202 |     0.0
    4 |   1.4321 |     46.177 |   1.4163 |     47.017 |     0.1
    5 |   1.3882 |     46.094 |   1.3778 |     47.202 |     0.1
    6 |   1.3575 |     46.028 |   1.3528 |     46.863 |     0.1
    7 |   1.3314 |     45.770 |   1.3256 |     46.402 |     0.1
    8 |   1.3129 |     45.501 |   1.3114 |     45.449 |     0.1
    9 |   1.2968 |     45.336 |   1.2988 |     46.033 |     0.1
   10 |   1.2810 |     44.721 |   1.2850 |     45.018 |     0.2
   11 |   1.2680 |     44.424 |   1.2708 |     44.588 |     0.2
   12 |   1.2531 |     44.122 |   1.2545 |     44.588 |     0.2
   13 |   1.2407 |     43.765 |   1.2451 |     44.250 |     0.2
   14 |   1.2282 |     43.364 |   1.2338 |     44.127 |     0.2
   15 |   1.2140 |     43.139 |   1.2247 |     43.911 |     0.2
   16 |   1.2055 |     42.892 |   1.2129 |     44.127 |     0.3
   17 |   1.1981 |     42.798 |   1.2114 |     43.758 |     0.3
   18 |   1.1878 |     42.447 |   1.2054 |     42.774 |     0.3
   19 |   1.1795 |     42.018 |   1.1967 |     43.512 |     0.3
   20 |   1.1742 |     41.886 |   1.1863 |     42.282 |     0.3
   21 |   1.1657 |     41.474 |   1.1907 |     41.943 |     0.3
   22 |   1.1592 |     41.249 |   1.1712 |     41.421 |     0.4
   23 |   1.1521 |     41.161 |   1.1687 |     42.159 |     0.4
   24 |   1.1460 |     40.958 |   1.1631 |     41.820 |     0.4
   25 |   1.1384 |     40.568 |   1.1547 |     41.298 |     0.4
   26 |   1.1338 |     40.639 |   1.1503 |     41.513 |     0.4
   27 |   1.1279 |     40.398 |   1.1464 |     40.806 |     0.4
   28 |   1.1213 |     40.057 |   1.1488 |     40.990 |     0.5
   29 |   1.1161 |     40.211 |   1.1369 |     41.021 |     0.5
   30 |   1.1139 |     40.123 |   1.1300 |     41.298 |     0.5
   31 |   1.1084 |     39.771 |   1.1215 |     40.990 |     0.5
   32 |   1.1025 |     39.750 |   1.1236 |     40.898 |     0.5
   33 |   1.0968 |     39.530 |   1.1222 |     40.437 |     0.5
   34 |   1.0937 |     39.552 |   1.1143 |     40.529 |     0.6
   35 |   1.0887 |     39.052 |   1.1157 |     40.437 |     0.6
   36 |   1.0868 |     39.826 |   1.1041 |     40.590 |     0.6
   37 |   1.0802 |     39.107 |   1.1041 |     40.467 |     0.6
   38 |   1.0740 |     39.123 |   1.1030 |     40.344 |     0.6
   39 |   1.0705 |     39.063 |   1.0935 |     40.006 |     0.6
   40 |   1.0683 |     38.854 |   1.0907 |     38.868 |     0.7
   41 |   1.0670 |     38.733 |   1.0882 |     39.637 |     0.7
   42 |   1.0623 |     38.678 |   1.0908 |     40.314 |     0.7
   43 |   1.0553 |     38.530 |   1.0861 |     39.422 |     0.7
   44 |   1.0554 |     38.426 |   1.0863 |     39.791 |     0.7
   45 |   1.0487 |     38.255 |   1.0817 |     39.576 |     0.7
   46 |   1.0494 |     38.338 |   1.0801 |     39.391 |     0.8
   47 |   1.0435 |     38.041 |   1.0664 |     38.315 |     0.8
   48 |   1.0389 |     37.788 |   1.0671 |     38.930 |     0.8
   49 |   1.0343 |     37.640 |   1.0634 |     37.977 |     0.8
   50 |   1.0293 |     37.327 |   1.0623 |     39.022 |     0.8
   51 |   1.0302 |     37.673 |   1.0617 |     38.161 |     0.8
   52 |   1.0209 |     37.157 |   1.0620 |     38.376 |     0.9
   53 |   1.0182 |     36.887 |   1.0644 |     38.807 |     0.9
   54 |   1.0122 |     36.541 |   1.0613 |     37.823 |     0.9
   55 |   1.0028 |     35.970 |   1.0439 |     37.761 |     0.9
   56 |   0.9978 |     36.102 |   1.0566 |     37.577 |     0.9
   57 |   0.9914 |     35.272 |   1.0452 |     37.300 |     0.9
   58 |   0.9894 |     35.492 |   1.0416 |     36.562 |     1.0
   59 |   0.9868 |     35.278 |   1.0401 |     36.839 |     1.0
   60 |   0.9777 |     34.992 |   1.0374 |     36.716 |     1.0
   61 |   0.9762 |     34.844 |   1.0268 |     35.732 |     1.0
   62 |   0.9695 |     34.795 |   1.0273 |     36.993 |     1.0
   63 |   0.9662 |     34.828 |   1.0294 |     35.978 |     1.0
   64 |   0.9562 |     34.196 |   1.0207 |     35.455 |     1.1
   65 |   0.9595 |     34.042 |   1.0199 |     36.070 |     1.1
   66 |   0.9514 |     33.685 |   1.0185 |     36.101 |     1.1
   67 |   0.9415 |     33.575 |   1.0160 |     36.562 |     1.1
   68 |   0.9407 |     33.509 |   1.0182 |     35.916 |     1.1
   69 |   0.9328 |     32.795 |   1.0082 |     36.132 |     1.2
   70 |   0.9539 |     33.982 |   1.0091 |     36.316 |     1.2
   71 |   0.9377 |     33.487 |   1.0122 |     36.039 |     1.2
   72 |   0.9282 |     32.817 |   1.0097 |     35.640 |     1.2
   73 |   0.9223 |     32.949 |   1.0094 |     35.178 |     1.2
Early stopping

Model: Seq2Seq Bi-LSTM
Source index: <Seq2Seq Index with 45 items>
Target index: <Seq2Seq Index with 34 items>
Encoder embedding dimension: 128
Decoder embedding dimension: 128
Encoder hidden units: 128
Encoder layers: 4
Decoder hidden units: 128
Decoder layers: 2
Dropout: 0.2
Trainable parameters: 1,990,818

Training started
X_train.shape: torch.Size([3034, 702])
Y_train.shape: torch.Size([3034, 7])
X_dev.shape: torch.Size([542, 350])
Y_dev.shape: torch.Size([542, 7])
Epochs: 500
Learning rate: 0.001
Weight decay: 1e-05
Epoch | Train                 | Development           | Minutes
      | Loss     | Error Rate | Loss     | Error Rate |
---------------------------------------------------------------
    1 |   2.0279 |     55.537 |   1.5199 |     46.740 |     0.1
    2 |   1.4167 |     45.737 |   1.3786 |     46.771 |     0.2
    3 |   1.3411 |     45.594 |   1.3344 |     46.587 |     0.2
    4 |   1.3018 |     44.979 |   1.2944 |     45.357 |     0.3
    5 |   1.2676 |     44.254 |   1.2668 |     44.219 |     0.4
    6 |   1.2361 |     43.397 |   1.2401 |     43.512 |     0.5
    7 |   1.2051 |     42.848 |   1.2190 |     43.266 |     0.6
    8 |   1.1750 |     41.623 |   1.1751 |     40.990 |     0.6
    9 |   1.1478 |     41.095 |   1.1401 |     41.113 |     0.7
   10 |   1.1126 |     39.420 |   1.1199 |     39.822 |     0.8
   11 |   1.0783 |     37.986 |   1.0856 |     38.469 |     0.9
   12 |   1.0463 |     36.662 |   1.0811 |     38.684 |     1.0
   13 |   1.0142 |     35.294 |   1.0457 |     36.808 |     1.0
   14 |   0.9758 |     33.537 |   1.0366 |     35.763 |     1.1
   15 |   0.9380 |     32.147 |   1.0133 |     34.717 |     1.2
   16 |   0.8939 |     30.307 |   0.9934 |     35.117 |     1.3
   17 |   0.8566 |     29.136 |   0.9813 |     33.764 |     1.4
   18 |   0.8166 |     27.532 |   0.9605 |     32.995 |     1.5
   19 |   0.7680 |     25.467 |   0.9478 |     32.442 |     1.5
   20 |   0.7273 |     24.286 |   0.9331 |     31.304 |     1.6
   21 |   0.6797 |     22.440 |   0.9492 |     31.458 |     1.7
   22 |   0.6434 |     21.133 |   0.9272 |     30.381 |     1.8
   23 |   0.6072 |     19.693 |   0.9004 |     28.782 |     1.9
   24 |   0.5684 |     18.523 |   0.9053 |     28.690 |     1.9
   25 |   0.5366 |     17.579 |   0.9202 |     27.860 |     2.0
   26 |   0.5027 |     16.535 |   0.9327 |     28.936 |     2.1
   27 |   0.4846 |     15.991 |   0.9480 |     28.198 |     2.2
Early stopping

Model: Seq2Seq Bi-LSTM
Source index: <Seq2Seq Index with 45 items>
Target index: <Seq2Seq Index with 34 items>
Encoder embedding dimension: 32
Decoder embedding dimension: 64
Encoder hidden units: 128
Encoder layers: 3
Decoder hidden units: 64
Decoder layers: 2
Dropout: 0.0
Trainable parameters: 1,127,106

Training started
X_train.shape: torch.Size([3034, 702])
Y_train.shape: torch.Size([3034, 7])
X_dev.shape: torch.Size([542, 350])
Y_dev.shape: torch.Size([542, 7])
Epochs: 500
Learning rate: 0.001
Weight decay: 1e-05
Epoch | Train                 | Development           | Minutes
      | Loss     | Error Rate | Loss     | Error Rate |
---------------------------------------------------------------
    1 |   2.4028 |     63.508 |   1.9205 |     49.446 |     0.1
    2 |   1.6909 |     47.583 |   1.5370 |     46.956 |     0.1
    3 |   1.4641 |     45.995 |   1.4349 |     46.925 |     0.2
    4 |   1.4000 |     45.699 |   1.3960 |     46.525 |     0.2
    5 |   1.3670 |     45.506 |   1.3713 |     46.648 |     0.3
    6 |   1.3399 |     45.182 |   1.3482 |     45.818 |     0.4
    7 |   1.3185 |     44.622 |   1.3290 |     46.341 |     0.4
    8 |   1.3003 |     44.303 |   1.3126 |     45.726 |     0.5
    9 |   1.2837 |     43.771 |   1.2964 |     45.603 |     0.5
   10 |   1.2656 |     43.446 |   1.2817 |     44.711 |     0.6
   11 |   1.2458 |     43.117 |   1.2590 |     44.034 |     0.7
   12 |   1.2251 |     42.370 |   1.2383 |     43.112 |     0.7
   13 |   1.2072 |     42.326 |   1.2276 |     42.097 |     0.8
   14 |   1.1860 |     41.233 |   1.2150 |     42.374 |     0.8
   15 |   1.1674 |     40.810 |   1.1938 |     41.790 |     0.9
   16 |   1.1520 |     40.216 |   1.1891 |     41.205 |     0.9
   17 |   1.1379 |     39.277 |   1.1727 |     41.082 |     1.0
   18 |   1.1152 |     38.250 |   1.1633 |     39.760 |     1.1
   19 |   1.0934 |     37.437 |   1.1507 |     39.791 |     1.1
   20 |   1.0689 |     36.338 |   1.1385 |     38.592 |     1.2
   21 |   1.0442 |     35.366 |   1.1255 |     38.284 |     1.2
   22 |   1.0177 |     34.031 |   1.0988 |     38.715 |     1.3
   23 |   0.9894 |     33.377 |   1.0926 |     37.116 |     1.3
   24 |   0.9663 |     32.141 |   1.0695 |     36.193 |     1.4
   25 |   0.9253 |     30.581 |   1.0887 |     38.192 |     1.5
   26 |   0.8922 |     29.603 |   1.0654 |     36.408 |     1.5
   27 |   0.8580 |     27.840 |   1.0408 |     34.533 |     1.6
   28 |   0.8186 |     26.549 |   1.0318 |     33.456 |     1.6
   29 |   0.7748 |     24.577 |   1.0263 |     33.579 |     1.7
   30 |   0.7317 |     22.643 |   1.0132 |     32.073 |     1.7
   31 |   0.6894 |     21.473 |   1.0251 |     31.611 |     1.8
   32 |   0.6498 |     19.930 |   1.0209 |     32.011 |     1.8
   33 |   0.6162 |     19.001 |   1.0279 |     31.335 |     1.9
   34 |   0.5743 |     17.425 |   1.0300 |     31.273 |     2.0
Early stopping

Model: Seq2Seq Bi-LSTM
Source index: <Seq2Seq Index with 45 items>
Target index: <Seq2Seq Index with 34 items>
Encoder embedding dimension: 128
Decoder embedding dimension: 64
Encoder hidden units: 128
Encoder layers: 4
Decoder hidden units: 64
Decoder layers: 3
Dropout: 0.1
Trainable parameters: 1,691,042

Training started
X_train.shape: torch.Size([3034, 702])
Y_train.shape: torch.Size([3034, 7])
X_dev.shape: torch.Size([542, 350])
Y_dev.shape: torch.Size([542, 7])
Epochs: 500
Learning rate: 0.001
Weight decay: 1e-05
Epoch | Train                 | Development           | Minutes
      | Loss     | Error Rate | Loss     | Error Rate |
---------------------------------------------------------------
    1 |   2.5683 |     68.276 |   2.0578 |     59.317 |     0.1
    2 |   1.8195 |     51.664 |   1.6261 |     47.202 |     0.2
    3 |   1.5354 |     46.358 |   1.4879 |     47.202 |     0.2
    4 |   1.4510 |     46.270 |   1.4425 |     47.202 |     0.3
    5 |   1.4172 |     46.199 |   1.4127 |     46.956 |     0.4
    6 |   1.3965 |     45.929 |   1.3961 |     46.556 |     0.5
    7 |   1.3812 |     45.907 |   1.3844 |     46.556 |     0.6
    8 |   1.3656 |     45.386 |   1.3784 |     46.648 |     0.7
    9 |   1.3494 |     45.292 |   1.3474 |     45.357 |     0.7
   10 |   1.3292 |     45.254 |   1.3286 |     46.156 |     0.8
   11 |   1.3078 |     44.408 |   1.3187 |     45.787 |     0.9
   12 |   1.2918 |     43.930 |   1.2970 |     44.803 |     1.0
   13 |   1.2737 |     43.468 |   1.2790 |     44.557 |     1.1
   14 |   1.2547 |     43.040 |   1.2788 |     44.373 |     1.1
   15 |   1.2367 |     42.930 |   1.2493 |     43.973 |     1.2
   16 |   1.2173 |     42.584 |   1.2310 |     43.143 |     1.3
   17 |   1.2001 |     41.947 |   1.2157 |     42.897 |     1.4
   18 |   1.1839 |     41.617 |   1.2068 |     42.405 |     1.5
   19 |   1.1661 |     40.996 |   1.1938 |     42.405 |     1.5
   20 |   1.1490 |     40.530 |   1.1753 |     41.328 |     1.6
   21 |   1.1310 |     39.596 |   1.1782 |     41.236 |     1.7
   22 |   1.1175 |     39.464 |   1.1660 |     40.929 |     1.8
   23 |   1.0964 |     38.338 |   1.1495 |     40.744 |     1.9
   24 |   1.0758 |     37.981 |   1.1477 |     40.560 |     2.0
   25 |   1.0566 |     36.761 |   1.1404 |     39.422 |     2.0
   26 |   1.0378 |     35.932 |   1.1288 |     39.637 |     2.1
   27 |   1.0164 |     35.338 |   1.1186 |     38.807 |     2.2
   28 |   1.0001 |     34.701 |   1.1117 |     39.207 |     2.3
   29 |   0.9750 |     33.696 |   1.1062 |     38.069 |     2.4
   30 |   0.9528 |     32.965 |   1.1058 |     36.716 |     2.4
   31 |   0.9275 |     31.488 |   1.0926 |     36.685 |     2.5
   32 |   0.9008 |     30.444 |   1.0897 |     36.685 |     2.6
   33 |   0.8753 |     29.362 |   1.0887 |     36.193 |     2.7
   34 |   0.8393 |     27.708 |   1.0884 |     35.332 |     2.8
   35 |   0.8163 |     26.895 |   1.0847 |     33.948 |     2.8
   36 |   0.7903 |     26.082 |   1.1045 |     35.301 |     2.9
   37 |   0.7671 |     25.242 |   1.0823 |     33.702 |     3.0
   38 |   0.7388 |     24.220 |   1.0778 |     33.764 |     3.1
   39 |   0.7107 |     23.308 |   1.1089 |     35.086 |     3.2
   40 |   0.6923 |     22.737 |   1.1025 |     33.456 |     3.3
   41 |   0.6610 |     21.567 |   1.0941 |     33.518 |     3.3
   42 |   0.6387 |     20.765 |   1.0839 |     32.534 |     3.4
Early stopping

Model: Seq2Seq Bi-LSTM
Source index: <Seq2Seq Index with 45 items>
Target index: <Seq2Seq Index with 34 items>
Encoder embedding dimension: 128
Decoder embedding dimension: 128
Encoder hidden units: 64
Encoder layers: 2
Decoder hidden units: 128
Decoder layers: 2
Dropout: 0.1
Trainable parameters: 542,882

Training started
X_train.shape: torch.Size([3034, 702])
Y_train.shape: torch.Size([3034, 7])
X_dev.shape: torch.Size([542, 350])
Y_dev.shape: torch.Size([542, 7])
Epochs: 500
Learning rate: 0.001
Weight decay: 0.0001
Epoch | Train                 | Development           | Minutes
      | Loss     | Error Rate | Loss     | Error Rate |
---------------------------------------------------------------
    1 |   2.0115 |     54.697 |   1.4745 |     46.833 |     0.0
    2 |   1.3950 |     45.495 |   1.3528 |     46.525 |     0.0
    3 |   1.3204 |     44.974 |   1.3028 |     45.572 |     0.1
    4 |   1.2720 |     44.281 |   1.2692 |     45.510 |     0.1
    5 |   1.2349 |     43.172 |   1.2315 |     42.835 |     0.1
    6 |   1.2059 |     42.595 |   1.2043 |     43.143 |     0.1
    7 |   1.1777 |     41.727 |   1.1863 |     42.681 |     0.1
    8 |   1.1518 |     41.310 |   1.1586 |     40.713 |     0.2
    9 |   1.1294 |     40.244 |   1.1396 |     40.375 |     0.2
   10 |   1.1076 |     39.414 |   1.1156 |     40.929 |     0.2
   11 |   1.0853 |     38.728 |   1.0949 |     38.653 |     0.2
   12 |   1.0656 |     37.931 |   1.0931 |     38.899 |     0.2
   13 |   1.0495 |     36.981 |   1.0694 |     38.007 |     0.3
   14 |   1.0251 |     36.036 |   1.0491 |     37.085 |     0.3
   15 |   1.0054 |     35.481 |   1.0322 |     35.947 |     0.3
   16 |   0.9812 |     34.503 |   1.0312 |     36.501 |     0.3
   17 |   0.9570 |     33.624 |   1.0115 |     35.763 |     0.3
   18 |   0.9349 |     32.597 |   1.0084 |     35.609 |     0.3
   19 |   0.9124 |     31.993 |   0.9832 |     34.656 |     0.4
   20 |   0.8863 |     30.812 |   0.9789 |     34.287 |     0.4
   21 |   0.8555 |     29.686 |   0.9535 |     33.272 |     0.4
   22 |   0.8303 |     28.752 |   0.9538 |     32.657 |     0.4
   23 |   0.8032 |     27.609 |   0.9374 |     32.811 |     0.4
   24 |   0.7857 |     26.961 |   0.9297 |     31.642 |     0.5
   25 |   0.7558 |     25.956 |   0.9385 |     31.488 |     0.5
   26 |   0.7300 |     24.967 |   0.9192 |     30.597 |     0.5
   27 |   0.7086 |     24.297 |   0.9277 |     30.535 |     0.5
   28 |   0.6877 |     23.473 |   0.8901 |     29.705 |     0.5
   29 |   0.6572 |     22.292 |   0.9143 |     29.859 |     0.6
   30 |   0.6410 |     21.671 |   0.8971 |     29.151 |     0.6
   31 |   0.6209 |     20.984 |   0.9045 |     30.074 |     0.6
   32 |   0.6033 |     20.353 |   0.9312 |     30.043 |     0.6
Early stopping

Model: Seq2Seq Bi-LSTM
Source index: <Seq2Seq Index with 45 items>
Target index: <Seq2Seq Index with 34 items>
Encoder embedding dimension: 32
Decoder embedding dimension: 64
Encoder hidden units: 64
Encoder layers: 2
Decoder hidden units: 64
Decoder layers: 2
Dropout: 0.0
Trainable parameters: 254,658

Training started
X_train.shape: torch.Size([3034, 702])
Y_train.shape: torch.Size([3034, 7])
X_dev.shape: torch.Size([542, 350])
Y_dev.shape: torch.Size([542, 7])
Epochs: 500
Learning rate: 0.001
Weight decay: 0.0001
Epoch | Train                 | Development           | Minutes
      | Loss     | Error Rate | Loss     | Error Rate |
---------------------------------------------------------------
    1 |   2.4193 |     62.025 |   1.8635 |     50.615 |     0.0
    2 |   1.6247 |     47.259 |   1.4848 |     46.740 |     0.0
    3 |   1.4247 |     45.660 |   1.4026 |     46.525 |     0.0
    4 |   1.3632 |     45.550 |   1.3553 |     46.279 |     0.1
    5 |   1.3278 |     45.276 |   1.3275 |     45.510 |     0.1
    6 |   1.3035 |     44.666 |   1.3083 |     45.418 |     0.1
    7 |   1.2801 |     44.540 |   1.2869 |     45.418 |     0.1
    8 |   1.2608 |     44.095 |   1.2730 |     45.541 |     0.1
    9 |   1.2456 |     43.826 |   1.2624 |     45.326 |     0.1
   10 |   1.2310 |     43.392 |   1.2479 |     44.034 |     0.2
   11 |   1.2174 |     42.760 |   1.2355 |     42.958 |     0.2
   12 |   1.2045 |     42.254 |   1.2248 |     42.528 |     0.2
   13 |   1.1907 |     41.908 |   1.2107 |     42.405 |     0.2
   14 |   1.1794 |     41.936 |   1.1980 |     41.974 |     0.2
   15 |   1.1689 |     41.634 |   1.1922 |     42.189 |     0.2
   16 |   1.1586 |     41.255 |   1.1832 |     41.820 |     0.3
   17 |   1.1451 |     40.354 |   1.1742 |     41.605 |     0.3
   18 |   1.1335 |     39.793 |   1.1574 |     40.836 |     0.3
   19 |   1.1225 |     39.601 |   1.1492 |     40.344 |     0.3
   20 |   1.1034 |     38.535 |   1.1282 |     39.668 |     0.3
   21 |   1.0878 |     38.255 |   1.1158 |     38.991 |     0.3
   22 |   1.0747 |     37.651 |   1.1133 |     39.207 |     0.3
   23 |   1.0593 |     36.898 |   1.0969 |     38.622 |     0.4
   24 |   1.0431 |     36.283 |   1.0860 |     38.130 |     0.4
   25 |   1.0274 |     35.668 |   1.0843 |     38.007 |     0.4
   26 |   1.0141 |     35.201 |   1.0595 |     36.562 |     0.4
   27 |   0.9950 |     34.426 |   1.0502 |     36.839 |     0.4
   28 |   0.9829 |     33.570 |   1.0712 |     37.454 |     0.4
   29 |   0.9627 |     32.943 |   1.0425 |     36.747 |     0.5
   30 |   0.9474 |     32.443 |   1.0262 |     35.763 |     0.5
   31 |   0.9288 |     31.757 |   1.0288 |     35.025 |     0.5
   32 |   0.9143 |     31.218 |   1.0150 |     34.563 |     0.5
   33 |   0.8942 |     30.328 |   1.0071 |     34.533 |     0.5
   34 |   0.8874 |     30.147 |   1.0047 |     34.041 |     0.5
   35 |   0.8651 |     29.351 |   0.9916 |     33.795 |     0.6
   36 |   0.8438 |     28.241 |   1.0016 |     33.918 |     0.6
   37 |   0.8264 |     27.626 |   0.9906 |     32.934 |     0.6
   38 |   0.8149 |     27.120 |   0.9949 |     33.364 |     0.6
   39 |   0.8029 |     26.862 |   0.9857 |     32.196 |     0.6
   40 |   0.7802 |     26.016 |   0.9791 |     32.411 |     0.6
   41 |   0.7614 |     25.319 |   0.9811 |     32.349 |     0.6
   42 |   0.7502 |     24.874 |   0.9766 |     32.165 |     0.7
   43 |   0.7333 |     23.918 |   0.9741 |     32.073 |     0.7
   44 |   0.7231 |     23.693 |   0.9836 |     32.011 |     0.7
   45 |   0.7040 |     22.896 |   0.9923 |     32.319 |     0.7
   46 |   0.6883 |     22.446 |   0.9781 |     31.611 |     0.7
   47 |   0.6701 |     21.753 |   0.9750 |     31.273 |     0.7
Early stopping

Model: Seq2Seq Bi-LSTM
Source index: <Seq2Seq Index with 45 items>
Target index: <Seq2Seq Index with 34 items>
Encoder embedding dimension: 32
Decoder embedding dimension: 128
Encoder hidden units: 64
Encoder layers: 2
Decoder hidden units: 128
Decoder layers: 3
Dropout: 0.1
Trainable parameters: 621,506

Training started
X_train.shape: torch.Size([3034, 702])
Y_train.shape: torch.Size([3034, 7])
X_dev.shape: torch.Size([542, 350])
Y_dev.shape: torch.Size([542, 7])
Epochs: 500
Learning rate: 0.001
Weight decay: 0.0001
Epoch | Train                 | Development           | Minutes
      | Loss     | Error Rate | Loss     | Error Rate |
---------------------------------------------------------------
    1 |   2.1941 |     59.822 |   1.6008 |     49.385 |     0.0
    2 |   1.4609 |     46.254 |   1.4076 |     46.925 |     0.0
    3 |   1.3660 |     45.918 |   1.3502 |     46.341 |     0.1
    4 |   1.3238 |     45.133 |   1.3232 |     46.125 |     0.1
    5 |   1.2980 |     44.754 |   1.2971 |     45.756 |     0.1
    6 |   1.2789 |     44.919 |   1.2797 |     45.941 |     0.1
    7 |   1.2615 |     44.413 |   1.2722 |     45.603 |     0.1
    8 |   1.2473 |     44.111 |   1.2510 |     45.172 |     0.1
    9 |   1.2328 |     43.622 |   1.2401 |     44.895 |     0.2
   10 |   1.2150 |     43.507 |   1.2149 |     43.235 |     0.2
   11 |   1.2025 |     43.139 |   1.2182 |     44.157 |     0.2
   12 |   1.1897 |     42.765 |   1.2020 |     43.389 |     0.2
   13 |   1.1740 |     42.408 |   1.1949 |     42.743 |     0.2
   14 |   1.1610 |     41.590 |   1.1856 |     43.911 |     0.2
   15 |   1.1508 |     41.348 |   1.1554 |     42.405 |     0.3
   16 |   1.1396 |     41.496 |   1.1435 |     41.298 |     0.3
   17 |   1.1314 |     40.612 |   1.1390 |     41.359 |     0.3
   18 |   1.1193 |     40.497 |   1.1250 |     40.959 |     0.3
   19 |   1.1110 |     40.123 |   1.1221 |     40.898 |     0.3
   20 |   1.1096 |     40.321 |   1.1111 |     40.375 |     0.3
   21 |   1.0947 |     40.266 |   1.1089 |     40.160 |     0.4
   22 |   1.0904 |     39.815 |   1.0977 |     39.883 |     0.4
   23 |   1.0810 |     39.381 |   1.0903 |     39.299 |     0.4
   24 |   1.0708 |     38.953 |   1.0960 |     39.606 |     0.4
   25 |   1.0651 |     38.585 |   1.0867 |     38.807 |     0.4
   26 |   1.0598 |     38.585 |   1.0749 |     38.838 |     0.4
   27 |   1.0528 |     38.365 |   1.0704 |     39.114 |     0.5
   28 |   1.0482 |     38.266 |   1.0812 |     39.545 |     0.5
   29 |   1.0406 |     37.706 |   1.0748 |     38.899 |     0.5
   30 |   1.0384 |     37.717 |   1.0647 |     38.438 |     0.5
   31 |   1.0307 |     37.640 |   1.0597 |     38.130 |     0.5
   32 |   1.0276 |     37.349 |   1.0573 |     38.315 |     0.5
   33 |   1.0208 |     36.970 |   1.0508 |     37.946 |     0.6
   34 |   1.0148 |     37.184 |   1.0455 |     38.499 |     0.6
   35 |   1.0088 |     36.750 |   1.0477 |     37.792 |     0.6
   36 |   1.0102 |     37.025 |   1.0358 |     37.208 |     0.6
   37 |   1.0016 |     36.844 |   1.0324 |     37.208 |     0.6
   38 |   0.9975 |     36.475 |   1.0300 |     37.208 |     0.6
   39 |   0.9885 |     36.272 |   1.0365 |     37.608 |     0.7
   40 |   0.9826 |     35.701 |   1.0099 |     36.470 |     0.7
   41 |   0.9741 |     35.602 |   1.0175 |     36.470 |     0.7
   42 |   0.9631 |     35.064 |   1.0113 |     35.855 |     0.7
   43 |   0.9606 |     34.998 |   1.0047 |     36.347 |     0.7
   44 |   0.9508 |     34.481 |   1.0014 |     36.070 |     0.8
   45 |   0.9497 |     34.707 |   0.9854 |     35.117 |     0.8
   46 |   0.9362 |     34.174 |   0.9836 |     35.025 |     0.8
   47 |   0.9285 |     33.498 |   0.9878 |     36.162 |     0.8
   48 |   0.9220 |     33.394 |   0.9829 |     34.779 |     0.8
   49 |   0.9142 |     33.031 |   0.9751 |     34.748 |     0.8
   50 |   0.9085 |     32.855 |   0.9874 |     34.963 |     0.9
   51 |   0.9002 |     32.432 |   0.9618 |     34.317 |     0.9
   52 |   0.8986 |     32.454 |   0.9746 |     34.194 |     0.9
   53 |   0.8897 |     31.949 |   0.9626 |     34.502 |     0.9
   54 |   0.8798 |     31.532 |   0.9758 |     34.471 |     0.9
   55 |   0.8763 |     31.691 |   0.9642 |     33.948 |     0.9
Early stopping

Model: Seq2Seq Bi-LSTM
Source index: <Seq2Seq Index with 45 items>
Target index: <Seq2Seq Index with 34 items>
Encoder embedding dimension: 128
Decoder embedding dimension: 128
Encoder hidden units: 64
Encoder layers: 4
Decoder hidden units: 64
Decoder layers: 2
Dropout: 0.1
Trainable parameters: 558,114

Training started
X_train.shape: torch.Size([3034, 702])
Y_train.shape: torch.Size([3034, 7])
X_dev.shape: torch.Size([542, 350])
Y_dev.shape: torch.Size([542, 7])
Epochs: 500
Learning rate: 0.001
Weight decay: 1e-05
Epoch | Train                 | Development           | Minutes
      | Loss     | Error Rate | Loss     | Error Rate |
---------------------------------------------------------------
    1 |   2.4541 |     64.634 |   1.8928 |     50.769 |     0.0
    2 |   1.6496 |     47.995 |   1.5024 |     46.740 |     0.1
    3 |   1.4403 |     45.809 |   1.4110 |     46.863 |     0.1
    4 |   1.3736 |     45.517 |   1.3673 |     46.587 |     0.1
    5 |   1.3330 |     45.259 |   1.3290 |     45.972 |     0.2
    6 |   1.3050 |     44.770 |   1.3076 |     45.449 |     0.2
    7 |   1.2848 |     44.441 |   1.2918 |     45.633 |     0.3
    8 |   1.2631 |     43.897 |   1.2774 |     45.080 |     0.3
    9 |   1.2452 |     43.216 |   1.2609 |     44.373 |     0.3
   10 |   1.2239 |     42.853 |   1.2390 |     43.942 |     0.4
   11 |   1.2040 |     42.068 |   1.2194 |     42.804 |     0.4
   12 |   1.1825 |     41.480 |   1.1983 |     41.697 |     0.4
   13 |   1.1593 |     40.359 |   1.1794 |     40.867 |     0.5
   14 |   1.1349 |     39.568 |   1.1559 |     39.852 |     0.5
   15 |   1.1099 |     38.453 |   1.1479 |     39.852 |     0.5
   16 |   1.0815 |     36.827 |   1.1148 |     38.100 |     0.6
   17 |   1.0521 |     35.844 |   1.1010 |     38.438 |     0.6
   18 |   1.0196 |     34.767 |   1.0796 |     37.454 |     0.6
   19 |   0.9869 |     33.740 |   1.0726 |     37.884 |     0.7
   20 |   0.9604 |     32.993 |   1.0471 |     37.362 |     0.7
   21 |   0.9263 |     31.460 |   1.0347 |     36.316 |     0.8
   22 |   0.9042 |     30.735 |   1.0281 |     35.394 |     0.8
   23 |   0.8764 |     29.472 |   1.0127 |     35.578 |     0.8
   24 |   0.8465 |     28.142 |   1.0152 |     34.625 |     0.9
   25 |   0.8151 |     27.093 |   0.9985 |     33.672 |     0.9
   26 |   0.7917 |     26.220 |   0.9928 |     33.856 |     0.9
   27 |   0.7684 |     24.852 |   1.0118 |     33.333 |     1.0
   28 |   0.7380 |     24.127 |   0.9996 |     32.442 |     1.0
   29 |   0.7115 |     23.286 |   0.9888 |     32.811 |     1.0
   30 |   0.6941 |     22.643 |   0.9735 |     31.335 |     1.1
   31 |   0.6705 |     22.072 |   0.9956 |     32.226 |     1.1
   32 |   0.6484 |     21.083 |   0.9973 |     32.380 |     1.2
   33 |   0.6212 |     20.133 |   0.9992 |     31.427 |     1.2
   34 |   0.6052 |     19.529 |   1.0016 |     30.966 |     1.2
Early stopping

Model: Seq2Seq Bi-LSTM
Source index: <Seq2Seq Index with 45 items>
Target index: <Seq2Seq Index with 34 items>
Encoder embedding dimension: 64
Decoder embedding dimension: 64
Encoder hidden units: 64
Encoder layers: 2
Decoder hidden units: 128
Decoder layers: 3
Dropout: 0.1
Trainable parameters: 604,386

Training started
X_train.shape: torch.Size([3034, 702])
Y_train.shape: torch.Size([3034, 7])
X_dev.shape: torch.Size([542, 350])
Y_dev.shape: torch.Size([542, 7])
Epochs: 500
Learning rate: 0.001
Weight decay: 1e-05
Epoch | Train                 | Development           | Minutes
      | Loss     | Error Rate | Loss     | Error Rate |
---------------------------------------------------------------
    1 |   2.2396 |     61.992 |   1.6075 |     49.385 |     0.0
    2 |   1.4737 |     46.166 |   1.4240 |     47.017 |     0.0
    3 |   1.3933 |     46.166 |   1.3869 |     47.202 |     0.1
    4 |   1.3606 |     45.886 |   1.3535 |     46.679 |     0.1
    5 |   1.3314 |     45.539 |   1.3335 |     46.740 |     0.1
    6 |   1.3114 |     45.413 |   1.3123 |     46.033 |     0.1
    7 |   1.2927 |     44.974 |   1.3009 |     45.726 |     0.1
    8 |   1.2742 |     44.227 |   1.2791 |     44.772 |     0.1
    9 |   1.2550 |     43.875 |   1.2570 |     43.665 |     0.2
   10 |   1.2320 |     43.562 |   1.2399 |     43.850 |     0.2
   11 |   1.2061 |     42.947 |   1.2179 |     42.804 |     0.2
   12 |   1.1880 |     42.381 |   1.1935 |     42.343 |     0.2
   13 |   1.1659 |     41.634 |   1.1722 |     41.605 |     0.2
   14 |   1.1448 |     40.870 |   1.1537 |     41.236 |     0.2
   15 |   1.1202 |     39.903 |   1.1386 |     41.113 |     0.3
   16 |   1.1001 |     39.425 |   1.1228 |     40.344 |     0.3
   17 |   1.0798 |     38.519 |   1.0974 |     38.899 |     0.3
   18 |   1.0582 |     37.766 |   1.0788 |     39.330 |     0.3
   19 |   1.0354 |     37.091 |   1.0755 |     38.407 |     0.3
   20 |   1.0132 |     35.992 |   1.0599 |     38.346 |     0.4
   21 |   0.9990 |     35.849 |   1.0533 |     37.577 |     0.4
   22 |   0.9780 |     34.558 |   1.0467 |     37.208 |     0.4
   23 |   0.9551 |     33.696 |   1.0381 |     37.085 |     0.4
   24 |   0.9325 |     32.542 |   1.0291 |     35.178 |     0.4
   25 |   0.9096 |     31.262 |   1.0256 |     35.824 |     0.4
   26 |   0.8903 |     30.548 |   1.0092 |     34.287 |     0.5
   27 |   0.8645 |     29.741 |   1.0053 |     34.963 |     0.5
   28 |   0.8342 |     28.340 |   1.0051 |     34.164 |     0.5
   29 |   0.8114 |     27.587 |   1.0007 |     33.272 |     0.5
   30 |   0.7850 |     26.719 |   1.0086 |     33.518 |     0.5
   31 |   0.7679 |     26.214 |   0.9852 |     31.734 |     0.5
   32 |   0.7453 |     25.038 |   0.9826 |     32.011 |     0.6
   33 |   0.7163 |     24.094 |   0.9808 |     31.796 |     0.6
   34 |   0.6970 |     23.149 |   0.9941 |     31.611 |     0.6
   35 |   0.6821 |     22.693 |   0.9864 |     31.304 |     0.6
   36 |   0.6656 |     22.297 |   0.9924 |     30.904 |     0.6
   37 |   0.6387 |     20.798 |   1.0022 |     30.474 |     0.6
Early stopping

Model: Seq2Seq Bi-LSTM
Source index: <Seq2Seq Index with 45 items>
Target index: <Seq2Seq Index with 34 items>
Encoder embedding dimension: 64
Decoder embedding dimension: 64
Encoder hidden units: 128
Encoder layers: 3
Decoder hidden units: 128
Decoder layers: 2
Dropout: 0.1
Trainable parameters: 1,426,658

Training started
X_train.shape: torch.Size([3034, 702])
Y_train.shape: torch.Size([3034, 7])
X_dev.shape: torch.Size([542, 350])
Y_dev.shape: torch.Size([542, 7])
Epochs: 500
Learning rate: 0.001
Weight decay: 1e-05
Epoch | Train                 | Development           | Minutes
      | Loss     | Error Rate | Loss     | Error Rate |
---------------------------------------------------------------
    1 |   2.1051 |     57.542 |   1.5599 |     47.202 |     0.1
    2 |   1.4518 |     46.248 |   1.4111 |     47.694 |     0.1
    3 |   1.3653 |     46.127 |   1.3443 |     46.587 |     0.2
    4 |   1.3204 |     45.171 |   1.3156 |     46.033 |     0.2
    5 |   1.2926 |     44.776 |   1.2965 |     45.111 |     0.3
    6 |   1.2704 |     44.353 |   1.2861 |     45.049 |     0.4
    7 |   1.2508 |     43.765 |   1.2580 |     43.911 |     0.4
    8 |   1.2276 |     43.188 |   1.2394 |     43.788 |     0.5
    9 |   1.2041 |     42.502 |   1.2147 |     43.635 |     0.5
   10 |   1.1775 |     41.491 |   1.1853 |     42.036 |     0.6
   11 |   1.1506 |     40.617 |   1.1676 |     42.128 |     0.7
   12 |   1.1174 |     39.013 |   1.1342 |     39.391 |     0.7
   13 |   1.0848 |     37.349 |   1.1208 |     39.237 |     0.8
   14 |   1.0474 |     36.058 |   1.0831 |     38.007 |     0.9
   15 |   1.0052 |     34.245 |   1.0516 |     36.439 |     0.9
   16 |   0.9639 |     32.680 |   1.0308 |     34.871 |     1.0
   17 |   0.9292 |     31.460 |   1.0185 |     34.902 |     1.1
   18 |   0.8727 |     29.147 |   0.9954 |     33.764 |     1.1
   19 |   0.8248 |     27.516 |   0.9809 |     33.149 |     1.2
   20 |   0.7794 |     25.725 |   0.9789 |     32.472 |     1.3
   21 |   0.7339 |     23.918 |   0.9529 |     31.427 |     1.3
   22 |   0.6829 |     22.226 |   0.9502 |     31.181 |     1.4
   23 |   0.6434 |     20.897 |   0.9427 |     30.597 |     1.4
   24 |   0.5923 |     19.040 |   0.9739 |     30.412 |     1.5
   25 |   0.5551 |     17.969 |   0.9688 |     30.197 |     1.6
   26 |   0.5190 |     16.595 |   0.9866 |     30.535 |     1.6
   27 |   0.4941 |     15.931 |   0.9764 |     29.520 |     1.7
Early stopping

Model: Seq2Seq Bi-LSTM
Source index: <Seq2Seq Index with 45 items>
Target index: <Seq2Seq Index with 34 items>
Encoder embedding dimension: 128
Decoder embedding dimension: 64
Encoder hidden units: 64
Encoder layers: 3
Decoder hidden units: 64
Decoder layers: 2
Dropout: 0.0
Trainable parameters: 423,842

Training started
X_train.shape: torch.Size([3034, 702])
Y_train.shape: torch.Size([3034, 7])
X_dev.shape: torch.Size([542, 350])
Y_dev.shape: torch.Size([542, 7])
Epochs: 500
Learning rate: 0.001
Weight decay: 0.0001
Epoch | Train                 | Development           | Minutes
      | Loss     | Error Rate | Loss     | Error Rate |
---------------------------------------------------------------
    1 |   2.3965 |     64.206 |   1.8762 |     53.229 |     0.0
    2 |   1.6421 |     47.479 |   1.5133 |     47.202 |     0.1
    3 |   1.4482 |     45.979 |   1.4316 |     46.525 |     0.1
    4 |   1.3950 |     45.781 |   1.3907 |     46.494 |     0.1
    5 |   1.3637 |     45.402 |   1.3666 |     46.648 |     0.1
    6 |   1.3343 |     45.007 |   1.3404 |     45.910 |     0.2
    7 |   1.3078 |     44.540 |   1.3154 |     45.480 |     0.2
    8 |   1.2815 |     44.023 |   1.2943 |     45.541 |     0.2
    9 |   1.2611 |     43.842 |   1.2751 |     44.865 |     0.2
   10 |   1.2408 |     43.666 |   1.2602 |     44.619 |     0.3
   11 |   1.2220 |     42.782 |   1.2387 |     43.173 |     0.3
   12 |   1.2059 |     42.463 |   1.2302 |     42.866 |     0.3
   13 |   1.1880 |     41.271 |   1.2106 |     42.251 |     0.3
   14 |   1.1693 |     40.656 |   1.1927 |     41.882 |     0.4
   15 |   1.1529 |     39.887 |   1.1765 |     41.390 |     0.4
   16 |   1.1336 |     39.305 |   1.1608 |     40.375 |     0.4
   17 |   1.1105 |     38.393 |   1.1480 |     39.453 |     0.4
   18 |   1.0919 |     37.717 |   1.1287 |     38.991 |     0.5
   19 |   1.0739 |     36.772 |   1.1144 |     38.253 |     0.5
   20 |   1.0562 |     36.267 |   1.1080 |     38.253 |     0.5
   21 |   1.0392 |     35.728 |   1.0987 |     38.684 |     0.5
   22 |   1.0210 |     35.410 |   1.0864 |     38.284 |     0.6
   23 |   1.0024 |     34.696 |   1.0679 |     37.546 |     0.6
   24 |   0.9879 |     33.806 |   1.0585 |     36.931 |     0.6
   25 |   0.9691 |     33.306 |   1.0446 |     36.470 |     0.6
   26 |   0.9506 |     32.356 |   1.0417 |     36.255 |     0.7
   27 |   0.9330 |     31.751 |   1.0412 |     36.378 |     0.7
   28 |   0.9160 |     31.021 |   1.0248 |     35.455 |     0.7
   29 |   0.8976 |     30.438 |   1.0292 |     35.424 |     0.8
   30 |   0.8782 |     29.653 |   1.0074 |     34.932 |     0.8
   31 |   0.8592 |     29.158 |   1.0198 |     34.102 |     0.8
   32 |   0.8392 |     28.142 |   0.9923 |     33.395 |     0.8
   33 |   0.8141 |     27.093 |   0.9750 |     32.903 |     0.9
   34 |   0.7932 |     25.934 |   1.0243 |     33.579 |     0.9
   35 |   0.7834 |     25.884 |   0.9756 |     32.411 |     0.9
   36 |   0.7544 |     24.984 |   0.9716 |     32.196 |     0.9
   37 |   0.7406 |     24.539 |   0.9883 |     32.411 |     1.0
   38 |   0.7108 |     23.094 |   0.9851 |     32.288 |     1.0
   39 |   0.6950 |     22.764 |   0.9941 |     31.980 |     1.0
   40 |   0.6759 |     22.006 |   0.9730 |     31.150 |     1.0
Early stopping

Model: Seq2Seq Bi-LSTM
Source index: <Seq2Seq Index with 45 items>
Target index: <Seq2Seq Index with 34 items>
Encoder embedding dimension: 32
Decoder embedding dimension: 128
Encoder hidden units: 128
Encoder layers: 3
Decoder hidden units: 64
Decoder layers: 3
Dropout: 0.0
Trainable parameters: 1,178,946

Training started
X_train.shape: torch.Size([3034, 702])
Y_train.shape: torch.Size([3034, 7])
X_dev.shape: torch.Size([542, 350])
Y_dev.shape: torch.Size([542, 7])
Epochs: 500
Learning rate: 0.001
Weight decay: 1e-05
Epoch | Train                 | Development           | Minutes
      | Loss     | Error Rate | Loss     | Error Rate |
---------------------------------------------------------------
    1 |   2.4980 |     66.733 |   1.9488 |     54.551 |     0.1
    2 |   1.7213 |     48.544 |   1.5723 |     47.202 |     0.1
    3 |   1.4921 |     46.319 |   1.4613 |     47.202 |     0.2
    4 |   1.4306 |     46.199 |   1.4271 |     47.202 |     0.2
    5 |   1.4049 |     46.105 |   1.4151 |     46.771 |     0.3
    6 |   1.3859 |     46.050 |   1.3907 |     47.202 |     0.3
    7 |   1.3659 |     45.929 |   1.3625 |     46.033 |     0.4
    8 |   1.3418 |     45.254 |   1.3417 |     45.234 |     0.4
    9 |   1.3217 |     45.331 |   1.3247 |     45.849 |     0.5
   10 |   1.3023 |     44.765 |   1.3068 |     45.203 |     0.6
   11 |   1.2854 |     44.128 |   1.2947 |     45.480 |     0.6
   12 |   1.2612 |     43.820 |   1.2725 |     44.496 |     0.7
   13 |   1.2375 |     43.095 |   1.2429 |     43.419 |     0.7
   14 |   1.2150 |     42.194 |   1.2222 |     42.282 |     0.8
   15 |   1.1959 |     41.826 |   1.2083 |     42.251 |     0.8
   16 |   1.1754 |     41.084 |   1.1904 |     41.851 |     0.9
   17 |   1.1573 |     40.453 |   1.1831 |     41.974 |     1.0
   18 |   1.1433 |     40.129 |   1.1707 |     42.097 |     1.0
   19 |   1.1253 |     39.750 |   1.1663 |     41.451 |     1.1
   20 |   1.1140 |     39.294 |   1.1554 |     41.144 |     1.1
   21 |   1.0972 |     38.409 |   1.1447 |     40.437 |     1.2
   22 |   1.0869 |     38.448 |   1.1434 |     40.437 |     1.3
   23 |   1.0704 |     37.728 |   1.1286 |     39.637 |     1.3
   24 |   1.0559 |     37.113 |   1.1210 |     39.237 |     1.4
   25 |   1.0424 |     36.778 |   1.1178 |     38.561 |     1.4
   26 |   1.0275 |     35.745 |   1.1009 |     37.915 |     1.5
   27 |   1.0057 |     34.877 |   1.0951 |     37.792 |     1.5
   28 |   0.9943 |     34.503 |   1.0957 |     38.315 |     1.6
   29 |   0.9730 |     33.734 |   1.0908 |     37.454 |     1.7
   30 |   0.9600 |     33.103 |   1.0812 |     36.993 |     1.7
   31 |   0.9425 |     32.323 |   1.0875 |     37.915 |     1.8
   32 |   0.9216 |     31.510 |   1.0686 |     36.931 |     1.8
   33 |   0.8927 |     30.515 |   1.0748 |     37.023 |     1.9
   34 |   0.8734 |     29.625 |   1.0794 |     36.685 |     1.9
   35 |   0.8552 |     28.648 |   1.0624 |     35.855 |     2.0
   36 |   0.8289 |     27.686 |   1.0756 |     36.070 |     2.1
   37 |   0.8030 |     26.697 |   1.0723 |     36.193 |     2.1
   38 |   0.7762 |     25.467 |   1.0572 |     35.363 |     2.2
   39 |   0.7534 |     24.709 |   1.0741 |     34.840 |     2.2
   40 |   0.7248 |     23.676 |   1.0723 |     34.932 |     2.3
   41 |   0.7103 |     23.077 |   1.0805 |     34.871 |     2.3
   42 |   0.6915 |     21.869 |   1.0730 |     33.918 |     2.4
Early stopping

Model: Seq2Seq Bi-LSTM
Source index: <Seq2Seq Index with 45 items>
Target index: <Seq2Seq Index with 34 items>
Encoder embedding dimension: 64
Decoder embedding dimension: 128
Encoder hidden units: 128
Encoder layers: 2
Decoder hidden units: 128
Decoder layers: 2
Dropout: 0.0
Trainable parameters: 1,000,802

Training started
X_train.shape: torch.Size([3034, 702])
Y_train.shape: torch.Size([3034, 7])
X_dev.shape: torch.Size([542, 350])
Y_dev.shape: torch.Size([542, 7])
Epochs: 500
Learning rate: 0.001
Weight decay: 0.0001
Epoch | Train                 | Development           | Minutes
      | Loss     | Error Rate | Loss     | Error Rate |
---------------------------------------------------------------
    1 |   2.0390 |     55.433 |   1.5163 |     46.894 |     0.0
    2 |   1.4131 |     45.611 |   1.3675 |     46.740 |     0.1
    3 |   1.3282 |     45.100 |   1.3260 |     45.018 |     0.1
    4 |   1.2886 |     44.183 |   1.2910 |     44.865 |     0.2
    5 |   1.2591 |     43.738 |   1.2611 |     44.096 |     0.2
    6 |   1.2312 |     43.122 |   1.2350 |     43.389 |     0.2
    7 |   1.2059 |     42.529 |   1.2151 |     42.712 |     0.3
    8 |   1.1817 |     41.733 |   1.1876 |     42.036 |     0.3
    9 |   1.1590 |     41.040 |   1.1682 |     41.205 |     0.3
   10 |   1.1365 |     40.425 |   1.1567 |     41.113 |     0.4
   11 |   1.1166 |     39.739 |   1.1342 |     40.375 |     0.4
   12 |   1.0932 |     38.991 |   1.1185 |     40.191 |     0.5
   13 |   1.0729 |     38.266 |   1.1198 |     40.068 |     0.5
   14 |   1.0477 |     37.382 |   1.0730 |     37.884 |     0.5
   15 |   1.0239 |     36.338 |   1.0726 |     37.515 |     0.6
   16 |   1.0060 |     35.525 |   1.0519 |     36.439 |     0.6
   17 |   0.9836 |     34.712 |   1.0379 |     36.101 |     0.6
   18 |   0.9636 |     33.811 |   1.0242 |     35.240 |     0.7
   19 |   0.9378 |     32.905 |   1.0324 |     35.547 |     0.7
   20 |   0.9187 |     31.922 |   0.9966 |     34.133 |     0.8
   21 |   0.8957 |     30.757 |   1.0014 |     35.178 |     0.8
   22 |   0.8679 |     29.856 |   1.0089 |     34.625 |     0.8
   23 |   0.8527 |     29.351 |   0.9809 |     33.825 |     0.9
   24 |   0.8313 |     28.790 |   0.9673 |     33.057 |     0.9
   25 |   0.8048 |     27.461 |   0.9774 |     33.579 |     0.9
   26 |   0.7730 |     26.610 |   0.9710 |     33.272 |     1.0
   27 |   0.7565 |     25.813 |   0.9651 |     31.919 |     1.0
   28 |   0.7262 |     24.819 |   0.9482 |     31.550 |     1.1
   29 |   0.7070 |     23.764 |   0.9395 |     31.458 |     1.1
   30 |   0.6787 |     22.929 |   0.9502 |     31.273 |     1.1
   31 |   0.6469 |     21.462 |   0.9501 |     31.119 |     1.2
   32 |   0.6182 |     20.512 |   0.9370 |     29.797 |     1.2
   33 |   0.5969 |     19.996 |   0.9395 |     29.859 |     1.3
   34 |   0.5760 |     19.133 |   0.9452 |     29.397 |     1.3
   35 |   0.5459 |     18.078 |   0.9677 |     30.197 |     1.3
   36 |   0.5281 |     17.617 |   0.9469 |     29.705 |     1.4
Early stopping

Model: Seq2Seq Bi-LSTM
Source index: <Seq2Seq Index with 45 items>
Target index: <Seq2Seq Index with 34 items>
Encoder embedding dimension: 64
Decoder embedding dimension: 128
Encoder hidden units: 128
Encoder layers: 4
Decoder hidden units: 128
Decoder layers: 3
Dropout: 0.1
Trainable parameters: 2,054,498

Training started
X_train.shape: torch.Size([3034, 702])
Y_train.shape: torch.Size([3034, 7])
X_dev.shape: torch.Size([542, 350])
Y_dev.shape: torch.Size([542, 7])
Epochs: 500
Learning rate: 0.001
Weight decay: 1e-05
Epoch | Train                 | Development           | Minutes
      | Loss     | Error Rate | Loss     | Error Rate |
---------------------------------------------------------------
    1 |   2.1725 |     59.207 |   1.6153 |     47.202 |     0.1
    2 |   1.4812 |     46.292 |   1.4310 |     47.202 |     0.2
    3 |   1.4009 |     46.221 |   1.3960 |     46.617 |     0.2
    4 |   1.3687 |     46.127 |   1.3563 |     47.386 |     0.3
    5 |   1.3367 |     45.737 |   1.3265 |     46.095 |     0.4
    6 |   1.3161 |     45.688 |   1.3153 |     46.095 |     0.5
    7 |   1.2996 |     45.320 |   1.2999 |     45.603 |     0.6
    8 |   1.2832 |     44.996 |   1.2837 |     45.418 |     0.6
    9 |   1.2680 |     44.375 |   1.2708 |     44.834 |     0.7
   10 |   1.2506 |     44.210 |   1.2670 |     45.264 |     0.8
   11 |   1.2329 |     43.342 |   1.2448 |     44.342 |     0.9
   12 |   1.2142 |     42.853 |   1.2181 |     43.358 |     1.0
   13 |   1.1917 |     42.238 |   1.2032 |     43.143 |     1.0
   14 |   1.1697 |     41.463 |   1.1811 |     41.451 |     1.1
   15 |   1.1481 |     41.117 |   1.1609 |     41.605 |     1.2
   16 |   1.1294 |     40.046 |   1.1532 |     40.867 |     1.3
   17 |   1.1098 |     39.420 |   1.1280 |     40.775 |     1.4
   18 |   1.0865 |     38.426 |   1.1241 |     39.514 |     1.4
   19 |   1.0643 |     37.552 |   1.0977 |     38.007 |     1.5
   20 |   1.0413 |     36.668 |   1.1058 |     38.715 |     1.6
   21 |   1.0177 |     35.838 |   1.0701 |     37.208 |     1.7
   22 |   0.9957 |     34.591 |   1.0496 |     36.316 |     1.8
   23 |   0.9669 |     33.718 |   1.0353 |     35.455 |     1.8
   24 |   0.9487 |     32.707 |   1.0337 |     35.855 |     1.9
   25 |   0.9213 |     31.850 |   1.0378 |     34.717 |     2.0
   26 |   0.8897 |     30.400 |   1.0208 |     34.287 |     2.1
   27 |   0.8666 |     29.823 |   1.0022 |     33.057 |     2.1
   28 |   0.8375 |     28.389 |   0.9914 |     32.934 |     2.2
   29 |   0.8064 |     26.890 |   1.0008 |     33.180 |     2.3
   30 |   0.7773 |     25.934 |   0.9859 |     32.134 |     2.4
   31 |   0.7460 |     24.659 |   0.9856 |     32.134 |     2.5
   32 |   0.7158 |     23.808 |   0.9712 |     31.611 |     2.5
   33 |   0.6939 |     22.737 |   0.9744 |     31.181 |     2.6
   34 |   0.6588 |     21.688 |   0.9710 |     30.843 |     2.7
   35 |   0.6342 |     21.006 |   0.9857 |     31.335 |     2.8
   36 |   0.6044 |     19.661 |   0.9743 |     29.613 |     2.9
   37 |   0.5826 |     18.902 |   0.9790 |     29.766 |     2.9
   38 |   0.5532 |     17.644 |   0.9831 |     29.244 |     3.0
Early stopping

Model: Seq2Seq Bi-LSTM
Source index: <Seq2Seq Index with 45 items>
Target index: <Seq2Seq Index with 34 items>
Encoder embedding dimension: 64
Decoder embedding dimension: 128
Encoder hidden units: 64
Encoder layers: 2
Decoder hidden units: 64
Decoder layers: 2
Dropout: 0.1
Trainable parameters: 291,042

Training started
X_train.shape: torch.Size([3034, 702])
Y_train.shape: torch.Size([3034, 7])
X_dev.shape: torch.Size([542, 350])
Y_dev.shape: torch.Size([542, 7])
Epochs: 500
Learning rate: 0.001
Weight decay: 1e-05
Epoch | Train                 | Development           | Minutes
      | Loss     | Error Rate | Loss     | Error Rate |
---------------------------------------------------------------
    1 |   2.3577 |     62.816 |   1.7727 |     49.139 |     0.0
    2 |   1.5830 |     47.369 |   1.4769 |     46.740 |     0.0
    3 |   1.4247 |     45.732 |   1.4027 |     46.371 |     0.1
    4 |   1.3641 |     45.347 |   1.3512 |     46.187 |     0.1
    5 |   1.3239 |     44.996 |   1.3208 |     45.695 |     0.1
    6 |   1.2970 |     44.628 |   1.2949 |     45.326 |     0.1
    7 |   1.2730 |     44.336 |   1.2809 |     45.264 |     0.1
    8 |   1.2520 |     43.793 |   1.2631 |     44.373 |     0.1
    9 |   1.2320 |     42.930 |   1.2402 |     43.173 |     0.2
   10 |   1.2120 |     42.282 |   1.2258 |     42.927 |     0.2
   11 |   1.1927 |     41.826 |   1.2096 |     42.251 |     0.2
   12 |   1.1729 |     40.996 |   1.1908 |     42.097 |     0.2
   13 |   1.1528 |     40.392 |   1.1731 |     41.113 |     0.2
   14 |   1.1342 |     39.607 |   1.1614 |     40.375 |     0.2
   15 |   1.1147 |     38.678 |   1.1440 |     40.283 |     0.3
   16 |   1.0947 |     38.365 |   1.1299 |     38.961 |     0.3
   17 |   1.0699 |     36.783 |   1.1103 |     38.561 |     0.3
   18 |   1.0439 |     35.679 |   1.0827 |     37.054 |     0.3
   19 |   1.0174 |     34.437 |   1.0839 |     36.562 |     0.3
   20 |   0.9940 |     33.800 |   1.0675 |     35.793 |     0.3
   21 |   0.9669 |     32.619 |   1.0605 |     36.316 |     0.4
   22 |   0.9476 |     31.707 |   1.0432 |     34.932 |     0.4
   23 |   0.9246 |     30.960 |   1.0394 |     34.809 |     0.4
   24 |   0.9007 |     30.191 |   1.0361 |     35.578 |     0.4
   25 |   0.8797 |     29.565 |   1.0220 |     33.825 |     0.4
   26 |   0.8554 |     28.664 |   1.0075 |     34.256 |     0.4
   27 |   0.8335 |     27.758 |   1.0155 |     33.549 |     0.5
   28 |   0.8105 |     26.873 |   1.0083 |     32.934 |     0.5
   29 |   0.7920 |     26.203 |   0.9911 |     33.087 |     0.5
   30 |   0.7720 |     25.505 |   0.9933 |     31.888 |     0.5
   31 |   0.7493 |     24.615 |   0.9777 |     31.980 |     0.5
   32 |   0.7356 |     24.231 |   0.9834 |     30.566 |     0.5
   33 |   0.7254 |     24.061 |   0.9812 |     30.781 |     0.6
   34 |   0.6912 |     22.874 |   0.9903 |     30.873 |     0.6
   35 |   0.6764 |     22.171 |   0.9781 |     30.289 |     0.6
Early stopping

Model: Seq2Seq Bi-LSTM
Source index: <Seq2Seq Index with 45 items>
Target index: <Seq2Seq Index with 34 items>
Encoder embedding dimension: 32
Decoder embedding dimension: 64
Encoder hidden units: 64
Encoder layers: 2
Decoder hidden units: 64
Decoder layers: 2
Dropout: 0.1
Trainable parameters: 254,658

Training started
X_train.shape: torch.Size([3034, 702])
Y_train.shape: torch.Size([3034, 7])
X_dev.shape: torch.Size([542, 350])
Y_dev.shape: torch.Size([542, 7])
Epochs: 500
Learning rate: 0.001
Weight decay: 0.0001
Epoch | Train                 | Development           | Minutes
      | Loss     | Error Rate | Loss     | Error Rate |
---------------------------------------------------------------
    1 |   2.4087 |     61.475 |   1.8359 |     49.108 |     0.0
    2 |   1.6269 |     47.281 |   1.5028 |     46.925 |     0.0
    3 |   1.4415 |     45.853 |   1.4180 |     46.863 |     0.0
    4 |   1.3828 |     45.611 |   1.3744 |     46.279 |     0.1
    5 |   1.3462 |     45.358 |   1.3439 |     46.433 |     0.1
    6 |   1.3194 |     45.034 |   1.3296 |     46.095 |     0.1
    7 |   1.3020 |     45.007 |   1.3047 |     45.418 |     0.1
    8 |   1.2848 |     44.260 |   1.2865 |     44.526 |     0.1
    9 |   1.2656 |     43.765 |   1.2675 |     44.311 |     0.1
   10 |   1.2488 |     43.419 |   1.2544 |     43.481 |     0.2
   11 |   1.2370 |     43.199 |   1.2448 |     43.604 |     0.2
   12 |   1.2226 |     42.925 |   1.2267 |     42.681 |     0.2
   13 |   1.2090 |     42.485 |   1.2168 |     42.558 |     0.2
   14 |   1.1955 |     42.200 |   1.2108 |     43.266 |     0.2
   15 |   1.1840 |     41.881 |   1.1969 |     42.312 |     0.2
   16 |   1.1706 |     41.310 |   1.1840 |     41.390 |     0.3
   17 |   1.1583 |     41.189 |   1.1782 |     41.882 |     0.3
   18 |   1.1501 |     40.804 |   1.1786 |     42.005 |     0.3
   19 |   1.1439 |     40.947 |   1.1579 |     41.513 |     0.3
   20 |   1.1305 |     40.145 |   1.1529 |     40.775 |     0.3
   21 |   1.1182 |     39.596 |   1.1364 |     40.990 |     0.3
   22 |   1.1104 |     39.222 |   1.1315 |     39.576 |     0.4
   23 |   1.1007 |     38.552 |   1.1235 |     39.360 |     0.4
   24 |   1.0900 |     37.876 |   1.1180 |     39.883 |     0.4
   25 |   1.0806 |     37.679 |   1.1060 |     38.715 |     0.4
   26 |   1.0728 |     37.657 |   1.0935 |     38.745 |     0.4
   27 |   1.0634 |     37.030 |   1.0996 |     38.622 |     0.4
   28 |   1.0542 |     37.047 |   1.0823 |     37.854 |     0.5
   29 |   1.0425 |     36.635 |   1.0764 |     38.192 |     0.5
   30 |   1.0250 |     35.613 |   1.0653 |     37.515 |     0.5
   31 |   1.0151 |     35.272 |   1.0563 |     36.808 |     0.5
   32 |   1.0066 |     34.992 |   1.0525 |     36.593 |     0.5
   33 |   0.9850 |     34.333 |   1.0450 |     36.531 |     0.5
   34 |   0.9737 |     33.542 |   1.0343 |     36.070 |     0.6
   35 |   0.9691 |     33.454 |   1.0353 |     36.531 |     0.6
   36 |   0.9624 |     33.141 |   1.0189 |     35.332 |     0.6
   37 |   0.9450 |     32.394 |   1.0138 |     35.209 |     0.6
   38 |   0.9320 |     32.158 |   1.0135 |     34.902 |     0.6
   39 |   0.9262 |     31.998 |   1.0222 |     35.086 |     0.6
   40 |   0.9136 |     30.944 |   0.9945 |     34.256 |     0.7
   41 |   0.8950 |     30.416 |   0.9843 |     33.825 |     0.7
   42 |   0.8822 |     30.048 |   0.9936 |     33.333 |     0.7
   43 |   0.8772 |     29.818 |   0.9860 |     32.411 |     0.7
   44 |   0.8626 |     29.488 |   0.9785 |     32.565 |     0.7
   45 |   0.8454 |     28.450 |   0.9783 |     32.380 |     0.7
   46 |   0.8434 |     28.395 |   0.9861 |     33.918 |     0.8
   47 |   0.8307 |     28.071 |   0.9819 |     32.196 |     0.8
   48 |   0.8174 |     27.428 |   0.9808 |     32.442 |     0.8
   49 |   0.8081 |     27.362 |   0.9709 |     32.134 |     0.8
   50 |   0.7881 |     26.379 |   0.9736 |     32.718 |     0.8
   51 |   0.7837 |     26.247 |   0.9637 |     32.288 |     0.8
   52 |   0.7664 |     25.720 |   0.9516 |     31.335 |     0.9
   53 |   0.7585 |     25.363 |   0.9621 |     32.442 |     0.9
   54 |   0.7683 |     25.884 |   0.9521 |     31.150 |     0.9
   55 |   0.7379 |     24.665 |   0.9492 |     31.150 |     0.9
   56 |   0.7257 |     24.291 |   0.9503 |     31.765 |     0.9
   57 |   0.7115 |     23.742 |   0.9894 |     32.011 |     0.9
   58 |   0.7189 |     24.083 |   0.9521 |     31.058 |     1.0
   59 |   0.7537 |     25.555 |   0.9650 |     32.103 |     1.0
Early stopping

Model: Seq2Seq Bi-LSTM
Source index: <Seq2Seq Index with 45 items>
Target index: <Seq2Seq Index with 34 items>
Encoder embedding dimension: 64
Decoder embedding dimension: 128
Encoder hidden units: 64
Encoder layers: 2
Decoder hidden units: 64
Decoder layers: 2
Dropout: 0.0
Trainable parameters: 291,042

Training started
X_train.shape: torch.Size([3034, 702])
Y_train.shape: torch.Size([3034, 7])
X_dev.shape: torch.Size([542, 350])
Y_dev.shape: torch.Size([542, 7])
Epochs: 500
Learning rate: 0.001
Weight decay: 0.0001
Epoch | Train                 | Development           | Minutes
      | Loss     | Error Rate | Loss     | Error Rate |
---------------------------------------------------------------
    1 |   2.3289 |     57.092 |   1.7251 |     48.924 |     0.0
    2 |   1.5432 |     46.314 |   1.4498 |     46.587 |     0.0
    3 |   1.3951 |     45.424 |   1.3710 |     46.002 |     0.0
    4 |   1.3397 |     44.864 |   1.3369 |     46.064 |     0.1
    5 |   1.3099 |     44.347 |   1.3171 |     45.510 |     0.1
    6 |   1.2855 |     44.194 |   1.2927 |     44.865 |     0.1
    7 |   1.2623 |     43.826 |   1.2680 |     45.172 |     0.1
    8 |   1.2357 |     43.304 |   1.2470 |     43.911 |     0.1
    9 |   1.2125 |     42.644 |   1.2220 |     43.266 |     0.1
   10 |   1.1913 |     41.771 |   1.2037 |     42.128 |     0.2
   11 |   1.1719 |     41.139 |   1.1893 |     42.189 |     0.2
   12 |   1.1543 |     40.793 |   1.1774 |     41.513 |     0.2
   13 |   1.1357 |     40.216 |   1.1553 |     41.144 |     0.2
   14 |   1.1210 |     39.766 |   1.1482 |     41.328 |     0.2
   15 |   1.1042 |     38.969 |   1.1331 |     40.437 |     0.2
   16 |   1.0910 |     38.667 |   1.1198 |     39.791 |     0.3
   17 |   1.0748 |     37.690 |   1.1035 |     39.422 |     0.3
   18 |   1.0599 |     37.365 |   1.0992 |     38.930 |     0.3
   19 |   1.0430 |     36.514 |   1.0879 |     38.284 |     0.3
   20 |   1.0321 |     36.195 |   1.0732 |     37.208 |     0.3
   21 |   1.0100 |     35.135 |   1.0800 |     38.192 |     0.3
   22 |   0.9965 |     34.531 |   1.0631 |     37.454 |     0.3
   23 |   0.9794 |     33.630 |   1.0536 |     36.747 |     0.4
   24 |   0.9638 |     33.394 |   1.0435 |     36.070 |     0.4
   25 |   0.9442 |     32.498 |   1.0422 |     36.316 |     0.4
   26 |   0.9489 |     32.564 |   1.0390 |     36.132 |     0.4
   27 |   0.9184 |     31.218 |   1.0154 |     34.563 |     0.4
   28 |   0.8983 |     30.548 |   1.0031 |     33.856 |     0.4
   29 |   0.8745 |     29.779 |   0.9946 |     33.549 |     0.5
   30 |   0.8628 |     29.296 |   0.9956 |     34.041 |     0.5
   31 |   0.8620 |     28.988 |   0.9931 |     33.180 |     0.5
   32 |   0.8337 |     27.939 |   0.9855 |     32.565 |     0.5
   33 |   0.8113 |     27.461 |   0.9666 |     32.196 |     0.5
   34 |   0.8004 |     26.686 |   0.9797 |     32.472 |     0.5
   35 |   0.7757 |     25.939 |   0.9767 |     32.349 |     0.6
   36 |   0.7534 |     25.016 |   0.9682 |     31.950 |     0.6
   37 |   0.7372 |     24.396 |   0.9770 |     31.673 |     0.6
   38 |   0.7213 |     23.945 |   0.9571 |     31.027 |     0.6
   39 |   0.6984 |     23.292 |   0.9522 |     31.365 |     0.6
   40 |   0.6827 |     22.643 |   0.9541 |     31.089 |     0.6
   41 |   0.6712 |     22.275 |   0.9649 |     30.966 |     0.7
   42 |   0.6496 |     21.512 |   0.9537 |     30.689 |     0.7
   43 |   0.6348 |     20.770 |   0.9435 |     30.074 |     0.7
   44 |   0.6222 |     20.463 |   0.9587 |     30.781 |     0.7
   45 |   0.6022 |     19.721 |   0.9510 |     30.474 |     0.7
   46 |   0.5855 |     19.161 |   0.9461 |     31.058 |     0.7
   47 |   0.5866 |     19.551 |   0.9593 |     31.181 |     0.8
Early stopping

Model: Seq2Seq Bi-LSTM
Source index: <Seq2Seq Index with 45 items>
Target index: <Seq2Seq Index with 34 items>
Encoder embedding dimension: 128
Decoder embedding dimension: 64
Encoder hidden units: 64
Encoder layers: 4
Decoder hidden units: 64
Decoder layers: 3
Dropout: 0.2
Trainable parameters: 572,834

Training started
X_train.shape: torch.Size([3034, 702])
Y_train.shape: torch.Size([3034, 7])
X_dev.shape: torch.Size([542, 350])
Y_dev.shape: torch.Size([542, 7])
Epochs: 500
Learning rate: 0.001
Weight decay: 1e-05
Epoch | Train                 | Development           | Minutes
      | Loss     | Error Rate | Loss     | Error Rate |
---------------------------------------------------------------
    1 |   2.5389 |     67.469 |   2.0248 |     54.428 |     0.0
    2 |   1.8136 |     51.198 |   1.6211 |     49.385 |     0.1
    3 |   1.5279 |     46.303 |   1.4799 |     47.202 |     0.1
    4 |   1.4445 |     46.138 |   1.4307 |     47.202 |     0.1
    5 |   1.4098 |     46.188 |   1.4035 |     47.202 |     0.2
    6 |   1.3848 |     46.193 |   1.3807 |     47.202 |     0.2
    7 |   1.3646 |     46.116 |   1.3616 |     47.140 |     0.3
    8 |   1.3465 |     45.787 |   1.3386 |     46.310 |     0.3
    9 |   1.3270 |     45.495 |   1.3259 |     46.218 |     0.3
   10 |   1.3092 |     45.237 |   1.3100 |     46.002 |     0.4
   11 |   1.2966 |     45.105 |   1.2945 |     45.111 |     0.4
   12 |   1.2810 |     44.672 |   1.2850 |     44.772 |     0.4
   13 |   1.2646 |     44.084 |   1.2629 |     44.188 |     0.5
   14 |   1.2510 |     43.672 |   1.2568 |     44.096 |     0.5
   15 |   1.2365 |     43.408 |   1.2414 |     43.327 |     0.6
   16 |   1.2234 |     43.183 |   1.2322 |     43.050 |     0.6
   17 |   1.2096 |     42.859 |   1.2210 |     42.743 |     0.6
   18 |   1.1962 |     42.562 |   1.2059 |     42.435 |     0.7
   19 |   1.1824 |     41.903 |   1.1911 |     42.005 |     0.7
   20 |   1.1656 |     41.293 |   1.1884 |     42.312 |     0.7
   21 |   1.1546 |     41.304 |   1.1801 |     41.943 |     0.8
   22 |   1.1406 |     40.326 |   1.1652 |     42.005 |     0.8
   23 |   1.1265 |     39.870 |   1.1583 |     40.959 |     0.8
   24 |   1.1127 |     39.338 |   1.1450 |     40.867 |     0.9
   25 |   1.0996 |     38.871 |   1.1448 |     40.990 |     0.9
   26 |   1.0892 |     38.838 |   1.1291 |     39.514 |     1.0
   27 |   1.0772 |     38.239 |   1.1242 |     39.391 |     1.0
   28 |   1.0613 |     37.503 |   1.1143 |     40.252 |     1.0
   29 |   1.0529 |     37.321 |   1.1134 |     39.668 |     1.1
   30 |   1.0404 |     36.723 |   1.1077 |     39.114 |     1.1
   31 |   1.0283 |     35.855 |   1.1082 |     38.838 |     1.1
   32 |   1.0124 |     35.536 |   1.1022 |     38.407 |     1.2
   33 |   1.0063 |     35.003 |   1.0842 |     37.946 |     1.2
   34 |   0.9880 |     34.300 |   1.0943 |     38.376 |     1.2
   35 |   0.9765 |     33.916 |   1.0888 |     37.884 |     1.3
   36 |   0.9593 |     33.366 |   1.0804 |     37.608 |     1.3
   37 |   0.9500 |     32.811 |   1.0801 |     37.700 |     1.3
   38 |   0.9329 |     32.086 |   1.0636 |     37.208 |     1.4
   39 |   0.9151 |     31.213 |   1.0675 |     37.085 |     1.4
   40 |   0.9017 |     30.773 |   1.0763 |     36.224 |     1.5
   41 |   0.8840 |     30.087 |   1.0674 |     36.224 |     1.5
   42 |   0.8706 |     29.417 |   1.0564 |     36.162 |     1.5
   43 |   0.8621 |     29.208 |   1.0725 |     35.517 |     1.6
   44 |   0.8426 |     28.587 |   1.0598 |     35.855 |     1.6
   45 |   0.8258 |     27.911 |   1.0589 |     35.240 |     1.6
   46 |   0.8142 |     27.252 |   1.0619 |     34.625 |     1.7
   47 |   0.8023 |     27.087 |   1.0524 |     34.563 |     1.7
   48 |   0.7874 |     26.697 |   1.0541 |     34.071 |     1.7
   49 |   0.7760 |     26.104 |   1.0593 |     33.948 |     1.8
   50 |   0.7564 |     25.319 |   1.0626 |     33.948 |     1.8
   51 |   0.7475 |     24.918 |   1.0488 |     33.549 |     1.8
   52 |   0.7347 |     24.725 |   1.0689 |     33.426 |     1.9
   53 |   0.7224 |     24.083 |   1.0574 |     32.626 |     1.9
   54 |   0.7088 |     23.341 |   1.0738 |     32.934 |     1.9
   55 |   0.6966 |     22.973 |   1.0569 |     32.565 |     2.0
Early stopping

Model: Seq2Seq Bi-LSTM
Source index: <Seq2Seq Index with 45 items>
Target index: <Seq2Seq Index with 34 items>
Encoder embedding dimension: 128
Decoder embedding dimension: 128
Encoder hidden units: 128
Encoder layers: 4
Decoder hidden units: 64
Decoder layers: 2
Dropout: 0.1
Trainable parameters: 1,676,322

Training started
X_train.shape: torch.Size([3034, 702])
Y_train.shape: torch.Size([3034, 7])
X_dev.shape: torch.Size([542, 350])
Y_dev.shape: torch.Size([542, 7])
Epochs: 500
Learning rate: 0.001
Weight decay: 0.0001
Epoch | Train                 | Development           | Minutes
      | Loss     | Error Rate | Loss     | Error Rate |
---------------------------------------------------------------
    1 |   2.3615 |     62.404 |   1.8399 |     49.262 |     0.1
    2 |   1.6231 |     47.572 |   1.4987 |     46.925 |     0.2
    3 |   1.4361 |     45.836 |   1.4063 |     46.740 |     0.2
    4 |   1.3688 |     45.638 |   1.3547 |     46.279 |     0.3
    5 |   1.3269 |     45.138 |   1.3212 |     45.264 |     0.4
    6 |   1.2962 |     44.836 |   1.2968 |     45.633 |     0.5
    7 |   1.2727 |     44.347 |   1.2677 |     44.465 |     0.6
    8 |   1.2479 |     43.727 |   1.2554 |     44.004 |     0.6
    9 |   1.2267 |     42.958 |   1.2276 |     43.327 |     0.7
   10 |   1.2043 |     42.134 |   1.2103 |     42.189 |     0.8
   11 |   1.1844 |     41.722 |   1.1934 |     41.728 |     0.9
   12 |   1.1689 |     41.397 |   1.1754 |     40.806 |     1.0
   13 |   1.1548 |     40.854 |   1.1704 |     41.513 |     1.0
   14 |   1.1404 |     40.431 |   1.1587 |     41.205 |     1.1
   15 |   1.1267 |     39.733 |   1.1479 |     40.867 |     1.2
   16 |   1.1143 |     39.156 |   1.1324 |     40.652 |     1.3
   17 |   1.0964 |     38.871 |   1.1191 |     40.068 |     1.3
   18 |   1.0817 |     38.102 |   1.1097 |     39.637 |     1.4
   19 |   1.0666 |     37.256 |   1.1006 |     39.053 |     1.5
   20 |   1.0514 |     36.629 |   1.0968 |     38.499 |     1.6
   21 |   1.0347 |     36.206 |   1.0880 |     38.192 |     1.7
   22 |   1.0196 |     35.338 |   1.0811 |     37.423 |     1.7
   23 |   1.0042 |     34.674 |   1.0719 |     37.915 |     1.8
   24 |   0.9894 |     34.399 |   1.0558 |     36.593 |     1.9
   25 |   0.9703 |     33.548 |   1.0478 |     36.255 |     2.0
   26 |   0.9553 |     32.921 |   1.0381 |     35.947 |     2.1
   27 |   0.9359 |     32.317 |   1.0242 |     35.178 |     2.1
   28 |   0.9210 |     31.608 |   1.0269 |     35.394 |     2.2
   29 |   0.8995 |     30.730 |   1.0050 |     34.440 |     2.3
   30 |   0.8815 |     29.993 |   1.0171 |     34.410 |     2.4
   31 |   0.8637 |     29.164 |   1.0011 |     33.672 |     2.5
   32 |   0.8468 |     28.461 |   0.9988 |     33.487 |     2.5
   33 |   0.8220 |     27.593 |   0.9909 |     33.549 |     2.6
   34 |   0.8036 |     26.664 |   0.9765 |     32.257 |     2.7
   35 |   0.7803 |     25.895 |   0.9843 |     32.657 |     2.8
   36 |   0.7601 |     25.385 |   0.9819 |     31.765 |     2.9
   37 |   0.7429 |     24.692 |   0.9841 |     32.319 |     2.9
   38 |   0.7211 |     23.665 |   0.9675 |     31.150 |     3.0
   39 |   0.7004 |     23.061 |   0.9696 |     31.089 |     3.1
   40 |   0.6787 |     22.116 |   0.9692 |     31.058 |     3.2
   41 |   0.6612 |     21.715 |   0.9640 |     31.150 |     3.3
   42 |   0.6408 |     20.792 |   0.9641 |     29.951 |     3.3
   43 |   0.6244 |     20.501 |   0.9635 |     29.490 |     3.4
   44 |   0.6015 |     19.781 |   0.9654 |     29.920 |     3.5
   45 |   0.5959 |     19.270 |   0.9806 |     30.351 |     3.6
   46 |   0.5692 |     18.282 |   0.9680 |     29.182 |     3.6
   47 |   0.5523 |     17.930 |   0.9717 |     29.367 |     3.7
Early stopping

Model: Seq2Seq Bi-LSTM
Source index: <Seq2Seq Index with 45 items>
Target index: <Seq2Seq Index with 34 items>
Encoder embedding dimension: 128
Decoder embedding dimension: 128
Encoder hidden units: 64
Encoder layers: 3
Decoder hidden units: 64
Decoder layers: 2
Dropout: 0.2
Trainable parameters: 442,402

Training started
X_train.shape: torch.Size([3034, 702])
Y_train.shape: torch.Size([3034, 7])
X_dev.shape: torch.Size([542, 350])
Y_dev.shape: torch.Size([542, 7])
Epochs: 500
Learning rate: 0.001
Weight decay: 0.0001
Epoch | Train                 | Development           | Minutes
      | Loss     | Error Rate | Loss     | Error Rate |
---------------------------------------------------------------
    1 |   2.3776 |     63.656 |   1.8314 |     49.047 |     0.0
    2 |   1.6163 |     47.792 |   1.4850 |     46.710 |     0.1
    3 |   1.4256 |     45.743 |   1.3955 |     46.587 |     0.1
    4 |   1.3638 |     45.523 |   1.3531 |     46.279 |     0.1
    5 |   1.3268 |     44.902 |   1.3249 |     45.449 |     0.1
    6 |   1.3022 |     44.457 |   1.2990 |     45.080 |     0.2
    7 |   1.2825 |     44.298 |   1.2822 |     44.957 |     0.2
    8 |   1.2617 |     44.029 |   1.2625 |     44.680 |     0.2
    9 |   1.2419 |     43.886 |   1.2394 |     43.973 |     0.2
   10 |   1.2225 |     43.221 |   1.2275 |     43.450 |     0.3
   11 |   1.2030 |     42.897 |   1.2115 |     43.696 |     0.3
   12 |   1.1860 |     42.106 |   1.1942 |     42.466 |     0.3
   13 |   1.1710 |     41.601 |   1.1760 |     41.421 |     0.4
   14 |   1.1574 |     40.975 |   1.1577 |     40.560 |     0.4
   15 |   1.1417 |     40.579 |   1.1498 |     40.867 |     0.4
   16 |   1.1290 |     39.969 |   1.1331 |     40.344 |     0.4
   17 |   1.1129 |     39.623 |   1.1224 |     40.037 |     0.5
   18 |   1.1042 |     39.024 |   1.1127 |     40.006 |     0.5
   19 |   1.0887 |     38.821 |   1.1049 |     39.022 |     0.5
   20 |   1.0778 |     38.074 |   1.0957 |     38.868 |     0.5
   21 |   1.0684 |     37.563 |   1.0861 |     38.069 |     0.6
   22 |   1.0564 |     37.289 |   1.0781 |     37.423 |     0.6
   23 |   1.0425 |     36.333 |   1.0675 |     36.993 |     0.6
   24 |   1.0302 |     35.844 |   1.0617 |     36.747 |     0.7
   25 |   1.0202 |     35.602 |   1.0544 |     36.470 |     0.7
   26 |   1.0037 |     34.910 |   1.0724 |     36.900 |     0.7
   27 |   0.9997 |     34.613 |   1.0509 |     36.132 |     0.7
   28 |   0.9819 |     33.537 |   1.0340 |     35.086 |     0.8
   29 |   0.9625 |     32.905 |   1.0276 |     34.871 |     0.8
   30 |   0.9498 |     32.482 |   1.0215 |     34.656 |     0.8
   31 |   0.9356 |     32.009 |   1.0165 |     34.656 |     0.8
   32 |   0.9216 |     31.510 |   1.0082 |     33.887 |     0.9
   33 |   0.9083 |     31.076 |   0.9907 |     33.549 |     0.9
   34 |   0.8912 |     30.554 |   0.9811 |     32.811 |     0.9
   35 |   0.8729 |     29.499 |   0.9817 |     33.057 |     1.0
   36 |   0.8684 |     29.367 |   0.9806 |     32.903 |     1.0
   37 |   0.8492 |     28.862 |   0.9626 |     32.349 |     1.0
   38 |   0.8327 |     27.824 |   0.9642 |     32.503 |     1.0
   39 |   0.8284 |     28.181 |   0.9610 |     31.611 |     1.1
   40 |   0.8068 |     27.005 |   0.9553 |     31.765 |     1.1
   41 |   0.7940 |     26.741 |   0.9614 |     31.734 |     1.1
   42 |   0.7808 |     26.274 |   0.9509 |     30.627 |     1.1
   43 |   0.7668 |     25.489 |   0.9378 |     30.812 |     1.2
   44 |   0.7523 |     25.038 |   0.9226 |     30.750 |     1.2
   45 |   0.7371 |     24.555 |   0.9269 |     30.320 |     1.2
   46 |   0.7196 |     24.022 |   0.9469 |     30.289 |     1.2
   47 |   0.7056 |     23.412 |   0.9343 |     30.658 |     1.3
   48 |   0.7007 |     23.132 |   0.9347 |     31.027 |     1.3
   49 |   0.6782 |     22.264 |   0.9213 |     29.059 |     1.3
   50 |   0.6653 |     21.753 |   0.9559 |     30.781 |     1.4
   51 |   0.6560 |     21.759 |   0.9340 |     29.674 |     1.4
   52 |   0.6366 |     21.028 |   0.9262 |     29.551 |     1.4
   53 |   0.6233 |     20.479 |   0.9301 |     29.274 |     1.4
Early stopping

Model: Seq2Seq Bi-LSTM
Source index: <Seq2Seq Index with 45 items>
Target index: <Seq2Seq Index with 34 items>
Encoder embedding dimension: 32
Decoder embedding dimension: 128
Encoder hidden units: 128
Encoder layers: 4
Decoder hidden units: 64
Decoder layers: 2
Dropout: 0.1
Trainable parameters: 1,573,698

Training started
X_train.shape: torch.Size([3034, 702])
Y_train.shape: torch.Size([3034, 7])
X_dev.shape: torch.Size([542, 350])
Y_dev.shape: torch.Size([542, 7])
Epochs: 500
Learning rate: 0.001
Weight decay: 1e-05
Epoch | Train                 | Development           | Minutes
      | Loss     | Error Rate | Loss     | Error Rate |
---------------------------------------------------------------
    1 |   2.3778 |     62.668 |   1.8318 |     51.784 |     0.1
    2 |   1.6171 |     47.204 |   1.4949 |     46.771 |     0.2
    3 |   1.4404 |     45.847 |   1.4173 |     46.679 |     0.2
    4 |   1.3879 |     45.809 |   1.3814 |     46.464 |     0.3
    5 |   1.3478 |     45.441 |   1.3393 |     46.279 |     0.4
    6 |   1.3171 |     44.891 |   1.3160 |     45.111 |     0.5
    7 |   1.2921 |     44.523 |   1.2923 |     45.787 |     0.6
    8 |   1.2721 |     44.100 |   1.2751 |     45.203 |     0.6
    9 |   1.2522 |     43.523 |   1.2573 |     44.434 |     0.7
   10 |   1.2328 |     42.897 |   1.2403 |     44.157 |     0.8
   11 |   1.2176 |     42.579 |   1.2319 |     43.296 |     0.9
   12 |   1.1971 |     41.985 |   1.2195 |     42.989 |     1.0
   13 |   1.1763 |     41.255 |   1.1871 |     41.820 |     1.0
   14 |   1.1512 |     40.310 |   1.1701 |     41.052 |     1.1
   15 |   1.1398 |     39.678 |   1.1514 |     41.205 |     1.2
   16 |   1.1136 |     38.579 |   1.1372 |     40.560 |     1.3
   17 |   1.0864 |     37.431 |   1.1165 |     39.606 |     1.4
   18 |   1.0696 |     36.904 |   1.1117 |     39.053 |     1.4
   19 |   1.0448 |     36.190 |   1.0920 |     37.854 |     1.5
   20 |   1.0173 |     34.871 |   1.0723 |     37.116 |     1.6
   21 |   0.9910 |     33.844 |   1.0508 |     35.947 |     1.7
   22 |   0.9603 |     32.174 |   1.0451 |     35.148 |     1.8
   23 |   0.9315 |     31.312 |   1.0245 |     34.840 |     1.9
   24 |   0.9019 |     30.048 |   1.0306 |     35.271 |     1.9
   25 |   0.8762 |     29.098 |   1.0143 |     33.702 |     2.0
   26 |   0.8413 |     27.769 |   1.0057 |     33.518 |     2.1
   27 |   0.8121 |     26.978 |   0.9948 |     32.565 |     2.2
   28 |   0.7820 |     25.599 |   1.0000 |     32.349 |     2.3
   29 |   0.7599 |     25.066 |   0.9859 |     32.349 |     2.3
   30 |   0.7275 |     23.797 |   0.9770 |     31.058 |     2.4
   31 |   0.6996 |     22.929 |   0.9809 |     31.458 |     2.5
   32 |   0.6690 |     21.918 |   0.9822 |     30.474 |     2.6
   33 |   0.6389 |     20.847 |   0.9732 |     30.197 |     2.7
   34 |   0.6142 |     19.968 |   0.9985 |     30.996 |     2.7
   35 |   0.6036 |     19.600 |   0.9915 |     30.135 |     2.8
   36 |   0.5633 |     18.177 |   0.9887 |     30.228 |     2.9
   37 |   0.5412 |     17.232 |   0.9944 |     29.059 |     3.0
Early stopping

Model: Seq2Seq Bi-LSTM
Source index: <Seq2Seq Index with 45 items>
Target index: <Seq2Seq Index with 34 items>
Encoder embedding dimension: 128
Decoder embedding dimension: 128
Encoder hidden units: 128
Encoder layers: 3
Decoder hidden units: 64
Decoder layers: 3
Dropout: 0.0
Trainable parameters: 1,281,570

Training started
X_train.shape: torch.Size([3034, 702])
Y_train.shape: torch.Size([3034, 7])
X_dev.shape: torch.Size([542, 350])
Y_dev.shape: torch.Size([542, 7])
Epochs: 500
Learning rate: 0.001
Weight decay: 1e-05
Epoch | Train                 | Development           | Minutes
      | Loss     | Error Rate | Loss     | Error Rate |
---------------------------------------------------------------
    1 |   2.5137 |     67.370 |   2.0021 |     54.367 |     0.1
    2 |   1.7587 |     49.528 |   1.5897 |     47.202 |     0.1
    3 |   1.5024 |     46.160 |   1.4726 |     47.017 |     0.2
    4 |   1.4367 |     45.995 |   1.4326 |     47.017 |     0.2
    5 |   1.3995 |     46.199 |   1.3968 |     46.710 |     0.3
    6 |   1.3724 |     45.765 |   1.3710 |     46.556 |     0.3
    7 |   1.3441 |     45.534 |   1.3530 |     45.972 |     0.4
    8 |   1.3215 |     45.237 |   1.3240 |     45.080 |     0.5
    9 |   1.3016 |     44.479 |   1.3023 |     44.988 |     0.5
   10 |   1.2796 |     43.446 |   1.2828 |     44.004 |     0.6
   11 |   1.2542 |     42.831 |   1.2667 |     43.635 |     0.6
   12 |   1.2272 |     42.073 |   1.2325 |     42.712 |     0.7
   13 |   1.2010 |     41.606 |   1.2146 |     41.943 |     0.7
   14 |   1.1789 |     41.024 |   1.1981 |     41.513 |     0.8
   15 |   1.1576 |     40.233 |   1.1818 |     41.913 |     0.9
   16 |   1.1340 |     39.662 |   1.1706 |     41.082 |     0.9
   17 |   1.1119 |     38.766 |   1.1651 |     41.267 |     1.0
   18 |   1.0887 |     37.690 |   1.1453 |     40.252 |     1.0
   19 |   1.0624 |     36.508 |   1.1399 |     39.422 |     1.1
   20 |   1.0368 |     35.695 |   1.1210 |     39.330 |     1.1
   21 |   1.0104 |     34.509 |   1.1244 |     39.053 |     1.2
   22 |   0.9871 |     33.674 |   1.1223 |     38.684 |     1.3
   23 |   0.9635 |     33.026 |   1.1104 |     38.438 |     1.3
   24 |   0.9366 |     31.746 |   1.1116 |     38.161 |     1.4
   25 |   0.9116 |     30.839 |   1.1028 |     37.485 |     1.4
   26 |   0.8796 |     29.746 |   1.0936 |     36.531 |     1.5
   27 |   0.8477 |     28.543 |   1.0997 |     36.931 |     1.5
   28 |   0.8175 |     27.362 |   1.1050 |     36.347 |     1.6
   29 |   0.7934 |     26.241 |   1.0749 |     34.779 |     1.7
   30 |   0.7632 |     24.890 |   1.0941 |     34.379 |     1.7
   31 |   0.7290 |     23.352 |   1.0822 |     33.641 |     1.8
   32 |   0.7031 |     22.402 |   1.0904 |     34.010 |     1.8
   33 |   0.6723 |     21.435 |   1.0898 |     33.057 |     1.9
Early stopping

Model: Seq2Seq Bi-LSTM
Source index: <Seq2Seq Index with 45 items>
Target index: <Seq2Seq Index with 34 items>
Encoder embedding dimension: 128
Decoder embedding dimension: 64
Encoder hidden units: 128
Encoder layers: 3
Decoder hidden units: 64
Decoder layers: 3
Dropout: 0.1
Trainable parameters: 1,263,010

Training started
X_train.shape: torch.Size([3034, 702])
Y_train.shape: torch.Size([3034, 7])
X_dev.shape: torch.Size([542, 350])
Y_dev.shape: torch.Size([542, 7])
Epochs: 500
Learning rate: 0.001
Weight decay: 0.0001
Epoch | Train                 | Development           | Minutes
      | Loss     | Error Rate | Loss     | Error Rate |
---------------------------------------------------------------
    1 |   2.5243 |     66.639 |   2.0146 |     58.887 |     0.1
    2 |   1.7767 |     50.297 |   1.5987 |     47.202 |     0.1
    3 |   1.5142 |     46.155 |   1.4742 |     47.202 |     0.2
    4 |   1.4416 |     46.215 |   1.4328 |     47.017 |     0.2
    5 |   1.4107 |     46.160 |   1.4098 |     47.202 |     0.3
    6 |   1.3884 |     46.193 |   1.3949 |     47.017 |     0.4
    7 |   1.3577 |     45.847 |   1.3564 |     46.125 |     0.4
    8 |   1.3373 |     45.743 |   1.3381 |     46.494 |     0.5
    9 |   1.3207 |     45.831 |   1.3249 |     46.310 |     0.5
   10 |   1.3058 |     45.380 |   1.3077 |     46.464 |     0.6
   11 |   1.2879 |     44.540 |   1.2952 |     45.480 |     0.7
   12 |   1.2748 |     44.292 |   1.2795 |     45.111 |     0.7
   13 |   1.2617 |     44.128 |   1.2789 |     44.834 |     0.8
   14 |   1.2519 |     44.166 |   1.2643 |     44.680 |     0.8
   15 |   1.2432 |     44.100 |   1.2577 |     44.373 |     0.9
   16 |   1.2321 |     43.529 |   1.2471 |     44.342 |     1.0
   17 |   1.2221 |     43.364 |   1.2373 |     43.758 |     1.0
   18 |   1.2123 |     43.304 |   1.2286 |     44.250 |     1.1
   19 |   1.2042 |     42.820 |   1.2162 |     43.235 |     1.1
   20 |   1.1949 |     42.743 |   1.2167 |     43.758 |     1.2
   21 |   1.1875 |     42.370 |   1.2053 |     43.173 |     1.3
   22 |   1.1786 |     42.057 |   1.1898 |     42.005 |     1.3
   23 |   1.1716 |     41.716 |   1.1853 |     41.605 |     1.4
   24 |   1.1655 |     41.376 |   1.1788 |     41.759 |     1.4
   25 |   1.1568 |     41.161 |   1.1714 |     41.513 |     1.5
   26 |   1.1523 |     40.898 |   1.1658 |     41.421 |     1.5
   27 |   1.1433 |     40.755 |   1.1599 |     41.082 |     1.6
   28 |   1.1400 |     40.711 |   1.1512 |     40.959 |     1.7
   29 |   1.1347 |     40.233 |   1.1534 |     40.867 |     1.7
   30 |   1.1290 |     40.315 |   1.1416 |     40.683 |     1.8
   31 |   1.1219 |     39.980 |   1.1467 |     40.652 |     1.8
   32 |   1.1197 |     40.096 |   1.1323 |     40.437 |     1.9
   33 |   1.1148 |     39.969 |   1.1406 |     40.806 |     2.0
   34 |   1.1100 |     39.815 |   1.1251 |     40.221 |     2.0
   35 |   1.1067 |     39.612 |   1.1251 |     40.191 |     2.1
   36 |   1.1007 |     39.535 |   1.1174 |     39.945 |     2.1
   37 |   1.0934 |     39.425 |   1.1138 |     39.914 |     2.2
   38 |   1.0903 |     39.151 |   1.1039 |     39.791 |     2.3
   39 |   1.0852 |     39.019 |   1.1008 |     39.576 |     2.3
   40 |   1.0832 |     38.991 |   1.1014 |     40.314 |     2.4
   41 |   1.0787 |     38.942 |   1.0993 |     39.914 |     2.4
   42 |   1.0730 |     38.860 |   1.0865 |     39.545 |     2.5
   43 |   1.0664 |     38.371 |   1.0848 |     38.868 |     2.6
   44 |   1.0659 |     38.563 |   1.0966 |     40.406 |     2.6
   45 |   1.0616 |     38.217 |   1.0780 |     39.637 |     2.7
   46 |   1.0599 |     38.195 |   1.0857 |     38.561 |     2.8
   47 |   1.0537 |     38.151 |   1.0753 |     38.100 |     2.8
   48 |   1.0491 |     37.783 |   1.0765 |     39.330 |     2.9
   49 |   1.0442 |     37.613 |   1.0751 |     38.899 |     3.0
   50 |   1.0381 |     37.426 |   1.0694 |     38.407 |     3.0
   51 |   1.0327 |     37.168 |   1.0718 |     38.715 |     3.1
   52 |   1.0302 |     37.102 |   1.0695 |     39.237 |     3.1
   53 |   1.0233 |     37.184 |   1.0620 |     38.407 |     3.2
   54 |   1.0195 |     36.426 |   1.0530 |     38.100 |     3.3
   55 |   1.0137 |     36.410 |   1.0545 |     38.315 |     3.3
   56 |   1.0076 |     36.278 |   1.0518 |     38.038 |     3.4
   57 |   1.0054 |     35.871 |   1.0509 |     37.823 |     3.5
   58 |   1.0015 |     35.745 |   1.0437 |     37.362 |     3.5
   59 |   0.9929 |     35.366 |   1.0418 |     36.900 |     3.6
   60 |   0.9865 |     34.921 |   1.0373 |     37.546 |     3.6
   61 |   0.9800 |     34.992 |   1.0479 |     36.747 |     3.7
   62 |   0.9821 |     34.602 |   1.0403 |     37.085 |     3.8
   63 |   0.9745 |     34.591 |   1.0374 |     36.777 |     3.8
   64 |   0.9700 |     34.498 |   1.0311 |     36.962 |     3.9
   65 |   0.9631 |     34.207 |   1.0431 |     35.886 |     3.9
   66 |   0.9569 |     33.608 |   1.0344 |     37.146 |     4.0
   67 |   0.9547 |     33.509 |   1.0392 |     36.070 |     4.1
   68 |   0.9497 |     33.339 |   1.0246 |     35.824 |     4.1
   69 |   0.9452 |     32.905 |   1.0196 |     35.640 |     4.2
   70 |   0.9352 |     32.844 |   1.0331 |     36.193 |     4.3
   71 |   0.9304 |     32.894 |   1.0324 |     36.316 |     4.3
   72 |   0.9261 |     32.465 |   1.0290 |     35.547 |     4.4
   73 |   0.9149 |     31.911 |   1.0216 |     35.178 |     4.4
   74 |   0.9094 |     31.850 |   1.0177 |     34.779 |     4.5
   75 |   0.9084 |     31.724 |   1.0091 |     35.117 |     4.6
   76 |   0.9019 |     31.685 |   1.0174 |     35.117 |     4.6
   77 |   0.8924 |     31.087 |   1.0170 |     34.871 |     4.7
   78 |   0.8903 |     31.262 |   1.0158 |     35.055 |     4.7
   79 |   0.8804 |     30.801 |   1.0605 |     36.009 |     4.8
   80 |   0.8798 |     30.740 |   1.0058 |     34.594 |     4.9
   81 |   0.8680 |     30.279 |   0.9939 |     33.918 |     4.9
   82 |   0.8628 |     30.059 |   1.0027 |     33.764 |     5.0
   83 |   0.8588 |     29.796 |   0.9941 |     33.456 |     5.1
   84 |   0.8444 |     29.428 |   0.9903 |     33.579 |     5.1
   85 |   0.8374 |     29.071 |   0.9809 |     33.610 |     5.2
   86 |   0.8347 |     28.801 |   0.9889 |     33.795 |     5.2
   87 |   0.8275 |     28.565 |   0.9815 |     32.811 |     5.3
   88 |   0.8202 |     28.071 |   0.9864 |     33.272 |     5.4
   89 |   0.8129 |     27.966 |   0.9916 |     32.841 |     5.4
Early stopping

Model: Seq2Seq Bi-LSTM
Source index: <Seq2Seq Index with 45 items>
Target index: <Seq2Seq Index with 34 items>
Encoder embedding dimension: 64
Decoder embedding dimension: 64
Encoder hidden units: 128
Encoder layers: 2
Decoder hidden units: 64
Decoder layers: 3
Dropout: 0.0
Trainable parameters: 766,562

Training started
X_train.shape: torch.Size([3034, 702])
Y_train.shape: torch.Size([3034, 7])
X_dev.shape: torch.Size([542, 350])
Y_dev.shape: torch.Size([542, 7])
Epochs: 500
Learning rate: 0.001
Weight decay: 0.0001
Epoch | Train                 | Development           | Minutes
      | Loss     | Error Rate | Loss     | Error Rate |
---------------------------------------------------------------
    1 |   2.5288 |     67.183 |   1.9730 |     54.367 |     0.0
    2 |   1.7171 |     48.517 |   1.5598 |     47.202 |     0.1
    3 |   1.4805 |     46.237 |   1.4543 |     47.017 |     0.1
    4 |   1.4203 |     46.094 |   1.4193 |     46.710 |     0.2
    5 |   1.3939 |     45.853 |   1.3980 |     46.771 |     0.2
    6 |   1.3770 |     45.578 |   1.3840 |     46.341 |     0.2
    7 |   1.3611 |     45.528 |   1.3616 |     46.156 |     0.3
    8 |   1.3416 |     45.007 |   1.3449 |     45.603 |     0.3
    9 |   1.3285 |     44.974 |   1.3315 |     45.234 |     0.4
   10 |   1.3143 |     44.309 |   1.3153 |     44.742 |     0.4
   11 |   1.3029 |     44.358 |   1.3106 |     45.664 |     0.4
   12 |   1.2938 |     44.325 |   1.2992 |     45.726 |     0.5
   13 |   1.2787 |     44.012 |   1.2861 |     45.141 |     0.5
   14 |   1.2662 |     43.776 |   1.2689 |     44.434 |     0.5
   15 |   1.2555 |     43.699 |   1.2656 |     44.526 |     0.6
   16 |   1.2435 |     43.556 |   1.2499 |     44.434 |     0.6
   17 |   1.2338 |     43.249 |   1.2437 |     43.881 |     0.7
   18 |   1.2219 |     43.194 |   1.2349 |     44.188 |     0.7
   19 |   1.2102 |     42.820 |   1.2204 |     43.235 |     0.7
   20 |   1.1992 |     42.414 |   1.2137 |     43.296 |     0.8
   21 |   1.1871 |     41.870 |   1.1948 |     41.943 |     0.8
   22 |   1.1757 |     41.458 |   1.1872 |     41.574 |     0.9
   23 |   1.1658 |     41.178 |   1.1799 |     41.790 |     0.9
   24 |   1.1610 |     40.964 |   1.1777 |     41.421 |     0.9
   25 |   1.1487 |     40.579 |   1.1643 |     40.867 |     1.0
   26 |   1.1400 |     40.398 |   1.1603 |     40.529 |     1.0
   27 |   1.1312 |     40.222 |   1.1558 |     40.836 |     1.1
   28 |   1.1234 |     39.859 |   1.1515 |     40.775 |     1.1
   29 |   1.1164 |     39.964 |   1.1403 |     40.713 |     1.1
   30 |   1.1129 |     39.870 |   1.1400 |     40.160 |     1.2
   31 |   1.1026 |     39.782 |   1.1375 |     40.529 |     1.2
   32 |   1.0971 |     39.403 |   1.1245 |     39.822 |     1.2
   33 |   1.0913 |     39.079 |   1.1239 |     39.822 |     1.3
   34 |   1.0840 |     38.991 |   1.1154 |     39.914 |     1.3
   35 |   1.0769 |     38.629 |   1.1113 |     39.668 |     1.4
   36 |   1.0704 |     38.261 |   1.1072 |     39.483 |     1.4
   37 |   1.0618 |     37.992 |   1.0993 |     38.469 |     1.4
   38 |   1.0651 |     38.156 |   1.0946 |     38.653 |     1.5
   39 |   1.0528 |     37.508 |   1.0952 |     39.760 |     1.5
   40 |   1.0447 |     37.179 |   1.0957 |     39.637 |     1.6
   41 |   1.0369 |     37.272 |   1.0796 |     38.346 |     1.6
   42 |   1.0287 |     36.607 |   1.0799 |     38.499 |     1.6
   43 |   1.0234 |     36.195 |   1.0680 |     37.638 |     1.7
   44 |   1.0137 |     36.157 |   1.0745 |     38.684 |     1.7
   45 |   1.0085 |     36.069 |   1.0666 |     38.130 |     1.7
   46 |   1.0006 |     35.657 |   1.0580 |     37.515 |     1.8
   47 |   0.9972 |     35.608 |   1.0554 |     37.208 |     1.8
   48 |   0.9869 |     35.009 |   1.0543 |     37.577 |     1.9
   49 |   0.9786 |     34.970 |   1.0530 |     36.993 |     1.9
   50 |   0.9791 |     35.119 |   1.0488 |     37.515 |     1.9
   51 |   0.9627 |     34.322 |   1.0408 |     36.562 |     2.0
   52 |   0.9549 |     33.905 |   1.0404 |     36.347 |     2.0
   53 |   0.9642 |     34.284 |   1.0471 |     37.423 |     2.1
   54 |   0.9482 |     33.745 |   1.0320 |     35.701 |     2.1
   55 |   0.9377 |     33.207 |   1.0219 |     35.640 |     2.1
   56 |   0.9317 |     33.108 |   1.0173 |     36.777 |     2.2
   57 |   0.9189 |     32.295 |   1.0073 |     35.455 |     2.2
   58 |   0.9064 |     31.878 |   1.0069 |     35.025 |     2.2
   59 |   0.9020 |     31.894 |   1.0141 |     35.086 |     2.3
   60 |   0.8925 |     31.323 |   1.0023 |     34.502 |     2.3
   61 |   0.8849 |     30.916 |   1.0087 |     35.209 |     2.4
   62 |   0.8822 |     31.207 |   0.9946 |     34.686 |     2.4
   63 |   0.8639 |     29.971 |   0.9864 |     33.579 |     2.4
   64 |   0.8668 |     30.438 |   0.9837 |     33.610 |     2.5
   65 |   0.8456 |     29.378 |   0.9882 |     34.563 |     2.5
   66 |   0.8329 |     28.906 |   0.9951 |     33.856 |     2.6
   67 |   0.8237 |     28.258 |   0.9883 |     32.995 |     2.6
   68 |   0.8104 |     27.955 |   0.9835 |     32.934 |     2.6
   69 |   0.8038 |     27.615 |   0.9840 |     32.165 |     2.7
   70 |   0.7902 |     27.033 |   0.9853 |     33.149 |     2.7
   71 |   0.7806 |     26.697 |   0.9822 |     32.995 |     2.8
   72 |   0.7702 |     26.533 |   0.9893 |     32.411 |     2.8
   73 |   0.7500 |     25.423 |   0.9990 |     32.934 |     2.8
   74 |   0.7433 |     25.198 |   0.9890 |     32.626 |     2.9
   75 |   0.7261 |     24.725 |   0.9961 |     32.472 |     2.9
Early stopping

Model: Seq2Seq Bi-LSTM
Source index: <Seq2Seq Index with 45 items>
Target index: <Seq2Seq Index with 34 items>
Encoder embedding dimension: 64
Decoder embedding dimension: 64
Encoder hidden units: 128
Encoder layers: 2
Decoder hidden units: 64
Decoder layers: 3
Dropout: 0.1
Trainable parameters: 766,562

Training started
X_train.shape: torch.Size([3034, 702])
Y_train.shape: torch.Size([3034, 7])
X_dev.shape: torch.Size([542, 350])
Y_dev.shape: torch.Size([542, 7])
Epochs: 500
Learning rate: 0.001
Weight decay: 0.0001
Epoch | Train                 | Development           | Minutes
      | Loss     | Error Rate | Loss     | Error Rate |
---------------------------------------------------------------
    1 |   2.5609 |     67.831 |   2.0021 |     59.317 |     0.0
    2 |   1.7572 |     49.769 |   1.5796 |     47.202 |     0.1
    3 |   1.4996 |     46.105 |   1.4664 |     47.017 |     0.1
    4 |   1.4363 |     46.298 |   1.4326 |     47.202 |     0.2
    5 |   1.4105 |     46.149 |   1.4127 |     46.956 |     0.2
    6 |   1.3846 |     46.083 |   1.3807 |     47.202 |     0.2
    7 |   1.3563 |     46.116 |   1.3534 |     46.740 |     0.3
    8 |   1.3332 |     45.765 |   1.3368 |     46.218 |     0.3
    9 |   1.3170 |     45.583 |   1.3174 |     46.156 |     0.4
   10 |   1.2995 |     45.402 |   1.2981 |     45.818 |     0.4
   11 |   1.2832 |     45.105 |   1.2872 |     45.910 |     0.4
   12 |   1.2731 |     44.803 |   1.2747 |     45.141 |     0.5
   13 |   1.2627 |     44.534 |   1.2681 |     45.018 |     0.5
   14 |   1.2528 |     44.084 |   1.2565 |     44.311 |     0.5
   15 |   1.2426 |     43.842 |   1.2431 |     44.157 |     0.6
   16 |   1.2311 |     43.540 |   1.2403 |     44.188 |     0.6
   17 |   1.2214 |     43.260 |   1.2263 |     43.450 |     0.7
   18 |   1.2114 |     42.936 |   1.2176 |     43.389 |     0.7
   19 |   1.2053 |     42.875 |   1.2158 |     43.788 |     0.7
   20 |   1.1975 |     42.606 |   1.2088 |     43.573 |     0.8
   21 |   1.1895 |     42.337 |   1.2007 |     42.958 |     0.8
   22 |   1.1871 |     42.491 |   1.1909 |     43.081 |     0.9
   23 |   1.1781 |     42.386 |   1.1897 |     42.651 |     0.9
   24 |   1.1738 |     41.903 |   1.1786 |     42.405 |     0.9
   25 |   1.1667 |     41.991 |   1.1747 |     42.066 |     1.0
   26 |   1.1595 |     41.678 |   1.1718 |     42.343 |     1.0
   27 |   1.1546 |     41.595 |   1.1662 |     41.728 |     1.1
   28 |   1.1484 |     41.062 |   1.1669 |     42.343 |     1.1
   29 |   1.1448 |     41.057 |   1.1550 |     41.728 |     1.1
   30 |   1.1367 |     40.705 |   1.1533 |     41.236 |     1.2
   31 |   1.1340 |     40.650 |   1.1500 |     40.929 |     1.2
   32 |   1.1256 |     40.282 |   1.1444 |     40.929 |     1.3
   33 |   1.1217 |     40.475 |   1.1426 |     41.667 |     1.3
   34 |   1.1178 |     40.019 |   1.1380 |     40.744 |     1.3
   35 |   1.1136 |     40.205 |   1.1358 |     40.898 |     1.4
   36 |   1.1079 |     39.887 |   1.1293 |     41.298 |     1.4
   37 |   1.1052 |     39.843 |   1.1264 |     40.775 |     1.5
   38 |   1.0985 |     39.568 |   1.1201 |     40.037 |     1.5
   39 |   1.0954 |     39.601 |   1.1248 |     40.406 |     1.5
   40 |   1.0887 |     39.107 |   1.1092 |     40.498 |     1.6
   41 |   1.0830 |     39.173 |   1.1113 |     39.545 |     1.6
   42 |   1.0798 |     39.046 |   1.0983 |     39.606 |     1.6
   43 |   1.0742 |     39.013 |   1.0985 |     39.576 |     1.7
   44 |   1.0707 |     38.667 |   1.0871 |     39.022 |     1.7
   45 |   1.0642 |     38.442 |   1.0966 |     39.422 |     1.8
   46 |   1.0632 |     38.409 |   1.0862 |     38.991 |     1.8
   47 |   1.0556 |     38.233 |   1.0821 |     38.991 |     1.8
   48 |   1.0562 |     38.305 |   1.0842 |     39.145 |     1.9
   49 |   1.0493 |     37.772 |   1.0719 |     38.561 |     1.9
   50 |   1.0440 |     37.959 |   1.0740 |     38.868 |     2.0
   51 |   1.0422 |     37.695 |   1.0684 |     38.069 |     2.0
   52 |   1.0374 |     37.431 |   1.0791 |     38.684 |     2.0
   53 |   1.0343 |     37.316 |   1.0673 |     37.700 |     2.1
   54 |   1.0310 |     37.107 |   1.0660 |     38.407 |     2.1
   55 |   1.0265 |     37.074 |   1.0555 |     37.669 |     2.2
   56 |   1.0230 |     37.261 |   1.0575 |     37.423 |     2.2
   57 |   1.0236 |     36.953 |   1.0605 |     38.838 |     2.2
   58 |   1.0183 |     36.382 |   1.0593 |     38.130 |     2.3
   59 |   1.0124 |     36.767 |   1.0584 |     37.823 |     2.3
   60 |   1.0092 |     36.168 |   1.0453 |     37.423 |     2.4
   61 |   1.0050 |     36.443 |   1.0391 |     37.577 |     2.4
   62 |   1.0021 |     36.135 |   1.0467 |     37.392 |     2.4
   63 |   0.9957 |     35.728 |   1.0337 |     36.747 |     2.5
   64 |   0.9961 |     35.547 |   1.0333 |     37.146 |     2.5
   65 |   0.9901 |     35.410 |   1.0307 |     37.300 |     2.6
   66 |   0.9857 |     35.289 |   1.0313 |     37.331 |     2.6
   67 |   0.9859 |     35.492 |   1.0307 |     37.177 |     2.6
   68 |   0.9783 |     34.970 |   1.0279 |     36.900 |     2.7
   69 |   0.9772 |     34.921 |   1.0332 |     37.392 |     2.7
   70 |   0.9751 |     34.915 |   1.0138 |     36.654 |     2.8
   71 |   0.9685 |     34.806 |   1.0295 |     36.439 |     2.8
   72 |   0.9689 |     34.542 |   1.0226 |     36.808 |     2.8
   73 |   0.9665 |     34.399 |   1.0311 |     37.023 |     2.9
   74 |   0.9654 |     34.405 |   1.0058 |     35.424 |     2.9
   75 |   0.9559 |     33.938 |   1.0409 |     36.808 |     2.9
   76 |   0.9529 |     34.020 |   1.0046 |     35.609 |     3.0
   77 |   0.9520 |     33.927 |   1.0093 |     36.193 |     3.0
   78 |   0.9435 |     33.690 |   1.0141 |     35.855 |     3.1
   79 |   0.9436 |     33.421 |   1.0157 |     36.070 |     3.1
   80 |   0.9362 |     33.174 |   1.0089 |     35.640 |     3.1
Early stopping

Model: Seq2Seq Bi-LSTM
Source index: <Seq2Seq Index with 45 items>
Target index: <Seq2Seq Index with 34 items>
Encoder embedding dimension: 128
Decoder embedding dimension: 128
Encoder hidden units: 128
Encoder layers: 2
Decoder hidden units: 64
Decoder layers: 3
Dropout: 0.1
Trainable parameters: 853,538

Training started
X_train.shape: torch.Size([3034, 702])
Y_train.shape: torch.Size([3034, 7])
X_dev.shape: torch.Size([542, 350])
Y_dev.shape: torch.Size([542, 7])
Epochs: 500
Learning rate: 0.001
Weight decay: 0.0001
Epoch | Train                 | Development           | Minutes
      | Loss     | Error Rate | Loss     | Error Rate |
---------------------------------------------------------------
    1 |   2.5309 |     67.612 |   1.9839 |     54.982 |     0.0
    2 |   1.7406 |     49.209 |   1.5697 |     47.202 |     0.1
    3 |   1.4881 |     46.259 |   1.4540 |     47.202 |     0.1
    4 |   1.4193 |     46.270 |   1.4090 |     47.202 |     0.2
    5 |   1.3811 |     46.155 |   1.3748 |     47.171 |     0.2
    6 |   1.3553 |     46.034 |   1.3529 |     46.710 |     0.2
    7 |   1.3331 |     45.567 |   1.3328 |     45.972 |     0.3
    8 |   1.3140 |     45.177 |   1.3106 |     45.695 |     0.3
    9 |   1.2927 |     45.100 |   1.2891 |     45.295 |     0.4
   10 |   1.2739 |     44.628 |   1.2791 |     45.480 |     0.4
   11 |   1.2588 |     44.446 |   1.2628 |     45.572 |     0.4
   12 |   1.2433 |     43.886 |   1.2476 |     43.942 |     0.5
   13 |   1.2325 |     43.540 |   1.2432 |     43.604 |     0.5
   14 |   1.2206 |     42.963 |   1.2298 |     43.266 |     0.6
   15 |   1.2117 |     43.024 |   1.2150 |     42.251 |     0.6
   16 |   1.2012 |     42.518 |   1.2116 |     41.974 |     0.6
   17 |   1.1928 |     42.243 |   1.1972 |     42.159 |     0.7
   18 |   1.1824 |     42.040 |   1.1909 |     42.343 |     0.7
   19 |   1.1732 |     41.722 |   1.1872 |     42.066 |     0.8
   20 |   1.1658 |     41.557 |   1.1826 |     42.405 |     0.8
   21 |   1.1596 |     41.365 |   1.1688 |     41.851 |     0.8
   22 |   1.1530 |     41.282 |   1.1690 |     41.728 |     0.9
   23 |   1.1446 |     41.068 |   1.1576 |     41.082 |     0.9
   24 |   1.1374 |     40.716 |   1.1589 |     41.328 |     1.0
   25 |   1.1330 |     40.617 |   1.1539 |     41.513 |     1.0
   26 |   1.1280 |     40.376 |   1.1502 |     40.775 |     1.0
   27 |   1.1210 |     39.920 |   1.1360 |     40.406 |     1.1
   28 |   1.1140 |     39.953 |   1.1330 |     40.867 |     1.1
   29 |   1.1076 |     39.876 |   1.1256 |     40.129 |     1.2
   30 |   1.1031 |     39.585 |   1.1261 |     40.806 |     1.2
   31 |   1.0981 |     39.409 |   1.1183 |     39.822 |     1.2
   32 |   1.0917 |     39.074 |   1.1172 |     39.729 |     1.3
   33 |   1.0865 |     38.777 |   1.1065 |     39.453 |     1.3
   34 |   1.0817 |     39.184 |   1.1063 |     39.791 |     1.4
   35 |   1.0753 |     38.805 |   1.1031 |     39.514 |     1.4
   36 |   1.0694 |     38.277 |   1.0959 |     38.899 |     1.4
   37 |   1.0650 |     38.459 |   1.0973 |     39.699 |     1.5
   38 |   1.0604 |     38.151 |   1.0907 |     38.991 |     1.5
   39 |   1.0548 |     37.827 |   1.0850 |     38.899 |     1.6
   40 |   1.0481 |     37.613 |   1.0789 |     38.653 |     1.6
   41 |   1.0395 |     37.074 |   1.0853 |     38.961 |     1.6
   42 |   1.0389 |     37.206 |   1.0756 |     38.868 |     1.7
   43 |   1.0320 |     37.041 |   1.0765 |     38.868 |     1.7
   44 |   1.0264 |     36.580 |   1.0912 |     38.807 |     1.8
   45 |   1.0228 |     36.613 |   1.0702 |     38.192 |     1.8
   46 |   1.0186 |     36.426 |   1.0693 |     38.069 |     1.9
   47 |   1.0086 |     35.970 |   1.0666 |     37.116 |     1.9
   48 |   1.0046 |     35.690 |   1.0593 |     37.116 |     1.9
   49 |   0.9944 |     35.119 |   1.0582 |     37.331 |     2.0
   50 |   0.9900 |     35.080 |   1.0535 |     36.931 |     2.0
   51 |   0.9837 |     34.679 |   1.0431 |     36.501 |     2.1
   52 |   0.9725 |     34.047 |   1.0462 |     37.054 |     2.1
   53 |   0.9649 |     33.784 |   1.0376 |     36.654 |     2.2
   54 |   0.9564 |     33.130 |   1.0392 |     35.947 |     2.2
   55 |   0.9544 |     33.482 |   1.0357 |     36.162 |     2.2
   56 |   0.9441 |     33.119 |   1.0289 |     35.578 |     2.3
   57 |   0.9371 |     32.685 |   1.0300 |     35.732 |     2.3
   58 |   0.9256 |     32.169 |   1.0241 |     35.701 |     2.4
   59 |   0.9233 |     31.971 |   1.0151 |     35.086 |     2.4
   60 |   0.9156 |     31.702 |   1.0140 |     34.963 |     2.4
   61 |   0.9092 |     31.460 |   1.0090 |     34.686 |     2.5
   62 |   0.9042 |     31.526 |   1.0024 |     34.471 |     2.5
   63 |   0.8941 |     31.054 |   1.0028 |     34.471 |     2.6
   64 |   0.8848 |     30.762 |   1.0161 |     34.748 |     2.6
   65 |   0.8792 |     30.208 |   0.9920 |     33.641 |     2.6
   66 |   0.8734 |     30.169 |   0.9967 |     33.241 |     2.7
   67 |   0.8629 |     29.625 |   0.9935 |     33.887 |     2.7
   68 |   0.8547 |     29.477 |   0.9897 |     33.918 |     2.8
   69 |   0.8453 |     29.043 |   0.9829 |     33.641 |     2.8
   70 |   0.8342 |     28.637 |   0.9846 |     33.087 |     2.9
   71 |   0.8332 |     28.697 |   0.9856 |     33.210 |     2.9
   72 |   0.8223 |     28.181 |   0.9960 |     33.733 |     2.9
   73 |   0.8096 |     27.681 |   0.9844 |     32.503 |     3.0
Early stopping

Model: Seq2Seq Bi-LSTM
Source index: <Seq2Seq Index with 45 items>
Target index: <Seq2Seq Index with 34 items>
Encoder embedding dimension: 32
Decoder embedding dimension: 128
Encoder hidden units: 64
Encoder layers: 3
Decoder hidden units: 128
Decoder layers: 2
Dropout: 0.2
Trainable parameters: 621,506

Training started
X_train.shape: torch.Size([3034, 702])
Y_train.shape: torch.Size([3034, 7])
X_dev.shape: torch.Size([542, 350])
Y_dev.shape: torch.Size([542, 7])
Epochs: 500
Learning rate: 0.001
Weight decay: 0.0001
Epoch | Train                 | Development           | Minutes
      | Loss     | Error Rate | Loss     | Error Rate |
---------------------------------------------------------------
    1 |   2.0465 |     56.619 |   1.4729 |     46.925 |     0.0
    2 |   1.3973 |     45.886 |   1.3582 |     46.617 |     0.1
    3 |   1.3167 |     44.864 |   1.3087 |     46.033 |     0.1
    4 |   1.2772 |     44.347 |   1.2775 |     44.988 |     0.1
    5 |   1.2429 |     43.650 |   1.2402 |     42.774 |     0.1
    6 |   1.2175 |     43.331 |   1.2154 |     42.681 |     0.1
    7 |   1.1900 |     42.408 |   1.1898 |     42.528 |     0.2
    8 |   1.1685 |     41.820 |   1.1743 |     42.036 |     0.2
    9 |   1.1518 |     41.414 |   1.1520 |     40.652 |     0.2
   10 |   1.1309 |     40.727 |   1.1348 |     40.898 |     0.2
   11 |   1.1171 |     40.134 |   1.1215 |     40.252 |     0.3
   12 |   1.1021 |     40.194 |   1.1099 |     40.037 |     0.3
   13 |   1.0852 |     39.178 |   1.0964 |     39.606 |     0.3
   14 |   1.0712 |     38.464 |   1.0887 |     39.330 |     0.3
   15 |   1.0537 |     37.953 |   1.0862 |     39.422 |     0.4
   16 |   1.0469 |     37.816 |   1.0713 |     37.854 |     0.4
   17 |   1.0409 |     37.102 |   1.0688 |     38.776 |     0.4
   18 |   1.0271 |     36.794 |   1.0617 |     37.515 |     0.5
   19 |   1.0064 |     36.151 |   1.0476 |     37.177 |     0.5
   20 |   0.9960 |     35.597 |   1.0430 |     37.085 |     0.5
   21 |   0.9833 |     35.212 |   1.0346 |     36.285 |     0.5
   22 |   0.9677 |     34.383 |   1.0285 |     36.162 |     0.6
   23 |   0.9541 |     33.608 |   1.0192 |     35.609 |     0.6
   24 |   0.9409 |     33.377 |   1.0193 |     34.994 |     0.6
   25 |   0.9323 |     32.855 |   1.0164 |     35.793 |     0.6
   26 |   0.9164 |     31.993 |   1.0061 |     35.209 |     0.7
   27 |   0.9071 |     31.911 |   0.9849 |     34.010 |     0.7
   28 |   0.8895 |     31.279 |   0.9853 |     33.887 |     0.7
   29 |   0.8747 |     30.730 |   0.9764 |     34.133 |     0.7
   30 |   0.8639 |     30.241 |   0.9750 |     33.333 |     0.8
   31 |   0.8626 |     29.988 |   1.0016 |     35.148 |     0.8
   32 |   0.8530 |     29.933 |   0.9558 |     33.764 |     0.8
   33 |   0.8270 |     28.560 |   0.9609 |     33.241 |     0.8
   34 |   0.8239 |     28.433 |   0.9517 |     32.565 |     0.9
   35 |   0.8001 |     27.829 |   0.9461 |     32.872 |     0.9
   36 |   0.7859 |     27.219 |   0.9613 |     33.057 |     0.9
   37 |   0.7726 |     26.599 |   0.9497 |     32.196 |     0.9
   38 |   0.7549 |     25.939 |   0.9522 |     31.519 |     1.0
   39 |   0.7534 |     25.725 |   0.9406 |     31.611 |     1.0
   40 |   0.7335 |     25.176 |   0.9297 |     31.304 |     1.0
   41 |   0.7160 |     24.445 |   0.9280 |     31.273 |     1.0
   42 |   0.6971 |     23.868 |   0.9333 |     30.658 |     1.1
   43 |   0.6904 |     23.687 |   0.9464 |     30.904 |     1.1
   44 |   0.6686 |     22.759 |   0.9435 |     30.781 |     1.1
   45 |   0.6596 |     22.577 |   0.9280 |     30.197 |     1.1
Early stopping

Model: Seq2Seq Bi-LSTM
Source index: <Seq2Seq Index with 45 items>
Target index: <Seq2Seq Index with 34 items>
Encoder embedding dimension: 64
Decoder embedding dimension: 128
Encoder hidden units: 64
Encoder layers: 4
Decoder hidden units: 64
Decoder layers: 3
Dropout: 0.1
Trainable parameters: 555,746

Training started
X_train.shape: torch.Size([3034, 702])
Y_train.shape: torch.Size([3034, 7])
X_dev.shape: torch.Size([542, 350])
Y_dev.shape: torch.Size([542, 7])
Epochs: 500
Learning rate: 0.001
Weight decay: 1e-05
Epoch | Train                 | Development           | Minutes
      | Loss     | Error Rate | Loss     | Error Rate |
---------------------------------------------------------------
    1 |   2.5573 |     68.474 |   2.0140 |     55.412 |     0.0
    2 |   1.7841 |     50.104 |   1.6054 |     47.202 |     0.1
    3 |   1.5162 |     46.265 |   1.4738 |     47.202 |     0.1
    4 |   1.4440 |     46.193 |   1.4378 |     47.017 |     0.1
    5 |   1.4178 |     46.303 |   1.4180 |     47.202 |     0.2
    6 |   1.3979 |     46.281 |   1.4009 |     47.202 |     0.2
    7 |   1.3771 |     46.221 |   1.3764 |     46.925 |     0.2
    8 |   1.3545 |     45.693 |   1.3531 |     46.341 |     0.3
    9 |   1.3332 |     45.479 |   1.3284 |     46.279 |     0.3
   10 |   1.3107 |     44.924 |   1.3120 |     46.125 |     0.4
   11 |   1.2873 |     44.474 |   1.2854 |     45.049 |     0.4
   12 |   1.2608 |     44.325 |   1.2600 |     43.973 |     0.4
   13 |   1.2371 |     43.556 |   1.2376 |     43.542 |     0.5
   14 |   1.2151 |     43.024 |   1.2245 |     42.681 |     0.5
   15 |   1.1985 |     42.469 |   1.2173 |     43.143 |     0.5
   16 |   1.1782 |     41.672 |   1.1916 |     41.820 |     0.6
   17 |   1.1617 |     40.854 |   1.1850 |     41.790 |     0.6
   18 |   1.1465 |     40.491 |   1.1715 |     41.697 |     0.6
   19 |   1.1285 |     40.041 |   1.1524 |     40.375 |     0.7
   20 |   1.1130 |     39.453 |   1.1463 |     40.314 |     0.7
   21 |   1.0990 |     38.722 |   1.1365 |     39.791 |     0.7
   22 |   1.0975 |     38.832 |   1.1254 |     39.237 |     0.8
   23 |   1.0783 |     37.986 |   1.1248 |     39.514 |     0.8
   24 |   1.0604 |     37.360 |   1.1150 |     38.561 |     0.8
   25 |   1.0499 |     37.371 |   1.1029 |     38.346 |     0.9
   26 |   1.0353 |     36.459 |   1.0962 |     37.823 |     0.9
   27 |   1.0211 |     36.107 |   1.0925 |     38.315 |     0.9
   28 |   1.0066 |     35.410 |   1.0896 |     38.376 |     1.0
   29 |   0.9958 |     35.135 |   1.0807 |     37.731 |     1.0
   30 |   0.9793 |     34.657 |   1.0862 |     38.130 |     1.1
   31 |   0.9657 |     33.762 |   1.0740 |     38.069 |     1.1
   32 |   0.9546 |     33.361 |   1.0719 |     36.316 |     1.1
   33 |   0.9385 |     32.290 |   1.0814 |     36.931 |     1.2
   34 |   0.9230 |     31.724 |   1.0580 |     36.316 |     1.2
   35 |   0.9091 |     31.482 |   1.0585 |     35.517 |     1.2
   36 |   0.8928 |     30.675 |   1.0585 |     36.378 |     1.3
   37 |   0.8819 |     30.263 |   1.0408 |     35.240 |     1.3
   38 |   0.8642 |     29.746 |   1.0510 |     35.332 |     1.3
   39 |   0.8486 |     28.950 |   1.0526 |     34.932 |     1.4
   40 |   0.8362 |     28.571 |   1.0419 |     35.240 |     1.4
   41 |   0.8186 |     27.868 |   1.0437 |     34.502 |     1.4
   42 |   0.8018 |     27.093 |   1.0243 |     34.686 |     1.5
   43 |   0.7918 |     26.225 |   1.0324 |     33.733 |     1.5
   44 |   0.7772 |     26.110 |   1.0360 |     34.010 |     1.5
   45 |   0.7604 |     25.225 |   1.0528 |     34.963 |     1.6
   46 |   0.7419 |     24.852 |   1.0426 |     33.979 |     1.6
Early stopping

Model: Seq2Seq Bi-LSTM
Source index: <Seq2Seq Index with 45 items>
Target index: <Seq2Seq Index with 34 items>
Encoder embedding dimension: 128
Decoder embedding dimension: 64
Encoder hidden units: 128
Encoder layers: 2
Decoder hidden units: 128
Decoder layers: 2
Dropout: 0.2
Trainable parameters: 1,034,274

Training started
X_train.shape: torch.Size([3034, 702])
Y_train.shape: torch.Size([3034, 7])
X_dev.shape: torch.Size([542, 350])
Y_dev.shape: torch.Size([542, 7])
Epochs: 500
Learning rate: 0.001
Weight decay: 0.0001
Epoch | Train                 | Development           | Minutes
      | Loss     | Error Rate | Loss     | Error Rate |
---------------------------------------------------------------
    1 |   2.0911 |     56.878 |   1.5443 |     47.017 |     0.0
    2 |   1.4412 |     45.902 |   1.3951 |     46.740 |     0.1
    3 |   1.3635 |     45.875 |   1.3421 |     46.341 |     0.1
    4 |   1.3209 |     44.952 |   1.3150 |     46.002 |     0.2
    5 |   1.2871 |     44.336 |   1.2906 |     45.141 |     0.2
    6 |   1.2620 |     43.985 |   1.2697 |     45.449 |     0.3
    7 |   1.2384 |     43.639 |   1.2435 |     43.235 |     0.3
    8 |   1.2166 |     43.013 |   1.2248 |     42.927 |     0.3
    9 |   1.1965 |     42.419 |   1.2040 |     43.020 |     0.4
   10 |   1.1755 |     41.793 |   1.1851 |     41.728 |     0.4
   11 |   1.1548 |     40.832 |   1.1648 |     41.298 |     0.5
   12 |   1.1313 |     40.233 |   1.1444 |     40.590 |     0.5
   13 |   1.1097 |     39.272 |   1.1173 |     39.822 |     0.5
   14 |   1.0844 |     38.387 |   1.1009 |     39.176 |     0.6
   15 |   1.0596 |     37.223 |   1.0710 |     37.454 |     0.6
   16 |   1.0267 |     35.745 |   1.0478 |     36.870 |     0.7
   17 |   1.0050 |     34.910 |   1.0293 |     36.255 |     0.7
   18 |   0.9798 |     33.965 |   1.0320 |     36.255 |     0.7
   19 |   0.9590 |     33.317 |   1.0048 |     34.840 |     0.8
   20 |   0.9342 |     32.207 |   0.9991 |     33.702 |     0.8
   21 |   0.9101 |     30.949 |   0.9857 |     33.456 |     0.9
   22 |   0.8911 |     30.801 |   0.9703 |     33.518 |     0.9
   23 |   0.8720 |     30.037 |   0.9488 |     31.827 |     1.0
   24 |   0.8437 |     29.098 |   0.9481 |     31.919 |     1.0
   25 |   0.8209 |     27.994 |   0.9461 |     31.119 |     1.0
   26 |   0.7991 |     27.109 |   0.9398 |     32.073 |     1.1
   27 |   0.7829 |     26.681 |   0.9288 |     31.089 |     1.1
   28 |   0.7564 |     25.472 |   0.9089 |     31.027 |     1.2
   29 |   0.7314 |     24.725 |   0.9151 |     31.212 |     1.2
   30 |   0.7093 |     23.868 |   0.9021 |     29.859 |     1.2
   31 |   0.6950 |     23.401 |   0.8889 |     29.336 |     1.3
   32 |   0.6642 |     22.187 |   0.9017 |     29.736 |     1.3
   33 |   0.6534 |     21.825 |   0.9013 |     29.889 |     1.4
   34 |   0.6373 |     21.479 |   0.9246 |     29.428 |     1.4
   35 |   0.6099 |     20.501 |   0.9069 |     28.875 |     1.5
Early stopping

Model: Seq2Seq Bi-LSTM
Source index: <Seq2Seq Index with 45 items>
Target index: <Seq2Seq Index with 34 items>
Encoder embedding dimension: 128
Decoder embedding dimension: 128
Encoder hidden units: 64
Encoder layers: 2
Decoder hidden units: 64
Decoder layers: 3
Dropout: 0.2
Trainable parameters: 359,970

Training started
X_train.shape: torch.Size([3034, 702])
Y_train.shape: torch.Size([3034, 7])
X_dev.shape: torch.Size([542, 350])
Y_dev.shape: torch.Size([542, 7])
Epochs: 500
Learning rate: 0.001
Weight decay: 1e-05
Epoch | Train                 | Development           | Minutes
      | Loss     | Error Rate | Loss     | Error Rate |
---------------------------------------------------------------
    1 |   2.5102 |     67.546 |   1.9738 |     57.780 |     0.0
    2 |   1.7318 |     49.236 |   1.5637 |     47.202 |     0.0
    3 |   1.4969 |     46.171 |   1.4652 |     47.202 |     0.1
    4 |   1.4345 |     45.995 |   1.4254 |     47.017 |     0.1
    5 |   1.4070 |     45.929 |   1.4104 |     46.556 |     0.1
    6 |   1.3903 |     45.891 |   1.3950 |     46.525 |     0.1
    7 |   1.3772 |     45.825 |   1.3801 |     46.648 |     0.1
    8 |   1.3539 |     45.776 |   1.3549 |     46.863 |     0.2
    9 |   1.3265 |     45.693 |   1.3272 |     46.556 |     0.2
   10 |   1.3063 |     45.479 |   1.3076 |     45.818 |     0.2
   11 |   1.2872 |     44.968 |   1.2882 |     46.095 |     0.2
   12 |   1.2665 |     44.292 |   1.2644 |     45.172 |     0.2
   13 |   1.2453 |     43.842 |   1.2425 |     43.635 |     0.3
   14 |   1.2266 |     42.947 |   1.2368 |     43.850 |     0.3
   15 |   1.2123 |     42.518 |   1.2121 |     42.620 |     0.3
   16 |   1.1923 |     41.919 |   1.2012 |     42.312 |     0.3
   17 |   1.1777 |     41.178 |   1.1855 |     41.943 |     0.3
   18 |   1.1598 |     40.733 |   1.1742 |     41.421 |     0.4
   19 |   1.1452 |     40.343 |   1.1609 |     40.867 |     0.4
   20 |   1.1327 |     39.942 |   1.1505 |     41.113 |     0.4
   21 |   1.1188 |     39.590 |   1.1432 |     40.314 |     0.4
   22 |   1.1044 |     39.305 |   1.1363 |     40.160 |     0.4
   23 |   1.0948 |     39.085 |   1.1232 |     40.467 |     0.5
   24 |   1.0772 |     38.129 |   1.1162 |     40.221 |     0.5
   25 |   1.0614 |     37.541 |   1.1107 |     39.145 |     0.5
   26 |   1.0490 |     37.146 |   1.0974 |     39.668 |     0.5
   27 |   1.0363 |     36.778 |   1.0914 |     38.930 |     0.5
   28 |   1.0208 |     36.080 |   1.0835 |     38.038 |     0.6
   29 |   1.0081 |     35.723 |   1.0661 |     37.700 |     0.6
   30 |   0.9980 |     35.053 |   1.0762 |     37.608 |     0.6
   31 |   0.9839 |     34.756 |   1.0594 |     37.515 |     0.6
   32 |   0.9714 |     33.954 |   1.0645 |     37.731 |     0.6
   33 |   0.9577 |     33.581 |   1.0475 |     36.777 |     0.7
   34 |   0.9457 |     32.921 |   1.0397 |     36.993 |     0.7
   35 |   0.9335 |     32.383 |   1.0417 |     36.316 |     0.7
   36 |   0.9245 |     32.405 |   1.0453 |     36.224 |     0.7
   37 |   0.9128 |     31.845 |   1.0399 |     35.824 |     0.7
   38 |   0.9005 |     31.306 |   1.0450 |     36.531 |     0.8
Early stopping

Model: Seq2Seq Bi-LSTM
Source index: <Seq2Seq Index with 45 items>
Target index: <Seq2Seq Index with 34 items>
Encoder embedding dimension: 32
Decoder embedding dimension: 64
Encoder hidden units: 64
Encoder layers: 3
Decoder hidden units: 128
Decoder layers: 3
Dropout: 0.1
Trainable parameters: 718,658

Training started
X_train.shape: torch.Size([3034, 702])
Y_train.shape: torch.Size([3034, 7])
X_dev.shape: torch.Size([542, 350])
Y_dev.shape: torch.Size([542, 7])
Epochs: 500
Learning rate: 0.001
Weight decay: 1e-05
Epoch | Train                 | Development           | Minutes
      | Loss     | Error Rate | Loss     | Error Rate |
---------------------------------------------------------------
    1 |   2.2082 |     60.185 |   1.5985 |     47.202 |     0.0
    2 |   1.4679 |     46.215 |   1.4159 |     47.017 |     0.1
    3 |   1.3871 |     46.100 |   1.3709 |     46.218 |     0.1
    4 |   1.3415 |     45.688 |   1.3392 |     46.402 |     0.1
    5 |   1.3159 |     45.556 |   1.3264 |     46.740 |     0.1
    6 |   1.2963 |     45.561 |   1.2968 |     46.833 |     0.2
    7 |   1.2784 |     45.331 |   1.2743 |     45.418 |     0.2
    8 |   1.2599 |     45.062 |   1.2662 |     45.326 |     0.2
    9 |   1.2382 |     44.441 |   1.2566 |     44.742 |     0.2
   10 |   1.2174 |     43.529 |   1.2297 |     44.496 |     0.3
   11 |   1.1979 |     42.826 |   1.2147 |     43.235 |     0.3
   12 |   1.1806 |     42.386 |   1.1908 |     41.759 |     0.3
   13 |   1.1612 |     41.777 |   1.1738 |     42.159 |     0.3
   14 |   1.1368 |     40.936 |   1.1589 |     41.636 |     0.4
   15 |   1.1211 |     40.260 |   1.1514 |     41.759 |     0.4
   16 |   1.1051 |     39.815 |   1.1252 |     40.375 |     0.4
   17 |   1.0845 |     39.052 |   1.1047 |     40.037 |     0.5
   18 |   1.0641 |     38.222 |   1.0987 |     38.930 |     0.5
   19 |   1.0416 |     37.047 |   1.0828 |     38.653 |     0.5
   20 |   1.0239 |     36.080 |   1.0627 |     38.007 |     0.5
   21 |   1.0017 |     35.223 |   1.0467 |     36.531 |     0.6
   22 |   0.9823 |     34.135 |   1.0479 |     36.685 |     0.6
   23 |   0.9611 |     33.405 |   1.0298 |     36.224 |     0.6
   24 |   0.9393 |     32.460 |   1.0155 |     34.932 |     0.6
   25 |   0.9171 |     31.647 |   1.0067 |     34.133 |     0.7
   26 |   0.8972 |     30.647 |   1.0164 |     34.717 |     0.7
   27 |   0.8731 |     29.867 |   1.0099 |     34.317 |     0.7
   28 |   0.8502 |     28.922 |   1.0016 |     34.164 |     0.7
   29 |   0.8343 |     28.258 |   0.9822 |     32.503 |     0.8
   30 |   0.8079 |     27.384 |   0.9903 |     32.964 |     0.8
   31 |   0.7847 |     26.412 |   0.9858 |     32.749 |     0.8
   32 |   0.7618 |     25.346 |   0.9938 |     32.688 |     0.9
   33 |   0.7511 |     25.346 |   0.9714 |     31.642 |     0.9
   34 |   0.7197 |     24.121 |   0.9695 |     31.980 |     0.9
   35 |   0.6954 |     23.363 |   0.9747 |     32.103 |     0.9
   36 |   0.7009 |     23.819 |   0.9871 |     32.042 |     1.0
   37 |   0.6685 |     22.588 |   0.9850 |     32.134 |     1.0
   38 |   0.6396 |     21.622 |   0.9808 |     31.673 |     1.0
Early stopping

Model: Seq2Seq Bi-LSTM
Source index: <Seq2Seq Index with 45 items>
Target index: <Seq2Seq Index with 34 items>
Encoder embedding dimension: 128
Decoder embedding dimension: 64
Encoder hidden units: 128
Encoder layers: 3
Decoder hidden units: 128
Decoder layers: 3
Dropout: 0.1
Trainable parameters: 1,627,170

Training started
X_train.shape: torch.Size([3034, 702])
Y_train.shape: torch.Size([3034, 7])
X_dev.shape: torch.Size([542, 350])
Y_dev.shape: torch.Size([542, 7])
Epochs: 500
Learning rate: 0.001
Weight decay: 1e-05
Epoch | Train                 | Development           | Minutes
      | Loss     | Error Rate | Loss     | Error Rate |
---------------------------------------------------------------
    1 |   2.2002 |     59.712 |   1.6484 |     49.385 |     0.1
    2 |   1.4993 |     46.336 |   1.4488 |     47.202 |     0.1
    3 |   1.4185 |     46.259 |   1.4152 |     47.017 |     0.2
    4 |   1.3981 |     46.232 |   1.4009 |     47.140 |     0.3
    5 |   1.3746 |     46.050 |   1.3729 |     46.556 |     0.3
    6 |   1.3460 |     45.787 |   1.3439 |     47.079 |     0.4
    7 |   1.3191 |     45.897 |   1.3168 |     46.187 |     0.4
    8 |   1.2994 |     45.545 |   1.3031 |     45.818 |     0.5
    9 |   1.2837 |     45.138 |   1.2896 |     45.541 |     0.6
   10 |   1.2677 |     44.924 |   1.2826 |     45.418 |     0.6
   11 |   1.2461 |     44.364 |   1.2450 |     44.865 |     0.7
   12 |   1.2201 |     43.776 |   1.2325 |     43.973 |     0.8
   13 |   1.2001 |     43.002 |   1.2023 |     42.835 |     0.8
   14 |   1.1798 |     42.485 |   1.1923 |     42.005 |     0.9
   15 |   1.1571 |     41.568 |   1.1714 |     41.605 |     1.0
   16 |   1.1341 |     40.480 |   1.1484 |     40.959 |     1.0
   17 |   1.1115 |     39.859 |   1.1246 |     40.314 |     1.1
   18 |   1.0837 |     38.508 |   1.1129 |     39.668 |     1.1
   19 |   1.0529 |     36.997 |   1.0794 |     38.776 |     1.2
   20 |   1.0331 |     36.047 |   1.0749 |     37.823 |     1.3
   21 |   0.9970 |     34.751 |   1.0510 |     36.531 |     1.3
   22 |   0.9585 |     33.432 |   1.0314 |     35.916 |     1.4
   23 |   0.9263 |     31.751 |   1.0188 |     35.025 |     1.5
   24 |   0.8943 |     30.543 |   1.0007 |     34.256 |     1.5
   25 |   0.8584 |     29.241 |   0.9986 |     33.825 |     1.6
   26 |   0.8220 |     27.752 |   1.0105 |     34.379 |     1.7
   27 |   0.7904 |     26.313 |   0.9887 |     32.903 |     1.7
   28 |   0.7586 |     25.198 |   0.9948 |     32.780 |     1.8
   29 |   0.7240 |     23.885 |   0.9814 |     32.472 |     1.8
   30 |   0.6953 |     23.088 |   0.9867 |     31.888 |     1.9
   31 |   0.6590 |     21.715 |   0.9850 |     31.642 |     2.0
   32 |   0.6313 |     20.594 |   0.9910 |     31.458 |     2.0
   33 |   0.5977 |     19.545 |   0.9919 |     30.658 |     2.1
Early stopping

Model: Seq2Seq Bi-LSTM
Source index: <Seq2Seq Index with 45 items>
Target index: <Seq2Seq Index with 34 items>
Encoder embedding dimension: 128
Decoder embedding dimension: 128
Encoder hidden units: 64
Encoder layers: 3
Decoder hidden units: 128
Decoder layers: 2
Dropout: 0.2
Trainable parameters: 674,978

Training started
X_train.shape: torch.Size([3034, 702])
Y_train.shape: torch.Size([3034, 7])
X_dev.shape: torch.Size([542, 350])
Y_dev.shape: torch.Size([542, 7])
Epochs: 500
Learning rate: 0.001
Weight decay: 1e-05
Epoch | Train                 | Development           | Minutes
      | Loss     | Error Rate | Loss     | Error Rate |
---------------------------------------------------------------
    1 |   2.0463 |     56.169 |   1.4928 |     46.740 |     0.0
    2 |   1.4000 |     45.441 |   1.3581 |     46.002 |     0.1
    3 |   1.3195 |     44.836 |   1.3041 |     45.203 |     0.1
    4 |   1.2729 |     43.930 |   1.2668 |     44.588 |     0.1
    5 |   1.2377 |     43.271 |   1.2526 |     44.803 |     0.1
    6 |   1.2094 |     42.513 |   1.2164 |     43.358 |     0.2
    7 |   1.1843 |     42.276 |   1.1944 |     43.050 |     0.2
    8 |   1.1552 |     41.024 |   1.1634 |     41.298 |     0.2
    9 |   1.1232 |     40.002 |   1.1398 |     41.328 |     0.3
   10 |   1.0941 |     38.656 |   1.1166 |     39.176 |     0.3
   11 |   1.0616 |     37.426 |   1.0831 |     37.239 |     0.3
   12 |   1.0224 |     35.586 |   1.0561 |     37.454 |     0.4
   13 |   0.9936 |     34.333 |   1.0393 |     36.255 |     0.4
   14 |   0.9574 |     33.020 |   1.0185 |     35.209 |     0.4
   15 |   0.9229 |     31.295 |   1.0061 |     34.379 |     0.4
   16 |   0.8840 |     29.993 |   0.9831 |     33.087 |     0.5
   17 |   0.8519 |     28.889 |   0.9667 |     32.964 |     0.5
   18 |   0.8196 |     27.911 |   0.9522 |     31.950 |     0.5
   19 |   0.7862 |     26.395 |   0.9385 |     31.212 |     0.6
   20 |   0.7510 |     25.066 |   0.9344 |     31.519 |     0.6
   21 |   0.7286 |     24.324 |   0.9480 |     31.181 |     0.6
   22 |   0.6867 |     22.863 |   0.9406 |     30.166 |     0.7
   23 |   0.6627 |     21.962 |   0.9344 |     29.982 |     0.7
   24 |   0.6343 |     21.100 |   0.9409 |     29.613 |     0.7
Early stopping

Model: Seq2Seq Bi-LSTM
Source index: <Seq2Seq Index with 45 items>
Target index: <Seq2Seq Index with 34 items>
Encoder embedding dimension: 32
Decoder embedding dimension: 128
Encoder hidden units: 128
Encoder layers: 4
Decoder hidden units: 128
Decoder layers: 3
Dropout: 0.2
Trainable parameters: 2,020,290

Training started
X_train.shape: torch.Size([3034, 702])
Y_train.shape: torch.Size([3034, 7])
X_dev.shape: torch.Size([542, 350])
Y_dev.shape: torch.Size([542, 7])
Epochs: 500
Learning rate: 0.001
Weight decay: 0.0001
Epoch | Train                 | Development           | Minutes
      | Loss     | Error Rate | Loss     | Error Rate |
---------------------------------------------------------------
    1 |   2.2298 |     60.371 |   1.6496 |     49.385 |     0.1
    2 |   1.4978 |     46.276 |   1.4381 |     47.202 |     0.2
    3 |   1.4034 |     46.226 |   1.3874 |     47.017 |     0.2
    4 |   1.3500 |     45.946 |   1.3403 |     46.833 |     0.3
    5 |   1.3152 |     45.314 |   1.3099 |     46.033 |     0.4
    6 |   1.2869 |     44.776 |   1.2919 |     45.695 |     0.5
    7 |   1.2663 |     44.617 |   1.2745 |     44.496 |     0.6
    8 |   1.2458 |     44.221 |   1.2431 |     44.742 |     0.7
    9 |   1.2254 |     43.617 |   1.2249 |     42.681 |     0.7
   10 |   1.2107 |     43.381 |   1.2118 |     43.450 |     0.8
   11 |   1.1943 |     42.908 |   1.2050 |     43.542 |     0.9
   12 |   1.1863 |     42.617 |   1.1907 |     43.112 |     1.0
   13 |   1.1711 |     42.381 |   1.1855 |     42.866 |     1.1
   14 |   1.1652 |     42.040 |   1.1768 |     42.743 |     1.1
   15 |   1.1585 |     41.716 |   1.1666 |     42.405 |     1.2
   16 |   1.1488 |     41.590 |   1.1595 |     42.466 |     1.3
   17 |   1.1398 |     41.496 |   1.1569 |     42.743 |     1.4
   18 |   1.1357 |     41.354 |   1.1467 |     41.175 |     1.5
   19 |   1.1294 |     41.321 |   1.1361 |     42.128 |     1.5
   20 |   1.1221 |     41.134 |   1.1331 |     41.205 |     1.6
   21 |   1.1156 |     40.925 |   1.1298 |     41.790 |     1.7
   22 |   1.1093 |     40.574 |   1.1273 |     42.189 |     1.8
   23 |   1.1058 |     40.656 |   1.1217 |     41.175 |     1.9
   24 |   1.1016 |     40.453 |   1.1138 |     41.205 |     2.0
   25 |   1.0926 |     40.107 |   1.1091 |     41.175 |     2.0
   26 |   1.0895 |     40.002 |   1.1080 |     40.929 |     2.1
   27 |   1.0822 |     39.689 |   1.1062 |     41.082 |     2.2
   28 |   1.0797 |     39.684 |   1.0921 |     40.713 |     2.3
   29 |   1.0766 |     39.629 |   1.0918 |     40.683 |     2.4
   30 |   1.0705 |     39.414 |   1.0950 |     40.836 |     2.5
   31 |   1.0670 |     39.475 |   1.0948 |     40.867 |     2.5
   32 |   1.0665 |     39.420 |   1.0898 |     40.437 |     2.6
   33 |   1.0581 |     38.788 |   1.0893 |     40.283 |     2.7
   34 |   1.0530 |     39.090 |   1.0880 |     39.822 |     2.8
   35 |   1.0504 |     38.711 |   1.0781 |     39.176 |     2.9
   36 |   1.0450 |     38.426 |   1.0843 |     39.422 |     2.9
   37 |   1.0405 |     38.184 |   1.0774 |     39.237 |     3.0
   38 |   1.0371 |     37.893 |   1.0744 |     38.776 |     3.1
   39 |   1.0326 |     37.706 |   1.0677 |     38.592 |     3.2
   40 |   1.0279 |     37.766 |   1.0563 |     38.038 |     3.3
   41 |   1.0211 |     37.343 |   1.0566 |     38.499 |     3.3
   42 |   1.0171 |     37.107 |   1.0540 |     37.269 |     3.4
   43 |   1.0102 |     37.008 |   1.0513 |     37.546 |     3.5
   44 |   1.0083 |     36.970 |   1.0405 |     37.454 |     3.6
   45 |   1.0007 |     36.536 |   1.0400 |     37.208 |     3.7
   46 |   0.9937 |     36.190 |   1.0423 |     37.362 |     3.8
   47 |   0.9936 |     36.316 |   1.0481 |     37.546 |     3.8
   48 |   0.9859 |     35.943 |   1.0351 |     37.177 |     3.9
   49 |   0.9826 |     35.959 |   1.0357 |     37.700 |     4.0
   50 |   0.9752 |     35.811 |   1.0310 |     36.654 |     4.1
   51 |   0.9758 |     35.553 |   1.0411 |     37.700 |     4.2
   52 |   0.9713 |     35.657 |   1.0253 |     36.562 |     4.2
   53 |   0.9674 |     35.717 |   1.0288 |     36.654 |     4.3
   54 |   0.9579 |     34.789 |   1.0313 |     37.731 |     4.4
   55 |   0.9578 |     35.097 |   1.0284 |     36.132 |     4.5
   56 |   0.9532 |     34.860 |   1.0265 |     37.423 |     4.6
   57 |   0.9486 |     34.613 |   1.0228 |     36.870 |     4.6
   58 |   0.9416 |     34.344 |   1.0203 |     36.870 |     4.7
   59 |   0.9397 |     34.130 |   1.0237 |     36.593 |     4.8
   60 |   0.9347 |     34.185 |   1.0143 |     37.023 |     4.9
   61 |   0.9340 |     33.998 |   1.0126 |     35.916 |     5.0
   62 |   0.9276 |     33.982 |   1.0147 |     36.224 |     5.1
   63 |   0.9255 |     33.844 |   1.0188 |     35.424 |     5.1
   64 |   0.9177 |     33.328 |   1.0103 |     36.162 |     5.2
   65 |   0.9153 |     33.295 |   1.0044 |     36.101 |     5.3
   66 |   0.9064 |     33.020 |   1.0080 |     36.439 |     5.4
   67 |   0.9059 |     32.768 |   1.0055 |     36.009 |     5.5
   68 |   0.9005 |     32.680 |   1.0044 |     34.717 |     5.5
   69 |   0.8939 |     32.773 |   1.0024 |     35.055 |     5.6
   70 |   0.8946 |     32.696 |   1.0055 |     34.748 |     5.7
   71 |   0.8864 |     32.020 |   1.0032 |     35.332 |     5.8
   72 |   0.8803 |     31.795 |   0.9949 |     35.670 |     5.9
   73 |   0.8784 |     31.801 |   1.0081 |     35.394 |     5.9
   74 |   0.8748 |     31.966 |   1.0008 |     35.394 |     6.0
   75 |   0.8695 |     31.383 |   1.0008 |     35.547 |     6.1
   76 |   0.8640 |     31.284 |   1.0052 |     35.301 |     6.2
   77 |   0.8624 |     30.982 |   0.9937 |     34.594 |     6.3
   78 |   0.8562 |     31.152 |   1.0006 |     35.394 |     6.4
   79 |   0.8515 |     30.850 |   1.0006 |     34.533 |     6.4
   80 |   0.8487 |     30.241 |   0.9879 |     34.717 |     6.5
   81 |   0.8428 |     30.554 |   1.0044 |     34.041 |     6.6
   82 |   0.8396 |     30.164 |   0.9923 |     34.256 |     6.7
   83 |   0.8342 |     30.235 |   0.9995 |     34.225 |     6.8
   84 |   0.8360 |     30.142 |   1.0002 |     34.348 |     6.9
Early stopping

Model: Seq2Seq Bi-LSTM
Source index: <Seq2Seq Index with 45 items>
Target index: <Seq2Seq Index with 34 items>
Encoder embedding dimension: 64
Decoder embedding dimension: 128
Encoder hidden units: 64
Encoder layers: 4
Decoder hidden units: 128
Decoder layers: 2
Dropout: 0.1
Trainable parameters: 771,426

Training started
X_train.shape: torch.Size([3034, 702])
Y_train.shape: torch.Size([3034, 7])
X_dev.shape: torch.Size([542, 350])
Y_dev.shape: torch.Size([542, 7])
Epochs: 500
Learning rate: 0.001
Weight decay: 0.0001
Epoch | Train                 | Development           | Minutes
      | Loss     | Error Rate | Loss     | Error Rate |
---------------------------------------------------------------
    1 |   2.0117 |     55.598 |   1.4817 |     46.740 |     0.0
    2 |   1.3917 |     45.611 |   1.3524 |     45.726 |     0.1
    3 |   1.3141 |     44.726 |   1.3169 |     45.510 |     0.1
    4 |   1.2732 |     44.205 |   1.2649 |     44.127 |     0.1
    5 |   1.2382 |     43.606 |   1.2379 |     44.280 |     0.2
    6 |   1.2079 |     42.930 |   1.2138 |     43.327 |     0.2
    7 |   1.1800 |     42.249 |   1.1827 |     42.128 |     0.2
    8 |   1.1569 |     41.474 |   1.1630 |     41.943 |     0.3
    9 |   1.1357 |     40.788 |   1.1402 |     40.683 |     0.3
   10 |   1.1124 |     39.722 |   1.1304 |     40.713 |     0.3
   11 |   1.0920 |     39.074 |   1.1190 |     40.283 |     0.4
   12 |   1.0760 |     38.464 |   1.1010 |     39.822 |     0.4
   13 |   1.0568 |     37.662 |   1.0995 |     38.745 |     0.5
   14 |   1.0380 |     37.036 |   1.0748 |     38.715 |     0.5
   15 |   1.0184 |     36.162 |   1.0702 |     38.930 |     0.5
   16 |   1.0032 |     35.487 |   1.0492 |     37.054 |     0.6
   17 |   0.9812 |     34.608 |   1.0429 |     36.132 |     0.6
   18 |   0.9661 |     34.009 |   1.0357 |     36.255 |     0.6
   19 |   0.9480 |     33.619 |   1.0206 |     35.670 |     0.7
   20 |   0.9307 |     32.658 |   1.0200 |     35.517 |     0.7
   21 |   0.9139 |     31.905 |   1.0151 |     35.301 |     0.7
   22 |   0.8944 |     31.526 |   1.0013 |     34.840 |     0.8
   23 |   0.8740 |     30.493 |   0.9791 |     33.887 |     0.8
   24 |   0.8538 |     29.691 |   0.9858 |     34.471 |     0.8
   25 |   0.8340 |     28.807 |   0.9743 |     33.795 |     0.9
   26 |   0.8171 |     28.258 |   0.9572 |     32.749 |     0.9
   27 |   0.7939 |     27.598 |   0.9546 |     32.688 |     0.9
   28 |   0.7697 |     26.467 |   0.9503 |     32.257 |     1.0
   29 |   0.7577 |     26.258 |   0.9351 |     31.673 |     1.0
   30 |   0.7398 |     25.335 |   0.9251 |     31.488 |     1.0
   31 |   0.7095 |     24.198 |   0.9447 |     32.103 |     1.1
   32 |   0.6933 |     23.665 |   0.9299 |     30.843 |     1.1
   33 |   0.6699 |     22.720 |   0.9378 |     30.258 |     1.1
   34 |   0.6536 |     22.001 |   0.9212 |     30.197 |     1.2
   35 |   0.6351 |     21.556 |   0.9174 |     29.490 |     1.2
   36 |   0.6154 |     20.688 |   0.9167 |     29.397 |     1.2
   37 |   0.6019 |     20.160 |   0.9119 |     29.736 |     1.3
   38 |   0.5788 |     19.391 |   0.9414 |     29.397 |     1.3
   39 |   0.5692 |     19.100 |   0.9067 |     28.690 |     1.4
   40 |   0.5411 |     18.034 |   0.9139 |     28.875 |     1.4
   41 |   0.5340 |     17.881 |   0.9143 |     28.782 |     1.4
   42 |   0.5200 |     17.463 |   0.9919 |     29.213 |     1.5
   43 |   0.5199 |     17.568 |   0.9208 |     27.798 |     1.5
Early stopping

