Model: Seq2Seq Bi-LSTM
Source index: <Seq2Seq Index with 45 items>
Target index: <Seq2Seq Index with 34 items>
Encoder embedding dimension: 32
Decoder embedding dimension: 128
Encoder hidden units: 64
Encoder layers: 2
Decoder hidden units: 128
Decoder layers: 3
Dropout: 0.0
Trainable parameters: 621,506

Training started
X_train.shape: torch.Size([3048, 649])
Y_train.shape: torch.Size([3048, 7])
X_dev.shape: torch.Size([541, 337])
Y_dev.shape: torch.Size([541, 7])
Epochs: 500
Learning rate: 0.001
Weight decay: 1e-05
Epoch | Train                 | Development           | Minutes
      | Loss     | Error Rate | Loss     | Error Rate |
---------------------------------------------------------------
    1 |   2.1258 |     58.410 |   1.5510 |     46.919 |     0.0
    2 |   1.4351 |     46.183 |   1.3961 |     46.919 |     0.0
    3 |   1.3550 |     45.806 |   1.3436 |     46.211 |     0.0
    4 |   1.3207 |     45.986 |   1.3208 |     46.611 |     0.1
    5 |   1.2947 |     45.112 |   1.3009 |     45.595 |     0.1
    6 |   1.2731 |     44.701 |   1.2783 |     44.609 |     0.1
    7 |   1.2541 |     44.012 |   1.2651 |     44.177 |     0.1
    8 |   1.2371 |     43.580 |   1.2443 |     43.931 |     0.1
    9 |   1.2182 |     43.345 |   1.2212 |     42.853 |     0.1
   10 |   1.2011 |     42.831 |   1.2047 |     42.945 |     0.2
   11 |   1.1775 |     42.175 |   1.2022 |     43.808 |     0.2
   12 |   1.1539 |     41.661 |   1.1704 |     41.158 |     0.2
   13 |   1.1292 |     40.229 |   1.1386 |     40.357 |     0.2
   14 |   1.1020 |     39.195 |   1.1222 |     40.111 |     0.2
   15 |   1.0768 |     38.156 |   1.0997 |     37.924 |     0.3
   16 |   1.0519 |     37.106 |   1.0783 |     38.725 |     0.3
   17 |   1.0275 |     36.259 |   1.0631 |     37.646 |     0.3
   18 |   1.0001 |     35.039 |   1.0376 |     36.075 |     0.3
   19 |   0.9704 |     33.957 |   1.0498 |     36.352 |     0.3
   20 |   0.9524 |     33.175 |   1.0050 |     35.089 |     0.3
   21 |   0.9203 |     31.868 |   0.9935 |     33.888 |     0.4
   22 |   0.8965 |     30.813 |   0.9832 |     33.580 |     0.4
   23 |   0.8726 |     30.063 |   0.9836 |     33.333 |     0.4
   24 |   0.8620 |     29.566 |   0.9717 |     31.978 |     0.4
   25 |   0.8255 |     28.177 |   0.9570 |     31.731 |     0.4
   26 |   0.8023 |     27.264 |   0.9398 |     31.054 |     0.5
   27 |   0.7798 |     26.427 |   0.9414 |     31.177 |     0.5
   28 |   0.7480 |     25.306 |   0.9593 |     30.499 |     0.5
   29 |   0.7268 |     24.606 |   0.9562 |     30.930 |     0.5
   30 |   0.7126 |     24.224 |   0.9338 |     30.283 |     0.5
   31 |   0.6897 |     23.321 |   0.9460 |     29.698 |     0.5
   32 |   0.6656 |     22.375 |   0.9293 |     29.791 |     0.6
   33 |   0.6400 |     21.654 |   0.9304 |     28.774 |     0.6
   34 |   0.6276 |     21.172 |   0.9452 |     29.606 |     0.6
   35 |   0.6113 |     20.549 |   0.9810 |     30.006 |     0.6
   36 |   0.6186 |     20.981 |   0.9480 |     29.421 |     0.6
Early stopping

Model: Seq2Seq Bi-LSTM
Source index: <Seq2Seq Index with 45 items>
Target index: <Seq2Seq Index with 34 items>
Encoder embedding dimension: 64
Decoder embedding dimension: 128
Encoder hidden units: 64
Encoder layers: 3
Decoder hidden units: 128
Decoder layers: 2
Dropout: 0.1
Trainable parameters: 639,330

Training started
X_train.shape: torch.Size([3048, 649])
Y_train.shape: torch.Size([3048, 7])
X_dev.shape: torch.Size([541, 337])
Y_dev.shape: torch.Size([541, 7])
Epochs: 500
Learning rate: 0.001
Weight decay: 1e-05
Epoch | Train                 | Development           | Minutes
      | Loss     | Error Rate | Loss     | Error Rate |
---------------------------------------------------------------
    1 |   2.0139 |     54.921 |   1.4956 |     46.580 |     0.0
    2 |   1.3944 |     45.664 |   1.3556 |     46.211 |     0.1
    3 |   1.3101 |     44.723 |   1.2996 |     44.331 |     0.1
    4 |   1.2666 |     43.827 |   1.2603 |     44.177 |     0.1
    5 |   1.2293 |     43.247 |   1.2263 |     43.130 |     0.1
    6 |   1.1938 |     41.946 |   1.1885 |     41.713 |     0.2
    7 |   1.1615 |     41.005 |   1.1540 |     40.419 |     0.2
    8 |   1.1248 |     40.218 |   1.1398 |     40.635 |     0.2
    9 |   1.0932 |     38.812 |   1.1088 |     38.909 |     0.2
   10 |   1.0646 |     37.686 |   1.0761 |     37.677 |     0.3
   11 |   1.0260 |     35.931 |   1.0524 |     36.907 |     0.3
   12 |   0.9880 |     34.345 |   1.0308 |     35.705 |     0.3
   13 |   0.9529 |     32.836 |   1.0012 |     33.703 |     0.3
   14 |   0.9095 |     31.059 |   0.9854 |     33.087 |     0.4
   15 |   0.8798 |     29.916 |   0.9648 |     32.440 |     0.4
   16 |   0.8400 |     27.986 |   0.9459 |     31.639 |     0.4
   17 |   0.8117 |     27.143 |   0.9472 |     31.855 |     0.4
   18 |   0.7771 |     25.957 |   0.9339 |     30.807 |     0.4
   19 |   0.7411 |     24.929 |   0.9205 |     29.636 |     0.5
   20 |   0.7178 |     24.065 |   0.9369 |     30.099 |     0.5
   21 |   0.6819 |     22.813 |   0.9097 |     29.174 |     0.5
   22 |   0.6584 |     21.785 |   0.9159 |     29.328 |     0.5
   23 |   0.6342 |     21.008 |   0.9046 |     28.712 |     0.6
   24 |   0.6096 |     20.412 |   0.9129 |     27.819 |     0.6
   25 |   0.5764 |     19.029 |   0.8996 |     27.203 |     0.6
   26 |   0.5521 |     18.334 |   0.9036 |     27.449 |     0.6
   27 |   0.5303 |     17.689 |   0.9187 |     27.234 |     0.7
   28 |   0.5125 |     17.060 |   0.9267 |     26.895 |     0.7
   29 |   0.4835 |     15.983 |   0.9293 |     27.110 |     0.7
Early stopping

Model: Seq2Seq Bi-LSTM
Source index: <Seq2Seq Index with 45 items>
Target index: <Seq2Seq Index with 34 items>
Encoder embedding dimension: 64
Decoder embedding dimension: 128
Encoder hidden units: 128
Encoder layers: 3
Decoder hidden units: 64
Decoder layers: 3
Dropout: 0.1
Trainable parameters: 1,213,154

Training started
X_train.shape: torch.Size([3048, 649])
Y_train.shape: torch.Size([3048, 7])
X_dev.shape: torch.Size([541, 337])
Y_dev.shape: torch.Size([541, 7])
Epochs: 500
Learning rate: 0.001
Weight decay: 0.0001
Epoch | Train                 | Development           | Minutes
      | Loss     | Error Rate | Loss     | Error Rate |
---------------------------------------------------------------
    1 |   2.5044 |     67.186 |   1.9815 |     57.240 |     0.1
    2 |   1.7471 |     49.475 |   1.5783 |     46.919 |     0.1
    3 |   1.4952 |     46.243 |   1.4621 |     46.919 |     0.2
    4 |   1.4231 |     46.205 |   1.4093 |     46.919 |     0.2
    5 |   1.3727 |     45.970 |   1.3656 |     46.149 |     0.3
    6 |   1.3396 |     45.522 |   1.3405 |     45.903 |     0.3
    7 |   1.3145 |     45.008 |   1.3162 |     45.625 |     0.4
    8 |   1.2919 |     44.636 |   1.2892 |     44.824 |     0.4
    9 |   1.2720 |     44.313 |   1.2757 |     44.886 |     0.5
   10 |   1.2560 |     44.160 |   1.2571 |     43.993 |     0.5
   11 |   1.2411 |     43.701 |   1.2534 |     43.962 |     0.6
   12 |   1.2273 |     43.559 |   1.2350 |     44.270 |     0.7
   13 |   1.2159 |     43.154 |   1.2190 |     43.284 |     0.7
   14 |   1.2031 |     42.717 |   1.2193 |     42.976 |     0.8
   15 |   1.1934 |     42.449 |   1.1993 |     42.545 |     0.8
   16 |   1.1827 |     41.902 |   1.1858 |     41.620 |     0.9
   17 |   1.1726 |     41.973 |   1.1823 |     41.436 |     0.9
   18 |   1.1633 |     41.437 |   1.1741 |     41.805 |     1.0
   19 |   1.1528 |     41.087 |   1.1669 |     41.343 |     1.0
   20 |   1.1539 |     41.224 |   1.1752 |     42.052 |     1.1
   21 |   1.1464 |     40.956 |   1.1566 |     40.573 |     1.2
   22 |   1.1312 |     40.261 |   1.1568 |     40.511 |     1.2
   23 |   1.1277 |     40.283 |   1.1568 |     41.312 |     1.3
   24 |   1.1211 |     39.868 |   1.1357 |     40.481 |     1.3
   25 |   1.1126 |     39.808 |   1.1322 |     40.511 |     1.4
   26 |   1.1081 |     39.835 |   1.1264 |     40.758 |     1.4
   27 |   1.1034 |     39.479 |   1.1215 |     40.511 |     1.5
   28 |   1.0958 |     39.195 |   1.1167 |     39.310 |     1.5
   29 |   1.0867 |     38.769 |   1.1291 |     40.049 |     1.6
   30 |   1.0830 |     38.626 |   1.1066 |     39.002 |     1.6
   31 |   1.0778 |     38.572 |   1.1063 |     38.447 |     1.7
   32 |   1.0695 |     38.009 |   1.0980 |     39.033 |     1.8
   33 |   1.0622 |     37.828 |   1.0935 |     37.924 |     1.8
   34 |   1.0558 |     37.445 |   1.0936 |     38.601 |     1.9
   35 |   1.0491 |     37.505 |   1.0913 |     38.571 |     1.9
   36 |   1.0455 |     37.150 |   1.0804 |     37.862 |     2.0
   37 |   1.0355 |     36.778 |   1.0908 |     38.170 |     2.0
   38 |   1.0353 |     36.855 |   1.0709 |     37.646 |     2.1
   39 |   1.0258 |     36.439 |   1.0694 |     37.893 |     2.2
   40 |   1.0175 |     36.483 |   1.0630 |     37.492 |     2.2
   41 |   1.0131 |     36.231 |   1.0565 |     36.907 |     2.3
   42 |   1.0046 |     35.608 |   1.0581 |     36.999 |     2.3
   43 |   0.9988 |     35.165 |   1.0467 |     36.722 |     2.4
   44 |   0.9885 |     34.886 |   1.0423 |     35.952 |     2.4
   45 |   0.9834 |     34.372 |   1.0446 |     36.722 |     2.5
   46 |   0.9793 |     34.607 |   1.0404 |     36.075 |     2.5
   47 |   0.9701 |     34.126 |   1.0414 |     36.168 |     2.6
   48 |   0.9601 |     33.787 |   1.0361 |     35.983 |     2.7
   49 |   0.9551 |     33.568 |   1.0272 |     35.983 |     2.7
   50 |   0.9457 |     33.317 |   1.0245 |     35.305 |     2.8
   51 |   0.9421 |     33.005 |   1.0245 |     35.397 |     2.8
   52 |   0.9374 |     32.672 |   1.0201 |     34.504 |     2.9
   53 |   0.9259 |     32.448 |   1.0097 |     34.812 |     2.9
   54 |   0.9200 |     32.037 |   1.0283 |     35.521 |     3.0
   55 |   0.9186 |     32.141 |   1.0153 |     34.750 |     3.1
   56 |   0.9102 |     31.797 |   1.0092 |     34.504 |     3.1
   57 |   0.9007 |     31.124 |   1.0076 |     34.350 |     3.2
   58 |   0.8912 |     31.124 |   1.0022 |     34.042 |     3.2
   59 |   0.8843 |     30.774 |   1.0124 |     33.919 |     3.3
   60 |   0.8804 |     30.649 |   1.0013 |     33.826 |     3.3
   61 |   0.8648 |     30.025 |   0.9961 |     33.087 |     3.4
   62 |   0.8618 |     29.741 |   0.9949 |     33.549 |     3.4
   63 |   0.8538 |     29.659 |   1.0052 |     33.487 |     3.5
   64 |   0.8461 |     29.123 |   0.9962 |     33.826 |     3.5
   65 |   0.8316 |     28.767 |   1.0059 |     33.426 |     3.6
   66 |   0.8324 |     28.773 |   0.9950 |     33.487 |     3.7
   67 |   0.8250 |     28.456 |   0.9889 |     33.025 |     3.7
   68 |   0.8168 |     28.073 |   0.9913 |     33.549 |     3.8
   69 |   0.8061 |     27.756 |   0.9981 |     33.241 |     3.8
   70 |   0.8024 |     27.253 |   1.0049 |     33.087 |     3.9
   71 |   0.7916 |     26.985 |   0.9851 |     33.210 |     4.0
   72 |   0.7840 |     26.810 |   0.9983 |     32.933 |     4.0
   73 |   0.7745 |     26.509 |   0.9893 |     32.193 |     4.1
   74 |   0.7720 |     26.351 |   0.9867 |     32.871 |     4.1
   75 |   0.7593 |     25.755 |   1.0034 |     32.686 |     4.2
   76 |   0.7531 |     25.585 |   0.9823 |     31.947 |     4.2
   77 |   0.7421 |     25.131 |   0.9861 |     30.900 |     4.3
   78 |   0.7346 |     25.005 |   0.9894 |     31.793 |     4.3
   79 |   0.7261 |     24.738 |   0.9968 |     31.885 |     4.4
   80 |   0.7228 |     24.770 |   0.9837 |     31.392 |     4.5
Early stopping

Model: Seq2Seq Bi-LSTM
Source index: <Seq2Seq Index with 45 items>
Target index: <Seq2Seq Index with 34 items>
Encoder embedding dimension: 32
Decoder embedding dimension: 128
Encoder hidden units: 128
Encoder layers: 3
Decoder hidden units: 128
Decoder layers: 3
Dropout: 0.1
Trainable parameters: 1,559,490

Training started
X_train.shape: torch.Size([3048, 649])
Y_train.shape: torch.Size([3048, 7])
X_dev.shape: torch.Size([541, 337])
Y_dev.shape: torch.Size([541, 7])
Epochs: 500
Learning rate: 0.001
Weight decay: 1e-05
Epoch | Train                 | Development           | Minutes
      | Loss     | Error Rate | Loss     | Error Rate |
---------------------------------------------------------------
    1 |   2.2038 |     60.121 |   1.6286 |     46.919 |     0.1
    2 |   1.4859 |     46.233 |   1.4371 |     46.919 |     0.1
    3 |   1.4036 |     46.342 |   1.3966 |     46.580 |     0.2
    4 |   1.3674 |     45.910 |   1.3609 |     46.272 |     0.2
    5 |   1.3385 |     45.762 |   1.3391 |     46.180 |     0.3
    6 |   1.3179 |     45.631 |   1.3235 |     45.379 |     0.3
    7 |   1.3012 |     45.478 |   1.3074 |     45.102 |     0.4
    8 |   1.2850 |     44.876 |   1.2860 |     45.102 |     0.5
    9 |   1.2696 |     44.532 |   1.2727 |     44.732 |     0.5
   10 |   1.2573 |     44.526 |   1.2620 |     44.609 |     0.6
   11 |   1.2406 |     44.100 |   1.2450 |     44.640 |     0.6
   12 |   1.2260 |     43.772 |   1.2390 |     44.855 |     0.7
   13 |   1.2099 |     43.488 |   1.2184 |     43.715 |     0.7
   14 |   1.1994 |     43.400 |   1.2002 |     43.038 |     0.8
   15 |   1.1764 |     42.520 |   1.1780 |     42.267 |     0.9
   16 |   1.1602 |     42.224 |   1.1791 |     41.774 |     0.9
   17 |   1.1411 |     41.235 |   1.1447 |     40.481 |     1.0
   18 |   1.1212 |     39.955 |   1.1343 |     40.296 |     1.0
   19 |   1.1036 |     39.687 |   1.1198 |     39.279 |     1.1
   20 |   1.0871 |     39.009 |   1.1019 |     38.971 |     1.1
   21 |   1.0727 |     38.353 |   1.1121 |     39.094 |     1.2
   22 |   1.0768 |     38.523 |   1.0882 |     37.831 |     1.2
   23 |   1.0439 |     37.708 |   1.0717 |     38.417 |     1.3
   24 |   1.0236 |     36.647 |   1.0629 |     37.523 |     1.4
   25 |   1.0076 |     36.286 |   1.0530 |     37.585 |     1.4
   26 |   1.0080 |     36.067 |   1.0501 |     37.739 |     1.5
   27 |   0.9961 |     35.827 |   1.0312 |     35.459 |     1.5
   28 |   0.9660 |     34.268 |   1.0150 |     36.044 |     1.6
   29 |   0.9408 |     33.574 |   1.0158 |     35.089 |     1.6
   30 |   0.9266 |     33.027 |   0.9933 |     34.566 |     1.7
   31 |   0.9086 |     31.813 |   0.9837 |     33.118 |     1.8
   32 |   0.8806 |     30.780 |   0.9670 |     32.840 |     1.8
   33 |   0.8672 |     30.271 |   0.9831 |     32.717 |     1.9
   34 |   0.8423 |     29.161 |   0.9682 |     33.272 |     1.9
   35 |   0.8228 |     28.308 |   0.9610 |     31.978 |     2.0
   36 |   0.7965 |     27.373 |   0.9599 |     31.084 |     2.0
   37 |   0.7764 |     26.526 |   0.9567 |     32.039 |     2.1
   38 |   0.7514 |     25.350 |   0.9513 |     30.838 |     2.2
   39 |   0.7307 |     24.962 |   0.9434 |     31.023 |     2.2
   40 |   0.7102 |     24.240 |   0.9417 |     31.269 |     2.3
   41 |   0.6902 |     23.529 |   0.9427 |     29.760 |     2.3
   42 |   0.6727 |     22.485 |   0.9521 |     30.068 |     2.4
   43 |   0.6483 |     21.932 |   0.9646 |     30.591 |     2.4
   44 |   0.6247 |     20.915 |   0.9558 |     29.544 |     2.5
Early stopping

Model: Seq2Seq Bi-LSTM
Source index: <Seq2Seq Index with 45 items>
Target index: <Seq2Seq Index with 34 items>
Encoder embedding dimension: 128
Decoder embedding dimension: 64
Encoder hidden units: 64
Encoder layers: 3
Decoder hidden units: 128
Decoder layers: 3
Dropout: 0.1
Trainable parameters: 772,130

Training started
X_train.shape: torch.Size([3048, 649])
Y_train.shape: torch.Size([3048, 7])
X_dev.shape: torch.Size([541, 337])
Y_dev.shape: torch.Size([541, 7])
Epochs: 500
Learning rate: 0.001
Weight decay: 0.0001
Epoch | Train                 | Development           | Minutes
      | Loss     | Error Rate | Loss     | Error Rate |
---------------------------------------------------------------
    1 |   2.2422 |     61.445 |   1.6293 |     46.919 |     0.0
    2 |   1.4815 |     46.249 |   1.4357 |     46.919 |     0.1
    3 |   1.4026 |     46.243 |   1.3971 |     46.919 |     0.1
    4 |   1.3645 |     46.167 |   1.3686 |     46.673 |     0.1
    5 |   1.3334 |     45.582 |   1.3301 |     46.426 |     0.1
    6 |   1.3107 |     45.483 |   1.3198 |     45.964 |     0.2
    7 |   1.2898 |     45.494 |   1.2929 |     45.441 |     0.2
    8 |   1.2731 |     44.762 |   1.2827 |     45.040 |     0.2
    9 |   1.2463 |     44.308 |   1.2508 |     43.993 |     0.2
   10 |   1.2267 |     43.657 |   1.2284 |     44.147 |     0.3
   11 |   1.2099 |     43.460 |   1.2171 |     43.715 |     0.3
   12 |   1.1948 |     43.023 |   1.2101 |     43.315 |     0.3
   13 |   1.1849 |     42.744 |   1.1960 |     43.715 |     0.3
   14 |   1.1702 |     42.312 |   1.1941 |     42.914 |     0.4
   15 |   1.1634 |     42.279 |   1.1794 |     42.113 |     0.4
   16 |   1.1485 |     41.514 |   1.1719 |     41.990 |     0.4
   17 |   1.1375 |     41.054 |   1.1611 |     41.559 |     0.4
   18 |   1.1318 |     41.005 |   1.1481 |     41.312 |     0.5
   19 |   1.1227 |     40.546 |   1.1379 |     40.542 |     0.5
   20 |   1.1092 |     39.786 |   1.1482 |     41.158 |     0.5
   21 |   1.1041 |     39.993 |   1.1327 |     40.111 |     0.5
   22 |   1.0952 |     39.818 |   1.1266 |     40.850 |     0.6
   23 |   1.0822 |     39.184 |   1.1244 |     40.265 |     0.6
   24 |   1.0758 |     38.905 |   1.1010 |     40.018 |     0.6
   25 |   1.0621 |     38.708 |   1.1035 |     39.495 |     0.7
   26 |   1.0532 |     38.435 |   1.1013 |     39.649 |     0.7
   27 |   1.0393 |     37.615 |   1.0744 |     37.523 |     0.7
   28 |   1.0347 |     37.396 |   1.0686 |     38.170 |     0.7
   29 |   1.0251 |     36.986 |   1.0624 |     37.215 |     0.8
   30 |   1.0166 |     36.505 |   1.0605 |     37.585 |     0.8
   31 |   1.0046 |     35.969 |   1.0535 |     36.876 |     0.8
   32 |   0.9956 |     35.920 |   1.0332 |     36.691 |     0.8
   33 |   0.9870 |     35.531 |   1.0334 |     36.999 |     0.9
   34 |   0.9687 |     35.149 |   1.0296 |     36.753 |     0.9
   35 |   0.9640 |     34.651 |   1.0277 |     36.229 |     0.9
   36 |   0.9562 |     34.170 |   1.0224 |     35.274 |     0.9
   37 |   0.9445 |     33.809 |   1.0204 |     35.459 |     1.0
   38 |   0.9318 |     33.131 |   1.0316 |     35.829 |     1.0
   39 |   0.9239 |     32.776 |   0.9944 |     34.134 |     1.0
   40 |   0.9113 |     32.300 |   1.0028 |     35.213 |     1.0
   41 |   0.9013 |     31.851 |   1.0001 |     34.935 |     1.1
   42 |   0.8898 |     31.332 |   0.9859 |     34.627 |     1.1
   43 |   0.8795 |     31.157 |   0.9820 |     34.381 |     1.1
   44 |   0.8654 |     30.386 |   0.9685 |     34.073 |     1.1
   45 |   0.8551 |     30.063 |   0.9733 |     34.104 |     1.2
   46 |   0.8423 |     29.533 |   0.9634 |     33.888 |     1.2
   47 |   0.8265 |     29.024 |   0.9583 |     32.840 |     1.2
   48 |   0.8151 |     28.538 |   0.9665 |     33.641 |     1.3
   49 |   0.8063 |     27.980 |   0.9333 |     32.594 |     1.3
   50 |   0.7884 |     27.313 |   0.9553 |     32.255 |     1.3
   51 |   0.7877 |     27.302 |   0.9390 |     32.009 |     1.3
   52 |   0.7746 |     26.575 |   0.9374 |     30.961 |     1.4
   53 |   0.7600 |     26.422 |   0.9480 |     32.009 |     1.4
Early stopping

Model: Seq2Seq Bi-LSTM
Source index: <Seq2Seq Index with 45 items>
Target index: <Seq2Seq Index with 34 items>
Encoder embedding dimension: 128
Decoder embedding dimension: 64
Encoder hidden units: 64
Encoder layers: 2
Decoder hidden units: 64
Decoder layers: 2
Dropout: 0.1
Trainable parameters: 308,130

Training started
X_train.shape: torch.Size([3048, 649])
Y_train.shape: torch.Size([3048, 7])
X_dev.shape: torch.Size([541, 337])
Y_dev.shape: torch.Size([541, 7])
Epochs: 500
Learning rate: 0.001
Weight decay: 0.0001
Epoch | Train                 | Development           | Minutes
      | Loss     | Error Rate | Loss     | Error Rate |
---------------------------------------------------------------
    1 |   2.3929 |     63.648 |   1.8271 |     48.799 |     0.0
    2 |   1.6168 |     47.785 |   1.5017 |     46.519 |     0.0
    3 |   1.4340 |     45.844 |   1.4111 |     46.519 |     0.1
    4 |   1.3747 |     45.751 |   1.3675 |     46.519 |     0.1
    5 |   1.3359 |     44.948 |   1.3280 |     45.533 |     0.1
    6 |   1.3036 |     44.505 |   1.3039 |     44.670 |     0.1
    7 |   1.2819 |     44.023 |   1.2933 |     44.917 |     0.1
    8 |   1.2633 |     43.783 |   1.2709 |     44.331 |     0.1
    9 |   1.2446 |     43.695 |   1.2500 |     43.623 |     0.2
   10 |   1.2269 |     43.192 |   1.2326 |     43.222 |     0.2
   11 |   1.2108 |     42.902 |   1.2233 |     43.099 |     0.2
   12 |   1.1948 |     42.323 |   1.2017 |     42.853 |     0.2
   13 |   1.1776 |     42.137 |   1.1851 |     42.175 |     0.2
   14 |   1.1607 |     41.585 |   1.1749 |     41.528 |     0.3
   15 |   1.1471 |     41.240 |   1.1744 |     42.144 |     0.3
   16 |   1.1318 |     40.469 |   1.1517 |     40.758 |     0.3
   17 |   1.1142 |     39.665 |   1.1415 |     39.864 |     0.3
   18 |   1.1028 |     39.299 |   1.1426 |     40.080 |     0.3
   19 |   1.0858 |     38.222 |   1.1428 |     39.526 |     0.3
   20 |   1.0677 |     37.298 |   1.1145 |     38.786 |     0.4
   21 |   1.0488 |     36.816 |   1.1025 |     38.201 |     0.4
   22 |   1.0349 |     36.056 |   1.0790 |     37.061 |     0.4
   23 |   1.0154 |     34.821 |   1.0774 |     36.691 |     0.4
   24 |   0.9999 |     34.225 |   1.0531 |     35.551 |     0.4
   25 |   0.9789 |     33.273 |   1.0391 |     35.336 |     0.5
   26 |   0.9645 |     32.486 |   1.0320 |     35.428 |     0.5
   27 |   0.9432 |     31.895 |   1.0172 |     34.750 |     0.5
   28 |   0.9259 |     31.573 |   1.0089 |     34.227 |     0.5
   29 |   0.9067 |     30.692 |   1.0094 |     34.904 |     0.5
   30 |   0.8909 |     30.167 |   0.9850 |     33.395 |     0.5
   31 |   0.8760 |     29.599 |   0.9869 |     33.395 |     0.6
   32 |   0.8573 |     28.746 |   0.9693 |     32.224 |     0.6
   33 |   0.8334 |     27.701 |   0.9658 |     31.824 |     0.6
   34 |   0.8140 |     27.072 |   0.9563 |     31.793 |     0.6
   35 |   0.7991 |     26.520 |   0.9515 |     31.115 |     0.6
   36 |   0.7815 |     25.869 |   0.9554 |     31.146 |     0.7
   37 |   0.7610 |     24.956 |   0.9358 |     29.667 |     0.7
   38 |   0.7441 |     24.377 |   0.9390 |     30.253 |     0.7
   39 |   0.7238 |     23.710 |   0.9232 |     29.698 |     0.7
   40 |   0.7062 |     23.141 |   0.9142 |     29.144 |     0.7
   41 |   0.6872 |     22.293 |   0.9199 |     29.606 |     0.7
   42 |   0.6819 |     22.326 |   0.9060 |     29.205 |     0.8
   43 |   0.6605 |     21.533 |   0.9113 |     28.651 |     0.8
   44 |   0.6503 |     21.129 |   0.9256 |     28.990 |     0.8
   45 |   0.6291 |     20.511 |   0.9249 |     29.174 |     0.8
   46 |   0.6190 |     19.822 |   0.9232 |     28.343 |     0.8
Early stopping

Model: Seq2Seq Bi-LSTM
Source index: <Seq2Seq Index with 45 items>
Target index: <Seq2Seq Index with 34 items>
Encoder embedding dimension: 128
Decoder embedding dimension: 64
Encoder hidden units: 64
Encoder layers: 4
Decoder hidden units: 128
Decoder layers: 3
Dropout: 0.1
Trainable parameters: 904,226

Training started
X_train.shape: torch.Size([3048, 649])
Y_train.shape: torch.Size([3048, 7])
X_dev.shape: torch.Size([541, 337])
Y_dev.shape: torch.Size([541, 7])
Epochs: 500
Learning rate: 0.001
Weight decay: 1e-05
Epoch | Train                 | Development           | Minutes
      | Loss     | Error Rate | Loss     | Error Rate |
---------------------------------------------------------------
    1 |   2.1697 |     60.028 |   1.5638 |     46.919 |     0.0
    2 |   1.4537 |     46.265 |   1.4228 |     46.919 |     0.1
    3 |   1.3944 |     46.090 |   1.3950 |     46.642 |     0.1
    4 |   1.3694 |     46.003 |   1.3679 |     46.734 |     0.1
    5 |   1.3424 |     45.877 |   1.3394 |     46.057 |     0.2
    6 |   1.3156 |     45.757 |   1.3259 |     46.026 |     0.2
    7 |   1.2953 |     45.292 |   1.2971 |     45.502 |     0.2
    8 |   1.2727 |     44.762 |   1.2730 |     45.132 |     0.3
    9 |   1.2486 |     44.155 |   1.2502 |     43.839 |     0.3
   10 |   1.2231 |     43.684 |   1.2240 |     43.068 |     0.4
   11 |   1.1955 |     42.979 |   1.2064 |     42.452 |     0.4
   12 |   1.1655 |     41.896 |   1.1863 |     41.990 |     0.4
   13 |   1.1435 |     41.125 |   1.1759 |     40.758 |     0.5
   14 |   1.1175 |     40.305 |   1.1441 |     40.265 |     0.5
   15 |   1.0963 |     39.365 |   1.1272 |     39.402 |     0.5
   16 |   1.0702 |     37.861 |   1.1045 |     37.739 |     0.6
   17 |   1.0403 |     36.412 |   1.0958 |     37.277 |     0.6
   18 |   1.0181 |     35.706 |   1.0748 |     36.845 |     0.6
   19 |   0.9876 |     34.285 |   1.0508 |     35.305 |     0.7
   20 |   0.9566 |     33.246 |   1.0319 |     34.350 |     0.7
   21 |   0.9232 |     31.556 |   1.0154 |     34.874 |     0.7
   22 |   0.8900 |     30.392 |   1.0122 |     33.611 |     0.8
   23 |   0.8654 |     29.424 |   0.9881 |     33.333 |     0.8
   24 |   0.8335 |     28.336 |   0.9855 |     32.748 |     0.8
   25 |   0.8070 |     27.390 |   0.9846 |     31.577 |     0.9
   26 |   0.7791 |     26.400 |   0.9656 |     30.222 |     0.9
   27 |   0.7469 |     25.055 |   0.9630 |     30.253 |     0.9
   28 |   0.7245 |     24.333 |   0.9538 |     29.975 |     1.0
   29 |   0.6967 |     23.245 |   0.9342 |     28.835 |     1.0
   30 |   0.6726 |     22.594 |   0.9412 |     29.174 |     1.0
   31 |   0.6418 |     21.265 |   0.9428 |     28.897 |     1.1
   32 |   0.6276 |     20.702 |   0.9376 |     28.959 |     1.1
   33 |   0.5944 |     19.674 |   0.9238 |     27.480 |     1.1
   34 |   0.5708 |     18.870 |   0.9580 |     28.373 |     1.2
   35 |   0.5467 |     18.209 |   0.9409 |     27.418 |     1.2
   36 |   0.5230 |     17.432 |   0.9540 |     27.819 |     1.2
   37 |   0.5100 |     16.710 |   0.9693 |     27.326 |     1.3
Early stopping

Model: Seq2Seq Bi-LSTM
Source index: <Seq2Seq Index with 45 items>
Target index: <Seq2Seq Index with 34 items>
Encoder embedding dimension: 128
Decoder embedding dimension: 64
Encoder hidden units: 128
Encoder layers: 4
Decoder hidden units: 64
Decoder layers: 3
Dropout: 0.1
Trainable parameters: 1,691,042

Training started
X_train.shape: torch.Size([3048, 649])
Y_train.shape: torch.Size([3048, 7])
X_dev.shape: torch.Size([541, 337])
Y_dev.shape: torch.Size([541, 7])
Epochs: 500
Learning rate: 0.001
Weight decay: 1e-05
Epoch | Train                 | Development           | Minutes
      | Loss     | Error Rate | Loss     | Error Rate |
---------------------------------------------------------------
    1 |   2.4887 |     66.678 |   1.9674 |     54.405 |     0.1
    2 |   1.7460 |     49.426 |   1.5856 |     46.919 |     0.2
    3 |   1.5029 |     46.304 |   1.4719 |     46.919 |     0.2
    4 |   1.4392 |     46.189 |   1.4367 |     46.919 |     0.3
    5 |   1.4152 |     46.243 |   1.4190 |     46.858 |     0.4
    6 |   1.3953 |     46.265 |   1.3954 |     46.827 |     0.5
    7 |   1.3702 |     46.254 |   1.3738 |     46.919 |     0.5
    8 |   1.3461 |     46.145 |   1.3530 |     46.550 |     0.6
    9 |   1.3276 |     45.997 |   1.3374 |     46.242 |     0.7
   10 |   1.3134 |     45.779 |   1.3258 |     46.396 |     0.8
   11 |   1.2980 |     45.308 |   1.3039 |     45.995 |     0.8
   12 |   1.2793 |     44.816 |   1.2830 |     45.071 |     0.9
   13 |   1.2598 |     44.335 |   1.2643 |     44.578 |     1.0
   14 |   1.2426 |     43.728 |   1.2459 |     44.054 |     1.1
   15 |   1.2289 |     43.575 |   1.2320 |     43.592 |     1.1
   16 |   1.2136 |     43.050 |   1.2213 |     41.898 |     1.2
   17 |   1.1977 |     42.492 |   1.2124 |     41.651 |     1.3
   18 |   1.1850 |     42.033 |   1.2059 |     42.730 |     1.4
   19 |   1.1685 |     41.388 |   1.1876 |     41.651 |     1.4
   20 |   1.1551 |     40.753 |   1.1834 |     41.097 |     1.5
   21 |   1.1399 |     40.218 |   1.1758 |     41.590 |     1.6
   22 |   1.1304 |     40.283 |   1.1677 |     40.696 |     1.7
   23 |   1.1170 |     39.605 |   1.1536 |     40.481 |     1.7
   24 |   1.1003 |     39.086 |   1.1526 |     39.926 |     1.8
   25 |   1.0880 |     38.785 |   1.1476 |     40.080 |     1.9
   26 |   1.0765 |     38.101 |   1.1293 |     38.971 |     1.9
   27 |   1.0575 |     37.484 |   1.1327 |     38.909 |     2.0
   28 |   1.0440 |     36.800 |   1.1283 |     39.433 |     2.1
   29 |   1.0245 |     35.909 |   1.1154 |     38.848 |     2.2
   30 |   1.0117 |     35.542 |   1.1076 |     37.862 |     2.2
   31 |   0.9969 |     34.914 |   1.1058 |     37.893 |     2.3
   32 |   0.9775 |     33.804 |   1.0878 |     36.445 |     2.4
   33 |   0.9667 |     33.279 |   1.0878 |     36.476 |     2.5
   34 |   0.9450 |     32.426 |   1.0778 |     36.599 |     2.5
   35 |   0.9235 |     31.677 |   1.0762 |     36.229 |     2.6
   36 |   0.9085 |     30.960 |   1.0759 |     35.582 |     2.7
   37 |   0.8859 |     29.785 |   1.0625 |     35.028 |     2.8
   38 |   0.8669 |     29.150 |   1.0549 |     34.997 |     2.8
   39 |   0.8461 |     28.516 |   1.0488 |     34.165 |     2.9
   40 |   0.8224 |     27.269 |   1.0665 |     34.781 |     3.0
   41 |   0.8024 |     26.591 |   1.0520 |     34.011 |     3.1
   42 |   0.7819 |     25.755 |   1.0448 |     32.440 |     3.1
   43 |   0.7632 |     24.858 |   1.0456 |     32.563 |     3.2
   44 |   0.7335 |     23.917 |   1.0507 |     32.132 |     3.3
   45 |   0.7152 |     23.310 |   1.0427 |     31.824 |     3.4
   46 |   0.6997 |     22.731 |   1.0369 |     31.670 |     3.4
   47 |   0.6734 |     21.867 |   1.0371 |     31.054 |     3.5
   48 |   0.6557 |     21.096 |   1.0432 |     30.776 |     3.6
   49 |   0.6257 |     19.920 |   1.0476 |     30.900 |     3.7
   50 |   0.6090 |     19.630 |   1.0411 |     30.930 |     3.8
Early stopping

Model: Seq2Seq Bi-LSTM
Source index: <Seq2Seq Index with 45 items>
Target index: <Seq2Seq Index with 34 items>
Encoder embedding dimension: 128
Decoder embedding dimension: 64
Encoder hidden units: 128
Encoder layers: 2
Decoder hidden units: 128
Decoder layers: 2
Dropout: 0.1
Trainable parameters: 1,034,274

Training started
X_train.shape: torch.Size([3048, 649])
Y_train.shape: torch.Size([3048, 7])
X_dev.shape: torch.Size([541, 337])
Y_dev.shape: torch.Size([541, 7])
Epochs: 500
Learning rate: 0.001
Weight decay: 0.0001
Epoch | Train                 | Development           | Minutes
      | Loss     | Error Rate | Loss     | Error Rate |
---------------------------------------------------------------
    1 |   2.0898 |     57.431 |   1.5498 |     46.765 |     0.0
    2 |   1.4355 |     46.112 |   1.3982 |     46.303 |     0.1
    3 |   1.3553 |     45.571 |   1.3405 |     45.810 |     0.1
    4 |   1.3092 |     45.040 |   1.3041 |     45.163 |     0.2
    5 |   1.2777 |     43.914 |   1.2834 |     44.640 |     0.2
    6 |   1.2455 |     43.564 |   1.2434 |     43.592 |     0.2
    7 |   1.2193 |     42.974 |   1.2318 |     43.346 |     0.3
    8 |   1.1980 |     42.465 |   1.1927 |     41.559 |     0.3
    9 |   1.1718 |     41.721 |   1.1741 |     41.836 |     0.3
   10 |   1.1422 |     40.786 |   1.1496 |     40.542 |     0.4
   11 |   1.1233 |     39.961 |   1.1406 |     40.018 |     0.4
   12 |   1.1024 |     39.179 |   1.1162 |     39.279 |     0.5
   13 |   1.0772 |     38.353 |   1.0995 |     38.540 |     0.5
   14 |   1.0516 |     37.123 |   1.0761 |     37.739 |     0.5
   15 |   1.0309 |     36.313 |   1.0502 |     36.229 |     0.6
   16 |   1.0051 |     34.892 |   1.0399 |     36.229 |     0.6
   17 |   0.9854 |     34.203 |   1.0113 |     34.011 |     0.6
   18 |   0.9585 |     33.377 |   1.0008 |     34.165 |     0.7
   19 |   0.9393 |     32.475 |   0.9956 |     33.148 |     0.7
   20 |   0.9082 |     31.217 |   0.9785 |     32.964 |     0.8
   21 |   0.8858 |     30.249 |   0.9466 |     32.101 |     0.8
   22 |   0.8596 |     29.342 |   0.9518 |     32.317 |     0.8
   23 |   0.8417 |     28.806 |   0.9419 |     32.286 |     0.9
   24 |   0.8139 |     27.838 |   0.9305 |     30.992 |     0.9
   25 |   0.7863 |     27.040 |   0.9251 |     30.253 |     0.9
   26 |   0.7639 |     25.951 |   0.9176 |     30.468 |     1.0
   27 |   0.7427 |     25.120 |   0.9121 |     29.945 |     1.0
   28 |   0.7221 |     24.322 |   0.9073 |     29.945 |     1.1
   29 |   0.6973 |     23.152 |   0.9165 |     29.575 |     1.1
   30 |   0.6765 |     22.457 |   0.9016 |     28.497 |     1.1
   31 |   0.6498 |     21.664 |   0.8952 |     28.897 |     1.2
   32 |   0.6261 |     20.675 |   0.8971 |     27.880 |     1.2
   33 |   0.6065 |     20.150 |   0.8927 |     28.219 |     1.3
   34 |   0.5843 |     19.395 |   0.8997 |     27.696 |     1.3
   35 |   0.5638 |     18.706 |   0.9194 |     28.096 |     1.3
   36 |   0.5452 |     18.088 |   0.9020 |     27.696 |     1.4
   37 |   0.5174 |     17.279 |   0.9059 |     27.542 |     1.4
Early stopping

Model: Seq2Seq Bi-LSTM
Source index: <Seq2Seq Index with 45 items>
Target index: <Seq2Seq Index with 34 items>
Encoder embedding dimension: 128
Decoder embedding dimension: 64
Encoder hidden units: 64
Encoder layers: 3
Decoder hidden units: 64
Decoder layers: 2
Dropout: 0.2
Trainable parameters: 423,842

Training started
X_train.shape: torch.Size([3048, 649])
Y_train.shape: torch.Size([3048, 7])
X_dev.shape: torch.Size([541, 337])
Y_dev.shape: torch.Size([541, 7])
Epochs: 500
Learning rate: 0.001
Weight decay: 0.0001
Epoch | Train                 | Development           | Minutes
      | Loss     | Error Rate | Loss     | Error Rate |
---------------------------------------------------------------
    1 |   2.4224 |     63.736 |   1.8798 |     51.910 |     0.0
    2 |   1.6473 |     47.933 |   1.5016 |     46.919 |     0.1
    3 |   1.4447 |     46.030 |   1.4258 |     46.580 |     0.1
    4 |   1.3945 |     45.910 |   1.3927 |     46.580 |     0.1
    5 |   1.3655 |     45.549 |   1.3684 |     46.457 |     0.1
    6 |   1.3412 |     45.626 |   1.3436 |     46.396 |     0.2
    7 |   1.3133 |     45.374 |   1.3138 |     45.718 |     0.2
    8 |   1.2905 |     44.734 |   1.2954 |     45.256 |     0.2
    9 |   1.2701 |     44.368 |   1.2786 |     45.009 |     0.2
   10 |   1.2542 |     44.073 |   1.2543 |     44.455 |     0.3
   11 |   1.2358 |     43.794 |   1.2437 |     43.962 |     0.3
   12 |   1.2228 |     43.367 |   1.2255 |     43.253 |     0.3
   13 |   1.2065 |     42.963 |   1.2067 |     42.699 |     0.3
   14 |   1.1923 |     42.257 |   1.1954 |     41.774 |     0.4
   15 |   1.1763 |     41.568 |   1.1927 |     41.620 |     0.4
   16 |   1.1637 |     41.065 |   1.1663 |     39.895 |     0.4
   17 |   1.1510 |     40.562 |   1.1649 |     40.388 |     0.4
   18 |   1.1404 |     40.387 |   1.1530 |     39.649 |     0.5
   19 |   1.1245 |     39.397 |   1.1371 |     38.879 |     0.5
   20 |   1.1108 |     38.730 |   1.1286 |     38.355 |     0.5
   21 |   1.1030 |     38.741 |   1.1146 |     37.523 |     0.5
   22 |   1.0894 |     37.899 |   1.1082 |     37.800 |     0.6
   23 |   1.0823 |     38.085 |   1.1044 |     37.677 |     0.6
   24 |   1.0669 |     37.473 |   1.0876 |     37.277 |     0.6
   25 |   1.0558 |     36.948 |   1.0823 |     37.246 |     0.6
   26 |   1.0447 |     36.532 |   1.0778 |     37.277 |     0.7
   27 |   1.0395 |     36.510 |   1.0738 |     36.691 |     0.7
   28 |   1.0223 |     35.521 |   1.0537 |     35.644 |     0.7
   29 |   1.0123 |     35.362 |   1.0475 |     35.367 |     0.7
   30 |   1.0011 |     34.684 |   1.0350 |     35.028 |     0.8
   31 |   0.9872 |     34.093 |   1.0308 |     34.134 |     0.8
   32 |   0.9721 |     33.383 |   1.0197 |     34.073 |     0.8
   33 |   0.9597 |     33.301 |   1.0156 |     33.980 |     0.8
   34 |   0.9429 |     32.070 |   1.0109 |     33.949 |     0.9
   35 |   0.9342 |     32.267 |   0.9924 |     33.549 |     0.9
   36 |   0.9124 |     31.130 |   0.9771 |     33.179 |     0.9
   37 |   0.9019 |     30.813 |   0.9697 |     33.210 |     0.9
   38 |   0.8906 |     30.140 |   0.9730 |     32.717 |     1.0
   39 |   0.8766 |     29.631 |   0.9583 |     32.994 |     1.0
   40 |   0.8649 |     29.484 |   0.9583 |     32.348 |     1.0
   41 |   0.8441 |     28.483 |   0.9637 |     32.070 |     1.0
   42 |   0.8476 |     29.041 |   0.9569 |     31.824 |     1.1
   43 |   0.8261 |     27.740 |   0.9437 |     31.362 |     1.1
   44 |   0.8115 |     27.105 |   0.9210 |     30.437 |     1.1
   45 |   0.7923 |     26.351 |   0.9296 |     30.715 |     1.2
   46 |   0.7768 |     25.760 |   0.9517 |     31.208 |     1.2
   47 |   0.7595 |     25.334 |   0.9288 |     30.006 |     1.2
   48 |   0.7503 |     24.923 |   0.9301 |     29.636 |     1.2
   49 |   0.7349 |     24.224 |   0.9033 |     29.544 |     1.3
   50 |   0.7236 |     24.054 |   0.9298 |     29.452 |     1.3
   51 |   0.7304 |     24.344 |   0.9097 |     29.821 |     1.3
   52 |   0.7088 |     23.316 |   0.9253 |     29.729 |     1.3
   53 |   0.6879 |     22.353 |   0.9244 |     29.267 |     1.4
Early stopping

Model: Seq2Seq Bi-LSTM
Source index: <Seq2Seq Index with 45 items>
Target index: <Seq2Seq Index with 34 items>
Encoder embedding dimension: 32
Decoder embedding dimension: 64
Encoder hidden units: 64
Encoder layers: 3
Decoder hidden units: 64
Decoder layers: 2
Dropout: 0.1
Trainable parameters: 370,370

Training started
X_train.shape: torch.Size([3048, 649])
Y_train.shape: torch.Size([3048, 7])
X_dev.shape: torch.Size([541, 337])
Y_dev.shape: torch.Size([541, 7])
Epochs: 500
Learning rate: 0.001
Weight decay: 0.0001
Epoch | Train                 | Development           | Minutes
      | Loss     | Error Rate | Loss     | Error Rate |
---------------------------------------------------------------
    1 |   2.4186 |     64.693 |   1.8623 |     49.322 |     0.0
    2 |   1.6233 |     47.654 |   1.4978 |     46.919 |     0.0
    3 |   1.4372 |     45.997 |   1.4178 |     46.550 |     0.1
    4 |   1.3816 |     45.844 |   1.3886 |     46.642 |     0.1
    5 |   1.3482 |     45.598 |   1.3389 |     45.040 |     0.1
    6 |   1.3203 |     44.991 |   1.3181 |     45.194 |     0.1
    7 |   1.3011 |     44.619 |   1.3032 |     45.225 |     0.2
    8 |   1.2839 |     44.089 |   1.2835 |     44.023 |     0.2
    9 |   1.2632 |     43.564 |   1.2656 |     43.438 |     0.2
   10 |   1.2530 |     43.969 |   1.2543 |     44.023 |     0.2
   11 |   1.2388 |     43.241 |   1.2454 |     43.931 |     0.3
   12 |   1.2225 |     43.056 |   1.2246 |     43.315 |     0.3
   13 |   1.2151 |     43.077 |   1.2209 |     43.685 |     0.3
   14 |   1.1982 |     42.279 |   1.2019 |     42.545 |     0.3
   15 |   1.1879 |     42.186 |   1.1943 |     42.329 |     0.4
   16 |   1.1746 |     41.754 |   1.1865 |     42.206 |     0.4
   17 |   1.1647 |     41.180 |   1.1809 |     41.867 |     0.4
   18 |   1.1548 |     41.032 |   1.1645 |     41.744 |     0.4
   19 |   1.1435 |     40.535 |   1.1495 |     40.912 |     0.4
   20 |   1.1401 |     40.458 |   1.1478 |     40.327 |     0.5
   21 |   1.1259 |     40.026 |   1.1376 |     40.696 |     0.5
   22 |   1.1146 |     39.720 |   1.1248 |     40.357 |     0.5
   23 |   1.1073 |     39.272 |   1.1248 |     39.741 |     0.5
   24 |   1.0993 |     39.386 |   1.1097 |     39.710 |     0.6
   25 |   1.0883 |     38.840 |   1.1026 |     39.279 |     0.6
   26 |   1.0822 |     38.512 |   1.1002 |     39.125 |     0.6
   27 |   1.0772 |     38.495 |   1.0914 |     39.464 |     0.6
   28 |   1.0704 |     38.512 |   1.0894 |     38.848 |     0.7
   29 |   1.0619 |     37.741 |   1.0788 |     38.447 |     0.7
   30 |   1.0517 |     37.708 |   1.0779 |     38.078 |     0.7
   31 |   1.0450 |     37.030 |   1.0650 |     38.232 |     0.7
   32 |   1.0366 |     37.073 |   1.0663 |     37.954 |     0.7
   33 |   1.0358 |     37.112 |   1.0633 |     38.786 |     0.8
   34 |   1.0269 |     36.789 |   1.0475 |     37.831 |     0.8
   35 |   1.0165 |     36.319 |   1.0461 |     37.184 |     0.8
   36 |   1.0082 |     35.734 |   1.0355 |     37.369 |     0.8
   37 |   1.0035 |     35.788 |   1.0299 |     36.722 |     0.9
   38 |   1.0024 |     35.307 |   1.0427 |     37.708 |     0.9
   39 |   1.0042 |     35.849 |   1.0305 |     36.938 |     0.9
   40 |   0.9853 |     34.974 |   1.0242 |     36.352 |     0.9
   41 |   0.9785 |     34.870 |   1.0217 |     36.198 |     1.0
   42 |   0.9655 |     33.869 |   1.0132 |     35.767 |     1.0
   43 |   0.9617 |     33.918 |   1.0133 |     35.428 |     1.0
   44 |   0.9555 |     33.612 |   0.9999 |     34.720 |     1.0
   45 |   0.9465 |     33.306 |   0.9991 |     34.134 |     1.1
   46 |   0.9960 |     35.745 |   1.0227 |     36.075 |     1.1
   47 |   0.9606 |     34.028 |   1.0066 |     34.904 |     1.1
   48 |   0.9428 |     33.098 |   0.9965 |     34.658 |     1.1
   49 |   0.9343 |     33.011 |   1.0071 |     35.675 |     1.1
   50 |   0.9390 |     33.115 |   1.0201 |     35.983 |     1.2
   51 |   0.9383 |     32.945 |   0.9832 |     32.964 |     1.2
   52 |   0.9247 |     32.289 |   0.9958 |     34.073 |     1.2
   53 |   0.9125 |     31.830 |   0.9789 |     33.210 |     1.2
   54 |   0.9031 |     31.589 |   0.9686 |     32.686 |     1.3
   55 |   0.8902 |     31.048 |   0.9636 |     32.193 |     1.3
   56 |   0.8878 |     30.878 |   0.9691 |     33.056 |     1.3
   57 |   0.8815 |     30.561 |   0.9947 |     34.319 |     1.3
   58 |   0.8894 |     31.173 |   0.9698 |     32.502 |     1.4
   59 |   0.8873 |     30.922 |   0.9635 |     32.009 |     1.4
   60 |   0.8691 |     30.063 |   0.9538 |     32.502 |     1.4
   61 |   0.8543 |     29.418 |   0.9546 |     32.625 |     1.4
   62 |   0.8449 |     29.396 |   0.9586 |     32.686 |     1.5
   63 |   0.8356 |     28.850 |   0.9429 |     32.409 |     1.5
   64 |   0.8279 |     28.751 |   0.9497 |     32.039 |     1.5
   65 |   0.8169 |     28.314 |   0.9424 |     31.639 |     1.5
   66 |   0.8107 |     27.750 |   0.9369 |     32.163 |     1.6
   67 |   0.8033 |     27.887 |   0.9348 |     31.762 |     1.6
   68 |   0.8337 |     28.680 |   0.9477 |     32.594 |     1.6
   69 |   0.8056 |     27.740 |   0.9682 |     32.656 |     1.6
   70 |   0.8520 |     29.894 |   0.9473 |     32.409 |     1.6
   71 |   0.8100 |     27.964 |   0.9329 |     31.208 |     1.7
   72 |   0.7861 |     26.832 |   0.9314 |     31.269 |     1.7
   73 |   0.7742 |     26.241 |   0.9286 |     30.776 |     1.7
   74 |   0.7603 |     26.126 |   0.9259 |     30.437 |     1.7
   75 |   0.7750 |     26.597 |   0.9210 |     31.362 |     1.8
   76 |   0.7497 |     25.673 |   0.9179 |     31.146 |     1.8
   77 |   0.7372 |     25.317 |   0.9239 |     31.177 |     1.8
   78 |   0.7255 |     24.738 |   0.9290 |     31.023 |     1.8
   79 |   0.7200 |     24.666 |   0.9346 |     31.392 |     1.9
   80 |   0.7086 |     24.262 |   0.9144 |     30.499 |     1.9
   81 |   0.7033 |     24.021 |   0.9228 |     31.208 |     1.9
   82 |   0.6957 |     23.699 |   0.9251 |     30.591 |     1.9
   83 |   0.6902 |     23.403 |   0.9290 |     30.838 |     2.0
   84 |   0.6759 |     22.977 |   0.9221 |     30.437 |     2.0
Early stopping

Model: Seq2Seq Bi-LSTM
Source index: <Seq2Seq Index with 45 items>
Target index: <Seq2Seq Index with 34 items>
Encoder embedding dimension: 32
Decoder embedding dimension: 128
Encoder hidden units: 128
Encoder layers: 4
Decoder hidden units: 128
Decoder layers: 2
Dropout: 0.1
Trainable parameters: 1,888,194

Training started
X_train.shape: torch.Size([3048, 649])
Y_train.shape: torch.Size([3048, 7])
X_dev.shape: torch.Size([541, 337])
Y_dev.shape: torch.Size([541, 7])
Epochs: 500
Learning rate: 0.001
Weight decay: 0.0001
Epoch | Train                 | Development           | Minutes
      | Loss     | Error Rate | Loss     | Error Rate |
---------------------------------------------------------------
    1 |   2.0515 |     56.327 |   1.5421 |     46.919 |     0.1
    2 |   1.4209 |     45.893 |   1.3816 |     46.519 |     0.1
    3 |   1.3346 |     45.511 |   1.3287 |     46.149 |     0.2
    4 |   1.2995 |     44.827 |   1.2993 |     44.763 |     0.3
    5 |   1.2717 |     44.198 |   1.2751 |     44.270 |     0.4
    6 |   1.2397 |     43.728 |   1.2339 |     43.962 |     0.4
    7 |   1.2115 |     43.023 |   1.2065 |     42.452 |     0.5
    8 |   1.1880 |     42.213 |   1.1824 |     42.483 |     0.6
    9 |   1.1674 |     41.514 |   1.1640 |     41.251 |     0.7
   10 |   1.1481 |     41.235 |   1.1508 |     41.374 |     0.7
   11 |   1.1275 |     40.639 |   1.1437 |     40.912 |     0.8
   12 |   1.1106 |     39.742 |   1.1228 |     40.357 |     0.9
   13 |   1.1024 |     40.075 |   1.1135 |     40.111 |     1.0
   14 |   1.0855 |     38.960 |   1.1015 |     39.618 |     1.0
   15 |   1.0791 |     39.129 |   1.0977 |     39.033 |     1.1
   16 |   1.0645 |     38.523 |   1.0901 |     39.495 |     1.2
   17 |   1.0512 |     37.719 |   1.0779 |     39.587 |     1.3
   18 |   1.0432 |     37.653 |   1.0654 |     38.232 |     1.3
   19 |   1.0291 |     37.139 |   1.0560 |     38.293 |     1.4
   20 |   1.0170 |     36.472 |   1.0436 |     37.708 |     1.5
   21 |   1.0036 |     35.734 |   1.0360 |     37.461 |     1.6
   22 |   0.9893 |     35.614 |   1.0245 |     36.999 |     1.6
   23 |   0.9737 |     34.881 |   1.0214 |     36.630 |     1.7
   24 |   0.9621 |     34.465 |   1.0109 |     36.845 |     1.8
   25 |   0.9490 |     33.897 |   1.0008 |     36.168 |     1.9
   26 |   0.9332 |     33.131 |   0.9985 |     35.521 |     1.9
   27 |   0.9291 |     33.437 |   0.9877 |     35.028 |     2.0
   28 |   0.9216 |     32.732 |   1.0932 |     38.694 |     2.1
   29 |   0.9434 |     33.902 |   0.9807 |     34.966 |     2.2
   30 |   0.8891 |     31.518 |   0.9581 |     33.611 |     2.2
   31 |   0.8653 |     30.594 |   0.9511 |     33.179 |     2.3
   32 |   0.8483 |     29.828 |   0.9417 |     33.179 |     2.4
   33 |   0.8322 |     28.932 |   0.9345 |     32.471 |     2.5
   34 |   0.8156 |     28.478 |   0.9347 |     31.701 |     2.5
   35 |   0.7957 |     27.586 |   0.9264 |     31.577 |     2.6
   36 |   0.7812 |     26.914 |   0.9552 |     31.762 |     2.7
   37 |   0.7650 |     26.099 |   0.9172 |     30.160 |     2.8
   38 |   0.7439 |     25.782 |   0.9072 |     30.653 |     2.8
   39 |   0.7305 |     24.967 |   0.9053 |     29.914 |     2.9
   40 |   0.7140 |     24.568 |   0.9008 |     29.914 |     3.0
   41 |   0.6938 |     23.556 |   0.9124 |     29.760 |     3.1
   42 |   0.6758 |     23.119 |   0.8826 |     28.866 |     3.1
   43 |   0.6605 |     22.441 |   0.9085 |     29.636 |     3.2
   44 |   0.6429 |     21.829 |   0.8997 |     28.620 |     3.3
   45 |   0.6294 |     21.145 |   0.8974 |     28.774 |     3.4
   46 |   0.6075 |     20.822 |   0.8864 |     28.712 |     3.4
Early stopping

Model: Seq2Seq Bi-LSTM
Source index: <Seq2Seq Index with 45 items>
Target index: <Seq2Seq Index with 34 items>
Encoder embedding dimension: 64
Decoder embedding dimension: 128
Encoder hidden units: 64
Encoder layers: 2
Decoder hidden units: 64
Decoder layers: 2
Dropout: 0.2
Trainable parameters: 291,042

Training started
X_train.shape: torch.Size([3048, 649])
Y_train.shape: torch.Size([3048, 7])
X_dev.shape: torch.Size([541, 337])
Y_dev.shape: torch.Size([541, 7])
Epochs: 500
Learning rate: 0.001
Weight decay: 1e-05
Epoch | Train                 | Development           | Minutes
      | Loss     | Error Rate | Loss     | Error Rate |
---------------------------------------------------------------
    1 |   2.3766 |     62.057 |   1.7791 |     48.922 |     0.0
    2 |   1.5677 |     47.042 |   1.4586 |     46.580 |     0.0
    3 |   1.4008 |     45.910 |   1.3824 |     46.426 |     0.0
    4 |   1.3459 |     45.451 |   1.3446 |     46.149 |     0.1
    5 |   1.3153 |     44.937 |   1.3126 |     45.225 |     0.1
    6 |   1.2923 |     44.608 |   1.2931 |     44.424 |     0.1
    7 |   1.2692 |     44.204 |   1.2647 |     43.993 |     0.1
    8 |   1.2475 |     43.772 |   1.2429 |     43.962 |     0.1
    9 |   1.2275 |     43.154 |   1.2258 |     43.099 |     0.1
   10 |   1.2039 |     42.667 |   1.1991 |     42.421 |     0.2
   11 |   1.1777 |     41.623 |   1.1812 |     42.052 |     0.2
   12 |   1.1581 |     41.213 |   1.1608 |     40.142 |     0.2
   13 |   1.1351 |     39.972 |   1.1417 |     39.710 |     0.2
   14 |   1.1080 |     39.004 |   1.1208 |     39.433 |     0.2
   15 |   1.0841 |     38.069 |   1.1032 |     37.831 |     0.2
   16 |   1.0586 |     36.488 |   1.0782 |     36.938 |     0.3
   17 |   1.0354 |     35.586 |   1.0576 |     36.630 |     0.3
   18 |   1.0114 |     34.957 |   1.0423 |     36.229 |     0.3
   19 |   0.9907 |     34.159 |   1.0388 |     36.568 |     0.3
   20 |   0.9690 |     33.317 |   1.0193 |     35.305 |     0.3
   21 |   0.9484 |     32.098 |   1.0131 |     34.966 |     0.3
   22 |   0.9254 |     31.321 |   0.9805 |     33.210 |     0.4
   23 |   0.8992 |     30.495 |   0.9830 |     34.288 |     0.4
   24 |   0.8830 |     29.905 |   0.9555 |     33.364 |     0.4
   25 |   0.8635 |     29.260 |   0.9544 |     32.440 |     0.4
   26 |   0.8397 |     28.423 |   0.9366 |     31.392 |     0.4
   27 |   0.8196 |     27.953 |   0.9261 |     30.930 |     0.4
   28 |   0.7982 |     26.520 |   0.9399 |     31.146 |     0.5
   29 |   0.7861 |     26.482 |   0.9261 |     30.591 |     0.5
   30 |   0.7651 |     25.673 |   0.9276 |     30.684 |     0.5
   31 |   0.7500 |     25.317 |   0.9108 |     29.791 |     0.5
   32 |   0.7288 |     24.399 |   0.9103 |     29.821 |     0.5
   33 |   0.7103 |     23.786 |   0.9117 |     29.144 |     0.5
   34 |   0.7009 |     23.485 |   0.9195 |     29.544 |     0.6
   35 |   0.6824 |     22.561 |   0.9009 |     28.835 |     0.6
   36 |   0.6694 |     22.463 |   0.8955 |     28.620 |     0.6
   37 |   0.6579 |     21.697 |   0.9096 |     29.082 |     0.6
   38 |   0.6449 |     21.347 |   0.9032 |     28.897 |     0.6
   39 |   0.6335 |     21.156 |   0.9129 |     28.589 |     0.6
   40 |   0.6127 |     20.265 |   0.9005 |     27.665 |     0.6
Early stopping

Model: Seq2Seq Bi-LSTM
Source index: <Seq2Seq Index with 45 items>
Target index: <Seq2Seq Index with 34 items>
Encoder embedding dimension: 32
Decoder embedding dimension: 128
Encoder hidden units: 128
Encoder layers: 2
Decoder hidden units: 64
Decoder layers: 3
Dropout: 0.0
Trainable parameters: 750,914

Training started
X_train.shape: torch.Size([3048, 649])
Y_train.shape: torch.Size([3048, 7])
X_dev.shape: torch.Size([541, 337])
Y_dev.shape: torch.Size([541, 7])
Epochs: 500
Learning rate: 0.001
Weight decay: 1e-05
Epoch | Train                 | Development           | Minutes
      | Loss     | Error Rate | Loss     | Error Rate |
---------------------------------------------------------------
    1 |   2.5715 |     69.674 |   2.0257 |     58.965 |     0.0
    2 |   1.7529 |     49.426 |   1.5817 |     46.919 |     0.1
    3 |   1.4998 |     46.249 |   1.4695 |     46.919 |     0.1
    4 |   1.4257 |     46.211 |   1.4193 |     46.919 |     0.1
    5 |   1.3861 |     46.058 |   1.3846 |     46.550 |     0.2
    6 |   1.3573 |     46.063 |   1.3598 |     46.765 |     0.2
    7 |   1.3345 |     45.740 |   1.3423 |     46.457 |     0.2
    8 |   1.3192 |     45.423 |   1.3264 |     45.595 |     0.3
    9 |   1.3030 |     45.084 |   1.3077 |     45.687 |     0.3
   10 |   1.2862 |     44.598 |   1.2922 |     44.516 |     0.4
   11 |   1.2698 |     44.160 |   1.2796 |     43.808 |     0.4
   12 |   1.2516 |     43.766 |   1.2637 |     43.931 |     0.4
   13 |   1.2337 |     43.466 |   1.2408 |     43.623 |     0.5
   14 |   1.2120 |     43.001 |   1.2300 |     43.623 |     0.5
   15 |   1.1958 |     42.235 |   1.2209 |     42.945 |     0.5
   16 |   1.1782 |     41.377 |   1.1973 |     41.312 |     0.6
   17 |   1.1568 |     40.486 |   1.1817 |     41.097 |     0.6
   18 |   1.1421 |     39.895 |   1.1872 |     41.097 |     0.6
   19 |   1.1270 |     39.512 |   1.1521 |     39.772 |     0.7
   20 |   1.1048 |     38.676 |   1.1454 |     39.156 |     0.7
   21 |   1.0841 |     38.074 |   1.1284 |     38.601 |     0.7
   22 |   1.0664 |     37.090 |   1.1312 |     38.540 |     0.8
   23 |   1.0442 |     36.363 |   1.1107 |     37.893 |     0.8
   24 |   1.0285 |     35.892 |   1.0971 |     37.862 |     0.9
   25 |   1.0056 |     34.853 |   1.0953 |     37.831 |     0.9
   26 |   0.9808 |     33.809 |   1.0946 |     37.184 |     0.9
   27 |   0.9603 |     33.027 |   1.0935 |     37.246 |     1.0
   28 |   0.9351 |     31.890 |   1.0764 |     36.661 |     1.0
   29 |   0.9111 |     31.020 |   1.0767 |     36.044 |     1.0
   30 |   0.8938 |     30.145 |   1.0655 |     35.551 |     1.1
   31 |   0.8621 |     28.888 |   1.0776 |     35.767 |     1.1
   32 |   0.8380 |     28.396 |   1.0711 |     35.336 |     1.1
   33 |   0.8104 |     26.460 |   1.0651 |     34.904 |     1.2
   34 |   0.7817 |     25.536 |   1.0633 |     33.364 |     1.2
   35 |   0.7568 |     24.448 |   1.0781 |     33.826 |     1.2
   36 |   0.7273 |     23.502 |   1.0629 |     33.118 |     1.3
   37 |   0.7041 |     22.534 |   1.0584 |     31.916 |     1.3
   38 |   0.6970 |     22.490 |   1.0628 |     32.348 |     1.4
   39 |   0.6664 |     21.222 |   1.0644 |     32.163 |     1.4
   40 |   0.6340 |     20.205 |   1.0584 |     31.885 |     1.4
   41 |   0.6091 |     19.384 |   1.0727 |     30.930 |     1.5
   42 |   0.5859 |     18.548 |   1.0620 |     30.437 |     1.5
   43 |   0.5575 |     17.580 |   1.0827 |     30.468 |     1.5
   44 |   0.5380 |     16.907 |   1.0744 |     30.129 |     1.6
Early stopping

Model: Seq2Seq Bi-LSTM
Source index: <Seq2Seq Index with 45 items>
Target index: <Seq2Seq Index with 34 items>
Encoder embedding dimension: 32
Decoder embedding dimension: 128
Encoder hidden units: 64
Encoder layers: 4
Decoder hidden units: 128
Decoder layers: 3
Dropout: 0.0
Trainable parameters: 885,698

Training started
X_train.shape: torch.Size([3048, 649])
Y_train.shape: torch.Size([3048, 7])
X_dev.shape: torch.Size([541, 337])
Y_dev.shape: torch.Size([541, 7])
Epochs: 500
Learning rate: 0.001
Weight decay: 0.0001
Epoch | Train                 | Development           | Minutes
      | Loss     | Error Rate | Loss     | Error Rate |
---------------------------------------------------------------
    1 |   2.1811 |     59.033 |   1.5997 |     46.919 |     0.0
    2 |   1.4663 |     46.216 |   1.4211 |     46.919 |     0.1
    3 |   1.3816 |     46.194 |   1.3711 |     45.810 |     0.1
    4 |   1.3399 |     45.576 |   1.3302 |     46.057 |     0.1
    5 |   1.3124 |     45.128 |   1.3081 |     45.194 |     0.1
    6 |   1.2858 |     44.756 |   1.2884 |     45.317 |     0.2
    7 |   1.2603 |     44.341 |   1.2637 |     43.808 |     0.2
    8 |   1.2333 |     43.652 |   1.2382 |     44.147 |     0.2
    9 |   1.2085 |     43.170 |   1.2226 |     43.839 |     0.3
   10 |   1.1920 |     42.788 |   1.1967 |     42.514 |     0.3
   11 |   1.1716 |     41.672 |   1.1822 |     42.237 |     0.3
   12 |   1.1565 |     41.043 |   1.1701 |     41.282 |     0.3
   13 |   1.1373 |     40.540 |   1.1594 |     41.282 |     0.4
   14 |   1.1263 |     40.108 |   1.1468 |     41.651 |     0.4
   15 |   1.1151 |     39.441 |   1.1383 |     41.312 |     0.4
   16 |   1.1198 |     40.502 |   1.1167 |     40.419 |     0.5
   17 |   1.0936 |     39.086 |   1.1132 |     39.957 |     0.5
   18 |   1.0830 |     38.944 |   1.1069 |     39.895 |     0.5
   19 |   1.0768 |     39.020 |   1.0972 |     39.680 |     0.5
   20 |   1.0626 |     38.162 |   1.0896 |     40.327 |     0.6
   21 |   1.0524 |     37.932 |   1.0844 |     39.433 |     0.6
   22 |   1.0446 |     37.609 |   1.0900 |     39.217 |     0.6
   23 |   1.0422 |     37.790 |   1.0808 |     38.725 |     0.7
   24 |   1.0331 |     37.566 |   1.0712 |     38.786 |     0.7
   25 |   1.0279 |     37.166 |   1.0645 |     38.786 |     0.7
   26 |   1.0187 |     37.046 |   1.0595 |     37.954 |     0.7
   27 |   1.0145 |     36.997 |   1.0563 |     38.509 |     0.8
   28 |   1.0104 |     36.948 |   1.0578 |     38.232 |     0.8
   29 |   1.0069 |     36.773 |   1.0506 |     38.016 |     0.8
   30 |   1.0029 |     36.559 |   1.0503 |     37.893 |     0.9
   31 |   0.9953 |     36.302 |   1.0488 |     38.078 |     0.9
   32 |   0.9883 |     36.040 |   1.0376 |     37.246 |     0.9
   33 |   0.9819 |     35.493 |   1.0489 |     37.492 |     0.9
   34 |   0.9911 |     36.089 |   1.0543 |     38.324 |     1.0
   35 |   0.9840 |     35.723 |   1.0348 |     37.092 |     1.0
   36 |   0.9627 |     34.700 |   1.0344 |     36.568 |     1.0
   37 |   0.9586 |     34.673 |   1.0295 |     36.784 |     1.1
   38 |   0.9495 |     34.181 |   1.0357 |     35.952 |     1.1
   39 |   0.9438 |     34.099 |   1.0178 |     36.722 |     1.1
   40 |   0.9354 |     34.104 |   1.0168 |     36.075 |     1.1
   41 |   0.9424 |     34.279 |   1.0439 |     37.246 |     1.2
   42 |   0.9384 |     34.093 |   1.0037 |     35.705 |     1.2
   43 |   0.9243 |     33.306 |   1.0138 |     36.815 |     1.2
   44 |   0.9308 |     33.661 |   1.0185 |     36.291 |     1.3
   45 |   0.9241 |     33.279 |   1.0229 |     36.815 |     1.3
   46 |   0.9191 |     33.098 |   1.0419 |     36.691 |     1.3
Early stopping

Model: Seq2Seq Bi-LSTM
Source index: <Seq2Seq Index with 45 items>
Target index: <Seq2Seq Index with 34 items>
Encoder embedding dimension: 32
Decoder embedding dimension: 64
Encoder hidden units: 128
Encoder layers: 2
Decoder hidden units: 128
Decoder layers: 3
Dropout: 0.2
Trainable parameters: 1,063,746

Training started
X_train.shape: torch.Size([3048, 649])
Y_train.shape: torch.Size([3048, 7])
X_dev.shape: torch.Size([541, 337])
Y_dev.shape: torch.Size([541, 7])
Epochs: 500
Learning rate: 0.001
Weight decay: 1e-05
Epoch | Train                 | Development           | Minutes
      | Loss     | Error Rate | Loss     | Error Rate |
---------------------------------------------------------------
    1 |   2.2256 |     60.646 |   1.6190 |     46.919 |     0.0
    2 |   1.4798 |     46.325 |   1.4378 |     46.919 |     0.1
    3 |   1.4096 |     46.205 |   1.4106 |     46.919 |     0.1
    4 |   1.3873 |     46.238 |   1.3934 |     46.704 |     0.1
    5 |   1.3728 |     46.249 |   1.3728 |     45.533 |     0.2
    6 |   1.3504 |     45.565 |   1.3534 |     45.841 |     0.2
    7 |   1.3205 |     45.369 |   1.3145 |     46.211 |     0.3
    8 |   1.2960 |     45.226 |   1.2998 |     45.749 |     0.3
    9 |   1.2782 |     44.980 |   1.2780 |     45.194 |     0.3
   10 |   1.2552 |     44.286 |   1.2537 |     44.640 |     0.4
   11 |   1.2349 |     43.559 |   1.2338 |     44.116 |     0.4
   12 |   1.2187 |     43.296 |   1.2262 |     43.592 |     0.4
   13 |   1.2008 |     42.881 |   1.2076 |     43.222 |     0.5
   14 |   1.1907 |     42.695 |   1.2001 |     42.791 |     0.5
   15 |   1.1715 |     42.285 |   1.1829 |     43.007 |     0.6
   16 |   1.1557 |     41.716 |   1.1637 |     41.805 |     0.6
   17 |   1.1395 |     41.207 |   1.1489 |     41.374 |     0.6
   18 |   1.1253 |     40.633 |   1.1341 |     40.573 |     0.7
   19 |   1.1112 |     40.054 |   1.1258 |     40.604 |     0.7
   20 |   1.0979 |     39.463 |   1.1266 |     40.573 |     0.7
   21 |   1.0856 |     39.244 |   1.1034 |     39.556 |     0.8
   22 |   1.0701 |     38.823 |   1.0908 |     39.094 |     0.8
   23 |   1.0551 |     38.419 |   1.0779 |     37.800 |     0.9
   24 |   1.0411 |     37.615 |   1.0660 |     38.509 |     0.9
   25 |   1.0229 |     36.833 |   1.0630 |     37.523 |     0.9
   26 |   1.0069 |     36.538 |   1.0514 |     36.568 |     1.0
   27 |   0.9864 |     35.433 |   1.0418 |     36.322 |     1.0
   28 |   0.9734 |     34.864 |   1.0209 |     35.428 |     1.0
   29 |   0.9548 |     34.044 |   1.0221 |     35.890 |     1.1
   30 |   0.9382 |     33.383 |   1.0070 |     35.274 |     1.1
   31 |   0.9172 |     32.573 |   0.9880 |     33.765 |     1.2
   32 |   0.9038 |     32.180 |   0.9852 |     34.073 |     1.2
   33 |   0.8814 |     31.113 |   0.9672 |     32.502 |     1.2
   34 |   0.8653 |     30.534 |   0.9575 |     31.855 |     1.3
   35 |   0.8478 |     29.779 |   0.9615 |     32.471 |     1.3
   36 |   0.8281 |     28.915 |   0.9493 |     32.009 |     1.4
   37 |   0.8093 |     28.150 |   0.9441 |     31.392 |     1.4
   38 |   0.7889 |     27.253 |   0.9474 |     31.269 |     1.4
   39 |   0.7655 |     26.575 |   0.9361 |     30.253 |     1.5
   40 |   0.7458 |     25.815 |   0.9354 |     30.160 |     1.5
   41 |   0.7266 |     24.885 |   0.9329 |     30.068 |     1.5
   42 |   0.7082 |     24.136 |   0.9672 |     31.208 |     1.6
   43 |   0.6968 |     23.830 |   0.9365 |     28.959 |     1.6
   44 |   0.6817 |     23.272 |   0.9042 |     28.712 |     1.7
   45 |   0.6557 |     22.364 |   0.9036 |     28.373 |     1.7
   46 |   0.6403 |     21.900 |   0.9084 |     28.558 |     1.7
   47 |   0.6191 |     20.926 |   0.9199 |     28.959 |     1.8
   48 |   0.6013 |     20.396 |   0.9209 |     28.343 |     1.8
   49 |   0.5804 |     19.833 |   0.9301 |     28.620 |     1.8
Early stopping

Model: Seq2Seq Bi-LSTM
Source index: <Seq2Seq Index with 45 items>
Target index: <Seq2Seq Index with 34 items>
Encoder embedding dimension: 64
Decoder embedding dimension: 64
Encoder hidden units: 64
Encoder layers: 4
Decoder hidden units: 64
Decoder layers: 2
Dropout: 0.2
Trainable parameters: 503,906

Training started
X_train.shape: torch.Size([3048, 649])
Y_train.shape: torch.Size([3048, 7])
X_dev.shape: torch.Size([541, 337])
Y_dev.shape: torch.Size([541, 7])
Epochs: 500
Learning rate: 0.001
Weight decay: 1e-05
Epoch | Train                 | Development           | Minutes
      | Loss     | Error Rate | Loss     | Error Rate |
---------------------------------------------------------------
    1 |   2.4803 |     66.749 |   1.9436 |     52.803 |     0.0
    2 |   1.6831 |     48.365 |   1.5270 |     46.919 |     0.1
    3 |   1.4573 |     45.910 |   1.4376 |     46.426 |     0.1
    4 |   1.3988 |     45.997 |   1.3899 |     46.426 |     0.1
    5 |   1.3647 |     45.740 |   1.3607 |     46.180 |     0.2
    6 |   1.3370 |     45.276 |   1.3360 |     45.194 |     0.2
    7 |   1.3178 |     44.953 |   1.3162 |     45.225 |     0.2
    8 |   1.3009 |     44.619 |   1.3015 |     44.486 |     0.3
    9 |   1.2859 |     44.455 |   1.2896 |     44.701 |     0.3
   10 |   1.2695 |     43.925 |   1.2744 |     43.993 |     0.3
   11 |   1.2569 |     43.761 |   1.2593 |     43.808 |     0.4
   12 |   1.2405 |     43.192 |   1.2555 |     43.592 |     0.4
   13 |   1.2251 |     42.930 |   1.2334 |     42.575 |     0.4
   14 |   1.2075 |     42.520 |   1.2163 |     42.237 |     0.4
   15 |   1.1891 |     41.738 |   1.1999 |     41.836 |     0.5
   16 |   1.1712 |     41.098 |   1.1728 |     40.080 |     0.5
   17 |   1.1545 |     40.595 |   1.1636 |     39.495 |     0.5
   18 |   1.1306 |     39.791 |   1.1415 |     39.125 |     0.6
   19 |   1.1116 |     39.075 |   1.1304 |     38.601 |     0.6
   20 |   1.0900 |     38.490 |   1.1051 |     37.307 |     0.6
   21 |   1.0655 |     37.265 |   1.0917 |     36.291 |     0.7
   22 |   1.0464 |     36.423 |   1.0766 |     36.907 |     0.7
   23 |   1.0251 |     35.444 |   1.0602 |     35.983 |     0.7
   24 |   0.9917 |     33.842 |   1.0437 |     35.028 |     0.8
   25 |   0.9709 |     33.186 |   1.0253 |     34.720 |     0.8
   26 |   0.9455 |     32.076 |   1.0198 |     34.596 |     0.8
   27 |   0.9322 |     31.567 |   1.0078 |     33.703 |     0.9
   28 |   0.9054 |     30.627 |   0.9951 |     33.857 |     0.9
   29 |   0.8842 |     29.626 |   0.9921 |     33.241 |     0.9
   30 |   0.8607 |     28.746 |   0.9807 |     32.902 |     1.0
   31 |   0.8419 |     28.051 |   0.9747 |     32.810 |     1.0
   32 |   0.8209 |     27.761 |   0.9721 |     31.978 |     1.0
   33 |   0.8064 |     26.504 |   0.9797 |     31.547 |     1.1
   34 |   0.7860 |     26.088 |   0.9660 |     31.577 |     1.1
   35 |   0.7639 |     25.541 |   0.9640 |     31.516 |     1.1
   36 |   0.7456 |     24.787 |   0.9567 |     30.746 |     1.2
   37 |   0.7193 |     24.043 |   0.9537 |     30.591 |     1.2
   38 |   0.7045 |     23.267 |   0.9576 |     30.283 |     1.2
   39 |   0.6805 |     22.496 |   0.9456 |     30.037 |     1.2
   40 |   0.6680 |     22.233 |   0.9577 |     29.914 |     1.3
   41 |   0.6547 |     21.249 |   0.9579 |     30.283 |     1.3
   42 |   0.6431 |     21.058 |   0.9521 |     29.174 |     1.3
   43 |   0.6205 |     20.265 |   0.9578 |     28.343 |     1.4
Early stopping

Model: Seq2Seq Bi-LSTM
Source index: <Seq2Seq Index with 45 items>
Target index: <Seq2Seq Index with 34 items>
Encoder embedding dimension: 128
Decoder embedding dimension: 128
Encoder hidden units: 128
Encoder layers: 3
Decoder hidden units: 64
Decoder layers: 2
Dropout: 0.2
Trainable parameters: 1,248,290

Training started
X_train.shape: torch.Size([3048, 649])
Y_train.shape: torch.Size([3048, 7])
X_dev.shape: torch.Size([541, 337])
Y_dev.shape: torch.Size([541, 7])
Epochs: 500
Learning rate: 0.001
Weight decay: 0.0001
Epoch | Train                 | Development           | Minutes
      | Loss     | Error Rate | Loss     | Error Rate |
---------------------------------------------------------------
    1 |   2.3705 |     62.533 |   1.8555 |     51.263 |     0.1
    2 |   1.6375 |     47.835 |   1.5080 |     46.550 |     0.1
    3 |   1.4426 |     46.052 |   1.4209 |     46.426 |     0.2
    4 |   1.3804 |     45.828 |   1.3703 |     46.457 |     0.2
    5 |   1.3441 |     45.615 |   1.3405 |     46.087 |     0.3
    6 |   1.3165 |     45.106 |   1.3214 |     44.393 |     0.3
    7 |   1.2927 |     44.111 |   1.2959 |     44.455 |     0.4
    8 |   1.2744 |     43.805 |   1.2740 |     43.592 |     0.5
    9 |   1.2512 |     43.269 |   1.2536 |     43.346 |     0.5
   10 |   1.2304 |     42.892 |   1.2261 |     42.791 |     0.6
   11 |   1.2088 |     42.290 |   1.2063 |     42.421 |     0.6
   12 |   1.1886 |     42.082 |   1.1924 |     42.545 |     0.7
   13 |   1.1742 |     41.147 |   1.1741 |     40.943 |     0.7
   14 |   1.1548 |     40.611 |   1.1556 |     40.080 |     0.8
   15 |   1.1381 |     40.054 |   1.1399 |     39.526 |     0.9
   16 |   1.1237 |     39.879 |   1.1320 |     38.786 |     0.9
   17 |   1.1108 |     39.157 |   1.1120 |     38.601 |     1.0
   18 |   1.0963 |     38.101 |   1.1099 |     38.632 |     1.0
   19 |   1.0903 |     38.249 |   1.0921 |     37.831 |     1.1
   20 |   1.0749 |     37.259 |   1.0929 |     37.431 |     1.1
   21 |   1.0603 |     36.997 |   1.0801 |     36.784 |     1.2
   22 |   1.0474 |     36.527 |   1.0655 |     36.630 |     1.2
   23 |   1.0305 |     35.816 |   1.0558 |     36.168 |     1.3
   24 |   1.0165 |     35.324 |   1.0491 |     36.568 |     1.4
   25 |   1.0047 |     34.815 |   1.0340 |     34.812 |     1.4
   26 |   0.9894 |     33.984 |   1.0238 |     34.720 |     1.5
   27 |   0.9795 |     33.678 |   1.0204 |     34.627 |     1.5
   28 |   0.9665 |     32.863 |   1.0095 |     34.750 |     1.6
   29 |   0.9465 |     32.316 |   1.0055 |     33.734 |     1.6
   30 |   0.9433 |     31.944 |   1.0064 |     34.319 |     1.7
   31 |   0.9357 |     31.693 |   0.9990 |     34.011 |     1.8
   32 |   0.9154 |     31.037 |   0.9846 |     32.594 |     1.8
   33 |   0.8963 |     30.260 |   0.9803 |     32.502 |     1.9
   34 |   0.8821 |     29.631 |   0.9619 |     31.824 |     1.9
   35 |   0.8629 |     28.882 |   0.9576 |     31.824 |     2.0
   36 |   0.8475 |     28.308 |   0.9613 |     31.978 |     2.0
   37 |   0.8367 |     27.964 |   0.9634 |     31.608 |     2.1
   38 |   0.8236 |     27.493 |   0.9490 |     30.591 |     2.2
   39 |   0.8102 |     27.040 |   0.9499 |     30.900 |     2.2
   40 |   0.7853 |     25.995 |   0.9423 |     31.208 |     2.3
   41 |   0.7705 |     25.443 |   0.9483 |     31.269 |     2.3
   42 |   0.7504 |     25.175 |   0.9423 |     31.516 |     2.4
   43 |   0.7341 |     24.284 |   0.9625 |     31.362 |     2.4
   44 |   0.7226 |     24.043 |   0.9496 |     29.945 |     2.5
   45 |   0.7110 |     23.584 |   0.9408 |     30.776 |     2.5
   46 |   0.6961 |     22.791 |   0.9456 |     30.253 |     2.6
   47 |   0.6834 |     22.463 |   0.9376 |     29.760 |     2.7
   48 |   0.6666 |     21.834 |   0.9422 |     29.667 |     2.7
   49 |   0.6484 |     21.243 |   0.9375 |     29.051 |     2.8
   50 |   0.6305 |     20.292 |   0.9450 |     29.205 |     2.8
   51 |   0.6257 |     20.593 |   0.9559 |     29.359 |     2.9
   52 |   0.6088 |     19.871 |   0.9481 |     29.328 |     2.9
   53 |   0.5999 |     19.341 |   0.9490 |     28.866 |     3.0
   54 |   0.5748 |     18.745 |   0.9375 |     28.312 |     3.1
   55 |   0.5636 |     18.280 |   0.9439 |     28.558 |     3.1
   56 |   0.5536 |     17.941 |   0.9642 |     28.343 |     3.2
   57 |   0.5440 |     17.853 |   0.9605 |     28.681 |     3.2
   58 |   0.5233 |     17.099 |   0.9796 |     29.082 |     3.3
Early stopping

Model: Seq2Seq Bi-LSTM
Source index: <Seq2Seq Index with 45 items>
Target index: <Seq2Seq Index with 34 items>
Encoder embedding dimension: 128
Decoder embedding dimension: 64
Encoder hidden units: 128
Encoder layers: 2
Decoder hidden units: 128
Decoder layers: 2
Dropout: 0.0
Trainable parameters: 1,034,274

Training started
X_train.shape: torch.Size([3048, 649])
Y_train.shape: torch.Size([3048, 7])
X_dev.shape: torch.Size([541, 337])
Y_dev.shape: torch.Size([541, 7])
Epochs: 500
Learning rate: 0.001
Weight decay: 1e-05
Epoch | Train                 | Development           | Minutes
      | Loss     | Error Rate | Loss     | Error Rate |
---------------------------------------------------------------
    1 |   2.0630 |     56.594 |   1.5363 |     46.919 |     0.0
    2 |   1.4308 |     46.265 |   1.3971 |     46.580 |     0.1
    3 |   1.3544 |     45.822 |   1.3448 |     45.502 |     0.1
    4 |   1.3066 |     44.712 |   1.2995 |     45.009 |     0.1
    5 |   1.2687 |     44.078 |   1.2662 |     43.685 |     0.2
    6 |   1.2399 |     43.247 |   1.2507 |     43.839 |     0.2
    7 |   1.2109 |     42.673 |   1.2125 |     42.237 |     0.3
    8 |   1.1804 |     41.415 |   1.1870 |     40.727 |     0.3
    9 |   1.1473 |     40.147 |   1.1494 |     38.940 |     0.3
   10 |   1.1107 |     38.659 |   1.1256 |     38.601 |     0.4
   11 |   1.0746 |     37.434 |   1.0890 |     36.753 |     0.4
   12 |   1.0307 |     35.646 |   1.0680 |     36.445 |     0.4
   13 |   0.9905 |     34.186 |   1.0315 |     35.367 |     0.5
   14 |   0.9352 |     31.748 |   0.9959 |     33.580 |     0.5
   15 |   0.8857 |     29.992 |   0.9663 |     32.686 |     0.6
   16 |   0.8312 |     27.504 |   0.9391 |     31.269 |     0.6
   17 |   0.7687 |     25.109 |   0.9202 |     30.099 |     0.6
   18 |   0.7096 |     23.157 |   0.9078 |     29.174 |     0.7
   19 |   0.6539 |     21.129 |   0.8943 |     28.866 |     0.7
   20 |   0.6060 |     19.565 |   0.8902 |     27.880 |     0.7
   21 |   0.5573 |     18.165 |   0.8979 |     28.835 |     0.8
   22 |   0.5177 |     16.645 |   0.8942 |     27.603 |     0.8
   23 |   0.4663 |     15.119 |   0.8973 |     27.511 |     0.8
   24 |   0.4316 |     13.889 |   0.9344 |     27.911 |     0.9
Early stopping

Model: Seq2Seq Bi-LSTM
Source index: <Seq2Seq Index with 45 items>
Target index: <Seq2Seq Index with 34 items>
Encoder embedding dimension: 128
Decoder embedding dimension: 64
Encoder hidden units: 128
Encoder layers: 3
Decoder hidden units: 128
Decoder layers: 2
Dropout: 0.2
Trainable parameters: 1,495,074

Training started
X_train.shape: torch.Size([3048, 649])
Y_train.shape: torch.Size([3048, 7])
X_dev.shape: torch.Size([541, 337])
Y_dev.shape: torch.Size([541, 7])
Epochs: 500
Learning rate: 0.001
Weight decay: 1e-05
Epoch | Train                 | Development           | Minutes
      | Loss     | Error Rate | Loss     | Error Rate |
---------------------------------------------------------------
    1 |   2.0991 |     57.338 |   1.5675 |     46.950 |     0.1
    2 |   1.4481 |     46.271 |   1.4064 |     46.519 |     0.1
    3 |   1.3612 |     45.915 |   1.3606 |     45.687 |     0.2
    4 |   1.3193 |     45.401 |   1.3238 |     45.749 |     0.2
    5 |   1.2889 |     44.652 |   1.2899 |     44.331 |     0.3
    6 |   1.2644 |     44.516 |   1.2670 |     44.455 |     0.3
    7 |   1.2394 |     44.012 |   1.2431 |     43.962 |     0.4
    8 |   1.2149 |     43.225 |   1.2188 |     42.976 |     0.5
    9 |   1.1876 |     42.197 |   1.1899 |     41.744 |     0.5
   10 |   1.1563 |     41.267 |   1.1572 |     40.173 |     0.6
   11 |   1.1248 |     40.065 |   1.1308 |     38.848 |     0.6
   12 |   1.0901 |     38.293 |   1.1039 |     38.201 |     0.7
   13 |   1.0521 |     36.663 |   1.0743 |     36.938 |     0.7
   14 |   1.0118 |     35.050 |   1.0357 |     34.997 |     0.8
   15 |   0.9678 |     33.224 |   1.0191 |     34.442 |     0.9
   16 |   0.9203 |     31.201 |   0.9919 |     33.611 |     0.9
   17 |   0.8729 |     29.374 |   0.9671 |     32.317 |     1.0
   18 |   0.8277 |     27.466 |   0.9456 |     30.222 |     1.0
   19 |   0.7808 |     25.782 |   0.9348 |     30.037 |     1.1
   20 |   0.7406 |     24.218 |   0.9152 |     29.144 |     1.2
   21 |   0.7000 |     22.802 |   0.9065 |     28.681 |     1.2
   22 |   0.6617 |     21.741 |   0.9118 |     28.497 |     1.3
   23 |   0.6193 |     20.363 |   0.9025 |     27.696 |     1.3
   24 |   0.5719 |     18.712 |   0.9045 |     27.049 |     1.4
   25 |   0.5449 |     17.957 |   0.8969 |     26.833 |     1.4
   26 |   0.5085 |     16.432 |   0.9157 |     27.480 |     1.5
   27 |   0.4818 |     15.803 |   0.9104 |     25.909 |     1.6
   28 |   0.4508 |     14.583 |   0.9185 |     26.895 |     1.6
   29 |   0.4212 |     13.867 |   0.9394 |     26.124 |     1.7
Early stopping

Model: Seq2Seq Bi-LSTM
Source index: <Seq2Seq Index with 45 items>
Target index: <Seq2Seq Index with 34 items>
Encoder embedding dimension: 128
Decoder embedding dimension: 64
Encoder hidden units: 128
Encoder layers: 2
Decoder hidden units: 64
Decoder layers: 2
Dropout: 0.2
Trainable parameters: 801,698

Training started
X_train.shape: torch.Size([3048, 649])
Y_train.shape: torch.Size([3048, 7])
X_dev.shape: torch.Size([541, 337])
Y_dev.shape: torch.Size([541, 7])
Epochs: 500
Learning rate: 0.001
Weight decay: 0.0001
Epoch | Train                 | Development           | Minutes
      | Loss     | Error Rate | Loss     | Error Rate |
---------------------------------------------------------------
    1 |   2.3765 |     61.740 |   1.8862 |     49.507 |     0.0
    2 |   1.6771 |     48.141 |   1.5359 |     46.919 |     0.1
    3 |   1.4704 |     46.118 |   1.4382 |     46.827 |     0.1
    4 |   1.4037 |     46.194 |   1.3910 |     46.550 |     0.1
    5 |   1.3614 |     45.719 |   1.3679 |     46.488 |     0.2
    6 |   1.3317 |     45.292 |   1.3398 |     46.118 |     0.2
    7 |   1.3124 |     45.166 |   1.3136 |     45.287 |     0.3
    8 |   1.2955 |     44.499 |   1.2995 |     44.701 |     0.3
    9 |   1.2774 |     44.073 |   1.2770 |     43.931 |     0.3
   10 |   1.2561 |     43.668 |   1.2663 |     43.808 |     0.4
   11 |   1.2420 |     43.329 |   1.2422 |     43.808 |     0.4
   12 |   1.2231 |     42.995 |   1.2252 |     42.945 |     0.4
   13 |   1.2097 |     42.460 |   1.2149 |     42.298 |     0.5
   14 |   1.1962 |     42.060 |   1.1976 |     41.959 |     0.5
   15 |   1.1808 |     41.847 |   1.1892 |     41.528 |     0.6
   16 |   1.1690 |     41.207 |   1.1759 |     41.959 |     0.6
   17 |   1.1532 |     40.907 |   1.1590 |     40.111 |     0.6
   18 |   1.1396 |     40.147 |   1.1480 |     40.265 |     0.7
   19 |   1.1273 |     39.583 |   1.1419 |     39.341 |     0.7
   20 |   1.1173 |     39.261 |   1.1340 |     39.402 |     0.7
   21 |   1.1049 |     38.555 |   1.1189 |     39.094 |     0.8
   22 |   1.0917 |     38.069 |   1.1083 |     38.478 |     0.8
   23 |   1.0856 |     37.691 |   1.0987 |     38.047 |     0.9
   24 |   1.0717 |     37.325 |   1.0921 |     38.139 |     0.9
   25 |   1.0577 |     36.724 |   1.0824 |     37.184 |     0.9
   26 |   1.0435 |     36.067 |   1.0677 |     36.938 |     1.0
   27 |   1.0304 |     35.652 |   1.0596 |     36.938 |     1.0
   28 |   1.0243 |     35.433 |   1.0413 |     35.705 |     1.0
   29 |   1.0085 |     35.089 |   1.0460 |     36.229 |     1.1
   30 |   0.9994 |     34.881 |   1.0297 |     35.952 |     1.1
   31 |   0.9841 |     34.361 |   1.0184 |     35.490 |     1.2
   32 |   0.9722 |     33.853 |   1.0128 |     34.966 |     1.2
   33 |   0.9606 |     33.273 |   1.0153 |     35.089 |     1.2
   34 |   0.9500 |     33.169 |   1.0003 |     34.319 |     1.3
   35 |   0.9362 |     32.442 |   0.9884 |     34.196 |     1.3
   36 |   0.9277 |     32.005 |   0.9982 |     33.611 |     1.4
   37 |   0.9116 |     31.179 |   0.9795 |     33.210 |     1.4
   38 |   0.8976 |     30.692 |   0.9775 |     32.440 |     1.4
   39 |   0.8911 |     30.479 |   0.9625 |     32.625 |     1.5
   40 |   0.8678 |     29.374 |   0.9575 |     31.731 |     1.5
   41 |   0.8586 |     29.134 |   0.9660 |     31.885 |     1.5
   42 |   0.8422 |     28.603 |   0.9491 |     31.084 |     1.6
   43 |   0.8269 |     27.685 |   0.9554 |     32.070 |     1.6
   44 |   0.8149 |     27.472 |   0.9380 |     30.930 |     1.7
   45 |   0.7929 |     26.438 |   0.9332 |     30.499 |     1.7
   46 |   0.7783 |     25.864 |   0.9369 |     29.852 |     1.7
   47 |   0.7702 |     25.815 |   0.9385 |     30.653 |     1.8
   48 |   0.7568 |     24.940 |   0.9328 |     30.530 |     1.8
   49 |   0.7355 |     24.240 |   0.9330 |     30.499 |     1.8
   50 |   0.7208 |     23.802 |   0.9340 |     30.160 |     1.9
   51 |   0.7023 |     22.818 |   0.9280 |     29.421 |     1.9
   52 |   0.6876 |     22.753 |   0.9314 |     29.390 |     2.0
   53 |   0.6843 |     22.649 |   0.9335 |     29.636 |     2.0
   54 |   0.6626 |     21.435 |   0.9365 |     29.914 |     2.0
   55 |   0.6523 |     21.386 |   0.9429 |     29.667 |     2.1
Early stopping

Model: Seq2Seq Bi-LSTM
Source index: <Seq2Seq Index with 45 items>
Target index: <Seq2Seq Index with 34 items>
Encoder embedding dimension: 64
Decoder embedding dimension: 64
Encoder hidden units: 64
Encoder layers: 3
Decoder hidden units: 128
Decoder layers: 3
Dropout: 0.0
Trainable parameters: 736,482

Training started
X_train.shape: torch.Size([3048, 649])
Y_train.shape: torch.Size([3048, 7])
X_dev.shape: torch.Size([541, 337])
Y_dev.shape: torch.Size([541, 7])
Epochs: 500
Learning rate: 0.001
Weight decay: 0.0001
Epoch | Train                 | Development           | Minutes
      | Loss     | Error Rate | Loss     | Error Rate |
---------------------------------------------------------------
    1 |   2.2410 |     61.259 |   1.6521 |     49.199 |     0.0
    2 |   1.4898 |     46.358 |   1.4452 |     46.919 |     0.0
    3 |   1.4054 |     46.107 |   1.4056 |     46.827 |     0.1
    4 |   1.3772 |     46.178 |   1.3729 |     46.242 |     0.1
    5 |   1.3528 |     45.571 |   1.3669 |     46.211 |     0.1
    6 |   1.3320 |     45.462 |   1.3337 |     45.379 |     0.1
    7 |   1.3114 |     45.314 |   1.3128 |     45.533 |     0.2
    8 |   1.2903 |     45.024 |   1.2951 |     44.393 |     0.2
    9 |   1.2697 |     44.494 |   1.2801 |     44.732 |     0.2
   10 |   1.2546 |     44.171 |   1.2589 |     43.808 |     0.2
   11 |   1.2342 |     43.717 |   1.2436 |     44.023 |     0.2
   12 |   1.2186 |     43.061 |   1.2392 |     44.239 |     0.3
   13 |   1.2051 |     43.023 |   1.2159 |     43.222 |     0.3
   14 |   1.1925 |     42.706 |   1.2113 |     42.976 |     0.3
   15 |   1.1831 |     42.525 |   1.1946 |     43.284 |     0.3
   16 |   1.1706 |     42.241 |   1.1947 |     43.130 |     0.4
   17 |   1.1600 |     41.940 |   1.1746 |     41.867 |     0.4
   18 |   1.1484 |     41.524 |   1.1688 |     41.528 |     0.4
   19 |   1.1403 |     40.808 |   1.1680 |     41.959 |     0.4
   20 |   1.1358 |     41.284 |   1.1458 |     41.128 |     0.4
   21 |   1.1219 |     40.398 |   1.1438 |     40.542 |     0.5
   22 |   1.1102 |     40.103 |   1.1271 |     40.850 |     0.5
   23 |   1.1043 |     40.119 |   1.1232 |     40.850 |     0.5
   24 |   1.0878 |     39.304 |   1.1171 |     39.988 |     0.5
   25 |   1.0806 |     39.047 |   1.1007 |     39.895 |     0.6
   26 |   1.0736 |     38.878 |   1.1078 |     39.741 |     0.6
   27 |   1.0643 |     38.676 |   1.0864 |     39.526 |     0.6
   28 |   1.0578 |     38.506 |   1.0836 |     39.341 |     0.6
   29 |   1.0504 |     38.151 |   1.0798 |     39.094 |     0.6
   30 |   1.0528 |     38.342 |   1.0898 |     39.772 |     0.7
   31 |   1.0398 |     38.058 |   1.0743 |     39.372 |     0.7
   32 |   1.0332 |     37.626 |   1.0718 |     39.002 |     0.7
   33 |   1.0223 |     37.188 |   1.0632 |     38.078 |     0.7
   34 |   1.0149 |     36.953 |   1.0531 |     37.893 |     0.8
   35 |   1.0067 |     36.565 |   1.0496 |     37.985 |     0.8
   36 |   1.0023 |     36.652 |   1.0486 |     37.954 |     0.8
   37 |   0.9946 |     36.477 |   1.0478 |     38.262 |     0.8
   38 |   0.9943 |     36.374 |   1.0507 |     37.616 |     0.8
   39 |   0.9850 |     35.985 |   1.0384 |     38.016 |     0.9
   40 |   0.9786 |     35.914 |   1.0326 |     36.999 |     0.9
   41 |   0.9747 |     35.313 |   1.0259 |     36.815 |     0.9
   42 |   0.9673 |     35.253 |   1.0316 |     36.784 |     0.9
   43 |   0.9611 |     35.121 |   1.0288 |     36.506 |     0.9
   44 |   0.9565 |     34.903 |   1.0327 |     36.352 |     1.0
   45 |   0.9492 |     34.782 |   1.0290 |     36.291 |     1.0
   46 |   0.9439 |     34.421 |   1.0201 |     36.753 |     1.0
   47 |   0.9348 |     34.022 |   1.0203 |     36.815 |     1.0
   48 |   0.9274 |     34.077 |   1.0095 |     35.613 |     1.1
   49 |   0.9237 |     33.486 |   1.0090 |     35.243 |     1.1
   50 |   0.9199 |     33.700 |   1.0085 |     35.613 |     1.1
   51 |   0.9086 |     33.136 |   1.0196 |     35.551 |     1.1
   52 |   0.9029 |     32.945 |   0.9983 |     34.720 |     1.1
   53 |   0.8937 |     32.387 |   1.0021 |     35.151 |     1.2
   54 |   0.9007 |     32.721 |   0.9976 |     35.367 |     1.2
   55 |   0.8921 |     32.513 |   1.0027 |     35.151 |     1.2
   56 |   0.8764 |     31.742 |   0.9978 |     34.720 |     1.2
   57 |   0.8727 |     32.065 |   0.9990 |     35.274 |     1.3
   58 |   0.8665 |     31.627 |   0.9985 |     34.843 |     1.3
Early stopping

Model: Seq2Seq Bi-LSTM
Source index: <Seq2Seq Index with 45 items>
Target index: <Seq2Seq Index with 34 items>
Encoder embedding dimension: 64
Decoder embedding dimension: 64
Encoder hidden units: 128
Encoder layers: 4
Decoder hidden units: 64
Decoder layers: 3
Dropout: 0.0
Trainable parameters: 1,622,626

Training started
X_train.shape: torch.Size([3048, 649])
Y_train.shape: torch.Size([3048, 7])
X_dev.shape: torch.Size([541, 337])
Y_dev.shape: torch.Size([541, 7])
Epochs: 500
Learning rate: 0.001
Weight decay: 0.0001
Epoch | Train                 | Development           | Minutes
      | Loss     | Error Rate | Loss     | Error Rate |
---------------------------------------------------------------
    1 |   2.5593 |     69.663 |   2.0205 |     58.965 |     0.1
    2 |   1.7679 |     49.639 |   1.6057 |     46.950 |     0.1
    3 |   1.5030 |     46.205 |   1.4665 |     46.827 |     0.2
    4 |   1.4255 |     46.364 |   1.4238 |     46.919 |     0.3
    5 |   1.3986 |     46.030 |   1.4061 |     46.519 |     0.3
    6 |   1.3790 |     46.030 |   1.3872 |     46.919 |     0.4
    7 |   1.3511 |     45.954 |   1.3581 |     46.426 |     0.5
    8 |   1.3271 |     45.817 |   1.3371 |     46.611 |     0.6
    9 |   1.3132 |     45.653 |   1.3191 |     46.242 |     0.6
   10 |   1.2969 |     45.478 |   1.3077 |     46.488 |     0.7
   11 |   1.2846 |     45.013 |   1.2908 |     45.687 |     0.8
   12 |   1.2710 |     44.778 |   1.2843 |     45.595 |     0.8
   13 |   1.2620 |     44.630 |   1.2709 |     44.824 |     0.9
   14 |   1.2522 |     44.521 |   1.2616 |     44.270 |     1.0
   15 |   1.2425 |     44.231 |   1.2611 |     45.471 |     1.0
   16 |   1.2353 |     44.100 |   1.2507 |     45.163 |     1.1
   17 |   1.2260 |     43.930 |   1.2382 |     44.147 |     1.2
   18 |   1.2226 |     43.602 |   1.2343 |     43.931 |     1.2
   19 |   1.2158 |     43.427 |   1.2307 |     44.301 |     1.3
   20 |   1.2093 |     43.624 |   1.2314 |     43.438 |     1.4
   21 |   1.2034 |     43.258 |   1.2160 |     43.962 |     1.4
   22 |   1.1997 |     43.395 |   1.2134 |     43.900 |     1.5
   23 |   1.1977 |     43.247 |   1.2090 |     43.161 |     1.6
   24 |   1.1906 |     43.012 |   1.2063 |     43.346 |     1.7
   25 |   1.1858 |     42.957 |   1.2004 |     43.284 |     1.7
   26 |   1.1810 |     42.963 |   1.1976 |     43.130 |     1.8
   27 |   1.1755 |     42.520 |   1.1933 |     42.730 |     1.9
   28 |   1.1716 |     42.295 |   1.1856 |     43.284 |     1.9
   29 |   1.1666 |     42.257 |   1.1832 |     42.760 |     2.0
   30 |   1.1638 |     42.137 |   1.1819 |     42.853 |     2.1
   31 |   1.1586 |     42.328 |   1.1751 |     42.914 |     2.1
   32 |   1.1552 |     41.951 |   1.1688 |     42.575 |     2.2
   33 |   1.1511 |     41.874 |   1.1686 |     42.699 |     2.3
   34 |   1.1484 |     41.809 |   1.1606 |     42.391 |     2.3
   35 |   1.1456 |     42.028 |   1.1693 |     42.914 |     2.4
   36 |   1.1411 |     41.541 |   1.1583 |     42.175 |     2.5
   37 |   1.1393 |     41.678 |   1.1576 |     41.774 |     2.5
   38 |   1.1346 |     41.164 |   1.1580 |     42.206 |     2.6
   39 |   1.1335 |     41.371 |   1.1500 |     42.021 |     2.7
   40 |   1.1303 |     41.213 |   1.1492 |     42.144 |     2.7
   41 |   1.1281 |     41.202 |   1.1498 |     42.052 |     2.8
   42 |   1.1242 |     41.191 |   1.1487 |     41.744 |     2.9
   43 |   1.1236 |     41.098 |   1.1448 |     41.559 |     3.0
   44 |   1.1203 |     41.076 |   1.1443 |     42.083 |     3.0
   45 |   1.1187 |     40.901 |   1.1384 |     41.559 |     3.1
   46 |   1.1153 |     40.764 |   1.1367 |     41.805 |     3.2
   47 |   1.1130 |     40.857 |   1.1391 |     42.083 |     3.2
   48 |   1.1103 |     40.797 |   1.1334 |     41.528 |     3.3
   49 |   1.1076 |     40.688 |   1.1313 |     41.959 |     3.4
   50 |   1.1087 |     40.682 |   1.1344 |     41.312 |     3.4
   51 |   1.1047 |     40.404 |   1.1307 |     41.528 |     3.5
   52 |   1.1036 |     40.486 |   1.1318 |     41.559 |     3.6
   53 |   1.1024 |     40.343 |   1.1242 |     41.066 |     3.6
   54 |   1.0991 |     40.409 |   1.1233 |     41.528 |     3.7
   55 |   1.0959 |     40.365 |   1.1286 |     41.436 |     3.8
   56 |   1.0965 |     40.425 |   1.1185 |     40.881 |     3.8
   57 |   1.0932 |     40.404 |   1.1179 |     41.312 |     3.9
   58 |   1.0927 |     40.376 |   1.1198 |     41.066 |     4.0
   59 |   1.0895 |     40.316 |   1.1176 |     41.466 |     4.1
   60 |   1.0893 |     40.245 |   1.1188 |     41.189 |     4.1
   61 |   1.0883 |     40.081 |   1.1177 |     41.466 |     4.2
   62 |   1.0852 |     40.152 |   1.1186 |     41.251 |     4.3
   63 |   1.0853 |     40.147 |   1.1141 |     41.251 |     4.3
   64 |   1.0848 |     40.125 |   1.1105 |     41.128 |     4.4
   65 |   1.0811 |     40.119 |   1.1086 |     40.912 |     4.5
   66 |   1.0796 |     40.125 |   1.1150 |     41.158 |     4.5
   67 |   1.0796 |     40.004 |   1.1135 |     41.559 |     4.6
   68 |   1.0789 |     39.977 |   1.1075 |     41.004 |     4.7
   69 |   1.0787 |     39.862 |   1.1079 |     40.819 |     4.7
   70 |   1.0761 |     40.032 |   1.1084 |     41.066 |     4.8
   71 |   1.0763 |     40.081 |   1.1071 |     41.220 |     4.9
   72 |   1.0745 |     39.665 |   1.1084 |     41.035 |     4.9
   73 |   1.0742 |     40.065 |   1.1046 |     40.912 |     5.0
   74 |   1.0725 |     39.824 |   1.1043 |     40.943 |     5.1
   75 |   1.0729 |     39.944 |   1.1079 |     40.881 |     5.2
   76 |   1.0729 |     39.988 |   1.1032 |     40.789 |     5.2
   77 |   1.0718 |     40.130 |   1.1038 |     41.097 |     5.3
   78 |   1.0702 |     39.769 |   1.0993 |     40.265 |     5.4
   79 |   1.0691 |     39.665 |   1.1000 |     41.097 |     5.4
   80 |   1.0684 |     39.736 |   1.1009 |     40.758 |     5.5
   81 |   1.0670 |     39.933 |   1.0955 |     40.635 |     5.6
   82 |   1.0682 |     39.758 |   1.0984 |     40.758 |     5.6
   83 |   1.0665 |     39.857 |   1.0984 |     40.665 |     5.7
   84 |   1.0654 |     39.868 |   1.0952 |     40.758 |     5.8
   85 |   1.0648 |     39.846 |   1.1005 |     41.004 |     5.8
   86 |   1.0645 |     39.627 |   1.0982 |     40.481 |     5.9
   87 |   1.0664 |     39.786 |   1.0996 |     40.696 |     6.0
   88 |   1.0639 |     39.726 |   1.0988 |     40.758 |     6.0
Early stopping

Model: Seq2Seq Bi-LSTM
Source index: <Seq2Seq Index with 45 items>
Target index: <Seq2Seq Index with 34 items>
Encoder embedding dimension: 32
Decoder embedding dimension: 128
Encoder hidden units: 128
Encoder layers: 4
Decoder hidden units: 64
Decoder layers: 2
Dropout: 0.2
Trainable parameters: 1,573,698

Training started
X_train.shape: torch.Size([3048, 649])
Y_train.shape: torch.Size([3048, 7])
X_dev.shape: torch.Size([541, 337])
Y_dev.shape: torch.Size([541, 7])
Epochs: 500
Learning rate: 0.001
Weight decay: 1e-05
Epoch | Train                 | Development           | Minutes
      | Loss     | Error Rate | Loss     | Error Rate |
---------------------------------------------------------------
    1 |   2.3502 |     60.903 |   1.8242 |     51.263 |     0.1
    2 |   1.6031 |     47.682 |   1.4870 |     46.765 |     0.1
    3 |   1.4343 |     45.850 |   1.4155 |     46.519 |     0.2
    4 |   1.3780 |     45.833 |   1.3700 |     46.488 |     0.3
    5 |   1.3387 |     45.538 |   1.3359 |     45.194 |     0.4
    6 |   1.3128 |     44.855 |   1.3082 |     44.763 |     0.5
    7 |   1.2920 |     44.269 |   1.2857 |     44.239 |     0.5
    8 |   1.2707 |     43.619 |   1.2675 |     43.284 |     0.6
    9 |   1.2495 |     43.291 |   1.2450 |     43.068 |     0.7
   10 |   1.2318 |     43.006 |   1.2303 |     42.668 |     0.8
   11 |   1.2101 |     42.416 |   1.2095 |     42.329 |     0.8
   12 |   1.1870 |     41.924 |   1.1876 |     41.497 |     0.9
   13 |   1.1719 |     41.191 |   1.1722 |     40.481 |     1.0
   14 |   1.1477 |     40.371 |   1.1545 |     39.772 |     1.1
   15 |   1.1280 |     39.206 |   1.1370 |     39.248 |     1.1
   16 |   1.1066 |     38.495 |   1.1150 |     38.293 |     1.2
   17 |   1.0842 |     37.752 |   1.0988 |     37.646 |     1.3
   18 |   1.0610 |     37.106 |   1.0874 |     36.876 |     1.4
   19 |   1.0370 |     35.788 |   1.0759 |     36.260 |     1.4
   20 |   1.0183 |     34.881 |   1.0498 |     35.028 |     1.5
   21 |   0.9923 |     33.743 |   1.0417 |     35.367 |     1.6
   22 |   0.9759 |     32.962 |   1.0350 |     35.089 |     1.7
   23 |   0.9494 |     32.087 |   1.0147 |     33.765 |     1.7
   24 |   0.9192 |     30.993 |   1.0022 |     33.025 |     1.8
   25 |   0.8966 |     29.905 |   1.0018 |     33.919 |     1.9
   26 |   0.8626 |     28.603 |   0.9939 |     33.333 |     2.0
   27 |   0.8357 |     27.575 |   0.9808 |     31.731 |     2.0
   28 |   0.8171 |     27.034 |   0.9719 |     32.039 |     2.1
   29 |   0.7810 |     25.727 |   0.9678 |     31.023 |     2.2
   30 |   0.7508 |     24.535 |   0.9630 |     31.177 |     2.3
   31 |   0.7250 |     23.622 |   0.9490 |     29.883 |     2.3
   32 |   0.7036 |     22.709 |   0.9476 |     29.852 |     2.4
   33 |   0.6812 |     21.943 |   0.9662 |     30.437 |     2.5
   34 |   0.6588 |     21.336 |   0.9283 |     29.359 |     2.6
   35 |   0.6223 |     19.893 |   0.9304 |     28.435 |     2.6
   36 |   0.5950 |     18.794 |   0.9479 |     29.082 |     2.7
   37 |   0.5723 |     18.209 |   0.9362 |     28.158 |     2.8
   38 |   0.5532 |     17.624 |   0.9512 |     28.004 |     2.9
Early stopping

Model: Seq2Seq Bi-LSTM
Source index: <Seq2Seq Index with 45 items>
Target index: <Seq2Seq Index with 34 items>
Encoder embedding dimension: 128
Decoder embedding dimension: 128
Encoder hidden units: 64
Encoder layers: 4
Decoder hidden units: 64
Decoder layers: 2
Dropout: 0.2
Trainable parameters: 558,114

Training started
X_train.shape: torch.Size([3048, 649])
Y_train.shape: torch.Size([3048, 7])
X_dev.shape: torch.Size([541, 337])
Y_dev.shape: torch.Size([541, 7])
Epochs: 500
Learning rate: 0.001
Weight decay: 1e-05
Epoch | Train                 | Development           | Minutes
      | Loss     | Error Rate | Loss     | Error Rate |
---------------------------------------------------------------
    1 |   2.3693 |     62.686 |   1.7790 |     48.983 |     0.0
    2 |   1.5636 |     47.419 |   1.4570 |     46.919 |     0.1
    3 |   1.4101 |     45.877 |   1.3884 |     46.858 |     0.1
    4 |   1.3576 |     45.921 |   1.3510 |     46.642 |     0.1
    5 |   1.3220 |     45.565 |   1.3171 |     45.687 |     0.2
    6 |   1.2922 |     44.641 |   1.2879 |     43.808 |     0.2
    7 |   1.2675 |     43.881 |   1.2669 |     43.993 |     0.2
    8 |   1.2447 |     43.422 |   1.2472 |     43.654 |     0.3
    9 |   1.2263 |     42.842 |   1.2249 |     42.884 |     0.3
   10 |   1.2009 |     42.317 |   1.2085 |     41.867 |     0.3
   11 |   1.1799 |     41.661 |   1.1943 |     41.343 |     0.4
   12 |   1.1618 |     41.169 |   1.1733 |     40.850 |     0.4
   13 |   1.1379 |     40.157 |   1.1563 |     39.433 |     0.4
   14 |   1.1171 |     39.458 |   1.1461 |     39.279 |     0.5
   15 |   1.0967 |     38.451 |   1.1222 |     38.078 |     0.5
   16 |   1.0728 |     37.538 |   1.1033 |     36.815 |     0.5
   17 |   1.0513 |     36.702 |   1.0919 |     36.506 |     0.6
   18 |   1.0336 |     35.652 |   1.0778 |     36.229 |     0.6
   19 |   1.0113 |     34.777 |   1.0626 |     35.675 |     0.6
   20 |   0.9841 |     33.940 |   1.0361 |     35.028 |     0.7
   21 |   0.9636 |     32.819 |   1.0233 |     34.073 |     0.7
   22 |   0.9417 |     31.841 |   1.0030 |     33.888 |     0.7
   23 |   0.9189 |     31.102 |   0.9952 |     33.087 |     0.8
   24 |   0.8910 |     29.905 |   0.9914 |     33.580 |     0.8
   25 |   0.8679 |     29.123 |   0.9688 |     32.286 |     0.9
   26 |   0.8410 |     27.876 |   0.9729 |     32.779 |     0.9
   27 |   0.8274 |     27.488 |   0.9543 |     31.454 |     0.9
   28 |   0.8009 |     26.515 |   0.9539 |     31.392 |     1.0
   29 |   0.7824 |     25.787 |   0.9388 |     30.900 |     1.0
   30 |   0.7604 |     25.082 |   0.9460 |     30.253 |     1.0
   31 |   0.7426 |     24.595 |   0.9385 |     30.099 |     1.1
   32 |   0.7177 |     23.371 |   0.9280 |     29.513 |     1.1
   33 |   0.7045 |     23.261 |   0.9154 |     28.928 |     1.1
   34 |   0.6919 |     22.386 |   0.9157 |     28.651 |     1.2
   35 |   0.6713 |     21.943 |   0.9271 |     28.558 |     1.2
   36 |   0.6541 |     21.353 |   0.9212 |     28.774 |     1.2
   37 |   0.6369 |     20.500 |   0.9191 |     27.973 |     1.3
   38 |   0.6151 |     19.833 |   0.9132 |     27.880 |     1.3
   39 |   0.6003 |     19.559 |   0.9110 |     27.511 |     1.3
   40 |   0.5788 |     18.586 |   0.9144 |     28.065 |     1.4
   41 |   0.5686 |     18.280 |   0.9263 |     27.480 |     1.4
   42 |   0.5524 |     17.853 |   0.9247 |     27.049 |     1.4
   43 |   0.5488 |     17.738 |   0.9140 |     27.234 |     1.5
Early stopping

Model: Seq2Seq Bi-LSTM
Source index: <Seq2Seq Index with 45 items>
Target index: <Seq2Seq Index with 34 items>
Encoder embedding dimension: 32
Decoder embedding dimension: 64
Encoder hidden units: 64
Encoder layers: 2
Decoder hidden units: 64
Decoder layers: 3
Dropout: 0.0
Trainable parameters: 287,938

Training started
X_train.shape: torch.Size([3048, 649])
Y_train.shape: torch.Size([3048, 7])
X_dev.shape: torch.Size([541, 337])
Y_dev.shape: torch.Size([541, 7])
Epochs: 500
Learning rate: 0.001
Weight decay: 0.0001
Epoch | Train                 | Development           | Minutes
      | Loss     | Error Rate | Loss     | Error Rate |
---------------------------------------------------------------
    1 |   2.5020 |     67.667 |   1.9307 |     57.301 |     0.0
    2 |   1.6953 |     48.606 |   1.5578 |     46.919 |     0.0
    3 |   1.4786 |     46.243 |   1.4575 |     46.919 |     0.0
    4 |   1.4208 |     46.205 |   1.4238 |     46.765 |     0.1
    5 |   1.3948 |     46.036 |   1.4046 |     46.919 |     0.1
    6 |   1.3765 |     45.986 |   1.3835 |     46.704 |     0.1
    7 |   1.3520 |     45.866 |   1.3617 |     46.519 |     0.1
    8 |   1.3282 |     45.565 |   1.3349 |     46.057 |     0.1
    9 |   1.3104 |     45.330 |   1.3209 |     45.810 |     0.1
   10 |   1.3005 |     45.057 |   1.3096 |     45.995 |     0.1
   11 |   1.2860 |     44.811 |   1.2987 |     45.933 |     0.2
   12 |   1.2716 |     44.559 |   1.2822 |     45.410 |     0.2
   13 |   1.2567 |     44.444 |   1.2644 |     44.670 |     0.2
   14 |   1.2405 |     43.816 |   1.2519 |     44.393 |     0.2
   15 |   1.2288 |     43.356 |   1.2421 |     43.592 |     0.2
   16 |   1.2172 |     43.077 |   1.2318 |     43.376 |     0.2
   17 |   1.2082 |     42.902 |   1.2207 |     43.161 |     0.3
   18 |   1.2006 |     42.979 |   1.2146 |     43.068 |     0.3
   19 |   1.1876 |     42.454 |   1.2081 |     42.914 |     0.3
   20 |   1.1819 |     42.372 |   1.2021 |     43.222 |     0.3
   21 |   1.1758 |     41.935 |   1.2047 |     43.130 |     0.3
   22 |   1.1676 |     41.825 |   1.1855 |     42.237 |     0.3
   23 |   1.1580 |     41.590 |   1.1799 |     41.929 |     0.3
   24 |   1.1517 |     41.404 |   1.1745 |     42.021 |     0.4
   25 |   1.1445 |     41.202 |   1.1711 |     41.405 |     0.4
   26 |   1.1391 |     41.027 |   1.1718 |     41.898 |     0.4
   27 |   1.1366 |     40.961 |   1.1655 |     42.391 |     0.4
   28 |   1.1280 |     40.781 |   1.1597 |     41.744 |     0.4
   29 |   1.1223 |     40.693 |   1.1496 |     41.405 |     0.4
   30 |   1.1149 |     40.360 |   1.1536 |     41.682 |     0.4
   31 |   1.1131 |     40.136 |   1.1466 |     41.343 |     0.5
   32 |   1.1079 |     40.179 |   1.1398 |     41.004 |     0.5
   33 |   1.1003 |     39.900 |   1.1349 |     40.573 |     0.5
   34 |   1.0949 |     39.704 |   1.1350 |     40.850 |     0.5
   35 |   1.0897 |     39.594 |   1.1400 |     41.312 |     0.5
   36 |   1.0859 |     39.365 |   1.1228 |     40.819 |     0.5
   37 |   1.0799 |     39.212 |   1.1177 |     40.357 |     0.6
   38 |   1.0766 |     39.080 |   1.1192 |     40.142 |     0.6
   39 |   1.0713 |     38.714 |   1.1102 |     39.772 |     0.6
   40 |   1.0646 |     38.451 |   1.1055 |     39.834 |     0.6
   41 |   1.0624 |     38.140 |   1.1070 |     39.495 |     0.6
   42 |   1.0541 |     37.757 |   1.1039 |     39.310 |     0.6
   43 |   1.0475 |     37.757 |   1.0875 |     39.156 |     0.6
   44 |   1.0435 |     37.298 |   1.0851 |     38.786 |     0.7
   45 |   1.0394 |     37.177 |   1.0854 |     38.355 |     0.7
   46 |   1.0309 |     36.975 |   1.0848 |     38.417 |     0.7
   47 |   1.0289 |     36.926 |   1.0875 |     38.601 |     0.7
   48 |   1.0240 |     36.899 |   1.0818 |     38.879 |     0.7
   49 |   1.0135 |     36.231 |   1.0740 |     38.509 |     0.7
   50 |   1.0132 |     36.521 |   1.0660 |     38.262 |     0.7
   51 |   1.0059 |     36.423 |   1.0666 |     38.232 |     0.8
   52 |   1.0009 |     36.133 |   1.0550 |     37.492 |     0.8
   53 |   0.9986 |     35.871 |   1.0581 |     37.277 |     0.8
   54 |   0.9925 |     35.701 |   1.0485 |     36.999 |     0.8
   55 |   0.9873 |     35.302 |   1.0502 |     37.585 |     0.8
   56 |   0.9838 |     35.269 |   1.0577 |     37.030 |     0.8
   57 |   0.9796 |     35.236 |   1.0456 |     37.277 |     0.8
   58 |   0.9738 |     34.903 |   1.0443 |     36.815 |     0.9
   59 |   0.9687 |     34.739 |   1.0408 |     36.907 |     0.9
   60 |   0.9641 |     34.312 |   1.0335 |     36.260 |     0.9
   61 |   0.9608 |     34.061 |   1.0275 |     36.414 |     0.9
   62 |   0.9558 |     34.011 |   1.0326 |     35.798 |     0.9
   63 |   0.9514 |     33.640 |   1.0234 |     34.874 |     0.9
   64 |   0.9445 |     33.514 |   1.0291 |     35.551 |     1.0
   65 |   0.9404 |     33.251 |   1.0266 |     35.736 |     1.0
   66 |   0.9338 |     32.994 |   1.0274 |     35.213 |     1.0
   67 |   0.9312 |     32.606 |   1.0168 |     35.243 |     1.0
   68 |   0.9236 |     32.409 |   1.0118 |     34.997 |     1.0
   69 |   0.9166 |     32.245 |   1.0063 |     34.997 |     1.0
   70 |   0.9133 |     32.251 |   1.0138 |     34.504 |     1.0
   71 |   0.9072 |     31.928 |   1.0005 |     34.381 |     1.1
   72 |   0.9001 |     31.480 |   1.0083 |     34.812 |     1.1
   73 |   0.8971 |     31.294 |   0.9914 |     33.395 |     1.1
   74 |   0.8899 |     31.020 |   1.0116 |     34.258 |     1.1
   75 |   0.9076 |     31.824 |   0.9959 |     34.165 |     1.1
   76 |   0.8858 |     30.998 |   0.9993 |     34.011 |     1.1
   77 |   0.8753 |     30.342 |   0.9804 |     33.272 |     1.1
   78 |   0.8687 |     30.353 |   1.0031 |     33.703 |     1.2
   79 |   0.8636 |     29.981 |   0.9843 |     33.518 |     1.2
   80 |   0.8575 |     29.599 |   0.9832 |     32.656 |     1.2
   81 |   0.8522 |     29.364 |   0.9792 |     33.426 |     1.2
   82 |   0.8462 |     29.107 |   0.9837 |     34.042 |     1.2
   83 |   0.8404 |     29.041 |   0.9750 |     33.826 |     1.2
   84 |   0.8319 |     28.598 |   0.9767 |     33.457 |     1.3
   85 |   0.8214 |     28.171 |   0.9721 |     32.810 |     1.3
   86 |   0.8221 |     28.275 |   0.9751 |     33.179 |     1.3
   87 |   0.8170 |     28.111 |   0.9635 |     32.902 |     1.3
   88 |   0.8067 |     27.827 |   0.9650 |     32.656 |     1.3
   89 |   0.7946 |     27.384 |   0.9716 |     33.210 |     1.3
   90 |   0.7903 |     27.182 |   0.9687 |     32.810 |     1.3
   91 |   0.7833 |     26.947 |   0.9783 |     32.964 |     1.4
   92 |   0.7782 |     26.569 |   0.9568 |     32.193 |     1.4
   93 |   0.7730 |     26.509 |   0.9546 |     31.639 |     1.4
   94 |   0.7626 |     26.017 |   0.9519 |     32.070 |     1.4
   95 |   0.7541 |     25.673 |   0.9742 |     32.594 |     1.4
   96 |   0.7451 |     25.416 |   0.9620 |     31.793 |     1.4
   97 |   0.7532 |     25.673 |   0.9661 |     32.193 |     1.5
   98 |   0.7329 |     24.945 |   0.9681 |     31.516 |     1.5
Early stopping

Model: Seq2Seq Bi-LSTM
Source index: <Seq2Seq Index with 45 items>
Target index: <Seq2Seq Index with 34 items>
Encoder embedding dimension: 32
Decoder embedding dimension: 64
Encoder hidden units: 64
Encoder layers: 4
Decoder hidden units: 128
Decoder layers: 2
Dropout: 0.0
Trainable parameters: 718,658

Training started
X_train.shape: torch.Size([3048, 649])
Y_train.shape: torch.Size([3048, 7])
X_dev.shape: torch.Size([541, 337])
Y_dev.shape: torch.Size([541, 7])
Epochs: 500
Learning rate: 0.001
Weight decay: 0.0001
Epoch | Train                 | Development           | Minutes
      | Loss     | Error Rate | Loss     | Error Rate |
---------------------------------------------------------------
    1 |   2.0714 |     56.441 |   1.5202 |     46.919 |     0.0
    2 |   1.4184 |     45.986 |   1.3811 |     46.334 |     0.1
    3 |   1.3385 |     45.478 |   1.3324 |     45.317 |     0.1
    4 |   1.2985 |     44.450 |   1.2904 |     44.609 |     0.1
    5 |   1.2710 |     43.974 |   1.2640 |     43.869 |     0.1
    6 |   1.2423 |     43.236 |   1.2528 |     44.239 |     0.2
    7 |   1.2232 |     43.088 |   1.2336 |     44.116 |     0.2
    8 |   1.1997 |     42.706 |   1.2100 |     42.699 |     0.2
    9 |   1.1798 |     42.017 |   1.1876 |     42.483 |     0.3
   10 |   1.1623 |     41.667 |   1.1649 |     42.052 |     0.3
   11 |   1.1403 |     40.507 |   1.1476 |     41.035 |     0.3
   12 |   1.1209 |     40.234 |   1.1291 |     40.234 |     0.3
   13 |   1.1032 |     39.583 |   1.1149 |     40.111 |     0.4
   14 |   1.0883 |     39.162 |   1.1037 |     39.187 |     0.4
   15 |   1.0737 |     38.364 |   1.1037 |     39.680 |     0.4
   16 |   1.0590 |     37.834 |   1.0802 |     38.663 |     0.5
   17 |   1.0390 |     36.986 |   1.0679 |     37.400 |     0.5
   18 |   1.0219 |     36.160 |   1.0464 |     36.168 |     0.5
   19 |   1.0053 |     35.510 |   1.0433 |     35.860 |     0.5
   20 |   0.9845 |     34.520 |   1.0230 |     36.322 |     0.6
   21 |   0.9600 |     33.634 |   1.0093 |     34.658 |     0.6
   22 |   0.9456 |     33.257 |   1.0039 |     35.120 |     0.6
   23 |   0.9245 |     32.163 |   0.9816 |     33.857 |     0.7
   24 |   0.9046 |     31.616 |   0.9678 |     33.087 |     0.7
   25 |   0.8853 |     30.512 |   0.9745 |     33.179 |     0.7
   26 |   0.8636 |     29.965 |   0.9447 |     31.793 |     0.7
   27 |   0.8407 |     29.052 |   0.9315 |     31.177 |     0.8
   28 |   0.8223 |     28.319 |   0.9282 |     31.177 |     0.8
   29 |   0.8002 |     27.565 |   0.9229 |     31.392 |     0.8
   30 |   0.7797 |     26.799 |   0.9220 |     30.407 |     0.9
   31 |   0.7681 |     26.668 |   0.9199 |     30.715 |     0.9
   32 |   0.7427 |     25.224 |   0.9261 |     30.499 |     0.9
   33 |   0.7235 |     24.677 |   0.9216 |     30.376 |     0.9
   34 |   0.7063 |     24.300 |   0.9069 |     29.760 |     1.0
   35 |   0.6852 |     23.327 |   0.9029 |     29.513 |     1.0
   36 |   0.6671 |     22.583 |   0.8834 |     28.866 |     1.0
   37 |   0.6442 |     21.692 |   0.8975 |     29.174 |     1.1
   38 |   0.6250 |     21.145 |   0.8930 |     27.973 |     1.1
   39 |   0.6059 |     20.379 |   0.8887 |     28.219 |     1.1
   40 |   0.5888 |     19.543 |   0.9210 |     28.928 |     1.2
Early stopping

Model: Seq2Seq Bi-LSTM
Source index: <Seq2Seq Index with 45 items>
Target index: <Seq2Seq Index with 34 items>
Encoder embedding dimension: 64
Decoder embedding dimension: 128
Encoder hidden units: 64
Encoder layers: 2
Decoder hidden units: 128
Decoder layers: 2
Dropout: 0.1
Trainable parameters: 507,234

Training started
X_train.shape: torch.Size([3048, 649])
Y_train.shape: torch.Size([3048, 7])
X_dev.shape: torch.Size([541, 337])
Y_dev.shape: torch.Size([541, 7])
Epochs: 500
Learning rate: 0.001
Weight decay: 0.0001
Epoch | Train                 | Development           | Minutes
      | Loss     | Error Rate | Loss     | Error Rate |
---------------------------------------------------------------
    1 |   2.0601 |     56.589 |   1.4998 |     46.426 |     0.0
    2 |   1.4045 |     45.806 |   1.3665 |     46.457 |     0.0
    3 |   1.3242 |     45.188 |   1.3107 |     45.410 |     0.0
    4 |   1.2791 |     44.526 |   1.2704 |     44.270 |     0.1
    5 |   1.2453 |     43.717 |   1.2458 |     44.547 |     0.1
    6 |   1.2164 |     43.181 |   1.2145 |     43.407 |     0.1
    7 |   1.1890 |     42.323 |   1.1921 |     42.452 |     0.1
    8 |   1.1643 |     41.721 |   1.1698 |     41.004 |     0.1
    9 |   1.1395 |     40.699 |   1.1505 |     40.203 |     0.1
   10 |   1.1174 |     39.972 |   1.1275 |     39.772 |     0.2
   11 |   1.0960 |     39.173 |   1.1110 |     38.786 |     0.2
   12 |   1.0817 |     38.780 |   1.0980 |     38.817 |     0.2
   13 |   1.0605 |     37.834 |   1.0898 |     38.170 |     0.2
   14 |   1.0434 |     37.145 |   1.0655 |     37.307 |     0.2
   15 |   1.0210 |     36.182 |   1.0466 |     36.383 |     0.2
   16 |   0.9980 |     35.192 |   1.0274 |     35.860 |     0.3
   17 |   0.9757 |     34.285 |   1.0161 |     35.336 |     0.3
   18 |   0.9565 |     33.776 |   1.0099 |     34.874 |     0.3
   19 |   0.9303 |     32.705 |   0.9956 |     34.350 |     0.3
   20 |   0.9095 |     31.666 |   0.9804 |     33.672 |     0.3
   21 |   0.8905 |     30.949 |   0.9833 |     33.857 |     0.3
   22 |   0.8788 |     30.479 |   0.9427 |     32.163 |     0.4
   23 |   0.8587 |     29.637 |   0.9510 |     32.502 |     0.4
   24 |   0.8314 |     28.543 |   0.9331 |     32.409 |     0.4
   25 |   0.8239 |     28.275 |   0.9209 |     31.392 |     0.4
   26 |   0.7949 |     27.384 |   0.9011 |     30.499 |     0.4
   27 |   0.7895 |     26.870 |   0.9020 |     30.345 |     0.4
   28 |   0.7627 |     26.137 |   0.9051 |     30.622 |     0.5
   29 |   0.7450 |     25.662 |   0.9029 |     30.345 |     0.5
   30 |   0.7236 |     24.962 |   0.8939 |     29.760 |     0.5
   31 |   0.7059 |     24.202 |   0.9021 |     30.376 |     0.5
   32 |   0.6928 |     23.781 |   0.8876 |     29.082 |     0.5
   33 |   0.6740 |     23.086 |   0.8879 |     29.174 |     0.5
   34 |   0.6582 |     22.375 |   0.8849 |     29.051 |     0.6
   35 |   0.6507 |     22.140 |   0.8910 |     29.482 |     0.6
   36 |   0.6279 |     21.211 |   0.8875 |     29.020 |     0.6
   37 |   0.6091 |     20.483 |   0.8819 |     27.757 |     0.6
   38 |   0.5955 |     20.205 |   0.8867 |     28.897 |     0.6
   39 |   0.5824 |     19.614 |   0.8979 |     28.589 |     0.6
   40 |   0.5728 |     19.406 |   0.8959 |     28.928 |     0.7
   41 |   0.5666 |     19.204 |   0.9191 |     29.205 |     0.7
Early stopping

Model: Seq2Seq Bi-LSTM
Source index: <Seq2Seq Index with 45 items>
Target index: <Seq2Seq Index with 34 items>
Encoder embedding dimension: 64
Decoder embedding dimension: 128
Encoder hidden units: 128
Encoder layers: 4
Decoder hidden units: 64
Decoder layers: 2
Dropout: 0.0
Trainable parameters: 1,607,906

Training started
X_train.shape: torch.Size([3048, 649])
Y_train.shape: torch.Size([3048, 7])
X_dev.shape: torch.Size([541, 337])
Y_dev.shape: torch.Size([541, 7])
Epochs: 500
Learning rate: 0.001
Weight decay: 1e-05
Epoch | Train                 | Development           | Minutes
      | Loss     | Error Rate | Loss     | Error Rate |
---------------------------------------------------------------
    1 |   2.3924 |     63.588 |   1.8951 |     52.834 |     0.1
    2 |   1.6616 |     47.922 |   1.5298 |     46.919 |     0.1
    3 |   1.4543 |     45.910 |   1.4283 |     46.550 |     0.2
    4 |   1.3852 |     45.631 |   1.3732 |     46.118 |     0.3
    5 |   1.3432 |     45.287 |   1.3445 |     46.026 |     0.4
    6 |   1.3164 |     45.068 |   1.3214 |     45.379 |     0.4
    7 |   1.2959 |     44.177 |   1.3030 |     44.978 |     0.5
    8 |   1.2765 |     44.056 |   1.2972 |     44.424 |     0.6
    9 |   1.2572 |     43.548 |   1.2623 |     44.177 |     0.6
   10 |   1.2377 |     43.149 |   1.2429 |     42.760 |     0.7
   11 |   1.2174 |     42.689 |   1.2314 |     43.685 |     0.8
   12 |   1.1984 |     42.049 |   1.2149 |     42.514 |     0.9
   13 |   1.1785 |     41.486 |   1.1925 |     40.943 |     0.9
   14 |   1.1576 |     40.814 |   1.1721 |     40.203 |     1.0
   15 |   1.1340 |     39.638 |   1.1582 |     39.433 |     1.1
   16 |   1.1150 |     39.026 |   1.1343 |     39.063 |     1.1
   17 |   1.0812 |     37.188 |   1.1150 |     37.831 |     1.2
   18 |   1.0559 |     36.248 |   1.0944 |     37.061 |     1.3
   19 |   1.0265 |     34.717 |   1.0784 |     36.291 |     1.4
   20 |   0.9926 |     33.377 |   1.0588 |     35.829 |     1.4
   21 |   0.9522 |     31.644 |   1.0282 |     34.504 |     1.5
   22 |   0.9125 |     29.872 |   1.0160 |     33.580 |     1.6
   23 |   0.8737 |     28.543 |   0.9953 |     32.902 |     1.6
   24 |   0.8302 |     26.722 |   0.9820 |     32.009 |     1.7
   25 |   0.7943 |     25.476 |   0.9618 |     30.807 |     1.8
   26 |   0.7535 |     24.109 |   0.9498 |     30.930 |     1.8
   27 |   0.7154 |     22.665 |   0.9490 |     30.068 |     1.9
   28 |   0.6736 |     21.118 |   0.9464 |     28.835 |     2.0
   29 |   0.6312 |     19.559 |   0.9386 |     29.144 |     2.1
   30 |   0.5978 |     18.531 |   0.9458 |     28.990 |     2.1
   31 |   0.5676 |     17.864 |   0.9687 |     29.113 |     2.2
   32 |   0.5345 |     16.596 |   0.9561 |     28.990 |     2.3
   33 |   0.4991 |     15.272 |   0.9643 |     27.634 |     2.3
Early stopping

Model: Seq2Seq Bi-LSTM
Source index: <Seq2Seq Index with 45 items>
Target index: <Seq2Seq Index with 34 items>
Encoder embedding dimension: 32
Decoder embedding dimension: 128
Encoder hidden units: 128
Encoder layers: 2
Decoder hidden units: 128
Decoder layers: 2
Dropout: 0.2
Trainable parameters: 966,594

Training started
X_train.shape: torch.Size([3048, 649])
Y_train.shape: torch.Size([3048, 7])
X_dev.shape: torch.Size([541, 337])
Y_dev.shape: torch.Size([541, 7])
Epochs: 500
Learning rate: 0.001
Weight decay: 1e-05
Epoch | Train                 | Development           | Minutes
      | Loss     | Error Rate | Loss     | Error Rate |
---------------------------------------------------------------
    1 |   2.0020 |     55.151 |   1.4863 |     46.519 |     0.0
    2 |   1.4051 |     45.970 |   1.3639 |     46.334 |     0.1
    3 |   1.3297 |     45.554 |   1.3191 |     45.564 |     0.1
    4 |   1.2865 |     44.499 |   1.2804 |     44.609 |     0.1
    5 |   1.2510 |     43.739 |   1.2394 |     43.500 |     0.2
    6 |   1.2190 |     43.072 |   1.2240 |     43.839 |     0.2
    7 |   1.1941 |     42.487 |   1.1910 |     41.251 |     0.3
    8 |   1.1657 |     41.617 |   1.1621 |     40.511 |     0.3
    9 |   1.1370 |     40.644 |   1.1329 |     38.509 |     0.3
   10 |   1.1081 |     39.294 |   1.1080 |     38.047 |     0.4
   11 |   1.0800 |     38.227 |   1.0941 |     37.585 |     0.4
   12 |   1.0494 |     36.844 |   1.0667 |     36.044 |     0.4
   13 |   1.0240 |     35.936 |   1.0461 |     36.106 |     0.5
   14 |   0.9933 |     34.750 |   1.0325 |     36.137 |     0.5
   15 |   0.9659 |     33.514 |   1.0033 |     34.165 |     0.6
   16 |   0.9387 |     32.344 |   0.9881 |     34.596 |     0.6
   17 |   0.9077 |     31.387 |   0.9700 |     33.241 |     0.6
   18 |   0.8715 |     30.031 |   0.9558 |     32.964 |     0.7
   19 |   0.8460 |     29.303 |   0.9396 |     32.594 |     0.7
   20 |   0.8114 |     27.619 |   0.9345 |     31.392 |     0.7
   21 |   0.7852 |     26.930 |   0.9100 |     31.023 |     0.8
   22 |   0.7634 |     25.629 |   0.9058 |     30.653 |     0.8
   23 |   0.7191 |     24.295 |   0.8992 |     29.513 |     0.9
   24 |   0.6947 |     23.628 |   0.8909 |     29.729 |     0.9
   25 |   0.6704 |     22.610 |   0.8762 |     28.928 |     0.9
   26 |   0.6408 |     21.468 |   0.8842 |     28.404 |     1.0
   27 |   0.6146 |     20.746 |   0.8925 |     28.527 |     1.0
   28 |   0.5939 |     19.948 |   0.8759 |     27.264 |     1.0
   29 |   0.5641 |     18.761 |   0.8929 |     27.326 |     1.1
   30 |   0.5468 |     18.159 |   0.8995 |     27.665 |     1.1
   31 |   0.5199 |     17.405 |   0.8932 |     27.511 |     1.2
   32 |   0.5039 |     16.781 |   0.8962 |     27.665 |     1.2
Early stopping

Model: Seq2Seq Bi-LSTM
Source index: <Seq2Seq Index with 45 items>
Target index: <Seq2Seq Index with 34 items>
Encoder embedding dimension: 32
Decoder embedding dimension: 128
Encoder hidden units: 64
Encoder layers: 2
Decoder hidden units: 64
Decoder layers: 3
Dropout: 0.1
Trainable parameters: 306,498

Training started
X_train.shape: torch.Size([3048, 649])
Y_train.shape: torch.Size([3048, 7])
X_dev.shape: torch.Size([541, 337])
Y_dev.shape: torch.Size([541, 7])
Epochs: 500
Learning rate: 0.001
Weight decay: 0.0001
Epoch | Train                 | Development           | Minutes
      | Loss     | Error Rate | Loss     | Error Rate |
---------------------------------------------------------------
    1 |   2.4820 |     66.021 |   1.8839 |     50.031 |     0.0
    2 |   1.6478 |     47.857 |   1.5129 |     46.919 |     0.0
    3 |   1.4513 |     46.123 |   1.4335 |     46.765 |     0.0
    4 |   1.4038 |     46.019 |   1.3991 |     46.765 |     0.1
    5 |   1.3739 |     46.014 |   1.3747 |     46.734 |     0.1
    6 |   1.3465 |     45.412 |   1.3463 |     45.656 |     0.1
    7 |   1.3214 |     45.150 |   1.3205 |     45.194 |     0.1
    8 |   1.2966 |     44.658 |   1.2947 |     44.886 |     0.1
    9 |   1.2733 |     44.362 |   1.2806 |     45.102 |     0.1
   10 |   1.2559 |     44.237 |   1.2576 |     44.486 |     0.2
   11 |   1.2403 |     43.613 |   1.2480 |     43.685 |     0.2
   12 |   1.2231 |     43.334 |   1.2291 |     44.085 |     0.2
   13 |   1.2126 |     43.214 |   1.2145 |     42.945 |     0.2
   14 |   1.1959 |     42.405 |   1.2116 |     42.545 |     0.2
   15 |   1.1890 |     42.219 |   1.1948 |     42.699 |     0.2
   16 |   1.1753 |     41.710 |   1.1906 |     42.113 |     0.3
   17 |   1.1654 |     41.568 |   1.1809 |     41.744 |     0.3
   18 |   1.1580 |     41.257 |   1.1679 |     41.251 |     0.3
   19 |   1.1488 |     41.016 |   1.1644 |     40.819 |     0.3
   20 |   1.1415 |     40.688 |   1.1595 |     41.128 |     0.3
   21 |   1.1342 |     40.338 |   1.1522 |     41.251 |     0.3
   22 |   1.1266 |     40.398 |   1.1549 |     41.158 |     0.3
   23 |   1.1211 |     40.229 |   1.1410 |     40.727 |     0.4
   24 |   1.1138 |     39.649 |   1.1361 |     40.573 |     0.4
   25 |   1.1075 |     39.726 |   1.1308 |     40.142 |     0.4
   26 |   1.1034 |     39.534 |   1.1273 |     39.649 |     0.4
   27 |   1.0977 |     39.376 |   1.1196 |     40.203 |     0.4
   28 |   1.0879 |     39.119 |   1.1162 |     39.556 |     0.4
   29 |   1.0826 |     38.927 |   1.1093 |     39.341 |     0.5
   30 |   1.0799 |     38.681 |   1.1136 |     39.587 |     0.5
   31 |   1.0759 |     38.244 |   1.0974 |     39.217 |     0.5
   32 |   1.0702 |     38.200 |   1.0930 |     38.571 |     0.5
   33 |   1.0595 |     38.091 |   1.0891 |     38.632 |     0.5
   34 |   1.0541 |     37.943 |   1.0812 |     38.293 |     0.5
   35 |   1.0507 |     38.041 |   1.0786 |     38.108 |     0.6
   36 |   1.0420 |     37.675 |   1.0791 |     37.893 |     0.6
   37 |   1.0404 |     37.577 |   1.0704 |     38.293 |     0.6
   38 |   1.0293 |     36.762 |   1.0686 |     37.585 |     0.6
   39 |   1.0276 |     36.636 |   1.0688 |     38.417 |     0.6
   40 |   1.0264 |     36.953 |   1.0604 |     37.461 |     0.6
   41 |   1.0198 |     36.849 |   1.0572 |     37.492 |     0.6
   42 |   1.0151 |     36.461 |   1.0611 |     37.431 |     0.7
   43 |   1.0111 |     36.297 |   1.0562 |     37.492 |     0.7
   44 |   1.0047 |     36.171 |   1.0504 |     37.708 |     0.7
   45 |   1.0000 |     36.007 |   1.0493 |     37.184 |     0.7
   46 |   0.9930 |     35.630 |   1.0465 |     36.537 |     0.7
   47 |   0.9888 |     35.575 |   1.0466 |     36.383 |     0.7
   48 |   0.9860 |     35.269 |   1.0391 |     36.815 |     0.8
   49 |   0.9803 |     35.017 |   1.0470 |     37.215 |     0.8
   50 |   0.9771 |     35.269 |   1.0352 |     36.414 |     0.8
   51 |   0.9728 |     34.903 |   1.0392 |     35.705 |     0.8
   52 |   0.9677 |     34.700 |   1.0347 |     36.876 |     0.8
   53 |   0.9611 |     34.547 |   1.0316 |     35.582 |     0.8
   54 |   0.9603 |     34.569 |   1.0257 |     35.644 |     0.9
   55 |   0.9529 |     34.389 |   1.0386 |     35.829 |     0.9
   56 |   0.9483 |     34.186 |   1.0189 |     34.874 |     0.9
   57 |   0.9458 |     33.558 |   1.0237 |     35.336 |     0.9
   58 |   0.9408 |     33.672 |   1.0178 |     35.120 |     0.9
   59 |   0.9357 |     33.262 |   1.0228 |     35.213 |     0.9
   60 |   0.9309 |     33.279 |   1.0092 |     34.134 |     0.9
   61 |   0.9259 |     32.896 |   1.0131 |     34.658 |     1.0
   62 |   0.9229 |     32.655 |   1.0139 |     34.596 |     1.0
   63 |   0.9114 |     32.349 |   1.0142 |     34.812 |     1.0
   64 |   0.9104 |     32.037 |   1.0088 |     34.042 |     1.0
   65 |   0.9030 |     31.819 |   1.0010 |     34.442 |     1.0
   66 |   0.8965 |     32.355 |   1.0059 |     34.442 |     1.0
   67 |   0.8888 |     31.491 |   1.0078 |     34.535 |     1.1
   68 |   0.8813 |     31.048 |   0.9931 |     34.658 |     1.1
   69 |   0.8758 |     30.829 |   0.9791 |     33.426 |     1.1
   70 |   0.8642 |     30.413 |   0.9859 |     33.611 |     1.1
   71 |   0.8575 |     29.856 |   0.9907 |     33.580 |     1.1
   72 |   0.8592 |     30.063 |   0.9742 |     33.395 |     1.1
   73 |   0.8456 |     29.664 |   0.9781 |     32.840 |     1.2
   74 |   0.8349 |     29.172 |   0.9666 |     33.395 |     1.2
   75 |   0.8266 |     28.746 |   0.9660 |     32.779 |     1.2
   76 |   0.8202 |     28.773 |   0.9599 |     32.348 |     1.2
   77 |   0.8121 |     28.303 |   0.9578 |     31.639 |     1.2
   78 |   0.8056 |     27.772 |   0.9597 |     31.238 |     1.2
   79 |   0.8047 |     28.018 |   0.9567 |     32.163 |     1.3
   80 |   0.7910 |     27.362 |   0.9520 |     31.146 |     1.3
   81 |   0.7809 |     26.892 |   0.9543 |     30.930 |     1.3
   82 |   0.7739 |     26.635 |   0.9514 |     31.331 |     1.3
   83 |   0.7644 |     26.208 |   0.9444 |     31.238 |     1.3
   84 |   0.7524 |     25.738 |   0.9497 |     30.653 |     1.3
   85 |   0.7540 |     25.629 |   0.9490 |     31.146 |     1.4
   86 |   0.7404 |     25.317 |   0.9426 |     30.437 |     1.4
   87 |   0.7341 |     25.077 |   0.9362 |     30.314 |     1.4
   88 |   0.7244 |     24.595 |   0.9411 |     30.869 |     1.4
   89 |   0.7203 |     24.344 |   0.9425 |     30.684 |     1.4
   90 |   0.7134 |     24.377 |   0.9415 |     29.390 |     1.4
   91 |   0.7277 |     25.191 |   0.9515 |     30.591 |     1.4
   92 |   0.7067 |     24.098 |   0.9337 |     29.698 |     1.5
   93 |   0.6909 |     23.518 |   0.9484 |     29.667 |     1.5
   94 |   0.6841 |     23.463 |   0.9677 |     30.530 |     1.5
   95 |   0.6729 |     22.780 |   0.9363 |     29.821 |     1.5
   96 |   0.6638 |     22.589 |   0.9439 |     29.698 |     1.5
Early stopping

Model: Seq2Seq Bi-LSTM
Source index: <Seq2Seq Index with 45 items>
Target index: <Seq2Seq Index with 34 items>
Encoder embedding dimension: 64
Decoder embedding dimension: 64
Encoder hidden units: 128
Encoder layers: 2
Decoder hidden units: 64
Decoder layers: 2
Dropout: 0.0
Trainable parameters: 733,282

Training started
X_train.shape: torch.Size([3048, 649])
Y_train.shape: torch.Size([3048, 7])
X_dev.shape: torch.Size([541, 337])
Y_dev.shape: torch.Size([541, 7])
Epochs: 500
Learning rate: 0.001
Weight decay: 0.0001
Epoch | Train                 | Development           | Minutes
      | Loss     | Error Rate | Loss     | Error Rate |
---------------------------------------------------------------
    1 |   2.3601 |     62.451 |   1.8144 |     48.799 |     0.0
    2 |   1.6014 |     46.818 |   1.4871 |     46.519 |     0.1
    3 |   1.4261 |     45.904 |   1.4084 |     46.519 |     0.1
    4 |   1.3646 |     45.811 |   1.3586 |     46.396 |     0.1
    5 |   1.3304 |     45.172 |   1.3382 |     45.841 |     0.2
    6 |   1.3068 |     44.581 |   1.3114 |     45.009 |     0.2
    7 |   1.2834 |     44.357 |   1.2945 |     45.163 |     0.2
    8 |   1.2647 |     43.974 |   1.2667 |     44.301 |     0.3
    9 |   1.2450 |     43.466 |   1.2535 |     43.376 |     0.3
   10 |   1.2291 |     43.116 |   1.2425 |     43.068 |     0.4
   11 |   1.2114 |     42.093 |   1.2251 |     42.945 |     0.4
   12 |   1.1976 |     42.006 |   1.2091 |     41.528 |     0.4
   13 |   1.1829 |     41.514 |   1.2020 |     41.282 |     0.5
   14 |   1.1752 |     41.437 |   1.1917 |     41.189 |     0.5
   15 |   1.1555 |     40.688 |   1.1641 |     40.573 |     0.5
   16 |   1.1387 |     40.103 |   1.1640 |     40.265 |     0.6
   17 |   1.1285 |     39.616 |   1.1412 |     38.848 |     0.6
   18 |   1.1110 |     39.146 |   1.1405 |     39.094 |     0.6
   19 |   1.0974 |     38.741 |   1.1190 |     38.139 |     0.7
   20 |   1.0840 |     38.331 |   1.1096 |     37.800 |     0.7
   21 |   1.0672 |     37.675 |   1.1017 |     37.461 |     0.7
   22 |   1.0554 |     37.128 |   1.0864 |     36.969 |     0.8
   23 |   1.0410 |     36.729 |   1.0830 |     36.661 |     0.8
   24 |   1.0289 |     36.275 |   1.0765 |     36.784 |     0.8
   25 |   1.0127 |     35.619 |   1.0729 |     36.969 |     0.9
   26 |   0.9975 |     34.886 |   1.0571 |     35.459 |     0.9
   27 |   0.9880 |     34.471 |   1.0446 |     34.720 |     1.0
   28 |   0.9724 |     33.864 |   1.0397 |     34.720 |     1.0
   29 |   0.9591 |     33.350 |   1.0316 |     35.059 |     1.0
   30 |   0.9425 |     32.896 |   1.0244 |     34.134 |     1.1
   31 |   0.9276 |     31.857 |   1.0203 |     34.258 |     1.1
   32 |   0.9077 |     31.097 |   1.0151 |     33.919 |     1.1
   33 |   0.9405 |     32.344 |   1.0187 |     34.288 |     1.2
   34 |   0.8883 |     30.113 |   1.0056 |     33.303 |     1.2
   35 |   0.8697 |     29.446 |   1.0004 |     32.964 |     1.2
   36 |   0.8413 |     28.461 |   0.9952 |     33.580 |     1.3
   37 |   0.8235 |     27.712 |   0.9810 |     32.378 |     1.3
   38 |   0.7982 |     26.679 |   0.9700 |     32.132 |     1.3
   39 |   0.7776 |     25.820 |   0.9740 |     31.146 |     1.4
   40 |   0.7530 |     25.022 |   0.9515 |     30.869 |     1.4
   41 |   0.7314 |     24.076 |   0.9557 |     30.776 |     1.5
   42 |   0.7129 |     23.174 |   0.9549 |     30.314 |     1.5
   43 |   0.6889 |     22.375 |   0.9509 |     30.653 |     1.5
   44 |   0.6678 |     21.774 |   0.9437 |     30.068 |     1.6
   45 |   0.6412 |     20.554 |   0.9418 |     29.760 |     1.6
   46 |   0.6233 |     19.991 |   0.9347 |     29.113 |     1.6
   47 |   0.6065 |     19.625 |   0.9461 |     29.267 |     1.7
   48 |   0.5883 |     19.018 |   0.9407 |     28.620 |     1.7
   49 |   0.6101 |     19.510 |   0.9964 |     31.054 |     1.7
   50 |   0.5686 |     18.247 |   0.9288 |     28.743 |     1.8
   51 |   0.5208 |     16.470 |   0.9457 |     28.959 |     1.8
   52 |   0.4996 |     15.693 |   0.9591 |     28.866 |     1.8
   53 |   0.4821 |     15.147 |   0.9524 |     28.866 |     1.9
   54 |   0.4621 |     14.474 |   0.9473 |     28.096 |     1.9
Early stopping

Model: Seq2Seq Bi-LSTM
Source index: <Seq2Seq Index with 45 items>
Target index: <Seq2Seq Index with 34 items>
Encoder embedding dimension: 128
Decoder embedding dimension: 64
Encoder hidden units: 128
Encoder layers: 3
Decoder hidden units: 128
Decoder layers: 3
Dropout: 0.0
Trainable parameters: 1,627,170

Training started
X_train.shape: torch.Size([3048, 649])
Y_train.shape: torch.Size([3048, 7])
X_dev.shape: torch.Size([541, 337])
Y_dev.shape: torch.Size([541, 7])
Epochs: 500
Learning rate: 0.001
Weight decay: 0.0001
Epoch | Train                 | Development           | Minutes
      | Loss     | Error Rate | Loss     | Error Rate |
---------------------------------------------------------------
    1 |   2.2579 |     61.691 |   1.6695 |     49.230 |     0.1
    2 |   1.5073 |     46.304 |   1.4468 |     46.919 |     0.1
    3 |   1.4174 |     46.276 |   1.4166 |     46.827 |     0.2
    4 |   1.3838 |     46.265 |   1.3793 |     46.950 |     0.2
    5 |   1.3391 |     46.145 |   1.3459 |     46.519 |     0.3
    6 |   1.3145 |     45.965 |   1.3156 |     46.180 |     0.3
    7 |   1.2986 |     45.505 |   1.3022 |     45.194 |     0.4
    8 |   1.2825 |     44.948 |   1.2885 |     45.564 |     0.4
    9 |   1.2688 |     44.543 |   1.2824 |     45.040 |     0.5
   10 |   1.2586 |     44.286 |   1.2607 |     44.054 |     0.5
   11 |   1.2448 |     44.116 |   1.2518 |     43.962 |     0.6
   12 |   1.2315 |     43.766 |   1.2404 |     42.976 |     0.6
   13 |   1.2178 |     43.001 |   1.2317 |     43.715 |     0.7
   14 |   1.2026 |     42.689 |   1.2096 |     42.914 |     0.7
   15 |   1.1851 |     42.312 |   1.2037 |     41.836 |     0.8
   16 |   1.1776 |     42.186 |   1.1885 |     42.298 |     0.9
   17 |   1.1656 |     41.514 |   1.1828 |     42.083 |     0.9
   18 |   1.1489 |     41.306 |   1.1688 |     41.620 |     1.0
   19 |   1.1362 |     40.928 |   1.1563 |     40.881 |     1.0
   20 |   1.1284 |     40.704 |   1.1572 |     41.559 |     1.1
   21 |   1.1169 |     40.086 |   1.1367 |     40.111 |     1.1
   22 |   1.1020 |     39.638 |   1.1260 |     40.203 |     1.2
   23 |   1.0946 |     39.425 |   1.1248 |     40.111 |     1.2
   24 |   1.0815 |     38.851 |   1.1089 |     39.248 |     1.3
   25 |   1.0731 |     38.583 |   1.1043 |     38.447 |     1.3
   26 |   1.0608 |     38.287 |   1.0965 |     38.755 |     1.4
   27 |   1.0519 |     37.626 |   1.0896 |     38.047 |     1.4
   28 |   1.0413 |     37.221 |   1.0904 |     38.509 |     1.5
   29 |   1.0318 |     37.336 |   1.0671 |     37.523 |     1.5
   30 |   1.0264 |     37.194 |   1.0762 |     37.800 |     1.6
   31 |   1.0105 |     36.188 |   1.0629 |     37.215 |     1.7
   32 |   1.0002 |     35.832 |   1.0551 |     37.030 |     1.7
   33 |   0.9866 |     35.182 |   1.0383 |     36.938 |     1.8
   34 |   0.9715 |     35.050 |   1.0383 |     37.092 |     1.8
   35 |   0.9573 |     34.400 |   1.0443 |     36.845 |     1.9
   36 |   0.9479 |     34.077 |   1.0248 |     36.014 |     1.9
   37 |   0.9331 |     33.317 |   1.0227 |     35.798 |     2.0
   38 |   0.9224 |     32.644 |   1.0164 |     35.243 |     2.0
   39 |   0.9032 |     32.070 |   1.0011 |     35.059 |     2.1
   40 |   0.8901 |     31.217 |   0.9956 |     35.120 |     2.1
   41 |   0.8716 |     30.605 |   0.9945 |     33.857 |     2.2
   42 |   0.8543 |     29.981 |   1.0164 |     34.442 |     2.2
   43 |   0.8425 |     29.336 |   0.9864 |     32.902 |     2.3
   44 |   0.8253 |     29.024 |   0.9749 |     32.840 |     2.4
   45 |   0.8108 |     28.106 |   0.9654 |     32.625 |     2.4
   46 |   0.7938 |     27.357 |   0.9673 |     31.331 |     2.5
   47 |   0.7796 |     26.794 |   0.9697 |     32.224 |     2.5
   48 |   0.7661 |     26.569 |   0.9624 |     32.286 |     2.6
   49 |   0.7431 |     25.459 |   0.9680 |     31.423 |     2.6
   50 |   0.7288 |     24.820 |   0.9560 |     30.838 |     2.7
   51 |   0.7142 |     24.262 |   0.9564 |     30.992 |     2.7
   52 |   0.7080 |     24.136 |   0.9552 |     30.961 |     2.8
   53 |   0.6883 |     23.671 |   0.9501 |     30.345 |     2.8
   54 |   0.6629 |     22.671 |   0.9528 |     30.191 |     2.9
   55 |   0.6484 |     21.752 |   0.9713 |     31.177 |     2.9
   56 |   0.6339 |     21.610 |   0.9581 |     29.945 |     3.0
   57 |   0.6164 |     20.828 |   0.9473 |     29.544 |     3.0
   58 |   0.6112 |     20.719 |   0.9568 |     29.821 |     3.1
   59 |   0.5850 |     19.838 |   0.9688 |     29.544 |     3.2
   60 |   0.5734 |     19.466 |   0.9584 |     29.821 |     3.2
   61 |   0.5600 |     18.848 |   0.9703 |     29.575 |     3.3
Early stopping

Model: Seq2Seq Bi-LSTM
Source index: <Seq2Seq Index with 45 items>
Target index: <Seq2Seq Index with 34 items>
Encoder embedding dimension: 32
Decoder embedding dimension: 128
Encoder hidden units: 64
Encoder layers: 3
Decoder hidden units: 128
Decoder layers: 3
Dropout: 0.1
Trainable parameters: 753,602

Training started
X_train.shape: torch.Size([3048, 649])
Y_train.shape: torch.Size([3048, 7])
X_dev.shape: torch.Size([541, 337])
Y_dev.shape: torch.Size([541, 7])
Epochs: 500
Learning rate: 0.001
Weight decay: 1e-05
Epoch | Train                 | Development           | Minutes
      | Loss     | Error Rate | Loss     | Error Rate |
---------------------------------------------------------------
    1 |   2.2135 |     61.204 |   1.6281 |     46.919 |     0.0
    2 |   1.4821 |     46.260 |   1.4293 |     46.827 |     0.0
    3 |   1.3884 |     46.282 |   1.3805 |     46.426 |     0.1
    4 |   1.3476 |     45.795 |   1.3472 |     45.933 |     0.1
    5 |   1.3218 |     45.626 |   1.3250 |     46.396 |     0.1
    6 |   1.3048 |     45.462 |   1.3136 |     45.903 |     0.1
    7 |   1.2832 |     45.051 |   1.2833 |     45.564 |     0.2
    8 |   1.2585 |     44.248 |   1.2661 |     45.102 |     0.2
    9 |   1.2362 |     43.794 |   1.2394 |     43.592 |     0.2
   10 |   1.2075 |     42.542 |   1.2156 |     43.192 |     0.2
   11 |   1.1863 |     42.394 |   1.1922 |     42.175 |     0.3
   12 |   1.1616 |     41.497 |   1.1715 |     41.898 |     0.3
   13 |   1.1411 |     40.600 |   1.1546 |     40.881 |     0.3
   14 |   1.1164 |     39.758 |   1.1387 |     39.710 |     0.3
   15 |   1.0984 |     39.075 |   1.1227 |     39.310 |     0.4
   16 |   1.0811 |     38.430 |   1.1054 |     38.817 |     0.4
   17 |   1.0661 |     37.932 |   1.0928 |     38.632 |     0.4
   18 |   1.0472 |     37.396 |   1.0870 |     37.862 |     0.4
   19 |   1.0297 |     36.691 |   1.0754 |     38.694 |     0.5
   20 |   1.0128 |     35.876 |   1.0561 |     37.307 |     0.5
   21 |   0.9955 |     35.269 |   1.0603 |     37.461 |     0.5
   22 |   0.9780 |     34.678 |   1.0453 |     37.215 |     0.5
   23 |   0.9587 |     34.110 |   1.0374 |     35.767 |     0.6
   24 |   0.9391 |     33.147 |   1.0205 |     36.075 |     0.6
   25 |   0.9251 |     32.940 |   1.0138 |     34.473 |     0.6
   26 |   0.8996 |     31.666 |   1.0164 |     34.904 |     0.6
   27 |   0.8846 |     31.261 |   0.9941 |     33.087 |     0.6
   28 |   0.8714 |     30.643 |   1.0079 |     33.826 |     0.7
   29 |   0.8463 |     29.533 |   0.9863 |     33.395 |     0.7
   30 |   0.8261 |     28.860 |   0.9772 |     32.193 |     0.7
   31 |   0.8061 |     27.816 |   0.9809 |     31.855 |     0.7
   32 |   0.7860 |     27.286 |   0.9668 |     31.608 |     0.8
   33 |   0.7664 |     26.564 |   0.9718 |     31.670 |     0.8
   34 |   0.7431 |     25.514 |   0.9746 |     31.701 |     0.8
   35 |   0.7228 |     24.962 |   0.9681 |     31.146 |     0.8
   36 |   0.7113 |     24.535 |   0.9585 |     30.099 |     0.9
   37 |   0.6866 |     23.518 |   0.9719 |     30.037 |     0.9
   38 |   0.6679 |     22.742 |   0.9783 |     30.191 |     0.9
   39 |   0.6456 |     21.856 |   0.9774 |     29.914 |     0.9
   40 |   0.6259 |     20.992 |   0.9612 |     29.113 |     1.0
Early stopping

Model: Seq2Seq Bi-LSTM
Source index: <Seq2Seq Index with 45 items>
Target index: <Seq2Seq Index with 34 items>
Encoder embedding dimension: 32
Decoder embedding dimension: 64
Encoder hidden units: 64
Encoder layers: 3
Decoder hidden units: 128
Decoder layers: 3
Dropout: 0.2
Trainable parameters: 718,658

Training started
X_train.shape: torch.Size([3048, 649])
Y_train.shape: torch.Size([3048, 7])
X_dev.shape: torch.Size([541, 337])
Y_dev.shape: torch.Size([541, 7])
Epochs: 500
Learning rate: 0.001
Weight decay: 1e-05
Epoch | Train                 | Development           | Minutes
      | Loss     | Error Rate | Loss     | Error Rate |
---------------------------------------------------------------
    1 |   2.2414 |     61.253 |   1.6452 |     49.199 |     0.0
    2 |   1.4919 |     46.358 |   1.4402 |     46.827 |     0.0
    3 |   1.4083 |     46.167 |   1.4071 |     46.919 |     0.1
    4 |   1.3778 |     46.140 |   1.3729 |     46.765 |     0.1
    5 |   1.3445 |     46.008 |   1.3449 |     46.180 |     0.1
    6 |   1.3169 |     45.571 |   1.3227 |     45.471 |     0.1
    7 |   1.2992 |     45.653 |   1.3172 |     46.087 |     0.2
    8 |   1.2887 |     45.483 |   1.2956 |     45.287 |     0.2
    9 |   1.2700 |     45.013 |   1.2752 |     44.701 |     0.2
   10 |   1.2496 |     44.330 |   1.2577 |     44.301 |     0.2
   11 |   1.2337 |     43.881 |   1.2370 |     44.270 |     0.3
   12 |   1.2135 |     43.580 |   1.2157 |     43.284 |     0.3
   13 |   1.1982 |     42.820 |   1.1980 |     42.668 |     0.3
   14 |   1.1763 |     42.416 |   1.1874 |     42.699 |     0.3
   15 |   1.1641 |     41.978 |   1.1736 |     42.021 |     0.4
   16 |   1.1446 |     41.213 |   1.1594 |     41.836 |     0.4
   17 |   1.1283 |     40.737 |   1.1474 |     41.497 |     0.4
   18 |   1.1144 |     39.944 |   1.1329 |     40.727 |     0.4
   19 |   1.0911 |     39.315 |   1.1163 |     39.587 |     0.5
   20 |   1.0783 |     38.391 |   1.1140 |     39.495 |     0.5
   21 |   1.0613 |     38.107 |   1.0905 |     38.601 |     0.5
   22 |   1.0476 |     37.369 |   1.0775 |     38.139 |     0.5
   23 |   1.0319 |     36.778 |   1.0734 |     38.016 |     0.6
   24 |   1.0173 |     36.007 |   1.0572 |     36.969 |     0.6
   25 |   0.9997 |     35.439 |   1.0622 |     37.184 |     0.6
   26 |   0.9842 |     34.881 |   1.0459 |     36.938 |     0.6
   27 |   0.9691 |     34.126 |   1.0303 |     36.260 |     0.7
   28 |   0.9561 |     33.776 |   1.0243 |     36.229 |     0.7
   29 |   0.9394 |     33.388 |   1.0856 |     37.307 |     0.7
   30 |   0.9522 |     33.574 |   1.0508 |     37.338 |     0.7
   31 |   0.9478 |     33.853 |   1.0207 |     35.428 |     0.8
   32 |   0.9103 |     32.169 |   1.0096 |     34.720 |     0.8
   33 |   0.8894 |     31.376 |   0.9972 |     34.843 |     0.8
   34 |   0.8679 |     30.545 |   0.9946 |     33.672 |     0.8
   35 |   0.8564 |     29.949 |   0.9867 |     33.395 |     0.9
   36 |   0.8424 |     29.314 |   0.9839 |     33.611 |     0.9
   37 |   0.8202 |     28.467 |   0.9760 |     32.840 |     0.9
   38 |   0.7988 |     27.411 |   0.9946 |     32.964 |     0.9
   39 |   0.7833 |     27.001 |   0.9700 |     32.409 |     1.0
   40 |   0.7637 |     26.094 |   0.9702 |     32.502 |     1.0
   41 |   0.7547 |     26.170 |   0.9659 |     31.392 |     1.0
   42 |   0.7340 |     25.098 |   0.9603 |     30.869 |     1.0
   43 |   0.7129 |     23.988 |   0.9502 |     31.023 |     1.0
   44 |   0.7070 |     24.010 |   0.9508 |     30.684 |     1.1
   45 |   0.6838 |     23.239 |   0.9567 |     31.177 |     1.1
   46 |   0.6671 |     22.621 |   0.9494 |     30.653 |     1.1
   47 |   0.6451 |     21.675 |   0.9699 |     30.776 |     1.1
   48 |   0.6314 |     21.260 |   0.9562 |     30.376 |     1.2
   49 |   0.6182 |     21.063 |   0.9454 |     29.205 |     1.2
   50 |   0.5984 |     20.112 |   0.9794 |     29.636 |     1.2
   51 |   0.5808 |     19.379 |   0.9761 |     29.421 |     1.2
   52 |   0.5716 |     19.100 |   0.9803 |     28.959 |     1.3
   53 |   0.5506 |     18.334 |   0.9721 |     28.527 |     1.3
Early stopping

Model: Seq2Seq Bi-LSTM
Source index: <Seq2Seq Index with 45 items>
Target index: <Seq2Seq Index with 34 items>
Encoder embedding dimension: 128
Decoder embedding dimension: 64
Encoder hidden units: 128
Encoder layers: 4
Decoder hidden units: 128
Decoder layers: 2
Dropout: 0.2
Trainable parameters: 1,955,874

Training started
X_train.shape: torch.Size([3048, 649])
Y_train.shape: torch.Size([3048, 7])
X_dev.shape: torch.Size([541, 337])
Y_dev.shape: torch.Size([541, 7])
Epochs: 500
Learning rate: 0.001
Weight decay: 0.0001
Epoch | Train                 | Development           | Minutes
      | Loss     | Error Rate | Loss     | Error Rate |
---------------------------------------------------------------
    1 |   2.1359 |     58.858 |   1.6115 |     46.919 |     0.1
    2 |   1.4669 |     46.309 |   1.4133 |     46.858 |     0.1
    3 |   1.3694 |     46.003 |   1.3511 |     45.564 |     0.2
    4 |   1.3270 |     45.440 |   1.3245 |     45.287 |     0.3
    5 |   1.3002 |     44.663 |   1.3001 |     44.763 |     0.4
    6 |   1.2753 |     44.434 |   1.2786 |     44.732 |     0.5
    7 |   1.2512 |     43.799 |   1.2503 |     44.085 |     0.5
    8 |   1.2303 |     43.241 |   1.2294 |     43.407 |     0.6
    9 |   1.2068 |     42.820 |   1.2252 |     43.346 |     0.7
   10 |   1.1872 |     42.044 |   1.1777 |     41.898 |     0.8
   11 |   1.1592 |     41.131 |   1.1611 |     40.357 |     0.8
   12 |   1.1341 |     40.600 |   1.1351 |     39.495 |     0.9
   13 |   1.1173 |     39.605 |   1.1092 |     39.033 |     1.0
   14 |   1.0928 |     38.916 |   1.0948 |     38.755 |     1.0
   15 |   1.0717 |     38.058 |   1.0771 |     37.739 |     1.1
   16 |   1.0493 |     37.013 |   1.0667 |     37.800 |     1.2
   17 |   1.0372 |     36.816 |   1.0435 |     36.106 |     1.3
   18 |   1.0147 |     35.761 |   1.0194 |     35.059 |     1.3
   19 |   0.9926 |     34.684 |   1.0160 |     34.350 |     1.4
   20 |   0.9737 |     34.126 |   0.9944 |     34.627 |     1.5
   21 |   0.9548 |     33.629 |   0.9872 |     34.258 |     1.6
   22 |   0.9383 |     32.639 |   0.9837 |     34.258 |     1.6
   23 |   0.9190 |     32.065 |   0.9545 |     31.916 |     1.7
   24 |   0.9379 |     32.890 |   0.9716 |     33.303 |     1.8
   25 |   0.8932 |     31.064 |   0.9573 |     32.348 |     1.9
   26 |   0.8716 |     30.151 |   0.9442 |     32.255 |     1.9
   27 |   0.8625 |     29.943 |   0.9401 |     31.670 |     2.0
   28 |   0.8452 |     29.090 |   0.9260 |     31.084 |     2.1
   29 |   0.8222 |     28.314 |   0.9161 |     31.269 |     2.2
   30 |   0.8102 |     28.084 |   0.9151 |     31.084 |     2.3
   31 |   0.7854 |     26.996 |   0.9138 |     30.684 |     2.3
   32 |   0.7734 |     26.301 |   0.8947 |     29.544 |     2.4
   33 |   0.7461 |     25.405 |   0.8840 |     29.051 |     2.5
   34 |   0.7332 |     24.809 |   0.9024 |     29.482 |     2.6
   35 |   0.7154 |     24.136 |   0.8818 |     28.743 |     2.6
   36 |   0.6943 |     23.720 |   0.8757 |     28.435 |     2.7
   37 |   0.6838 |     23.228 |   0.8868 |     29.174 |     2.8
   38 |   0.6672 |     22.851 |   0.8555 |     27.418 |     2.9
   39 |   0.6476 |     21.796 |   0.8775 |     28.527 |     2.9
   40 |   0.6301 |     21.243 |   0.8642 |     27.542 |     3.0
   41 |   0.6296 |     21.068 |   0.8774 |     27.357 |     3.1
   42 |   0.6074 |     20.188 |   0.8625 |     27.511 |     3.2
Early stopping

Model: Seq2Seq Bi-LSTM
Source index: <Seq2Seq Index with 45 items>
Target index: <Seq2Seq Index with 34 items>
Encoder embedding dimension: 64
Decoder embedding dimension: 64
Encoder hidden units: 128
Encoder layers: 3
Decoder hidden units: 128
Decoder layers: 2
Dropout: 0.0
Trainable parameters: 1,426,658

Training started
X_train.shape: torch.Size([3048, 649])
Y_train.shape: torch.Size([3048, 7])
X_dev.shape: torch.Size([541, 337])
Y_dev.shape: torch.Size([541, 7])
Epochs: 500
Learning rate: 0.001
Weight decay: 1e-05
Epoch | Train                 | Development           | Minutes
      | Loss     | Error Rate | Loss     | Error Rate |
---------------------------------------------------------------
    1 |   2.0455 |     56.146 |   1.5330 |     46.765 |     0.1
    2 |   1.4314 |     46.025 |   1.4180 |     46.396 |     0.1
    3 |   1.3715 |     45.915 |   1.3646 |     46.611 |     0.2
    4 |   1.3246 |     45.330 |   1.3288 |     45.595 |     0.2
    5 |   1.2884 |     44.827 |   1.2939 |     45.256 |     0.3
    6 |   1.2629 |     44.220 |   1.2650 |     45.163 |     0.3
    7 |   1.2341 |     43.318 |   1.2357 |     43.222 |     0.4
    8 |   1.2092 |     42.826 |   1.2167 |     42.483 |     0.4
    9 |   1.1839 |     41.781 |   1.1883 |     40.819 |     0.5
   10 |   1.1491 |     40.491 |   1.1609 |     39.649 |     0.5
   11 |   1.1190 |     39.359 |   1.1220 |     38.201 |     0.6
   12 |   1.0903 |     38.309 |   1.1073 |     38.447 |     0.6
   13 |   1.0493 |     36.631 |   1.0628 |     36.815 |     0.7
   14 |   1.0081 |     34.750 |   1.0520 |     34.935 |     0.7
   15 |   0.9670 |     33.311 |   1.0123 |     34.966 |     0.8
   16 |   0.9261 |     31.343 |   0.9899 |     33.980 |     0.9
   17 |   0.8822 |     29.795 |   0.9737 |     32.656 |     0.9
   18 |   0.8373 |     27.991 |   0.9404 |     31.731 |     1.0
   19 |   0.7872 |     26.219 |   0.9350 |     30.468 |     1.0
   20 |   0.7484 |     24.847 |   0.9209 |     30.253 |     1.1
   21 |   0.6952 |     22.709 |   0.9115 |     28.990 |     1.1
   22 |   0.6533 |     21.386 |   0.9129 |     29.636 |     1.2
   23 |   0.6065 |     19.297 |   0.9002 |     27.973 |     1.2
   24 |   0.5653 |     18.471 |   0.8943 |     28.096 |     1.3
   25 |   0.5215 |     16.792 |   0.9005 |     27.665 |     1.3
   26 |   0.4898 |     15.972 |   0.9047 |     27.203 |     1.4
   27 |   0.4426 |     14.288 |   0.8936 |     27.388 |     1.4
   28 |   0.4089 |     13.244 |   0.9022 |     27.418 |     1.5
   29 |   0.3769 |     12.527 |   0.9260 |     27.110 |     1.6
   30 |   0.3455 |     11.155 |   0.9582 |     26.987 |     1.6
   31 |   0.3261 |     10.865 |   0.9435 |     26.771 |     1.7
Early stopping

Model: Seq2Seq Bi-LSTM
Source index: <Seq2Seq Index with 45 items>
Target index: <Seq2Seq Index with 34 items>
Encoder embedding dimension: 32
Decoder embedding dimension: 64
Encoder hidden units: 128
Encoder layers: 2
Decoder hidden units: 64
Decoder layers: 3
Dropout: 0.1
Trainable parameters: 732,354

Training started
X_train.shape: torch.Size([3048, 649])
Y_train.shape: torch.Size([3048, 7])
X_dev.shape: torch.Size([541, 337])
Y_dev.shape: torch.Size([541, 7])
Epochs: 500
Learning rate: 0.001
Weight decay: 1e-05
Epoch | Train                 | Development           | Minutes
      | Loss     | Error Rate | Loss     | Error Rate |
---------------------------------------------------------------
    1 |   2.4990 |     66.847 |   1.9512 |     58.965 |     0.0
    2 |   1.7132 |     48.906 |   1.5551 |     46.919 |     0.1
    3 |   1.4810 |     46.282 |   1.4533 |     46.919 |     0.1
    4 |   1.4242 |     46.216 |   1.4205 |     46.919 |     0.1
    5 |   1.3981 |     46.145 |   1.4047 |     46.919 |     0.2
    6 |   1.3843 |     46.129 |   1.3944 |     46.919 |     0.2
    7 |   1.3692 |     46.129 |   1.3891 |     46.919 |     0.3
    8 |   1.3515 |     45.861 |   1.3591 |     46.488 |     0.3
    9 |   1.3365 |     45.801 |   1.3466 |     46.673 |     0.3
   10 |   1.3187 |     45.533 |   1.3226 |     45.471 |     0.4
   11 |   1.3053 |     45.390 |   1.3096 |     44.640 |     0.4
   12 |   1.2906 |     44.942 |   1.2937 |     44.609 |     0.4
   13 |   1.2764 |     44.614 |   1.2813 |     44.516 |     0.5
   14 |   1.2594 |     44.406 |   1.2622 |     43.777 |     0.5
   15 |   1.2456 |     43.728 |   1.2542 |     43.654 |     0.6
   16 |   1.2335 |     43.471 |   1.2476 |     43.038 |     0.6
   17 |   1.2205 |     42.525 |   1.2253 |     42.637 |     0.6
   18 |   1.2064 |     42.104 |   1.2185 |     42.113 |     0.7
   19 |   1.1958 |     42.044 |   1.2149 |     42.791 |     0.7
   20 |   1.1915 |     42.356 |   1.1992 |     42.083 |     0.7
   21 |   1.1750 |     41.820 |   1.1896 |     41.282 |     0.8
   22 |   1.1641 |     41.382 |   1.1743 |     41.004 |     0.8
   23 |   1.1510 |     40.945 |   1.1669 |     40.881 |     0.9
   24 |   1.1365 |     40.382 |   1.1604 |     40.635 |     0.9
   25 |   1.1272 |     40.136 |   1.1531 |     40.203 |     0.9
   26 |   1.1179 |     39.775 |   1.1480 |     40.111 |     1.0
   27 |   1.1078 |     39.337 |   1.1482 |     40.696 |     1.0
   28 |   1.0975 |     39.315 |   1.1285 |     39.803 |     1.0
   29 |   1.0856 |     38.457 |   1.1268 |     39.926 |     1.1
   30 |   1.0732 |     38.227 |   1.1246 |     39.772 |     1.1
   31 |   1.0652 |     38.096 |   1.1190 |     39.094 |     1.1
   32 |   1.0562 |     37.571 |   1.1084 |     38.786 |     1.2
   33 |   1.0420 |     37.161 |   1.1079 |     39.094 |     1.2
   34 |   1.0330 |     36.642 |   1.0980 |     38.694 |     1.3
   35 |   1.0217 |     36.007 |   1.0931 |     38.447 |     1.3
   36 |   1.0054 |     35.510 |   1.0813 |     37.677 |     1.3
   37 |   0.9952 |     34.864 |   1.0746 |     37.461 |     1.4
   38 |   0.9824 |     34.432 |   1.0646 |     37.030 |     1.4
   39 |   0.9648 |     33.973 |   1.0582 |     36.445 |     1.4
   40 |   0.9549 |     33.290 |   1.0521 |     36.506 |     1.5
   41 |   0.9502 |     33.158 |   1.0492 |     35.829 |     1.5
   42 |   0.9322 |     32.365 |   1.0461 |     36.322 |     1.6
   43 |   0.9194 |     31.671 |   1.0283 |     34.689 |     1.6
   44 |   0.8988 |     30.955 |   1.0257 |     34.720 |     1.6
   45 |   0.8895 |     30.714 |   1.0229 |     34.288 |     1.7
   46 |   0.8703 |     29.834 |   1.0186 |     33.888 |     1.7
   47 |   0.8635 |     29.385 |   1.0173 |     33.487 |     1.7
   48 |   0.8430 |     28.762 |   1.0043 |     33.857 |     1.8
   49 |   0.8284 |     28.412 |   1.0074 |     33.241 |     1.8
   50 |   0.8108 |     27.652 |   1.0044 |     33.426 |     1.9
   51 |   0.7965 |     27.051 |   0.9969 |     33.056 |     1.9
   52 |   0.7764 |     26.465 |   0.9935 |     32.132 |     1.9
   53 |   0.7585 |     25.454 |   1.0162 |     32.286 |     2.0
   54 |   0.7465 |     24.995 |   1.0223 |     32.933 |     2.0
   55 |   0.7226 |     24.076 |   0.9904 |     31.947 |     2.0
   56 |   0.7106 |     23.556 |   0.9895 |     32.009 |     2.1
   57 |   0.7013 |     23.365 |   0.9929 |     30.437 |     2.1
   58 |   0.6787 |     22.507 |   0.9882 |     30.869 |     2.2
   59 |   0.6689 |     21.938 |   0.9842 |     30.622 |     2.2
   60 |   0.6498 |     21.358 |   0.9984 |     30.530 |     2.2
   61 |   0.6406 |     20.855 |   1.0001 |     29.482 |     2.3
   62 |   0.6269 |     20.358 |   1.0101 |     29.914 |     2.3
   63 |   0.6137 |     20.068 |   1.0014 |     29.513 |     2.3
Early stopping

Model: Seq2Seq Bi-LSTM
Source index: <Seq2Seq Index with 45 items>
Target index: <Seq2Seq Index with 34 items>
Encoder embedding dimension: 128
Decoder embedding dimension: 64
Encoder hidden units: 64
Encoder layers: 4
Decoder hidden units: 128
Decoder layers: 2
Dropout: 0.2
Trainable parameters: 772,130

Training started
X_train.shape: torch.Size([3048, 649])
Y_train.shape: torch.Size([3048, 7])
X_dev.shape: torch.Size([541, 337])
Y_dev.shape: torch.Size([541, 7])
Epochs: 500
Learning rate: 0.001
Weight decay: 1e-05
Epoch | Train                 | Development           | Minutes
      | Loss     | Error Rate | Loss     | Error Rate |
---------------------------------------------------------------
    1 |   2.0585 |     56.709 |   1.5258 |     46.950 |     0.0
    2 |   1.4269 |     45.872 |   1.3955 |     46.303 |     0.1
    3 |   1.3458 |     45.554 |   1.3405 |     45.533 |     0.1
    4 |   1.3015 |     44.811 |   1.2951 |     44.732 |     0.1
    5 |   1.2687 |     44.379 |   1.2703 |     44.147 |     0.2
    6 |   1.2356 |     43.416 |   1.2372 |     43.222 |     0.2
    7 |   1.2086 |     42.635 |   1.1988 |     41.898 |     0.2
    8 |   1.1736 |     41.623 |   1.1782 |     41.528 |     0.3
    9 |   1.1450 |     40.868 |   1.1458 |     41.004 |     0.3
   10 |   1.1111 |     39.239 |   1.1109 |     38.447 |     0.3
   11 |   1.0749 |     37.937 |   1.0932 |     38.170 |     0.4
   12 |   1.0383 |     36.313 |   1.0708 |     37.153 |     0.4
   13 |   0.9983 |     34.416 |   1.0383 |     35.551 |     0.4
   14 |   0.9582 |     32.705 |   1.0094 |     34.319 |     0.5
   15 |   0.9233 |     31.403 |   0.9882 |     33.765 |     0.5
   16 |   0.8823 |     29.867 |   0.9735 |     32.532 |     0.5
   17 |   0.8448 |     28.264 |   0.9580 |     32.009 |     0.6
   18 |   0.8085 |     26.892 |   0.9370 |     30.684 |     0.6
   19 |   0.7728 |     25.601 |   0.9562 |     31.516 |     0.6
   20 |   0.7482 |     24.716 |   0.9259 |     30.807 |     0.7
   21 |   0.7196 |     23.770 |   0.9210 |     29.760 |     0.7
   22 |   0.6808 |     22.660 |   0.9195 |     29.267 |     0.8
   23 |   0.6555 |     21.588 |   0.9088 |     29.020 |     0.8
   24 |   0.6230 |     20.483 |   0.9055 |     28.219 |     0.8
   25 |   0.5983 |     19.412 |   0.9188 |     28.497 |     0.9
   26 |   0.5749 |     18.958 |   0.9028 |     27.665 |     0.9
   27 |   0.5503 |     17.924 |   0.9322 |     28.250 |     0.9
   28 |   0.5282 |     17.569 |   0.9205 |     27.511 |     1.0
   29 |   0.5112 |     16.924 |   0.9202 |     27.480 |     1.0
   30 |   0.4990 |     16.596 |   0.9253 |     27.172 |     1.0
Early stopping

Model: Seq2Seq Bi-LSTM
Source index: <Seq2Seq Index with 45 items>
Target index: <Seq2Seq Index with 34 items>
Encoder embedding dimension: 64
Decoder embedding dimension: 128
Encoder hidden units: 64
Encoder layers: 2
Decoder hidden units: 128
Decoder layers: 3
Dropout: 0.0
Trainable parameters: 639,330

Training started
X_train.shape: torch.Size([3048, 649])
Y_train.shape: torch.Size([3048, 7])
X_dev.shape: torch.Size([541, 337])
Y_dev.shape: torch.Size([541, 7])
Epochs: 500
Learning rate: 0.001
Weight decay: 1e-05
Epoch | Train                 | Development           | Minutes
      | Loss     | Error Rate | Loss     | Error Rate |
---------------------------------------------------------------
    1 |   2.1581 |     58.743 |   1.5842 |     46.919 |     0.0
    2 |   1.4558 |     46.254 |   1.4355 |     46.765 |     0.0
    3 |   1.3852 |     46.167 |   1.3791 |     46.426 |     0.0
    4 |   1.3545 |     46.079 |   1.3551 |     46.026 |     0.1
    5 |   1.3264 |     45.576 |   1.3210 |     45.903 |     0.1
    6 |   1.2999 |     45.418 |   1.3041 |     45.317 |     0.1
    7 |   1.2800 |     44.816 |   1.2814 |     45.009 |     0.1
    8 |   1.2554 |     44.078 |   1.2621 |     44.455 |     0.1
    9 |   1.2304 |     43.263 |   1.2364 |     43.962 |     0.1
   10 |   1.2056 |     42.974 |   1.2306 |     43.192 |     0.2
   11 |   1.1824 |     42.110 |   1.1992 |     42.668 |     0.2
   12 |   1.1559 |     41.716 |   1.1753 |     42.021 |     0.2
   13 |   1.1293 |     40.633 |   1.1494 |     41.066 |     0.2
   14 |   1.1035 |     39.540 |   1.1348 |     39.988 |     0.2
   15 |   1.0794 |     38.495 |   1.1105 |     39.618 |     0.2
   16 |   1.0560 |     37.473 |   1.1020 |     37.893 |     0.3
   17 |   1.0312 |     36.592 |   1.0759 |     37.338 |     0.3
   18 |   1.0025 |     35.439 |   1.0783 |     37.646 |     0.3
   19 |   0.9745 |     33.913 |   1.0380 |     35.367 |     0.3
   20 |   0.9565 |     33.361 |   1.0374 |     36.106 |     0.3
   21 |   0.9261 |     32.141 |   1.0127 |     34.104 |     0.3
   22 |   0.8891 |     30.752 |   1.0126 |     34.258 |     0.3
   23 |   0.8638 |     29.451 |   0.9848 |     33.303 |     0.4
   24 |   0.8307 |     28.357 |   0.9776 |     32.563 |     0.4
   25 |   0.7966 |     27.040 |   0.9518 |     31.547 |     0.4
   26 |   0.7711 |     26.094 |   0.9630 |     31.146 |     0.4
   27 |   0.7564 |     25.612 |   0.9478 |     30.715 |     0.4
   28 |   0.7229 |     24.420 |   0.9396 |     29.606 |     0.4
   29 |   0.6925 |     23.409 |   0.9384 |     29.482 |     0.5
   30 |   0.6667 |     22.359 |   0.9196 |     28.743 |     0.5
   31 |   0.6439 |     21.506 |   0.9179 |     29.020 |     0.5
   32 |   0.6248 |     20.932 |   0.9347 |     29.082 |     0.5
   33 |   0.6025 |     20.019 |   0.9293 |     28.435 |     0.5
   34 |   0.5766 |     19.029 |   0.9292 |     28.250 |     0.5
   35 |   0.5554 |     18.466 |   0.9176 |     28.774 |     0.6
   36 |   0.5428 |     18.116 |   0.9464 |     28.589 |     0.6
   37 |   0.5209 |     17.279 |   0.9378 |     27.603 |     0.6
   38 |   0.5046 |     16.705 |   0.9414 |     28.158 |     0.6
   39 |   0.4852 |     16.470 |   0.9499 |     27.726 |     0.6
Early stopping

Model: Seq2Seq Bi-LSTM
Source index: <Seq2Seq Index with 45 items>
Target index: <Seq2Seq Index with 34 items>
Encoder embedding dimension: 64
Decoder embedding dimension: 64
Encoder hidden units: 64
Encoder layers: 3
Decoder hidden units: 64
Decoder layers: 2
Dropout: 0.2
Trainable parameters: 388,194

Training started
X_train.shape: torch.Size([3048, 649])
Y_train.shape: torch.Size([3048, 7])
X_dev.shape: torch.Size([541, 337])
Y_dev.shape: torch.Size([541, 7])
Epochs: 500
Learning rate: 0.001
Weight decay: 1e-05
Epoch | Train                 | Development           | Minutes
      | Loss     | Error Rate | Loss     | Error Rate |
---------------------------------------------------------------
    1 |   2.4521 |     63.315 |   1.9011 |     50.585 |     0.0
    2 |   1.6690 |     47.791 |   1.5199 |     46.519 |     0.0
    3 |   1.4543 |     46.047 |   1.4270 |     46.519 |     0.1
    4 |   1.3896 |     45.806 |   1.3785 |     46.642 |     0.1
    5 |   1.3509 |     45.472 |   1.3509 |     46.118 |     0.1
    6 |   1.3246 |     45.166 |   1.3273 |     45.564 |     0.1
    7 |   1.3089 |     44.986 |   1.3125 |     45.040 |     0.2
    8 |   1.2919 |     44.811 |   1.2984 |     44.855 |     0.2
    9 |   1.2788 |     44.297 |   1.2794 |     44.609 |     0.2
   10 |   1.2680 |     44.073 |   1.2689 |     44.362 |     0.2
   11 |   1.2530 |     43.952 |   1.2540 |     43.808 |     0.3
   12 |   1.2358 |     43.154 |   1.2398 |     42.945 |     0.3
   13 |   1.2201 |     42.897 |   1.2196 |     42.175 |     0.3
   14 |   1.2045 |     42.082 |   1.2059 |     42.144 |     0.3
   15 |   1.1852 |     41.847 |   1.1920 |     41.405 |     0.4
   16 |   1.1692 |     40.704 |   1.1709 |     40.481 |     0.4
   17 |   1.1484 |     40.032 |   1.1537 |     39.741 |     0.4
   18 |   1.1302 |     39.611 |   1.1411 |     39.433 |     0.4
   19 |   1.1089 |     38.747 |   1.1223 |     39.464 |     0.5
   20 |   1.0866 |     38.096 |   1.1102 |     38.632 |     0.5
   21 |   1.0621 |     36.652 |   1.0959 |     38.355 |     0.5
   22 |   1.0418 |     36.177 |   1.0865 |     36.599 |     0.5
   23 |   1.0161 |     35.378 |   1.0579 |     35.736 |     0.6
   24 |   0.9951 |     34.274 |   1.0585 |     35.736 |     0.6
   25 |   0.9727 |     33.240 |   1.0302 |     34.011 |     0.6
   26 |   0.9471 |     32.376 |   1.0291 |     34.966 |     0.6
   27 |   0.9291 |     31.687 |   1.0098 |     33.919 |     0.6
   28 |   0.9010 |     30.534 |   0.9936 |     33.641 |     0.7
   29 |   0.8773 |     29.670 |   0.9846 |     33.364 |     0.7
   30 |   0.8526 |     28.478 |   0.9771 |     32.779 |     0.7
   31 |   0.8317 |     27.832 |   0.9665 |     32.378 |     0.7
   32 |   0.8074 |     27.149 |   0.9525 |     32.224 |     0.8
   33 |   0.7844 |     26.105 |   0.9581 |     31.670 |     0.8
   34 |   0.7626 |     25.492 |   0.9560 |     31.547 |     0.8
   35 |   0.7424 |     24.497 |   0.9437 |     30.900 |     0.8
   36 |   0.7166 |     23.660 |   0.9355 |     30.561 |     0.9
   37 |   0.6978 |     22.928 |   0.9309 |     30.068 |     0.9
   38 |   0.6774 |     22.386 |   0.9631 |     31.054 |     0.9
   39 |   0.6650 |     21.900 |   0.9420 |     30.499 |     0.9
   40 |   0.6483 |     21.446 |   0.9277 |     29.575 |     1.0
   41 |   0.6224 |     20.626 |   0.9345 |     30.314 |     1.0
   42 |   0.6061 |     19.849 |   0.9212 |     29.544 |     1.0
   43 |   0.5937 |     19.335 |   0.9322 |     29.328 |     1.0
   44 |   0.5811 |     19.237 |   0.9346 |     29.020 |     1.1
   45 |   0.5662 |     18.663 |   0.9390 |     28.373 |     1.1
   46 |   0.5477 |     17.957 |   0.9368 |     29.205 |     1.1
Early stopping

Model: Seq2Seq Bi-LSTM
Source index: <Seq2Seq Index with 45 items>
Target index: <Seq2Seq Index with 34 items>
Encoder embedding dimension: 128
Decoder embedding dimension: 128
Encoder hidden units: 128
Encoder layers: 4
Decoder hidden units: 128
Decoder layers: 3
Dropout: 0.0
Trainable parameters: 2,122,914

Training started
X_train.shape: torch.Size([3048, 649])
Y_train.shape: torch.Size([3048, 7])
X_dev.shape: torch.Size([541, 337])
Y_dev.shape: torch.Size([541, 7])
Epochs: 500
Learning rate: 0.001
Weight decay: 0.0001
Epoch | Train                 | Development           | Minutes
      | Loss     | Error Rate | Loss     | Error Rate |
---------------------------------------------------------------
    1 |   2.1847 |     59.990 |   1.6248 |     46.919 |     0.1
    2 |   1.4854 |     46.260 |   1.4432 |     46.827 |     0.1
    3 |   1.4046 |     46.369 |   1.3999 |     46.919 |     0.2
    4 |   1.3602 |     46.150 |   1.3560 |     46.981 |     0.3
    5 |   1.3181 |     45.423 |   1.3168 |     45.071 |     0.4
    6 |   1.2859 |     44.516 |   1.2839 |     44.701 |     0.4
    7 |   1.2533 |     44.029 |   1.2525 |     44.116 |     0.5
    8 |   1.2287 |     43.635 |   1.2335 |     43.500 |     0.6
    9 |   1.2115 |     42.952 |   1.2151 |     43.654 |     0.6
   10 |   1.1920 |     42.558 |   1.2187 |     42.730 |     0.7
   11 |   1.1809 |     42.170 |   1.1892 |     42.637 |     0.8
   12 |   1.1632 |     41.743 |   1.1776 |     42.144 |     0.8
   13 |   1.1513 |     41.524 |   1.1676 |     41.713 |     0.9
   14 |   1.1359 |     41.076 |   1.1564 |     41.189 |     1.0
   15 |   1.1236 |     40.890 |   1.1586 |     41.867 |     1.1
   16 |   1.1122 |     40.305 |   1.1390 |     40.635 |     1.1
   17 |   1.0961 |     39.818 |   1.1229 |     39.741 |     1.2
   18 |   1.0835 |     39.129 |   1.1094 |     40.327 |     1.3
   19 |   1.0756 |     39.031 |   1.0920 |     39.556 |     1.3
   20 |   1.0613 |     38.255 |   1.0904 |     38.940 |     1.4
   21 |   1.0475 |     37.937 |   1.0927 |     38.386 |     1.5
   22 |   1.0318 |     37.270 |   1.0696 |     38.447 |     1.5
   23 |   1.0176 |     36.472 |   1.0619 |     37.585 |     1.6
   24 |   1.0093 |     36.122 |   1.0540 |     38.047 |     1.7
   25 |   0.9902 |     35.608 |   1.0670 |     37.585 |     1.8
   26 |   0.9832 |     35.242 |   1.0489 |     36.969 |     1.8
   27 |   0.9696 |     34.596 |   1.0419 |     36.999 |     1.9
   28 |   0.9548 |     34.039 |   1.0344 |     36.260 |     2.0
   29 |   0.9413 |     33.229 |   1.0154 |     35.767 |     2.0
   30 |   0.9270 |     32.989 |   1.0190 |     35.736 |     2.1
   31 |   0.9163 |     32.327 |   1.0048 |     35.336 |     2.2
   32 |   0.8984 |     31.666 |   0.9929 |     34.627 |     2.2
   33 |   0.8880 |     31.245 |   1.0015 |     34.381 |     2.3
   34 |   0.8766 |     30.938 |   0.9818 |     33.672 |     2.4
   35 |   0.8574 |     30.288 |   0.9774 |     33.487 |     2.5
   36 |   0.8442 |     29.642 |   0.9622 |     32.656 |     2.5
   37 |   0.8288 |     29.139 |   0.9596 |     32.563 |     2.6
   38 |   0.8134 |     28.188 |   0.9604 |     32.193 |     2.7
   39 |   0.7955 |     27.696 |   0.9337 |     31.670 |     2.7
   40 |   0.7777 |     27.007 |   0.9491 |     32.224 |     2.8
   41 |   0.7673 |     26.515 |   0.9435 |     31.577 |     2.9
   42 |   0.7454 |     25.727 |   0.9314 |     31.023 |     2.9
   43 |   0.7332 |     25.252 |   0.9392 |     31.855 |     3.0
   44 |   0.7177 |     24.349 |   0.9264 |     29.852 |     3.1
   45 |   0.7000 |     24.054 |   0.9416 |     31.177 |     3.2
   46 |   0.6876 |     23.562 |   0.9328 |     31.269 |     3.2
   47 |   0.6749 |     22.878 |   0.9435 |     30.992 |     3.3
   48 |   0.6555 |     22.512 |   0.9421 |     30.838 |     3.4
Early stopping

Model: Seq2Seq Bi-LSTM
Source index: <Seq2Seq Index with 45 items>
Target index: <Seq2Seq Index with 34 items>
Encoder embedding dimension: 64
Decoder embedding dimension: 128
Encoder hidden units: 64
Encoder layers: 3
Decoder hidden units: 64
Decoder layers: 3
Dropout: 0.0
Trainable parameters: 440,034

Training started
X_train.shape: torch.Size([3048, 649])
Y_train.shape: torch.Size([3048, 7])
X_dev.shape: torch.Size([541, 337])
Y_dev.shape: torch.Size([541, 7])
Epochs: 500
Learning rate: 0.001
Weight decay: 1e-05
Epoch | Train                 | Development           | Minutes
      | Loss     | Error Rate | Loss     | Error Rate |
---------------------------------------------------------------
    1 |   2.4658 |     65.119 |   1.9375 |     55.083 |     0.0
    2 |   1.7121 |     48.775 |   1.5734 |     46.919 |     0.0
    3 |   1.4903 |     46.254 |   1.4610 |     46.919 |     0.1
    4 |   1.4221 |     46.304 |   1.4216 |     46.919 |     0.1
    5 |   1.3923 |     46.150 |   1.3938 |     46.919 |     0.1
    6 |   1.3642 |     45.937 |   1.3767 |     46.827 |     0.1
    7 |   1.3415 |     45.554 |   1.3493 |     46.118 |     0.2
    8 |   1.3223 |     45.057 |   1.3324 |     44.732 |     0.2
    9 |   1.3031 |     44.751 |   1.3167 |     44.824 |     0.2
   10 |   1.2852 |     44.313 |   1.2970 |     44.331 |     0.2
   11 |   1.2658 |     43.958 |   1.2774 |     43.962 |     0.2
   12 |   1.2418 |     43.149 |   1.2492 |     43.161 |     0.3
   13 |   1.2194 |     42.799 |   1.2337 |     43.099 |     0.3
   14 |   1.1954 |     42.263 |   1.2095 |     42.267 |     0.3
   15 |   1.1750 |     41.546 |   1.1930 |     42.144 |     0.3
   16 |   1.1519 |     40.896 |   1.1796 |     41.312 |     0.4
   17 |   1.1339 |     40.037 |   1.1628 |     40.974 |     0.4
   18 |   1.1156 |     39.414 |   1.1483 |     39.957 |     0.4
   19 |   1.0956 |     39.075 |   1.1460 |     39.526 |     0.4
   20 |   1.0774 |     38.337 |   1.1277 |     39.002 |     0.4
   21 |   1.0544 |     37.287 |   1.1234 |     39.033 |     0.5
   22 |   1.0356 |     36.352 |   1.1086 |     38.417 |     0.5
   23 |   1.0161 |     35.641 |   1.0948 |     37.307 |     0.5
   24 |   0.9956 |     34.629 |   1.0993 |     36.876 |     0.5
   25 |   0.9729 |     33.722 |   1.0831 |     36.352 |     0.6
   26 |   0.9503 |     32.879 |   1.0765 |     36.137 |     0.6
   27 |   0.9305 |     32.087 |   1.0603 |     35.551 |     0.6
   28 |   0.9123 |     31.321 |   1.0653 |     35.274 |     0.6
   29 |   0.8842 |     29.938 |   1.0686 |     34.350 |     0.6
   30 |   0.8585 |     28.735 |   1.0510 |     34.935 |     0.7
   31 |   0.8328 |     27.723 |   1.0493 |     33.364 |     0.7
   32 |   0.8125 |     26.919 |   1.0223 |     32.933 |     0.7
   33 |   0.8101 |     26.673 |   1.0282 |     32.902 |     0.7
   34 |   0.7707 |     24.852 |   1.0281 |     32.902 |     0.8
   35 |   0.7451 |     24.103 |   1.0205 |     32.070 |     0.8
   36 |   0.7223 |     23.463 |   1.0279 |     32.224 |     0.8
   37 |   0.7022 |     22.758 |   1.0440 |     32.378 |     0.8
   38 |   0.6908 |     22.047 |   1.0243 |     32.070 |     0.9
   39 |   0.6654 |     21.539 |   1.0113 |     31.269 |     0.9
   40 |   0.6413 |     20.565 |   1.0218 |     31.454 |     0.9
   41 |   0.6236 |     20.106 |   1.0322 |     31.115 |     0.9
   42 |   0.6018 |     19.291 |   1.0406 |     32.009 |     1.0
   43 |   0.5958 |     19.259 |   1.0313 |     30.838 |     1.0
Early stopping

Model: Seq2Seq Bi-LSTM
Source index: <Seq2Seq Index with 45 items>
Target index: <Seq2Seq Index with 34 items>
Encoder embedding dimension: 128
Decoder embedding dimension: 64
Encoder hidden units: 64
Encoder layers: 2
Decoder hidden units: 128
Decoder layers: 2
Dropout: 0.0
Trainable parameters: 507,938

Training started
X_train.shape: torch.Size([3048, 649])
Y_train.shape: torch.Size([3048, 7])
X_dev.shape: torch.Size([541, 337])
Y_dev.shape: torch.Size([541, 7])
Epochs: 500
Learning rate: 0.001
Weight decay: 1e-05
Epoch | Train                 | Development           | Minutes
      | Loss     | Error Rate | Loss     | Error Rate |
---------------------------------------------------------------
    1 |   2.0610 |     56.458 |   1.5058 |     46.550 |     0.0
    2 |   1.4055 |     45.915 |   1.3669 |     46.580 |     0.0
    3 |   1.3208 |     44.904 |   1.3109 |     45.256 |     0.1
    4 |   1.2799 |     43.832 |   1.2807 |     43.500 |     0.1
    5 |   1.2474 |     43.121 |   1.2531 |     43.192 |     0.1
    6 |   1.2140 |     42.766 |   1.2150 |     42.421 |     0.1
    7 |   1.1807 |     41.749 |   1.1786 |     41.405 |     0.1
    8 |   1.1451 |     40.551 |   1.1519 |     40.727 |     0.1
    9 |   1.1054 |     38.692 |   1.1131 |     38.632 |     0.2
   10 |   1.0692 |     37.451 |   1.0909 |     38.139 |     0.2
   11 |   1.0293 |     35.504 |   1.0591 |     36.630 |     0.2
   12 |   0.9897 |     34.279 |   1.0384 |     35.613 |     0.2
   13 |   0.9479 |     32.278 |   1.0017 |     34.104 |     0.2
   14 |   0.9063 |     30.577 |   0.9857 |     33.641 |     0.3
   15 |   0.8685 |     28.948 |   0.9576 |     31.516 |     0.3
   16 |   0.8271 |     27.368 |   0.9490 |     31.362 |     0.3
   17 |   0.7872 |     25.897 |   0.9284 |     30.468 |     0.3
   18 |   0.7509 |     24.399 |   0.9272 |     30.591 |     0.3
   19 |   0.7120 |     23.316 |   0.9226 |     30.746 |     0.3
   20 |   0.6793 |     22.107 |   0.9045 |     28.835 |     0.4
   21 |   0.6458 |     20.943 |   0.9056 |     29.051 |     0.4
   22 |   0.6169 |     20.259 |   0.8984 |     28.497 |     0.4
   23 |   0.5854 |     18.892 |   0.9113 |     28.219 |     0.4
   24 |   0.5496 |     17.645 |   0.9220 |     28.589 |     0.4
   25 |   0.5239 |     16.880 |   0.9382 |     28.990 |     0.4
   26 |   0.5070 |     16.486 |   0.9367 |     28.096 |     0.5
Early stopping

Model: Seq2Seq Bi-LSTM
Source index: <Seq2Seq Index with 45 items>
Target index: <Seq2Seq Index with 34 items>
Encoder embedding dimension: 32
Decoder embedding dimension: 64
Encoder hidden units: 64
Encoder layers: 4
Decoder hidden units: 128
Decoder layers: 2
Dropout: 0.0
Trainable parameters: 718,658

Training started
X_train.shape: torch.Size([3048, 649])
Y_train.shape: torch.Size([3048, 7])
X_dev.shape: torch.Size([541, 337])
Y_dev.shape: torch.Size([541, 7])
Epochs: 500
Learning rate: 0.001
Weight decay: 1e-05
Epoch | Train                 | Development           | Minutes
      | Loss     | Error Rate | Loss     | Error Rate |
---------------------------------------------------------------
    1 |   2.0739 |     56.616 |   1.5411 |     46.919 |     0.0
    2 |   1.4245 |     46.003 |   1.3858 |     46.519 |     0.1
    3 |   1.3360 |     45.292 |   1.3243 |     45.132 |     0.1
    4 |   1.2872 |     44.384 |   1.2831 |     44.455 |     0.1
    5 |   1.2539 |     43.788 |   1.2565 |     43.777 |     0.1
    6 |   1.2271 |     43.263 |   1.2281 |     43.222 |     0.2
    7 |   1.1965 |     42.317 |   1.1992 |     41.990 |     0.2
    8 |   1.1691 |     41.710 |   1.1734 |     40.943 |     0.2
    9 |   1.1433 |     40.677 |   1.1495 |     40.049 |     0.3
   10 |   1.1226 |     39.797 |   1.1248 |     39.094 |     0.3
   11 |   1.0873 |     37.959 |   1.1069 |     37.677 |     0.3
   12 |   1.0549 |     36.592 |   1.0785 |     37.616 |     0.4
   13 |   1.0236 |     35.362 |   1.0536 |     36.722 |     0.4
   14 |   0.9888 |     34.203 |   1.0346 |     35.120 |     0.4
   15 |   0.9478 |     32.486 |   1.0355 |     34.627 |     0.4
   16 |   0.9144 |     31.201 |   1.0013 |     34.073 |     0.5
   17 |   0.8716 |     29.763 |   0.9854 |     33.765 |     0.5
   18 |   0.8406 |     28.778 |   0.9649 |     32.224 |     0.5
   19 |   0.7988 |     26.848 |   0.9426 |     31.978 |     0.6
   20 |   0.7577 |     25.448 |   0.9291 |     31.300 |     0.6
   21 |   0.7233 |     23.939 |   0.9494 |     31.238 |     0.6
   22 |   0.6865 |     22.512 |   0.9244 |     30.037 |     0.6
   23 |   0.6530 |     21.402 |   0.9243 |     29.328 |     0.7
   24 |   0.6146 |     19.937 |   0.9180 |     29.113 |     0.7
   25 |   0.5929 |     19.641 |   0.9106 |     28.250 |     0.7
   26 |   0.5460 |     17.881 |   0.9099 |     28.681 |     0.8
   27 |   0.5153 |     16.907 |   0.9266 |     27.603 |     0.8
   28 |   0.4862 |     15.896 |   0.9465 |     28.620 |     0.8
   29 |   0.4627 |     15.136 |   0.9264 |     27.665 |     0.9
   30 |   0.4379 |     14.447 |   0.9499 |     27.572 |     0.9
Early stopping

Model: Seq2Seq Bi-LSTM
Source index: <Seq2Seq Index with 45 items>
Target index: <Seq2Seq Index with 34 items>
Encoder embedding dimension: 64
Decoder embedding dimension: 128
Encoder hidden units: 128
Encoder layers: 2
Decoder hidden units: 64
Decoder layers: 3
Dropout: 0.0
Trainable parameters: 785,122

Training started
X_train.shape: torch.Size([3048, 649])
Y_train.shape: torch.Size([3048, 7])
X_dev.shape: torch.Size([541, 337])
Y_dev.shape: torch.Size([541, 7])
Epochs: 500
Learning rate: 0.001
Weight decay: 1e-05
Epoch | Train                 | Development           | Minutes
      | Loss     | Error Rate | Loss     | Error Rate |
---------------------------------------------------------------
    1 |   2.4892 |     66.344 |   1.9541 |     57.363 |     0.0
    2 |   1.7211 |     49.081 |   1.5732 |     46.919 |     0.1
    3 |   1.4878 |     46.282 |   1.4662 |     46.919 |     0.1
    4 |   1.4244 |     46.189 |   1.4325 |     46.919 |     0.1
    5 |   1.3958 |     46.156 |   1.4012 |     46.919 |     0.2
    6 |   1.3746 |     45.866 |   1.3859 |     46.211 |     0.2
    7 |   1.3596 |     45.505 |   1.3677 |     45.933 |     0.2
    8 |   1.3463 |     45.418 |   1.3522 |     46.149 |     0.3
    9 |   1.3324 |     45.210 |   1.3385 |     45.625 |     0.3
   10 |   1.3156 |     44.964 |   1.3198 |     45.533 |     0.4
   11 |   1.2953 |     44.865 |   1.2993 |     45.225 |     0.4
   12 |   1.2784 |     44.603 |   1.2899 |     45.256 |     0.4
   13 |   1.2628 |     44.248 |   1.2750 |     44.794 |     0.5
   14 |   1.2498 |     43.837 |   1.2685 |     44.516 |     0.5
   15 |   1.2378 |     43.646 |   1.2500 |     43.715 |     0.5
   16 |   1.2242 |     43.077 |   1.2428 |     43.130 |     0.6
   17 |   1.2067 |     42.820 |   1.2242 |     42.822 |     0.6
   18 |   1.1929 |     42.410 |   1.2166 |     43.038 |     0.6
   19 |   1.1711 |     41.694 |   1.2049 |     42.730 |     0.7
   20 |   1.1568 |     40.912 |   1.1881 |     41.651 |     0.7
   21 |   1.1411 |     40.147 |   1.1717 |     40.604 |     0.8
   22 |   1.1202 |     39.605 |   1.1706 |     40.943 |     0.8
   23 |   1.1039 |     39.091 |   1.1524 |     40.388 |     0.8
   24 |   1.0867 |     38.435 |   1.1403 |     40.203 |     0.9
   25 |   1.0652 |     37.839 |   1.1204 |     39.341 |     0.9
   26 |   1.0492 |     37.123 |   1.1196 |     38.386 |     0.9
   27 |   1.0243 |     36.210 |   1.1112 |     37.862 |     1.0
   28 |   1.0042 |     35.357 |   1.0897 |     37.153 |     1.0
   29 |   0.9823 |     34.230 |   1.0930 |     37.461 |     1.0
   30 |   0.9591 |     33.208 |   1.0890 |     37.431 |     1.1
   31 |   0.9351 |     32.092 |   1.0778 |     36.445 |     1.1
   32 |   0.9136 |     30.944 |   1.0669 |     36.414 |     1.1
   33 |   0.8843 |     29.675 |   1.0581 |     35.644 |     1.2
   34 |   0.8595 |     28.822 |   1.0576 |     35.551 |     1.2
   35 |   0.8294 |     27.510 |   1.0503 |     34.350 |     1.3
   36 |   0.8057 |     26.629 |   1.0563 |     34.504 |     1.3
   37 |   0.7813 |     25.257 |   1.0482 |     33.734 |     1.3
   38 |   0.7576 |     24.524 |   1.0531 |     33.056 |     1.4
   39 |   0.7299 |     23.212 |   1.0355 |     32.779 |     1.4
   40 |   0.7091 |     22.900 |   1.0503 |     32.594 |     1.4
   41 |   0.6844 |     21.714 |   1.0496 |     32.163 |     1.5
   42 |   0.6542 |     20.779 |   1.0511 |     32.224 |     1.5
   43 |   0.6410 |     20.686 |   1.0585 |     31.547 |     1.5
Early stopping

Model: Seq2Seq Bi-LSTM
Source index: <Seq2Seq Index with 45 items>
Target index: <Seq2Seq Index with 34 items>
Encoder embedding dimension: 128
Decoder embedding dimension: 128
Encoder hidden units: 128
Encoder layers: 3
Decoder hidden units: 128
Decoder layers: 3
Dropout: 0.0
Trainable parameters: 1,662,114

Training started
X_train.shape: torch.Size([3048, 649])
Y_train.shape: torch.Size([3048, 7])
X_dev.shape: torch.Size([541, 337])
Y_dev.shape: torch.Size([541, 7])
Epochs: 500
Learning rate: 0.001
Weight decay: 0.0001
Epoch | Train                 | Development           | Minutes
      | Loss     | Error Rate | Loss     | Error Rate |
---------------------------------------------------------------
    1 |   2.2023 |     60.411 |   1.6170 |     46.919 |     0.1
    2 |   1.4790 |     46.358 |   1.4376 |     46.919 |     0.1
    3 |   1.3942 |     46.243 |   1.3832 |     46.919 |     0.2
    4 |   1.3480 |     45.866 |   1.3400 |     46.118 |     0.2
    5 |   1.3146 |     45.544 |   1.3244 |     45.564 |     0.3
    6 |   1.2876 |     44.958 |   1.2941 |     46.118 |     0.3
    7 |   1.2611 |     44.319 |   1.2664 |     44.609 |     0.4
    8 |   1.2359 |     43.608 |   1.2387 |     43.777 |     0.4
    9 |   1.2106 |     42.902 |   1.2156 |     43.068 |     0.5
   10 |   1.1899 |     42.569 |   1.2066 |     42.575 |     0.5
   11 |   1.1684 |     41.847 |   1.1872 |     42.514 |     0.6
   12 |   1.1530 |     41.049 |   1.1699 |     41.374 |     0.6
   13 |   1.1334 |     40.595 |   1.1618 |     41.374 |     0.7
   14 |   1.1159 |     40.086 |   1.1413 |     40.696 |     0.7
   15 |   1.0963 |     39.507 |   1.1285 |     41.035 |     0.8
   16 |   1.0816 |     39.217 |   1.1053 |     39.310 |     0.9
   17 |   1.0591 |     38.063 |   1.1150 |     39.895 |     0.9
   18 |   1.0452 |     37.609 |   1.0866 |     38.755 |     1.0
   19 |   1.0237 |     36.658 |   1.0708 |     38.232 |     1.0
   20 |   1.0145 |     36.155 |   1.0579 |     36.907 |     1.1
   21 |   0.9961 |     35.575 |   1.0523 |     37.092 |     1.1
   22 |   0.9861 |     35.253 |   1.0366 |     35.767 |     1.2
   23 |   0.9696 |     34.274 |   1.0504 |     37.184 |     1.2
   24 |   0.9506 |     33.558 |   1.0213 |     36.075 |     1.3
   25 |   0.9371 |     33.290 |   1.0225 |     35.521 |     1.3
   26 |   0.9221 |     32.409 |   1.0095 |     36.014 |     1.4
   27 |   0.9055 |     31.759 |   0.9983 |     34.566 |     1.4
   28 |   0.8906 |     31.605 |   1.0003 |     35.182 |     1.5
   29 |   0.8812 |     31.091 |   0.9993 |     34.596 |     1.5
   30 |   0.8554 |     30.145 |   0.9917 |     34.196 |     1.6
   31 |   0.8471 |     29.418 |   1.0032 |     34.196 |     1.7
   32 |   0.8303 |     28.981 |   0.9907 |     33.949 |     1.7
   33 |   0.8131 |     27.975 |   0.9846 |     32.594 |     1.8
   34 |   0.7934 |     27.379 |   0.9757 |     32.994 |     1.8
   35 |   0.7846 |     26.903 |   0.9572 |     31.639 |     1.9
   36 |   0.7628 |     26.006 |   0.9706 |     31.947 |     1.9
   37 |   0.7497 |     25.689 |   0.9702 |     32.348 |     2.0
   38 |   0.7285 |     24.891 |   0.9569 |     30.838 |     2.0
   39 |   0.7168 |     24.677 |   0.9587 |     31.516 |     2.1
   40 |   0.7036 |     23.835 |   0.9411 |     30.746 |     2.1
   41 |   0.6869 |     23.360 |   0.9659 |     30.961 |     2.2
   42 |   0.6688 |     22.742 |   0.9620 |     30.746 |     2.2
   43 |   0.6537 |     21.752 |   0.9569 |     30.253 |     2.3
   44 |   0.6382 |     21.156 |   0.9505 |     30.222 |     2.3
Early stopping

Model: Seq2Seq Bi-LSTM
Source index: <Seq2Seq Index with 45 items>
Target index: <Seq2Seq Index with 34 items>
Encoder embedding dimension: 64
Decoder embedding dimension: 128
Encoder hidden units: 64
Encoder layers: 2
Decoder hidden units: 64
Decoder layers: 3
Dropout: 0.0
Trainable parameters: 324,322

Training started
X_train.shape: torch.Size([3048, 649])
Y_train.shape: torch.Size([3048, 7])
X_dev.shape: torch.Size([541, 337])
Y_dev.shape: torch.Size([541, 7])
Epochs: 500
Learning rate: 0.001
Weight decay: 1e-05
Epoch | Train                 | Development           | Minutes
      | Loss     | Error Rate | Loss     | Error Rate |
---------------------------------------------------------------
    1 |   2.4874 |     66.956 |   1.9350 |     51.694 |     0.0
    2 |   1.7174 |     48.688 |   1.5786 |     46.919 |     0.0
    3 |   1.4895 |     46.189 |   1.4543 |     46.919 |     0.0
    4 |   1.4084 |     46.112 |   1.4028 |     46.888 |     0.1
    5 |   1.3676 |     46.025 |   1.3713 |     46.550 |     0.1
    6 |   1.3454 |     45.500 |   1.3461 |     45.718 |     0.1
    7 |   1.3261 |     45.226 |   1.3290 |     45.471 |     0.1
    8 |   1.3077 |     45.254 |   1.3340 |     46.087 |     0.1
    9 |   1.2949 |     45.270 |   1.3008 |     45.779 |     0.1
   10 |   1.2810 |     44.674 |   1.2904 |     45.102 |     0.2
   11 |   1.2673 |     44.089 |   1.2756 |     43.900 |     0.2
   12 |   1.2615 |     43.952 |   1.2657 |     44.147 |     0.2
   13 |   1.2403 |     43.187 |   1.2482 |     43.222 |     0.2
   14 |   1.2192 |     42.771 |   1.2298 |     43.068 |     0.2
   15 |   1.1980 |     42.388 |   1.2116 |     41.805 |     0.2
   16 |   1.1766 |     41.317 |   1.1946 |     40.758 |     0.2
   17 |   1.1509 |     40.294 |   1.1784 |     40.265 |     0.3
   18 |   1.1285 |     39.540 |   1.1630 |     40.173 |     0.3
   19 |   1.1085 |     38.714 |   1.1573 |     39.710 |     0.3
   20 |   1.0877 |     37.948 |   1.1370 |     40.111 |     0.3
   21 |   1.0713 |     37.604 |   1.1322 |     39.402 |     0.3
   22 |   1.0477 |     36.576 |   1.1296 |     38.786 |     0.3
   23 |   1.0328 |     35.881 |   1.1130 |     38.601 |     0.4
   24 |   1.0133 |     34.957 |   1.1022 |     37.708 |     0.4
   25 |   0.9957 |     34.558 |   1.1050 |     37.123 |     0.4
   26 |   0.9753 |     33.716 |   1.0930 |     37.338 |     0.4
   27 |   0.9528 |     32.677 |   1.1035 |     36.106 |     0.4
   28 |   0.9339 |     31.764 |   1.0821 |     35.736 |     0.4
   29 |   0.9130 |     30.884 |   1.0882 |     35.182 |     0.5
   30 |   0.8968 |     30.233 |   1.0802 |     35.089 |     0.5
   31 |   0.8759 |     29.281 |   1.0654 |     34.997 |     0.5
   32 |   0.8592 |     28.631 |   1.0865 |     35.213 |     0.5
   33 |   0.8420 |     27.597 |   1.0840 |     35.305 |     0.5
   34 |   0.8246 |     27.072 |   1.0847 |     34.134 |     0.5
   35 |   0.7990 |     26.351 |   1.0740 |     33.795 |     0.5
Early stopping

Model: Seq2Seq Bi-LSTM
Source index: <Seq2Seq Index with 45 items>
Target index: <Seq2Seq Index with 34 items>
Encoder embedding dimension: 64
Decoder embedding dimension: 128
Encoder hidden units: 64
Encoder layers: 4
Decoder hidden units: 64
Decoder layers: 3
Dropout: 0.1
Trainable parameters: 555,746

Training started
X_train.shape: torch.Size([3048, 649])
Y_train.shape: torch.Size([3048, 7])
X_dev.shape: torch.Size([541, 337])
Y_dev.shape: torch.Size([541, 7])
Epochs: 500
Learning rate: 0.001
Weight decay: 1e-05
Epoch | Train                 | Development           | Minutes
      | Loss     | Error Rate | Loss     | Error Rate |
---------------------------------------------------------------
    1 |   2.5456 |     68.203 |   2.0400 |     57.948 |     0.0
    2 |   1.7831 |     50.339 |   1.5953 |     46.919 |     0.1
    3 |   1.5013 |     46.276 |   1.4645 |     46.827 |     0.1
    4 |   1.4278 |     46.205 |   1.4231 |     46.673 |     0.1
    5 |   1.3952 |     46.008 |   1.3998 |     46.396 |     0.2
    6 |   1.3686 |     45.959 |   1.3666 |     46.180 |     0.2
    7 |   1.3439 |     45.259 |   1.3457 |     45.749 |     0.2
    8 |   1.3229 |     44.958 |   1.3302 |     45.009 |     0.3
    9 |   1.3020 |     44.647 |   1.3001 |     44.763 |     0.3
   10 |   1.2787 |     44.253 |   1.2816 |     44.023 |     0.3
   11 |   1.2597 |     43.909 |   1.2588 |     44.239 |     0.4
   12 |   1.2360 |     43.471 |   1.2341 |     43.839 |     0.4
   13 |   1.2162 |     43.023 |   1.2189 |     42.914 |     0.4
   14 |   1.1979 |     42.427 |   1.2064 |     42.267 |     0.4
   15 |   1.1805 |     42.000 |   1.1876 |     41.867 |     0.5
   16 |   1.1621 |     41.169 |   1.1864 |     42.514 |     0.5
   17 |   1.1523 |     40.710 |   1.1563 |     40.419 |     0.5
   18 |   1.1374 |     40.059 |   1.1514 |     40.542 |     0.6
   19 |   1.1179 |     39.518 |   1.1521 |     40.234 |     0.6
   20 |   1.1038 |     39.129 |   1.1265 |     39.033 |     0.6
   21 |   1.0843 |     38.435 |   1.1154 |     38.447 |     0.7
   22 |   1.0809 |     38.397 |   1.1077 |     39.402 |     0.7
   23 |   1.0609 |     37.642 |   1.1006 |     38.262 |     0.7
   24 |   1.0491 |     37.112 |   1.0910 |     37.831 |     0.8
   25 |   1.0328 |     36.374 |   1.0824 |     37.616 |     0.8
   26 |   1.0177 |     35.783 |   1.0731 |     36.784 |     0.8
   27 |   1.0009 |     35.165 |   1.0707 |     36.753 |     0.9
   28 |   0.9839 |     34.323 |   1.0573 |     36.506 |     0.9
   29 |   0.9697 |     33.825 |   1.0534 |     35.675 |     0.9
   30 |   0.9533 |     32.972 |   1.0384 |     35.829 |     1.0
   31 |   0.9388 |     32.469 |   1.0357 |     34.689 |     1.0
   32 |   0.9239 |     31.611 |   1.0286 |     34.350 |     1.0
   33 |   0.9059 |     30.971 |   1.0337 |     34.412 |     1.1
   34 |   0.8921 |     30.277 |   1.0236 |     34.319 |     1.1
   35 |   0.8749 |     29.894 |   1.0266 |     33.795 |     1.1
   36 |   0.8606 |     28.964 |   1.0112 |     33.179 |     1.1
   37 |   0.8463 |     28.554 |   1.0096 |     33.210 |     1.2
   38 |   0.8346 |     28.068 |   0.9902 |     32.594 |     1.2
   39 |   0.8172 |     27.308 |   0.9933 |     31.485 |     1.2
   40 |   0.8071 |     26.974 |   0.9993 |     32.502 |     1.3
   41 |   0.7867 |     26.312 |   0.9998 |     32.440 |     1.3
   42 |   0.7758 |     25.858 |   0.9955 |     32.163 |     1.3
Early stopping

Model: Seq2Seq Bi-LSTM
Source index: <Seq2Seq Index with 45 items>
Target index: <Seq2Seq Index with 34 items>
Encoder embedding dimension: 32
Decoder embedding dimension: 128
Encoder hidden units: 128
Encoder layers: 2
Decoder hidden units: 64
Decoder layers: 2
Dropout: 0.1
Trainable parameters: 717,634

Training started
X_train.shape: torch.Size([3048, 649])
Y_train.shape: torch.Size([3048, 7])
X_dev.shape: torch.Size([541, 337])
Y_dev.shape: torch.Size([541, 7])
Epochs: 500
Learning rate: 0.001
Weight decay: 1e-05
Epoch | Train                 | Development           | Minutes
      | Loss     | Error Rate | Loss     | Error Rate |
---------------------------------------------------------------
    1 |   2.3566 |     61.581 |   1.8184 |     48.891 |     0.0
    2 |   1.6066 |     47.753 |   1.4965 |     46.642 |     0.1
    3 |   1.4346 |     45.839 |   1.4127 |     46.334 |     0.1
    4 |   1.3787 |     45.719 |   1.3722 |     46.550 |     0.1
    5 |   1.3411 |     45.500 |   1.3376 |     46.211 |     0.2
    6 |   1.3072 |     44.751 |   1.3096 |     44.640 |     0.2
    7 |   1.2799 |     43.969 |   1.2803 |     44.516 |     0.3
    8 |   1.2585 |     43.537 |   1.2666 |     43.253 |     0.3
    9 |   1.2379 |     43.116 |   1.2358 |     42.360 |     0.3
   10 |   1.2153 |     42.427 |   1.2199 |     42.113 |     0.4
   11 |   1.1970 |     42.071 |   1.2075 |     42.113 |     0.4
   12 |   1.1803 |     41.519 |   1.1746 |     41.466 |     0.4
   13 |   1.1513 |     40.305 |   1.1555 |     39.988 |     0.5
   14 |   1.1324 |     39.556 |   1.1423 |     38.971 |     0.5
   15 |   1.1096 |     38.774 |   1.1245 |     38.571 |     0.6
   16 |   1.0876 |     37.937 |   1.1089 |     37.770 |     0.6
   17 |   1.0667 |     36.899 |   1.0931 |     36.938 |     0.6
   18 |   1.0427 |     36.029 |   1.0816 |     36.815 |     0.7
   19 |   1.0147 |     35.149 |   1.0644 |     35.182 |     0.7
   20 |   0.9865 |     33.738 |   1.0424 |     34.966 |     0.7
   21 |   0.9594 |     32.869 |   1.0161 |     34.011 |     0.8
   22 |   0.9273 |     31.507 |   1.0177 |     34.381 |     0.8
   23 |   0.9012 |     30.337 |   1.0040 |     33.549 |     0.8
   24 |   0.8741 |     29.424 |   1.0036 |     32.902 |     0.9
   25 |   0.8469 |     28.292 |   0.9756 |     32.132 |     0.9
   26 |   0.8159 |     26.908 |   0.9831 |     32.471 |     1.0
   27 |   0.7910 |     26.176 |   0.9659 |     31.639 |     1.0
   28 |   0.7578 |     25.011 |   0.9668 |     30.961 |     1.0
   29 |   0.7296 |     23.759 |   0.9675 |     31.547 |     1.1
   30 |   0.7027 |     22.802 |   0.9461 |     30.345 |     1.1
   31 |   0.6808 |     22.370 |   0.9471 |     29.698 |     1.1
   32 |   0.6552 |     21.391 |   0.9458 |     29.667 |     1.2
   33 |   0.6277 |     20.183 |   0.9490 |     29.328 |     1.2
   34 |   0.6113 |     19.685 |   0.9485 |     29.298 |     1.3
   35 |   0.5812 |     18.559 |   0.9671 |     28.959 |     1.3
   36 |   0.5594 |     17.990 |   0.9622 |     28.250 |     1.3
Early stopping

