Model: Seq2Seq Bi-LSTM
Source index: <Seq2Seq Index with 43 items>
Target index: <Seq2Seq Index with 34 items>
Encoder embedding dimension: 32
Decoder embedding dimension: 128
Encoder hidden units: 128
Encoder layers: 4
Decoder hidden units: 64
Decoder layers: 3
Dropout: 0.1
Trainable parameters: 1,606,914

Training started
X_train.shape: torch.Size([3072, 702])
Y_train.shape: torch.Size([3072, 7])
X_dev.shape: torch.Size([566, 649])
Y_dev.shape: torch.Size([566, 7])
Epochs: 500
Learning rate: 0.001
Weight decay: 1e-05
Epoch | Train                 | Development           | Minutes
      | Loss     | Error Rate | Loss     | Error Rate |
---------------------------------------------------------------
    1 |   2.5906 |     68.641 |   2.0821 |     54.211 |     0.1
    2 |   1.8367 |     51.584 |   1.6601 |     47.468 |     0.2
    3 |   1.5350 |     46.088 |   1.5016 |     47.468 |     0.2
    4 |   1.4492 |     46.067 |   1.4552 |     46.731 |     0.3
    5 |   1.4184 |     45.985 |   1.4306 |     46.731 |     0.4
    6 |   1.3909 |     45.996 |   1.4076 |     47.468 |     0.5
    7 |   1.3677 |     45.866 |   1.3815 |     47.026 |     0.6
    8 |   1.3423 |     45.595 |   1.3540 |     46.172 |     0.6
    9 |   1.3211 |     45.399 |   1.3299 |     45.583 |     0.7
   10 |   1.3013 |     45.041 |   1.3134 |     45.289 |     0.8
   11 |   1.2821 |     44.716 |   1.2957 |     45.259 |     0.9
   12 |   1.2659 |     44.412 |   1.2710 |     44.935 |     1.0
   13 |   1.2503 |     44.162 |   1.2615 |     44.405 |     1.0
   14 |   1.2392 |     43.604 |   1.2423 |     42.933 |     1.1
   15 |   1.2250 |     43.349 |   1.2334 |     42.609 |     1.2
   16 |   1.2118 |     42.914 |   1.2158 |     42.462 |     1.3
   17 |   1.1981 |     42.600 |   1.2057 |     42.580 |     1.4
   18 |   1.1857 |     42.160 |   1.1954 |     42.668 |     1.4
   19 |   1.1751 |     41.808 |   1.1846 |     42.226 |     1.5
   20 |   1.1629 |     41.493 |   1.1791 |     41.932 |     1.6
   21 |   1.1498 |     40.923 |   1.1613 |     41.667 |     1.7
   22 |   1.1372 |     40.430 |   1.1530 |     41.343 |     1.8
   23 |   1.1296 |     40.267 |   1.1464 |     40.371 |     1.8
   24 |   1.1164 |     40.088 |   1.1394 |     40.371 |     1.9
   25 |   1.1075 |     39.366 |   1.1303 |     40.371 |     2.0
   26 |   1.0933 |     39.106 |   1.1220 |     39.929 |     2.1
   27 |   1.0820 |     38.628 |   1.1178 |     40.165 |     2.2
   28 |   1.0687 |     37.934 |   1.1032 |     39.282 |     2.3
   29 |   1.0544 |     37.429 |   1.0982 |     39.193 |     2.3
   30 |   1.0429 |     36.914 |   1.0892 |     38.251 |     2.4
   31 |   1.0295 |     36.366 |   1.0810 |     38.192 |     2.5
   32 |   1.0165 |     35.900 |   1.0810 |     38.369 |     2.6
   33 |   1.0035 |     35.547 |   1.0786 |     37.839 |     2.7
   34 |   0.9849 |     34.858 |   1.0694 |     37.662 |     2.7
   35 |   0.9718 |     34.158 |   1.0698 |     37.338 |     2.8
   36 |   0.9531 |     33.458 |   1.0505 |     36.926 |     2.9
   37 |   0.9360 |     32.726 |   1.0504 |     36.602 |     3.0
   38 |   0.9175 |     31.912 |   1.0404 |     35.542 |     3.1
   39 |   0.9020 |     31.521 |   1.0375 |     35.424 |     3.2
   40 |   0.8802 |     30.355 |   1.0464 |     34.747 |     3.2
   41 |   0.8691 |     29.948 |   1.0227 |     34.570 |     3.3
   42 |   0.8453 |     28.912 |   1.0337 |     34.806 |     3.4
   43 |   0.8308 |     28.304 |   1.0202 |     34.570 |     3.5
   44 |   0.8107 |     27.544 |   1.0082 |     34.217 |     3.6
   45 |   0.7978 |     26.883 |   1.0057 |     32.892 |     3.6
   46 |   0.7708 |     25.656 |   1.0127 |     32.597 |     3.7
   47 |   0.7520 |     25.228 |   1.0257 |     33.127 |     3.8
   48 |   0.7335 |     24.089 |   1.0191 |     32.656 |     3.9
   49 |   0.7201 |     23.660 |   1.0176 |     32.479 |     4.0
Early stopping

Model: Seq2Seq Bi-LSTM
Source index: <Seq2Seq Index with 43 items>
Target index: <Seq2Seq Index with 34 items>
Encoder embedding dimension: 64
Decoder embedding dimension: 64
Encoder hidden units: 128
Encoder layers: 2
Decoder hidden units: 128
Decoder layers: 2
Dropout: 0.2
Trainable parameters: 965,730

Training started
X_train.shape: torch.Size([3072, 702])
Y_train.shape: torch.Size([3072, 7])
X_dev.shape: torch.Size([566, 649])
Y_dev.shape: torch.Size([566, 7])
Epochs: 500
Learning rate: 0.001
Weight decay: 1e-05
Epoch | Train                 | Development           | Minutes
      | Loss     | Error Rate | Loss     | Error Rate |
---------------------------------------------------------------
    1 |   2.0902 |     57.427 |   1.5638 |     47.291 |     0.0
    2 |   1.4429 |     45.947 |   1.4153 |     47.026 |     0.1
    3 |   1.3683 |     45.763 |   1.3614 |     47.026 |     0.1
    4 |   1.3247 |     45.112 |   1.3285 |     45.230 |     0.2
    5 |   1.2988 |     44.775 |   1.2968 |     44.258 |     0.2
    6 |   1.2738 |     44.450 |   1.2759 |     44.847 |     0.2
    7 |   1.2504 |     43.669 |   1.2554 |     44.582 |     0.3
    8 |   1.2260 |     43.148 |   1.2287 |     43.316 |     0.3
    9 |   1.2014 |     42.518 |   1.2059 |     42.079 |     0.4
   10 |   1.1765 |     41.916 |   1.1864 |     42.697 |     0.4
   11 |   1.1481 |     40.837 |   1.1575 |     41.166 |     0.4
   12 |   1.1154 |     39.535 |   1.1358 |     39.988 |     0.5
   13 |   1.0884 |     38.525 |   1.1249 |     39.870 |     0.5
   14 |   1.0552 |     36.941 |   1.0985 |     39.370 |     0.6
   15 |   1.0191 |     35.433 |   1.0693 |     37.662 |     0.6
   16 |   0.9857 |     34.012 |   1.0472 |     35.718 |     0.7
   17 |   0.9423 |     32.123 |   1.0070 |     34.658 |     0.7
   18 |   0.9051 |     30.930 |   1.0143 |     35.188 |     0.7
   19 |   0.8565 |     28.890 |   0.9867 |     33.216 |     0.8
   20 |   0.8230 |     27.724 |   0.9700 |     32.038 |     0.8
   21 |   0.8002 |     26.888 |   0.9557 |     32.097 |     0.9
   22 |   0.7461 |     24.821 |   0.9410 |     31.331 |     0.9
   23 |   0.7063 |     23.291 |   0.9314 |     30.713 |     0.9
   24 |   0.6722 |     22.352 |   0.9275 |     30.241 |     1.0
   25 |   0.6340 |     20.991 |   0.9287 |     29.947 |     1.0
   26 |   0.5993 |     19.813 |   0.9414 |     29.829 |     1.1
   27 |   0.5709 |     18.869 |   0.9385 |     29.653 |     1.1
   28 |   0.5402 |     17.725 |   0.9322 |     28.799 |     1.1
Early stopping

Model: Seq2Seq Bi-LSTM
Source index: <Seq2Seq Index with 43 items>
Target index: <Seq2Seq Index with 34 items>
Encoder embedding dimension: 64
Decoder embedding dimension: 128
Encoder hidden units: 64
Encoder layers: 3
Decoder hidden units: 128
Decoder layers: 3
Dropout: 0.0
Trainable parameters: 771,298

Training started
X_train.shape: torch.Size([3072, 702])
Y_train.shape: torch.Size([3072, 7])
X_dev.shape: torch.Size([566, 649])
Y_dev.shape: torch.Size([566, 7])
Epochs: 500
Learning rate: 0.001
Weight decay: 0.0001
Epoch | Train                 | Development           | Minutes
      | Loss     | Error Rate | Loss     | Error Rate |
---------------------------------------------------------------
    1 |   2.1481 |     58.729 |   1.5907 |     47.468 |     0.0
    2 |   1.4506 |     46.018 |   1.4278 |     47.468 |     0.0
    3 |   1.3712 |     45.974 |   1.3763 |     46.349 |     0.1
    4 |   1.3337 |     45.226 |   1.3396 |     45.524 |     0.1
    5 |   1.3082 |     45.318 |   1.3217 |     45.936 |     0.1
    6 |   1.2820 |     44.765 |   1.2905 |     45.760 |     0.1
    7 |   1.2550 |     44.010 |   1.2621 |     44.965 |     0.2
    8 |   1.2308 |     43.517 |   1.2406 |     44.052 |     0.2
    9 |   1.2107 |     43.229 |   1.2264 |     43.993 |     0.2
   10 |   1.1864 |     42.784 |   1.2204 |     43.993 |     0.2
   11 |   1.1687 |     41.895 |   1.1821 |     41.402 |     0.3
   12 |   1.1470 |     41.423 |   1.1633 |     42.256 |     0.3
   13 |   1.1314 |     40.679 |   1.1487 |     40.842 |     0.3
   14 |   1.1218 |     40.191 |   1.1522 |     41.667 |     0.3
   15 |   1.1038 |     39.567 |   1.1357 |     41.107 |     0.4
   16 |   1.0916 |     39.231 |   1.1279 |     40.459 |     0.4
   17 |   1.0803 |     38.797 |   1.1161 |     40.518 |     0.4
   18 |   1.0682 |     38.292 |   1.1146 |     39.870 |     0.4
   19 |   1.0555 |     37.744 |   1.0973 |     38.575 |     0.4
   20 |   1.0429 |     37.147 |   1.0821 |     37.839 |     0.5
   21 |   1.0316 |     36.735 |   1.0858 |     38.369 |     0.5
   22 |   1.0252 |     36.670 |   1.0898 |     39.075 |     0.5
   23 |   1.0112 |     35.954 |   1.0851 |     38.840 |     0.5
   24 |   1.0001 |     35.520 |   1.0540 |     36.690 |     0.6
   25 |   0.9928 |     35.238 |   1.0630 |     38.192 |     0.6
   26 |   0.9867 |     35.107 |   1.0517 |     36.808 |     0.6
   27 |   0.9710 |     34.288 |   1.0452 |     36.720 |     0.6
   28 |   0.9585 |     33.816 |   1.0331 |     36.131 |     0.7
   29 |   0.9491 |     33.192 |   1.0348 |     36.631 |     0.7
   30 |   0.9344 |     32.753 |   1.0292 |     35.660 |     0.7
   31 |   0.9249 |     32.368 |   1.0172 |     35.012 |     0.7
   32 |   0.9123 |     32.048 |   1.0125 |     34.865 |     0.8
   33 |   0.8946 |     31.396 |   1.0060 |     34.364 |     0.8
   34 |   0.8781 |     30.881 |   0.9986 |     34.011 |     0.8
   35 |   0.8604 |     29.991 |   0.9875 |     34.187 |     0.8
   36 |   0.8464 |     29.438 |   0.9796 |     33.569 |     0.8
   37 |   0.8236 |     28.510 |   0.9702 |     33.098 |     0.9
   38 |   0.8064 |     27.696 |   0.9546 |     32.627 |     0.9
   39 |   0.7903 |     27.317 |   0.9662 |     32.597 |     0.9
   40 |   0.7825 |     27.186 |   0.9620 |     32.597 |     0.9
   41 |   0.7620 |     26.275 |   0.9737 |     32.803 |     1.0
   42 |   0.7425 |     25.548 |   0.9590 |     32.391 |     1.0
Early stopping

Model: Seq2Seq Bi-LSTM
Source index: <Seq2Seq Index with 43 items>
Target index: <Seq2Seq Index with 34 items>
Encoder embedding dimension: 32
Decoder embedding dimension: 64
Encoder hidden units: 64
Encoder layers: 2
Decoder hidden units: 64
Decoder layers: 2
Dropout: 0.1
Trainable parameters: 254,594

Training started
X_train.shape: torch.Size([3072, 702])
Y_train.shape: torch.Size([3072, 7])
X_dev.shape: torch.Size([566, 649])
Y_dev.shape: torch.Size([566, 7])
Epochs: 500
Learning rate: 0.001
Weight decay: 1e-05
Epoch | Train                 | Development           | Minutes
      | Loss     | Error Rate | Loss     | Error Rate |
---------------------------------------------------------------
    1 |   2.4420 |     65.289 |   1.8798 |     53.210 |     0.0
    2 |   1.6332 |     47.352 |   1.5057 |     46.996 |     0.0
    3 |   1.4292 |     45.817 |   1.4118 |     46.938 |     0.0
    4 |   1.3637 |     45.432 |   1.3628 |     46.290 |     0.1
    5 |   1.3322 |     45.047 |   1.3377 |     46.319 |     0.1
    6 |   1.3082 |     45.128 |   1.3181 |     45.230 |     0.1
    7 |   1.2883 |     44.705 |   1.2932 |     45.318 |     0.1
    8 |   1.2719 |     44.591 |   1.2858 |     44.523 |     0.1
    9 |   1.2546 |     44.157 |   1.2560 |     44.494 |     0.2
   10 |   1.2345 |     43.186 |   1.2357 |     43.198 |     0.2
   11 |   1.2145 |     42.714 |   1.2181 |     42.668 |     0.2
   12 |   1.1951 |     42.329 |   1.1944 |     41.902 |     0.2
   13 |   1.1780 |     41.520 |   1.1833 |     40.607 |     0.2
   14 |   1.1597 |     40.739 |   1.1616 |     40.135 |     0.2
   15 |   1.1494 |     40.310 |   1.1518 |     40.548 |     0.3
   16 |   1.1299 |     39.659 |   1.1409 |     39.517 |     0.3
   17 |   1.1144 |     39.242 |   1.1280 |     39.399 |     0.3
   18 |   1.1023 |     38.835 |   1.1195 |     39.488 |     0.3
   19 |   1.0897 |     38.287 |   1.1280 |     39.841 |     0.3
   20 |   1.0781 |     38.059 |   1.0981 |     38.310 |     0.3
   21 |   1.0572 |     37.137 |   1.0820 |     38.339 |     0.4
   22 |   1.0319 |     35.878 |   1.0813 |     37.750 |     0.4
   23 |   1.0212 |     35.563 |   1.0577 |     36.985 |     0.4
   24 |   1.0011 |     34.505 |   1.0568 |     37.044 |     0.4
   25 |   0.9829 |     33.784 |   1.0506 |     36.219 |     0.4
   26 |   0.9651 |     33.019 |   1.0305 |     35.895 |     0.4
   27 |   0.9427 |     32.427 |   1.0228 |     35.100 |     0.5
   28 |   0.9229 |     31.494 |   1.0047 |     34.865 |     0.5
   29 |   0.9072 |     31.174 |   0.9923 |     34.393 |     0.5
   30 |   0.8881 |     30.235 |   0.9958 |     34.600 |     0.5
   31 |   0.8691 |     29.487 |   0.9863 |     32.980 |     0.5
   32 |   0.8479 |     28.624 |   0.9755 |     32.686 |     0.5
   33 |   0.8265 |     27.696 |   0.9667 |     32.509 |     0.6
   34 |   0.8099 |     26.910 |   0.9643 |     32.126 |     0.6
   35 |   0.7964 |     26.671 |   0.9667 |     32.155 |     0.6
   36 |   0.7775 |     25.960 |   0.9517 |     31.625 |     0.6
   37 |   0.7583 |     25.157 |   0.9552 |     32.097 |     0.6
   38 |   0.7389 |     24.382 |   0.9594 |     31.508 |     0.6
   39 |   0.7248 |     24.040 |   0.9665 |     31.773 |     0.7
   40 |   0.7112 |     23.302 |   0.9647 |     31.743 |     0.7
Early stopping

Model: Seq2Seq Bi-LSTM
Source index: <Seq2Seq Index with 43 items>
Target index: <Seq2Seq Index with 34 items>
Encoder embedding dimension: 32
Decoder embedding dimension: 64
Encoder hidden units: 128
Encoder layers: 4
Decoder hidden units: 128
Decoder layers: 3
Dropout: 0.1
Trainable parameters: 1,985,282

Training started
X_train.shape: torch.Size([3072, 702])
Y_train.shape: torch.Size([3072, 7])
X_dev.shape: torch.Size([566, 649])
Y_dev.shape: torch.Size([566, 7])
Epochs: 500
Learning rate: 0.001
Weight decay: 0.0001
Epoch | Train                 | Development           | Minutes
      | Loss     | Error Rate | Loss     | Error Rate |
---------------------------------------------------------------
    1 |   2.1918 |     60.324 |   1.6257 |     47.468 |     0.1
    2 |   1.4723 |     46.018 |   1.4474 |     46.731 |     0.2
    3 |   1.4061 |     46.045 |   1.4138 |     46.731 |     0.2
    4 |   1.3745 |     45.817 |   1.3753 |     47.468 |     0.3
    5 |   1.3334 |     45.839 |   1.3346 |     46.408 |     0.4
    6 |   1.3051 |     45.448 |   1.3110 |     46.143 |     0.5
    7 |   1.2800 |     44.927 |   1.2834 |     43.963 |     0.6
    8 |   1.2609 |     44.249 |   1.2770 |     44.494 |     0.6
    9 |   1.2446 |     44.195 |   1.2547 |     44.435 |     0.7
   10 |   1.2294 |     43.994 |   1.2323 |     43.522 |     0.8
   11 |   1.2196 |     43.766 |   1.2372 |     43.404 |     0.9
   12 |   1.2081 |     43.262 |   1.2232 |     44.199 |     1.0
   13 |   1.2001 |     43.262 |   1.2120 |     43.846 |     1.1
   14 |   1.1912 |     42.925 |   1.2026 |     43.698 |     1.1
   15 |   1.1826 |     42.893 |   1.1954 |     43.375 |     1.2
   16 |   1.1737 |     42.622 |   1.1836 |     43.934 |     1.3
   17 |   1.1661 |     42.388 |   1.1844 |     43.404 |     1.4
   18 |   1.1593 |     42.171 |   1.1818 |     42.756 |     1.5
   19 |   1.1502 |     42.117 |   1.1670 |     42.521 |     1.5
   20 |   1.1436 |     41.857 |   1.1693 |     42.786 |     1.6
   21 |   1.1378 |     41.509 |   1.1643 |     42.285 |     1.7
   22 |   1.1316 |     41.450 |   1.1514 |     42.845 |     1.8
   23 |   1.1268 |     41.791 |   1.1413 |     41.637 |     1.9
   24 |   1.1200 |     41.108 |   1.1524 |     41.667 |     1.9
   25 |   1.1157 |     41.140 |   1.1363 |     40.931 |     2.0
   26 |   1.1099 |     41.054 |   1.1260 |     40.577 |     2.1
   27 |   1.1037 |     40.793 |   1.1286 |     42.197 |     2.2
   28 |   1.0979 |     40.712 |   1.1259 |     41.019 |     2.3
   29 |   1.0936 |     40.413 |   1.1198 |     41.431 |     2.3
   30 |   1.0879 |     40.354 |   1.1162 |     40.960 |     2.4
   31 |   1.0844 |     40.164 |   1.1192 |     41.107 |     2.5
   32 |   1.0810 |     39.925 |   1.1036 |     40.783 |     2.6
   33 |   1.0726 |     39.676 |   1.1005 |     40.754 |     2.7
   34 |   1.0668 |     39.312 |   1.0985 |     39.605 |     2.8
   35 |   1.0651 |     39.334 |   1.0947 |     39.812 |     2.8
   36 |   1.0580 |     38.759 |   1.0835 |     39.635 |     2.9
   37 |   1.0547 |     38.433 |   1.0812 |     39.046 |     3.0
   38 |   1.0516 |     38.601 |   1.0766 |     39.134 |     3.1
   39 |   1.0476 |     38.417 |   1.0823 |     39.694 |     3.2
   40 |   1.0421 |     38.167 |   1.0734 |     39.164 |     3.2
   41 |   1.0398 |     38.162 |   1.0693 |     39.075 |     3.3
   42 |   1.0413 |     38.395 |   1.0912 |     40.518 |     3.4
   43 |   1.0355 |     37.945 |   1.0625 |     38.751 |     3.5
   44 |   1.0297 |     37.581 |   1.0712 |     39.193 |     3.6
   45 |   1.0275 |     37.646 |   1.0570 |     38.221 |     3.6
   46 |   1.0227 |     37.435 |   1.0641 |     38.663 |     3.7
   47 |   1.0192 |     37.462 |   1.0634 |     39.252 |     3.8
   48 |   1.0182 |     37.484 |   1.0659 |     39.105 |     3.9
   49 |   1.0136 |     37.142 |   1.0542 |     38.545 |     4.0
   50 |   1.0170 |     37.071 |   1.0628 |     38.575 |     4.1
   51 |   1.0092 |     37.044 |   1.0598 |     38.428 |     4.1
   52 |   1.0111 |     37.093 |   1.0597 |     38.516 |     4.2
   53 |   1.0065 |     36.968 |   1.0604 |     38.221 |     4.3
   54 |   1.0006 |     36.919 |   1.0444 |     37.691 |     4.4
   55 |   0.9980 |     36.909 |   1.0510 |     38.015 |     4.5
   56 |   0.9973 |     36.480 |   1.0623 |     39.458 |     4.5
   57 |   0.9976 |     36.545 |   1.0578 |     38.163 |     4.6
   58 |   0.9941 |     36.491 |   1.0451 |     38.398 |     4.7
Early stopping

Model: Seq2Seq Bi-LSTM
Source index: <Seq2Seq Index with 43 items>
Target index: <Seq2Seq Index with 34 items>
Encoder embedding dimension: 32
Decoder embedding dimension: 64
Encoder hidden units: 128
Encoder layers: 3
Decoder hidden units: 128
Decoder layers: 2
Dropout: 0.0
Trainable parameters: 1,392,386

Training started
X_train.shape: torch.Size([3072, 702])
Y_train.shape: torch.Size([3072, 7])
X_dev.shape: torch.Size([566, 649])
Y_dev.shape: torch.Size([566, 7])
Epochs: 500
Learning rate: 0.001
Weight decay: 1e-05
Epoch | Train                 | Development           | Minutes
      | Loss     | Error Rate | Loss     | Error Rate |
---------------------------------------------------------------
    1 |   2.0590 |     56.749 |   1.5549 |     47.468 |     0.1
    2 |   1.4314 |     45.741 |   1.4016 |     46.290 |     0.1
    3 |   1.3497 |     45.492 |   1.3489 |     46.702 |     0.2
    4 |   1.3073 |     45.144 |   1.3031 |     44.317 |     0.2
    5 |   1.2781 |     44.358 |   1.2824 |     44.847 |     0.3
    6 |   1.2478 |     43.256 |   1.2489 |     43.492 |     0.3
    7 |   1.2192 |     42.660 |   1.2487 |     43.728 |     0.4
    8 |   1.1934 |     42.475 |   1.2052 |     42.373 |     0.5
    9 |   1.1629 |     41.374 |   1.1749 |     42.049 |     0.5
   10 |   1.1272 |     39.415 |   1.1687 |     40.960 |     0.6
   11 |   1.0937 |     38.281 |   1.1111 |     38.604 |     0.6
   12 |   1.0484 |     36.540 |   1.0847 |     37.574 |     0.7
   13 |   1.0158 |     35.189 |   1.0586 |     35.748 |     0.8
   14 |   0.9669 |     32.840 |   1.0280 |     35.218 |     0.8
   15 |   0.9254 |     31.386 |   1.0170 |     34.776 |     0.9
   16 |   0.8810 |     29.622 |   0.9851 |     33.922 |     0.9
   17 |   0.8409 |     28.315 |   0.9699 |     33.068 |     1.0
   18 |   0.7853 |     26.270 |   0.9451 |     31.802 |     1.1
   19 |   0.7415 |     24.582 |   0.9328 |     30.860 |     1.1
   20 |   0.6903 |     22.808 |   0.9410 |     30.595 |     1.2
   21 |   0.6421 |     20.871 |   0.9239 |     29.976 |     1.2
   22 |   0.6024 |     19.287 |   0.9165 |     29.299 |     1.3
   23 |   0.5523 |     17.990 |   0.9281 |     29.034 |     1.3
   24 |   0.5057 |     16.385 |   0.9414 |     28.740 |     1.4
   25 |   0.4700 |     15.191 |   0.9417 |     28.386 |     1.5
   26 |   0.4295 |     13.818 |   0.9639 |     28.475 |     1.5
Early stopping

Model: Seq2Seq Bi-LSTM
Source index: <Seq2Seq Index with 43 items>
Target index: <Seq2Seq Index with 34 items>
Encoder embedding dimension: 128
Decoder embedding dimension: 64
Encoder hidden units: 64
Encoder layers: 3
Decoder hidden units: 128
Decoder layers: 2
Dropout: 0.1
Trainable parameters: 639,778

Training started
X_train.shape: torch.Size([3072, 702])
Y_train.shape: torch.Size([3072, 7])
X_dev.shape: torch.Size([566, 649])
Y_dev.shape: torch.Size([566, 7])
Epochs: 500
Learning rate: 0.001
Weight decay: 0.0001
Epoch | Train                 | Development           | Minutes
      | Loss     | Error Rate | Loss     | Error Rate |
---------------------------------------------------------------
    1 |   2.0819 |     57.232 |   1.5452 |     47.468 |     0.0
    2 |   1.4302 |     45.747 |   1.4113 |     47.055 |     0.1
    3 |   1.3533 |     45.790 |   1.3432 |     46.231 |     0.1
    4 |   1.3078 |     44.743 |   1.3111 |     45.171 |     0.1
    5 |   1.2775 |     44.309 |   1.2839 |     45.347 |     0.1
    6 |   1.2494 |     43.962 |   1.2457 |     43.698 |     0.2
    7 |   1.2178 |     42.958 |   1.2272 |     43.846 |     0.2
    8 |   1.1894 |     42.242 |   1.1955 |     41.549 |     0.2
    9 |   1.1665 |     41.547 |   1.1830 |     42.727 |     0.3
   10 |   1.1457 |     40.549 |   1.1730 |     41.696 |     0.3
   11 |   1.1187 |     39.795 |   1.1448 |     40.459 |     0.3
   12 |   1.0967 |     39.171 |   1.1216 |     39.488 |     0.3
   13 |   1.0727 |     37.820 |   1.1123 |     39.340 |     0.4
   14 |   1.0525 |     37.071 |   1.0895 |     37.956 |     0.4
   15 |   1.0290 |     36.019 |   1.0836 |     38.310 |     0.4
   16 |   1.0109 |     35.693 |   1.0626 |     36.690 |     0.4
   17 |   0.9867 |     34.592 |   1.0590 |     38.104 |     0.5
   18 |   0.9640 |     33.545 |   1.0294 |     35.453 |     0.5
   19 |   0.9336 |     31.939 |   1.0120 |     35.159 |     0.5
   20 |   0.9136 |     31.483 |   0.9998 |     34.482 |     0.6
   21 |   0.8914 |     30.713 |   0.9866 |     34.246 |     0.6
   22 |   0.8662 |     29.715 |   0.9741 |     33.127 |     0.6
   23 |   0.8353 |     28.456 |   0.9739 |     33.245 |     0.6
   24 |   0.8175 |     27.821 |   0.9608 |     32.980 |     0.7
   25 |   0.7861 |     26.731 |   0.9451 |     32.097 |     0.7
   26 |   0.7584 |     25.380 |   0.9383 |     31.537 |     0.7
   27 |   0.7323 |     24.609 |   0.9417 |     31.684 |     0.7
   28 |   0.7129 |     23.834 |   0.9319 |     30.654 |     0.8
   29 |   0.6848 |     22.841 |   0.9383 |     30.948 |     0.8
   30 |   0.6684 |     22.266 |   0.9301 |     30.330 |     0.8
   31 |   0.6406 |     21.289 |   0.9244 |     29.859 |     0.9
   32 |   0.6207 |     20.730 |   0.9331 |     30.654 |     0.9
   33 |   0.5969 |     19.889 |   0.9103 |     29.888 |     0.9
   34 |   0.5794 |     19.238 |   0.9341 |     29.476 |     0.9
   35 |   0.5564 |     18.327 |   0.9304 |     29.034 |     1.0
   36 |   0.5421 |     18.077 |   0.9300 |     28.651 |     1.0
   37 |   0.5220 |     17.421 |   0.9288 |     28.534 |     1.0
Early stopping

Model: Seq2Seq Bi-LSTM
Source index: <Seq2Seq Index with 43 items>
Target index: <Seq2Seq Index with 34 items>
Encoder embedding dimension: 128
Decoder embedding dimension: 64
Encoder hidden units: 64
Encoder layers: 3
Decoder hidden units: 64
Decoder layers: 2
Dropout: 0.1
Trainable parameters: 423,586

Training started
X_train.shape: torch.Size([3072, 702])
Y_train.shape: torch.Size([3072, 7])
X_dev.shape: torch.Size([566, 649])
Y_dev.shape: torch.Size([566, 7])
Epochs: 500
Learning rate: 0.001
Weight decay: 1e-05
Epoch | Train                 | Development           | Minutes
      | Loss     | Error Rate | Loss     | Error Rate |
---------------------------------------------------------------
    1 |   2.4126 |     63.845 |   1.8861 |     48.969 |     0.0
    2 |   1.6434 |     47.477 |   1.5181 |     47.232 |     0.1
    3 |   1.4411 |     45.866 |   1.4268 |     47.291 |     0.1
    4 |   1.3780 |     45.567 |   1.3714 |     45.878 |     0.1
    5 |   1.3403 |     45.220 |   1.3440 |     45.347 |     0.1
    6 |   1.3154 |     44.830 |   1.3200 |     44.582 |     0.2
    7 |   1.2921 |     44.558 |   1.2948 |     44.229 |     0.2
    8 |   1.2727 |     44.168 |   1.2856 |     44.729 |     0.2
    9 |   1.2528 |     43.707 |   1.2627 |     44.700 |     0.3
   10 |   1.2338 |     43.056 |   1.2450 |     44.641 |     0.3
   11 |   1.2147 |     42.394 |   1.2265 |     43.375 |     0.3
   12 |   1.1949 |     41.829 |   1.2135 |     43.168 |     0.3
   13 |   1.1717 |     41.081 |   1.1904 |     41.991 |     0.4
   14 |   1.1494 |     40.544 |   1.1758 |     42.108 |     0.4
   15 |   1.1245 |     39.578 |   1.1523 |     39.753 |     0.4
   16 |   1.0944 |     38.097 |   1.1358 |     38.987 |     0.5
   17 |   1.0680 |     36.464 |   1.1202 |     37.956 |     0.5
   18 |   1.0369 |     35.227 |   1.1051 |     37.367 |     0.5
   19 |   1.0063 |     33.870 |   1.0814 |     36.661 |     0.5
   20 |   0.9695 |     32.303 |   1.0654 |     35.984 |     0.6
   21 |   0.9391 |     31.548 |   1.0572 |     35.542 |     0.6
   22 |   0.9038 |     30.078 |   1.0468 |     33.687 |     0.6
   23 |   0.8737 |     28.863 |   1.0309 |     34.806 |     0.6
   24 |   0.8433 |     27.816 |   1.0212 |     33.863 |     0.7
   25 |   0.8156 |     26.986 |   1.0078 |     32.862 |     0.7
   26 |   0.7925 |     25.982 |   0.9963 |     32.686 |     0.7
   27 |   0.7602 |     24.631 |   1.0069 |     32.332 |     0.8
   28 |   0.7320 |     23.834 |   1.0114 |     32.155 |     0.8
   29 |   0.7111 |     23.031 |   0.9945 |     30.801 |     0.8
   30 |   0.6895 |     22.276 |   0.9905 |     31.066 |     0.8
   31 |   0.6612 |     21.181 |   0.9992 |     30.742 |     0.9
   32 |   0.6361 |     20.416 |   0.9992 |     30.713 |     0.9
   33 |   0.6145 |     19.613 |   0.9953 |     30.860 |     0.9
   34 |   0.5987 |     19.282 |   1.0038 |     30.771 |     1.0
   35 |   0.5779 |     18.495 |   0.9899 |     30.124 |     1.0
   36 |   0.5584 |     17.914 |   1.0074 |     30.389 |     1.0
   37 |   0.5427 |     17.263 |   0.9960 |     29.358 |     1.0
   38 |   0.5261 |     16.916 |   1.0105 |     29.417 |     1.1
   39 |   0.5026 |     16.206 |   1.0232 |     29.947 |     1.1
Early stopping

Model: Seq2Seq Bi-LSTM
Source index: <Seq2Seq Index with 43 items>
Target index: <Seq2Seq Index with 34 items>
Encoder embedding dimension: 32
Decoder embedding dimension: 128
Encoder hidden units: 128
Encoder layers: 3
Decoder hidden units: 128
Decoder layers: 3
Dropout: 0.0
Trainable parameters: 1,559,426

Training started
X_train.shape: torch.Size([3072, 702])
Y_train.shape: torch.Size([3072, 7])
X_dev.shape: torch.Size([566, 649])
Y_dev.shape: torch.Size([566, 7])
Epochs: 500
Learning rate: 0.001
Weight decay: 1e-05
Epoch | Train                 | Development           | Minutes
      | Loss     | Error Rate | Loss     | Error Rate |
---------------------------------------------------------------
    1 |   2.1682 |     58.936 |   1.5829 |     47.468 |     0.1
    2 |   1.4495 |     46.023 |   1.4276 |     47.468 |     0.1
    3 |   1.3761 |     46.029 |   1.3717 |     46.408 |     0.2
    4 |   1.3427 |     45.627 |   1.3513 |     46.466 |     0.2
    5 |   1.3222 |     45.828 |   1.3335 |     46.084 |     0.3
    6 |   1.3056 |     45.785 |   1.3098 |     44.611 |     0.3
    7 |   1.2842 |     45.063 |   1.2995 |     44.435 |     0.4
    8 |   1.2647 |     44.504 |   1.2679 |     44.170 |     0.5
    9 |   1.2453 |     43.929 |   1.2523 |     44.641 |     0.5
   10 |   1.2225 |     43.587 |   1.2347 |     42.815 |     0.6
   11 |   1.2029 |     43.180 |   1.2027 |     43.345 |     0.6
   12 |   1.1814 |     42.491 |   1.1961 |     42.521 |     0.7
   13 |   1.1656 |     41.943 |   1.1750 |     42.521 |     0.8
   14 |   1.1424 |     41.227 |   1.1551 |     42.108 |     0.8
   15 |   1.1202 |     40.451 |   1.1380 |     40.754 |     0.9
   16 |   1.1020 |     39.686 |   1.1157 |     39.782 |     0.9
   17 |   1.0793 |     38.732 |   1.1136 |     40.018 |     1.0
   18 |   1.0578 |     37.777 |   1.0908 |     39.252 |     1.1
   19 |   1.0325 |     36.415 |   1.0994 |     39.193 |     1.1
   20 |   1.0019 |     35.297 |   1.0593 |     37.338 |     1.2
   21 |   0.9745 |     34.229 |   1.0394 |     36.985 |     1.2
   22 |   0.9412 |     32.742 |   1.0409 |     36.160 |     1.3
   23 |   0.9113 |     31.440 |   1.0172 |     34.747 |     1.3
   24 |   0.8887 |     30.789 |   1.0062 |     33.981 |     1.4
   25 |   0.8468 |     28.673 |   1.0026 |     33.628 |     1.5
   26 |   0.8098 |     27.403 |   1.0021 |     33.216 |     1.5
   27 |   0.7733 |     25.667 |   0.9623 |     31.508 |     1.6
   28 |   0.7322 |     24.523 |   0.9790 |     31.832 |     1.6
   29 |   0.6956 |     22.852 |   0.9674 |     31.184 |     1.7
   30 |   0.6680 |     22.276 |   0.9814 |     31.243 |     1.8
   31 |   0.6302 |     20.595 |   0.9650 |     30.035 |     1.8
Early stopping

Model: Seq2Seq Bi-LSTM
Source index: <Seq2Seq Index with 43 items>
Target index: <Seq2Seq Index with 34 items>
Encoder embedding dimension: 64
Decoder embedding dimension: 64
Encoder hidden units: 128
Encoder layers: 2
Decoder hidden units: 64
Decoder layers: 3
Dropout: 0.0
Trainable parameters: 766,434

Training started
X_train.shape: torch.Size([3072, 702])
Y_train.shape: torch.Size([3072, 7])
X_dev.shape: torch.Size([566, 649])
Y_dev.shape: torch.Size([566, 7])
Epochs: 500
Learning rate: 0.001
Weight decay: 0.0001
Epoch | Train                 | Development           | Minutes
      | Loss     | Error Rate | Loss     | Error Rate |
---------------------------------------------------------------
    1 |   2.5230 |     66.227 |   1.9930 |     54.240 |     0.0
    2 |   1.7391 |     48.964 |   1.5891 |     47.468 |     0.1
    3 |   1.4917 |     46.012 |   1.4795 |     47.468 |     0.1
    4 |   1.4306 |     46.099 |   1.4426 |     46.731 |     0.2
    5 |   1.4090 |     46.110 |   1.4206 |     46.731 |     0.2
    6 |   1.3925 |     45.991 |   1.4106 |     47.232 |     0.2
    7 |   1.3795 |     46.029 |   1.3932 |     46.731 |     0.3
    8 |   1.3611 |     45.942 |   1.3715 |     47.468 |     0.3
    9 |   1.3397 |     45.622 |   1.3474 |     46.614 |     0.3
   10 |   1.3250 |     45.567 |   1.3343 |     46.408 |     0.4
   11 |   1.3105 |     45.502 |   1.3213 |     46.378 |     0.4
   12 |   1.2946 |     45.063 |   1.3055 |     45.495 |     0.5
   13 |   1.2809 |     44.846 |   1.2929 |     44.641 |     0.5
   14 |   1.2707 |     44.661 |   1.2850 |     44.906 |     0.5
   15 |   1.2590 |     44.141 |   1.2763 |     45.053 |     0.6
   16 |   1.2497 |     44.043 |   1.2638 |     44.199 |     0.6
   17 |   1.2397 |     43.788 |   1.2568 |     44.876 |     0.6
   18 |   1.2308 |     43.598 |   1.2505 |     43.757 |     0.7
   19 |   1.2235 |     43.419 |   1.2321 |     44.140 |     0.7
   20 |   1.2143 |     43.104 |   1.2337 |     43.846 |     0.8
   21 |   1.2061 |     42.828 |   1.2160 |     43.463 |     0.8
   22 |   1.1986 |     42.524 |   1.2123 |     43.610 |     0.8
   23 |   1.1923 |     42.383 |   1.2088 |     42.815 |     0.9
   24 |   1.1825 |     42.225 |   1.1993 |     42.962 |     0.9
   25 |   1.1791 |     42.112 |   1.1883 |     43.492 |     1.0
   26 |   1.1703 |     41.851 |   1.1898 |     43.198 |     1.0
   27 |   1.1670 |     41.770 |   1.1944 |     42.815 |     1.0
   28 |   1.1605 |     41.428 |   1.1764 |     42.962 |     1.1
   29 |   1.1537 |     41.526 |   1.1806 |     42.668 |     1.1
   30 |   1.1480 |     41.016 |   1.1744 |     42.314 |     1.2
   31 |   1.1416 |     41.043 |   1.1614 |     40.901 |     1.2
   32 |   1.1354 |     40.739 |   1.1651 |     41.313 |     1.2
   33 |   1.1285 |     40.229 |   1.1532 |     41.755 |     1.3
   34 |   1.1220 |     40.262 |   1.1516 |     40.754 |     1.3
   35 |   1.1197 |     40.419 |   1.1542 |     41.549 |     1.3
   36 |   1.1123 |     39.925 |   1.1435 |     40.224 |     1.4
   37 |   1.1066 |     39.459 |   1.1361 |     40.430 |     1.4
   38 |   1.1034 |     39.535 |   1.1313 |     41.490 |     1.5
   39 |   1.0994 |     39.491 |   1.1293 |     40.077 |     1.5
   40 |   1.0938 |     39.117 |   1.1334 |     40.577 |     1.5
   41 |   1.0880 |     38.862 |   1.1216 |     39.959 |     1.6
   42 |   1.0849 |     38.645 |   1.1199 |     39.900 |     1.6
   43 |   1.0784 |     38.732 |   1.1216 |     39.812 |     1.7
   44 |   1.0736 |     38.135 |   1.1246 |     40.813 |     1.7
   45 |   1.0688 |     38.184 |   1.1149 |     39.576 |     1.7
   46 |   1.0660 |     38.303 |   1.1036 |     38.781 |     1.8
   47 |   1.0607 |     37.961 |   1.1224 |     40.312 |     1.8
   48 |   1.0573 |     37.929 |   1.1001 |     39.429 |     1.8
   49 |   1.0505 |     37.625 |   1.0964 |     39.105 |     1.9
   50 |   1.0459 |     37.234 |   1.0987 |     39.311 |     1.9
   51 |   1.0405 |     37.137 |   1.0847 |     38.280 |     2.0
   52 |   1.0331 |     36.789 |   1.0917 |     38.310 |     2.0
   53 |   1.0286 |     36.610 |   1.0905 |     39.016 |     2.0
   54 |   1.0223 |     36.442 |   1.0784 |     38.310 |     2.1
   55 |   1.0201 |     36.372 |   1.0813 |     38.810 |     2.1
   56 |   1.0139 |     36.453 |   1.0724 |     38.280 |     2.2
   57 |   1.0081 |     36.187 |   1.0798 |     38.722 |     2.2
   58 |   1.0010 |     35.829 |   1.0732 |     38.516 |     2.2
   59 |   0.9976 |     35.688 |   1.0924 |     38.810 |     2.3
   60 |   0.9967 |     35.634 |   1.0660 |     38.751 |     2.3
   61 |   0.9867 |     34.993 |   1.0698 |     38.545 |     2.4
   62 |   0.9819 |     35.091 |   1.0700 |     38.221 |     2.4
   63 |   0.9772 |     34.847 |   1.0646 |     38.751 |     2.4
   64 |   0.9726 |     34.831 |   1.0663 |     37.780 |     2.5
   65 |   0.9667 |     34.418 |   1.0525 |     37.633 |     2.5
   66 |   0.9609 |     34.223 |   1.0519 |     37.956 |     2.5
   67 |   0.9559 |     33.952 |   1.0591 |     37.662 |     2.6
   68 |   0.9518 |     33.860 |   1.0437 |     37.485 |     2.6
   69 |   0.9451 |     33.138 |   1.0513 |     36.985 |     2.7
   70 |   0.9402 |     33.149 |   1.0424 |     36.955 |     2.7
   71 |   0.9311 |     32.601 |   1.0419 |     36.572 |     2.7
   72 |   0.9230 |     32.449 |   1.0264 |     36.101 |     2.8
   73 |   0.9169 |     32.004 |   1.0354 |     36.661 |     2.8
   74 |   0.9139 |     31.917 |   1.0198 |     35.453 |     2.9
   75 |   0.9121 |     31.934 |   1.0282 |     35.807 |     2.9
   76 |   0.9020 |     31.646 |   1.0172 |     35.777 |     2.9
   77 |   0.8990 |     31.478 |   1.0485 |     36.572 |     3.0
   78 |   0.9002 |     31.516 |   1.0158 |     35.660 |     3.0
   79 |   0.8814 |     30.897 |   1.0131 |     35.336 |     3.1
   80 |   0.8822 |     30.843 |   1.0020 |     34.806 |     3.1
   81 |   0.8677 |     30.349 |   1.0075 |     35.247 |     3.1
   82 |   0.8638 |     30.306 |   1.0098 |     35.571 |     3.2
   83 |   0.8611 |     29.997 |   1.0154 |     35.071 |     3.2
   84 |   0.8603 |     30.122 |   1.0260 |     36.219 |     3.3
Early stopping

Model: Seq2Seq Bi-LSTM
Source index: <Seq2Seq Index with 43 items>
Target index: <Seq2Seq Index with 34 items>
Encoder embedding dimension: 32
Decoder embedding dimension: 64
Encoder hidden units: 128
Encoder layers: 4
Decoder hidden units: 128
Decoder layers: 2
Dropout: 0.1
Trainable parameters: 1,853,186

Training started
X_train.shape: torch.Size([3072, 702])
Y_train.shape: torch.Size([3072, 7])
X_dev.shape: torch.Size([566, 649])
Y_dev.shape: torch.Size([566, 7])
Epochs: 500
Learning rate: 0.001
Weight decay: 0.0001
Epoch | Train                 | Development           | Minutes
      | Loss     | Error Rate | Loss     | Error Rate |
---------------------------------------------------------------
    1 |   2.1205 |     57.899 |   1.5828 |     47.468 |     0.1
    2 |   1.4454 |     46.050 |   1.4105 |     47.232 |     0.2
    3 |   1.3612 |     45.833 |   1.3560 |     46.084 |     0.2
    4 |   1.3162 |     45.155 |   1.3188 |     45.141 |     0.3
    5 |   1.2831 |     44.396 |   1.2814 |     44.729 |     0.4
    6 |   1.2552 |     44.010 |   1.2569 |     44.552 |     0.5
    7 |   1.2293 |     43.566 |   1.2427 |     43.993 |     0.6
    8 |   1.2077 |     42.594 |   1.2275 |     43.993 |     0.6
    9 |   1.1879 |     42.329 |   1.1904 |     43.404 |     0.7
   10 |   1.1662 |     41.786 |   1.1769 |     42.462 |     0.8
   11 |   1.1464 |     41.178 |   1.1529 |     40.577 |     0.9
   12 |   1.1288 |     40.348 |   1.1410 |     40.577 |     1.0
   13 |   1.1109 |     39.627 |   1.1397 |     39.812 |     1.1
   14 |   1.1014 |     39.269 |   1.1219 |     40.312 |     1.1
   15 |   1.0831 |     38.742 |   1.1036 |     39.694 |     1.2
   16 |   1.0712 |     38.146 |   1.0957 |     39.164 |     1.3
   17 |   1.0559 |     37.766 |   1.0859 |     38.781 |     1.4
   18 |   1.0461 |     37.554 |   1.0870 |     39.399 |     1.5
   19 |   1.0346 |     37.256 |   1.0684 |     37.544 |     1.5
   20 |   1.0215 |     36.464 |   1.0631 |     38.369 |     1.6
   21 |   1.0133 |     36.062 |   1.0542 |     37.161 |     1.7
   22 |   0.9945 |     34.961 |   1.0345 |     36.514 |     1.8
   23 |   0.9794 |     34.711 |   1.0235 |     35.512 |     1.9
   24 |   0.9668 |     34.185 |   1.0055 |     34.747 |     1.9
   25 |   0.9510 |     33.404 |   1.0129 |     35.542 |     2.0
   26 |   0.9359 |     32.661 |   1.0054 |     34.982 |     2.1
   27 |   0.9169 |     32.275 |   0.9965 |     33.746 |     2.2
   28 |   0.9054 |     31.337 |   0.9784 |     33.775 |     2.3
   29 |   0.9036 |     31.608 |   0.9938 |     34.187 |     2.4
   30 |   0.8747 |     30.170 |   0.9653 |     33.392 |     2.4
   31 |   0.8595 |     29.910 |   0.9667 |     33.422 |     2.5
   32 |   0.8405 |     29.053 |   0.9519 |     32.892 |     2.6
   33 |   0.8247 |     28.136 |   0.9569 |     32.803 |     2.7
   34 |   0.8076 |     27.729 |   0.9520 |     32.008 |     2.8
   35 |   0.7933 |     27.024 |   0.9348 |     31.684 |     2.8
   36 |   0.7782 |     26.525 |   0.9488 |     31.832 |     2.9
   37 |   0.7621 |     25.977 |   0.9367 |     31.037 |     3.0
   38 |   0.7477 |     25.423 |   0.9244 |     30.300 |     3.1
   39 |   0.7295 |     25.054 |   0.9206 |     30.624 |     3.2
   40 |   0.7092 |     23.991 |   0.9328 |     31.037 |     3.3
   41 |   0.6936 |     23.600 |   0.9259 |     30.300 |     3.3
   42 |   0.6808 |     23.155 |   0.9149 |     30.124 |     3.4
   43 |   0.6682 |     22.803 |   0.9158 |     30.183 |     3.5
   44 |   0.6436 |     21.821 |   0.9106 |     29.711 |     3.6
   45 |   0.6412 |     22.163 |   0.9177 |     30.006 |     3.7
   46 |   0.6144 |     21.034 |   0.9238 |     29.299 |     3.7
   47 |   0.5956 |     19.705 |   0.9260 |     28.710 |     3.8
   48 |   0.5791 |     19.379 |   0.9207 |     29.122 |     3.9
Early stopping

Model: Seq2Seq Bi-LSTM
Source index: <Seq2Seq Index with 43 items>
Target index: <Seq2Seq Index with 34 items>
Encoder embedding dimension: 64
Decoder embedding dimension: 64
Encoder hidden units: 64
Encoder layers: 3
Decoder hidden units: 128
Decoder layers: 3
Dropout: 0.2
Trainable parameters: 736,354

Training started
X_train.shape: torch.Size([3072, 702])
Y_train.shape: torch.Size([3072, 7])
X_dev.shape: torch.Size([566, 649])
Y_dev.shape: torch.Size([566, 7])
Epochs: 500
Learning rate: 0.001
Weight decay: 1e-05
Epoch | Train                 | Development           | Minutes
      | Loss     | Error Rate | Loss     | Error Rate |
---------------------------------------------------------------
    1 |   2.1633 |     58.133 |   1.6105 |     47.468 |     0.0
    2 |   1.4689 |     46.105 |   1.4372 |     47.468 |     0.1
    3 |   1.3952 |     46.105 |   1.4168 |     46.731 |     0.1
    4 |   1.3629 |     45.817 |   1.3776 |     46.908 |     0.1
    5 |   1.3375 |     45.302 |   1.3455 |     46.908 |     0.1
    6 |   1.3185 |     45.047 |   1.3315 |     45.730 |     0.2
    7 |   1.3016 |     44.808 |   1.3151 |     45.848 |     0.2
    8 |   1.2887 |     44.862 |   1.3082 |     45.024 |     0.2
    9 |   1.2743 |     44.727 |   1.2769 |     45.053 |     0.2
   10 |   1.2581 |     44.385 |   1.2634 |     45.230 |     0.3
   11 |   1.2416 |     43.783 |   1.2402 |     43.640 |     0.3
   12 |   1.2221 |     43.365 |   1.2358 |     44.582 |     0.3
   13 |   1.2026 |     42.741 |   1.2011 |     42.285 |     0.3
   14 |   1.1833 |     42.421 |   1.1827 |     43.021 |     0.4
   15 |   1.1621 |     41.786 |   1.1615 |     41.991 |     0.4
   16 |   1.1442 |     41.493 |   1.1459 |     40.135 |     0.4
   17 |   1.1238 |     40.576 |   1.1310 |     40.489 |     0.5
   18 |   1.1046 |     39.779 |   1.1163 |     39.959 |     0.5
   19 |   1.0974 |     39.372 |   1.1076 |     39.576 |     0.5
   20 |   1.0764 |     38.542 |   1.0950 |     39.282 |     0.5
   21 |   1.0567 |     37.815 |   1.0755 |     38.163 |     0.6
   22 |   1.0393 |     37.050 |   1.0638 |     38.398 |     0.6
   23 |   1.0185 |     36.144 |   1.0511 |     37.485 |     0.6
   24 |   1.0003 |     35.650 |   1.0380 |     37.161 |     0.6
   25 |   0.9791 |     34.538 |   1.0322 |     35.718 |     0.7
   26 |   0.9594 |     34.120 |   1.0215 |     36.190 |     0.7
   27 |   0.9403 |     33.105 |   1.0010 |     34.894 |     0.7
   28 |   0.9167 |     32.058 |   0.9963 |     33.893 |     0.7
   29 |   0.8969 |     31.207 |   0.9937 |     34.570 |     0.8
   30 |   0.8820 |     30.507 |   0.9961 |     34.040 |     0.8
   31 |   0.8668 |     29.970 |   0.9840 |     33.216 |     0.8
   32 |   0.8396 |     28.657 |   0.9731 |     32.568 |     0.8
   33 |   0.8162 |     27.620 |   0.9651 |     32.420 |     0.9
   34 |   0.7992 |     27.214 |   0.9768 |     32.627 |     0.9
   35 |   0.7775 |     26.742 |   0.9544 |     31.125 |     0.9
   36 |   0.7586 |     25.939 |   0.9516 |     31.243 |     1.0
   37 |   0.7454 |     25.570 |   0.9569 |     30.713 |     1.0
   38 |   0.7262 |     24.653 |   0.9521 |     30.536 |     1.0
   39 |   0.7066 |     24.078 |   0.9597 |     30.477 |     1.0
   40 |   0.6911 |     23.665 |   0.9511 |     30.565 |     1.1
   41 |   0.6771 |     23.009 |   0.9553 |     29.741 |     1.1
   42 |   0.6583 |     22.374 |   0.9536 |     30.212 |     1.1
   43 |   0.6447 |     21.577 |   0.9502 |     29.476 |     1.1
   44 |   0.6277 |     21.284 |   0.9507 |     29.299 |     1.2
   45 |   0.6134 |     20.860 |   0.9585 |     28.386 |     1.2
   46 |   0.6010 |     20.350 |   0.9443 |     29.034 |     1.2
   47 |   0.5882 |     19.960 |   0.9421 |     28.475 |     1.2
   48 |   0.5705 |     19.352 |   0.9557 |     28.710 |     1.3
   49 |   0.5658 |     19.000 |   0.9789 |     28.975 |     1.3
   50 |   0.5464 |     18.213 |   0.9864 |     28.475 |     1.3
   51 |   0.5392 |     18.115 |   0.9792 |     28.180 |     1.3
Early stopping

Model: Seq2Seq Bi-LSTM
Source index: <Seq2Seq Index with 43 items>
Target index: <Seq2Seq Index with 34 items>
Encoder embedding dimension: 32
Decoder embedding dimension: 64
Encoder hidden units: 128
Encoder layers: 2
Decoder hidden units: 128
Decoder layers: 2
Dropout: 0.1
Trainable parameters: 931,586

Training started
X_train.shape: torch.Size([3072, 702])
Y_train.shape: torch.Size([3072, 7])
X_dev.shape: torch.Size([566, 649])
Y_dev.shape: torch.Size([566, 7])
Epochs: 500
Learning rate: 0.001
Weight decay: 1e-05
Epoch | Train                 | Development           | Minutes
      | Loss     | Error Rate | Loss     | Error Rate |
---------------------------------------------------------------
    1 |   2.0905 |     57.102 |   1.5550 |     47.232 |     0.0
    2 |   1.4331 |     45.850 |   1.3964 |     46.996 |     0.1
    3 |   1.3506 |     45.736 |   1.3431 |     46.025 |     0.1
    4 |   1.3120 |     45.063 |   1.3158 |     46.172 |     0.2
    5 |   1.2805 |     44.368 |   1.2805 |     44.464 |     0.2
    6 |   1.2499 |     43.430 |   1.2565 |     44.552 |     0.2
    7 |   1.2252 |     43.061 |   1.2445 |     44.435 |     0.3
    8 |   1.1955 |     42.372 |   1.2028 |     44.052 |     0.3
    9 |   1.1675 |     41.423 |   1.1774 |     41.755 |     0.4
   10 |   1.1422 |     40.327 |   1.1496 |     40.459 |     0.4
   11 |   1.1129 |     39.106 |   1.1382 |     38.987 |     0.4
   12 |   1.0827 |     37.950 |   1.1088 |     40.077 |     0.5
   13 |   1.0483 |     36.355 |   1.0909 |     37.809 |     0.5
   14 |   1.0184 |     35.628 |   1.0664 |     37.014 |     0.6
   15 |   0.9879 |     34.082 |   1.0340 |     36.190 |     0.6
   16 |   0.9527 |     32.628 |   1.0195 |     35.041 |     0.6
   17 |   0.9209 |     31.543 |   0.9995 |     35.041 |     0.7
   18 |   0.8816 |     30.029 |   1.0017 |     35.188 |     0.7
   19 |   0.8456 |     28.803 |   0.9744 |     33.598 |     0.8
   20 |   0.7987 |     26.698 |   0.9622 |     32.627 |     0.8
   21 |   0.7619 |     25.222 |   0.9571 |     31.684 |     0.9
   22 |   0.7282 |     24.251 |   0.9460 |     31.861 |     0.9
   23 |   0.6872 |     22.841 |   0.9342 |     29.947 |     0.9
   24 |   0.6490 |     21.419 |   0.9332 |     30.448 |     1.0
   25 |   0.6120 |     20.264 |   0.9468 |     29.299 |     1.0
   26 |   0.5778 |     19.054 |   0.9404 |     29.240 |     1.1
   27 |   0.5525 |     18.240 |   0.9457 |     28.975 |     1.1
   28 |   0.5213 |     17.231 |   0.9432 |     28.799 |     1.1
   29 |   0.4894 |     16.249 |   0.9293 |     27.444 |     1.2
   30 |   0.4605 |     15.332 |   0.9422 |     27.621 |     1.2
   31 |   0.4339 |     14.280 |   0.9550 |     27.621 |     1.3
   32 |   0.4060 |     13.444 |   0.9680 |     27.591 |     1.3
   33 |   0.3954 |     12.912 |   0.9687 |     27.856 |     1.3
Early stopping

Model: Seq2Seq Bi-LSTM
Source index: <Seq2Seq Index with 43 items>
Target index: <Seq2Seq Index with 34 items>
Encoder embedding dimension: 128
Decoder embedding dimension: 64
Encoder hidden units: 128
Encoder layers: 4
Decoder hidden units: 128
Decoder layers: 2
Dropout: 0.1
Trainable parameters: 1,955,618

Training started
X_train.shape: torch.Size([3072, 702])
Y_train.shape: torch.Size([3072, 7])
X_dev.shape: torch.Size([566, 649])
Y_dev.shape: torch.Size([566, 7])
Epochs: 500
Learning rate: 0.001
Weight decay: 0.0001
Epoch | Train                 | Development           | Minutes
      | Loss     | Error Rate | Loss     | Error Rate |
---------------------------------------------------------------
    1 |   2.0549 |     56.738 |   1.5530 |     47.468 |     0.1
    2 |   1.4342 |     45.763 |   1.4059 |     46.761 |     0.2
    3 |   1.3526 |     45.660 |   1.3454 |     45.024 |     0.2
    4 |   1.3108 |     44.732 |   1.3037 |     44.965 |     0.3
    5 |   1.2862 |     44.461 |   1.2819 |     43.816 |     0.4
    6 |   1.2570 |     43.972 |   1.2611 |     44.611 |     0.5
    7 |   1.2318 |     43.153 |   1.2332 |     43.257 |     0.6
    8 |   1.2090 |     42.594 |   1.2131 |     42.580 |     0.7
    9 |   1.1881 |     41.851 |   1.2038 |     43.198 |     0.7
   10 |   1.1652 |     41.303 |   1.1831 |     41.461 |     0.8
   11 |   1.1442 |     40.560 |   1.1604 |     41.519 |     0.9
   12 |   1.1231 |     39.676 |   1.1425 |     40.283 |     1.0
   13 |   1.1039 |     39.030 |   1.1297 |     40.077 |     1.1
   14 |   1.0822 |     38.232 |   1.1190 |     39.547 |     1.2
   15 |   1.0603 |     37.023 |   1.1006 |     39.016 |     1.2
   16 |   1.0357 |     35.965 |   1.0728 |     37.102 |     1.3
   17 |   1.0101 |     35.221 |   1.0627 |     37.220 |     1.4
   18 |   0.9914 |     34.418 |   1.0359 |     36.396 |     1.5
   19 |   0.9601 |     33.089 |   1.0241 |     35.218 |     1.6
   20 |   0.9388 |     32.406 |   1.0200 |     35.954 |     1.6
   21 |   0.9132 |     31.179 |   1.0030 |     35.660 |     1.7
   22 |   0.8857 |     30.100 |   0.9865 |     34.040 |     1.8
   23 |   0.8586 |     29.281 |   0.9882 |     34.187 |     1.9
   24 |   0.8267 |     28.098 |   0.9570 |     33.304 |     2.0
   25 |   0.8039 |     27.148 |   0.9594 |     33.157 |     2.1
   26 |   0.7838 |     26.351 |   0.9592 |     32.362 |     2.1
   27 |   0.7651 |     25.635 |   0.9370 |     31.184 |     2.2
   28 |   0.7294 |     24.414 |   0.9279 |     30.948 |     2.3
   29 |   0.7072 |     23.356 |   0.9272 |     30.771 |     2.4
   30 |   0.6774 |     22.510 |   0.9183 |     30.124 |     2.5
   31 |   0.6626 |     21.984 |   0.9176 |     29.446 |     2.6
   32 |   0.6322 |     20.871 |   0.9219 |     29.682 |     2.6
   33 |   0.6102 |     20.047 |   0.9149 |     29.181 |     2.7
   34 |   0.5920 |     19.667 |   0.9244 |     29.211 |     2.8
   35 |   0.5703 |     18.663 |   0.9297 |     29.211 |     2.9
   36 |   0.5538 |     18.088 |   0.9536 |     29.417 |     3.0
   37 |   0.5353 |     17.432 |   0.9375 |     28.592 |     3.0
Early stopping

Model: Seq2Seq Bi-LSTM
Source index: <Seq2Seq Index with 43 items>
Target index: <Seq2Seq Index with 34 items>
Encoder embedding dimension: 64
Decoder embedding dimension: 64
Encoder hidden units: 128
Encoder layers: 2
Decoder hidden units: 128
Decoder layers: 2
Dropout: 0.0
Trainable parameters: 965,730

Training started
X_train.shape: torch.Size([3072, 702])
Y_train.shape: torch.Size([3072, 7])
X_dev.shape: torch.Size([566, 649])
Y_dev.shape: torch.Size([566, 7])
Epochs: 500
Learning rate: 0.001
Weight decay: 0.0001
Epoch | Train                 | Development           | Minutes
      | Loss     | Error Rate | Loss     | Error Rate |
---------------------------------------------------------------
    1 |   2.0717 |     56.538 |   1.5590 |     47.468 |     0.0
    2 |   1.4287 |     45.931 |   1.3950 |     46.702 |     0.1
    3 |   1.3416 |     45.519 |   1.3438 |     46.231 |     0.1
    4 |   1.3011 |     44.586 |   1.2999 |     45.171 |     0.2
    5 |   1.2707 |     44.070 |   1.2760 |     44.611 |     0.2
    6 |   1.2444 |     43.365 |   1.2531 |     44.611 |     0.2
    7 |   1.2164 |     43.115 |   1.2264 |     43.905 |     0.3
    8 |   1.1943 |     42.822 |   1.2123 |     44.052 |     0.3
    9 |   1.1711 |     41.889 |   1.1831 |     41.254 |     0.3
   10 |   1.1522 |     41.157 |   1.1827 |     42.167 |     0.4
   11 |   1.1316 |     40.392 |   1.1485 |     41.549 |     0.4
   12 |   1.1127 |     39.524 |   1.1367 |     39.429 |     0.5
   13 |   1.0920 |     38.786 |   1.1234 |     39.605 |     0.5
   14 |   1.0731 |     37.766 |   1.1038 |     39.723 |     0.5
   15 |   1.0563 |     37.174 |   1.0825 |     37.309 |     0.6
   16 |   1.0383 |     36.138 |   1.0750 |     37.956 |     0.6
   17 |   1.0189 |     35.471 |   1.0709 |     37.102 |     0.7
   18 |   1.0010 |     34.983 |   1.0497 |     36.425 |     0.7
   19 |   0.9773 |     33.974 |   1.0327 |     36.631 |     0.7
   20 |   0.9564 |     33.447 |   1.0253 |     35.601 |     0.8
   21 |   0.9370 |     32.606 |   1.0109 |     35.012 |     0.8
   22 |   0.9231 |     31.868 |   1.0215 |     35.807 |     0.9
   23 |   0.9023 |     31.169 |   0.9878 |     34.246 |     0.9
   24 |   0.8757 |     30.154 |   0.9835 |     34.600 |     0.9
   25 |   0.8548 |     29.351 |   0.9797 |     33.333 |     1.0
   26 |   0.8324 |     28.467 |   0.9724 |     33.716 |     1.0
   27 |   0.8103 |     27.479 |   0.9527 |     32.214 |     1.1
   28 |   0.7820 |     26.508 |   0.9759 |     32.951 |     1.1
   29 |   0.7561 |     25.732 |   0.9758 |     33.363 |     1.1
   30 |   0.7342 |     24.707 |   0.9527 |     32.479 |     1.2
   31 |   0.7046 |     23.741 |   0.9341 |     31.184 |     1.2
   32 |   0.6764 |     22.423 |   0.9297 |     30.860 |     1.3
   33 |   0.6543 |     21.859 |   0.9495 |     30.418 |     1.3
   34 |   0.6217 |     20.486 |   0.9619 |     30.536 |     1.3
   35 |   0.6006 |     19.613 |   0.9385 |     30.153 |     1.4
   36 |   0.5760 |     18.837 |   0.9675 |     30.713 |     1.4
   37 |   0.5486 |     17.936 |   0.9116 |     28.857 |     1.5
   38 |   0.5244 |     17.144 |   0.9752 |     29.976 |     1.5
   39 |   0.5156 |     17.079 |   0.9625 |     29.888 |     1.5
   40 |   0.4762 |     15.696 |   0.9592 |     29.093 |     1.6
   41 |   0.4593 |     14.969 |   0.9703 |     28.121 |     1.6
Early stopping

Model: Seq2Seq Bi-LSTM
Source index: <Seq2Seq Index with 43 items>
Target index: <Seq2Seq Index with 34 items>
Encoder embedding dimension: 64
Decoder embedding dimension: 64
Encoder hidden units: 128
Encoder layers: 4
Decoder hidden units: 64
Decoder layers: 3
Dropout: 0.2
Trainable parameters: 1,622,498

Training started
X_train.shape: torch.Size([3072, 702])
Y_train.shape: torch.Size([3072, 7])
X_dev.shape: torch.Size([566, 649])
Y_dev.shape: torch.Size([566, 7])
Epochs: 500
Learning rate: 0.001
Weight decay: 1e-05
Epoch | Train                 | Development           | Minutes
      | Loss     | Error Rate | Loss     | Error Rate |
---------------------------------------------------------------
    1 |   2.5094 |     66.840 |   1.9705 |     53.710 |     0.1
    2 |   1.7453 |     49.219 |   1.6063 |     47.468 |     0.2
    3 |   1.5036 |     46.029 |   1.4848 |     47.468 |     0.2
    4 |   1.4374 |     46.202 |   1.4468 |     47.468 |     0.3
    5 |   1.4124 |     46.110 |   1.4275 |     47.468 |     0.4
    6 |   1.3979 |     46.039 |   1.4132 |     46.731 |     0.5
    7 |   1.3856 |     45.898 |   1.4012 |     46.496 |     0.6
    8 |   1.3720 |     45.812 |   1.3831 |     47.320 |     0.7
    9 |   1.3510 |     45.774 |   1.3559 |     46.113 |     0.7
   10 |   1.3283 |     45.692 |   1.3371 |     46.143 |     0.8
   11 |   1.3048 |     45.481 |   1.3144 |     46.525 |     0.9
   12 |   1.2852 |     45.123 |   1.2850 |     44.641 |     1.0
   13 |   1.2647 |     44.461 |   1.2704 |     45.024 |     1.1
   14 |   1.2492 |     43.804 |   1.2609 |     44.258 |     1.1
   15 |   1.2373 |     43.940 |   1.2381 |     44.876 |     1.2
   16 |   1.2160 |     43.023 |   1.2230 |     43.316 |     1.3
   17 |   1.2020 |     42.573 |   1.2118 |     43.139 |     1.4
   18 |   1.1871 |     41.715 |   1.1949 |     41.637 |     1.5
   19 |   1.1737 |     41.461 |   1.1888 |     41.519 |     1.6
   20 |   1.1681 |     41.211 |   1.1751 |     41.402 |     1.6
   21 |   1.1494 |     40.820 |   1.1606 |     40.724 |     1.7
   22 |   1.1374 |     40.191 |   1.1545 |     40.931 |     1.8
   23 |   1.1294 |     40.424 |   1.1439 |     40.342 |     1.9
   24 |   1.1161 |     39.714 |   1.1425 |     40.931 |     2.0
   25 |   1.1069 |     39.426 |   1.1294 |     40.165 |     2.0
   26 |   1.0951 |     39.014 |   1.1226 |     39.311 |     2.1
   27 |   1.0854 |     38.721 |   1.1107 |     39.576 |     2.2
   28 |   1.0742 |     38.097 |   1.1081 |     39.193 |     2.3
   29 |   1.0673 |     38.086 |   1.1033 |     39.370 |     2.4
   30 |   1.0563 |     37.500 |   1.0974 |     39.900 |     2.4
   31 |   1.0472 |     37.370 |   1.0898 |     39.488 |     2.5
   32 |   1.0401 |     37.028 |   1.0881 |     38.398 |     2.6
   33 |   1.0292 |     36.475 |   1.0843 |     38.104 |     2.7
   34 |   1.0204 |     36.100 |   1.0804 |     38.369 |     2.8
   35 |   1.0126 |     35.959 |   1.0673 |     37.544 |     2.9
   36 |   0.9992 |     35.455 |   1.0654 |     37.691 |     2.9
   37 |   0.9861 |     34.359 |   1.0609 |     36.720 |     3.0
   38 |   0.9782 |     34.342 |   1.0570 |     36.896 |     3.1
   39 |   0.9651 |     33.925 |   1.0507 |     36.749 |     3.2
   40 |   0.9596 |     33.458 |   1.0510 |     36.837 |     3.3
   41 |   0.9443 |     33.024 |   1.0600 |     36.396 |     3.3
   42 |   0.9314 |     32.503 |   1.0407 |     36.190 |     3.4
   43 |   0.9130 |     31.852 |   1.0427 |     35.836 |     3.5
   44 |   0.9020 |     31.391 |   1.0272 |     35.306 |     3.6
   45 |   0.8914 |     30.572 |   1.0295 |     35.277 |     3.7
   46 |   0.8735 |     29.801 |   1.0198 |     34.600 |     3.8
   47 |   0.8610 |     29.498 |   1.0165 |     33.834 |     3.8
   48 |   0.8445 |     28.868 |   1.0127 |     34.069 |     3.9
   49 |   0.8302 |     28.255 |   1.0125 |     32.921 |     4.0
   50 |   0.8187 |     27.778 |   1.0161 |     33.068 |     4.1
   51 |   0.7987 |     26.991 |   1.0207 |     33.098 |     4.2
   52 |   0.7900 |     26.828 |   1.0231 |     33.569 |     4.2
   53 |   0.7748 |     26.047 |   1.0153 |     32.921 |     4.3
   54 |   0.7541 |     25.282 |   1.0082 |     33.068 |     4.4
   55 |   0.7403 |     25.011 |   1.0172 |     31.949 |     4.5
   56 |   0.7262 |     24.311 |   1.0107 |     32.185 |     4.6
   57 |   0.7161 |     24.034 |   1.0047 |     32.097 |     4.7
   58 |   0.6968 |     23.313 |   1.0067 |     31.655 |     4.7
   59 |   0.7168 |     24.181 |   1.0043 |     31.390 |     4.8
   60 |   0.7579 |     25.353 |   0.9985 |     31.861 |     4.9
   61 |   0.6822 |     22.759 |   1.0029 |     31.508 |     5.0
   62 |   0.6521 |     21.859 |   1.0163 |     30.889 |     5.1
   63 |   0.6367 |     21.056 |   1.0037 |     30.889 |     5.2
   64 |   0.6238 |     20.785 |   1.0178 |     30.565 |     5.2
Early stopping

Model: Seq2Seq Bi-LSTM
Source index: <Seq2Seq Index with 43 items>
Target index: <Seq2Seq Index with 34 items>
Encoder embedding dimension: 32
Decoder embedding dimension: 64
Encoder hidden units: 64
Encoder layers: 4
Decoder hidden units: 64
Decoder layers: 3
Dropout: 0.0
Trainable parameters: 519,298

Training started
X_train.shape: torch.Size([3072, 702])
Y_train.shape: torch.Size([3072, 7])
X_dev.shape: torch.Size([566, 649])
Y_dev.shape: torch.Size([566, 7])
Epochs: 500
Learning rate: 0.001
Weight decay: 1e-05
Epoch | Train                 | Development           | Minutes
      | Loss     | Error Rate | Loss     | Error Rate |
---------------------------------------------------------------
    1 |   2.5969 |     69.434 |   2.0376 |     59.040 |     0.0
    2 |   1.7773 |     50.043 |   1.6214 |     47.468 |     0.1
    3 |   1.5069 |     46.077 |   1.4840 |     47.468 |     0.1
    4 |   1.4354 |     46.061 |   1.4473 |     47.468 |     0.1
    5 |   1.4101 |     46.083 |   1.4277 |     47.468 |     0.2
    6 |   1.3886 |     46.029 |   1.4083 |     47.261 |     0.2
    7 |   1.3739 |     45.801 |   1.3966 |     46.525 |     0.2
    8 |   1.3590 |     45.687 |   1.3808 |     47.232 |     0.3
    9 |   1.3476 |     45.676 |   1.3681 |     46.849 |     0.3
   10 |   1.3337 |     45.812 |   1.3594 |     46.996 |     0.3
   11 |   1.3165 |     45.513 |   1.3278 |     46.584 |     0.3
   12 |   1.2998 |     44.906 |   1.3130 |     45.848 |     0.4
   13 |   1.2836 |     44.678 |   1.2920 |     45.760 |     0.4
   14 |   1.2628 |     44.276 |   1.2708 |     45.082 |     0.4
   15 |   1.2409 |     43.663 |   1.2510 |     44.405 |     0.5
   16 |   1.2228 |     42.936 |   1.2285 |     44.111 |     0.5
   17 |   1.2037 |     42.486 |   1.2081 |     43.080 |     0.5
   18 |   1.1884 |     41.992 |   1.2067 |     42.874 |     0.6
   19 |   1.1760 |     41.862 |   1.1918 |     42.668 |     0.6
   20 |   1.1608 |     41.140 |   1.1838 |     41.254 |     0.6
   21 |   1.1518 |     40.945 |   1.1628 |     40.754 |     0.7
   22 |   1.1358 |     40.435 |   1.1583 |     40.459 |     0.7
   23 |   1.1216 |     39.963 |   1.1512 |     40.548 |     0.7
   24 |   1.1083 |     39.567 |   1.1382 |     39.959 |     0.7
   25 |   1.0908 |     38.726 |   1.1224 |     39.547 |     0.8
   26 |   1.0731 |     38.037 |   1.1131 |     39.664 |     0.8
   27 |   1.0613 |     37.576 |   1.1030 |     38.693 |     0.8
   28 |   1.0428 |     36.979 |   1.0993 |     38.928 |     0.9
   29 |   1.0283 |     36.317 |   1.0883 |     38.428 |     0.9
   30 |   1.0099 |     35.438 |   1.0895 |     38.663 |     0.9
   31 |   0.9973 |     35.048 |   1.0722 |     37.279 |     1.0
   32 |   0.9752 |     33.843 |   1.0632 |     37.309 |     1.0
   33 |   0.9639 |     33.371 |   1.0621 |     36.072 |     1.0
   34 |   0.9409 |     32.281 |   1.0545 |     36.631 |     1.1
   35 |   0.9226 |     31.814 |   1.0428 |     35.424 |     1.1
   36 |   0.9051 |     30.946 |   1.0252 |     35.041 |     1.1
   37 |   0.8803 |     29.796 |   1.0199 |     34.393 |     1.1
   38 |   0.8584 |     29.243 |   1.0195 |     34.040 |     1.2
   39 |   0.8395 |     28.456 |   1.0154 |     34.246 |     1.2
   40 |   0.8194 |     27.740 |   1.0088 |     33.657 |     1.2
   41 |   0.7941 |     26.503 |   1.0016 |     33.039 |     1.3
   42 |   0.7735 |     25.732 |   0.9908 |     33.068 |     1.3
   43 |   0.7597 |     25.179 |   1.0052 |     32.420 |     1.3
   44 |   0.7297 |     24.110 |   1.0051 |     32.214 |     1.4
   45 |   0.7005 |     23.036 |   0.9908 |     32.008 |     1.4
   46 |   0.6777 |     22.157 |   1.0003 |     31.419 |     1.4
Early stopping

Model: Seq2Seq Bi-LSTM
Source index: <Seq2Seq Index with 43 items>
Target index: <Seq2Seq Index with 34 items>
Encoder embedding dimension: 32
Decoder embedding dimension: 64
Encoder hidden units: 128
Encoder layers: 4
Decoder hidden units: 64
Decoder layers: 2
Dropout: 0.2
Trainable parameters: 1,555,074

Training started
X_train.shape: torch.Size([3072, 702])
Y_train.shape: torch.Size([3072, 7])
X_dev.shape: torch.Size([566, 649])
Y_dev.shape: torch.Size([566, 7])
Epochs: 500
Learning rate: 0.001
Weight decay: 1e-05
Epoch | Train                 | Development           | Minutes
      | Loss     | Error Rate | Loss     | Error Rate |
---------------------------------------------------------------
    1 |   2.4200 |     64.421 |   1.9374 |     54.122 |     0.1
    2 |   1.7294 |     48.920 |   1.5865 |     47.468 |     0.2
    3 |   1.4915 |     46.056 |   1.4661 |     47.468 |     0.2
    4 |   1.4203 |     46.039 |   1.4243 |     47.468 |     0.3
    5 |   1.3841 |     45.801 |   1.3808 |     46.437 |     0.4
    6 |   1.3481 |     45.502 |   1.3517 |     46.731 |     0.5
    7 |   1.3190 |     45.101 |   1.3286 |     45.760 |     0.6
    8 |   1.3005 |     44.629 |   1.3036 |     44.582 |     0.7
    9 |   1.2804 |     44.048 |   1.2856 |     45.289 |     0.7
   10 |   1.2640 |     43.859 |   1.2697 |     44.081 |     0.8
   11 |   1.2479 |     43.452 |   1.2576 |     43.551 |     0.9
   12 |   1.2340 |     42.980 |   1.2407 |     43.080 |     1.0
   13 |   1.2216 |     42.811 |   1.2305 |     43.345 |     1.1
   14 |   1.2040 |     42.280 |   1.2160 |     42.992 |     1.2
   15 |   1.1896 |     41.683 |   1.2029 |     41.814 |     1.2
   16 |   1.1720 |     41.314 |   1.1861 |     41.284 |     1.3
   17 |   1.1570 |     40.365 |   1.1719 |     40.901 |     1.4
   18 |   1.1372 |     39.941 |   1.1634 |     40.106 |     1.5
   19 |   1.1217 |     39.171 |   1.1577 |     39.105 |     1.6
   20 |   1.0986 |     37.999 |   1.1397 |     39.340 |     1.7
   21 |   1.0767 |     37.061 |   1.1241 |     38.634 |     1.7
   22 |   1.0586 |     36.377 |   1.1184 |     39.016 |     1.8
   23 |   1.0319 |     35.308 |   1.0922 |     37.426 |     1.9
   24 |   1.0023 |     34.353 |   1.0913 |     37.132 |     2.0
   25 |   0.9995 |     33.979 |   1.0695 |     37.161 |     2.1
   26 |   0.9547 |     32.330 |   1.0592 |     36.219 |     2.1
   27 |   0.9221 |     30.941 |   1.0412 |     35.895 |     2.2
   28 |   0.8978 |     29.986 |   1.0351 |     35.100 |     2.3
   29 |   0.8688 |     29.069 |   1.0223 |     34.923 |     2.4
   30 |   0.8428 |     28.049 |   1.0082 |     33.598 |     2.5
   31 |   0.8030 |     26.291 |   0.9987 |     32.656 |     2.6
   32 |   0.7860 |     25.727 |   1.0020 |     32.509 |     2.6
   33 |   0.7520 |     24.202 |   0.9915 |     32.185 |     2.7
   34 |   0.7249 |     23.410 |   1.0038 |     32.391 |     2.8
   35 |   0.6922 |     22.320 |   0.9818 |     31.714 |     2.9
   36 |   0.6630 |     21.859 |   0.9954 |     32.038 |     3.0
   37 |   0.6341 |     20.676 |   0.9839 |     30.536 |     3.1
   38 |   0.6128 |     19.602 |   0.9888 |     30.742 |     3.1
   39 |   0.5843 |     18.945 |   0.9929 |     29.770 |     3.2
Early stopping

Model: Seq2Seq Bi-LSTM
Source index: <Seq2Seq Index with 43 items>
Target index: <Seq2Seq Index with 34 items>
Encoder embedding dimension: 64
Decoder embedding dimension: 64
Encoder hidden units: 64
Encoder layers: 4
Decoder hidden units: 64
Decoder layers: 3
Dropout: 0.2
Trainable parameters: 537,058

Training started
X_train.shape: torch.Size([3072, 702])
Y_train.shape: torch.Size([3072, 7])
X_dev.shape: torch.Size([566, 649])
Y_dev.shape: torch.Size([566, 7])
Epochs: 500
Learning rate: 0.001
Weight decay: 0.0001
Epoch | Train                 | Development           | Minutes
      | Loss     | Error Rate | Loss     | Error Rate |
---------------------------------------------------------------
    1 |   2.5351 |     66.954 |   1.9853 |     56.007 |     0.0
    2 |   1.7428 |     49.240 |   1.5823 |     47.468 |     0.1
    3 |   1.4867 |     46.132 |   1.4635 |     47.468 |     0.1
    4 |   1.4166 |     46.007 |   1.4209 |     47.085 |     0.1
    5 |   1.3768 |     45.714 |   1.3763 |     46.555 |     0.2
    6 |   1.3355 |     45.258 |   1.3371 |     45.760 |     0.2
    7 |   1.3124 |     45.340 |   1.3276 |     45.612 |     0.2
    8 |   1.2974 |     44.944 |   1.3041 |     45.347 |     0.3
    9 |   1.2842 |     44.499 |   1.2947 |     44.700 |     0.3
   10 |   1.2722 |     44.396 |   1.2859 |     44.847 |     0.3
   11 |   1.2604 |     44.124 |   1.2700 |     43.787 |     0.4
   12 |   1.2473 |     44.048 |   1.2549 |     44.081 |     0.4
   13 |   1.2354 |     43.978 |   1.2464 |     44.287 |     0.4
   14 |   1.2245 |     43.696 |   1.2344 |     43.905 |     0.5
   15 |   1.2169 |     43.354 |   1.2238 |     43.934 |     0.5
   16 |   1.2094 |     42.887 |   1.2164 |     43.787 |     0.5
   17 |   1.2003 |     42.757 |   1.2098 |     42.314 |     0.6
   18 |   1.1918 |     42.573 |   1.2009 |     42.638 |     0.6
   19 |   1.1843 |     42.307 |   1.2005 |     43.227 |     0.6
   20 |   1.1798 |     42.220 |   1.1880 |     43.227 |     0.7
   21 |   1.1737 |     42.177 |   1.1779 |     41.461 |     0.7
   22 |   1.1661 |     41.705 |   1.1758 |     41.549 |     0.7
   23 |   1.1584 |     41.536 |   1.1714 |     42.668 |     0.8
   24 |   1.1526 |     41.363 |   1.1612 |     41.284 |     0.8
   25 |   1.1495 |     41.423 |   1.1640 |     42.550 |     0.8
   26 |   1.1441 |     41.151 |   1.1477 |     41.519 |     0.9
   27 |   1.1387 |     40.896 |   1.1501 |     40.931 |     0.9
   28 |   1.1322 |     41.016 |   1.1440 |     41.343 |     0.9
   29 |   1.1274 |     40.815 |   1.1419 |     40.165 |     1.0
   30 |   1.1249 |     40.533 |   1.1341 |     41.196 |     1.0
   31 |   1.1208 |     40.446 |   1.1282 |     41.402 |     1.0
   32 |   1.1175 |     40.218 |   1.1313 |     40.400 |     1.1
   33 |   1.1089 |     40.180 |   1.1282 |     40.695 |     1.1
   34 |   1.1024 |     40.017 |   1.1241 |     40.842 |     1.1
   35 |   1.1012 |     40.023 |   1.1153 |     40.165 |     1.2
   36 |   1.0977 |     39.855 |   1.1143 |     39.694 |     1.2
   37 |   1.0902 |     39.404 |   1.1135 |     40.518 |     1.2
   38 |   1.0854 |     39.556 |   1.0988 |     40.342 |     1.3
   39 |   1.0862 |     39.269 |   1.0976 |     39.782 |     1.3
   40 |   1.0809 |     39.079 |   1.0991 |     40.106 |     1.3
   41 |   1.0730 |     38.775 |   1.0962 |     39.547 |     1.4
   42 |   1.0698 |     38.905 |   1.0896 |     40.194 |     1.4
   43 |   1.0675 |     38.585 |   1.0873 |     39.870 |     1.4
   44 |   1.0647 |     38.694 |   1.0899 |     39.517 |     1.5
   45 |   1.0581 |     38.357 |   1.0842 |     39.547 |     1.5
   46 |   1.0516 |     38.238 |   1.0735 |     39.164 |     1.5
   47 |   1.0453 |     37.777 |   1.0713 |     39.193 |     1.6
   48 |   1.0437 |     37.853 |   1.0723 |     38.545 |     1.6
   49 |   1.0378 |     37.581 |   1.0668 |     38.280 |     1.6
   50 |   1.0320 |     37.565 |   1.0713 |     38.928 |     1.7
   51 |   1.0284 |     37.267 |   1.0752 |     39.458 |     1.7
   52 |   1.0236 |     37.012 |   1.0650 |     38.045 |     1.7
   53 |   1.0182 |     36.561 |   1.0644 |     38.163 |     1.8
   54 |   1.0163 |     36.664 |   1.0645 |     38.516 |     1.8
   55 |   1.0126 |     36.686 |   1.0550 |     38.251 |     1.8
   56 |   1.0078 |     36.252 |   1.0461 |     38.545 |     1.9
   57 |   1.0019 |     35.921 |   1.0519 |     38.516 |     1.9
   58 |   1.0026 |     35.900 |   1.0382 |     36.602 |     1.9
   59 |   1.0005 |     35.997 |   1.0470 |     38.280 |     2.0
   60 |   0.9919 |     35.487 |   1.0438 |     38.575 |     2.0
   61 |   0.9899 |     35.536 |   1.0502 |     38.280 |     2.0
   62 |   0.9851 |     35.205 |   1.0332 |     37.367 |     2.1
   63 |   0.9810 |     35.026 |   1.0355 |     37.633 |     2.1
   64 |   0.9741 |     34.766 |   1.0273 |     37.397 |     2.2
   65 |   0.9719 |     34.809 |   1.0292 |     37.338 |     2.2
   66 |   0.9631 |     34.191 |   1.0230 |     37.367 |     2.2
   67 |   0.9635 |     34.446 |   1.0277 |     37.102 |     2.3
   68 |   0.9590 |     34.397 |   1.0146 |     36.955 |     2.3
   69 |   0.9472 |     33.502 |   1.0070 |     36.101 |     2.3
   70 |   0.9705 |     34.625 |   1.0259 |     36.514 |     2.4
   71 |   0.9599 |     34.266 |   1.0135 |     36.985 |     2.4
   72 |   0.9523 |     33.724 |   1.0035 |     35.895 |     2.4
   73 |   0.9379 |     33.301 |   0.9983 |     36.661 |     2.5
   74 |   0.9560 |     33.621 |   1.0156 |     36.543 |     2.5
   75 |   0.9440 |     33.458 |   0.9957 |     35.984 |     2.5
   76 |   0.9269 |     32.737 |   0.9925 |     35.395 |     2.6
   77 |   0.9185 |     32.324 |   0.9989 |     36.160 |     2.6
   78 |   0.9121 |     32.389 |   0.9827 |     34.776 |     2.6
   79 |   0.9030 |     32.069 |   0.9912 |     35.630 |     2.7
   80 |   0.8953 |     31.592 |   0.9888 |     35.601 |     2.7
   81 |   0.8928 |     31.532 |   0.9877 |     35.159 |     2.7
   82 |   0.8838 |     30.995 |   0.9797 |     34.894 |     2.8
   83 |   0.8758 |     30.849 |   0.9728 |     34.776 |     2.8
   84 |   0.8764 |     30.914 |   0.9794 |     34.600 |     2.8
   85 |   0.8704 |     30.697 |   0.9701 |     33.922 |     2.9
   86 |   0.8594 |     30.442 |   0.9714 |     34.717 |     2.9
   87 |   0.8543 |     30.132 |   0.9641 |     33.569 |     2.9
   88 |   0.8491 |     29.774 |   0.9672 |     33.804 |     3.0
   89 |   0.8423 |     29.791 |   0.9647 |     34.187 |     3.0
   90 |   0.8376 |     29.140 |   0.9653 |     34.511 |     3.0
   91 |   0.8286 |     28.966 |   0.9570 |     33.039 |     3.1
   92 |   0.8276 |     28.749 |   0.9661 |     33.863 |     3.1
   93 |   0.8233 |     28.619 |   0.9601 |     33.304 |     3.1
   94 |   0.8142 |     28.071 |   0.9545 |     33.157 |     3.2
   95 |   0.8132 |     28.586 |   0.9652 |     33.186 |     3.2
   96 |   0.8096 |     28.234 |   0.9503 |     32.862 |     3.2
   97 |   0.7977 |     27.713 |   0.9525 |     32.126 |     3.3
   98 |   0.7952 |     27.577 |   0.9628 |     33.098 |     3.3
   99 |   0.7897 |     27.414 |   0.9513 |     32.509 |     3.3
  100 |   0.7829 |     27.192 |   0.9411 |     32.067 |     3.4
  101 |   0.7744 |     26.845 |   0.9409 |     32.008 |     3.4
  102 |   0.7670 |     26.552 |   0.9496 |     32.774 |     3.4
  103 |   0.7649 |     26.210 |   0.9388 |     31.625 |     3.5
  104 |   0.7590 |     26.128 |   0.9316 |     31.331 |     3.5
  105 |   0.7563 |     26.497 |   0.9359 |     31.184 |     3.5
  106 |   0.7494 |     26.128 |   0.9385 |     31.095 |     3.6
  107 |   0.7467 |     25.949 |   0.9339 |     31.213 |     3.6
  108 |   0.7342 |     25.537 |   0.9381 |     31.979 |     3.6
Early stopping

Model: Seq2Seq Bi-LSTM
Source index: <Seq2Seq Index with 43 items>
Target index: <Seq2Seq Index with 34 items>
Encoder embedding dimension: 32
Decoder embedding dimension: 128
Encoder hidden units: 128
Encoder layers: 4
Decoder hidden units: 64
Decoder layers: 2
Dropout: 0.0
Trainable parameters: 1,573,634

Training started
X_train.shape: torch.Size([3072, 702])
Y_train.shape: torch.Size([3072, 7])
X_dev.shape: torch.Size([566, 649])
Y_dev.shape: torch.Size([566, 7])
Epochs: 500
Learning rate: 0.001
Weight decay: 1e-05
Epoch | Train                 | Development           | Minutes
      | Loss     | Error Rate | Loss     | Error Rate |
---------------------------------------------------------------
    1 |   2.3479 |     62.625 |   1.8431 |     48.969 |     0.1
    2 |   1.6156 |     47.271 |   1.5148 |     46.996 |     0.2
    3 |   1.4392 |     45.768 |   1.4321 |     46.260 |     0.2
    4 |   1.3876 |     45.611 |   1.3864 |     46.260 |     0.3
    5 |   1.3498 |     45.530 |   1.3536 |     45.760 |     0.4
    6 |   1.3220 |     45.199 |   1.3315 |     45.907 |     0.5
    7 |   1.3013 |     44.645 |   1.3104 |     46.054 |     0.5
    8 |   1.2849 |     44.244 |   1.3096 |     45.730 |     0.6
    9 |   1.2704 |     44.184 |   1.2771 |     44.081 |     0.7
   10 |   1.2462 |     43.354 |   1.2585 |     44.022 |     0.8
   11 |   1.2251 |     42.622 |   1.2493 |     43.522 |     0.9
   12 |   1.2087 |     42.415 |   1.2230 |     43.433 |     0.9
   13 |   1.1871 |     41.650 |   1.1998 |     42.226 |     1.0
   14 |   1.1664 |     41.162 |   1.1933 |     42.609 |     1.1
   15 |   1.1468 |     40.647 |   1.1722 |     41.137 |     1.2
   16 |   1.1244 |     39.415 |   1.1600 |     40.224 |     1.2
   17 |   1.1066 |     38.428 |   1.1516 |     38.810 |     1.3
   18 |   1.0753 |     37.104 |   1.1237 |     36.985 |     1.4
   19 |   1.0509 |     35.666 |   1.1084 |     37.721 |     1.5
   20 |   1.0244 |     34.820 |   1.0897 |     37.544 |     1.6
   21 |   0.9995 |     33.832 |   1.0726 |     36.661 |     1.6
   22 |   0.9621 |     32.227 |   1.0584 |     35.571 |     1.7
   23 |   0.9284 |     30.496 |   1.0371 |     34.717 |     1.8
   24 |   0.8891 |     29.091 |   1.0228 |     34.011 |     1.9
   25 |   0.8548 |     27.631 |   1.0104 |     33.510 |     1.9
   26 |   0.8205 |     26.562 |   0.9935 |     32.420 |     2.0
   27 |   0.7857 |     25.396 |   1.0020 |     32.538 |     2.1
   28 |   0.7499 |     23.834 |   0.9884 |     32.155 |     2.2
   29 |   0.7183 |     22.906 |   0.9762 |     31.184 |     2.3
   30 |   0.6783 |     21.512 |   0.9747 |     30.065 |     2.3
   31 |   0.6392 |     20.275 |   0.9772 |     30.271 |     2.4
   32 |   0.6032 |     19.032 |   0.9725 |     30.271 |     2.5
   33 |   0.5725 |     18.175 |   0.9899 |     29.947 |     2.6
   34 |   0.5427 |     16.884 |   0.9772 |     29.476 |     2.6
   35 |   0.5101 |     15.869 |   0.9870 |     29.270 |     2.7
   36 |   0.4854 |     15.120 |   0.9952 |     29.005 |     2.8
Early stopping

Model: Seq2Seq Bi-LSTM
Source index: <Seq2Seq Index with 43 items>
Target index: <Seq2Seq Index with 34 items>
Encoder embedding dimension: 64
Decoder embedding dimension: 64
Encoder hidden units: 64
Encoder layers: 3
Decoder hidden units: 128
Decoder layers: 3
Dropout: 0.1
Trainable parameters: 736,354

Training started
X_train.shape: torch.Size([3072, 702])
Y_train.shape: torch.Size([3072, 7])
X_dev.shape: torch.Size([566, 649])
Y_dev.shape: torch.Size([566, 7])
Epochs: 500
Learning rate: 0.001
Weight decay: 1e-05
Epoch | Train                 | Development           | Minutes
      | Loss     | Error Rate | Loss     | Error Rate |
---------------------------------------------------------------
    1 |   2.1910 |     59.429 |   1.6236 |     47.468 |     0.0
    2 |   1.4725 |     46.251 |   1.4525 |     46.731 |     0.1
    3 |   1.4024 |     46.067 |   1.4071 |     47.468 |     0.1
    4 |   1.3704 |     45.909 |   1.3841 |     46.996 |     0.1
    5 |   1.3420 |     45.947 |   1.3568 |     47.085 |     0.1
    6 |   1.3184 |     45.269 |   1.3304 |     45.495 |     0.2
    7 |   1.3000 |     45.155 |   1.3195 |     45.642 |     0.2
    8 |   1.2908 |     45.171 |   1.2963 |     45.642 |     0.2
    9 |   1.2786 |     44.716 |   1.2933 |     45.789 |     0.2
   10 |   1.2628 |     44.336 |   1.2764 |     45.612 |     0.3
   11 |   1.2459 |     44.179 |   1.2462 |     44.140 |     0.3
   12 |   1.2237 |     43.430 |   1.2158 |     43.816 |     0.3
   13 |   1.1971 |     42.627 |   1.1916 |     42.138 |     0.3
   14 |   1.1756 |     41.325 |   1.1854 |     41.549 |     0.4
   15 |   1.1539 |     41.363 |   1.1579 |     41.048 |     0.4
   16 |   1.1272 |     40.392 |   1.1378 |     39.900 |     0.4
   17 |   1.1033 |     39.247 |   1.1218 |     40.342 |     0.5
   18 |   1.0838 |     38.574 |   1.1118 |     39.164 |     0.5
   19 |   1.0611 |     37.533 |   1.1019 |     38.751 |     0.5
   20 |   1.0441 |     37.402 |   1.0803 |     37.898 |     0.5
   21 |   1.0230 |     36.464 |   1.0836 |     38.575 |     0.6
   22 |   1.0015 |     35.742 |   1.0579 |     36.543 |     0.6
   23 |   0.9830 |     34.890 |   1.0531 |     36.514 |     0.6
   24 |   0.9540 |     33.442 |   1.0149 |     34.835 |     0.6
   25 |   0.9309 |     32.460 |   1.0064 |     34.600 |     0.7
   26 |   0.9075 |     31.505 |   0.9970 |     34.364 |     0.7
   27 |   0.8819 |     30.545 |   0.9781 |     33.216 |     0.7
   28 |   0.8563 |     29.720 |   0.9860 |     33.716 |     0.7
   29 |   0.8359 |     28.619 |   0.9547 |     32.892 |     0.8
   30 |   0.8108 |     27.593 |   0.9576 |     32.008 |     0.8
   31 |   0.7894 |     26.969 |   0.9364 |     31.184 |     0.8
   32 |   0.7614 |     25.591 |   0.9452 |     31.213 |     0.9
   33 |   0.7476 |     25.304 |   0.9293 |     30.713 |     0.9
   34 |   0.7225 |     24.637 |   0.9273 |     30.565 |     0.9
   35 |   0.7018 |     23.465 |   0.9327 |     30.300 |     0.9
   36 |   0.6947 |     23.579 |   0.9369 |     30.742 |     1.0
   37 |   0.6669 |     22.352 |   0.9315 |     30.183 |     1.0
   38 |   0.6458 |     21.620 |   0.9085 |     29.388 |     1.0
   39 |   0.6234 |     20.622 |   0.9179 |     28.710 |     1.0
   40 |   0.6047 |     20.204 |   0.9258 |     29.093 |     1.1
   41 |   0.5877 |     19.347 |   0.9261 |     28.534 |     1.1
   42 |   0.5690 |     19.065 |   0.9206 |     27.915 |     1.1
Early stopping

Model: Seq2Seq Bi-LSTM
Source index: <Seq2Seq Index with 43 items>
Target index: <Seq2Seq Index with 34 items>
Encoder embedding dimension: 128
Decoder embedding dimension: 64
Encoder hidden units: 128
Encoder layers: 2
Decoder hidden units: 128
Decoder layers: 2
Dropout: 0.1
Trainable parameters: 1,034,018

Training started
X_train.shape: torch.Size([3072, 702])
Y_train.shape: torch.Size([3072, 7])
X_dev.shape: torch.Size([566, 649])
Y_dev.shape: torch.Size([566, 7])
Epochs: 500
Learning rate: 0.001
Weight decay: 0.0001
Epoch | Train                 | Development           | Minutes
      | Loss     | Error Rate | Loss     | Error Rate |
---------------------------------------------------------------
    1 |   2.1079 |     57.552 |   1.5829 |     46.967 |     0.0
    2 |   1.4438 |     45.839 |   1.4078 |     47.350 |     0.1
    3 |   1.3562 |     45.426 |   1.3445 |     45.701 |     0.1
    4 |   1.3147 |     44.944 |   1.3253 |     45.377 |     0.2
    5 |   1.2853 |     44.282 |   1.2833 |     44.582 |     0.2
    6 |   1.2623 |     43.674 |   1.2620 |     44.229 |     0.2
    7 |   1.2384 |     43.169 |   1.2389 |     44.405 |     0.3
    8 |   1.2171 |     42.697 |   1.2244 |     43.375 |     0.3
    9 |   1.2000 |     42.410 |   1.2065 |     42.079 |     0.4
   10 |   1.1806 |     42.003 |   1.1864 |     42.521 |     0.4
   11 |   1.1546 |     41.189 |   1.1757 |     42.314 |     0.5
   12 |   1.1331 |     40.240 |   1.1359 |     39.635 |     0.5
   13 |   1.1089 |     39.355 |   1.1175 |     38.987 |     0.5
   14 |   1.0844 |     38.276 |   1.0945 |     38.428 |     0.6
   15 |   1.0569 |     37.044 |   1.0854 |     37.456 |     0.6
   16 |   1.0311 |     35.872 |   1.0665 |     36.190 |     0.7
   17 |   1.0077 |     35.140 |   1.0429 |     37.161 |     0.7
   18 |   0.9876 |     34.207 |   1.0509 |     37.073 |     0.7
   19 |   0.9608 |     33.219 |   1.0197 |     36.101 |     0.8
   20 |   0.9362 |     32.064 |   1.0008 |     34.835 |     0.8
   21 |   0.9143 |     31.500 |   0.9884 |     34.246 |     0.9
   22 |   0.8914 |     30.740 |   0.9783 |     33.893 |     0.9
   23 |   0.8643 |     29.102 |   0.9922 |     33.539 |     0.9
   24 |   0.8450 |     28.863 |   0.9519 |     32.008 |     1.0
   25 |   0.8177 |     27.973 |   0.9439 |     32.126 |     1.0
   26 |   0.7984 |     27.203 |   0.9240 |     31.213 |     1.1
   27 |   0.7761 |     26.584 |   0.9196 |     31.802 |     1.1
   28 |   0.7500 |     25.738 |   0.9179 |     30.978 |     1.2
   29 |   0.7215 |     24.154 |   0.9159 |     30.978 |     1.2
   30 |   0.7002 |     23.530 |   0.9038 |     30.124 |     1.2
   31 |   0.6738 |     22.439 |   0.9010 |     29.358 |     1.3
   32 |   0.6511 |     21.886 |   0.9093 |     29.388 |     1.3
   33 |   0.6274 |     21.121 |   0.9050 |     29.005 |     1.4
   34 |   0.6079 |     20.117 |   0.9269 |     29.388 |     1.4
   35 |   0.5814 |     19.249 |   0.9288 |     29.388 |     1.4
Early stopping

Model: Seq2Seq Bi-LSTM
Source index: <Seq2Seq Index with 43 items>
Target index: <Seq2Seq Index with 34 items>
Encoder embedding dimension: 32
Decoder embedding dimension: 64
Encoder hidden units: 128
Encoder layers: 3
Decoder hidden units: 64
Decoder layers: 3
Dropout: 0.1
Trainable parameters: 1,160,322

Training started
X_train.shape: torch.Size([3072, 702])
Y_train.shape: torch.Size([3072, 7])
X_dev.shape: torch.Size([566, 649])
Y_dev.shape: torch.Size([566, 7])
Epochs: 500
Learning rate: 0.001
Weight decay: 1e-05
Epoch | Train                 | Development           | Minutes
      | Loss     | Error Rate | Loss     | Error Rate |
---------------------------------------------------------------
    1 |   2.5233 |     68.207 |   1.9757 |     54.211 |     0.1
    2 |   1.7380 |     49.067 |   1.5988 |     47.468 |     0.1
    3 |   1.5042 |     45.991 |   1.4905 |     46.731 |     0.2
    4 |   1.4386 |     46.012 |   1.4489 |     47.468 |     0.2
    5 |   1.4094 |     46.088 |   1.4238 |     46.731 |     0.3
    6 |   1.3942 |     45.926 |   1.4164 |     46.731 |     0.4
    7 |   1.3834 |     45.996 |   1.4039 |     46.525 |     0.4
    8 |   1.3701 |     45.877 |   1.3837 |     46.201 |     0.5
    9 |   1.3465 |     45.643 |   1.3595 |     47.173 |     0.5
   10 |   1.3191 |     45.551 |   1.3255 |     46.290 |     0.6
   11 |   1.2982 |     45.470 |   1.3044 |     45.995 |     0.7
   12 |   1.2787 |     44.916 |   1.2859 |     45.112 |     0.7
   13 |   1.2597 |     44.076 |   1.2679 |     44.611 |     0.8
   14 |   1.2423 |     43.663 |   1.2531 |     44.199 |     0.9
   15 |   1.2273 |     43.305 |   1.2355 |     44.170 |     0.9
   16 |   1.2141 |     42.963 |   1.2249 |     43.227 |     1.0
   17 |   1.2029 |     42.746 |   1.2118 |     43.080 |     1.0
   18 |   1.1906 |     42.285 |   1.2094 |     42.874 |     1.1
   19 |   1.1792 |     41.970 |   1.1952 |     42.256 |     1.2
   20 |   1.1643 |     41.656 |   1.1794 |     41.254 |     1.2
   21 |   1.1528 |     41.119 |   1.1689 |     41.902 |     1.3
   22 |   1.1374 |     40.316 |   1.1635 |     41.549 |     1.3
   23 |   1.1246 |     39.838 |   1.1551 |     41.078 |     1.4
   24 |   1.1121 |     39.426 |   1.1388 |     39.812 |     1.5
   25 |   1.1038 |     38.959 |   1.1298 |     39.900 |     1.5
   26 |   1.0914 |     38.721 |   1.1235 |     39.605 |     1.6
   27 |   1.0816 |     38.287 |   1.1170 |     38.663 |     1.6
   28 |   1.0681 |     37.820 |   1.1117 |     39.164 |     1.7
   29 |   1.0585 |     37.071 |   1.0954 |     38.693 |     1.8
   30 |   1.0455 |     36.919 |   1.0922 |     38.575 |     1.8
   31 |   1.0358 |     36.442 |   1.0827 |     38.457 |     1.9
   32 |   1.0197 |     35.802 |   1.0693 |     37.456 |     1.9
   33 |   1.0033 |     34.863 |   1.0645 |     36.985 |     2.0
   34 |   0.9897 |     34.467 |   1.0516 |     36.955 |     2.1
   35 |   0.9743 |     33.822 |   1.0499 |     36.013 |     2.1
   36 |   0.9609 |     33.371 |   1.0435 |     36.837 |     2.2
   37 |   0.9479 |     32.861 |   1.0400 |     36.219 |     2.3
   38 |   0.9312 |     32.210 |   1.0398 |     36.190 |     2.3
   39 |   0.9134 |     31.348 |   1.0302 |     35.601 |     2.4
   40 |   0.9008 |     30.583 |   1.0212 |     34.335 |     2.4
   41 |   0.8820 |     29.932 |   1.0148 |     33.834 |     2.5
   42 |   0.8674 |     29.541 |   1.0198 |     34.187 |     2.6
   43 |   0.8426 |     28.451 |   1.0030 |     33.569 |     2.6
   44 |   0.8252 |     27.783 |   1.0082 |     33.775 |     2.7
   45 |   0.8174 |     27.257 |   1.0285 |     34.393 |     2.7
   46 |   0.8180 |     27.740 |   0.9912 |     32.597 |     2.8
   47 |   0.7788 |     26.090 |   0.9946 |     32.479 |     2.9
   48 |   0.7564 |     25.163 |   0.9962 |     32.627 |     2.9
   49 |   0.7388 |     24.653 |   0.9948 |     32.332 |     3.0
   50 |   0.7195 |     23.747 |   0.9852 |     31.360 |     3.0
   51 |   0.6973 |     22.824 |   0.9850 |     31.537 |     3.1
   52 |   0.6746 |     22.059 |   0.9956 |     31.360 |     3.2
   53 |   0.6631 |     21.484 |   1.0006 |     30.889 |     3.2
   54 |   0.6437 |     21.050 |   0.9980 |     30.830 |     3.3
   55 |   0.6223 |     20.036 |   0.9976 |     30.624 |     3.4
Early stopping

Model: Seq2Seq Bi-LSTM
Source index: <Seq2Seq Index with 43 items>
Target index: <Seq2Seq Index with 34 items>
Encoder embedding dimension: 128
Decoder embedding dimension: 64
Encoder hidden units: 128
Encoder layers: 3
Decoder hidden units: 64
Decoder layers: 2
Dropout: 0.1
Trainable parameters: 1,229,474

Training started
X_train.shape: torch.Size([3072, 702])
Y_train.shape: torch.Size([3072, 7])
X_dev.shape: torch.Size([566, 649])
Y_dev.shape: torch.Size([566, 7])
Epochs: 500
Learning rate: 0.001
Weight decay: 1e-05
Epoch | Train                 | Development           | Minutes
      | Loss     | Error Rate | Loss     | Error Rate |
---------------------------------------------------------------
    1 |   2.3975 |     63.721 |   1.8455 |     49.176 |     0.1
    2 |   1.6143 |     47.059 |   1.5067 |     47.468 |     0.1
    3 |   1.4389 |     45.953 |   1.4366 |     46.908 |     0.2
    4 |   1.3955 |     45.768 |   1.3999 |     46.938 |     0.2
    5 |   1.3644 |     45.730 |   1.3755 |     46.820 |     0.3
    6 |   1.3382 |     45.546 |   1.3513 |     46.201 |     0.4
    7 |   1.3204 |     45.334 |   1.3320 |     45.406 |     0.4
    8 |   1.3000 |     44.781 |   1.3182 |     45.966 |     0.5
    9 |   1.2834 |     44.423 |   1.2958 |     44.346 |     0.6
   10 |   1.2665 |     43.896 |   1.2767 |     44.405 |     0.6
   11 |   1.2467 |     43.229 |   1.2603 |     43.404 |     0.7
   12 |   1.2276 |     42.616 |   1.2346 |     42.727 |     0.7
   13 |   1.2049 |     42.030 |   1.2168 |     42.049 |     0.8
   14 |   1.1867 |     41.238 |   1.2080 |     41.873 |     0.9
   15 |   1.1624 |     40.750 |   1.1815 |     41.225 |     0.9
   16 |   1.1393 |     39.741 |   1.1661 |     40.724 |     1.0
   17 |   1.1148 |     38.710 |   1.1626 |     40.400 |     1.1
   18 |   1.0953 |     38.162 |   1.1455 |     38.693 |     1.1
   19 |   1.0596 |     36.122 |   1.1255 |     38.987 |     1.2
   20 |   1.0299 |     34.869 |   1.1155 |     37.662 |     1.3
   21 |   1.0013 |     33.849 |   1.0957 |     37.102 |     1.3
   22 |   0.9648 |     32.156 |   1.0773 |     35.807 |     1.4
   23 |   0.9308 |     30.957 |   1.0509 |     35.159 |     1.4
   24 |   0.8936 |     29.362 |   1.0565 |     34.364 |     1.5
   25 |   0.8631 |     28.461 |   1.0371 |     34.335 |     1.6
   26 |   0.8272 |     26.921 |   1.0217 |     34.128 |     1.6
   27 |   0.7857 |     25.629 |   1.0188 |     32.951 |     1.7
   28 |   0.7470 |     24.072 |   1.0154 |     33.569 |     1.8
   29 |   0.7147 |     22.873 |   1.0265 |     32.686 |     1.8
   30 |   0.6764 |     21.246 |   1.0333 |     32.008 |     1.9
   31 |   0.6424 |     20.383 |   1.0118 |     31.037 |     1.9
   32 |   0.6059 |     19.135 |   1.0249 |     31.007 |     2.0
   33 |   0.5782 |     18.365 |   1.0188 |     30.536 |     2.1
   34 |   0.5538 |     17.502 |   1.0339 |     30.035 |     2.1
   35 |   0.5182 |     16.298 |   1.0661 |     30.860 |     2.2
Early stopping

Model: Seq2Seq Bi-LSTM
Source index: <Seq2Seq Index with 43 items>
Target index: <Seq2Seq Index with 34 items>
Encoder embedding dimension: 32
Decoder embedding dimension: 128
Encoder hidden units: 128
Encoder layers: 2
Decoder hidden units: 64
Decoder layers: 2
Dropout: 0.2
Trainable parameters: 717,570

Training started
X_train.shape: torch.Size([3072, 702])
Y_train.shape: torch.Size([3072, 7])
X_dev.shape: torch.Size([566, 649])
Y_dev.shape: torch.Size([566, 7])
Epochs: 500
Learning rate: 0.001
Weight decay: 0.0001
Epoch | Train                 | Development           | Minutes
      | Loss     | Error Rate | Loss     | Error Rate |
---------------------------------------------------------------
    1 |   2.3417 |     62.500 |   1.8069 |     48.999 |     0.0
    2 |   1.6032 |     47.461 |   1.5068 |     46.996 |     0.1
    3 |   1.4296 |     45.915 |   1.4067 |     46.996 |     0.1
    4 |   1.3612 |     45.459 |   1.3587 |     45.819 |     0.2
    5 |   1.3239 |     44.672 |   1.3260 |     45.524 |     0.2
    6 |   1.2999 |     44.271 |   1.3017 |     43.963 |     0.2
    7 |   1.2791 |     44.135 |   1.2893 |     44.199 |     0.3
    8 |   1.2617 |     43.511 |   1.2652 |     44.317 |     0.3
    9 |   1.2433 |     43.186 |   1.2478 |     43.728 |     0.4
   10 |   1.2253 |     42.952 |   1.2228 |     42.638 |     0.4
   11 |   1.2081 |     42.383 |   1.2176 |     42.992 |     0.4
   12 |   1.1916 |     42.296 |   1.2033 |     42.197 |     0.5
   13 |   1.1796 |     41.889 |   1.1797 |     41.932 |     0.5
   14 |   1.1696 |     41.933 |   1.1734 |     41.755 |     0.6
   15 |   1.1527 |     40.891 |   1.1597 |     41.313 |     0.6
   16 |   1.1445 |     40.641 |   1.1500 |     40.577 |     0.6
   17 |   1.1320 |     40.224 |   1.1387 |     39.635 |     0.7
   18 |   1.1214 |     39.822 |   1.1329 |     38.928 |     0.7
   19 |   1.1139 |     39.497 |   1.1248 |     40.960 |     0.8
   20 |   1.1025 |     39.307 |   1.1125 |     38.280 |     0.8
   21 |   1.0919 |     38.791 |   1.1000 |     37.927 |     0.8
   22 |   1.0844 |     38.732 |   1.1051 |     39.576 |     0.9
   23 |   1.0705 |     37.847 |   1.0923 |     38.751 |     0.9
   24 |   1.0636 |     37.820 |   1.0768 |     37.132 |     1.0
   25 |   1.0505 |     37.174 |   1.0753 |     37.633 |     1.0
   26 |   1.0421 |     36.833 |   1.0644 |     37.691 |     1.0
   27 |   1.0296 |     36.214 |   1.0633 |     37.662 |     1.1
   28 |   1.0195 |     35.525 |   1.0473 |     36.926 |     1.1
   29 |   1.0049 |     35.552 |   1.0421 |     36.896 |     1.2
   30 |   0.9961 |     35.140 |   1.0439 |     36.396 |     1.2
   31 |   0.9841 |     34.386 |   1.0228 |     35.424 |     1.2
   32 |   0.9687 |     33.735 |   1.0121 |     35.336 |     1.3
   33 |   0.9649 |     33.686 |   1.0071 |     35.218 |     1.3
   34 |   0.9491 |     32.883 |   1.0119 |     35.689 |     1.4
   35 |   0.9386 |     32.731 |   1.0038 |     35.630 |     1.4
   36 |   0.9323 |     32.633 |   0.9937 |     35.041 |     1.4
   37 |   0.9162 |     31.944 |   0.9922 |     35.188 |     1.5
   38 |   0.9005 |     31.369 |   0.9869 |     34.158 |     1.5
   39 |   0.8994 |     31.369 |   0.9732 |     34.423 |     1.6
   40 |   0.8849 |     30.821 |   0.9768 |     33.981 |     1.6
   41 |   0.8679 |     30.008 |   0.9595 |     33.687 |     1.6
   42 |   0.8621 |     29.867 |   0.9854 |     34.128 |     1.7
   43 |   0.8483 |     29.362 |   0.9533 |     32.597 |     1.7
   44 |   0.8321 |     28.570 |   0.9543 |     32.862 |     1.8
   45 |   0.8146 |     27.604 |   0.9421 |     32.479 |     1.8
   46 |   0.8000 |     27.615 |   0.9414 |     31.949 |     1.8
   47 |   0.7918 |     26.899 |   0.9368 |     31.537 |     1.9
   48 |   0.7788 |     26.476 |   0.9362 |     31.331 |     1.9
   49 |   0.7878 |     26.959 |   0.9431 |     31.920 |     2.0
   50 |   0.7567 |     25.353 |   0.9209 |     30.978 |     2.0
   51 |   0.7589 |     25.678 |   0.9429 |     31.154 |     2.0
   52 |   0.7352 |     25.043 |   0.9279 |     30.801 |     2.1
   53 |   0.7295 |     24.571 |   0.9299 |     30.477 |     2.1
   54 |   0.7124 |     23.975 |   0.9171 |     30.300 |     2.2
   55 |   0.6953 |     23.291 |   0.9293 |     30.477 |     2.2
   56 |   0.6686 |     22.564 |   0.9330 |     30.241 |     2.2
   57 |   0.6559 |     22.168 |   0.9174 |     28.916 |     2.3
   58 |   0.6368 |     21.267 |   0.9317 |     29.623 |     2.3
Early stopping

Model: Seq2Seq Bi-LSTM
Source index: <Seq2Seq Index with 43 items>
Target index: <Seq2Seq Index with 34 items>
Encoder embedding dimension: 128
Decoder embedding dimension: 64
Encoder hidden units: 128
Encoder layers: 2
Decoder hidden units: 128
Decoder layers: 2
Dropout: 0.0
Trainable parameters: 1,034,018

Training started
X_train.shape: torch.Size([3072, 702])
Y_train.shape: torch.Size([3072, 7])
X_dev.shape: torch.Size([566, 649])
Y_dev.shape: torch.Size([566, 7])
Epochs: 500
Learning rate: 0.001
Weight decay: 0.0001
Epoch | Train                 | Development           | Minutes
      | Loss     | Error Rate | Loss     | Error Rate |
---------------------------------------------------------------
    1 |   2.0758 |     56.087 |   1.5538 |     47.232 |     0.0
    2 |   1.4341 |     45.822 |   1.4021 |     46.290 |     0.1
    3 |   1.3494 |     45.486 |   1.3408 |     45.554 |     0.1
    4 |   1.3063 |     44.868 |   1.3052 |     45.053 |     0.2
    5 |   1.2811 |     44.113 |   1.2789 |     45.024 |     0.2
    6 |   1.2567 |     43.766 |   1.2584 |     43.404 |     0.2
    7 |   1.2351 |     43.202 |   1.2702 |     44.817 |     0.3
    8 |   1.2148 |     42.887 |   1.2298 |     43.404 |     0.3
    9 |   1.1945 |     42.209 |   1.2041 |     42.580 |     0.4
   10 |   1.1756 |     41.970 |   1.1859 |     41.726 |     0.4
   11 |   1.1544 |     41.151 |   1.1826 |     42.373 |     0.4
   12 |   1.1310 |     40.153 |   1.1556 |     40.960 |     0.5
   13 |   1.1083 |     39.176 |   1.1395 |     39.635 |     0.5
   14 |   1.0827 |     38.276 |   1.1143 |     38.545 |     0.6
   15 |   1.0571 |     37.229 |   1.1081 |     39.282 |     0.6
   16 |   1.0307 |     36.041 |   1.0741 |     37.750 |     0.6
   17 |   1.0024 |     35.162 |   1.0726 |     37.161 |     0.7
   18 |   0.9723 |     33.968 |   1.0323 |     35.660 |     0.7
   19 |   0.9456 |     33.030 |   1.0296 |     35.483 |     0.8
   20 |   0.9176 |     31.679 |   1.0174 |     35.395 |     0.8
   21 |   0.8881 |     30.566 |   0.9948 |     34.217 |     0.8
   22 |   0.8564 |     29.319 |   0.9900 |     33.775 |     0.9
   23 |   0.8252 |     28.282 |   0.9656 |     33.009 |     0.9
   24 |   0.8008 |     26.991 |   0.9515 |     32.597 |     1.0
   25 |   0.7625 |     25.798 |   0.9548 |     32.509 |     1.0
   26 |   0.7363 |     24.468 |   0.9531 |     31.920 |     1.0
   27 |   0.7045 |     23.410 |   0.9556 |     31.655 |     1.1
   28 |   0.6693 |     22.141 |   0.9473 |     30.919 |     1.1
   29 |   0.6384 |     21.056 |   0.9231 |     29.535 |     1.2
   30 |   0.6146 |     20.204 |   0.9474 |     31.478 |     1.2
   31 |   0.5878 |     19.586 |   0.9423 |     30.241 |     1.2
   32 |   0.5532 |     18.262 |   0.9510 |     29.976 |     1.3
   33 |   0.5307 |     17.589 |   0.9509 |     29.299 |     1.3
Early stopping

Model: Seq2Seq Bi-LSTM
Source index: <Seq2Seq Index with 43 items>
Target index: <Seq2Seq Index with 34 items>
Encoder embedding dimension: 64
Decoder embedding dimension: 64
Encoder hidden units: 64
Encoder layers: 4
Decoder hidden units: 64
Decoder layers: 2
Dropout: 0.2
Trainable parameters: 503,778

Training started
X_train.shape: torch.Size([3072, 702])
Y_train.shape: torch.Size([3072, 7])
X_dev.shape: torch.Size([566, 649])
Y_dev.shape: torch.Size([566, 7])
Epochs: 500
Learning rate: 0.001
Weight decay: 1e-05
Epoch | Train                 | Development           | Minutes
      | Loss     | Error Rate | Loss     | Error Rate |
---------------------------------------------------------------
    1 |   2.4198 |     64.540 |   1.8705 |     48.969 |     0.0
    2 |   1.6345 |     47.808 |   1.5216 |     47.468 |     0.1
    3 |   1.4470 |     45.839 |   1.4341 |     46.731 |     0.1
    4 |   1.3888 |     45.822 |   1.3806 |     45.671 |     0.1
    5 |   1.3521 |     45.584 |   1.3585 |     46.525 |     0.2
    6 |   1.3273 |     45.117 |   1.3348 |     46.113 |     0.2
    7 |   1.3107 |     45.014 |   1.3188 |     46.143 |     0.2
    8 |   1.2927 |     44.765 |   1.2958 |     46.054 |     0.3
    9 |   1.2750 |     44.488 |   1.2867 |     44.641 |     0.3
   10 |   1.2598 |     43.560 |   1.2611 |     43.463 |     0.3
   11 |   1.2430 |     43.349 |   1.2451 |     43.492 |     0.4
   12 |   1.2233 |     42.947 |   1.2306 |     43.433 |     0.4
   13 |   1.2055 |     42.220 |   1.2239 |     43.963 |     0.4
   14 |   1.1886 |     42.274 |   1.1911 |     43.051 |     0.5
   15 |   1.1678 |     41.558 |   1.1796 |     42.521 |     0.5
   16 |   1.1484 |     40.902 |   1.1632 |     41.902 |     0.5
   17 |   1.1297 |     40.191 |   1.1460 |     41.107 |     0.6
   18 |   1.1087 |     39.366 |   1.1236 |     39.664 |     0.6
   19 |   1.0907 |     38.618 |   1.1180 |     38.987 |     0.7
   20 |   1.0710 |     37.826 |   1.1114 |     38.693 |     0.7
   21 |   1.0500 |     36.632 |   1.0892 |     37.986 |     0.7
   22 |   1.0331 |     36.127 |   1.0911 |     39.399 |     0.8
   23 |   1.0135 |     35.205 |   1.0677 |     37.250 |     0.8
   24 |   0.9900 |     34.353 |   1.0558 |     36.572 |     0.8
   25 |   0.9688 |     33.496 |   1.0430 |     36.337 |     0.9
   26 |   0.9498 |     32.411 |   1.0249 |     35.306 |     0.9
   27 |   0.9229 |     31.342 |   1.0246 |     34.658 |     0.9
   28 |   0.9000 |     29.926 |   1.0125 |     34.364 |     1.0
   29 |   0.8764 |     29.514 |   1.0000 |     33.952 |     1.0
   30 |   0.8523 |     28.445 |   1.0097 |     33.687 |     1.0
   31 |   0.8322 |     27.555 |   0.9953 |     33.157 |     1.1
   32 |   0.8091 |     26.758 |   1.0034 |     33.451 |     1.1
   33 |   0.7899 |     25.884 |   0.9742 |     32.126 |     1.1
   34 |   0.7671 |     25.233 |   0.9730 |     32.038 |     1.2
   35 |   0.7486 |     24.778 |   0.9731 |     31.861 |     1.2
   36 |   0.7247 |     23.660 |   0.9633 |     31.449 |     1.2
   37 |   0.7102 |     23.237 |   0.9610 |     31.184 |     1.3
   38 |   0.6831 |     22.418 |   0.9611 |     31.213 |     1.3
   39 |   0.6675 |     21.533 |   0.9661 |     30.830 |     1.3
   40 |   0.6511 |     21.360 |   0.9466 |     30.035 |     1.4
   41 |   0.6298 |     20.340 |   0.9805 |     30.771 |     1.4
   42 |   0.6106 |     19.699 |   0.9891 |     30.919 |     1.4
   43 |   0.6078 |     19.770 |   0.9880 |     30.124 |     1.5
   44 |   0.5798 |     18.804 |   0.9789 |     29.947 |     1.5
Early stopping

Model: Seq2Seq Bi-LSTM
Source index: <Seq2Seq Index with 43 items>
Target index: <Seq2Seq Index with 34 items>
Encoder embedding dimension: 32
Decoder embedding dimension: 128
Encoder hidden units: 64
Encoder layers: 2
Decoder hidden units: 64
Decoder layers: 2
Dropout: 0.1
Trainable parameters: 273,154

Training started
X_train.shape: torch.Size([3072, 702])
Y_train.shape: torch.Size([3072, 7])
X_dev.shape: torch.Size([566, 649])
Y_dev.shape: torch.Size([566, 7])
Epochs: 500
Learning rate: 0.001
Weight decay: 1e-05
Epoch | Train                 | Development           | Minutes
      | Loss     | Error Rate | Loss     | Error Rate |
---------------------------------------------------------------
    1 |   2.3521 |     61.431 |   1.7585 |     48.969 |     0.0
    2 |   1.5540 |     47.043 |   1.4717 |     47.026 |     0.0
    3 |   1.4026 |     45.475 |   1.3886 |     45.583 |     0.1
    4 |   1.3471 |     45.139 |   1.3565 |     46.378 |     0.1
    5 |   1.3152 |     44.683 |   1.3263 |     46.025 |     0.1
    6 |   1.2922 |     44.135 |   1.3033 |     44.670 |     0.1
    7 |   1.2710 |     44.108 |   1.2805 |     44.876 |     0.1
    8 |   1.2501 |     43.604 |   1.2638 |     43.610 |     0.1
    9 |   1.2309 |     43.110 |   1.2396 |     43.168 |     0.2
   10 |   1.2133 |     42.697 |   1.2170 |     42.226 |     0.2
   11 |   1.1912 |     41.938 |   1.2027 |     42.285 |     0.2
   12 |   1.1740 |     41.314 |   1.1881 |     41.814 |     0.2
   13 |   1.1561 |     40.658 |   1.1696 |     40.724 |     0.2
   14 |   1.1359 |     40.055 |   1.1586 |     40.459 |     0.2
   15 |   1.1167 |     39.198 |   1.1378 |     39.959 |     0.3
   16 |   1.0965 |     38.211 |   1.1234 |     39.193 |     0.3
   17 |   1.0771 |     37.863 |   1.1117 |     38.398 |     0.3
   18 |   1.0528 |     36.182 |   1.0903 |     37.809 |     0.3
   19 |   1.0315 |     35.547 |   1.0800 |     37.073 |     0.3
   20 |   1.0073 |     34.592 |   1.0759 |     36.278 |     0.3
   21 |   0.9879 |     33.583 |   1.0568 |     35.718 |     0.4
   22 |   0.9620 |     32.595 |   1.0492 |     35.984 |     0.4
   23 |   0.9420 |     31.521 |   1.0375 |     35.483 |     0.4
   24 |   0.9173 |     30.865 |   1.0343 |     34.776 |     0.4
   25 |   0.8945 |     30.111 |   1.0196 |     34.246 |     0.4
   26 |   0.8723 |     29.129 |   1.0048 |     33.746 |     0.4
   27 |   0.8561 |     28.494 |   1.0050 |     33.922 |     0.5
   28 |   0.8343 |     27.870 |   1.0024 |     33.098 |     0.5
   29 |   0.8108 |     27.051 |   0.9782 |     32.244 |     0.5
   30 |   0.8065 |     26.763 |   0.9813 |     32.715 |     0.5
   31 |   0.7771 |     25.770 |   0.9772 |     31.832 |     0.5
   32 |   0.7538 |     24.685 |   0.9778 |     31.949 |     0.5
   33 |   0.7335 |     24.365 |   0.9697 |     31.684 |     0.6
   34 |   0.7230 |     23.839 |   0.9688 |     31.743 |     0.6
   35 |   0.7000 |     22.955 |   0.9611 |     30.565 |     0.6
   36 |   0.6875 |     22.618 |   0.9522 |     30.771 |     0.6
   37 |   0.6629 |     21.902 |   0.9595 |     30.654 |     0.6
   38 |   0.6515 |     21.490 |   0.9689 |     30.771 |     0.6
   39 |   0.6394 |     20.714 |   0.9780 |     29.976 |     0.7
   40 |   0.6255 |     20.638 |   0.9568 |     29.446 |     0.7
Early stopping

Model: Seq2Seq Bi-LSTM
Source index: <Seq2Seq Index with 43 items>
Target index: <Seq2Seq Index with 34 items>
Encoder embedding dimension: 32
Decoder embedding dimension: 128
Encoder hidden units: 128
Encoder layers: 4
Decoder hidden units: 128
Decoder layers: 3
Dropout: 0.1
Trainable parameters: 2,020,226

Training started
X_train.shape: torch.Size([3072, 702])
Y_train.shape: torch.Size([3072, 7])
X_dev.shape: torch.Size([566, 649])
Y_dev.shape: torch.Size([566, 7])
Epochs: 500
Learning rate: 0.001
Weight decay: 0.0001
Epoch | Train                 | Development           | Minutes
      | Loss     | Error Rate | Loss     | Error Rate |
---------------------------------------------------------------
    1 |   2.1638 |     59.022 |   1.6220 |     49.441 |     0.1
    2 |   1.4734 |     46.105 |   1.4435 |     46.731 |     0.2
    3 |   1.3979 |     45.920 |   1.4049 |     46.731 |     0.2
    4 |   1.3570 |     45.893 |   1.3556 |     46.643 |     0.3
    5 |   1.3193 |     45.578 |   1.3161 |     46.113 |     0.4
    6 |   1.2966 |     45.394 |   1.3041 |     44.788 |     0.5
    7 |   1.2746 |     44.341 |   1.2846 |     45.436 |     0.6
    8 |   1.2551 |     44.043 |   1.2609 |     44.817 |     0.6
    9 |   1.2376 |     43.918 |   1.2464 |     44.317 |     0.7
   10 |   1.2225 |     43.300 |   1.2362 |     43.728 |     0.8
   11 |   1.2098 |     43.132 |   1.2239 |     43.581 |     0.9
   12 |   1.1960 |     42.676 |   1.1963 |     42.403 |     1.0
   13 |   1.1866 |     42.828 |   1.1999 |     43.846 |     1.1
   14 |   1.1787 |     42.535 |   1.1864 |     43.227 |     1.1
   15 |   1.1637 |     42.188 |   1.1798 |     42.344 |     1.2
   16 |   1.1578 |     42.030 |   1.1697 |     43.139 |     1.3
   17 |   1.1456 |     41.970 |   1.1600 |     42.609 |     1.4
   18 |   1.1390 |     41.862 |   1.1567 |     42.226 |     1.5
   19 |   1.1314 |     41.824 |   1.1473 |     42.167 |     1.5
   20 |   1.1245 |     41.379 |   1.1452 |     41.549 |     1.6
   21 |   1.1163 |     40.945 |   1.1403 |     41.991 |     1.7
   22 |   1.1108 |     41.227 |   1.1410 |     41.402 |     1.8
   23 |   1.1063 |     40.934 |   1.1354 |     41.048 |     1.9
   24 |   1.0997 |     40.679 |   1.1291 |     41.254 |     1.9
   25 |   1.0956 |     40.527 |   1.1177 |     41.608 |     2.0
   26 |   1.0869 |     40.337 |   1.1044 |     39.959 |     2.1
   27 |   1.0835 |     40.001 |   1.1074 |     40.607 |     2.2
   28 |   1.0790 |     39.855 |   1.1098 |     40.312 |     2.3
   29 |   1.0692 |     39.280 |   1.0950 |     40.106 |     2.3
   30 |   1.0670 |     39.160 |   1.0916 |     40.283 |     2.4
   31 |   1.0592 |     38.954 |   1.0902 |     38.928 |     2.5
   32 |   1.0524 |     38.666 |   1.0954 |     39.870 |     2.6
   33 |   1.0456 |     38.390 |   1.0832 |     39.223 |     2.7
   34 |   1.0391 |     37.863 |   1.0829 |     39.311 |     2.8
   35 |   1.0379 |     37.950 |   1.0760 |     39.370 |     2.8
   36 |   1.0304 |     37.701 |   1.0736 |     38.634 |     2.9
   37 |   1.0216 |     37.164 |   1.0715 |     38.339 |     3.0
   38 |   1.0186 |     37.375 |   1.0662 |     38.428 |     3.1
   39 |   1.0086 |     36.616 |   1.0688 |     39.311 |     3.2
   40 |   1.0087 |     37.120 |   1.0733 |     38.604 |     3.2
   41 |   1.0020 |     36.334 |   1.0631 |     38.634 |     3.3
   42 |   0.9971 |     36.111 |   1.0412 |     36.896 |     3.4
   43 |   0.9866 |     35.655 |   1.0496 |     37.426 |     3.5
   44 |   0.9820 |     35.541 |   1.0376 |     37.485 |     3.6
   45 |   0.9763 |     35.075 |   1.0359 |     37.338 |     3.6
   46 |   0.9671 |     34.760 |   1.0364 |     36.690 |     3.7
   47 |   0.9626 |     34.961 |   1.0339 |     36.661 |     3.8
   48 |   0.9549 |     34.174 |   1.0277 |     36.720 |     3.9
   49 |   0.9458 |     33.746 |   1.0185 |     35.306 |     4.0
   50 |   0.9425 |     34.044 |   1.0181 |     37.250 |     4.1
   51 |   0.9361 |     33.529 |   1.0217 |     36.366 |     4.1
   52 |   0.9318 |     33.469 |   1.0224 |     35.925 |     4.2
   53 |   0.9220 |     33.095 |   1.0064 |     35.571 |     4.3
   54 |   0.9162 |     32.671 |   1.0155 |     36.219 |     4.4
   55 |   0.9127 |     32.628 |   1.0092 |     35.424 |     4.5
   56 |   0.9070 |     32.460 |   0.9981 |     35.100 |     4.5
   57 |   0.9063 |     32.411 |   0.9869 |     35.100 |     4.6
   58 |   0.8953 |     31.923 |   0.9961 |     35.130 |     4.7
   59 |   0.8905 |     31.831 |   1.0008 |     34.953 |     4.8
   60 |   0.8894 |     31.912 |   0.9994 |     35.306 |     4.9
   61 |   0.8805 |     31.467 |   0.9888 |     34.128 |     5.0
Early stopping

Model: Seq2Seq Bi-LSTM
Source index: <Seq2Seq Index with 43 items>
Target index: <Seq2Seq Index with 34 items>
Encoder embedding dimension: 32
Decoder embedding dimension: 128
Encoder hidden units: 128
Encoder layers: 3
Decoder hidden units: 64
Decoder layers: 2
Dropout: 0.0
Trainable parameters: 1,145,602

Training started
X_train.shape: torch.Size([3072, 702])
Y_train.shape: torch.Size([3072, 7])
X_dev.shape: torch.Size([566, 649])
Y_dev.shape: torch.Size([566, 7])
Epochs: 500
Learning rate: 0.001
Weight decay: 1e-05
Epoch | Train                 | Development           | Minutes
      | Loss     | Error Rate | Loss     | Error Rate |
---------------------------------------------------------------
    1 |   2.3255 |     61.540 |   1.8109 |     48.969 |     0.1
    2 |   1.5978 |     46.886 |   1.5101 |     47.173 |     0.1
    3 |   1.4375 |     45.730 |   1.4272 |     46.996 |     0.2
    4 |   1.3842 |     45.871 |   1.3860 |     46.584 |     0.2
    5 |   1.3463 |     45.275 |   1.3484 |     45.436 |     0.3
    6 |   1.3172 |     45.171 |   1.3193 |     45.730 |     0.3
    7 |   1.2906 |     44.569 |   1.2992 |     45.171 |     0.4
    8 |   1.2713 |     43.815 |   1.2910 |     44.817 |     0.5
    9 |   1.2544 |     43.110 |   1.2625 |     44.376 |     0.5
   10 |   1.2340 |     43.001 |   1.2450 |     43.757 |     0.6
   11 |   1.2170 |     42.508 |   1.2319 |     42.197 |     0.6
   12 |   1.1954 |     41.645 |   1.2167 |     42.874 |     0.7
   13 |   1.1724 |     41.178 |   1.2007 |     42.108 |     0.8
   14 |   1.1537 |     40.522 |   1.1699 |     40.047 |     0.8
   15 |   1.1287 |     39.551 |   1.1607 |     40.371 |     0.9
   16 |   1.1078 |     38.460 |   1.1324 |     39.282 |     0.9
   17 |   1.0772 |     37.424 |   1.1182 |     38.634 |     1.0
   18 |   1.0476 |     36.051 |   1.1065 |     38.457 |     1.0
   19 |   1.0145 |     34.619 |   1.0987 |     37.102 |     1.1
   20 |   0.9971 |     33.838 |   1.0653 |     36.631 |     1.2
   21 |   0.9552 |     32.454 |   1.0448 |     35.306 |     1.2
   22 |   0.9179 |     30.924 |   1.0198 |     34.276 |     1.3
   23 |   0.8858 |     29.123 |   0.9964 |     33.893 |     1.3
   24 |   0.8429 |     27.756 |   0.9936 |     33.274 |     1.4
   25 |   0.8073 |     26.503 |   0.9801 |     32.774 |     1.5
   26 |   0.7735 |     25.488 |   0.9756 |     32.126 |     1.5
   27 |   0.7292 |     23.796 |   0.9668 |     31.773 |     1.6
   28 |   0.6930 |     22.336 |   0.9575 |     31.360 |     1.6
   29 |   0.6547 |     21.110 |   0.9838 |     32.008 |     1.7
   30 |   0.6221 |     19.954 |   0.9719 |     30.448 |     1.7
   31 |   0.5858 |     18.517 |   0.9501 |     29.270 |     1.8
   32 |   0.5536 |     17.399 |   0.9902 |     30.389 |     1.9
   33 |   0.5250 |     16.585 |   0.9775 |     29.122 |     1.9
   34 |   0.4943 |     15.620 |   0.9838 |     29.888 |     2.0
   35 |   0.4625 |     14.431 |   0.9731 |     28.740 |     2.0
Early stopping

Model: Seq2Seq Bi-LSTM
Source index: <Seq2Seq Index with 43 items>
Target index: <Seq2Seq Index with 34 items>
Encoder embedding dimension: 32
Decoder embedding dimension: 64
Encoder hidden units: 64
Encoder layers: 4
Decoder hidden units: 128
Decoder layers: 2
Dropout: 0.1
Trainable parameters: 718,594

Training started
X_train.shape: torch.Size([3072, 702])
Y_train.shape: torch.Size([3072, 7])
X_dev.shape: torch.Size([566, 649])
Y_dev.shape: torch.Size([566, 7])
Epochs: 500
Learning rate: 0.001
Weight decay: 0.0001
Epoch | Train                 | Development           | Minutes
      | Loss     | Error Rate | Loss     | Error Rate |
---------------------------------------------------------------
    1 |   2.0952 |     56.885 |   1.5444 |     47.468 |     0.0
    2 |   1.4255 |     45.725 |   1.3925 |     46.260 |     0.1
    3 |   1.3434 |     45.372 |   1.3377 |     45.053 |     0.1
    4 |   1.3023 |     45.052 |   1.2984 |     45.318 |     0.1
    5 |   1.2754 |     44.607 |   1.2814 |     44.287 |     0.2
    6 |   1.2545 |     44.000 |   1.2581 |     43.316 |     0.2
    7 |   1.2372 |     43.734 |   1.2547 |     43.345 |     0.2
    8 |   1.2158 |     43.294 |   1.2259 |     43.640 |     0.3
    9 |   1.1934 |     42.589 |   1.2055 |     42.756 |     0.3
   10 |   1.1767 |     42.529 |   1.2016 |     43.669 |     0.3
   11 |   1.1563 |     41.569 |   1.1631 |     41.932 |     0.4
   12 |   1.1373 |     40.880 |   1.1491 |     40.665 |     0.4
   13 |   1.1215 |     40.131 |   1.1337 |     40.047 |     0.4
   14 |   1.1064 |     39.969 |   1.1302 |     41.225 |     0.5
   15 |   1.0894 |     38.976 |   1.1067 |     38.869 |     0.5
   16 |   1.0692 |     38.167 |   1.0937 |     38.840 |     0.5
   17 |   1.0541 |     37.581 |   1.0727 |     38.428 |     0.6
   18 |   1.0384 |     37.028 |   1.0654 |     37.809 |     0.6
   19 |   1.0247 |     36.144 |   1.0572 |     38.280 |     0.6
   20 |   1.0101 |     35.259 |   1.0499 |     37.574 |     0.7
   21 |   0.9944 |     34.836 |   1.0446 |     37.073 |     0.7
   22 |   0.9795 |     34.733 |   1.0261 |     36.307 |     0.7
   23 |   0.9601 |     33.572 |   1.0122 |     35.453 |     0.8
   24 |   0.9466 |     33.333 |   1.0185 |     35.984 |     0.8
   25 |   0.9349 |     32.541 |   1.0066 |     36.484 |     0.8
   26 |   0.9185 |     32.026 |   0.9964 |     35.159 |     0.9
   27 |   0.9175 |     32.281 |   0.9932 |     34.393 |     0.9
   28 |   0.8989 |     31.163 |   0.9830 |     34.393 |     0.9
   29 |   0.8814 |     30.821 |   0.9778 |     33.863 |     1.0
   30 |   0.8757 |     30.539 |   0.9703 |     33.863 |     1.0
   31 |   0.8544 |     29.715 |   0.9779 |     33.746 |     1.0
   32 |   0.8492 |     29.622 |   0.9829 |     34.069 |     1.1
   33 |   0.8311 |     28.982 |   0.9654 |     33.333 |     1.1
   34 |   0.8190 |     28.657 |   0.9612 |     33.127 |     1.1
   35 |   0.8056 |     28.033 |   0.9721 |     33.834 |     1.2
   36 |   0.7929 |     27.371 |   0.9558 |     32.450 |     1.2
   37 |   0.7846 |     26.959 |   0.9406 |     32.450 |     1.2
   38 |   0.7699 |     26.492 |   0.9476 |     32.273 |     1.3
   39 |   0.7534 |     25.884 |   0.9317 |     31.125 |     1.3
   40 |   0.7389 |     25.353 |   0.9467 |     31.802 |     1.3
   41 |   0.7240 |     24.685 |   0.9461 |     31.596 |     1.4
   42 |   0.7078 |     24.208 |   0.9320 |     31.154 |     1.4
   43 |   0.7013 |     23.861 |   0.9394 |     30.212 |     1.4
   44 |   0.6825 |     23.085 |   0.9293 |     30.389 |     1.5
   45 |   0.6653 |     22.629 |   0.9321 |     30.830 |     1.5
   46 |   0.6540 |     22.038 |   0.9216 |     30.713 |     1.5
   47 |   0.6412 |     21.777 |   0.9255 |     29.623 |     1.6
   48 |   0.6276 |     21.126 |   0.9386 |     30.330 |     1.6
   49 |   0.6153 |     20.752 |   0.9202 |     29.446 |     1.6
   50 |   0.6002 |     20.161 |   0.9252 |     29.770 |     1.7
   51 |   0.5898 |     20.090 |   0.9261 |     29.299 |     1.7
   52 |   0.5717 |     19.097 |   0.9569 |     29.888 |     1.7
   53 |   0.5633 |     19.027 |   0.9612 |     29.329 |     1.8
Early stopping

Model: Seq2Seq Bi-LSTM
Source index: <Seq2Seq Index with 43 items>
Target index: <Seq2Seq Index with 34 items>
Encoder embedding dimension: 64
Decoder embedding dimension: 128
Encoder hidden units: 64
Encoder layers: 2
Decoder hidden units: 64
Decoder layers: 3
Dropout: 0.2
Trainable parameters: 324,194

Training started
X_train.shape: torch.Size([3072, 702])
Y_train.shape: torch.Size([3072, 7])
X_dev.shape: torch.Size([566, 649])
Y_dev.shape: torch.Size([566, 7])
Epochs: 500
Learning rate: 0.001
Weight decay: 1e-05
Epoch | Train                 | Development           | Minutes
      | Loss     | Error Rate | Loss     | Error Rate |
---------------------------------------------------------------
    1 |   2.5542 |     67.839 |   1.9588 |     54.535 |     0.0
    2 |   1.7380 |     49.295 |   1.5956 |     47.468 |     0.0
    3 |   1.4934 |     46.224 |   1.4705 |     47.468 |     0.1
    4 |   1.4207 |     46.039 |   1.4230 |     47.232 |     0.1
    5 |   1.3913 |     45.991 |   1.4017 |     47.261 |     0.1
    6 |   1.3667 |     45.877 |   1.3723 |     46.349 |     0.1
    7 |   1.3433 |     45.692 |   1.3519 |     46.996 |     0.1
    8 |   1.3207 |     45.253 |   1.3305 |     46.025 |     0.1
    9 |   1.3038 |     45.036 |   1.3083 |     45.554 |     0.2
   10 |   1.2868 |     44.727 |   1.2925 |     45.760 |     0.2
   11 |   1.2671 |     44.618 |   1.2751 |     44.847 |     0.2
   12 |   1.2493 |     44.390 |   1.2534 |     44.346 |     0.2
   13 |   1.2302 |     43.679 |   1.2384 |     43.875 |     0.2
   14 |   1.2112 |     42.931 |   1.2261 |     44.464 |     0.2
   15 |   1.1941 |     42.367 |   1.2047 |     42.049 |     0.3
   16 |   1.1792 |     42.095 |   1.1927 |     42.697 |     0.3
   17 |   1.1650 |     41.374 |   1.1821 |     41.107 |     0.3
   18 |   1.1544 |     40.712 |   1.1739 |     41.755 |     0.3
   19 |   1.1389 |     40.267 |   1.1608 |     41.578 |     0.3
   20 |   1.1253 |     39.719 |   1.1446 |     40.901 |     0.4
   21 |   1.1139 |     39.480 |   1.1379 |     40.106 |     0.4
   22 |   1.1011 |     38.802 |   1.1227 |     39.841 |     0.4
   23 |   1.0859 |     38.373 |   1.1254 |     39.605 |     0.4
   24 |   1.0742 |     38.173 |   1.1163 |     39.134 |     0.4
   25 |   1.0635 |     37.527 |   1.1142 |     39.664 |     0.4
   26 |   1.0505 |     37.061 |   1.1063 |     39.164 |     0.5
   27 |   1.0426 |     36.762 |   1.1003 |     38.604 |     0.5
   28 |   1.0302 |     36.420 |   1.0869 |     37.397 |     0.5
   29 |   1.0318 |     36.594 |   1.0923 |     38.251 |     0.5
   30 |   1.0080 |     35.368 |   1.0794 |     38.663 |     0.5
   31 |   1.0044 |     35.390 |   1.0776 |     37.279 |     0.5
   32 |   0.9858 |     34.391 |   1.0690 |     37.338 |     0.6
   33 |   0.9736 |     34.012 |   1.0568 |     36.337 |     0.6
   34 |   0.9615 |     33.605 |   1.0572 |     36.661 |     0.6
   35 |   0.9451 |     32.970 |   1.0565 |     35.247 |     0.6
   36 |   0.9306 |     32.151 |   1.0533 |     35.247 |     0.6
   37 |   0.9199 |     31.592 |   1.0369 |     34.246 |     0.7
   38 |   0.9093 |     31.250 |   1.0478 |     34.541 |     0.7
   39 |   0.8892 |     30.577 |   1.0320 |     33.952 |     0.7
   40 |   0.8835 |     30.241 |   1.0425 |     33.775 |     0.7
   41 |   0.8763 |     29.883 |   1.0311 |     33.216 |     0.7
   42 |   0.8592 |     29.291 |   1.0360 |     34.069 |     0.7
   43 |   0.8493 |     29.047 |   1.0136 |     32.686 |     0.8
   44 |   0.8355 |     28.743 |   1.0264 |     33.009 |     0.8
   45 |   0.8308 |     28.217 |   1.0211 |     32.774 |     0.8
   46 |   0.8185 |     27.962 |   1.0131 |     32.538 |     0.8
   47 |   0.8046 |     27.463 |   1.0227 |     32.509 |     0.8
   48 |   0.7964 |     27.289 |   1.0322 |     32.479 |     0.8
   49 |   0.7778 |     26.470 |   1.0243 |     32.303 |     0.9
   50 |   0.7757 |     26.313 |   1.0184 |     32.185 |     0.9
Early stopping

Model: Seq2Seq Bi-LSTM
Source index: <Seq2Seq Index with 43 items>
Target index: <Seq2Seq Index with 34 items>
Encoder embedding dimension: 64
Decoder embedding dimension: 128
Encoder hidden units: 128
Encoder layers: 2
Decoder hidden units: 128
Decoder layers: 2
Dropout: 0.1
Trainable parameters: 1,000,674

Training started
X_train.shape: torch.Size([3072, 702])
Y_train.shape: torch.Size([3072, 7])
X_dev.shape: torch.Size([566, 649])
Y_dev.shape: torch.Size([566, 7])
Epochs: 500
Learning rate: 0.001
Weight decay: 1e-05
Epoch | Train                 | Development           | Minutes
      | Loss     | Error Rate | Loss     | Error Rate |
---------------------------------------------------------------
    1 |   2.0087 |     55.317 |   1.5101 |     46.996 |     0.0
    2 |   1.4050 |     45.747 |   1.3883 |     46.231 |     0.1
    3 |   1.3315 |     45.106 |   1.3313 |     46.408 |     0.1
    4 |   1.2876 |     44.341 |   1.2844 |     44.405 |     0.2
    5 |   1.2507 |     43.490 |   1.2476 |     43.581 |     0.2
    6 |   1.2147 |     43.115 |   1.2278 |     42.845 |     0.2
    7 |   1.1836 |     41.829 |   1.1838 |     41.814 |     0.3
    8 |   1.1540 |     41.276 |   1.1708 |     41.608 |     0.3
    9 |   1.1246 |     40.251 |   1.1437 |     39.929 |     0.4
   10 |   1.0915 |     38.222 |   1.1213 |     38.928 |     0.4
   11 |   1.0592 |     36.990 |   1.0833 |     36.955 |     0.5
   12 |   1.0226 |     35.503 |   1.0605 |     36.779 |     0.5
   13 |   0.9912 |     34.229 |   1.0394 |     36.101 |     0.5
   14 |   0.9526 |     32.644 |   1.0058 |     34.629 |     0.6
   15 |   0.9066 |     30.718 |   0.9863 |     33.569 |     0.6
   16 |   0.8636 |     29.107 |   0.9822 |     32.627 |     0.7
   17 |   0.8225 |     27.582 |   0.9730 |     32.420 |     0.7
   18 |   0.7770 |     25.727 |   0.9453 |     31.596 |     0.7
   19 |   0.7337 |     24.533 |   0.9453 |     31.095 |     0.8
   20 |   0.6922 |     22.765 |   0.9217 |     29.947 |     0.8
   21 |   0.6463 |     21.338 |   0.9154 |     29.329 |     0.9
   22 |   0.6057 |     19.933 |   0.9188 |     29.005 |     0.9
   23 |   0.5733 |     18.647 |   0.9015 |     28.180 |     0.9
   24 |   0.5396 |     17.763 |   0.9182 |     28.386 |     1.0
   25 |   0.5132 |     16.987 |   0.9253 |     28.534 |     1.0
   26 |   0.4813 |     15.706 |   0.9201 |     27.356 |     1.1
   27 |   0.4532 |     14.638 |   0.9385 |     27.591 |     1.1
Early stopping

Model: Seq2Seq Bi-LSTM
Source index: <Seq2Seq Index with 43 items>
Target index: <Seq2Seq Index with 34 items>
Encoder embedding dimension: 128
Decoder embedding dimension: 128
Encoder hidden units: 64
Encoder layers: 3
Decoder hidden units: 64
Decoder layers: 3
Dropout: 0.1
Trainable parameters: 475,426

Training started
X_train.shape: torch.Size([3072, 702])
Y_train.shape: torch.Size([3072, 7])
X_dev.shape: torch.Size([566, 649])
Y_dev.shape: torch.Size([566, 7])
Epochs: 500
Learning rate: 0.001
Weight decay: 0.0001
Epoch | Train                 | Development           | Minutes
      | Loss     | Error Rate | Loss     | Error Rate |
---------------------------------------------------------------
    1 |   2.5316 |     67.318 |   1.9959 |     54.211 |     0.0
    2 |   1.7511 |     49.235 |   1.5922 |     47.468 |     0.1
    3 |   1.4873 |     46.115 |   1.4613 |     47.468 |     0.1
    4 |   1.4114 |     46.164 |   1.4073 |     46.408 |     0.1
    5 |   1.3713 |     45.898 |   1.3785 |     47.055 |     0.1
    6 |   1.3468 |     45.795 |   1.3500 |     46.466 |     0.2
    7 |   1.3257 |     45.595 |   1.3326 |     46.555 |     0.2
    8 |   1.3085 |     45.302 |   1.3139 |     46.673 |     0.2
    9 |   1.2891 |     45.177 |   1.2942 |     45.760 |     0.2
   10 |   1.2688 |     44.374 |   1.2790 |     44.876 |     0.3
   11 |   1.2546 |     43.978 |   1.2654 |     44.523 |     0.3
   12 |   1.2383 |     43.115 |   1.2495 |     44.258 |     0.3
   13 |   1.2295 |     43.251 |   1.2390 |     43.492 |     0.4
   14 |   1.2141 |     42.405 |   1.2249 |     43.610 |     0.4
   15 |   1.2003 |     42.377 |   1.2142 |     43.433 |     0.4
   16 |   1.1906 |     42.432 |   1.2098 |     42.403 |     0.4
   17 |   1.1772 |     41.933 |   1.1898 |     42.462 |     0.5
   18 |   1.1676 |     41.688 |   1.1900 |     42.403 |     0.5
   19 |   1.1573 |     41.081 |   1.1684 |     41.814 |     0.5
   20 |   1.1465 |     40.690 |   1.1712 |     42.697 |     0.5
   21 |   1.1373 |     40.554 |   1.1525 |     41.519 |     0.6
   22 |   1.1316 |     40.218 |   1.1513 |     41.608 |     0.6
   23 |   1.1232 |     39.708 |   1.1392 |     40.901 |     0.6
   24 |   1.1139 |     39.752 |   1.1355 |     41.048 |     0.7
   25 |   1.1063 |     39.486 |   1.1296 |     40.754 |     0.7
   26 |   1.0989 |     39.388 |   1.1190 |     40.754 |     0.7
   27 |   1.0921 |     39.068 |   1.1211 |     39.664 |     0.7
   28 |   1.0871 |     38.916 |   1.1098 |     38.928 |     0.8
   29 |   1.0793 |     38.563 |   1.1157 |     40.400 |     0.8
   30 |   1.0719 |     38.184 |   1.1072 |     39.164 |     0.8
   31 |   1.0618 |     38.373 |   1.0954 |     39.488 |     0.9
   32 |   1.0566 |     37.728 |   1.0818 |     38.133 |     0.9
   33 |   1.0466 |     37.511 |   1.0814 |     38.693 |     0.9
   34 |   1.0425 |     37.419 |   1.0816 |     38.869 |     0.9
   35 |   1.0369 |     37.305 |   1.0744 |     39.370 |     1.0
   36 |   1.0262 |     36.616 |   1.0799 |     38.516 |     1.0
   37 |   1.0190 |     36.317 |   1.0675 |     38.251 |     1.0
   38 |   1.0148 |     36.410 |   1.0622 |     38.928 |     1.0
   39 |   1.0064 |     36.268 |   1.0571 |     37.426 |     1.1
   40 |   1.0019 |     36.057 |   1.0680 |     38.045 |     1.1
   41 |   0.9978 |     35.514 |   1.0570 |     38.163 |     1.1
   42 |   0.9908 |     35.362 |   1.0486 |     37.102 |     1.2
   43 |   0.9965 |     35.688 |   1.0746 |     38.575 |     1.2
   44 |   0.9831 |     35.330 |   1.0444 |     37.044 |     1.2
   45 |   0.9727 |     34.657 |   1.0548 |     37.986 |     1.2
   46 |   0.9726 |     35.015 |   1.0383 |     37.250 |     1.3
   47 |   0.9619 |     34.380 |   1.0385 |     36.602 |     1.3
   48 |   0.9535 |     34.125 |   1.0387 |     36.955 |     1.3
   49 |   0.9472 |     33.740 |   1.0290 |     37.338 |     1.3
   50 |   0.9382 |     33.550 |   1.0309 |     36.837 |     1.4
   51 |   0.9341 |     33.002 |   1.0294 |     36.278 |     1.4
   52 |   0.9277 |     32.677 |   1.0206 |     35.925 |     1.4
   53 |   0.9189 |     32.585 |   1.0252 |     36.808 |     1.5
   54 |   0.9100 |     31.793 |   1.0175 |     35.306 |     1.5
   55 |   0.9047 |     31.755 |   1.0139 |     35.836 |     1.5
   56 |   0.8949 |     31.472 |   1.0186 |     35.895 |     1.5
   57 |   0.8892 |     31.272 |   1.0068 |     35.984 |     1.6
   58 |   0.8797 |     30.583 |   1.0037 |     35.512 |     1.6
   59 |   0.8767 |     30.382 |   1.0023 |     34.865 |     1.6
   60 |   0.8664 |     29.785 |   1.0129 |     35.424 |     1.6
   61 |   0.8552 |     29.362 |   1.0020 |     35.306 |     1.7
   62 |   0.8473 |     29.405 |   0.9984 |     34.511 |     1.7
   63 |   0.8326 |     28.912 |   1.0093 |     35.012 |     1.7
   64 |   0.8258 |     28.168 |   0.9929 |     33.157 |     1.8
   65 |   0.8240 |     28.299 |   0.9939 |     33.539 |     1.8
   66 |   0.8146 |     28.163 |   0.9993 |     33.009 |     1.8
   67 |   0.8004 |     27.344 |   0.9978 |     33.274 |     1.8
   68 |   0.7922 |     27.105 |   0.9921 |     33.009 |     1.9
   69 |   0.7753 |     26.324 |   0.9859 |     33.009 |     1.9
   70 |   0.7788 |     26.373 |   0.9826 |     33.098 |     1.9
   71 |   0.7619 |     25.798 |   0.9750 |     32.244 |     2.0
   72 |   0.7504 |     25.705 |   0.9859 |     32.774 |     2.0
   73 |   0.7455 |     25.222 |   0.9679 |     32.155 |     2.0
   74 |   0.7434 |     25.298 |   0.9749 |     32.214 |     2.0
   75 |   0.7278 |     24.685 |   0.9768 |     31.949 |     2.1
   76 |   0.7177 |     24.371 |   0.9712 |     31.743 |     2.1
   77 |   0.7063 |     23.768 |   0.9807 |     31.625 |     2.1
Early stopping

Model: Seq2Seq Bi-LSTM
Source index: <Seq2Seq Index with 43 items>
Target index: <Seq2Seq Index with 34 items>
Encoder embedding dimension: 128
Decoder embedding dimension: 64
Encoder hidden units: 128
Encoder layers: 4
Decoder hidden units: 128
Decoder layers: 3
Dropout: 0.1
Trainable parameters: 2,087,714

Training started
X_train.shape: torch.Size([3072, 702])
Y_train.shape: torch.Size([3072, 7])
X_dev.shape: torch.Size([566, 649])
Y_dev.shape: torch.Size([566, 7])
Epochs: 500
Learning rate: 0.001
Weight decay: 0.0001
Epoch | Train                 | Development           | Minutes
      | Loss     | Error Rate | Loss     | Error Rate |
---------------------------------------------------------------
    1 |   2.2224 |     59.619 |   1.6631 |     47.468 |     0.1
    2 |   1.4824 |     46.235 |   1.4482 |     47.468 |     0.2
    3 |   1.4035 |     46.056 |   1.4117 |     46.820 |     0.2
    4 |   1.3678 |     45.833 |   1.3665 |     46.584 |     0.3
    5 |   1.3330 |     45.725 |   1.3342 |     46.967 |     0.4
    6 |   1.3113 |     45.394 |   1.3269 |     45.936 |     0.5
    7 |   1.2931 |     45.247 |   1.2991 |     45.789 |     0.6
    8 |   1.2758 |     44.884 |   1.2793 |     44.582 |     0.7
    9 |   1.2587 |     44.548 |   1.2661 |     44.611 |     0.7
   10 |   1.2456 |     43.945 |   1.2512 |     44.994 |     0.8
   11 |   1.2326 |     43.772 |   1.2350 |     44.052 |     0.9
   12 |   1.2160 |     43.560 |   1.2197 |     43.963 |     1.0
   13 |   1.2070 |     43.294 |   1.2112 |     44.111 |     1.1
   14 |   1.1951 |     42.844 |   1.2074 |     43.021 |     1.1
   15 |   1.1833 |     42.649 |   1.1817 |     43.139 |     1.2
   16 |   1.1710 |     42.215 |   1.1806 |     41.991 |     1.3
   17 |   1.1622 |     42.112 |   1.1714 |     42.697 |     1.4
   18 |   1.1522 |     41.705 |   1.1620 |     42.079 |     1.5
   19 |   1.1439 |     41.526 |   1.1582 |     41.902 |     1.6
   20 |   1.1315 |     40.809 |   1.1417 |     41.313 |     1.6
   21 |   1.1204 |     40.576 |   1.1342 |     40.754 |     1.7
   22 |   1.1108 |     40.316 |   1.1279 |     40.783 |     1.8
   23 |   1.1041 |     39.844 |   1.1238 |     40.400 |     1.9
   24 |   1.0895 |     39.355 |   1.1159 |     40.371 |     2.0
   25 |   1.0821 |     39.149 |   1.1074 |     40.577 |     2.1
   26 |   1.0748 |     38.580 |   1.0987 |     40.577 |     2.1
   27 |   1.0616 |     38.249 |   1.0935 |     40.077 |     2.2
   28 |   1.0565 |     38.531 |   1.0910 |     39.458 |     2.3
   29 |   1.0479 |     37.929 |   1.0814 |     39.429 |     2.4
   30 |   1.0382 |     37.788 |   1.0667 |     39.576 |     2.5
   31 |   1.0308 |     37.619 |   1.0707 |     38.869 |     2.5
   32 |   1.0213 |     36.898 |   1.0653 |     38.545 |     2.6
   33 |   1.0091 |     36.507 |   1.0677 |     38.810 |     2.7
   34 |   1.0015 |     36.279 |   1.0504 |     37.662 |     2.8
   35 |   0.9926 |     35.683 |   1.0359 |     37.544 |     2.9
   36 |   0.9834 |     35.661 |   1.0339 |     37.367 |     3.0
   37 |   0.9672 |     34.652 |   1.0267 |     36.278 |     3.0
   38 |   0.9567 |     34.239 |   1.0122 |     36.514 |     3.1
   39 |   0.9502 |     34.082 |   1.0087 |     36.661 |     3.2
   40 |   0.9359 |     33.648 |   1.0017 |     35.630 |     3.3
   41 |   0.9303 |     33.241 |   0.9963 |     35.483 |     3.4
   42 |   0.9189 |     32.916 |   0.9889 |     35.188 |     3.4
   43 |   0.9152 |     32.487 |   0.9827 |     35.041 |     3.5
   44 |   0.9053 |     32.633 |   0.9807 |     35.012 |     3.6
   45 |   0.8912 |     31.906 |   0.9825 |     35.218 |     3.7
   46 |   0.8792 |     31.364 |   0.9760 |     35.130 |     3.8
   47 |   0.8707 |     30.903 |   0.9760 |     34.335 |     3.9
   48 |   0.8604 |     30.594 |   0.9740 |     34.276 |     3.9
   49 |   0.8506 |     30.143 |   0.9650 |     33.952 |     4.0
   50 |   0.8369 |     29.742 |   0.9615 |     33.628 |     4.1
   51 |   0.8351 |     29.519 |   0.9609 |     33.952 |     4.2
   52 |   0.8223 |     29.243 |   0.9539 |     33.127 |     4.3
   53 |   0.8113 |     28.613 |   0.9625 |     32.597 |     4.4
   54 |   0.8045 |     28.456 |   0.9494 |     32.509 |     4.4
   55 |   0.7954 |     28.016 |   0.9431 |     32.097 |     4.5
   56 |   0.7856 |     27.496 |   0.9356 |     31.949 |     4.6
   57 |   0.7751 |     27.176 |   0.9561 |     32.803 |     4.7
   58 |   0.7660 |     27.002 |   0.9335 |     31.773 |     4.8
   59 |   0.7587 |     26.823 |   0.9315 |     32.126 |     4.8
   60 |   0.7488 |     26.194 |   0.9297 |     31.125 |     4.9
   61 |   0.7370 |     25.754 |   0.9272 |     31.390 |     5.0
   62 |   0.7200 |     25.076 |   0.9183 |     30.771 |     5.1
   63 |   0.7142 |     24.886 |   0.9283 |     30.919 |     5.2
   64 |   0.7065 |     24.506 |   0.9282 |     31.037 |     5.3
   65 |   0.6919 |     23.872 |   0.9228 |     30.506 |     5.3
   66 |   0.6836 |     23.541 |   0.9368 |     30.536 |     5.4
Early stopping

Model: Seq2Seq Bi-LSTM
Source index: <Seq2Seq Index with 43 items>
Target index: <Seq2Seq Index with 34 items>
Encoder embedding dimension: 64
Decoder embedding dimension: 64
Encoder hidden units: 128
Encoder layers: 3
Decoder hidden units: 64
Decoder layers: 2
Dropout: 0.1
Trainable parameters: 1,161,186

Training started
X_train.shape: torch.Size([3072, 702])
Y_train.shape: torch.Size([3072, 7])
X_dev.shape: torch.Size([566, 649])
Y_dev.shape: torch.Size([566, 7])
Epochs: 500
Learning rate: 0.001
Weight decay: 1e-05
Epoch | Train                 | Development           | Minutes
      | Loss     | Error Rate | Loss     | Error Rate |
---------------------------------------------------------------
    1 |   2.4093 |     64.941 |   1.9198 |     49.058 |     0.1
    2 |   1.7123 |     48.302 |   1.5786 |     47.468 |     0.1
    3 |   1.4833 |     46.056 |   1.4657 |     47.468 |     0.2
    4 |   1.4165 |     46.148 |   1.4258 |     47.261 |     0.2
    5 |   1.3850 |     46.056 |   1.3875 |     47.026 |     0.3
    6 |   1.3584 |     45.725 |   1.3672 |     46.349 |     0.4
    7 |   1.3377 |     45.394 |   1.3482 |     46.584 |     0.4
    8 |   1.3233 |     45.443 |   1.3391 |     46.761 |     0.5
    9 |   1.3153 |     45.269 |   1.3219 |     46.260 |     0.6
   10 |   1.2984 |     45.166 |   1.3067 |     45.966 |     0.6
   11 |   1.2861 |     44.759 |   1.2968 |     46.054 |     0.7
   12 |   1.2716 |     44.368 |   1.2849 |     43.963 |     0.7
   13 |   1.2577 |     43.793 |   1.2666 |     43.875 |     0.8
   14 |   1.2403 |     43.327 |   1.2466 |     43.551 |     0.9
   15 |   1.2194 |     42.811 |   1.2392 |     43.581 |     0.9
   16 |   1.1990 |     42.274 |   1.2195 |     42.845 |     1.0
   17 |   1.1769 |     41.433 |   1.2053 |     42.903 |     1.0
   18 |   1.1549 |     40.148 |   1.1814 |     41.873 |     1.1
   19 |   1.1268 |     39.247 |   1.1604 |     40.607 |     1.2
   20 |   1.1009 |     37.923 |   1.1326 |     39.340 |     1.2
   21 |   1.0706 |     37.077 |   1.1154 |     38.899 |     1.3
   22 |   1.0441 |     35.796 |   1.0952 |     37.868 |     1.4
   23 |   1.0140 |     34.478 |   1.0789 |     36.867 |     1.4
   24 |   0.9786 |     32.883 |   1.0677 |     35.159 |     1.5
   25 |   0.9472 |     32.096 |   1.0449 |     34.806 |     1.5
   26 |   0.9085 |     30.594 |   1.0444 |     35.365 |     1.6
   27 |   0.8656 |     28.787 |   1.0193 |     34.335 |     1.7
   28 |   0.8306 |     27.295 |   1.0240 |     34.217 |     1.7
   29 |   0.7946 |     26.232 |   1.0132 |     33.127 |     1.8
   30 |   0.7601 |     24.962 |   1.0168 |     32.568 |     1.9
   31 |   0.7291 |     23.617 |   0.9975 |     31.802 |     1.9
   32 |   0.6911 |     21.929 |   0.9997 |     31.125 |     2.0
   33 |   0.6542 |     20.774 |   1.0034 |     31.007 |     2.0
   34 |   0.6195 |     19.363 |   1.0115 |     30.683 |     2.1
   35 |   0.5825 |     18.197 |   1.0160 |     30.477 |     2.2
Early stopping

Model: Seq2Seq Bi-LSTM
Source index: <Seq2Seq Index with 43 items>
Target index: <Seq2Seq Index with 34 items>
Encoder embedding dimension: 128
Decoder embedding dimension: 128
Encoder hidden units: 64
Encoder layers: 4
Decoder hidden units: 64
Decoder layers: 3
Dropout: 0.0
Trainable parameters: 591,138

Training started
X_train.shape: torch.Size([3072, 702])
Y_train.shape: torch.Size([3072, 7])
X_dev.shape: torch.Size([566, 649])
Y_dev.shape: torch.Size([566, 7])
Epochs: 500
Learning rate: 0.001
Weight decay: 0.0001
Epoch | Train                 | Development           | Minutes
      | Loss     | Error Rate | Loss     | Error Rate |
---------------------------------------------------------------
    1 |   2.5230 |     68.717 |   2.0191 |     59.069 |     0.0
    2 |   1.7622 |     49.419 |   1.6055 |     47.468 |     0.1
    3 |   1.5014 |     46.029 |   1.4816 |     47.468 |     0.1
    4 |   1.4283 |     46.050 |   1.4335 |     47.468 |     0.1
    5 |   1.3943 |     45.893 |   1.4054 |     47.085 |     0.2
    6 |   1.3627 |     45.611 |   1.3733 |     46.761 |     0.2
    7 |   1.3292 |     45.367 |   1.3436 |     46.496 |     0.2
    8 |   1.3047 |     44.884 |   1.3145 |     45.436 |     0.3
    9 |   1.2826 |     44.124 |   1.2978 |     44.229 |     0.3
   10 |   1.2630 |     44.059 |   1.2754 |     44.906 |     0.3
   11 |   1.2455 |     43.712 |   1.2603 |     44.464 |     0.4
   12 |   1.2306 |     43.343 |   1.2482 |     44.287 |     0.4
   13 |   1.2130 |     42.936 |   1.2280 |     42.756 |     0.4
   14 |   1.1983 |     42.399 |   1.2213 |     43.551 |     0.5
   15 |   1.1860 |     42.150 |   1.2029 |     42.432 |     0.5
   16 |   1.1707 |     41.667 |   1.2006 |     43.198 |     0.5
   17 |   1.1579 |     41.124 |   1.1905 |     41.961 |     0.6
   18 |   1.1470 |     40.739 |   1.1860 |     41.284 |     0.6
   19 |   1.1359 |     40.511 |   1.1632 |     40.400 |     0.6
   20 |   1.1262 |     40.224 |   1.1534 |     39.635 |     0.7
   21 |   1.1153 |     39.882 |   1.1455 |     40.577 |     0.7
   22 |   1.1046 |     39.334 |   1.1364 |     40.312 |     0.7
   23 |   1.0952 |     39.263 |   1.1428 |     40.636 |     0.8
   24 |   1.0845 |     38.808 |   1.1266 |     39.841 |     0.8
   25 |   1.0775 |     38.373 |   1.1241 |     39.900 |     0.8
   26 |   1.0697 |     38.178 |   1.1193 |     39.429 |     0.9
   27 |   1.0582 |     37.842 |   1.1103 |     38.457 |     0.9
   28 |   1.0474 |     37.212 |   1.1036 |     38.781 |     0.9
   29 |   1.0406 |     37.028 |   1.0974 |     38.486 |     0.9
   30 |   1.0296 |     36.334 |   1.1053 |     38.545 |     1.0
   31 |   1.0190 |     35.943 |   1.0919 |     37.839 |     1.0
   32 |   1.0071 |     35.368 |   1.0891 |     37.839 |     1.0
   33 |   0.9972 |     34.993 |   1.0726 |     38.163 |     1.1
   34 |   0.9904 |     34.543 |   1.0774 |     37.544 |     1.1
   35 |   0.9797 |     34.142 |   1.0681 |     36.631 |     1.1
   36 |   0.9671 |     33.561 |   1.0726 |     36.425 |     1.2
   37 |   0.9535 |     32.715 |   1.0707 |     36.249 |     1.2
   38 |   0.9447 |     32.476 |   1.0505 |     36.219 |     1.2
   39 |   0.9309 |     31.939 |   1.0448 |     35.277 |     1.3
   40 |   0.9197 |     31.624 |   1.0374 |     35.336 |     1.3
   41 |   0.9045 |     31.136 |   1.0339 |     35.483 |     1.3
   42 |   0.8907 |     30.756 |   1.0325 |     34.717 |     1.4
   43 |   0.8802 |     30.214 |   1.0463 |     35.277 |     1.4
   44 |   0.8681 |     29.644 |   1.0270 |     34.511 |     1.4
   45 |   0.8575 |     29.205 |   1.0306 |     34.452 |     1.5
   46 |   0.8418 |     28.863 |   1.0263 |     33.834 |     1.5
   47 |   0.8227 |     27.718 |   1.0317 |     33.746 |     1.5
   48 |   0.8120 |     27.474 |   1.0161 |     33.657 |     1.6
   49 |   0.7969 |     26.698 |   1.0176 |     33.039 |     1.6
   50 |   0.7862 |     26.362 |   1.0323 |     33.333 |     1.6
   51 |   0.7735 |     25.705 |   1.0181 |     33.186 |     1.7
   52 |   0.7643 |     25.825 |   1.0244 |     33.628 |     1.7
Early stopping

Model: Seq2Seq Bi-LSTM
Source index: <Seq2Seq Index with 43 items>
Target index: <Seq2Seq Index with 34 items>
Encoder embedding dimension: 64
Decoder embedding dimension: 64
Encoder hidden units: 128
Encoder layers: 2
Decoder hidden units: 128
Decoder layers: 3
Dropout: 0.1
Trainable parameters: 1,097,826

Training started
X_train.shape: torch.Size([3072, 702])
Y_train.shape: torch.Size([3072, 7])
X_dev.shape: torch.Size([566, 649])
Y_dev.shape: torch.Size([566, 7])
Epochs: 500
Learning rate: 0.001
Weight decay: 1e-05
Epoch | Train                 | Development           | Minutes
      | Loss     | Error Rate | Loss     | Error Rate |
---------------------------------------------------------------
    1 |   2.1459 |     58.670 |   1.5936 |     47.468 |     0.0
    2 |   1.4655 |     45.926 |   1.4499 |     47.468 |     0.1
    3 |   1.4049 |     46.018 |   1.4205 |     46.820 |     0.1
    4 |   1.3759 |     45.915 |   1.3878 |     46.996 |     0.2
    5 |   1.3504 |     45.763 |   1.3705 |     47.114 |     0.2
    6 |   1.3302 |     45.627 |   1.3399 |     45.730 |     0.2
    7 |   1.3107 |     45.247 |   1.3158 |     46.084 |     0.3
    8 |   1.2931 |     44.732 |   1.2950 |     45.406 |     0.3
    9 |   1.2736 |     44.775 |   1.2904 |     45.200 |     0.4
   10 |   1.2586 |     44.607 |   1.2579 |     44.376 |     0.4
   11 |   1.2325 |     43.723 |   1.2432 |     44.906 |     0.5
   12 |   1.2174 |     43.202 |   1.2279 |     43.875 |     0.5
   13 |   1.2044 |     43.229 |   1.2086 |     42.638 |     0.5
   14 |   1.1903 |     42.990 |   1.1961 |     43.198 |     0.6
   15 |   1.1746 |     42.475 |   1.1875 |     43.522 |     0.6
   16 |   1.1638 |     42.036 |   1.1817 |     42.697 |     0.7
   17 |   1.1494 |     41.786 |   1.1612 |     41.667 |     0.7
   18 |   1.1345 |     41.287 |   1.1483 |     41.814 |     0.7
   19 |   1.1220 |     40.717 |   1.1436 |     40.931 |     0.8
   20 |   1.1064 |     39.876 |   1.1162 |     40.489 |     0.8
   21 |   1.0891 |     39.274 |   1.1099 |     40.607 |     0.9
   22 |   1.0759 |     38.818 |   1.0892 |     39.105 |     0.9
   23 |   1.0545 |     37.880 |   1.0754 |     38.457 |     1.0
   24 |   1.0398 |     37.467 |   1.0680 |     38.899 |     1.0
   25 |   1.0198 |     36.914 |   1.0579 |     38.486 |     1.0
   26 |   1.0050 |     35.894 |   1.0341 |     37.456 |     1.1
   27 |   0.9830 |     35.037 |   1.0304 |     37.220 |     1.1
   28 |   0.9686 |     34.451 |   1.0197 |     36.455 |     1.2
   29 |   0.9474 |     33.865 |   1.0058 |     36.131 |     1.2
   30 |   0.9279 |     33.019 |   0.9959 |     35.660 |     1.2
   31 |   0.9055 |     31.624 |   0.9911 |     35.071 |     1.3
   32 |   0.8827 |     30.610 |   0.9758 |     34.482 |     1.3
   33 |   0.8643 |     29.910 |   0.9637 |     33.981 |     1.4
   34 |   0.8444 |     29.215 |   0.9610 |     33.952 |     1.4
   35 |   0.8214 |     28.228 |   0.9512 |     32.067 |     1.4
   36 |   0.7999 |     27.317 |   0.9329 |     32.214 |     1.5
   37 |   0.7742 |     26.454 |   0.9409 |     31.537 |     1.5
   38 |   0.7585 |     25.825 |   0.9254 |     31.037 |     1.6
   39 |   0.7333 |     24.902 |   0.9359 |     30.654 |     1.6
   40 |   0.7130 |     24.143 |   0.9200 |     30.536 |     1.7
   41 |   0.6858 |     23.047 |   0.9416 |     31.154 |     1.7
   42 |   0.6663 |     22.770 |   0.9169 |     29.711 |     1.7
   43 |   0.6405 |     21.495 |   0.9309 |     29.682 |     1.8
   44 |   0.6224 |     20.936 |   0.9239 |     29.093 |     1.8
   45 |   0.6024 |     19.835 |   0.9373 |     29.564 |     1.9
   46 |   0.5871 |     19.754 |   0.9451 |     29.034 |     1.9
Early stopping

Model: Seq2Seq Bi-LSTM
Source index: <Seq2Seq Index with 43 items>
Target index: <Seq2Seq Index with 34 items>
Encoder embedding dimension: 64
Decoder embedding dimension: 64
Encoder hidden units: 128
Encoder layers: 2
Decoder hidden units: 128
Decoder layers: 2
Dropout: 0.2
Trainable parameters: 965,730

Training started
X_train.shape: torch.Size([3072, 702])
Y_train.shape: torch.Size([3072, 7])
X_dev.shape: torch.Size([566, 649])
Y_dev.shape: torch.Size([566, 7])
Epochs: 500
Learning rate: 0.001
Weight decay: 0.0001
Epoch | Train                 | Development           | Minutes
      | Loss     | Error Rate | Loss     | Error Rate |
---------------------------------------------------------------
    1 |   2.1545 |     59.304 |   1.6137 |     47.468 |     0.0
    2 |   1.4643 |     46.012 |   1.4228 |     46.731 |     0.1
    3 |   1.3774 |     45.611 |   1.3792 |     46.967 |     0.1
    4 |   1.3336 |     45.231 |   1.3383 |     45.730 |     0.2
    5 |   1.3054 |     44.629 |   1.3078 |     44.847 |     0.2
    6 |   1.2850 |     44.401 |   1.2982 |     44.935 |     0.2
    7 |   1.2682 |     44.135 |   1.2781 |     44.199 |     0.3
    8 |   1.2521 |     43.647 |   1.2675 |     44.523 |     0.3
    9 |   1.2394 |     43.712 |   1.2573 |     45.024 |     0.4
   10 |   1.2277 |     43.414 |   1.2363 |     43.463 |     0.4
   11 |   1.2077 |     42.665 |   1.2168 |     44.111 |     0.4
   12 |   1.1888 |     42.377 |   1.1897 |     41.873 |     0.5
   13 |   1.1686 |     41.938 |   1.1847 |     41.961 |     0.5
   14 |   1.1498 |     41.347 |   1.1611 |     41.608 |     0.6
   15 |   1.1366 |     41.070 |   1.1598 |     41.078 |     0.6
   16 |   1.1245 |     40.511 |   1.1349 |     40.224 |     0.6
   17 |   1.1071 |     39.806 |   1.1278 |     39.782 |     0.7
   18 |   1.0936 |     39.204 |   1.1265 |     40.607 |     0.7
   19 |   1.0818 |     38.699 |   1.1059 |     40.018 |     0.8
   20 |   1.0660 |     38.113 |   1.0862 |     37.839 |     0.8
   21 |   1.0518 |     37.283 |   1.0799 |     37.397 |     0.9
   22 |   1.0386 |     36.827 |   1.0719 |     37.279 |     0.9
   23 |   1.0280 |     36.268 |   1.0611 |     37.426 |     0.9
   24 |   1.0090 |     35.232 |   1.0388 |     35.218 |     1.0
   25 |   0.9942 |     35.124 |   1.0314 |     35.483 |     1.0
   26 |   0.9772 |     34.093 |   1.0212 |     35.395 |     1.1
   27 |   0.9663 |     33.708 |   1.0059 |     34.629 |     1.1
   28 |   0.9463 |     32.769 |   0.9959 |     34.246 |     1.1
   29 |   0.9319 |     32.579 |   1.0089 |     35.100 |     1.2
   30 |   0.9160 |     32.048 |   0.9888 |     33.481 |     1.2
   31 |   0.8969 |     31.190 |   0.9798 |     33.716 |     1.3
   32 |   0.8854 |     30.599 |   0.9776 |     33.834 |     1.3
   33 |   0.8777 |     30.458 |   0.9544 |     32.921 |     1.3
   34 |   0.8530 |     29.525 |   0.9565 |     33.039 |     1.4
   35 |   0.8383 |     28.993 |   0.9382 |     32.479 |     1.4
   36 |   0.8233 |     28.635 |   0.9452 |     32.538 |     1.5
   37 |   0.8062 |     27.561 |   0.9284 |     31.272 |     1.5
   38 |   0.7811 |     26.546 |   0.9064 |     30.742 |     1.5
   39 |   0.7665 |     26.101 |   0.9072 |     30.948 |     1.6
   40 |   0.7487 |     25.618 |   0.9083 |     30.330 |     1.6
   41 |   0.7363 |     25.141 |   0.8963 |     30.153 |     1.7
   42 |   0.7178 |     24.257 |   0.8858 |     29.476 |     1.7
   43 |   0.6980 |     23.562 |   0.8980 |     30.418 |     1.8
   44 |   0.6795 |     22.933 |   0.8955 |     29.859 |     1.8
   45 |   0.6582 |     22.021 |   0.8926 |     29.093 |     1.8
   46 |   0.6547 |     22.016 |   0.8865 |     28.916 |     1.9
   47 |   0.6327 |     21.338 |   0.8836 |     28.622 |     1.9
   48 |   0.6049 |     20.275 |   0.8843 |     28.740 |     2.0
   49 |   0.5935 |     20.074 |   0.8816 |     28.916 |     2.0
   50 |   0.5775 |     19.086 |   0.8896 |     29.181 |     2.0
   51 |   0.5727 |     19.189 |   0.8915 |     28.622 |     2.1
   52 |   0.5511 |     18.506 |   0.9003 |     27.856 |     2.1
   53 |   0.5342 |     18.061 |   0.8951 |     27.886 |     2.2
Early stopping

Model: Seq2Seq Bi-LSTM
Source index: <Seq2Seq Index with 43 items>
Target index: <Seq2Seq Index with 34 items>
Encoder embedding dimension: 64
Decoder embedding dimension: 64
Encoder hidden units: 64
Encoder layers: 4
Decoder hidden units: 64
Decoder layers: 2
Dropout: 0.1
Trainable parameters: 503,778

Training started
X_train.shape: torch.Size([3072, 702])
Y_train.shape: torch.Size([3072, 7])
X_dev.shape: torch.Size([566, 649])
Y_dev.shape: torch.Size([566, 7])
Epochs: 500
Learning rate: 0.001
Weight decay: 1e-05
Epoch | Train                 | Development           | Minutes
      | Loss     | Error Rate | Loss     | Error Rate |
---------------------------------------------------------------
    1 |   2.3547 |     61.778 |   1.7665 |     49.146 |     0.0
    2 |   1.5578 |     47.152 |   1.4791 |     46.290 |     0.1
    3 |   1.4082 |     45.953 |   1.4041 |     47.232 |     0.1
    4 |   1.3577 |     45.573 |   1.3617 |     46.290 |     0.1
    5 |   1.3271 |     45.095 |   1.3338 |     45.936 |     0.2
    6 |   1.3024 |     44.770 |   1.3142 |     45.112 |     0.2
    7 |   1.2818 |     44.320 |   1.2855 |     44.876 |     0.2
    8 |   1.2634 |     44.021 |   1.2720 |     44.670 |     0.3
    9 |   1.2416 |     43.544 |   1.2511 |     44.435 |     0.3
   10 |   1.2218 |     42.969 |   1.2382 |     43.316 |     0.3
   11 |   1.2044 |     42.513 |   1.2150 |     42.020 |     0.4
   12 |   1.1803 |     41.477 |   1.2006 |     42.638 |     0.4
   13 |   1.1565 |     40.674 |   1.1869 |     41.078 |     0.4
   14 |   1.1360 |     39.535 |   1.1599 |     40.695 |     0.5
   15 |   1.1079 |     38.373 |   1.1400 |     39.429 |     0.5
   16 |   1.0790 |     37.185 |   1.1239 |     38.781 |     0.6
   17 |   1.0573 |     36.312 |   1.1008 |     37.809 |     0.6
   18 |   1.0400 |     35.596 |   1.1026 |     37.574 |     0.6
   19 |   1.0093 |     34.755 |   1.0850 |     37.014 |     0.7
   20 |   0.9850 |     33.686 |   1.0683 |     36.926 |     0.7
   21 |   0.9589 |     32.693 |   1.0555 |     35.895 |     0.7
   22 |   0.9329 |     31.695 |   1.0352 |     35.365 |     0.8
   23 |   0.9098 |     30.675 |   1.0269 |     34.629 |     0.8
   24 |   0.8836 |     29.693 |   1.0237 |     34.658 |     0.8
   25 |   0.8560 |     28.868 |   1.0088 |     33.746 |     0.9
   26 |   0.8309 |     27.935 |   0.9949 |     33.186 |     0.9
   27 |   0.7982 |     26.915 |   0.9979 |     32.921 |     0.9
   28 |   0.7807 |     25.743 |   1.0008 |     33.274 |     1.0
   29 |   0.7549 |     25.298 |   0.9680 |     32.391 |     1.0
   30 |   0.7258 |     23.996 |   0.9931 |     32.097 |     1.0
   31 |   0.7019 |     23.150 |   0.9702 |     31.125 |     1.1
   32 |   0.6694 |     22.065 |   0.9714 |     30.830 |     1.1
   33 |   0.6517 |     21.083 |   0.9766 |     30.889 |     1.1
   34 |   0.6249 |     20.296 |   0.9585 |     30.330 |     1.2
   35 |   0.6070 |     19.683 |   0.9768 |     30.742 |     1.2
   36 |   0.5844 |     19.119 |   0.9622 |     29.770 |     1.2
   37 |   0.5632 |     17.969 |   0.9621 |     29.918 |     1.3
   38 |   0.5475 |     17.573 |   0.9935 |     30.654 |     1.3
Early stopping

Model: Seq2Seq Bi-LSTM
Source index: <Seq2Seq Index with 43 items>
Target index: <Seq2Seq Index with 34 items>
Encoder embedding dimension: 128
Decoder embedding dimension: 128
Encoder hidden units: 64
Encoder layers: 3
Decoder hidden units: 128
Decoder layers: 3
Dropout: 0.0
Trainable parameters: 806,818

Training started
X_train.shape: torch.Size([3072, 702])
Y_train.shape: torch.Size([3072, 7])
X_dev.shape: torch.Size([566, 649])
Y_dev.shape: torch.Size([566, 7])
Epochs: 500
Learning rate: 0.001
Weight decay: 1e-05
Epoch | Train                 | Development           | Minutes
      | Loss     | Error Rate | Loss     | Error Rate |
---------------------------------------------------------------
    1 |   2.2084 |     59.299 |   1.6329 |     47.468 |     0.0
    2 |   1.4693 |     46.029 |   1.4346 |     46.731 |     0.1
    3 |   1.3846 |     45.888 |   1.3877 |     46.025 |     0.1
    4 |   1.3446 |     45.774 |   1.3544 |     46.996 |     0.1
    5 |   1.3159 |     45.481 |   1.3205 |     46.673 |     0.1
    6 |   1.2972 |     44.911 |   1.3033 |     44.788 |     0.2
    7 |   1.2810 |     44.298 |   1.2943 |     45.377 |     0.2
    8 |   1.2625 |     43.869 |   1.2640 |     44.552 |     0.2
    9 |   1.2353 |     43.148 |   1.2406 |     43.757 |     0.2
   10 |   1.2075 |     42.204 |   1.2108 |     42.432 |     0.3
   11 |   1.1775 |     41.683 |   1.1853 |     41.107 |     0.3
   12 |   1.1424 |     40.544 |   1.1513 |     40.577 |     0.3
   13 |   1.1080 |     39.128 |   1.1313 |     39.959 |     0.4
   14 |   1.0675 |     37.690 |   1.1114 |     39.635 |     0.4
   15 |   1.0320 |     36.095 |   1.0846 |     38.251 |     0.4
   16 |   0.9938 |     34.728 |   1.0640 |     36.896 |     0.4
   17 |   0.9551 |     33.127 |   1.0505 |     36.602 |     0.5
   18 |   0.9193 |     31.288 |   1.0429 |     35.159 |     0.5
   19 |   0.8853 |     30.366 |   1.0083 |     35.571 |     0.5
   20 |   0.8451 |     28.695 |   1.0098 |     34.069 |     0.5
   21 |   0.8176 |     27.398 |   0.9979 |     33.893 |     0.6
   22 |   0.7796 |     25.890 |   0.9982 |     33.451 |     0.6
   23 |   0.7437 |     24.599 |   1.0149 |     32.686 |     0.6
   24 |   0.7147 |     23.720 |   0.9665 |     32.008 |     0.6
   25 |   0.6815 |     22.510 |   0.9940 |     31.625 |     0.7
   26 |   0.6435 |     20.991 |   0.9758 |     30.595 |     0.7
   27 |   0.6134 |     20.063 |   0.9930 |     30.477 |     0.7
   28 |   0.5898 |     19.173 |   1.0056 |     30.065 |     0.8
Early stopping

Model: Seq2Seq Bi-LSTM
Source index: <Seq2Seq Index with 43 items>
Target index: <Seq2Seq Index with 34 items>
Encoder embedding dimension: 64
Decoder embedding dimension: 128
Encoder hidden units: 64
Encoder layers: 2
Decoder hidden units: 64
Decoder layers: 2
Dropout: 0.2
Trainable parameters: 290,914

Training started
X_train.shape: torch.Size([3072, 702])
Y_train.shape: torch.Size([3072, 7])
X_dev.shape: torch.Size([566, 649])
Y_dev.shape: torch.Size([566, 7])
Epochs: 500
Learning rate: 0.001
Weight decay: 0.0001
Epoch | Train                 | Development           | Minutes
      | Loss     | Error Rate | Loss     | Error Rate |
---------------------------------------------------------------
    1 |   2.3274 |     61.377 |   1.7546 |     49.323 |     0.0
    2 |   1.5605 |     46.788 |   1.4775 |     47.232 |     0.0
    3 |   1.4130 |     45.703 |   1.3990 |     46.260 |     0.1
    4 |   1.3591 |     45.470 |   1.3542 |     46.820 |     0.1
    5 |   1.3231 |     44.954 |   1.3231 |     45.377 |     0.1
    6 |   1.2979 |     44.765 |   1.2967 |     45.819 |     0.1
    7 |   1.2760 |     44.249 |   1.2766 |     44.611 |     0.1
    8 |   1.2540 |     43.831 |   1.2586 |     43.757 |     0.1
    9 |   1.2373 |     43.457 |   1.2421 |     43.669 |     0.2
   10 |   1.2215 |     42.909 |   1.2241 |     43.080 |     0.2
   11 |   1.2092 |     42.730 |   1.2279 |     44.081 |     0.2
   12 |   1.2005 |     42.877 |   1.2128 |     42.697 |     0.2
   13 |   1.1780 |     41.667 |   1.1913 |     41.431 |     0.2
   14 |   1.1595 |     41.249 |   1.1748 |     42.314 |     0.2
   15 |   1.1480 |     41.048 |   1.1637 |     41.519 |     0.3
   16 |   1.1362 |     40.706 |   1.1528 |     40.577 |     0.3
   17 |   1.1254 |     40.131 |   1.1391 |     40.018 |     0.3
   18 |   1.1119 |     39.887 |   1.1269 |     40.665 |     0.3
   19 |   1.1034 |     39.491 |   1.1215 |     40.607 |     0.3
   20 |   1.0905 |     38.770 |   1.1035 |     39.959 |     0.3
   21 |   1.0812 |     38.471 |   1.0971 |     38.899 |     0.4
   22 |   1.0657 |     37.983 |   1.0893 |     38.516 |     0.4
   23 |   1.0532 |     37.023 |   1.0786 |     38.545 |     0.4
   24 |   1.0408 |     36.214 |   1.0723 |     37.986 |     0.4
   25 |   1.0273 |     35.704 |   1.0613 |     36.749 |     0.4
   26 |   1.0139 |     35.097 |   1.0540 |     36.867 |     0.4
   27 |   0.9995 |     34.554 |   1.0432 |     36.779 |     0.5
   28 |   0.9898 |     34.348 |   1.0388 |     36.160 |     0.5
   29 |   0.9745 |     33.892 |   1.0364 |     35.630 |     0.5
   30 |   0.9606 |     32.775 |   1.0222 |     35.100 |     0.5
   31 |   0.9479 |     32.509 |   1.0040 |     34.364 |     0.5
   32 |   0.9374 |     32.199 |   0.9996 |     34.717 |     0.5
   33 |   0.9239 |     31.483 |   0.9914 |     34.099 |     0.6
   34 |   0.9101 |     30.816 |   0.9852 |     33.952 |     0.6
   35 |   0.8928 |     30.225 |   0.9925 |     34.276 |     0.6
   36 |   0.8805 |     29.883 |   0.9785 |     33.363 |     0.6
   37 |   0.8721 |     29.584 |   0.9777 |     33.127 |     0.6
   38 |   0.8559 |     29.009 |   0.9637 |     32.627 |     0.6
   39 |   0.8485 |     28.792 |   0.9646 |     33.098 |     0.7
   40 |   0.8307 |     28.136 |   0.9622 |     32.362 |     0.7
   41 |   0.8179 |     27.295 |   0.9549 |     31.684 |     0.7
   42 |   0.7996 |     26.785 |   0.9653 |     32.509 |     0.7
   43 |   0.7937 |     26.590 |   0.9480 |     31.890 |     0.7
   44 |   0.7771 |     25.884 |   0.9527 |     32.155 |     0.8
   45 |   0.7686 |     25.939 |   0.9438 |     31.478 |     0.8
   46 |   0.7481 |     25.087 |   0.9439 |     30.830 |     0.8
   47 |   0.7381 |     24.463 |   0.9444 |     31.331 |     0.8
   48 |   0.7254 |     24.127 |   0.9339 |     30.300 |     0.8
   49 |   0.7256 |     23.953 |   0.9420 |     31.213 |     0.8
   50 |   0.7047 |     23.351 |   0.9335 |     30.860 |     0.9
   51 |   0.6908 |     22.748 |   0.9259 |     30.006 |     0.9
   52 |   0.6776 |     22.732 |   0.9425 |     30.506 |     0.9
   53 |   0.6674 |     22.276 |   0.9295 |     30.300 |     0.9
   54 |   0.6546 |     21.653 |   0.9258 |     29.800 |     0.9
   55 |   0.6361 |     20.909 |   0.9439 |     30.124 |     0.9
   56 |   0.6412 |     21.284 |   0.9780 |     31.832 |     1.0
   57 |   0.6485 |     21.376 |   0.9276 |     30.006 |     1.0
   58 |   0.6126 |     20.085 |   0.9832 |     31.037 |     1.0
Early stopping

Model: Seq2Seq Bi-LSTM
Source index: <Seq2Seq Index with 43 items>
Target index: <Seq2Seq Index with 34 items>
Encoder embedding dimension: 128
Decoder embedding dimension: 128
Encoder hidden units: 128
Encoder layers: 4
Decoder hidden units: 128
Decoder layers: 3
Dropout: 0.1
Trainable parameters: 2,122,658

Training started
X_train.shape: torch.Size([3072, 702])
Y_train.shape: torch.Size([3072, 7])
X_dev.shape: torch.Size([566, 649])
Y_dev.shape: torch.Size([566, 7])
Epochs: 500
Learning rate: 0.001
Weight decay: 1e-05
Epoch | Train                 | Development           | Minutes
      | Loss     | Error Rate | Loss     | Error Rate |
---------------------------------------------------------------
    1 |   2.2259 |     61.214 |   1.6668 |     47.468 |     0.1
    2 |   1.4978 |     46.077 |   1.4562 |     46.731 |     0.2
    3 |   1.4164 |     46.115 |   1.4288 |     47.026 |     0.2
    4 |   1.3867 |     46.083 |   1.4003 |     47.468 |     0.3
    5 |   1.3488 |     45.871 |   1.3498 |     46.143 |     0.4
    6 |   1.3196 |     45.578 |   1.3282 |     45.848 |     0.5
    7 |   1.3004 |     45.388 |   1.3143 |     46.643 |     0.6
    8 |   1.2793 |     45.047 |   1.2797 |     45.406 |     0.7
    9 |   1.2546 |     44.613 |   1.2531 |     44.405 |     0.7
   10 |   1.2329 |     43.891 |   1.2297 |     43.640 |     0.8
   11 |   1.2079 |     42.969 |   1.2148 |     43.522 |     0.9
   12 |   1.1861 |     42.372 |   1.1899 |     43.110 |     1.0
   13 |   1.1681 |     41.585 |   1.1789 |     40.931 |     1.1
   14 |   1.1453 |     40.837 |   1.1470 |     40.960 |     1.2
   15 |   1.1246 |     40.169 |   1.1348 |     40.106 |     1.2
   16 |   1.1053 |     39.475 |   1.1199 |     40.842 |     1.3
   17 |   1.0813 |     38.336 |   1.1011 |     39.900 |     1.4
   18 |   1.0523 |     37.413 |   1.0888 |     37.780 |     1.5
   19 |   1.0283 |     36.437 |   1.0838 |     38.810 |     1.6
   20 |   0.9998 |     34.782 |   1.0641 |     37.986 |     1.7
   21 |   0.9874 |     34.326 |   1.0561 |     37.750 |     1.7
   22 |   0.9530 |     33.030 |   1.0489 |     36.602 |     1.8
   23 |   0.9232 |     31.765 |   1.0256 |     35.012 |     1.9
   24 |   0.8888 |     30.230 |   1.0106 |     34.364 |     2.0
   25 |   0.8547 |     28.700 |   1.0317 |     35.277 |     2.1
   26 |   0.8326 |     28.206 |   1.0039 |     33.481 |     2.2
   27 |   0.7989 |     26.969 |   0.9972 |     32.538 |     2.2
   28 |   0.7657 |     25.841 |   0.9862 |     31.979 |     2.3
   29 |   0.7347 |     24.447 |   0.9776 |     31.625 |     2.4
   30 |   0.7041 |     22.971 |   0.9734 |     31.066 |     2.5
   31 |   0.6742 |     22.179 |   0.9841 |     30.595 |     2.6
   32 |   0.6397 |     21.159 |   0.9752 |     29.918 |     2.7
   33 |   0.6118 |     20.275 |   0.9955 |     30.153 |     2.7
   34 |   0.5847 |     19.276 |   0.9645 |     28.887 |     2.8
   35 |   0.5516 |     18.180 |   0.9994 |     29.476 |     2.9
   36 |   0.5343 |     17.763 |   0.9842 |     28.740 |     3.0
   37 |   0.5108 |     17.036 |   1.0058 |     29.005 |     3.1
   38 |   0.4811 |     15.847 |   0.9994 |     27.945 |     3.2
Early stopping

Model: Seq2Seq Bi-LSTM
Source index: <Seq2Seq Index with 43 items>
Target index: <Seq2Seq Index with 34 items>
Encoder embedding dimension: 128
Decoder embedding dimension: 64
Encoder hidden units: 64
Encoder layers: 2
Decoder hidden units: 128
Decoder layers: 3
Dropout: 0.2
Trainable parameters: 639,778

Training started
X_train.shape: torch.Size([3072, 702])
Y_train.shape: torch.Size([3072, 7])
X_dev.shape: torch.Size([566, 649])
Y_dev.shape: torch.Size([566, 7])
Epochs: 500
Learning rate: 0.001
Weight decay: 1e-05
Epoch | Train                 | Development           | Minutes
      | Loss     | Error Rate | Loss     | Error Rate |
---------------------------------------------------------------
    1 |   2.2427 |     60.720 |   1.6582 |     49.441 |     0.0
    2 |   1.4853 |     46.316 |   1.4496 |     47.468 |     0.0
    3 |   1.4036 |     45.947 |   1.4093 |     46.731 |     0.1
    4 |   1.3764 |     45.920 |   1.3932 |     47.468 |     0.1
    5 |   1.3528 |     45.692 |   1.3605 |     47.203 |     0.1
    6 |   1.3252 |     45.660 |   1.3366 |     46.938 |     0.1
    7 |   1.3051 |     45.340 |   1.3076 |     45.053 |     0.1
    8 |   1.2836 |     44.873 |   1.2867 |     44.817 |     0.2
    9 |   1.2649 |     44.439 |   1.2664 |     44.670 |     0.2
   10 |   1.2440 |     43.907 |   1.2538 |     44.611 |     0.2
   11 |   1.2232 |     43.039 |   1.2324 |     43.728 |     0.2
   12 |   1.2089 |     43.072 |   1.2079 |     42.580 |     0.2
   13 |   1.1842 |     42.041 |   1.1981 |     43.698 |     0.3
   14 |   1.1632 |     41.694 |   1.1701 |     42.197 |     0.3
   15 |   1.1403 |     41.010 |   1.1496 |     41.578 |     0.3
   16 |   1.1137 |     40.082 |   1.1424 |     41.137 |     0.3
   17 |   1.0906 |     39.041 |   1.1251 |     40.400 |     0.3
   18 |   1.0626 |     37.733 |   1.0976 |     38.634 |     0.4
   19 |   1.0390 |     36.957 |   1.0906 |     39.517 |     0.4
   20 |   1.0096 |     35.856 |   1.0600 |     37.338 |     0.4
   21 |   0.9852 |     34.565 |   1.0709 |     37.868 |     0.4
   22 |   0.9587 |     33.708 |   1.0425 |     36.690 |     0.4
   23 |   0.9369 |     32.482 |   1.0345 |     36.396 |     0.5
   24 |   0.9121 |     31.603 |   1.0338 |     35.188 |     0.5
   25 |   0.8866 |     30.463 |   1.0157 |     33.981 |     0.5
   26 |   0.8612 |     29.259 |   1.0012 |     33.186 |     0.5
   27 |   0.8405 |     28.678 |   1.0118 |     33.775 |     0.5
   28 |   0.8198 |     27.816 |   0.9834 |     32.097 |     0.6
   29 |   0.7971 |     27.018 |   0.9884 |     32.214 |     0.6
   30 |   0.7727 |     26.215 |   0.9740 |     31.478 |     0.6
   31 |   0.7527 |     25.271 |   0.9884 |     31.802 |     0.6
   32 |   0.7345 |     24.447 |   0.9749 |     31.478 |     0.6
   33 |   0.7206 |     24.278 |   0.9754 |     31.184 |     0.7
   34 |   0.6990 |     23.340 |   0.9621 |     30.359 |     0.7
   35 |   0.6879 |     23.107 |   0.9818 |     31.243 |     0.7
   36 |   0.6675 |     22.244 |   0.9689 |     30.801 |     0.7
   37 |   0.6550 |     21.642 |   0.9830 |     30.418 |     0.7
   38 |   0.6368 |     21.170 |   0.9705 |     30.065 |     0.8
Early stopping

Model: Seq2Seq Bi-LSTM
Source index: <Seq2Seq Index with 43 items>
Target index: <Seq2Seq Index with 34 items>
Encoder embedding dimension: 32
Decoder embedding dimension: 64
Encoder hidden units: 128
Encoder layers: 3
Decoder hidden units: 64
Decoder layers: 2
Dropout: 0.2
Trainable parameters: 1,127,042

Training started
X_train.shape: torch.Size([3072, 702])
Y_train.shape: torch.Size([3072, 7])
X_dev.shape: torch.Size([566, 649])
Y_dev.shape: torch.Size([566, 7])
Epochs: 500
Learning rate: 0.001
Weight decay: 0.0001
Epoch | Train                 | Development           | Minutes
      | Loss     | Error Rate | Loss     | Error Rate |
---------------------------------------------------------------
    1 |   2.4075 |     63.124 |   1.9002 |     51.031 |     0.1
    2 |   1.6617 |     47.868 |   1.5287 |     47.468 |     0.1
    3 |   1.4518 |     45.926 |   1.4339 |     47.468 |     0.2
    4 |   1.3883 |     45.698 |   1.3852 |     46.996 |     0.2
    5 |   1.3505 |     45.573 |   1.3550 |     46.702 |     0.3
    6 |   1.3245 |     45.242 |   1.3247 |     45.053 |     0.4
    7 |   1.3031 |     44.868 |   1.3091 |     44.965 |     0.4
    8 |   1.2824 |     44.417 |   1.2916 |     44.052 |     0.5
    9 |   1.2637 |     44.070 |   1.2735 |     44.229 |     0.5
   10 |   1.2493 |     43.777 |   1.2574 |     44.464 |     0.6
   11 |   1.2362 |     43.555 |   1.2390 |     42.933 |     0.7
   12 |   1.2191 |     43.159 |   1.2356 |     44.170 |     0.7
   13 |   1.2077 |     43.229 |   1.2129 |     42.697 |     0.8
   14 |   1.1964 |     42.638 |   1.2078 |     41.932 |     0.9
   15 |   1.1841 |     42.432 |   1.1955 |     43.316 |     0.9
   16 |   1.1741 |     41.683 |   1.1832 |     42.285 |     1.0
   17 |   1.1618 |     41.699 |   1.1722 |     40.960 |     1.0
   18 |   1.1512 |     41.249 |   1.1589 |     40.901 |     1.1
   19 |   1.1398 |     40.511 |   1.1567 |     41.019 |     1.2
   20 |   1.1298 |     40.196 |   1.1466 |     41.166 |     1.2
   21 |   1.1199 |     39.979 |   1.1325 |     40.459 |     1.3
   22 |   1.1078 |     39.350 |   1.1300 |     39.664 |     1.3
   23 |   1.0991 |     38.921 |   1.1168 |     38.899 |     1.4
   24 |   1.0924 |     38.840 |   1.1139 |     38.987 |     1.5
   25 |   1.0840 |     38.569 |   1.1115 |     39.016 |     1.5
   26 |   1.0768 |     38.249 |   1.0930 |     37.721 |     1.6
   27 |   1.0681 |     38.053 |   1.0913 |     38.104 |     1.6
   28 |   1.0593 |     37.402 |   1.0877 |     38.310 |     1.7
   29 |   1.0530 |     37.126 |   1.0859 |     38.310 |     1.8
   30 |   1.0413 |     37.012 |   1.0732 |     37.191 |     1.8
   31 |   1.0326 |     36.632 |   1.0617 |     36.602 |     1.9
   32 |   1.0229 |     36.285 |   1.0588 |     37.073 |     1.9
   33 |   1.0160 |     35.699 |   1.0659 |     36.985 |     2.0
   34 |   1.0062 |     35.585 |   1.0486 |     36.661 |     2.1
   35 |   0.9939 |     34.706 |   1.0400 |     36.837 |     2.1
   36 |   0.9872 |     34.842 |   1.0410 |     36.425 |     2.2
   37 |   0.9751 |     34.353 |   1.0308 |     36.219 |     2.2
   38 |   0.9642 |     33.719 |   1.0184 |     35.365 |     2.3
   39 |   0.9563 |     33.420 |   1.0213 |     35.571 |     2.4
   40 |   0.9510 |     33.230 |   1.0138 |     34.982 |     2.4
   41 |   0.9410 |     32.769 |   1.0091 |     34.658 |     2.5
   42 |   0.9270 |     32.378 |   1.0003 |     34.482 |     2.6
   43 |   0.9187 |     31.863 |   0.9894 |     34.276 |     2.6
   44 |   0.9115 |     31.597 |   0.9882 |     34.364 |     2.7
   45 |   0.9004 |     31.217 |   0.9793 |     34.276 |     2.7
   46 |   0.8860 |     30.740 |   0.9779 |     34.158 |     2.8
   47 |   0.8793 |     30.333 |   0.9761 |     34.246 |     2.9
   48 |   0.8682 |     30.111 |   0.9797 |     33.716 |     2.9
   49 |   0.8616 |     29.725 |   0.9637 |     32.744 |     3.0
   50 |   0.8463 |     28.988 |   0.9545 |     33.245 |     3.0
   51 |   0.8327 |     28.456 |   0.9448 |     32.450 |     3.1
   52 |   0.8263 |     28.293 |   0.9535 |     32.509 |     3.2
   53 |   0.8112 |     27.832 |   0.9464 |     32.303 |     3.2
   54 |   0.8195 |     28.141 |   0.9584 |     33.216 |     3.3
   55 |   0.8025 |     27.387 |   0.9422 |     32.126 |     3.3
   56 |   0.7863 |     26.611 |   0.9295 |     32.185 |     3.4
   57 |   0.7698 |     26.454 |   0.9391 |     32.244 |     3.5
   58 |   0.7590 |     25.477 |   0.9405 |     32.126 |     3.5
   59 |   0.7489 |     25.418 |   0.9379 |     31.625 |     3.6
   60 |   0.7414 |     25.081 |   0.9224 |     31.714 |     3.6
   61 |   0.7419 |     25.553 |   0.9354 |     31.861 |     3.7
   62 |   0.7197 |     24.083 |   0.9322 |     31.743 |     3.8
   63 |   0.7137 |     23.985 |   0.9269 |     31.449 |     3.8
   64 |   0.7038 |     23.660 |   0.9214 |     31.684 |     3.9
   65 |   0.6850 |     23.220 |   0.9226 |     30.477 |     4.0
   66 |   0.6806 |     22.732 |   0.9269 |     30.948 |     4.0
   67 |   0.6795 |     22.770 |   0.9160 |     29.829 |     4.1
   68 |   0.6642 |     22.282 |   0.9131 |     30.595 |     4.1
   69 |   0.6523 |     21.761 |   0.9324 |     30.860 |     4.2
   70 |   0.6401 |     21.311 |   0.9329 |     30.506 |     4.3
   71 |   0.6261 |     20.774 |   0.9153 |     30.241 |     4.3
   72 |   0.6148 |     20.638 |   0.9356 |     30.683 |     4.4
Early stopping

Model: Seq2Seq Bi-LSTM
Source index: <Seq2Seq Index with 43 items>
Target index: <Seq2Seq Index with 34 items>
Encoder embedding dimension: 64
Decoder embedding dimension: 64
Encoder hidden units: 64
Encoder layers: 4
Decoder hidden units: 128
Decoder layers: 2
Dropout: 0.1
Trainable parameters: 736,354

Training started
X_train.shape: torch.Size([3072, 702])
Y_train.shape: torch.Size([3072, 7])
X_dev.shape: torch.Size([566, 649])
Y_dev.shape: torch.Size([566, 7])
Epochs: 500
Learning rate: 0.001
Weight decay: 0.0001
Epoch | Train                 | Development           | Minutes
      | Loss     | Error Rate | Loss     | Error Rate |
---------------------------------------------------------------
    1 |   2.0607 |     55.962 |   1.5392 |     47.232 |     0.0
    2 |   1.4212 |     45.909 |   1.3972 |     46.437 |     0.1
    3 |   1.3470 |     45.399 |   1.3444 |     46.143 |     0.1
    4 |   1.3079 |     44.873 |   1.3101 |     45.612 |     0.1
    5 |   1.2814 |     44.770 |   1.2858 |     43.669 |     0.2
    6 |   1.2580 |     44.065 |   1.2590 |     43.698 |     0.2
    7 |   1.2365 |     43.511 |   1.2388 |     43.934 |     0.2
    8 |   1.2122 |     42.849 |   1.2283 |     43.905 |     0.3
    9 |   1.1914 |     42.122 |   1.1987 |     42.314 |     0.3
   10 |   1.1715 |     41.558 |   1.1769 |     41.873 |     0.3
   11 |   1.1542 |     41.249 |   1.1903 |     42.167 |     0.4
   12 |   1.1390 |     40.668 |   1.1487 |     40.577 |     0.4
   13 |   1.1200 |     40.034 |   1.1346 |     41.402 |     0.4
   14 |   1.1056 |     39.453 |   1.1224 |     39.399 |     0.5
   15 |   1.0878 |     38.645 |   1.1197 |     40.077 |     0.5
   16 |   1.0677 |     38.238 |   1.0970 |     39.576 |     0.5
   17 |   1.0502 |     37.478 |   1.0855 |     38.781 |     0.6
   18 |   1.0329 |     36.496 |   1.0719 |     38.663 |     0.6
   19 |   1.0122 |     35.585 |   1.0664 |     37.603 |     0.6
   20 |   0.9922 |     34.435 |   1.0548 |     37.574 |     0.7
   21 |   0.9716 |     33.914 |   1.0218 |     36.278 |     0.7
   22 |   0.9520 |     33.057 |   1.0104 |     36.013 |     0.7
   23 |   0.9304 |     32.281 |   1.0239 |     36.690 |     0.8
   24 |   0.9093 |     31.348 |   0.9951 |     34.011 |     0.8
   25 |   0.8925 |     30.745 |   0.9948 |     34.423 |     0.8
   26 |   0.8703 |     29.850 |   0.9636 |     33.039 |     0.9
   27 |   0.8530 |     29.422 |   0.9622 |     33.127 |     0.9
   28 |   0.8329 |     28.624 |   0.9484 |     32.244 |     0.9
   29 |   0.8137 |     28.000 |   0.9363 |     31.890 |     1.0
   30 |   0.7924 |     27.024 |   0.9482 |     32.038 |     1.0
   31 |   0.7748 |     26.432 |   0.9481 |     32.568 |     1.0
   32 |   0.7568 |     25.738 |   0.9293 |     31.449 |     1.1
   33 |   0.7365 |     24.816 |   0.9376 |     31.154 |     1.1
   34 |   0.7147 |     24.121 |   0.9259 |     31.302 |     1.1
   35 |   0.6987 |     23.676 |   0.9179 |     30.919 |     1.2
   36 |   0.6793 |     22.938 |   0.9192 |     30.094 |     1.2
   37 |   0.6576 |     22.282 |   0.9097 |     30.094 |     1.3
   38 |   0.6457 |     21.739 |   0.9016 |     28.799 |     1.3
   39 |   0.6233 |     21.072 |   0.9006 |     29.240 |     1.3
   40 |   0.6081 |     20.340 |   0.9035 |     29.181 |     1.4
   41 |   0.5928 |     19.889 |   0.9002 |     28.298 |     1.4
   42 |   0.5783 |     19.347 |   0.9346 |     29.299 |     1.4
   43 |   0.5587 |     18.614 |   0.9539 |     29.535 |     1.5
   44 |   0.5888 |     19.911 |   0.9069 |     27.503 |     1.5
   45 |   0.5352 |     17.942 |   0.9115 |     28.004 |     1.5
Early stopping

Model: Seq2Seq Bi-LSTM
Source index: <Seq2Seq Index with 43 items>
Target index: <Seq2Seq Index with 34 items>
Encoder embedding dimension: 128
Decoder embedding dimension: 128
Encoder hidden units: 128
Encoder layers: 4
Decoder hidden units: 64
Decoder layers: 3
Dropout: 0.2
Trainable parameters: 1,709,346

Training started
X_train.shape: torch.Size([3072, 702])
Y_train.shape: torch.Size([3072, 7])
X_dev.shape: torch.Size([566, 649])
Y_dev.shape: torch.Size([566, 7])
Epochs: 500
Learning rate: 0.001
Weight decay: 1e-05
Epoch | Train                 | Development           | Minutes
      | Loss     | Error Rate | Loss     | Error Rate |
---------------------------------------------------------------
    1 |   2.4546 |     65.869 |   1.8923 |     49.264 |     0.1
    2 |   1.6692 |     48.150 |   1.5442 |     47.468 |     0.2
    3 |   1.4711 |     46.018 |   1.4588 |     47.468 |     0.2
    4 |   1.4171 |     46.034 |   1.4217 |     46.731 |     0.3
    5 |   1.3847 |     46.050 |   1.3932 |     47.291 |     0.4
    6 |   1.3643 |     45.790 |   1.3738 |     46.908 |     0.5
    7 |   1.3440 |     45.660 |   1.3564 |     46.084 |     0.6
    8 |   1.3278 |     45.101 |   1.3316 |     46.584 |     0.7
    9 |   1.3103 |     44.911 |   1.3220 |     45.259 |     0.7
   10 |   1.2972 |     44.786 |   1.3071 |     45.495 |     0.8
   11 |   1.2800 |     44.358 |   1.2906 |     45.936 |     0.9
   12 |   1.2658 |     44.206 |   1.2673 |     43.816 |     1.0
   13 |   1.2494 |     43.566 |   1.2559 |     44.376 |     1.1
   14 |   1.2364 |     43.159 |   1.2448 |     42.609 |     1.2
   15 |   1.2215 |     42.513 |   1.2301 |     42.580 |     1.3
   16 |   1.2069 |     42.155 |   1.2151 |     42.373 |     1.3
   17 |   1.1891 |     41.846 |   1.1970 |     42.197 |     1.4
   18 |   1.1752 |     41.309 |   1.1920 |     40.548 |     1.5
   19 |   1.1570 |     40.609 |   1.1714 |     41.608 |     1.6
   20 |   1.1402 |     40.224 |   1.1627 |     39.929 |     1.7
   21 |   1.1220 |     39.453 |   1.1520 |     39.252 |     1.8
   22 |   1.1028 |     38.802 |   1.1309 |     38.575 |     1.8
   23 |   1.0862 |     37.972 |   1.1168 |     39.252 |     1.9
   24 |   1.0680 |     37.202 |   1.1188 |     39.458 |     2.0
   25 |   1.0496 |     36.724 |   1.0903 |     37.662 |     2.1
   26 |   1.0288 |     35.818 |   1.0947 |     38.280 |     2.2
   27 |   1.0199 |     35.769 |   1.0895 |     37.898 |     2.3
   28 |   0.9972 |     34.695 |   1.0788 |     36.720 |     2.3
   29 |   0.9794 |     34.250 |   1.0804 |     36.867 |     2.4
   30 |   0.9641 |     33.328 |   1.0651 |     36.926 |     2.5
   31 |   0.9458 |     32.373 |   1.0727 |     35.807 |     2.6
   32 |   0.9216 |     30.941 |   1.0527 |     34.806 |     2.7
   33 |   0.8951 |     30.214 |   1.0420 |     33.922 |     2.8
   34 |   0.8831 |     29.926 |   1.0435 |     33.952 |     2.8
   35 |   0.8616 |     28.966 |   1.0310 |     33.598 |     2.9
   36 |   0.8494 |     28.353 |   1.0528 |     33.863 |     3.0
   37 |   0.8321 |     28.130 |   1.0357 |     33.304 |     3.1
   38 |   0.8165 |     27.469 |   1.0366 |     33.098 |     3.2
   39 |   0.8050 |     27.186 |   1.0222 |     32.303 |     3.3
   40 |   0.7955 |     26.720 |   1.0556 |     32.892 |     3.3
   41 |   0.7773 |     26.053 |   1.0371 |     32.273 |     3.4
   42 |   0.7540 |     24.946 |   1.0452 |     32.479 |     3.5
   43 |   0.7376 |     24.441 |   1.0367 |     31.184 |     3.6
Early stopping

Model: Seq2Seq Bi-LSTM
Source index: <Seq2Seq Index with 43 items>
Target index: <Seq2Seq Index with 34 items>
Encoder embedding dimension: 128
Decoder embedding dimension: 128
Encoder hidden units: 64
Encoder layers: 3
Decoder hidden units: 128
Decoder layers: 3
Dropout: 0.2
Trainable parameters: 806,818

Training started
X_train.shape: torch.Size([3072, 702])
Y_train.shape: torch.Size([3072, 7])
X_dev.shape: torch.Size([566, 649])
Y_dev.shape: torch.Size([566, 7])
Epochs: 500
Learning rate: 0.001
Weight decay: 0.0001
Epoch | Train                 | Development           | Minutes
      | Loss     | Error Rate | Loss     | Error Rate |
---------------------------------------------------------------
    1 |   2.1829 |     59.109 |   1.6036 |     47.468 |     0.0
    2 |   1.4652 |     46.094 |   1.4298 |     47.468 |     0.1
    3 |   1.3813 |     46.023 |   1.3801 |     46.849 |     0.1
    4 |   1.3335 |     45.698 |   1.3339 |     45.848 |     0.1
    5 |   1.3044 |     45.388 |   1.3094 |     45.347 |     0.1
    6 |   1.2741 |     44.569 |   1.2714 |     45.289 |     0.2
    7 |   1.2477 |     44.276 |   1.2621 |     44.317 |     0.2
    8 |   1.2287 |     43.918 |   1.2442 |     44.670 |     0.2
    9 |   1.2093 |     43.387 |   1.2100 |     44.022 |     0.3
   10 |   1.1922 |     43.099 |   1.2103 |     43.316 |     0.3
   11 |   1.1788 |     42.611 |   1.1828 |     42.462 |     0.3
   12 |   1.1614 |     42.003 |   1.1720 |     43.110 |     0.3
   13 |   1.1528 |     41.602 |   1.1635 |     42.815 |     0.4
   14 |   1.1408 |     41.368 |   1.1537 |     41.932 |     0.4
   15 |   1.1314 |     41.162 |   1.1524 |     42.108 |     0.4
   16 |   1.1202 |     40.603 |   1.1393 |     40.754 |     0.4
   17 |   1.1097 |     40.234 |   1.1310 |     41.490 |     0.5
   18 |   1.1053 |     40.164 |   1.1189 |     39.959 |     0.5
   19 |   1.0957 |     40.050 |   1.1083 |     40.312 |     0.5
   20 |   1.0879 |     39.415 |   1.1111 |     39.635 |     0.6
   21 |   1.0780 |     39.133 |   1.1050 |     39.870 |     0.6
   22 |   1.0719 |     38.959 |   1.0909 |     39.959 |     0.6
   23 |   1.0619 |     38.325 |   1.0953 |     39.753 |     0.6
   24 |   1.0556 |     37.983 |   1.0771 |     38.369 |     0.7
   25 |   1.0463 |     37.603 |   1.0745 |     38.840 |     0.7
   26 |   1.0355 |     37.343 |   1.0611 |     38.251 |     0.7
   27 |   1.0270 |     37.115 |   1.0637 |     38.251 |     0.8
   28 |   1.0177 |     36.659 |   1.0560 |     37.898 |     0.8
   29 |   1.0115 |     36.551 |   1.0560 |     37.544 |     0.8
   30 |   1.0007 |     35.900 |   1.0443 |     37.250 |     0.8
   31 |   0.9878 |     35.238 |   1.0432 |     36.955 |     0.9
   32 |   0.9821 |     35.118 |   1.0181 |     36.543 |     0.9
   33 |   0.9728 |     34.722 |   1.0384 |     37.397 |     0.9
   34 |   0.9616 |     34.283 |   1.0060 |     35.777 |     0.9
   35 |   0.9499 |     33.914 |   1.0084 |     36.013 |     1.0
   36 |   0.9431 |     33.648 |   1.0018 |     35.188 |     1.0
   37 |   0.9357 |     33.431 |   0.9971 |     35.395 |     1.0
   38 |   0.9210 |     32.823 |   0.9969 |     35.159 |     1.1
   39 |   0.9121 |     32.313 |   0.9983 |     34.541 |     1.1
   40 |   0.9052 |     31.776 |   0.9823 |     34.128 |     1.1
   41 |   0.8910 |     31.673 |   0.9799 |     33.569 |     1.1
   42 |   0.8797 |     31.315 |   0.9710 |     33.716 |     1.2
   43 |   0.8604 |     30.501 |   0.9534 |     33.451 |     1.2
   44 |   0.8485 |     30.100 |   0.9587 |     32.921 |     1.2
   45 |   0.8430 |     29.932 |   0.9531 |     32.744 |     1.3
   46 |   0.8333 |     29.264 |   0.9437 |     32.185 |     1.3
   47 |   0.8168 |     28.830 |   0.9468 |     32.332 |     1.3
   48 |   0.8055 |     28.440 |   0.9402 |     31.949 |     1.3
   49 |   0.7996 |     28.434 |   0.9491 |     32.155 |     1.4
   50 |   0.7861 |     27.729 |   0.9409 |     31.949 |     1.4
   51 |   0.7770 |     27.279 |   0.9328 |     31.655 |     1.4
   52 |   0.7711 |     26.926 |   0.9385 |     31.449 |     1.5
   53 |   0.7558 |     26.427 |   0.9257 |     31.213 |     1.5
   54 |   0.7527 |     26.568 |   0.9296 |     31.125 |     1.5
   55 |   0.7391 |     25.998 |   0.9286 |     30.448 |     1.5
   56 |   0.7331 |     25.998 |   0.9273 |     30.742 |     1.6
   57 |   0.7209 |     25.228 |   0.9441 |     31.596 |     1.6
Early stopping

Model: Seq2Seq Bi-LSTM
Source index: <Seq2Seq Index with 43 items>
Target index: <Seq2Seq Index with 34 items>
Encoder embedding dimension: 32
Decoder embedding dimension: 64
Encoder hidden units: 128
Encoder layers: 3
Decoder hidden units: 128
Decoder layers: 3
Dropout: 0.0
Trainable parameters: 1,524,482

Training started
X_train.shape: torch.Size([3072, 702])
Y_train.shape: torch.Size([3072, 7])
X_dev.shape: torch.Size([566, 649])
Y_dev.shape: torch.Size([566, 7])
Epochs: 500
Learning rate: 0.001
Weight decay: 0.0001
Epoch | Train                 | Development           | Minutes
      | Loss     | Error Rate | Loss     | Error Rate |
---------------------------------------------------------------
    1 |   2.2102 |     59.706 |   1.6458 |     47.468 |     0.1
    2 |   1.4831 |     46.007 |   1.4546 |     46.731 |     0.1
    3 |   1.4089 |     46.110 |   1.4310 |     47.468 |     0.2
    4 |   1.3785 |     45.855 |   1.3903 |     47.468 |     0.2
    5 |   1.3414 |     45.964 |   1.3483 |     46.673 |     0.3
    6 |   1.3179 |     45.741 |   1.3282 |     46.496 |     0.3
    7 |   1.3038 |     45.519 |   1.3209 |     45.612 |     0.4
    8 |   1.2917 |     45.155 |   1.3007 |     45.995 |     0.5
    9 |   1.2678 |     44.889 |   1.2723 |     45.053 |     0.5
   10 |   1.2491 |     44.173 |   1.2507 |     45.112 |     0.6
   11 |   1.2354 |     43.907 |   1.2362 |     43.492 |     0.6
   12 |   1.2239 |     43.826 |   1.2268 |     43.198 |     0.7
   13 |   1.2129 |     43.441 |   1.2245 |     43.728 |     0.7
   14 |   1.2026 |     43.452 |   1.2156 |     43.875 |     0.8
   15 |   1.1898 |     42.958 |   1.1981 |     43.227 |     0.9
   16 |   1.1784 |     42.795 |   1.1906 |     43.463 |     0.9
   17 |   1.1730 |     42.703 |   1.1888 |     43.816 |     1.0
   18 |   1.1620 |     42.318 |   1.1829 |     42.903 |     1.0
   19 |   1.1564 |     41.922 |   1.1669 |     41.696 |     1.1
   20 |   1.1498 |     41.938 |   1.1600 |     41.225 |     1.1
   21 |   1.1425 |     41.889 |   1.1652 |     42.521 |     1.2
   22 |   1.1384 |     41.726 |   1.1531 |     41.608 |     1.3
   23 |   1.1322 |     41.591 |   1.1463 |     41.461 |     1.3
   24 |   1.1253 |     41.509 |   1.1443 |     41.667 |     1.4
   25 |   1.1210 |     41.401 |   1.1366 |     42.197 |     1.4
   26 |   1.1161 |     41.363 |   1.1438 |     42.403 |     1.5
   27 |   1.1109 |     41.319 |   1.1362 |     41.078 |     1.5
   28 |   1.1068 |     41.059 |   1.1235 |     41.784 |     1.6
   29 |   1.1009 |     40.820 |   1.1300 |     42.197 |     1.7
   30 |   1.0995 |     40.831 |   1.1299 |     42.580 |     1.7
   31 |   1.0957 |     41.005 |   1.1206 |     41.137 |     1.8
   32 |   1.0920 |     40.658 |   1.1240 |     42.079 |     1.8
   33 |   1.0920 |     40.766 |   1.1097 |     40.989 |     1.9
   34 |   1.0877 |     40.712 |   1.1287 |     41.431 |     1.9
   35 |   1.0876 |     40.766 |   1.1096 |     41.608 |     2.0
   36 |   1.0806 |     40.522 |   1.1122 |     40.194 |     2.1
   37 |   1.0812 |     40.234 |   1.1038 |     41.843 |     2.1
   38 |   1.0797 |     40.251 |   1.1106 |     41.578 |     2.2
   39 |   1.0751 |     40.419 |   1.1142 |     41.667 |     2.2
   40 |   1.0768 |     40.337 |   1.1001 |     40.901 |     2.3
   41 |   1.0754 |     40.354 |   1.1025 |     40.607 |     2.3
   42 |   1.0735 |     40.283 |   1.1142 |     41.196 |     2.4
   43 |   1.0741 |     40.327 |   1.1010 |     40.430 |     2.4
   44 |   1.0703 |     40.294 |   1.0991 |     41.461 |     2.5
   45 |   1.0699 |     40.413 |   1.0935 |     40.077 |     2.6
   46 |   1.0695 |     40.120 |   1.0968 |     40.400 |     2.6
   47 |   1.0667 |     40.196 |   1.1068 |     41.166 |     2.7
   48 |   1.0660 |     40.267 |   1.0910 |     40.783 |     2.7
   49 |   1.0662 |     40.516 |   1.1079 |     40.842 |     2.8
   50 |   1.0667 |     40.370 |   1.1000 |     41.225 |     2.8
   51 |   1.0632 |     40.131 |   1.0935 |     40.901 |     2.9
   52 |   1.0628 |     40.131 |   1.0955 |     40.135 |     3.0
   53 |   1.0643 |     40.256 |   1.0901 |     41.490 |     3.0
   54 |   1.0617 |     39.779 |   1.0989 |     41.932 |     3.1
   55 |   1.0629 |     40.229 |   1.0912 |     40.989 |     3.1
   56 |   1.0599 |     40.099 |   1.0911 |     40.607 |     3.2
   57 |   1.0613 |     40.077 |   1.0897 |     41.078 |     3.2
   58 |   1.0605 |     40.234 |   1.0909 |     41.137 |     3.3
   59 |   1.0603 |     40.224 |   1.0995 |     41.166 |     3.4
   60 |   1.0594 |     40.077 |   1.0943 |     41.225 |     3.4
   61 |   1.0573 |     40.234 |   1.0950 |     41.726 |     3.5
Early stopping

Model: Seq2Seq Bi-LSTM
Source index: <Seq2Seq Index with 43 items>
Target index: <Seq2Seq Index with 34 items>
Encoder embedding dimension: 32
Decoder embedding dimension: 128
Encoder hidden units: 64
Encoder layers: 4
Decoder hidden units: 64
Decoder layers: 3
Dropout: 0.0
Trainable parameters: 537,858

Training started
X_train.shape: torch.Size([3072, 702])
Y_train.shape: torch.Size([3072, 7])
X_dev.shape: torch.Size([566, 649])
Y_dev.shape: torch.Size([566, 7])
Epochs: 500
Learning rate: 0.001
Weight decay: 0.0001
Epoch | Train                 | Development           | Minutes
      | Loss     | Error Rate | Loss     | Error Rate |
---------------------------------------------------------------
    1 |   2.5439 |     67.719 |   1.9776 |     48.999 |     0.0
    2 |   1.7072 |     47.873 |   1.5674 |     47.468 |     0.1
    3 |   1.4750 |     46.077 |   1.4684 |     47.232 |     0.1
    4 |   1.4105 |     46.050 |   1.4189 |     47.232 |     0.1
    5 |   1.3686 |     45.893 |   1.3740 |     47.232 |     0.2
    6 |   1.3293 |     45.589 |   1.3331 |     45.848 |     0.2
    7 |   1.3020 |     44.971 |   1.3178 |     45.730 |     0.2
    8 |   1.2792 |     44.477 |   1.2961 |     44.876 |     0.2
    9 |   1.2621 |     44.157 |   1.2752 |     45.082 |     0.3
   10 |   1.2484 |     44.103 |   1.2643 |     43.787 |     0.3
   11 |   1.2331 |     43.679 |   1.2490 |     44.523 |     0.3
   12 |   1.2186 |     43.593 |   1.2417 |     44.611 |     0.4
   13 |   1.2077 |     43.365 |   1.2278 |     44.170 |     0.4
   14 |   1.1952 |     43.110 |   1.2184 |     43.581 |     0.4
   15 |   1.1829 |     42.513 |   1.2109 |     43.286 |     0.5
   16 |   1.1755 |     42.133 |   1.1896 |     42.049 |     0.5
   17 |   1.1628 |     42.008 |   1.1875 |     41.667 |     0.5
   18 |   1.1573 |     41.835 |   1.1812 |     42.079 |     0.5
   19 |   1.1490 |     41.520 |   1.1737 |     41.784 |     0.6
   20 |   1.1439 |     41.211 |   1.1724 |     42.049 |     0.6
   21 |   1.1372 |     40.988 |   1.1760 |     42.462 |     0.6
   22 |   1.1321 |     41.059 |   1.1612 |     41.578 |     0.7
   23 |   1.1289 |     40.858 |   1.1568 |     41.402 |     0.7
   24 |   1.1243 |     40.940 |   1.1550 |     40.783 |     0.7
   25 |   1.1170 |     40.674 |   1.1492 |     41.784 |     0.8
   26 |   1.1122 |     40.544 |   1.1466 |     41.578 |     0.8
   27 |   1.1090 |     40.397 |   1.1441 |     41.873 |     0.8
   28 |   1.1042 |     40.262 |   1.1466 |     41.225 |     0.9
   29 |   1.1028 |     40.272 |   1.1291 |     40.400 |     0.9
   30 |   1.0952 |     40.294 |   1.1429 |     42.138 |     0.9
   31 |   1.0944 |     40.283 |   1.1287 |     41.107 |     0.9
   32 |   1.0890 |     39.817 |   1.1253 |     41.490 |     1.0
   33 |   1.0840 |     39.670 |   1.1174 |     41.343 |     1.0
   34 |   1.0818 |     39.638 |   1.1192 |     40.989 |     1.0
   35 |   1.0768 |     39.274 |   1.1179 |     41.225 |     1.1
   36 |   1.0715 |     38.970 |   1.1073 |     39.929 |     1.1
   37 |   1.0682 |     38.764 |   1.1208 |     40.518 |     1.1
   38 |   1.0634 |     38.959 |   1.1040 |     40.077 |     1.2
   39 |   1.0607 |     38.770 |   1.0959 |     39.841 |     1.2
   40 |   1.0574 |     38.509 |   1.0955 |     39.812 |     1.2
   41 |   1.0509 |     37.956 |   1.0962 |     39.841 |     1.2
   42 |   1.0491 |     38.433 |   1.0859 |     39.370 |     1.3
   43 |   1.0425 |     37.826 |   1.0994 |     40.518 |     1.3
   44 |   1.0390 |     37.836 |   1.0997 |     39.841 |     1.3
   45 |   1.0349 |     37.478 |   1.0875 |     39.252 |     1.4
   46 |   1.0283 |     37.370 |   1.0815 |     39.517 |     1.4
   47 |   1.0237 |     37.131 |   1.0922 |     39.340 |     1.4
   48 |   1.0188 |     36.789 |   1.0709 |     38.457 |     1.5
   49 |   1.0148 |     36.865 |   1.0846 |     39.282 |     1.5
   50 |   1.0070 |     36.702 |   1.0737 |     38.104 |     1.5
   51 |   1.0048 |     36.410 |   1.0696 |     38.192 |     1.6
   52 |   1.0033 |     36.399 |   1.0794 |     38.163 |     1.6
   53 |   0.9910 |     35.845 |   1.0510 |     37.044 |     1.6
   54 |   0.9821 |     35.493 |   1.0468 |     36.749 |     1.6
   55 |   0.9745 |     35.086 |   1.0480 |     37.397 |     1.7
   56 |   0.9777 |     35.162 |   1.0829 |     39.311 |     1.7
   57 |   0.9825 |     35.232 |   1.0404 |     36.307 |     1.7
   58 |   0.9591 |     34.180 |   1.0390 |     36.572 |     1.8
   59 |   0.9519 |     33.849 |   1.0371 |     36.190 |     1.8
   60 |   0.9456 |     33.626 |   1.0349 |     35.866 |     1.8
   61 |   0.9389 |     33.648 |   1.0396 |     36.602 |     1.9
   62 |   0.9309 |     32.812 |   1.0327 |     36.101 |     1.9
   63 |   0.9274 |     32.633 |   1.0375 |     36.249 |     1.9
   64 |   0.9188 |     32.427 |   1.0146 |     35.041 |     1.9
   65 |   0.9144 |     32.156 |   1.0130 |     35.188 |     2.0
   66 |   0.9023 |     31.657 |   1.0310 |     35.807 |     2.0
   67 |   0.8922 |     31.462 |   1.0176 |     35.071 |     2.0
   68 |   0.9011 |     31.689 |   1.0331 |     36.219 |     2.1
   69 |   0.8975 |     31.841 |   1.0076 |     34.806 |     2.1
   70 |   0.8902 |     31.272 |   1.0147 |     34.953 |     2.1
   71 |   0.8700 |     30.621 |   1.0056 |     34.658 |     2.2
   72 |   0.8646 |     30.013 |   1.0004 |     34.600 |     2.2
   73 |   0.8545 |     29.769 |   0.9997 |     34.747 |     2.2
   74 |   0.8496 |     29.910 |   1.0132 |     35.012 |     2.3
   75 |   0.8423 |     29.449 |   0.9909 |     34.099 |     2.3
   76 |   0.8367 |     29.020 |   1.0000 |     34.040 |     2.3
   77 |   0.8279 |     28.597 |   0.9860 |     34.511 |     2.4
   78 |   0.8198 |     28.516 |   1.0033 |     34.393 |     2.4
   79 |   0.8201 |     28.548 |   0.9969 |     33.863 |     2.4
   80 |   0.8025 |     27.626 |   0.9996 |     33.863 |     2.4
   81 |   0.7969 |     27.420 |   1.0024 |     33.068 |     2.5
Early stopping

