Model: Seq2Seq Bi-LSTM
Source index: <Seq2Seq Index with 43 items>
Target index: <Seq2Seq Index with 34 items>
Encoder embedding dimension: 32
Decoder embedding dimension: 128
Encoder hidden units: 64
Encoder layers: 4
Decoder hidden units: 64
Decoder layers: 2
Dropout: 0.0
Trainable parameters: 504,578

Training started
X_train.shape: torch.Size([3057, 702])
Y_train.shape: torch.Size([3057, 7])
X_dev.shape: torch.Size([546, 337])
Y_dev.shape: torch.Size([546, 7])
Epochs: 500
Learning rate: 0.001
Weight decay: 0.0001
Epoch | Train                 | Development           | Minutes
      | Loss     | Error Rate | Loss     | Error Rate |
---------------------------------------------------------------
    1 |   2.3235 |     60.261 |   1.7237 |     48.901 |     0.0
    2 |   1.5309 |     46.565 |   1.4544 |     46.551 |     0.1
    3 |   1.3944 |     45.529 |   1.3802 |     46.184 |     0.1
    4 |   1.3405 |     45.562 |   1.3365 |     46.612 |     0.1
    5 |   1.3008 |     44.968 |   1.3073 |     44.994 |     0.2
    6 |   1.2702 |     43.823 |   1.2770 |     44.170 |     0.2
    7 |   1.2420 |     43.027 |   1.2516 |     43.162 |     0.2
    8 |   1.2211 |     42.629 |   1.2306 |     43.407 |     0.2
    9 |   1.1991 |     42.384 |   1.2069 |     42.888 |     0.3
   10 |   1.1806 |     41.751 |   1.1943 |     42.369 |     0.3
   11 |   1.1638 |     41.489 |   1.1753 |     41.758 |     0.3
   12 |   1.1488 |     40.775 |   1.1705 |     41.239 |     0.4
   13 |   1.1338 |     40.252 |   1.1502 |     41.209 |     0.4
   14 |   1.1205 |     39.674 |   1.1357 |     40.720 |     0.4
   15 |   1.1066 |     39.330 |   1.1312 |     40.079 |     0.5
   16 |   1.0943 |     39.025 |   1.1165 |     40.232 |     0.5
   17 |   1.0826 |     38.256 |   1.1122 |     39.042 |     0.5
   18 |   1.0682 |     37.995 |   1.1055 |     39.499 |     0.5
   19 |   1.0575 |     37.433 |   1.0865 |     38.248 |     0.6
   20 |   1.0445 |     36.757 |   1.0800 |     38.462 |     0.6
   21 |   1.0326 |     36.425 |   1.0790 |     38.034 |     0.6
   22 |   1.0183 |     35.629 |   1.0733 |     37.241 |     0.7
   23 |   1.0042 |     34.762 |   1.0545 |     36.966 |     0.7
   24 |   0.9923 |     34.462 |   1.0497 |     36.325 |     0.7
   25 |   0.9779 |     33.748 |   1.0444 |     36.142 |     0.8
   26 |   0.9614 |     32.990 |   1.0311 |     35.958 |     0.8
   27 |   0.9483 |     32.755 |   1.0302 |     35.714 |     0.8
   28 |   0.9317 |     31.889 |   1.0228 |     35.256 |     0.9
   29 |   0.9168 |     31.392 |   1.0087 |     35.012 |     0.9
   30 |   0.9112 |     31.005 |   1.0026 |     33.822 |     0.9
   31 |   0.8834 |     29.855 |   0.9961 |     33.944 |     1.0
   32 |   0.8688 |     29.386 |   0.9791 |     33.150 |     1.0
   33 |   0.8543 |     28.803 |   0.9903 |     33.700 |     1.0
   34 |   0.8360 |     27.952 |   0.9866 |     33.059 |     1.0
   35 |   0.8230 |     28.034 |   0.9763 |     31.990 |     1.1
   36 |   0.8082 |     27.205 |   0.9787 |     32.845 |     1.1
   37 |   0.7929 |     26.764 |   0.9527 |     31.960 |     1.1
   38 |   0.7686 |     26.039 |   0.9515 |     32.021 |     1.2
   39 |   0.7515 |     25.335 |   0.9491 |     31.532 |     1.2
   40 |   0.7422 |     24.665 |   0.9499 |     30.525 |     1.2
   41 |   0.7174 |     23.831 |   0.9439 |     30.769 |     1.3
   42 |   0.7030 |     23.454 |   0.9376 |     30.250 |     1.3
   43 |   0.6857 |     22.991 |   0.9396 |     30.556 |     1.3
   44 |   0.6680 |     22.010 |   0.9331 |     29.457 |     1.4
   45 |   0.6537 |     21.404 |   0.9267 |     29.365 |     1.4
   46 |   0.6327 |     20.859 |   0.9335 |     29.915 |     1.4
   47 |   0.6186 |     20.292 |   0.9441 |     29.609 |     1.5
   48 |   0.5986 |     19.556 |   0.9393 |     29.182 |     1.5
   49 |   0.5886 |     19.316 |   0.9316 |     28.999 |     1.5
   50 |   0.5730 |     18.646 |   0.9207 |     28.419 |     1.6
   51 |   0.5576 |     18.275 |   0.9367 |     28.755 |     1.6
   52 |   0.5405 |     17.801 |   0.9304 |     29.060 |     1.6
   53 |   0.5267 |     16.923 |   0.9432 |     27.991 |     1.6
   54 |   0.5103 |     16.683 |   0.9480 |     28.053 |     1.7
Early stopping

Model: Seq2Seq Bi-LSTM
Source index: <Seq2Seq Index with 43 items>
Target index: <Seq2Seq Index with 34 items>
Encoder embedding dimension: 32
Decoder embedding dimension: 64
Encoder hidden units: 128
Encoder layers: 2
Decoder hidden units: 128
Decoder layers: 3
Dropout: 0.2
Trainable parameters: 1,063,682

Training started
X_train.shape: torch.Size([3057, 702])
Y_train.shape: torch.Size([3057, 7])
X_dev.shape: torch.Size([546, 337])
Y_dev.shape: torch.Size([546, 7])
Epochs: 500
Learning rate: 0.001
Weight decay: 0.0001
Epoch | Train                 | Development           | Minutes
      | Loss     | Error Rate | Loss     | Error Rate |
---------------------------------------------------------------
    1 |   2.1931 |     58.636 |   1.6230 |     47.070 |     0.0
    2 |   1.4751 |     46.129 |   1.4438 |     46.825 |     0.1
    3 |   1.4065 |     46.162 |   1.4199 |     46.856 |     0.1
    4 |   1.3748 |     46.260 |   1.3757 |     46.154 |     0.2
    5 |   1.3454 |     45.916 |   1.3469 |     46.642 |     0.2
    6 |   1.3207 |     45.835 |   1.3205 |     45.513 |     0.2
    7 |   1.3023 |     45.355 |   1.3073 |     45.940 |     0.3
    8 |   1.2864 |     45.497 |   1.2857 |     45.910 |     0.3
    9 |   1.2669 |     44.630 |   1.2702 |     44.933 |     0.4
   10 |   1.2492 |     44.374 |   1.2507 |     45.147 |     0.4
   11 |   1.2342 |     43.894 |   1.2386 |     44.383 |     0.4
   12 |   1.2204 |     43.638 |   1.2365 |     43.895 |     0.5
   13 |   1.2104 |     43.147 |   1.2147 |     43.498 |     0.5
   14 |   1.1984 |     42.962 |   1.2078 |     43.498 |     0.6
   15 |   1.1895 |     42.891 |   1.2108 |     43.803 |     0.6
   16 |   1.1850 |     42.809 |   1.1987 |     43.132 |     0.7
   17 |   1.1785 |     42.509 |   1.1885 |     42.796 |     0.7
   18 |   1.1654 |     41.898 |   1.1902 |     42.796 |     0.7
   19 |   1.1595 |     41.915 |   1.1786 |     43.193 |     0.8
   20 |   1.1511 |     41.609 |   1.1684 |     41.941 |     0.8
   21 |   1.1431 |     41.266 |   1.1686 |     41.850 |     0.9
   22 |   1.1432 |     41.506 |   1.1713 |     43.040 |     0.9
   23 |   1.1385 |     41.032 |   1.1765 |     42.735 |     0.9
   24 |   1.1294 |     40.726 |   1.1436 |     41.056 |     1.0
   25 |   1.1176 |     40.372 |   1.1439 |     41.636 |     1.0
   26 |   1.1079 |     40.279 |   1.1317 |     41.178 |     1.1
   27 |   1.1038 |     39.898 |   1.1208 |     40.690 |     1.1
   28 |   1.0979 |     39.876 |   1.1250 |     40.720 |     1.1
   29 |   1.0939 |     39.832 |   1.1069 |     40.110 |     1.2
   30 |   1.0815 |     39.489 |   1.1035 |     40.415 |     1.2
   31 |   1.0819 |     39.543 |   1.1104 |     40.720 |     1.3
   32 |   1.0796 |     39.281 |   1.1046 |     40.201 |     1.3
   33 |   1.0706 |     39.063 |   1.0991 |     40.171 |     1.4
   34 |   1.0637 |     38.933 |   1.1051 |     40.659 |     1.4
   35 |   1.0614 |     38.922 |   1.0975 |     39.927 |     1.4
   36 |   1.0528 |     38.475 |   1.0835 |     39.744 |     1.5
   37 |   1.0508 |     38.502 |   1.0920 |     39.683 |     1.5
   38 |   1.0459 |     38.535 |   1.0791 |     39.408 |     1.6
   39 |   1.0491 |     38.627 |   1.0838 |     39.042 |     1.6
   40 |   1.0423 |     38.458 |   1.0714 |     39.377 |     1.6
   41 |   1.0332 |     37.837 |   1.0751 |     39.377 |     1.7
   42 |   1.0306 |     37.782 |   1.0673 |     38.919 |     1.7
   43 |   1.0238 |     37.826 |   1.0609 |     38.462 |     1.8
   44 |   1.0195 |     37.629 |   1.0652 |     38.400 |     1.8
   45 |   1.0176 |     37.313 |   1.0538 |     38.126 |     1.9
   46 |   1.0103 |     37.073 |   1.0529 |     38.339 |     1.9
   47 |   1.0048 |     36.528 |   1.0468 |     38.309 |     1.9
   48 |   0.9967 |     36.675 |   1.0402 |     37.576 |     2.0
   49 |   0.9946 |     36.326 |   1.0321 |     37.943 |     2.0
   50 |   0.9859 |     36.130 |   1.0345 |     37.485 |     2.1
   51 |   0.9802 |     35.749 |   1.0269 |     37.363 |     2.1
   52 |   0.9751 |     35.863 |   1.0194 |     37.241 |     2.2
   53 |   0.9645 |     35.285 |   1.0214 |     36.813 |     2.2
   54 |   0.9606 |     35.002 |   1.0097 |     36.416 |     2.2
   55 |   0.9504 |     34.489 |   1.0000 |     36.691 |     2.3
   56 |   0.9443 |     34.424 |   1.0061 |     36.264 |     2.3
   57 |   0.9410 |     34.249 |   1.0003 |     35.684 |     2.4
   58 |   0.9306 |     33.928 |   0.9969 |     35.165 |     2.4
   59 |   0.9264 |     33.268 |   0.9888 |     36.050 |     2.4
   60 |   0.9231 |     33.033 |   0.9807 |     34.615 |     2.5
   61 |   0.9112 |     32.826 |   0.9865 |     35.165 |     2.5
   62 |   0.9050 |     32.619 |   0.9787 |     34.951 |     2.6
   63 |   0.8963 |     31.790 |   0.9754 |     34.096 |     2.6
   64 |   0.8929 |     31.970 |   0.9696 |     34.249 |     2.7
   65 |   0.8892 |     31.992 |   0.9654 |     34.096 |     2.7
   66 |   0.8886 |     32.128 |   0.9583 |     33.944 |     2.7
   67 |   0.8746 |     31.512 |   0.9637 |     34.005 |     2.8
   68 |   0.8645 |     31.153 |   0.9690 |     34.463 |     2.8
   69 |   0.8623 |     31.120 |   0.9595 |     33.883 |     2.9
   70 |   0.8656 |     31.343 |   0.9621 |     33.394 |     2.9
   71 |   0.8481 |     30.242 |   0.9577 |     33.669 |     3.0
   72 |   0.8453 |     30.591 |   0.9459 |     32.937 |     3.0
   73 |   0.8350 |     29.850 |   0.9563 |     33.791 |     3.0
   74 |   0.8290 |     29.457 |   0.9398 |     33.059 |     3.1
   75 |   0.8214 |     29.446 |   0.9456 |     33.578 |     3.1
   76 |   0.8214 |     29.239 |   0.9392 |     33.272 |     3.2
   77 |   0.8102 |     29.255 |   0.9421 |     32.845 |     3.2
   78 |   0.8041 |     28.656 |   0.9430 |     33.150 |     3.3
   79 |   0.7974 |     28.492 |   0.9244 |     31.868 |     3.3
   80 |   0.7917 |     28.252 |   0.9467 |     32.662 |     3.4
   81 |   0.7894 |     27.941 |   0.9403 |     32.784 |     3.4
   82 |   0.7794 |     27.592 |   0.9342 |     32.479 |     3.4
   83 |   0.7742 |     27.641 |   0.9379 |     32.967 |     3.5
Early stopping

Model: Seq2Seq Bi-LSTM
Source index: <Seq2Seq Index with 43 items>
Target index: <Seq2Seq Index with 34 items>
Encoder embedding dimension: 32
Decoder embedding dimension: 64
Encoder hidden units: 64
Encoder layers: 3
Decoder hidden units: 64
Decoder layers: 3
Dropout: 0.2
Trainable parameters: 403,586

Training started
X_train.shape: torch.Size([3057, 702])
Y_train.shape: torch.Size([3057, 7])
X_dev.shape: torch.Size([546, 337])
Y_dev.shape: torch.Size([546, 7])
Epochs: 500
Learning rate: 0.001
Weight decay: 1e-05
Epoch | Train                 | Development           | Minutes
      | Loss     | Error Rate | Loss     | Error Rate |
---------------------------------------------------------------
    1 |   2.6280 |     69.120 |   2.0909 |     59.280 |     0.0
    2 |   1.8216 |     51.439 |   1.6156 |     47.070 |     0.1
    3 |   1.5113 |     46.304 |   1.4821 |     47.070 |     0.1
    4 |   1.4387 |     46.096 |   1.4416 |     46.825 |     0.1
    5 |   1.4082 |     46.102 |   1.4150 |     47.070 |     0.1
    6 |   1.3875 |     46.173 |   1.3910 |     47.070 |     0.2
    7 |   1.3636 |     46.096 |   1.3668 |     46.886 |     0.2
    8 |   1.3398 |     46.064 |   1.3478 |     46.215 |     0.2
    9 |   1.3228 |     45.726 |   1.3396 |     46.612 |     0.2
   10 |   1.3120 |     45.873 |   1.3294 |     46.642 |     0.3
   11 |   1.3001 |     45.497 |   1.3122 |     46.612 |     0.3
   12 |   1.2900 |     45.573 |   1.3026 |     46.734 |     0.3
   13 |   1.2762 |     45.437 |   1.2884 |     46.123 |     0.4
   14 |   1.2620 |     45.077 |   1.2727 |     45.208 |     0.4
   15 |   1.2468 |     44.308 |   1.2585 |     44.200 |     0.4
   16 |   1.2311 |     43.632 |   1.2460 |     44.048 |     0.4
   17 |   1.2180 |     43.430 |   1.2312 |     43.559 |     0.5
   18 |   1.2052 |     42.803 |   1.2223 |     43.132 |     0.5
   19 |   1.1927 |     42.296 |   1.2056 |     42.338 |     0.5
   20 |   1.1790 |     41.702 |   1.1979 |     42.002 |     0.5
   21 |   1.1649 |     41.288 |   1.1800 |     41.453 |     0.6
   22 |   1.1552 |     41.162 |   1.1735 |     41.209 |     0.6
   23 |   1.1441 |     40.568 |   1.1542 |     41.087 |     0.6
   24 |   1.1317 |     39.968 |   1.1495 |     40.446 |     0.6
   25 |   1.1195 |     39.559 |   1.1348 |     40.537 |     0.7
   26 |   1.1083 |     39.243 |   1.1257 |     39.988 |     0.7
   27 |   1.0941 |     38.976 |   1.1143 |     39.225 |     0.7
   28 |   1.0887 |     38.622 |   1.1102 |     39.927 |     0.8
   29 |   1.0749 |     38.273 |   1.0929 |     39.133 |     0.8
   30 |   1.0657 |     37.728 |   1.0880 |     39.225 |     0.8
   31 |   1.0506 |     37.264 |   1.0785 |     38.675 |     0.8
   32 |   1.0378 |     36.610 |   1.0691 |     37.759 |     0.9
   33 |   1.0290 |     35.896 |   1.0588 |     37.057 |     0.9
   34 |   1.0144 |     35.765 |   1.0472 |     36.905 |     0.9
   35 |   1.0034 |     34.953 |   1.0499 |     36.508 |     0.9
   36 |   0.9845 |     34.287 |   1.0448 |     35.714 |     1.0
   37 |   0.9758 |     33.835 |   1.0526 |     36.111 |     1.0
   38 |   0.9654 |     33.650 |   1.0243 |     35.440 |     1.0
   39 |   0.9469 |     32.657 |   1.0115 |     35.684 |     1.1
   40 |   0.9371 |     32.341 |   1.0078 |     34.890 |     1.1
   41 |   0.9336 |     32.232 |   1.0060 |     34.646 |     1.1
   42 |   0.9157 |     31.469 |   1.0175 |     34.585 |     1.1
   43 |   0.9055 |     30.744 |   0.9833 |     33.089 |     1.2
   44 |   0.8940 |     30.531 |   0.9931 |     33.913 |     1.2
   45 |   0.8812 |     29.790 |   0.9987 |     32.662 |     1.2
   46 |   0.8695 |     29.593 |   0.9746 |     33.455 |     1.2
   47 |   0.8637 |     29.462 |   0.9739 |     32.784 |     1.3
   48 |   0.8504 |     28.765 |   0.9788 |     32.601 |     1.3
   49 |   0.8388 |     28.481 |   0.9631 |     32.479 |     1.3
   50 |   0.8248 |     27.843 |   0.9728 |     31.685 |     1.4
   51 |   0.8261 |     27.936 |   0.9611 |     32.082 |     1.4
   52 |   0.8063 |     27.200 |   0.9508 |     31.502 |     1.4
   53 |   0.7997 |     26.998 |   0.9559 |     32.173 |     1.4
   54 |   0.7863 |     26.562 |   0.9480 |     31.654 |     1.5
   55 |   0.7708 |     25.695 |   0.9387 |     30.922 |     1.5
   56 |   0.7624 |     25.641 |   0.9456 |     31.197 |     1.5
   57 |   0.7544 |     25.384 |   0.9398 |     31.044 |     1.5
   58 |   0.7417 |     25.139 |   0.9424 |     31.105 |     1.6
   59 |   0.7350 |     24.594 |   0.9527 |     30.281 |     1.6
Early stopping

Model: Seq2Seq Bi-LSTM
Source index: <Seq2Seq Index with 43 items>
Target index: <Seq2Seq Index with 34 items>
Encoder embedding dimension: 32
Decoder embedding dimension: 64
Encoder hidden units: 128
Encoder layers: 4
Decoder hidden units: 128
Decoder layers: 3
Dropout: 0.2
Trainable parameters: 1,985,282

Training started
X_train.shape: torch.Size([3057, 702])
Y_train.shape: torch.Size([3057, 7])
X_dev.shape: torch.Size([546, 337])
Y_dev.shape: torch.Size([546, 7])
Epochs: 500
Learning rate: 0.001
Weight decay: 0.0001
Epoch | Train                 | Development           | Minutes
      | Loss     | Error Rate | Loss     | Error Rate |
---------------------------------------------------------------
    1 |   2.2255 |     60.157 |   1.6489 |     49.420 |     0.1
    2 |   1.4915 |     46.434 |   1.4519 |     47.070 |     0.2
    3 |   1.4139 |     46.129 |   1.4233 |     46.825 |     0.3
    4 |   1.3866 |     46.091 |   1.3951 |     46.856 |     0.3
    5 |   1.3531 |     46.004 |   1.3549 |     46.306 |     0.4
    6 |   1.3242 |     45.867 |   1.3217 |     46.123 |     0.5
    7 |   1.3050 |     45.573 |   1.3068 |     45.726 |     0.6
    8 |   1.2824 |     45.186 |   1.2822 |     45.238 |     0.7
    9 |   1.2625 |     44.368 |   1.2690 |     44.261 |     0.7
   10 |   1.2504 |     44.319 |   1.2585 |     44.017 |     0.8
   11 |   1.2373 |     43.954 |   1.2461 |     44.597 |     0.9
   12 |   1.2263 |     43.512 |   1.2335 |     43.987 |     1.0
   13 |   1.2162 |     43.240 |   1.2247 |     43.926 |     1.1
   14 |   1.2053 |     43.043 |   1.2164 |     44.628 |     1.2
   15 |   1.1992 |     43.261 |   1.2137 |     43.071 |     1.2
   16 |   1.1908 |     42.754 |   1.2069 |     43.468 |     1.3
   17 |   1.1827 |     42.831 |   1.1985 |     42.460 |     1.4
   18 |   1.1745 |     42.727 |   1.1901 |     42.521 |     1.5
   19 |   1.1677 |     42.269 |   1.1814 |     42.521 |     1.6
   20 |   1.1603 |     42.144 |   1.1763 |     42.705 |     1.7
   21 |   1.1551 |     41.942 |   1.1675 |     42.094 |     1.8
   22 |   1.1472 |     41.528 |   1.1646 |     41.880 |     1.8
   23 |   1.1384 |     41.522 |   1.1592 |     41.667 |     1.9
   24 |   1.1319 |     41.015 |   1.1503 |     42.125 |     2.0
   25 |   1.1254 |     40.813 |   1.1354 |     40.568 |     2.1
   26 |   1.1163 |     40.813 |   1.1351 |     41.270 |     2.2
   27 |   1.1084 |     40.072 |   1.1314 |     40.629 |     2.3
   28 |   1.1035 |     40.154 |   1.1302 |     40.842 |     2.4
   29 |   1.0955 |     39.914 |   1.1175 |     39.988 |     2.4
   30 |   1.0866 |     39.483 |   1.1220 |     41.361 |     2.5
   31 |   1.0806 |     39.167 |   1.1072 |     39.957 |     2.6
   32 |   1.0716 |     39.063 |   1.0999 |     39.530 |     2.7
   33 |   1.0662 |     38.873 |   1.1007 |     38.523 |     2.8
   34 |   1.0622 |     38.840 |   1.0835 |     39.194 |     2.9
   35 |   1.0537 |     38.485 |   1.0803 |     39.194 |     2.9
   36 |   1.0510 |     38.725 |   1.0719 |     38.706 |     3.0
   37 |   1.0468 |     37.946 |   1.0731 |     38.462 |     3.1
   38 |   1.0421 |     38.093 |   1.0708 |     38.797 |     3.2
   39 |   1.0338 |     37.771 |   1.0628 |     38.370 |     3.3
   40 |   1.0337 |     37.728 |   1.0716 |     39.103 |     3.4
   41 |   1.0259 |     37.629 |   1.0683 |     38.400 |     3.5
   42 |   1.0216 |     37.477 |   1.0614 |     38.492 |     3.5
   43 |   1.0196 |     37.210 |   1.0480 |     37.912 |     3.6
   44 |   1.0164 |     37.242 |   1.0452 |     38.095 |     3.7
   45 |   1.0072 |     36.888 |   1.0523 |     37.759 |     3.8
   46 |   1.0068 |     36.801 |   1.0400 |     37.485 |     3.9
   47 |   0.9992 |     36.697 |   1.0410 |     37.851 |     4.0
   48 |   0.9980 |     36.697 |   1.0345 |     37.241 |     4.1
   49 |   0.9940 |     36.348 |   1.0409 |     36.783 |     4.1
   50 |   0.9924 |     36.343 |   1.0453 |     37.302 |     4.2
   51 |   0.9856 |     36.157 |   1.0310 |     36.691 |     4.3
   52 |   0.9841 |     36.294 |   1.0326 |     37.882 |     4.4
   53 |   0.9807 |     36.059 |   1.0359 |     37.027 |     4.5
   54 |   0.9815 |     36.005 |   1.0348 |     36.996 |     4.6
   55 |   0.9722 |     35.694 |   1.0179 |     37.057 |     4.7
   56 |   0.9734 |     35.863 |   1.0205 |     37.485 |     4.7
   57 |   0.9637 |     35.013 |   1.0240 |     37.424 |     4.8
   58 |   0.9611 |     35.269 |   1.0294 |     37.515 |     4.9
   59 |   0.9631 |     35.171 |   1.0218 |     37.332 |     5.0
Early stopping

Model: Seq2Seq Bi-LSTM
Source index: <Seq2Seq Index with 43 items>
Target index: <Seq2Seq Index with 34 items>
Encoder embedding dimension: 128
Decoder embedding dimension: 128
Encoder hidden units: 128
Encoder layers: 4
Decoder hidden units: 128
Decoder layers: 2
Dropout: 0.1
Trainable parameters: 1,990,562

Training started
X_train.shape: torch.Size([3057, 702])
Y_train.shape: torch.Size([3057, 7])
X_dev.shape: torch.Size([546, 337])
Y_dev.shape: torch.Size([546, 7])
Epochs: 500
Learning rate: 0.001
Weight decay: 0.0001
Epoch | Train                 | Development           | Minutes
      | Loss     | Error Rate | Loss     | Error Rate |
---------------------------------------------------------------
    1 |   2.0556 |     56.313 |   1.5305 |     46.551 |     0.1
    2 |   1.4257 |     45.862 |   1.3983 |     46.551 |     0.2
    3 |   1.3483 |     45.747 |   1.3423 |     46.184 |     0.3
    4 |   1.2937 |     44.821 |   1.2976 |     44.994 |     0.4
    5 |   1.2520 |     43.550 |   1.2537 |     44.048 |     0.4
    6 |   1.2140 |     42.760 |   1.2184 |     43.559 |     0.5
    7 |   1.1801 |     41.887 |   1.1864 |     42.552 |     0.6
    8 |   1.1520 |     41.135 |   1.1599 |     41.056 |     0.7
    9 |   1.1267 |     40.137 |   1.1418 |     40.598 |     0.8
   10 |   1.0997 |     39.031 |   1.1237 |     39.988 |     0.9
   11 |   1.0765 |     38.093 |   1.1052 |     39.774 |     1.0
   12 |   1.0499 |     36.795 |   1.0872 |     38.797 |     1.1
   13 |   1.0251 |     35.618 |   1.0639 |     37.302 |     1.2
   14 |   1.0051 |     34.838 |   1.0398 |     36.752 |     1.3
   15 |   0.9762 |     34.064 |   1.0302 |     35.928 |     1.3
   16 |   0.9507 |     32.717 |   1.0067 |     35.287 |     1.4
   17 |   0.9218 |     31.730 |   0.9976 |     35.806 |     1.5
   18 |   0.8941 |     30.815 |   0.9825 |     34.066 |     1.6
   19 |   0.8774 |     30.302 |   0.9555 |     33.578 |     1.7
   20 |   0.8538 |     29.337 |   0.9540 |     33.333 |     1.8
   21 |   0.8268 |     27.941 |   0.9573 |     32.784 |     1.9
   22 |   0.8063 |     27.412 |   0.9477 |     32.326 |     2.0
   23 |   0.7794 |     26.617 |   0.9450 |     31.960 |     2.0
   24 |   0.7605 |     25.608 |   0.9261 |     31.074 |     2.1
   25 |   0.7312 |     24.637 |   0.9248 |     30.617 |     2.2
   26 |   0.7213 |     24.387 |   0.9128 |     29.487 |     2.3
   27 |   0.6912 |     23.024 |   0.9199 |     29.945 |     2.4
   28 |   0.6731 |     22.484 |   0.8965 |     28.785 |     2.5
   29 |   0.6432 |     21.355 |   0.9161 |     29.640 |     2.6
   30 |   0.6231 |     20.767 |   0.9113 |     28.999 |     2.7
   31 |   0.6040 |     20.047 |   0.9062 |     28.083 |     2.7
   32 |   0.5834 |     19.469 |   0.9071 |     28.571 |     2.8
   33 |   0.5667 |     18.558 |   0.8894 |     28.053 |     2.9
   34 |   0.5463 |     18.079 |   0.9234 |     28.632 |     3.0
   35 |   0.5260 |     17.408 |   0.9066 |     27.686 |     3.1
   36 |   0.5055 |     16.716 |   0.9132 |     28.144 |     3.2
   37 |   0.4897 |     16.258 |   0.9160 |     27.625 |     3.3
Early stopping

Model: Seq2Seq Bi-LSTM
Source index: <Seq2Seq Index with 43 items>
Target index: <Seq2Seq Index with 34 items>
Encoder embedding dimension: 128
Decoder embedding dimension: 128
Encoder hidden units: 64
Encoder layers: 3
Decoder hidden units: 64
Decoder layers: 3
Dropout: 0.0
Trainable parameters: 475,426

Training started
X_train.shape: torch.Size([3057, 702])
Y_train.shape: torch.Size([3057, 7])
X_dev.shape: torch.Size([546, 337])
Y_dev.shape: torch.Size([546, 7])
Epochs: 500
Learning rate: 0.001
Weight decay: 0.0001
Epoch | Train                 | Development           | Minutes
      | Loss     | Error Rate | Loss     | Error Rate |
---------------------------------------------------------------
    1 |   2.5218 |     68.062 |   1.9986 |     56.807 |     0.0
    2 |   1.7568 |     49.558 |   1.6008 |     47.070 |     0.1
    3 |   1.4980 |     46.304 |   1.4708 |     47.070 |     0.1
    4 |   1.4276 |     45.987 |   1.4286 |     47.070 |     0.1
    5 |   1.3931 |     45.971 |   1.3974 |     46.886 |     0.1
    6 |   1.3575 |     45.687 |   1.3610 |     45.971 |     0.2
    7 |   1.3294 |     45.240 |   1.3404 |     46.032 |     0.2
    8 |   1.3054 |     44.712 |   1.3147 |     45.482 |     0.2
    9 |   1.2822 |     44.406 |   1.2901 |     44.780 |     0.2
   10 |   1.2585 |     43.883 |   1.2805 |     44.994 |     0.3
   11 |   1.2379 |     43.447 |   1.2558 |     44.322 |     0.3
   12 |   1.2173 |     42.962 |   1.2407 |     44.322 |     0.3
   13 |   1.2012 |     42.683 |   1.2284 |     43.742 |     0.4
   14 |   1.1869 |     42.176 |   1.2157 |     43.315 |     0.4
   15 |   1.1734 |     41.778 |   1.1971 |     42.277 |     0.4
   16 |   1.1592 |     41.353 |   1.1905 |     42.125 |     0.4
   17 |   1.1481 |     41.059 |   1.1742 |     41.575 |     0.5
   18 |   1.1361 |     40.475 |   1.1693 |     41.972 |     0.5
   19 |   1.1237 |     40.323 |   1.1596 |     41.636 |     0.5
   20 |   1.1122 |     39.739 |   1.1510 |     41.239 |     0.6
   21 |   1.1028 |     39.440 |   1.1445 |     40.842 |     0.6
   22 |   1.0950 |     38.982 |   1.1442 |     40.842 |     0.6
   23 |   1.0817 |     38.644 |   1.1340 |     40.568 |     0.6
   24 |   1.0710 |     38.311 |   1.1182 |     40.110 |     0.7
   25 |   1.0627 |     37.842 |   1.1066 |     39.744 |     0.7
   26 |   1.0500 |     37.237 |   1.0994 |     39.011 |     0.7
   27 |   1.0379 |     36.664 |   1.0946 |     38.370 |     0.7
   28 |   1.0289 |     36.441 |   1.0992 |     38.339 |     0.8
   29 |   1.0173 |     35.819 |   1.0783 |     37.790 |     0.8
   30 |   1.0012 |     34.789 |   1.0753 |     37.759 |     0.8
   31 |   0.9912 |     34.255 |   1.0644 |     36.661 |     0.9
   32 |   0.9774 |     33.933 |   1.0586 |     36.966 |     0.9
   33 |   0.9621 |     33.181 |   1.0508 |     36.203 |     0.9
   34 |   0.9495 |     32.630 |   1.0562 |     36.630 |     0.9
   35 |   0.9385 |     32.483 |   1.0438 |     35.989 |     1.0
   36 |   0.9262 |     31.736 |   1.0465 |     35.897 |     1.0
   37 |   0.9108 |     31.376 |   1.0370 |     35.531 |     1.0
   38 |   0.9011 |     30.607 |   1.0241 |     34.982 |     1.1
   39 |   0.8887 |     30.291 |   1.0388 |     35.897 |     1.1
   40 |   0.8738 |     29.686 |   1.0316 |     35.348 |     1.1
   41 |   0.8592 |     29.206 |   1.0185 |     34.890 |     1.1
   42 |   0.8483 |     28.677 |   1.0056 |     34.341 |     1.2
   43 |   0.8400 |     28.165 |   1.0111 |     34.524 |     1.2
   44 |   0.8207 |     27.396 |   1.0242 |     34.158 |     1.2
   45 |   0.8118 |     27.080 |   1.0232 |     34.737 |     1.3
   46 |   0.7909 |     26.235 |   1.0300 |     34.096 |     1.3
Early stopping

Model: Seq2Seq Bi-LSTM
Source index: <Seq2Seq Index with 43 items>
Target index: <Seq2Seq Index with 34 items>
Encoder embedding dimension: 32
Decoder embedding dimension: 128
Encoder hidden units: 64
Encoder layers: 2
Decoder hidden units: 64
Decoder layers: 2
Dropout: 0.2
Trainable parameters: 273,154

Training started
X_train.shape: torch.Size([3057, 702])
Y_train.shape: torch.Size([3057, 7])
X_dev.shape: torch.Size([546, 337])
Y_dev.shape: torch.Size([546, 7])
Epochs: 500
Learning rate: 0.001
Weight decay: 0.0001
Epoch | Train                 | Development           | Minutes
      | Loss     | Error Rate | Loss     | Error Rate |
---------------------------------------------------------------
    1 |   2.3913 |     62.992 |   1.7885 |     53.083 |     0.0
    2 |   1.5694 |     47.547 |   1.4730 |     46.551 |     0.0
    3 |   1.4201 |     45.862 |   1.4102 |     45.849 |     0.1
    4 |   1.3756 |     45.464 |   1.3767 |     46.551 |     0.1
    5 |   1.3417 |     45.431 |   1.3401 |     46.581 |     0.1
    6 |   1.3058 |     45.224 |   1.3097 |     46.306 |     0.1
    7 |   1.2765 |     44.624 |   1.2872 |     45.513 |     0.1
    8 |   1.2522 |     44.030 |   1.2657 |     45.024 |     0.2
    9 |   1.2287 |     43.300 |   1.2336 |     43.620 |     0.2
   10 |   1.2088 |     42.798 |   1.2230 |     43.346 |     0.2
   11 |   1.1899 |     42.416 |   1.2041 |     42.979 |     0.2
   12 |   1.1807 |     42.089 |   1.1838 |     41.789 |     0.2
   13 |   1.1641 |     41.669 |   1.1800 |     41.758 |     0.2
   14 |   1.1473 |     40.879 |   1.1563 |     40.965 |     0.3
   15 |   1.1339 |     40.388 |   1.1480 |     41.056 |     0.3
   16 |   1.1242 |     40.077 |   1.1440 |     41.392 |     0.3
   17 |   1.1145 |     39.772 |   1.1312 |     40.324 |     0.3
   18 |   1.1029 |     39.429 |   1.1279 |     39.988 |     0.3
   19 |   1.0923 |     38.518 |   1.1145 |     38.858 |     0.4
   20 |   1.0816 |     38.164 |   1.1085 |     39.225 |     0.4
   21 |   1.0747 |     38.115 |   1.1062 |     38.584 |     0.4
   22 |   1.0673 |     37.951 |   1.0907 |     38.645 |     0.4
   23 |   1.0559 |     37.057 |   1.0826 |     37.729 |     0.4
   24 |   1.0477 |     37.090 |   1.0922 |     38.248 |     0.4
   25 |   1.0389 |     36.545 |   1.0714 |     37.118 |     0.5
   26 |   1.0290 |     36.217 |   1.0778 |     38.187 |     0.5
   27 |   1.0452 |     37.046 |   1.0690 |     37.821 |     0.5
   28 |   1.0214 |     35.787 |   1.0557 |     36.905 |     0.5
   29 |   1.0052 |     35.323 |   1.0490 |     36.477 |     0.5
   30 |   0.9953 |     34.816 |   1.0371 |     36.722 |     0.6
   31 |   0.9916 |     34.980 |   1.0453 |     37.485 |     0.6
   32 |   0.9794 |     34.380 |   1.0317 |     36.020 |     0.6
   33 |   0.9682 |     33.802 |   1.0252 |     36.020 |     0.6
   34 |   0.9560 |     33.175 |   1.0140 |     35.317 |     0.6
   35 |   0.9501 |     33.181 |   1.0153 |     35.409 |     0.6
   36 |   0.9347 |     32.652 |   1.0107 |     35.134 |     0.7
   37 |   0.9297 |     32.210 |   1.0004 |     34.310 |     0.7
   38 |   0.9153 |     31.785 |   0.9934 |     34.249 |     0.7
   39 |   0.9063 |     31.469 |   0.9974 |     34.768 |     0.7
   40 |   0.9114 |     31.703 |   0.9840 |     34.585 |     0.7
   41 |   0.8938 |     30.984 |   0.9798 |     33.730 |     0.8
   42 |   0.8799 |     30.046 |   0.9800 |     33.730 |     0.8
   43 |   0.8635 |     29.533 |   0.9801 |     33.913 |     0.8
   44 |   0.8597 |     29.664 |   0.9638 |     33.547 |     0.8
   45 |   0.8476 |     29.026 |   0.9658 |     32.998 |     0.8
   46 |   0.8304 |     28.443 |   0.9632 |     33.486 |     0.9
   47 |   0.8278 |     28.312 |   0.9591 |     33.181 |     0.9
   48 |   0.8187 |     27.930 |   0.9687 |     32.784 |     0.9
   49 |   0.8054 |     27.592 |   0.9597 |     32.845 |     0.9
   50 |   0.8083 |     27.462 |   0.9545 |     32.937 |     0.9
   51 |   0.7884 |     26.873 |   0.9468 |     32.295 |     0.9
   52 |   0.7766 |     26.398 |   0.9376 |     32.173 |     1.0
   53 |   0.7641 |     25.870 |   0.9390 |     31.807 |     1.0
   54 |   0.7526 |     25.466 |   0.9488 |     31.441 |     1.0
   55 |   0.7469 |     25.406 |   1.0080 |     32.753 |     1.0
   56 |   0.7779 |     26.627 |   0.9533 |     32.326 |     1.0
   57 |   0.7412 |     25.368 |   0.9305 |     30.739 |     1.1
   58 |   0.7444 |     25.401 |   0.9213 |     30.891 |     1.1
   59 |   0.7248 |     24.528 |   0.9171 |     30.464 |     1.1
   60 |   0.7048 |     23.689 |   0.9253 |     30.189 |     1.1
   61 |   0.6957 |     23.602 |   0.9275 |     30.922 |     1.1
   62 |   0.6889 |     22.969 |   0.9252 |     29.426 |     1.1
   63 |   0.6880 |     23.198 |   0.9139 |     29.274 |     1.2
   64 |   0.6859 |     22.926 |   0.9759 |     32.479 |     1.2
   65 |   0.7043 |     23.803 |   0.9352 |     30.189 |     1.2
   66 |   0.6631 |     22.446 |   0.9086 |     29.487 |     1.2
   67 |   0.6511 |     21.879 |   0.9485 |     30.525 |     1.2
   68 |   0.6704 |     22.582 |   0.9140 |     29.487 |     1.3
   69 |   0.6380 |     21.437 |   0.9215 |     29.792 |     1.3
   70 |   0.6259 |     20.936 |   0.9049 |     28.358 |     1.3
   71 |   0.6171 |     20.750 |   0.9132 |     28.480 |     1.3
   72 |   0.6135 |     20.750 |   0.9205 |     29.335 |     1.3
   73 |   0.6011 |     19.867 |   0.9327 |     29.335 |     1.3
   74 |   0.5999 |     20.107 |   0.9298 |     29.060 |     1.4
Early stopping

Model: Seq2Seq Bi-LSTM
Source index: <Seq2Seq Index with 43 items>
Target index: <Seq2Seq Index with 34 items>
Encoder embedding dimension: 128
Decoder embedding dimension: 64
Encoder hidden units: 64
Encoder layers: 3
Decoder hidden units: 64
Decoder layers: 2
Dropout: 0.2
Trainable parameters: 423,586

Training started
X_train.shape: torch.Size([3057, 702])
Y_train.shape: torch.Size([3057, 7])
X_dev.shape: torch.Size([546, 337])
Y_dev.shape: torch.Size([546, 7])
Epochs: 500
Learning rate: 0.001
Weight decay: 0.0001
Epoch | Train                 | Development           | Minutes
      | Loss     | Error Rate | Loss     | Error Rate |
---------------------------------------------------------------
    1 |   2.4066 |     63.477 |   1.8667 |     48.901 |     0.0
    2 |   1.6338 |     48.163 |   1.5076 |     46.551 |     0.1
    3 |   1.4365 |     45.857 |   1.4169 |     46.306 |     0.1
    4 |   1.3739 |     45.671 |   1.3714 |     46.184 |     0.1
    5 |   1.3379 |     45.600 |   1.3413 |     46.184 |     0.2
    6 |   1.3103 |     45.104 |   1.3136 |     45.604 |     0.2
    7 |   1.2922 |     44.641 |   1.2995 |     45.635 |     0.2
    8 |   1.2742 |     44.559 |   1.2798 |     45.024 |     0.2
    9 |   1.2555 |     44.226 |   1.2671 |     44.933 |     0.3
   10 |   1.2399 |     43.616 |   1.2554 |     44.902 |     0.3
   11 |   1.2260 |     43.049 |   1.2375 |     43.193 |     0.3
   12 |   1.2105 |     42.907 |   1.2229 |     42.918 |     0.4
   13 |   1.1971 |     42.302 |   1.2125 |     42.766 |     0.4
   14 |   1.1849 |     41.648 |   1.2060 |     42.186 |     0.4
   15 |   1.1706 |     41.413 |   1.1918 |     42.186 |     0.4
   16 |   1.1572 |     40.972 |   1.1729 |     41.728 |     0.5
   17 |   1.1443 |     40.192 |   1.1688 |     41.178 |     0.5
   18 |   1.1334 |     40.034 |   1.1631 |     41.484 |     0.5
   19 |   1.1225 |     39.330 |   1.1409 |     40.263 |     0.6
   20 |   1.1072 |     38.584 |   1.1260 |     39.835 |     0.6
   21 |   1.0921 |     37.826 |   1.1176 |     39.591 |     0.6
   22 |   1.0819 |     37.668 |   1.1032 |     38.034 |     0.7
   23 |   1.0681 |     36.975 |   1.0951 |     38.034 |     0.7
   24 |   1.0522 |     36.201 |   1.0814 |     36.844 |     0.7
   25 |   1.0347 |     35.356 |   1.0768 |     36.996 |     0.7
   26 |   1.0239 |     35.263 |   1.0662 |     37.179 |     0.8
   27 |   1.0073 |     33.982 |   1.0553 |     36.813 |     0.8
   28 |   0.9973 |     34.227 |   1.0390 |     35.073 |     0.8
   29 |   0.9757 |     33.126 |   1.0442 |     35.653 |     0.9
   30 |   0.9599 |     32.788 |   1.0238 |     35.470 |     0.9
   31 |   0.9469 |     32.406 |   1.0313 |     35.287 |     0.9
   32 |   0.9327 |     31.687 |   1.0069 |     34.493 |     0.9
   33 |   0.9185 |     31.120 |   1.0148 |     35.928 |     1.0
   34 |   0.9025 |     30.749 |   0.9798 |     32.998 |     1.0
   35 |   0.8906 |     30.068 |   1.0009 |     33.608 |     1.0
   36 |   0.8740 |     29.408 |   1.0007 |     33.700 |     1.1
   37 |   0.8606 |     28.906 |   0.9742 |     32.631 |     1.1
   38 |   0.8406 |     28.258 |   0.9750 |     33.028 |     1.1
   39 |   0.8214 |     27.620 |   0.9663 |     32.418 |     1.2
   40 |   0.8111 |     27.342 |   0.9589 |     32.357 |     1.2
   41 |   0.7910 |     26.682 |   0.9714 |     31.380 |     1.2
   42 |   0.7781 |     25.990 |   0.9602 |     31.074 |     1.2
   43 |   0.7654 |     25.581 |   0.9611 |     31.013 |     1.3
   44 |   0.7466 |     24.812 |   0.9584 |     31.013 |     1.3
   45 |   0.7350 |     24.196 |   0.9598 |     30.769 |     1.3
   46 |   0.7362 |     24.403 |   0.9569 |     30.495 |     1.4
   47 |   0.7099 |     23.318 |   0.9618 |     30.891 |     1.4
   48 |   0.6918 |     22.740 |   0.9702 |     30.647 |     1.4
   49 |   0.6786 |     22.075 |   0.9526 |     30.525 |     1.4
   50 |   0.6775 |     22.228 |   0.9937 |     30.861 |     1.5
   51 |   0.6612 |     21.873 |   0.9621 |     30.525 |     1.5
   52 |   0.6405 |     21.137 |   0.9957 |     30.433 |     1.5
   53 |   0.6251 |     20.745 |   0.9762 |     29.762 |     1.6
Early stopping

Model: Seq2Seq Bi-LSTM
Source index: <Seq2Seq Index with 43 items>
Target index: <Seq2Seq Index with 34 items>
Encoder embedding dimension: 64
Decoder embedding dimension: 64
Encoder hidden units: 128
Encoder layers: 2
Decoder hidden units: 128
Decoder layers: 2
Dropout: 0.1
Trainable parameters: 965,730

Training started
X_train.shape: torch.Size([3057, 702])
Y_train.shape: torch.Size([3057, 7])
X_dev.shape: torch.Size([546, 337])
Y_dev.shape: torch.Size([546, 7])
Epochs: 500
Learning rate: 0.001
Weight decay: 0.0001
Epoch | Train                 | Development           | Minutes
      | Loss     | Error Rate | Loss     | Error Rate |
---------------------------------------------------------------
    1 |   2.0692 |     56.679 |   1.5359 |     47.100 |     0.0
    2 |   1.4310 |     45.938 |   1.4037 |     46.306 |     0.1
    3 |   1.3561 |     45.704 |   1.3485 |     46.276 |     0.1
    4 |   1.3201 |     45.568 |   1.3131 |     45.818 |     0.2
    5 |   1.2897 |     44.684 |   1.2866 |     44.933 |     0.2
    6 |   1.2601 |     44.030 |   1.2629 |     44.994 |     0.3
    7 |   1.2380 |     43.714 |   1.2425 |     43.651 |     0.3
    8 |   1.2174 |     42.836 |   1.2290 |     43.010 |     0.3
    9 |   1.1967 |     42.465 |   1.2065 |     43.132 |     0.4
   10 |   1.1803 |     42.035 |   1.1886 |     42.888 |     0.4
   11 |   1.1595 |     41.135 |   1.1800 |     42.186 |     0.5
   12 |   1.1425 |     40.868 |   1.1632 |     41.209 |     0.5
   13 |   1.1253 |     39.963 |   1.1427 |     40.842 |     0.6
   14 |   1.1064 |     39.510 |   1.1339 |     40.842 |     0.6
   15 |   1.0918 |     38.709 |   1.1195 |     39.774 |     0.6
   16 |   1.0768 |     38.322 |   1.1079 |     39.683 |     0.7
   17 |   1.0599 |     37.411 |   1.0922 |     39.316 |     0.7
   18 |   1.0411 |     37.068 |   1.0745 |     38.156 |     0.8
   19 |   1.0199 |     35.819 |   1.0560 |     38.187 |     0.8
   20 |   1.0028 |     35.187 |   1.0485 |     37.241 |     0.9
   21 |   0.9879 |     34.631 |   1.0190 |     35.989 |     0.9
   22 |   0.9626 |     33.617 |   1.0265 |     36.233 |     0.9
   23 |   0.9413 |     32.635 |   1.0043 |     35.195 |     1.0
   24 |   0.9228 |     31.758 |   0.9942 |     33.944 |     1.0
   25 |   0.8994 |     31.153 |   0.9742 |     33.944 |     1.1
   26 |   0.8831 |     30.460 |   0.9826 |     33.394 |     1.1
   27 |   0.8630 |     29.986 |   0.9573 |     33.425 |     1.2
   28 |   0.8395 |     28.955 |   0.9528 |     32.540 |     1.2
   29 |   0.8222 |     28.247 |   0.9590 |     32.937 |     1.3
   30 |   0.7980 |     27.472 |   0.9446 |     32.082 |     1.3
   31 |   0.7791 |     26.540 |   0.9370 |     31.013 |     1.3
   32 |   0.7610 |     25.919 |   0.9289 |     31.502 |     1.4
   33 |   0.7360 |     24.954 |   0.9392 |     31.777 |     1.4
   34 |   0.7430 |     25.373 |   0.9936 |     34.310 |     1.5
   35 |   0.7391 |     25.368 |   0.9122 |     29.884 |     1.5
   36 |   0.6848 |     23.214 |   0.9171 |     30.372 |     1.6
   37 |   0.6667 |     22.468 |   0.8908 |     29.640 |     1.6
   38 |   0.6416 |     21.552 |   0.8903 |     28.327 |     1.6
   39 |   0.6226 |     20.974 |   0.8850 |     29.121 |     1.7
   40 |   0.6004 |     20.189 |   0.9017 |     28.999 |     1.7
   41 |   0.5821 |     19.469 |   0.8862 |     28.205 |     1.8
   42 |   0.5604 |     18.744 |   0.9136 |     27.869 |     1.8
   43 |   0.5461 |     18.313 |   0.8974 |     27.900 |     1.9
Early stopping

Model: Seq2Seq Bi-LSTM
Source index: <Seq2Seq Index with 43 items>
Target index: <Seq2Seq Index with 34 items>
Encoder embedding dimension: 64
Decoder embedding dimension: 64
Encoder hidden units: 128
Encoder layers: 2
Decoder hidden units: 128
Decoder layers: 2
Dropout: 0.2
Trainable parameters: 965,730

Training started
X_train.shape: torch.Size([3057, 702])
Y_train.shape: torch.Size([3057, 7])
X_dev.shape: torch.Size([546, 337])
Y_dev.shape: torch.Size([546, 7])
Epochs: 500
Learning rate: 0.001
Weight decay: 1e-05
Epoch | Train                 | Development           | Minutes
      | Loss     | Error Rate | Loss     | Error Rate |
---------------------------------------------------------------
    1 |   2.1559 |     57.420 |   1.5816 |     47.070 |     0.0
    2 |   1.4481 |     46.135 |   1.4054 |     46.306 |     0.1
    3 |   1.3617 |     45.807 |   1.3533 |     46.062 |     0.1
    4 |   1.3189 |     45.208 |   1.3232 |     45.299 |     0.2
    5 |   1.2918 |     44.537 |   1.2959 |     45.208 |     0.2
    6 |   1.2669 |     44.297 |   1.2679 |     44.567 |     0.3
    7 |   1.2395 |     43.796 |   1.2477 |     44.444 |     0.3
    8 |   1.2100 |     42.814 |   1.2190 |     42.979 |     0.4
    9 |   1.1844 |     42.035 |   1.1902 |     42.460 |     0.4
   10 |   1.1552 |     41.141 |   1.1697 |     41.941 |     0.4
   11 |   1.1232 |     39.723 |   1.1506 |     40.842 |     0.5
   12 |   1.0950 |     38.704 |   1.1270 |     38.919 |     0.5
   13 |   1.0616 |     37.041 |   1.0889 |     38.217 |     0.6
   14 |   1.0272 |     35.509 |   1.0677 |     36.752 |     0.6
   15 |   0.9920 |     34.315 |   1.0280 |     36.294 |     0.7
   16 |   0.9585 |     33.426 |   1.0089 |     34.035 |     0.7
   17 |   0.9213 |     31.452 |   0.9933 |     33.974 |     0.7
   18 |   0.8877 |     30.035 |   0.9681 |     32.479 |     0.8
   19 |   0.8477 |     28.694 |   0.9522 |     31.105 |     0.8
   20 |   0.8135 |     27.314 |   0.9521 |     31.441 |     0.9
   21 |   0.7731 |     25.750 |   0.9384 |     30.739 |     0.9
   22 |   0.7390 |     24.561 |   0.9233 |     30.098 |     1.0
   23 |   0.7036 |     23.176 |   0.9220 |     29.121 |     1.0
   24 |   0.6723 |     22.326 |   0.9096 |     29.853 |     1.0
   25 |   0.6370 |     20.985 |   0.9046 |     28.999 |     1.1
   26 |   0.5973 |     19.567 |   0.9106 |     29.274 |     1.1
   27 |   0.5753 |     18.864 |   0.9108 |     28.541 |     1.2
   28 |   0.5540 |     18.188 |   0.9072 |     27.595 |     1.2
   29 |   0.5284 |     17.495 |   0.9381 |     28.022 |     1.3
Early stopping

Model: Seq2Seq Bi-LSTM
Source index: <Seq2Seq Index with 43 items>
Target index: <Seq2Seq Index with 34 items>
Encoder embedding dimension: 32
Decoder embedding dimension: 128
Encoder hidden units: 128
Encoder layers: 4
Decoder hidden units: 128
Decoder layers: 3
Dropout: 0.1
Trainable parameters: 2,020,226

Training started
X_train.shape: torch.Size([3057, 702])
Y_train.shape: torch.Size([3057, 7])
X_dev.shape: torch.Size([546, 337])
Y_dev.shape: torch.Size([546, 7])
Epochs: 500
Learning rate: 0.001
Weight decay: 1e-05
Epoch | Train                 | Development           | Minutes
      | Loss     | Error Rate | Loss     | Error Rate |
---------------------------------------------------------------
    1 |   2.2513 |     61.602 |   1.6681 |     49.420 |     0.1
    2 |   1.4977 |     46.325 |   1.4530 |     47.070 |     0.2
    3 |   1.4166 |     46.238 |   1.4249 |     46.825 |     0.3
    4 |   1.3818 |     46.047 |   1.3777 |     46.276 |     0.3
    5 |   1.3490 |     46.364 |   1.3563 |     45.971 |     0.4
    6 |   1.3192 |     45.807 |   1.3320 |     46.062 |     0.5
    7 |   1.3045 |     45.317 |   1.3187 |     46.184 |     0.6
    8 |   1.2858 |     44.951 |   1.2876 |     44.872 |     0.7
    9 |   1.2683 |     44.139 |   1.2678 |     43.742 |     0.8
   10 |   1.2553 |     43.703 |   1.2538 |     44.139 |     0.9
   11 |   1.2367 |     43.310 |   1.2397 |     43.468 |     0.9
   12 |   1.2181 |     42.771 |   1.2169 |     42.460 |     1.0
   13 |   1.1947 |     42.422 |   1.1964 |     42.338 |     1.1
   14 |   1.1718 |     41.866 |   1.1882 |     42.552 |     1.2
   15 |   1.1529 |     41.015 |   1.1719 |     41.545 |     1.3
   16 |   1.1320 |     40.230 |   1.1482 |     41.209 |     1.4
   17 |   1.1079 |     39.423 |   1.1348 |     39.927 |     1.5
   18 |   1.0829 |     38.365 |   1.1203 |     40.263 |     1.6
   19 |   1.0566 |     37.417 |   1.0942 |     38.614 |     1.6
   20 |   1.0338 |     36.583 |   1.0731 |     38.400 |     1.7
   21 |   1.0057 |     35.312 |   1.0611 |     36.752 |     1.8
   22 |   0.9853 |     34.282 |   1.0409 |     36.569 |     1.9
   23 |   0.9623 |     33.246 |   1.0287 |     35.379 |     2.0
   24 |   0.9375 |     32.554 |   1.0018 |     34.493 |     2.1
   25 |   0.9119 |     31.425 |   1.0058 |     33.059 |     2.2
   26 |   0.8859 |     29.920 |   0.9842 |     33.608 |     2.2
   27 |   0.8856 |     30.264 |   0.9994 |     33.608 |     2.3
   28 |   0.8388 |     28.601 |   0.9789 |     32.753 |     2.4
   29 |   0.8126 |     27.538 |   0.9640 |     31.746 |     2.5
   30 |   0.7799 |     26.268 |   0.9688 |     31.197 |     2.6
   31 |   0.7479 |     24.872 |   0.9747 |     30.983 |     2.7
   32 |   0.7263 |     24.256 |   0.9590 |     30.800 |     2.8
   33 |   0.7029 |     23.520 |   0.9577 |     30.433 |     2.8
   34 |   0.6799 |     22.702 |   0.9666 |     30.952 |     2.9
   35 |   0.6490 |     21.661 |   0.9988 |     30.586 |     3.0
   36 |   0.6300 |     20.821 |   0.9650 |     29.884 |     3.1
   37 |   0.6073 |     20.287 |   0.9732 |     30.189 |     3.2
Early stopping

Model: Seq2Seq Bi-LSTM
Source index: <Seq2Seq Index with 43 items>
Target index: <Seq2Seq Index with 34 items>
Encoder embedding dimension: 128
Decoder embedding dimension: 64
Encoder hidden units: 64
Encoder layers: 2
Decoder hidden units: 64
Decoder layers: 2
Dropout: 0.1
Trainable parameters: 307,874

Training started
X_train.shape: torch.Size([3057, 702])
Y_train.shape: torch.Size([3057, 7])
X_dev.shape: torch.Size([546, 337])
Y_dev.shape: torch.Size([546, 7])
Epochs: 500
Learning rate: 0.001
Weight decay: 0.0001
Epoch | Train                 | Development           | Minutes
      | Loss     | Error Rate | Loss     | Error Rate |
---------------------------------------------------------------
    1 |   2.4045 |     64.464 |   1.8729 |     49.023 |     0.0
    2 |   1.6193 |     47.061 |   1.4940 |     46.368 |     0.0
    3 |   1.4307 |     45.862 |   1.4178 |     46.337 |     0.1
    4 |   1.3737 |     45.726 |   1.3751 |     46.337 |     0.1
    5 |   1.3355 |     45.355 |   1.3443 |     45.147 |     0.1
    6 |   1.3031 |     44.695 |   1.3167 |     44.994 |     0.1
    7 |   1.2786 |     43.812 |   1.2938 |     44.139 |     0.1
    8 |   1.2598 |     43.387 |   1.2743 |     44.414 |     0.2
    9 |   1.2355 |     43.000 |   1.2622 |     44.139 |     0.2
   10 |   1.2176 |     42.378 |   1.2377 |     43.651 |     0.2
   11 |   1.1982 |     41.849 |   1.2281 |     43.193 |     0.2
   12 |   1.1836 |     41.190 |   1.2146 |     42.674 |     0.2
   13 |   1.1695 |     40.857 |   1.2032 |     42.521 |     0.3
   14 |   1.1538 |     40.405 |   1.1923 |     41.361 |     0.3
   15 |   1.1395 |     39.521 |   1.1768 |     41.636 |     0.3
   16 |   1.1244 |     39.129 |   1.1543 |     40.476 |     0.3
   17 |   1.1085 |     38.153 |   1.1366 |     39.499 |     0.4
   18 |   1.0896 |     37.504 |   1.1350 |     39.011 |     0.4
   19 |   1.0737 |     36.844 |   1.1214 |     38.675 |     0.4
   20 |   1.0570 |     35.956 |   1.1025 |     38.156 |     0.4
   21 |   1.0361 |     35.443 |   1.0980 |     38.584 |     0.4
   22 |   1.0141 |     34.467 |   1.0868 |     37.668 |     0.5
   23 |   0.9991 |     33.993 |   1.0909 |     37.515 |     0.5
   24 |   0.9818 |     33.279 |   1.0518 |     36.325 |     0.5
   25 |   0.9606 |     32.357 |   1.0455 |     37.118 |     0.5
   26 |   0.9424 |     31.943 |   1.0326 |     36.172 |     0.5
   27 |   0.9177 |     30.984 |   1.0216 |     34.890 |     0.6
   28 |   0.8976 |     30.128 |   1.0207 |     34.554 |     0.6
   29 |   0.8827 |     29.435 |   0.9939 |     34.158 |     0.6
   30 |   0.8572 |     28.596 |   0.9963 |     33.211 |     0.6
   31 |   0.8415 |     27.990 |   0.9801 |     33.669 |     0.6
   32 |   0.8217 |     27.178 |   0.9792 |     32.875 |     0.7
   33 |   0.8063 |     26.617 |   0.9757 |     32.570 |     0.7
   34 |   0.7864 |     25.662 |   0.9735 |     32.662 |     0.7
   35 |   0.7713 |     25.166 |   0.9729 |     31.471 |     0.7
   36 |   0.7463 |     24.528 |   0.9741 |     31.349 |     0.7
   37 |   0.7362 |     24.392 |   0.9619 |     31.319 |     0.8
   38 |   0.7180 |     23.618 |   0.9536 |     30.739 |     0.8
   39 |   0.7010 |     22.871 |   0.9638 |     31.105 |     0.8
   40 |   0.6895 |     22.593 |   0.9576 |     30.800 |     0.8
   41 |   0.6723 |     22.244 |   0.9603 |     30.311 |     0.8
   42 |   0.6546 |     21.443 |   0.9603 |     30.556 |     0.9
Early stopping

Model: Seq2Seq Bi-LSTM
Source index: <Seq2Seq Index with 43 items>
Target index: <Seq2Seq Index with 34 items>
Encoder embedding dimension: 128
Decoder embedding dimension: 128
Encoder hidden units: 64
Encoder layers: 2
Decoder hidden units: 64
Decoder layers: 3
Dropout: 0.1
Trainable parameters: 359,714

Training started
X_train.shape: torch.Size([3057, 702])
Y_train.shape: torch.Size([3057, 7])
X_dev.shape: torch.Size([546, 337])
Y_dev.shape: torch.Size([546, 7])
Epochs: 500
Learning rate: 0.001
Weight decay: 1e-05
Epoch | Train                 | Development           | Minutes
      | Loss     | Error Rate | Loss     | Error Rate |
---------------------------------------------------------------
    1 |   2.4606 |     64.889 |   1.9169 |     53.571 |     0.0
    2 |   1.6757 |     48.103 |   1.5377 |     47.070 |     0.0
    3 |   1.4585 |     46.173 |   1.4415 |     46.886 |     0.1
    4 |   1.3958 |     45.976 |   1.3932 |     47.039 |     0.1
    5 |   1.3625 |     45.628 |   1.3683 |     46.978 |     0.1
    6 |   1.3394 |     45.268 |   1.3458 |     45.391 |     0.1
    7 |   1.3213 |     44.728 |   1.3296 |     45.421 |     0.1
    8 |   1.3063 |     44.597 |   1.3124 |     45.085 |     0.2
    9 |   1.2880 |     44.248 |   1.2944 |     44.780 |     0.2
   10 |   1.2650 |     43.954 |   1.2655 |     44.139 |     0.2
   11 |   1.2438 |     43.523 |   1.2453 |     43.376 |     0.2
   12 |   1.2237 |     42.994 |   1.2348 |     43.346 |     0.3
   13 |   1.2018 |     42.296 |   1.2165 |     42.827 |     0.3
   14 |   1.1837 |     41.517 |   1.2035 |     42.155 |     0.3
   15 |   1.1658 |     40.950 |   1.1899 |     41.087 |     0.3
   16 |   1.1482 |     40.595 |   1.1701 |     41.239 |     0.3
   17 |   1.1317 |     40.317 |   1.1596 |     40.751 |     0.4
   18 |   1.1097 |     39.565 |   1.1547 |     40.598 |     0.4
   19 |   1.0935 |     38.682 |   1.1307 |     40.385 |     0.4
   20 |   1.0747 |     37.995 |   1.1220 |     40.049 |     0.4
   21 |   1.0565 |     36.893 |   1.1254 |     39.805 |     0.5
   22 |   1.0393 |     36.288 |   1.1146 |     39.438 |     0.5
   23 |   1.0220 |     35.759 |   1.1005 |     38.584 |     0.5
   24 |   1.0022 |     35.073 |   1.1034 |     38.706 |     0.5
   25 |   0.9895 |     34.418 |   1.0963 |     38.278 |     0.6
   26 |   0.9726 |     33.568 |   1.0830 |     38.553 |     0.6
   27 |   0.9511 |     32.924 |   1.0688 |     37.637 |     0.6
   28 |   0.9361 |     32.085 |   1.0724 |     36.996 |     0.6
   29 |   0.9268 |     31.442 |   1.0654 |     36.661 |     0.6
   30 |   0.9022 |     30.460 |   1.0613 |     35.867 |     0.7
   31 |   0.8853 |     30.253 |   1.0592 |     35.989 |     0.7
   32 |   0.8677 |     29.593 |   1.0618 |     36.386 |     0.7
   33 |   0.8559 |     28.906 |   1.0584 |     34.860 |     0.7
   34 |   0.8337 |     28.138 |   1.0701 |     34.707 |     0.8
   35 |   0.8162 |     27.658 |   1.0479 |     34.219 |     0.8
   36 |   0.8063 |     26.993 |   1.0560 |     34.158 |     0.8
   37 |   0.7904 |     26.567 |   1.0600 |     34.463 |     0.8
   38 |   0.7727 |     25.646 |   1.0527 |     34.554 |     0.8
   39 |   0.7602 |     25.188 |   1.0703 |     33.669 |     0.9
Early stopping

Model: Seq2Seq Bi-LSTM
Source index: <Seq2Seq Index with 43 items>
Target index: <Seq2Seq Index with 34 items>
Encoder embedding dimension: 128
Decoder embedding dimension: 64
Encoder hidden units: 128
Encoder layers: 4
Decoder hidden units: 64
Decoder layers: 2
Dropout: 0.1
Trainable parameters: 1,657,506

Training started
X_train.shape: torch.Size([3057, 702])
Y_train.shape: torch.Size([3057, 7])
X_dev.shape: torch.Size([546, 337])
Y_dev.shape: torch.Size([546, 7])
Epochs: 500
Learning rate: 0.001
Weight decay: 0.0001
Epoch | Train                 | Development           | Minutes
      | Loss     | Error Rate | Loss     | Error Rate |
---------------------------------------------------------------
    1 |   2.3537 |     60.108 |   1.8097 |     49.237 |     0.1
    2 |   1.6013 |     47.748 |   1.5020 |     47.070 |     0.2
    3 |   1.4357 |     46.162 |   1.4257 |     46.825 |     0.2
    4 |   1.3818 |     45.780 |   1.3875 |     46.459 |     0.3
    5 |   1.3412 |     45.388 |   1.3462 |     46.184 |     0.4
    6 |   1.3142 |     44.815 |   1.3221 |     45.482 |     0.5
    7 |   1.2912 |     44.139 |   1.3023 |     44.902 |     0.6
    8 |   1.2723 |     43.730 |   1.2847 |     44.841 |     0.6
    9 |   1.2539 |     43.229 |   1.2661 |     44.261 |     0.7
   10 |   1.2379 |     42.858 |   1.2493 |     43.529 |     0.8
   11 |   1.2229 |     42.618 |   1.2332 |     42.552 |     0.9
   12 |   1.2082 |     42.176 |   1.2228 |     42.186 |     1.0
   13 |   1.1920 |     41.430 |   1.2113 |     42.338 |     1.0
   14 |   1.1770 |     41.326 |   1.2019 |     42.430 |     1.1
   15 |   1.1604 |     40.590 |   1.1854 |     42.033 |     1.2
   16 |   1.1481 |     40.306 |   1.1676 |     41.209 |     1.3
   17 |   1.1317 |     39.538 |   1.1583 |     40.904 |     1.4
   18 |   1.1134 |     38.687 |   1.1510 |     41.209 |     1.4
   19 |   1.0971 |     38.202 |   1.1310 |     40.079 |     1.5
   20 |   1.0788 |     37.324 |   1.1156 |     39.896 |     1.6
   21 |   1.0602 |     36.588 |   1.1084 |     39.408 |     1.7
   22 |   1.0394 |     35.443 |   1.0953 |     38.156 |     1.8
   23 |   1.0214 |     35.111 |   1.0860 |     38.126 |     1.8
   24 |   1.0057 |     34.326 |   1.0565 |     36.935 |     1.9
   25 |   0.9809 |     33.312 |   1.0463 |     36.172 |     2.0
   26 |   0.9628 |     32.695 |   1.0390 |     36.142 |     2.1
   27 |   0.9365 |     31.807 |   1.0141 |     35.287 |     2.2
   28 |   0.9168 |     30.978 |   1.0213 |     35.348 |     2.2
   29 |   0.8936 |     30.166 |   1.0045 |     34.768 |     2.3
   30 |   0.8768 |     29.642 |   0.9900 |     34.158 |     2.4
   31 |   0.8546 |     28.639 |   0.9831 |     33.669 |     2.5
   32 |   0.8335 |     27.843 |   0.9832 |     33.303 |     2.6
   33 |   0.8085 |     26.884 |   0.9665 |     32.234 |     2.6
   34 |   0.7917 |     26.300 |   0.9577 |     31.654 |     2.7
   35 |   0.7757 |     25.875 |   0.9622 |     31.380 |     2.8
   36 |   0.7512 |     24.801 |   0.9815 |     32.051 |     2.9
   37 |   0.7329 |     24.398 |   0.9495 |     31.258 |     3.0
   38 |   0.7122 |     23.253 |   0.9714 |     30.922 |     3.1
   39 |   0.6906 |     22.838 |   0.9529 |     30.159 |     3.1
   40 |   0.6699 |     21.922 |   0.9402 |     30.647 |     3.2
   41 |   0.6495 |     21.203 |   0.9580 |     30.037 |     3.3
   42 |   0.6287 |     20.450 |   0.9471 |     29.274 |     3.4
   43 |   0.6083 |     19.633 |   0.9709 |     29.823 |     3.5
   44 |   0.5897 |     19.327 |   0.9731 |     29.182 |     3.5
Early stopping

Model: Seq2Seq Bi-LSTM
Source index: <Seq2Seq Index with 43 items>
Target index: <Seq2Seq Index with 34 items>
Encoder embedding dimension: 128
Decoder embedding dimension: 128
Encoder hidden units: 64
Encoder layers: 3
Decoder hidden units: 64
Decoder layers: 2
Dropout: 0.1
Trainable parameters: 442,146

Training started
X_train.shape: torch.Size([3057, 702])
Y_train.shape: torch.Size([3057, 7])
X_dev.shape: torch.Size([546, 337])
Y_dev.shape: torch.Size([546, 7])
Epochs: 500
Learning rate: 0.001
Weight decay: 1e-05
Epoch | Train                 | Development           | Minutes
      | Loss     | Error Rate | Loss     | Error Rate |
---------------------------------------------------------------
    1 |   2.3206 |     60.266 |   1.7730 |     48.901 |     0.0
    2 |   1.5725 |     47.345 |   1.4768 |     46.306 |     0.1
    3 |   1.4121 |     45.873 |   1.4030 |     46.551 |     0.1
    4 |   1.3629 |     45.513 |   1.3615 |     46.520 |     0.1
    5 |   1.3260 |     45.120 |   1.3286 |     45.940 |     0.1
    6 |   1.2978 |     44.772 |   1.3007 |     44.933 |     0.2
    7 |   1.2699 |     44.428 |   1.2742 |     44.628 |     0.2
    8 |   1.2406 |     43.332 |   1.2488 |     44.078 |     0.2
    9 |   1.2153 |     42.689 |   1.2225 |     42.979 |     0.3
   10 |   1.1881 |     41.871 |   1.2098 |     42.369 |     0.3
   11 |   1.1678 |     41.244 |   1.1818 |     41.209 |     0.3
   12 |   1.1460 |     40.541 |   1.1759 |     41.728 |     0.3
   13 |   1.1217 |     39.303 |   1.1490 |     40.293 |     0.4
   14 |   1.0930 |     38.120 |   1.1321 |     39.499 |     0.4
   15 |   1.0685 |     37.062 |   1.1172 |     38.980 |     0.4
   16 |   1.0442 |     35.798 |   1.1032 |     38.248 |     0.4
   17 |   1.0170 |     34.620 |   1.1011 |     38.156 |     0.5
   18 |   0.9879 |     33.393 |   1.0741 |     37.302 |     0.5
   19 |   0.9604 |     32.090 |   1.0671 |     36.111 |     0.5
   20 |   0.9273 |     30.913 |   1.0630 |     36.020 |     0.6
   21 |   0.8952 |     29.648 |   1.0287 |     34.127 |     0.6
   22 |   0.8642 |     28.634 |   1.0214 |     33.944 |     0.6
   23 |   0.8397 |     27.789 |   1.0056 |     33.700 |     0.6
   24 |   0.8145 |     26.769 |   0.9973 |     32.998 |     0.7
   25 |   0.7976 |     26.202 |   0.9814 |     32.357 |     0.7
   26 |   0.7566 |     24.501 |   0.9710 |     31.624 |     0.7
   27 |   0.7257 |     23.700 |   0.9655 |     31.563 |     0.8
   28 |   0.7079 |     23.002 |   0.9581 |     30.159 |     0.8
   29 |   0.6810 |     22.342 |   0.9668 |     29.976 |     0.8
   30 |   0.6597 |     21.110 |   0.9646 |     30.372 |     0.8
   31 |   0.6397 |     20.685 |   0.9695 |     30.708 |     0.9
   32 |   0.6125 |     19.774 |   0.9686 |     29.701 |     0.9
Early stopping

Model: Seq2Seq Bi-LSTM
Source index: <Seq2Seq Index with 43 items>
Target index: <Seq2Seq Index with 34 items>
Encoder embedding dimension: 64
Decoder embedding dimension: 64
Encoder hidden units: 64
Encoder layers: 2
Decoder hidden units: 64
Decoder layers: 3
Dropout: 0.0
Trainable parameters: 305,634

Training started
X_train.shape: torch.Size([3057, 702])
Y_train.shape: torch.Size([3057, 7])
X_dev.shape: torch.Size([546, 337])
Y_dev.shape: torch.Size([546, 7])
Epochs: 500
Learning rate: 0.001
Weight decay: 1e-05
Epoch | Train                 | Development           | Minutes
      | Loss     | Error Rate | Loss     | Error Rate |
---------------------------------------------------------------
    1 |   2.5303 |     67.446 |   1.9990 |     54.457 |     0.0
    2 |   1.7574 |     49.417 |   1.6059 |     47.070 |     0.0
    3 |   1.5046 |     46.124 |   1.4821 |     47.070 |     0.0
    4 |   1.4357 |     46.151 |   1.4419 |     47.070 |     0.1
    5 |   1.4094 |     46.173 |   1.4205 |     46.825 |     0.1
    6 |   1.3900 |     46.211 |   1.4054 |     46.825 |     0.1
    7 |   1.3744 |     46.178 |   1.3877 |     46.856 |     0.1
    8 |   1.3561 |     45.824 |   1.3665 |     46.001 |     0.1
    9 |   1.3385 |     45.420 |   1.3515 |     45.757 |     0.1
   10 |   1.3204 |     45.088 |   1.3308 |     45.635 |     0.2
   11 |   1.3049 |     44.919 |   1.3135 |     44.658 |     0.2
   12 |   1.2862 |     44.510 |   1.2970 |     45.085 |     0.2
   13 |   1.2656 |     44.221 |   1.2745 |     44.567 |     0.2
   14 |   1.2466 |     43.452 |   1.2604 |     43.834 |     0.2
   15 |   1.2321 |     43.071 |   1.2473 |     43.559 |     0.2
   16 |   1.2144 |     42.727 |   1.2289 |     43.376 |     0.3
   17 |   1.2008 |     42.329 |   1.2173 |     42.063 |     0.3
   18 |   1.1852 |     41.549 |   1.2046 |     42.094 |     0.3
   19 |   1.1711 |     41.620 |   1.1942 |     42.552 |     0.3
   20 |   1.1591 |     41.255 |   1.1851 |     41.880 |     0.3
   21 |   1.1442 |     40.628 |   1.1678 |     41.300 |     0.3
   22 |   1.1273 |     39.859 |   1.1671 |     40.995 |     0.4
   23 |   1.1112 |     39.696 |   1.1516 |     40.904 |     0.4
   24 |   1.0934 |     39.063 |   1.1363 |     40.049 |     0.4
   25 |   1.0781 |     38.616 |   1.1328 |     39.805 |     0.4
   26 |   1.0576 |     37.793 |   1.1231 |     39.255 |     0.4
   27 |   1.0437 |     37.041 |   1.1106 |     39.560 |     0.4
   28 |   1.0233 |     36.266 |   1.0979 |     38.645 |     0.5
   29 |   1.0044 |     35.242 |   1.0933 |     37.973 |     0.5
   30 |   0.9828 |     34.326 |   1.0929 |     37.363 |     0.5
   31 |   0.9654 |     33.306 |   1.0811 |     37.149 |     0.5
   32 |   0.9451 |     32.603 |   1.0638 |     35.928 |     0.5
   33 |   0.9257 |     32.014 |   1.0621 |     36.325 |     0.5
   34 |   0.9108 |     31.338 |   1.0557 |     36.233 |     0.6
   35 |   0.8882 |     30.569 |   1.0573 |     36.111 |     0.6
   36 |   0.8711 |     29.969 |   1.0495 |     35.592 |     0.6
   37 |   0.8546 |     29.212 |   1.0379 |     35.073 |     0.6
   38 |   0.8307 |     28.356 |   1.0445 |     34.219 |     0.6
   39 |   0.8121 |     27.380 |   1.0224 |     33.211 |     0.6
   40 |   0.7886 |     26.458 |   1.0356 |     33.211 |     0.7
   41 |   0.7747 |     25.979 |   1.0326 |     33.547 |     0.7
   42 |   0.7538 |     25.095 |   1.0338 |     32.937 |     0.7
   43 |   0.7376 |     24.594 |   1.0373 |     33.608 |     0.7
Early stopping

Model: Seq2Seq Bi-LSTM
Source index: <Seq2Seq Index with 43 items>
Target index: <Seq2Seq Index with 34 items>
Encoder embedding dimension: 32
Decoder embedding dimension: 64
Encoder hidden units: 64
Encoder layers: 3
Decoder hidden units: 128
Decoder layers: 2
Dropout: 0.0
Trainable parameters: 586,498

Training started
X_train.shape: torch.Size([3057, 702])
Y_train.shape: torch.Size([3057, 7])
X_dev.shape: torch.Size([546, 337])
Y_dev.shape: torch.Size([546, 7])
Epochs: 500
Learning rate: 0.001
Weight decay: 0.0001
Epoch | Train                 | Development           | Minutes
      | Loss     | Error Rate | Loss     | Error Rate |
---------------------------------------------------------------
    1 |   2.0896 |     56.728 |   1.5289 |     47.070 |     0.0
    2 |   1.4146 |     45.693 |   1.3820 |     46.368 |     0.0
    3 |   1.3305 |     45.142 |   1.3326 |     46.123 |     0.1
    4 |   1.2855 |     44.439 |   1.2880 |     44.963 |     0.1
    5 |   1.2536 |     43.681 |   1.2729 |     44.689 |     0.1
    6 |   1.2252 |     42.972 |   1.2441 |     43.651 |     0.1
    7 |   1.2027 |     42.634 |   1.2215 |     43.132 |     0.2
    8 |   1.1790 |     42.204 |   1.1976 |     42.735 |     0.2
    9 |   1.1589 |     41.424 |   1.1709 |     42.155 |     0.2
   10 |   1.1386 |     40.661 |   1.1573 |     42.338 |     0.2
   11 |   1.1211 |     40.126 |   1.1459 |     40.720 |     0.3
   12 |   1.1036 |     39.423 |   1.1351 |     40.537 |     0.3
   13 |   1.0838 |     38.889 |   1.1144 |     40.354 |     0.3
   14 |   1.0684 |     38.267 |   1.1088 |     39.744 |     0.3
   15 |   1.0551 |     37.548 |   1.0875 |     38.370 |     0.3
   16 |   1.0353 |     36.648 |   1.0720 |     38.278 |     0.4
   17 |   1.0216 |     36.539 |   1.0721 |     38.309 |     0.4
   18 |   1.0085 |     35.345 |   1.0674 |     38.370 |     0.4
   19 |   0.9862 |     34.620 |   1.0431 |     37.210 |     0.4
   20 |   0.9639 |     33.829 |   1.0297 |     35.867 |     0.5
   21 |   0.9534 |     33.279 |   1.0226 |     36.020 |     0.5
   22 |   0.9275 |     32.510 |   0.9973 |     35.470 |     0.5
   23 |   0.9067 |     31.354 |   0.9940 |     34.310 |     0.5
   24 |   0.8902 |     31.234 |   0.9850 |     34.341 |     0.6
   25 |   0.8693 |     30.346 |   0.9697 |     33.547 |     0.6
   26 |   0.8494 |     29.272 |   0.9733 |     33.455 |     0.6
   27 |   0.8321 |     28.721 |   0.9560 |     32.875 |     0.6
   28 |   0.8101 |     27.854 |   0.9642 |     33.639 |     0.7
   29 |   0.7870 |     27.058 |   0.9413 |     32.234 |     0.7
   30 |   0.7704 |     26.273 |   0.9464 |     33.089 |     0.7
   31 |   0.7541 |     25.788 |   0.9379 |     32.112 |     0.7
   32 |   0.7233 |     24.648 |   0.9259 |     31.197 |     0.7
   33 |   0.7036 |     23.880 |   0.9314 |     31.410 |     0.8
   34 |   0.6822 |     23.062 |   0.9296 |     30.250 |     0.8
   35 |   0.6571 |     22.135 |   0.9183 |     29.823 |     0.8
   36 |   0.6505 |     21.933 |   0.9384 |     29.365 |     0.8
   37 |   0.6255 |     20.952 |   0.8995 |     29.396 |     0.9
   38 |   0.6019 |     20.167 |   0.9179 |     29.335 |     0.9
   39 |   0.5850 |     19.594 |   0.9111 |     28.541 |     0.9
   40 |   0.5955 |     19.938 |   0.9091 |     28.632 |     0.9
   41 |   0.5476 |     18.117 |   0.9151 |     28.358 |     1.0
Early stopping

Model: Seq2Seq Bi-LSTM
Source index: <Seq2Seq Index with 43 items>
Target index: <Seq2Seq Index with 34 items>
Encoder embedding dimension: 64
Decoder embedding dimension: 128
Encoder hidden units: 128
Encoder layers: 4
Decoder hidden units: 64
Decoder layers: 3
Dropout: 0.2
Trainable parameters: 1,641,058

Training started
X_train.shape: torch.Size([3057, 702])
Y_train.shape: torch.Size([3057, 7])
X_dev.shape: torch.Size([546, 337])
Y_dev.shape: torch.Size([546, 7])
Epochs: 500
Learning rate: 0.001
Weight decay: 0.0001
Epoch | Train                 | Development           | Minutes
      | Loss     | Error Rate | Loss     | Error Rate |
---------------------------------------------------------------
    1 |   2.5147 |     67.403 |   1.9799 |     54.396 |     0.1
    2 |   1.7404 |     49.264 |   1.5857 |     47.070 |     0.2
    3 |   1.4972 |     46.151 |   1.4712 |     47.070 |     0.2
    4 |   1.4310 |     46.173 |   1.4367 |     47.100 |     0.3
    5 |   1.3925 |     46.075 |   1.3923 |     47.131 |     0.4
    6 |   1.3527 |     45.649 |   1.3580 |     46.490 |     0.5
    7 |   1.3250 |     45.480 |   1.3320 |     46.276 |     0.6
    8 |   1.3048 |     44.859 |   1.3138 |     45.421 |     0.6
    9 |   1.2861 |     44.205 |   1.2949 |     44.719 |     0.7
   10 |   1.2652 |     44.215 |   1.2750 |     44.261 |     0.8
   11 |   1.2509 |     44.014 |   1.2627 |     44.200 |     0.9
   12 |   1.2354 |     43.741 |   1.2504 |     44.017 |     0.9
   13 |   1.2259 |     43.419 |   1.2387 |     44.017 |     1.0
   14 |   1.2153 |     42.896 |   1.2299 |     44.139 |     1.1
   15 |   1.2051 |     42.771 |   1.2158 |     43.864 |     1.2
   16 |   1.1986 |     42.651 |   1.2123 |     44.689 |     1.3
   17 |   1.1916 |     42.656 |   1.2061 |     43.803 |     1.3
   18 |   1.1829 |     42.329 |   1.1962 |     43.468 |     1.4
   19 |   1.1773 |     42.444 |   1.1893 |     43.223 |     1.5
   20 |   1.1736 |     42.280 |   1.1855 |     43.742 |     1.6
   21 |   1.1657 |     42.024 |   1.1872 |     42.979 |     1.7
   22 |   1.1595 |     41.806 |   1.1721 |     42.705 |     1.7
   23 |   1.1546 |     41.533 |   1.1681 |     42.521 |     1.8
   24 |   1.1531 |     41.680 |   1.1655 |     42.460 |     1.9
   25 |   1.1461 |     41.277 |   1.1674 |     42.796 |     2.0
   26 |   1.1400 |     41.233 |   1.1597 |     41.911 |     2.0
   27 |   1.1355 |     41.168 |   1.1538 |     41.850 |     2.1
   28 |   1.1292 |     40.584 |   1.1437 |     42.155 |     2.2
   29 |   1.1266 |     40.650 |   1.1422 |     41.972 |     2.3
   30 |   1.1246 |     40.677 |   1.1366 |     41.758 |     2.4
   31 |   1.1191 |     40.650 |   1.1360 |     41.331 |     2.4
   32 |   1.1151 |     40.432 |   1.1376 |     41.209 |     2.5
   33 |   1.1099 |     40.170 |   1.1252 |     41.026 |     2.6
   34 |   1.1058 |     39.925 |   1.1243 |     40.720 |     2.7
   35 |   1.1042 |     40.192 |   1.1270 |     41.117 |     2.8
   36 |   1.0999 |     39.985 |   1.1192 |     41.239 |     2.8
   37 |   1.0956 |     39.761 |   1.1188 |     41.453 |     2.9
   38 |   1.0946 |     39.898 |   1.1130 |     40.568 |     3.0
   39 |   1.0906 |     39.685 |   1.1198 |     40.568 |     3.1
   40 |   1.0885 |     39.598 |   1.1131 |     40.263 |     3.1
   41 |   1.0867 |     39.679 |   1.1088 |     40.629 |     3.2
   42 |   1.0809 |     39.336 |   1.1036 |     40.263 |     3.3
   43 |   1.0789 |     39.374 |   1.1014 |     40.079 |     3.4
   44 |   1.0770 |     39.167 |   1.0997 |     39.957 |     3.5
   45 |   1.0721 |     39.151 |   1.0989 |     39.805 |     3.5
   46 |   1.0707 |     39.096 |   1.0985 |     40.171 |     3.6
   47 |   1.0690 |     38.840 |   1.0913 |     39.927 |     3.7
   48 |   1.0634 |     38.922 |   1.0951 |     40.385 |     3.8
   49 |   1.0602 |     38.982 |   1.0870 |     39.652 |     3.9
   50 |   1.0581 |     38.475 |   1.0979 |     40.354 |     3.9
   51 |   1.0550 |     38.502 |   1.0854 |     39.408 |     4.0
   52 |   1.0512 |     38.431 |   1.0846 |     39.652 |     4.1
   53 |   1.0488 |     38.349 |   1.0831 |     39.896 |     4.2
   54 |   1.0457 |     37.978 |   1.0824 |     38.706 |     4.3
   55 |   1.0422 |     38.273 |   1.0794 |     38.828 |     4.3
   56 |   1.0377 |     37.897 |   1.0678 |     38.523 |     4.4
   57 |   1.0351 |     37.755 |   1.0676 |     38.126 |     4.5
   58 |   1.0322 |     37.510 |   1.0654 |     38.431 |     4.6
   59 |   1.0304 |     37.755 |   1.0652 |     38.187 |     4.6
   60 |   1.0275 |     37.553 |   1.0704 |     38.523 |     4.7
   61 |   1.0268 |     37.564 |   1.0688 |     39.042 |     4.8
   62 |   1.0236 |     37.444 |   1.0601 |     38.126 |     4.9
   63 |   1.0170 |     37.182 |   1.0534 |     38.034 |     5.0
   64 |   1.0139 |     36.986 |   1.0640 |     38.462 |     5.0
   65 |   1.0117 |     36.774 |   1.0550 |     38.492 |     5.1
   66 |   1.0116 |     36.948 |   1.0572 |     38.095 |     5.2
   67 |   1.0066 |     36.866 |   1.0555 |     37.424 |     5.3
Early stopping

Model: Seq2Seq Bi-LSTM
Source index: <Seq2Seq Index with 43 items>
Target index: <Seq2Seq Index with 34 items>
Encoder embedding dimension: 64
Decoder embedding dimension: 128
Encoder hidden units: 64
Encoder layers: 2
Decoder hidden units: 64
Decoder layers: 3
Dropout: 0.0
Trainable parameters: 324,194

Training started
X_train.shape: torch.Size([3057, 702])
Y_train.shape: torch.Size([3057, 7])
X_dev.shape: torch.Size([546, 337])
Y_dev.shape: torch.Size([546, 7])
Epochs: 500
Learning rate: 0.001
Weight decay: 1e-05
Epoch | Train                 | Development           | Minutes
      | Loss     | Error Rate | Loss     | Error Rate |
---------------------------------------------------------------
    1 |   2.4361 |     63.167 |   1.9188 |     53.816 |     0.0
    2 |   1.6808 |     48.152 |   1.5474 |     47.070 |     0.0
    3 |   1.4664 |     46.042 |   1.4501 |     46.825 |     0.0
    4 |   1.4072 |     46.271 |   1.4101 |     47.070 |     0.1
    5 |   1.3729 |     46.042 |   1.3853 |     46.978 |     0.1
    6 |   1.3517 |     45.666 |   1.3667 |     46.001 |     0.1
    7 |   1.3352 |     45.317 |   1.3536 |     46.215 |     0.1
    8 |   1.3219 |     45.110 |   1.3371 |     46.001 |     0.1
    9 |   1.3049 |     44.859 |   1.3196 |     45.543 |     0.1
   10 |   1.2868 |     44.455 |   1.2941 |     44.994 |     0.2
   11 |   1.2676 |     43.888 |   1.2693 |     44.750 |     0.2
   12 |   1.2462 |     43.360 |   1.2650 |     44.261 |     0.2
   13 |   1.2208 |     42.994 |   1.2266 |     43.132 |     0.2
   14 |   1.1931 |     42.111 |   1.2072 |     42.521 |     0.2
   15 |   1.1693 |     41.048 |   1.1951 |     41.392 |     0.2
   16 |   1.1489 |     40.246 |   1.1906 |     40.904 |     0.3
   17 |   1.1298 |     39.450 |   1.1613 |     41.087 |     0.3
   18 |   1.1097 |     38.671 |   1.1439 |     40.293 |     0.3
   19 |   1.0867 |     37.815 |   1.1459 |     40.476 |     0.3
   20 |   1.0746 |     37.466 |   1.1333 |     39.286 |     0.3
   21 |   1.0533 |     36.763 |   1.1183 |     38.828 |     0.3
   22 |   1.0371 |     35.699 |   1.1117 |     38.889 |     0.4
   23 |   1.0147 |     35.138 |   1.1132 |     38.858 |     0.4
   24 |   0.9954 |     34.287 |   1.1080 |     36.996 |     0.4
   25 |   0.9797 |     33.699 |   1.0981 |     36.874 |     0.4
   26 |   0.9584 |     32.897 |   1.0974 |     37.790 |     0.4
   27 |   0.9423 |     32.499 |   1.0914 |     35.867 |     0.4
   28 |   0.9196 |     31.240 |   1.0776 |     35.409 |     0.5
   29 |   0.8983 |     30.575 |   1.0739 |     35.531 |     0.5
   30 |   0.8796 |     29.686 |   1.0777 |     34.280 |     0.5
   31 |   0.8647 |     28.748 |   1.0878 |     34.890 |     0.5
   32 |   0.8477 |     28.192 |   1.0732 |     34.310 |     0.5
   33 |   0.8250 |     27.462 |   1.0680 |     33.516 |     0.5
   34 |   0.8004 |     26.382 |   1.0709 |     33.761 |     0.6
   35 |   0.7857 |     25.940 |   1.0660 |     32.906 |     0.6
   36 |   0.7640 |     24.752 |   1.0738 |     33.333 |     0.6
   37 |   0.7440 |     24.130 |   1.0514 |     31.441 |     0.6
   38 |   0.7280 |     23.689 |   1.0619 |     32.326 |     0.6
   39 |   0.7129 |     22.876 |   1.0670 |     31.899 |     0.6
   40 |   0.6921 |     22.435 |   1.0815 |     31.410 |     0.7
   41 |   0.6758 |     21.699 |   1.0856 |     31.746 |     0.7
Early stopping

Model: Seq2Seq Bi-LSTM
Source index: <Seq2Seq Index with 43 items>
Target index: <Seq2Seq Index with 34 items>
Encoder embedding dimension: 128
Decoder embedding dimension: 64
Encoder hidden units: 64
Encoder layers: 2
Decoder hidden units: 64
Decoder layers: 3
Dropout: 0.2
Trainable parameters: 341,154

Training started
X_train.shape: torch.Size([3057, 702])
Y_train.shape: torch.Size([3057, 7])
X_dev.shape: torch.Size([546, 337])
Y_dev.shape: torch.Size([546, 7])
Epochs: 500
Learning rate: 0.001
Weight decay: 0.0001
Epoch | Train                 | Development           | Minutes
      | Loss     | Error Rate | Loss     | Error Rate |
---------------------------------------------------------------
    1 |   2.5566 |     67.833 |   1.9852 |     52.747 |     0.0
    2 |   1.7623 |     49.629 |   1.6095 |     47.070 |     0.0
    3 |   1.5188 |     46.162 |   1.4873 |     47.070 |     0.1
    4 |   1.4440 |     46.195 |   1.4429 |     46.825 |     0.1
    5 |   1.4081 |     46.216 |   1.4117 |     47.070 |     0.1
    6 |   1.3838 |     46.195 |   1.3911 |     46.825 |     0.1
    7 |   1.3570 |     45.938 |   1.3708 |     46.306 |     0.1
    8 |   1.3377 |     45.704 |   1.3466 |     46.581 |     0.2
    9 |   1.3226 |     45.508 |   1.3337 |     45.971 |     0.2
   10 |   1.3088 |     45.333 |   1.3265 |     45.971 |     0.2
   11 |   1.2967 |     45.159 |   1.3064 |     45.391 |     0.2
   12 |   1.2834 |     44.870 |   1.2972 |     45.849 |     0.2
   13 |   1.2723 |     44.434 |   1.2804 |     44.597 |     0.2
   14 |   1.2601 |     44.210 |   1.2681 |     44.139 |     0.3
   15 |   1.2482 |     44.068 |   1.2600 |     43.834 |     0.3
   16 |   1.2366 |     43.387 |   1.2539 |     43.803 |     0.3
   17 |   1.2258 |     43.316 |   1.2316 |     43.529 |     0.3
   18 |   1.2145 |     43.043 |   1.2176 |     42.857 |     0.3
   19 |   1.2030 |     42.896 |   1.2144 |     43.040 |     0.4
   20 |   1.1935 |     42.389 |   1.2065 |     42.613 |     0.4
   21 |   1.1824 |     41.904 |   1.1909 |     42.766 |     0.4
   22 |   1.1741 |     41.838 |   1.1864 |     42.705 |     0.4
   23 |   1.1663 |     41.669 |   1.1799 |     42.399 |     0.4
   24 |   1.1600 |     41.222 |   1.1658 |     41.941 |     0.5
   25 |   1.1524 |     41.119 |   1.1702 |     42.674 |     0.5
   26 |   1.1449 |     40.912 |   1.1677 |     41.758 |     0.5
   27 |   1.1393 |     40.786 |   1.1588 |     41.667 |     0.5
   28 |   1.1317 |     40.514 |   1.1560 |     41.819 |     0.5
   29 |   1.1239 |     40.399 |   1.1460 |     41.117 |     0.6
   30 |   1.1194 |     40.263 |   1.1505 |     41.789 |     0.6
   31 |   1.1146 |     40.159 |   1.1338 |     40.720 |     0.6
   32 |   1.1069 |     40.023 |   1.1218 |     40.568 |     0.6
   33 |   1.0983 |     39.619 |   1.1372 |     40.995 |     0.6
   34 |   1.0995 |     39.434 |   1.1234 |     40.415 |     0.7
   35 |   1.0931 |     39.554 |   1.1110 |     40.476 |     0.7
   36 |   1.0841 |     38.933 |   1.1133 |     40.354 |     0.7
   37 |   1.0811 |     39.123 |   1.1128 |     41.056 |     0.7
   38 |   1.0767 |     38.600 |   1.1076 |     39.927 |     0.7
   39 |   1.0698 |     38.911 |   1.0998 |     39.957 |     0.7
   40 |   1.0678 |     38.502 |   1.1000 |     40.201 |     0.8
   41 |   1.0678 |     38.387 |   1.0994 |     39.530 |     0.8
   42 |   1.0605 |     38.507 |   1.1045 |     39.927 |     0.8
   43 |   1.0565 |     38.169 |   1.0902 |     39.347 |     0.8
   44 |   1.0525 |     38.022 |   1.0964 |     39.347 |     0.8
   45 |   1.0463 |     37.782 |   1.0877 |     39.072 |     0.9
   46 |   1.0429 |     37.689 |   1.0854 |     39.133 |     0.9
   47 |   1.0356 |     37.406 |   1.0771 |     38.950 |     0.9
   48 |   1.0302 |     37.161 |   1.0733 |     38.248 |     0.9
   49 |   1.0241 |     37.052 |   1.0721 |     38.278 |     0.9
   50 |   1.0193 |     36.474 |   1.0799 |     39.164 |     1.0
   51 |   1.0162 |     36.430 |   1.0711 |     37.912 |     1.0
   52 |   1.0122 |     36.207 |   1.0611 |     37.332 |     1.0
   53 |   1.0064 |     36.239 |   1.0589 |     37.363 |     1.0
   54 |   1.0021 |     35.847 |   1.0559 |     37.424 |     1.0
   55 |   0.9952 |     35.498 |   1.0519 |     37.302 |     1.1
   56 |   0.9891 |     35.209 |   1.0491 |     37.210 |     1.1
   57 |   0.9881 |     35.323 |   1.0445 |     36.600 |     1.1
   58 |   0.9849 |     35.269 |   1.0507 |     37.363 |     1.1
   59 |   0.9776 |     34.996 |   1.0459 |     37.393 |     1.1
   60 |   0.9710 |     34.816 |   1.0413 |     36.172 |     1.2
   61 |   0.9681 |     34.266 |   1.0331 |     36.691 |     1.2
   62 |   0.9658 |     34.587 |   1.0364 |     36.325 |     1.2
   63 |   0.9547 |     33.928 |   1.0339 |     36.600 |     1.2
   64 |   0.9544 |     34.091 |   1.0380 |     36.661 |     1.2
   65 |   0.9510 |     33.944 |   1.0263 |     36.172 |     1.3
   66 |   0.9418 |     33.470 |   1.0282 |     36.233 |     1.3
   67 |   0.9369 |     33.175 |   1.0225 |     36.111 |     1.3
   68 |   0.9321 |     33.001 |   1.0180 |     35.958 |     1.3
   69 |   0.9261 |     32.461 |   1.0199 |     35.958 |     1.3
   70 |   0.9248 |     32.548 |   1.0141 |     35.623 |     1.4
   71 |   0.9165 |     32.281 |   1.0145 |     34.768 |     1.4
   72 |   0.9151 |     32.521 |   1.0329 |     36.447 |     1.4
   73 |   0.9109 |     32.063 |   1.0018 |     35.226 |     1.4
   74 |   0.9069 |     32.036 |   1.0103 |     34.921 |     1.4
   75 |   0.8998 |     31.730 |   1.0127 |     34.463 |     1.4
   76 |   0.8970 |     31.654 |   1.0076 |     36.355 |     1.5
   77 |   0.8920 |     31.512 |   1.0037 |     34.585 |     1.5
Early stopping

Model: Seq2Seq Bi-LSTM
Source index: <Seq2Seq Index with 43 items>
Target index: <Seq2Seq Index with 34 items>
Encoder embedding dimension: 32
Decoder embedding dimension: 128
Encoder hidden units: 64
Encoder layers: 2
Decoder hidden units: 64
Decoder layers: 2
Dropout: 0.1
Trainable parameters: 273,154

Training started
X_train.shape: torch.Size([3057, 702])
Y_train.shape: torch.Size([3057, 7])
X_dev.shape: torch.Size([546, 337])
Y_dev.shape: torch.Size([546, 7])
Epochs: 500
Learning rate: 0.001
Weight decay: 1e-05
Epoch | Train                 | Development           | Minutes
      | Loss     | Error Rate | Loss     | Error Rate |
---------------------------------------------------------------
    1 |   2.2954 |     58.200 |   1.7035 |     48.901 |     0.0
    2 |   1.5177 |     46.538 |   1.4419 |     46.429 |     0.0
    3 |   1.3790 |     45.437 |   1.3623 |     46.306 |     0.0
    4 |   1.3287 |     45.333 |   1.3317 |     45.818 |     0.1
    5 |   1.2980 |     44.853 |   1.3023 |     46.001 |     0.1
    6 |   1.2767 |     44.575 |   1.2776 |     44.444 |     0.1
    7 |   1.2522 |     43.338 |   1.2585 |     43.926 |     0.1
    8 |   1.2265 |     43.027 |   1.2372 |     43.223 |     0.1
    9 |   1.2050 |     42.525 |   1.2215 |     43.651 |     0.2
   10 |   1.1834 |     41.789 |   1.1961 |     41.728 |     0.2
   11 |   1.1611 |     40.786 |   1.1827 |     42.430 |     0.2
   12 |   1.1402 |     40.306 |   1.1611 |     41.331 |     0.2
   13 |   1.1207 |     40.012 |   1.1526 |     40.904 |     0.2
   14 |   1.1034 |     39.161 |   1.1324 |     40.659 |     0.2
   15 |   1.0877 |     38.518 |   1.1233 |     40.018 |     0.3
   16 |   1.0702 |     37.940 |   1.1157 |     40.568 |     0.3
   17 |   1.0511 |     37.259 |   1.0880 |     39.255 |     0.3
   18 |   1.0313 |     36.239 |   1.0807 |     38.675 |     0.3
   19 |   1.0124 |     35.814 |   1.0588 |     37.851 |     0.3
   20 |   0.9873 |     34.620 |   1.0446 |     36.691 |     0.3
   21 |   0.9699 |     34.178 |   1.0348 |     35.775 |     0.4
   22 |   0.9451 |     32.892 |   1.0283 |     35.623 |     0.4
   23 |   0.9238 |     31.932 |   1.0078 |     35.440 |     0.4
   24 |   0.9010 |     30.705 |   0.9991 |     33.944 |     0.4
   25 |   0.8780 |     30.128 |   0.9831 |     33.516 |     0.4
   26 |   0.8578 |     29.255 |   0.9812 |     33.333 |     0.4
   27 |   0.8383 |     28.579 |   0.9766 |     32.967 |     0.5
   28 |   0.8176 |     27.527 |   0.9666 |     33.669 |     0.5
   29 |   0.8008 |     27.036 |   0.9553 |     32.723 |     0.5
   30 |   0.7794 |     26.328 |   0.9550 |     31.654 |     0.5
   31 |   0.7600 |     25.739 |   0.9419 |     31.258 |     0.5
   32 |   0.7454 |     25.183 |   0.9526 |     31.105 |     0.5
   33 |   0.7312 |     24.692 |   0.9408 |     30.952 |     0.6
   34 |   0.7169 |     23.667 |   0.9288 |     30.464 |     0.6
   35 |   0.6968 |     23.253 |   0.9370 |     31.105 |     0.6
   36 |   0.6816 |     22.669 |   0.9119 |     30.037 |     0.6
   37 |   0.6640 |     21.961 |   0.9276 |     30.250 |     0.6
   38 |   0.6566 |     21.742 |   0.9275 |     29.365 |     0.6
   39 |   0.6384 |     21.181 |   0.9256 |     29.731 |     0.7
   40 |   0.6255 |     20.745 |   0.9271 |     29.182 |     0.7
Early stopping

Model: Seq2Seq Bi-LSTM
Source index: <Seq2Seq Index with 43 items>
Target index: <Seq2Seq Index with 34 items>
Encoder embedding dimension: 64
Decoder embedding dimension: 128
Encoder hidden units: 128
Encoder layers: 3
Decoder hidden units: 128
Decoder layers: 2
Dropout: 0.0
Trainable parameters: 1,461,474

Training started
X_train.shape: torch.Size([3057, 702])
Y_train.shape: torch.Size([3057, 7])
X_dev.shape: torch.Size([546, 337])
Y_dev.shape: torch.Size([546, 7])
Epochs: 500
Learning rate: 0.001
Weight decay: 0.0001
Epoch | Train                 | Development           | Minutes
      | Loss     | Error Rate | Loss     | Error Rate |
---------------------------------------------------------------
    1 |   1.9618 |     53.636 |   1.4817 |     46.581 |     0.1
    2 |   1.3843 |     45.878 |   1.3524 |     46.245 |     0.1
    3 |   1.3014 |     44.319 |   1.2949 |     44.658 |     0.2
    4 |   1.2523 |     43.479 |   1.2543 |     43.803 |     0.2
    5 |   1.2185 |     42.820 |   1.2239 |     43.071 |     0.3
    6 |   1.1901 |     42.313 |   1.2006 |     42.643 |     0.3
    7 |   1.1644 |     41.462 |   1.1788 |     42.460 |     0.4
    8 |   1.1441 |     40.906 |   1.1582 |     41.819 |     0.4
    9 |   1.1162 |     39.990 |   1.1488 |     41.697 |     0.5
   10 |   1.0982 |     39.581 |   1.1258 |     39.896 |     0.6
   11 |   1.0788 |     38.115 |   1.1010 |     38.889 |     0.6
   12 |   1.0508 |     36.877 |   1.0765 |     38.767 |     0.7
   13 |   1.0292 |     36.332 |   1.0723 |     38.553 |     0.7
   14 |   1.0094 |     35.389 |   1.0484 |     37.241 |     0.8
   15 |   0.9840 |     34.631 |   1.0316 |     36.142 |     0.8
   16 |   0.9583 |     33.361 |   1.0387 |     36.355 |     0.9
   17 |   0.9364 |     32.537 |   1.0096 |     35.165 |     1.0
   18 |   0.9160 |     31.894 |   1.0066 |     34.860 |     1.0
   19 |   0.8995 |     31.343 |   0.9785 |     34.585 |     1.1
   20 |   0.8640 |     29.920 |   0.9881 |     34.524 |     1.1
   21 |   0.8355 |     28.590 |   0.9568 |     32.784 |     1.2
   22 |   0.8067 |     27.445 |   0.9634 |     32.692 |     1.2
   23 |   0.7807 |     26.676 |   0.9457 |     32.723 |     1.3
   24 |   0.7565 |     25.352 |   0.9321 |     31.166 |     1.3
   25 |   0.7255 |     24.403 |   0.9477 |     30.952 |     1.4
   26 |   0.6959 |     23.073 |   0.9521 |     30.556 |     1.5
   27 |   0.6713 |     22.282 |   0.9310 |     30.403 |     1.5
   28 |   0.6379 |     21.246 |   0.9174 |     30.067 |     1.6
   29 |   0.6104 |     20.243 |   0.9179 |     29.060 |     1.6
   30 |   0.5906 |     19.469 |   0.9193 |     29.060 |     1.7
   31 |   0.5689 |     18.760 |   0.9118 |     29.182 |     1.7
   32 |   0.5344 |     17.441 |   0.9217 |     28.907 |     1.8
   33 |   0.5112 |     16.781 |   0.9393 |     28.449 |     1.8
   34 |   0.4887 |     16.209 |   0.9291 |     27.869 |     1.9
   35 |   0.4615 |     15.227 |   0.9522 |     28.602 |     2.0
Early stopping

Model: Seq2Seq Bi-LSTM
Source index: <Seq2Seq Index with 43 items>
Target index: <Seq2Seq Index with 34 items>
Encoder embedding dimension: 128
Decoder embedding dimension: 64
Encoder hidden units: 128
Encoder layers: 4
Decoder hidden units: 64
Decoder layers: 2
Dropout: 0.2
Trainable parameters: 1,657,506

Training started
X_train.shape: torch.Size([3057, 702])
Y_train.shape: torch.Size([3057, 7])
X_dev.shape: torch.Size([546, 337])
Y_dev.shape: torch.Size([546, 7])
Epochs: 500
Learning rate: 0.001
Weight decay: 1e-05
Epoch | Train                 | Development           | Minutes
      | Loss     | Error Rate | Loss     | Error Rate |
---------------------------------------------------------------
    1 |   2.4672 |     65.658 |   1.9788 |     55.586 |     0.1
    2 |   1.7321 |     48.768 |   1.5642 |     47.070 |     0.2
    3 |   1.4750 |     46.085 |   1.4481 |     46.825 |     0.2
    4 |   1.4082 |     46.140 |   1.4121 |     46.825 |     0.3
    5 |   1.3807 |     46.085 |   1.3906 |     46.154 |     0.4
    6 |   1.3601 |     45.813 |   1.3692 |     45.971 |     0.5
    7 |   1.3393 |     45.562 |   1.3486 |     46.123 |     0.6
    8 |   1.3216 |     45.213 |   1.3345 |     45.452 |     0.7
    9 |   1.3082 |     45.164 |   1.3193 |     45.513 |     0.7
   10 |   1.2945 |     44.788 |   1.3072 |     45.574 |     0.8
   11 |   1.2772 |     44.477 |   1.2840 |     45.452 |     0.9
   12 |   1.2644 |     44.188 |   1.2749 |     44.811 |     1.0
   13 |   1.2464 |     43.845 |   1.2580 |     43.681 |     1.1
   14 |   1.2298 |     43.081 |   1.2425 |     43.071 |     1.1
   15 |   1.2113 |     42.204 |   1.2236 |     43.040 |     1.2
   16 |   1.1887 |     41.282 |   1.2082 |     41.850 |     1.3
   17 |   1.1664 |     40.143 |   1.1780 |     40.263 |     1.4
   18 |   1.1421 |     38.965 |   1.1538 |     40.018 |     1.5
   19 |   1.1081 |     37.488 |   1.1299 |     39.042 |     1.5
   20 |   1.0770 |     36.157 |   1.1126 |     37.668 |     1.6
   21 |   1.0437 |     35.236 |   1.1015 |     37.912 |     1.7
   22 |   1.0161 |     34.189 |   1.0825 |     36.874 |     1.8
   23 |   0.9771 |     32.832 |   1.0605 |     36.386 |     1.9
   24 |   0.9462 |     31.632 |   1.0588 |     36.142 |     2.0
   25 |   0.9117 |     30.564 |   1.0193 |     34.585 |     2.0
   26 |   0.8787 |     28.988 |   1.0060 |     33.730 |     2.1
   27 |   0.8473 |     27.920 |   0.9948 |     33.211 |     2.2
   28 |   0.8165 |     26.644 |   0.9932 |     32.448 |     2.3
   29 |   0.7824 |     25.602 |   1.0031 |     32.814 |     2.4
   30 |   0.7475 |     24.027 |   0.9858 |     32.631 |     2.4
   31 |   0.7180 |     23.220 |   0.9665 |     31.502 |     2.5
   32 |   0.6862 |     21.966 |   0.9672 |     30.708 |     2.6
   33 |   0.6575 |     21.175 |   0.9668 |     31.227 |     2.7
   34 |   0.6266 |     19.829 |   0.9787 |     30.464 |     2.8
   35 |   0.5934 |     18.853 |   0.9562 |     30.342 |     2.9
   36 |   0.5657 |     17.926 |   0.9895 |     30.739 |     2.9
   37 |   0.5401 |     17.217 |   0.9993 |     30.433 |     3.0
   38 |   0.5193 |     16.590 |   0.9946 |     28.877 |     3.1
   39 |   0.5094 |     16.247 |   1.0033 |     29.853 |     3.2
Early stopping

Model: Seq2Seq Bi-LSTM
Source index: <Seq2Seq Index with 43 items>
Target index: <Seq2Seq Index with 34 items>
Encoder embedding dimension: 128
Decoder embedding dimension: 128
Encoder hidden units: 64
Encoder layers: 2
Decoder hidden units: 128
Decoder layers: 3
Dropout: 0.1
Trainable parameters: 674,722

Training started
X_train.shape: torch.Size([3057, 702])
Y_train.shape: torch.Size([3057, 7])
X_dev.shape: torch.Size([546, 337])
Y_dev.shape: torch.Size([546, 7])
Epochs: 500
Learning rate: 0.001
Weight decay: 0.0001
Epoch | Train                 | Development           | Minutes
      | Loss     | Error Rate | Loss     | Error Rate |
---------------------------------------------------------------
    1 |   2.2360 |     61.095 |   1.6463 |     47.070 |     0.0
    2 |   1.4825 |     46.238 |   1.4482 |     46.825 |     0.0
    3 |   1.3963 |     46.178 |   1.3954 |     47.283 |     0.1
    4 |   1.3498 |     45.540 |   1.3510 |     45.818 |     0.1
    5 |   1.3170 |     45.349 |   1.3308 |     46.062 |     0.1
    6 |   1.2898 |     45.006 |   1.2950 |     45.024 |     0.1
    7 |   1.2655 |     44.679 |   1.2642 |     45.024 |     0.1
    8 |   1.2398 |     43.877 |   1.2429 |     43.620 |     0.2
    9 |   1.2163 |     42.869 |   1.2176 |     44.170 |     0.2
   10 |   1.1968 |     42.809 |   1.2040 |     42.888 |     0.2
   11 |   1.1749 |     41.800 |   1.1789 |     41.331 |     0.2
   12 |   1.1587 |     41.348 |   1.1639 |     41.667 |     0.2
   13 |   1.1420 |     40.661 |   1.1499 |     41.484 |     0.3
   14 |   1.1273 |     40.486 |   1.1390 |     41.300 |     0.3
   15 |   1.1146 |     40.246 |   1.1401 |     41.361 |     0.3
   16 |   1.1006 |     39.652 |   1.1331 |     40.659 |     0.3
   17 |   1.0923 |     39.472 |   1.1175 |     39.896 |     0.3
   18 |   1.0773 |     38.562 |   1.1036 |     39.438 |     0.4
   19 |   1.0639 |     38.365 |   1.0943 |     39.530 |     0.4
   20 |   1.0505 |     37.455 |   1.0827 |     38.706 |     0.4
   21 |   1.0401 |     36.877 |   1.0812 |     38.431 |     0.4
   22 |   1.0281 |     36.457 |   1.0709 |     37.485 |     0.4
   23 |   1.0169 |     36.097 |   1.0582 |     37.607 |     0.5
   24 |   1.0026 |     35.465 |   1.0515 |     37.149 |     0.5
   25 |   0.9881 |     34.718 |   1.0526 |     36.569 |     0.5
   26 |   0.9761 |     34.037 |   1.0262 |     36.355 |     0.5
   27 |   0.9614 |     33.530 |   1.0225 |     35.073 |     0.5
   28 |   0.9515 |     33.186 |   1.0268 |     36.416 |     0.6
   29 |   0.9366 |     32.597 |   1.0101 |     34.890 |     0.6
   30 |   0.9224 |     31.856 |   1.0002 |     34.341 |     0.6
   31 |   0.9075 |     31.332 |   1.0139 |     35.165 |     0.6
   32 |   0.8923 |     30.776 |   0.9805 |     33.669 |     0.6
   33 |   0.8767 |     30.106 |   0.9807 |     34.035 |     0.7
   34 |   0.8608 |     29.626 |   0.9764 |     33.425 |     0.7
   35 |   0.8487 |     28.939 |   0.9802 |     32.845 |     0.7
   36 |   0.8288 |     28.585 |   0.9598 |     33.608 |     0.7
   37 |   0.8145 |     27.816 |   0.9658 |     32.357 |     0.7
   38 |   0.7986 |     27.282 |   0.9527 |     31.899 |     0.8
   39 |   0.7798 |     26.469 |   0.9403 |     30.952 |     0.8
   40 |   0.7693 |     26.273 |   0.9416 |     31.685 |     0.8
   41 |   0.7535 |     25.744 |   0.9462 |     30.708 |     0.8
   42 |   0.7449 |     25.286 |   0.9267 |     30.830 |     0.8
   43 |   0.7225 |     24.196 |   0.9514 |     31.197 |     0.9
   44 |   0.7089 |     23.923 |   0.9320 |     30.647 |     0.9
   45 |   0.6947 |     23.236 |   0.9422 |     30.861 |     0.9
   46 |   0.6765 |     22.882 |   0.9317 |     29.945 |     0.9
   47 |   0.6744 |     22.778 |   0.9172 |     29.823 |     0.9
   48 |   0.6589 |     22.200 |   0.9280 |     29.884 |     1.0
   49 |   0.6464 |     21.715 |   0.9346 |     30.067 |     1.0
   50 |   0.6349 |     21.492 |   0.9249 |     29.304 |     1.0
   51 |   0.6203 |     20.723 |   0.9422 |     29.701 |     1.0
Early stopping

Model: Seq2Seq Bi-LSTM
Source index: <Seq2Seq Index with 43 items>
Target index: <Seq2Seq Index with 34 items>
Encoder embedding dimension: 32
Decoder embedding dimension: 128
Encoder hidden units: 64
Encoder layers: 4
Decoder hidden units: 64
Decoder layers: 2
Dropout: 0.1
Trainable parameters: 504,578

Training started
X_train.shape: torch.Size([3057, 702])
Y_train.shape: torch.Size([3057, 7])
X_dev.shape: torch.Size([546, 337])
Y_dev.shape: torch.Size([546, 7])
Epochs: 500
Learning rate: 0.001
Weight decay: 1e-05
Epoch | Train                 | Development           | Minutes
      | Loss     | Error Rate | Loss     | Error Rate |
---------------------------------------------------------------
    1 |   2.3537 |     60.697 |   1.7881 |     49.145 |     0.0
    2 |   1.5672 |     46.909 |   1.4751 |     46.673 |     0.1
    3 |   1.4135 |     45.720 |   1.4038 |     46.520 |     0.1
    4 |   1.3635 |     45.355 |   1.3596 |     46.062 |     0.1
    5 |   1.3238 |     44.941 |   1.3211 |     45.635 |     0.2
    6 |   1.2950 |     44.592 |   1.3046 |     45.726 |     0.2
    7 |   1.2713 |     44.025 |   1.2703 |     43.987 |     0.2
    8 |   1.2478 |     43.583 |   1.2515 |     43.437 |     0.3
    9 |   1.2253 |     42.607 |   1.2297 |     42.979 |     0.3
   10 |   1.2012 |     42.155 |   1.2135 |     42.002 |     0.3
   11 |   1.1787 |     41.740 |   1.1932 |     42.582 |     0.4
   12 |   1.1586 |     40.972 |   1.1736 |     42.277 |     0.4
   13 |   1.1389 |     40.666 |   1.1568 |     41.331 |     0.4
   14 |   1.1193 |     39.527 |   1.1355 |     40.965 |     0.5
   15 |   1.0977 |     38.311 |   1.1291 |     39.866 |     0.5
   16 |   1.0776 |     37.749 |   1.1180 |     39.164 |     0.5
   17 |   1.0580 |     36.768 |   1.0914 |     38.217 |     0.6
   18 |   1.0363 |     36.190 |   1.0858 |     37.393 |     0.6
   19 |   1.0109 |     34.953 |   1.0638 |     37.210 |     0.6
   20 |   0.9890 |     33.835 |   1.0454 |     36.172 |     0.7
   21 |   0.9617 |     32.832 |   1.0335 |     35.409 |     0.7
   22 |   0.9390 |     31.714 |   1.0173 |     34.341 |     0.7
   23 |   0.9086 |     30.455 |   1.0046 |     33.913 |     0.8
   24 |   0.8837 |     29.779 |   0.9850 |     32.143 |     0.8
   25 |   0.8581 |     28.672 |   0.9779 |     32.418 |     0.8
   26 |   0.8370 |     27.800 |   0.9659 |     31.990 |     0.9
   27 |   0.8011 |     26.540 |   0.9541 |     32.051 |     0.9
   28 |   0.7789 |     25.831 |   0.9538 |     32.021 |     0.9
   29 |   0.7532 |     24.954 |   0.9443 |     31.777 |     1.0
   30 |   0.7369 |     24.310 |   0.9647 |     31.471 |     1.0
   31 |   0.7120 |     23.760 |   0.9602 |     30.617 |     1.0
   32 |   0.6922 |     22.506 |   0.9570 |     31.258 |     1.1
   33 |   0.6643 |     21.475 |   0.9453 |     30.983 |     1.1
Early stopping

Model: Seq2Seq Bi-LSTM
Source index: <Seq2Seq Index with 43 items>
Target index: <Seq2Seq Index with 34 items>
Encoder embedding dimension: 128
Decoder embedding dimension: 128
Encoder hidden units: 64
Encoder layers: 4
Decoder hidden units: 64
Decoder layers: 3
Dropout: 0.1
Trainable parameters: 591,138

Training started
X_train.shape: torch.Size([3057, 702])
Y_train.shape: torch.Size([3057, 7])
X_dev.shape: torch.Size([546, 337])
Y_dev.shape: torch.Size([546, 7])
Epochs: 500
Learning rate: 0.001
Weight decay: 1e-05
Epoch | Train                 | Development           | Minutes
      | Loss     | Error Rate | Loss     | Error Rate |
---------------------------------------------------------------
    1 |   2.5969 |     68.515 |   2.0755 |     59.280 |     0.0
    2 |   1.8242 |     50.829 |   1.6430 |     47.070 |     0.1
    3 |   1.5333 |     46.331 |   1.4962 |     47.070 |     0.1
    4 |   1.4464 |     46.216 |   1.4464 |     47.070 |     0.2
    5 |   1.4099 |     46.156 |   1.4216 |     47.070 |     0.2
    6 |   1.3819 |     46.047 |   1.3868 |     47.100 |     0.2
    7 |   1.3554 |     46.151 |   1.3624 |     47.009 |     0.3
    8 |   1.3344 |     45.671 |   1.3421 |     46.947 |     0.3
    9 |   1.3109 |     45.420 |   1.3152 |     45.726 |     0.3
   10 |   1.2934 |     45.164 |   1.3045 |     45.024 |     0.4
   11 |   1.2738 |     44.532 |   1.2794 |     45.147 |     0.4
   12 |   1.2529 |     43.796 |   1.2594 |     44.750 |     0.4
   13 |   1.2321 |     43.610 |   1.2424 |     44.017 |     0.5
   14 |   1.2102 |     42.847 |   1.2219 |     43.071 |     0.5
   15 |   1.1903 |     41.980 |   1.2037 |     42.186 |     0.6
   16 |   1.1704 |     41.217 |   1.1874 |     41.972 |     0.6
   17 |   1.1513 |     40.628 |   1.1748 |     41.850 |     0.6
   18 |   1.1308 |     39.543 |   1.1662 |     40.995 |     0.7
   19 |   1.1117 |     39.014 |   1.1502 |     40.201 |     0.7
   20 |   1.0935 |     38.289 |   1.1360 |     40.232 |     0.7
   21 |   1.0749 |     37.733 |   1.1357 |     39.774 |     0.8
   22 |   1.0542 |     36.561 |   1.1214 |     39.530 |     0.8
   23 |   1.0379 |     35.896 |   1.1117 |     37.973 |     0.8
   24 |   1.0182 |     35.111 |   1.0942 |     37.790 |     0.9
   25 |   1.0016 |     34.582 |   1.0906 |     37.546 |     0.9
   26 |   0.9817 |     33.862 |   1.1032 |     38.462 |     0.9
   27 |   0.9649 |     33.442 |   1.0905 |     37.454 |     1.0
   28 |   0.9501 |     32.428 |   1.0761 |     36.966 |     1.0
   29 |   0.9305 |     31.747 |   1.0784 |     36.783 |     1.1
   30 |   0.9148 |     31.158 |   1.0784 |     36.661 |     1.1
   31 |   0.8974 |     30.575 |   1.0823 |     36.661 |     1.1
   32 |   0.8839 |     30.024 |   1.0725 |     34.585 |     1.2
   33 |   0.8662 |     29.037 |   1.0637 |     35.592 |     1.2
   34 |   0.8472 |     28.078 |   1.0520 |     35.195 |     1.2
   35 |   0.8218 |     27.391 |   1.0628 |     35.043 |     1.3
   36 |   0.8112 |     26.851 |   1.0585 |     34.158 |     1.3
   37 |   0.7851 |     25.968 |   1.0482 |     32.601 |     1.3
   38 |   0.7691 |     25.248 |   1.0528 |     33.211 |     1.4
   39 |   0.7589 |     24.866 |   1.0537 |     32.998 |     1.4
   40 |   0.7313 |     24.038 |   1.0481 |     32.479 |     1.4
   41 |   0.7188 |     23.542 |   1.0514 |     32.540 |     1.5
   42 |   0.6979 |     22.702 |   1.0494 |     31.593 |     1.5
   43 |   0.6842 |     22.386 |   1.0477 |     31.685 |     1.6
   44 |   0.6694 |     22.042 |   1.0597 |     30.830 |     1.6
   45 |   0.6490 |     21.279 |   1.0440 |     30.647 |     1.6
   46 |   0.6316 |     20.336 |   1.0746 |     31.258 |     1.7
   47 |   0.6199 |     19.927 |   1.0426 |     30.586 |     1.7
   48 |   0.6054 |     19.763 |   1.0976 |     30.586 |     1.7
   49 |   0.5878 |     19.316 |   1.0686 |     30.617 |     1.8
   50 |   0.5755 |     18.733 |   1.0849 |     30.464 |     1.8
   51 |   0.5564 |     18.171 |   1.0897 |     30.006 |     1.8
Early stopping

Model: Seq2Seq Bi-LSTM
Source index: <Seq2Seq Index with 43 items>
Target index: <Seq2Seq Index with 34 items>
Encoder embedding dimension: 128
Decoder embedding dimension: 64
Encoder hidden units: 64
Encoder layers: 3
Decoder hidden units: 64
Decoder layers: 3
Dropout: 0.1
Trainable parameters: 456,866

Training started
X_train.shape: torch.Size([3057, 702])
Y_train.shape: torch.Size([3057, 7])
X_dev.shape: torch.Size([546, 337])
Y_dev.shape: torch.Size([546, 7])
Epochs: 500
Learning rate: 0.001
Weight decay: 0.0001
Epoch | Train                 | Development           | Minutes
      | Loss     | Error Rate | Loss     | Error Rate |
---------------------------------------------------------------
    1 |   2.5269 |     67.577 |   1.9877 |     54.915 |     0.0
    2 |   1.7506 |     49.466 |   1.6021 |     47.070 |     0.1
    3 |   1.5017 |     46.031 |   1.4747 |     46.825 |     0.1
    4 |   1.4299 |     46.254 |   1.4349 |     46.886 |     0.1
    5 |   1.3982 |     46.080 |   1.4029 |     47.131 |     0.1
    6 |   1.3644 |     45.829 |   1.3715 |     46.703 |     0.2
    7 |   1.3401 |     45.535 |   1.3510 |     46.642 |     0.2
    8 |   1.3212 |     45.404 |   1.3327 |     46.062 |     0.2
    9 |   1.3050 |     45.017 |   1.3207 |     45.574 |     0.2
   10 |   1.2896 |     44.875 |   1.3073 |     45.238 |     0.3
   11 |   1.2748 |     44.603 |   1.2857 |     45.421 |     0.3
   12 |   1.2581 |     44.286 |   1.2812 |     44.780 |     0.3
   13 |   1.2501 |     43.872 |   1.2660 |     44.597 |     0.4
   14 |   1.2392 |     43.327 |   1.2588 |     44.353 |     0.4
   15 |   1.2269 |     43.190 |   1.2506 |     44.261 |     0.4
   16 |   1.2199 |     42.896 |   1.2315 |     43.376 |     0.4
   17 |   1.2064 |     42.689 |   1.2210 |     43.132 |     0.5
   18 |   1.1949 |     42.509 |   1.2150 |     43.468 |     0.5
   19 |   1.1869 |     42.133 |   1.2028 |     42.643 |     0.5
   20 |   1.1755 |     41.751 |   1.1984 |     42.399 |     0.5
   21 |   1.1675 |     41.773 |   1.1848 |     42.674 |     0.6
   22 |   1.1584 |     41.288 |   1.1906 |     42.735 |     0.6
   23 |   1.1479 |     40.770 |   1.1776 |     42.125 |     0.6
   24 |   1.1414 |     40.808 |   1.1815 |     42.674 |     0.7
   25 |   1.1339 |     40.775 |   1.1654 |     42.063 |     0.7
   26 |   1.1227 |     40.465 |   1.1610 |     42.216 |     0.7
   27 |   1.1173 |     40.388 |   1.1562 |     41.728 |     0.7
   28 |   1.1116 |     40.279 |   1.1480 |     41.484 |     0.8
   29 |   1.1047 |     40.083 |   1.1352 |     41.178 |     0.8
   30 |   1.0961 |     39.641 |   1.1308 |     40.690 |     0.8
   31 |   1.0890 |     39.281 |   1.1288 |     40.751 |     0.8
   32 |   1.0789 |     38.529 |   1.1271 |     40.629 |     0.9
   33 |   1.0740 |     38.540 |   1.1273 |     40.385 |     0.9
   34 |   1.0665 |     38.022 |   1.1077 |     39.713 |     0.9
   35 |   1.0569 |     37.580 |   1.0992 |     38.980 |     1.0
   36 |   1.0477 |     37.460 |   1.0972 |     38.217 |     1.0
   37 |   1.0381 |     36.637 |   1.1014 |     38.645 |     1.0
   38 |   1.0285 |     36.392 |   1.0806 |     38.187 |     1.0
   39 |   1.0214 |     36.032 |   1.0867 |     37.973 |     1.1
   40 |   1.0145 |     35.781 |   1.0762 |     37.973 |     1.1
   41 |   1.0078 |     35.427 |   1.0706 |     38.278 |     1.1
   42 |   1.0003 |     35.247 |   1.0600 |     37.485 |     1.1
   43 |   0.9905 |     34.658 |   1.0586 |     37.118 |     1.2
   44 |   0.9801 |     34.604 |   1.0579 |     36.813 |     1.2
   45 |   0.9730 |     34.020 |   1.0367 |     35.714 |     1.2
   46 |   0.9622 |     33.584 |   1.0422 |     36.294 |     1.3
   47 |   0.9573 |     33.442 |   1.0356 |     36.386 |     1.3
   48 |   0.9443 |     32.652 |   1.0368 |     36.264 |     1.3
   49 |   0.9375 |     32.374 |   1.0267 |     35.134 |     1.4
   50 |   0.9313 |     32.379 |   1.0249 |     35.501 |     1.4
   51 |   0.9171 |     31.594 |   1.0304 |     35.256 |     1.4
   52 |   0.9136 |     31.676 |   1.0117 |     34.463 |     1.4
   53 |   0.9032 |     31.038 |   1.0137 |     34.249 |     1.5
   54 |   0.8931 |     30.635 |   1.0020 |     34.829 |     1.5
   55 |   0.8838 |     30.253 |   0.9971 |     33.303 |     1.5
   56 |   0.8737 |     29.773 |   0.9944 |     33.150 |     1.6
   57 |   0.8663 |     29.746 |   1.0032 |     33.516 |     1.6
   58 |   0.8575 |     29.277 |   0.9949 |     33.242 |     1.6
   59 |   0.8464 |     28.688 |   0.9854 |     32.753 |     1.6
   60 |   0.8380 |     28.770 |   0.9951 |     32.601 |     1.7
   61 |   0.8270 |     28.219 |   0.9934 |     32.784 |     1.7
   62 |   0.8244 |     28.127 |   0.9975 |     32.967 |     1.7
   63 |   0.8174 |     27.794 |   0.9876 |     32.295 |     1.8
   64 |   0.8101 |     27.576 |   0.9731 |     31.532 |     1.8
   65 |   0.7906 |     26.791 |   0.9907 |     31.654 |     1.8
   66 |   0.7838 |     26.317 |   0.9725 |     31.563 |     1.8
   67 |   0.7723 |     25.777 |   0.9726 |     31.441 |     1.9
   68 |   0.7663 |     26.000 |   0.9686 |     31.593 |     1.9
   69 |   0.7561 |     25.183 |   0.9807 |     30.861 |     1.9
   70 |   0.7515 |     25.057 |   0.9734 |     31.868 |     2.0
   71 |   0.7399 |     24.910 |   0.9535 |     30.403 |     2.0
   72 |   0.7383 |     24.523 |   0.9796 |     30.983 |     2.0
   73 |   0.7233 |     24.289 |   0.9702 |     31.319 |     2.1
   74 |   0.7136 |     23.841 |   0.9642 |     30.861 |     2.1
   75 |   0.7068 |     23.487 |   0.9804 |     31.136 |     2.1
Early stopping

Model: Seq2Seq Bi-LSTM
Source index: <Seq2Seq Index with 43 items>
Target index: <Seq2Seq Index with 34 items>
Encoder embedding dimension: 128
Decoder embedding dimension: 64
Encoder hidden units: 128
Encoder layers: 3
Decoder hidden units: 64
Decoder layers: 2
Dropout: 0.2
Trainable parameters: 1,229,474

Training started
X_train.shape: torch.Size([3057, 702])
Y_train.shape: torch.Size([3057, 7])
X_dev.shape: torch.Size([546, 337])
Y_dev.shape: torch.Size([546, 7])
Epochs: 500
Learning rate: 0.001
Weight decay: 0.0001
Epoch | Train                 | Development           | Minutes
      | Loss     | Error Rate | Loss     | Error Rate |
---------------------------------------------------------------
    1 |   2.3936 |     64.175 |   1.9008 |     49.969 |     0.1
    2 |   1.6719 |     48.119 |   1.5374 |     47.100 |     0.1
    3 |   1.4605 |     46.085 |   1.4361 |     46.581 |     0.2
    4 |   1.3947 |     45.857 |   1.3894 |     46.581 |     0.3
    5 |   1.3552 |     45.726 |   1.3552 |     46.123 |     0.3
    6 |   1.3266 |     45.388 |   1.3304 |     46.001 |     0.4
    7 |   1.3060 |     45.197 |   1.3142 |     45.330 |     0.5
    8 |   1.2871 |     44.477 |   1.2929 |     45.147 |     0.5
    9 |   1.2697 |     44.177 |   1.2825 |     45.360 |     0.6
   10 |   1.2516 |     43.867 |   1.2657 |     44.353 |     0.6
   11 |   1.2380 |     43.447 |   1.2548 |     44.567 |     0.7
   12 |   1.2232 |     43.201 |   1.2380 |     43.834 |     0.8
   13 |   1.2091 |     42.656 |   1.2241 |     43.254 |     0.8
   14 |   1.1954 |     41.937 |   1.2149 |     42.308 |     0.9
   15 |   1.1789 |     41.544 |   1.1978 |     42.308 |     1.0
   16 |   1.1663 |     41.397 |   1.1888 |     41.484 |     1.0
   17 |   1.1546 |     40.639 |   1.1691 |     41.209 |     1.1
   18 |   1.1407 |     40.056 |   1.1603 |     40.873 |     1.2
   19 |   1.1263 |     39.423 |   1.1472 |     41.056 |     1.2
   20 |   1.1117 |     38.682 |   1.1381 |     39.683 |     1.3
   21 |   1.0960 |     38.027 |   1.1279 |     39.011 |     1.4
   22 |   1.0840 |     37.488 |   1.1188 |     39.011 |     1.4
   23 |   1.0745 |     37.073 |   1.1050 |     38.614 |     1.5
   24 |   1.0564 |     36.250 |   1.0992 |     38.614 |     1.5
   25 |   1.0407 |     35.945 |   1.0866 |     37.882 |     1.6
   26 |   1.0286 |     35.274 |   1.0798 |     37.943 |     1.7
   27 |   1.0138 |     34.816 |   1.0631 |     36.691 |     1.7
   28 |   1.0018 |     34.108 |   1.0546 |     36.203 |     1.8
   29 |   0.9859 |     33.541 |   1.0487 |     35.897 |     1.9
   30 |   0.9738 |     33.023 |   1.0298 |     35.928 |     1.9
   31 |   0.9589 |     32.499 |   1.0394 |     35.684 |     2.0
   32 |   0.9416 |     32.068 |   1.0230 |     34.890 |     2.1
   33 |   0.9297 |     31.611 |   1.0262 |     35.104 |     2.1
   34 |   0.9147 |     30.880 |   1.0112 |     34.676 |     2.2
   35 |   0.9021 |     30.547 |   1.0123 |     34.096 |     2.3
   36 |   0.8899 |     30.198 |   1.0052 |     34.249 |     2.3
   37 |   0.8818 |     29.899 |   0.9938 |     33.455 |     2.4
   38 |   0.8642 |     29.048 |   0.9864 |     32.937 |     2.5
   39 |   0.8493 |     29.070 |   1.0046 |     32.357 |     2.5
   40 |   0.8429 |     28.519 |   0.9787 |     32.937 |     2.6
   41 |   0.8216 |     27.810 |   0.9764 |     32.784 |     2.7
   42 |   0.8040 |     27.293 |   0.9692 |     31.960 |     2.7
   43 |   0.8001 |     27.151 |   1.0018 |     33.028 |     2.8
   44 |   0.7981 |     26.998 |   0.9691 |     32.143 |     2.8
   45 |   0.7661 |     25.788 |   0.9613 |     30.861 |     2.9
   46 |   0.7569 |     25.695 |   0.9683 |     31.960 |     3.0
   47 |   0.7536 |     25.357 |   0.9907 |     31.319 |     3.0
   48 |   0.7269 |     24.419 |   0.9671 |     31.288 |     3.1
   49 |   0.7123 |     23.956 |   0.9669 |     30.556 |     3.2
Early stopping

Model: Seq2Seq Bi-LSTM
Source index: <Seq2Seq Index with 43 items>
Target index: <Seq2Seq Index with 34 items>
Encoder embedding dimension: 32
Decoder embedding dimension: 64
Encoder hidden units: 128
Encoder layers: 2
Decoder hidden units: 128
Decoder layers: 3
Dropout: 0.1
Trainable parameters: 1,063,682

Training started
X_train.shape: torch.Size([3057, 702])
Y_train.shape: torch.Size([3057, 7])
X_dev.shape: torch.Size([546, 337])
Y_dev.shape: torch.Size([546, 7])
Epochs: 500
Learning rate: 0.001
Weight decay: 0.0001
Epoch | Train                 | Development           | Minutes
      | Loss     | Error Rate | Loss     | Error Rate |
---------------------------------------------------------------
    1 |   2.2213 |     60.359 |   1.6283 |     47.070 |     0.0
    2 |   1.4797 |     46.244 |   1.4439 |     47.070 |     0.1
    3 |   1.4069 |     46.238 |   1.4147 |     47.070 |     0.1
    4 |   1.3753 |     46.151 |   1.3794 |     47.100 |     0.2
    5 |   1.3402 |     45.922 |   1.3372 |     45.971 |     0.2
    6 |   1.3147 |     45.704 |   1.3229 |     46.520 |     0.3
    7 |   1.2984 |     45.693 |   1.3041 |     46.368 |     0.3
    8 |   1.2876 |     45.829 |   1.2883 |     45.391 |     0.3
    9 |   1.2748 |     45.235 |   1.2806 |     45.055 |     0.4
   10 |   1.2667 |     44.744 |   1.2673 |     44.567 |     0.4
   11 |   1.2566 |     44.461 |   1.2757 |     45.452 |     0.5
   12 |   1.2427 |     44.041 |   1.2484 |     44.048 |     0.5
   13 |   1.2298 |     43.757 |   1.2365 |     43.834 |     0.5
   14 |   1.2169 |     43.300 |   1.2388 |     44.139 |     0.6
   15 |   1.2076 |     43.234 |   1.2226 |     43.284 |     0.6
   16 |   1.1964 |     42.814 |   1.2147 |     43.101 |     0.7
   17 |   1.1878 |     42.683 |   1.2010 |     43.193 |     0.7
   18 |   1.1776 |     42.160 |   1.1955 |     43.132 |     0.8
   19 |   1.1661 |     41.942 |   1.1781 |     42.643 |     0.8
   20 |   1.1577 |     41.522 |   1.1772 |     42.338 |     0.8
   21 |   1.1470 |     41.102 |   1.1711 |     42.399 |     0.9
   22 |   1.1422 |     41.157 |   1.1588 |     42.063 |     0.9
   23 |   1.1335 |     40.982 |   1.1620 |     41.972 |     1.0
   24 |   1.1220 |     40.328 |   1.1618 |     41.514 |     1.0
   25 |   1.1133 |     40.410 |   1.1510 |     40.446 |     1.1
   26 |   1.1115 |     40.045 |   1.1433 |     40.659 |     1.1
   27 |   1.1073 |     40.083 |   1.1318 |     39.866 |     1.1
   28 |   1.1024 |     39.996 |   1.1251 |     40.232 |     1.2
   29 |   1.0921 |     39.434 |   1.1242 |     40.690 |     1.2
   30 |   1.0846 |     39.352 |   1.1199 |     40.995 |     1.3
   31 |   1.0817 |     39.500 |   1.1071 |     40.385 |     1.3
   32 |   1.0752 |     38.736 |   1.1093 |     39.835 |     1.4
   33 |   1.0659 |     38.611 |   1.0995 |     39.774 |     1.4
   34 |   1.0638 |     38.665 |   1.1033 |     39.744 |     1.4
   35 |   1.0572 |     38.338 |   1.0947 |     39.652 |     1.5
   36 |   1.0549 |     38.556 |   1.0855 |     38.706 |     1.5
   37 |   1.0507 |     38.251 |   1.0853 |     38.889 |     1.6
   38 |   1.0438 |     38.251 |   1.0805 |     39.164 |     1.6
   39 |   1.0411 |     38.011 |   1.0830 |     39.194 |     1.7
   40 |   1.0388 |     37.684 |   1.0801 |     38.400 |     1.7
   41 |   1.0373 |     37.837 |   1.0733 |     38.370 |     1.8
   42 |   1.0352 |     37.755 |   1.0715 |     38.523 |     1.8
   43 |   1.0290 |     37.640 |   1.0701 |     38.217 |     1.8
   44 |   1.0243 |     37.526 |   1.0708 |     38.736 |     1.9
   45 |   1.0237 |     37.695 |   1.0714 |     39.103 |     1.9
   46 |   1.0213 |     37.275 |   1.0616 |     38.431 |     2.0
   47 |   1.0104 |     36.855 |   1.0598 |     37.729 |     2.0
   48 |   1.0109 |     37.133 |   1.0486 |     37.363 |     2.1
   49 |   1.0069 |     36.583 |   1.0509 |     38.126 |     2.1
   50 |   1.0007 |     36.506 |   1.0473 |     37.698 |     2.1
   51 |   1.0007 |     36.599 |   1.0432 |     37.454 |     2.2
   52 |   0.9959 |     36.523 |   1.0419 |     37.607 |     2.2
   53 |   0.9941 |     36.201 |   1.0394 |     37.210 |     2.3
   54 |   0.9888 |     36.070 |   1.0410 |     37.485 |     2.3
   55 |   0.9826 |     36.010 |   1.0423 |     37.302 |     2.4
   56 |   0.9812 |     36.119 |   1.0418 |     37.515 |     2.4
   57 |   0.9767 |     35.732 |   1.0280 |     37.302 |     2.4
   58 |   0.9723 |     35.514 |   1.0293 |     36.996 |     2.5
   59 |   0.9712 |     35.634 |   1.0288 |     37.057 |     2.5
   60 |   0.9649 |     35.291 |   1.0221 |     36.752 |     2.6
   61 |   0.9648 |     35.378 |   1.0135 |     36.966 |     2.6
   62 |   0.9530 |     34.893 |   1.0134 |     36.874 |     2.7
   63 |   0.9513 |     34.691 |   1.0202 |     36.508 |     2.7
   64 |   0.9521 |     34.909 |   1.0048 |     36.050 |     2.7
   65 |   0.9399 |     34.135 |   1.0020 |     35.348 |     2.8
   66 |   0.9380 |     33.982 |   1.0060 |     36.020 |     2.8
   67 |   0.9306 |     33.780 |   1.0014 |     35.836 |     2.9
   68 |   0.9197 |     33.143 |   0.9927 |     35.073 |     2.9
   69 |   0.9176 |     33.066 |   0.9964 |     35.562 |     2.9
   70 |   0.9097 |     32.854 |   0.9912 |     35.165 |     3.0
   71 |   0.9056 |     32.734 |   0.9818 |     34.829 |     3.0
   72 |   0.9018 |     32.679 |   0.9845 |     34.493 |     3.1
   73 |   0.8900 |     32.068 |   0.9790 |     34.860 |     3.1
   74 |   0.8845 |     31.905 |   0.9810 |     34.585 |     3.1
   75 |   0.8837 |     31.670 |   0.9926 |     35.195 |     3.2
   76 |   0.8797 |     31.970 |   0.9811 |     34.524 |     3.2
   77 |   0.8743 |     31.311 |   0.9716 |     33.700 |     3.3
   78 |   0.8586 |     30.629 |   0.9596 |     33.913 |     3.3
   79 |   0.8480 |     30.313 |   0.9598 |     33.242 |     3.3
   80 |   0.8451 |     30.286 |   0.9670 |     33.852 |     3.4
   81 |   0.8496 |     30.471 |   0.9661 |     33.974 |     3.4
   82 |   0.8354 |     29.751 |   0.9521 |     33.303 |     3.5
   83 |   0.8225 |     29.599 |   0.9615 |     33.333 |     3.5
   84 |   0.8160 |     29.293 |   0.9522 |     33.364 |     3.6
   85 |   0.8069 |     28.563 |   0.9400 |     32.784 |     3.6
   86 |   0.8022 |     28.416 |   0.9539 |     33.303 |     3.6
   87 |   0.7929 |     28.214 |   0.9366 |     33.211 |     3.7
   88 |   0.7835 |     27.691 |   0.9395 |     33.150 |     3.7
   89 |   0.7856 |     28.094 |   0.9427 |     33.242 |     3.8
   90 |   0.7751 |     27.516 |   0.9304 |     32.082 |     3.8
   91 |   0.7609 |     27.085 |   0.9302 |     31.471 |     3.8
   92 |   0.7587 |     26.856 |   0.9280 |     31.105 |     3.9
   93 |   0.7493 |     26.507 |   0.9158 |     31.471 |     3.9
   94 |   0.7434 |     26.606 |   0.9146 |     31.471 |     4.0
   95 |   0.7395 |     26.278 |   0.9201 |     30.311 |     4.0
   96 |   0.7286 |     25.782 |   0.9296 |     31.258 |     4.0
   97 |   0.7245 |     25.482 |   0.9157 |     31.074 |     4.1
   98 |   0.7107 |     24.823 |   0.9099 |     31.013 |     4.1
   99 |   0.7060 |     24.627 |   0.9096 |     30.556 |     4.2
  100 |   0.7066 |     24.687 |   0.9131 |     30.769 |     4.2
  101 |   0.6991 |     24.572 |   0.9119 |     30.708 |     4.2
  102 |   0.6917 |     24.310 |   0.9128 |     30.372 |     4.3
  103 |   0.6830 |     23.700 |   0.9221 |     31.136 |     4.3
Early stopping

Model: Seq2Seq Bi-LSTM
Source index: <Seq2Seq Index with 43 items>
Target index: <Seq2Seq Index with 34 items>
Encoder embedding dimension: 64
Decoder embedding dimension: 128
Encoder hidden units: 128
Encoder layers: 3
Decoder hidden units: 64
Decoder layers: 3
Dropout: 0.1
Trainable parameters: 1,213,026

Training started
X_train.shape: torch.Size([3057, 702])
Y_train.shape: torch.Size([3057, 7])
X_dev.shape: torch.Size([546, 337])
Y_dev.shape: torch.Size([546, 7])
Epochs: 500
Learning rate: 0.001
Weight decay: 1e-05
Epoch | Train                 | Development           | Minutes
      | Loss     | Error Rate | Loss     | Error Rate |
---------------------------------------------------------------
    1 |   2.4818 |     66.558 |   1.9298 |     54.640 |     0.1
    2 |   1.6884 |     48.533 |   1.5470 |     46.825 |     0.1
    3 |   1.4687 |     46.265 |   1.4506 |     47.070 |     0.2
    4 |   1.4128 |     45.993 |   1.4227 |     46.886 |     0.2
    5 |   1.3897 |     46.031 |   1.4035 |     46.856 |     0.3
    6 |   1.3719 |     45.867 |   1.3852 |     46.947 |     0.4
    7 |   1.3519 |     45.753 |   1.3599 |     46.520 |     0.4
    8 |   1.3347 |     45.562 |   1.3395 |     45.299 |     0.5
    9 |   1.3154 |     45.262 |   1.3184 |     45.513 |     0.5
   10 |   1.2962 |     44.919 |   1.2981 |     44.933 |     0.6
   11 |   1.2762 |     44.592 |   1.2775 |     44.231 |     0.7
   12 |   1.2539 |     43.965 |   1.2540 |     44.139 |     0.7
   13 |   1.2324 |     43.545 |   1.2366 |     43.803 |     0.8
   14 |   1.2103 |     42.673 |   1.2253 |     42.735 |     0.8
   15 |   1.1932 |     41.915 |   1.1995 |     41.697 |     0.9
   16 |   1.1735 |     41.277 |   1.1807 |     41.239 |     1.0
   17 |   1.1529 |     40.508 |   1.1784 |     41.148 |     1.0
   18 |   1.1384 |     40.105 |   1.1528 |     40.690 |     1.1
   19 |   1.1179 |     39.478 |   1.1533 |     40.476 |     1.2
   20 |   1.0999 |     38.491 |   1.1348 |     40.476 |     1.2
   21 |   1.0807 |     37.913 |   1.1170 |     39.530 |     1.3
   22 |   1.0627 |     37.281 |   1.1113 |     39.072 |     1.3
   23 |   1.0488 |     36.768 |   1.1056 |     39.072 |     1.4
   24 |   1.0258 |     35.950 |   1.0974 |     38.614 |     1.5
   25 |   1.0096 |     35.132 |   1.0905 |     38.431 |     1.5
   26 |   0.9930 |     34.587 |   1.0854 |     38.156 |     1.6
   27 |   0.9686 |     33.481 |   1.0750 |     37.698 |     1.6
   28 |   0.9751 |     33.840 |   1.0734 |     37.851 |     1.7
   29 |   0.9539 |     32.832 |   1.0830 |     36.966 |     1.8
   30 |   0.9364 |     31.910 |   1.0444 |     36.172 |     1.8
   31 |   0.8973 |     30.258 |   1.0447 |     36.050 |     1.9
   32 |   0.8684 |     29.048 |   1.0419 |     34.768 |     1.9
   33 |   0.8485 |     28.448 |   1.0221 |     34.188 |     2.0
   34 |   0.8222 |     27.309 |   1.0290 |     33.486 |     2.1
   35 |   0.7959 |     26.464 |   1.0301 |     33.883 |     2.1
   36 |   0.7737 |     25.777 |   1.0203 |     33.150 |     2.2
   37 |   0.7484 |     24.975 |   1.0301 |     32.937 |     2.2
   38 |   0.7263 |     23.852 |   1.0061 |     31.471 |     2.3
   39 |   0.7153 |     23.645 |   1.0039 |     31.349 |     2.4
   40 |   0.6852 |     22.746 |   1.0079 |     31.044 |     2.4
   41 |   0.6565 |     21.824 |   1.0030 |     30.617 |     2.5
   42 |   0.6349 |     21.088 |   1.0203 |     30.464 |     2.6
   43 |   0.6175 |     20.418 |   1.0004 |     29.884 |     2.6
   44 |   0.5998 |     20.156 |   1.0112 |     29.853 |     2.7
   45 |   0.5787 |     19.213 |   1.0062 |     30.403 |     2.7
   46 |   0.5645 |     18.815 |   1.0099 |     29.396 |     2.8
   47 |   0.5450 |     18.242 |   1.0271 |     29.823 |     2.9
Early stopping

Model: Seq2Seq Bi-LSTM
Source index: <Seq2Seq Index with 43 items>
Target index: <Seq2Seq Index with 34 items>
Encoder embedding dimension: 128
Decoder embedding dimension: 128
Encoder hidden units: 128
Encoder layers: 3
Decoder hidden units: 128
Decoder layers: 3
Dropout: 0.1
Trainable parameters: 1,661,858

Training started
X_train.shape: torch.Size([3057, 702])
Y_train.shape: torch.Size([3057, 7])
X_dev.shape: torch.Size([546, 337])
Y_dev.shape: torch.Size([546, 7])
Epochs: 500
Learning rate: 0.001
Weight decay: 0.0001
Epoch | Train                 | Development           | Minutes
      | Loss     | Error Rate | Loss     | Error Rate |
---------------------------------------------------------------
    1 |   2.2211 |     60.282 |   1.6421 |     47.070 |     0.1
    2 |   1.4868 |     46.222 |   1.4487 |     47.070 |     0.1
    3 |   1.4060 |     46.075 |   1.4116 |     47.070 |     0.2
    4 |   1.3621 |     45.933 |   1.3541 |     46.368 |     0.2
    5 |   1.3242 |     45.758 |   1.3365 |     46.245 |     0.3
    6 |   1.3019 |     45.349 |   1.3001 |     45.543 |     0.4
    7 |   1.2801 |     44.777 |   1.2812 |     45.635 |     0.4
    8 |   1.2540 |     44.014 |   1.2585 |     44.200 |     0.5
    9 |   1.2303 |     43.659 |   1.2383 |     44.048 |     0.5
   10 |   1.2085 |     42.951 |   1.2156 |     43.437 |     0.6
   11 |   1.1900 |     42.602 |   1.2068 |     42.552 |     0.7
   12 |   1.1744 |     42.116 |   1.1859 |     43.223 |     0.7
   13 |   1.1614 |     41.969 |   1.1678 |     42.155 |     0.8
   14 |   1.1458 |     41.462 |   1.1634 |     42.369 |     0.8
   15 |   1.1309 |     40.797 |   1.1437 |     41.545 |     0.9
   16 |   1.1199 |     40.644 |   1.1415 |     40.629 |     1.0
   17 |   1.1053 |     39.838 |   1.1345 |     40.690 |     1.0
   18 |   1.0927 |     39.472 |   1.1161 |     40.385 |     1.1
   19 |   1.0817 |     38.622 |   1.1042 |     40.171 |     1.1
   20 |   1.0718 |     38.186 |   1.0951 |     38.767 |     1.2
   21 |   1.0541 |     37.570 |   1.0955 |     38.645 |     1.3
   22 |   1.0475 |     37.755 |   1.0918 |     38.492 |     1.3
   23 |   1.0330 |     36.495 |   1.0874 |     38.797 |     1.4
   24 |   1.0228 |     36.038 |   1.0790 |     38.004 |     1.5
   25 |   1.0048 |     35.432 |   1.0538 |     37.454 |     1.5
   26 |   0.9972 |     34.953 |   1.0649 |     36.905 |     1.6
   27 |   0.9814 |     34.538 |   1.0439 |     36.661 |     1.6
   28 |   0.9724 |     34.206 |   1.0441 |     36.264 |     1.7
   29 |   0.9591 |     33.551 |   1.0403 |     35.379 |     1.8
   30 |   0.9491 |     33.377 |   1.0184 |     35.562 |     1.8
   31 |   0.9302 |     32.510 |   1.0250 |     34.646 |     1.9
   32 |   0.9213 |     32.314 |   1.0049 |     34.341 |     1.9
   33 |   0.9082 |     31.867 |   1.0166 |     35.165 |     2.0
   34 |   0.8982 |     31.316 |   1.0026 |     34.951 |     2.1
   35 |   0.8831 |     30.765 |   1.0030 |     34.799 |     2.1
   36 |   0.8739 |     30.220 |   0.9932 |     34.463 |     2.2
   37 |   0.8549 |     29.828 |   0.9805 |     33.730 |     2.2
   38 |   0.8424 |     29.299 |   0.9762 |     33.944 |     2.3
   39 |   0.8275 |     28.901 |   0.9678 |     33.700 |     2.4
   40 |   0.8172 |     28.268 |   0.9570 |     33.700 |     2.4
   41 |   0.8021 |     27.669 |   0.9672 |     33.059 |     2.5
   42 |   0.7912 |     27.369 |   0.9675 |     33.394 |     2.5
   43 |   0.7770 |     26.900 |   0.9389 |     32.112 |     2.6
   44 |   0.7606 |     26.262 |   0.9350 |     32.234 |     2.7
   45 |   0.7482 |     25.586 |   0.9300 |     31.746 |     2.7
   46 |   0.7332 |     25.303 |   0.9470 |     31.929 |     2.8
   47 |   0.7292 |     24.910 |   0.9557 |     31.563 |     2.8
   48 |   0.7188 |     24.921 |   0.9445 |     31.502 |     2.9
   49 |   0.7004 |     24.054 |   0.9259 |     30.586 |     3.0
   50 |   0.6819 |     23.411 |   0.9367 |     30.617 |     3.0
   51 |   0.6780 |     23.302 |   0.9238 |     30.952 |     3.1
   52 |   0.6634 |     22.647 |   0.9396 |     31.044 |     3.1
   53 |   0.6503 |     22.528 |   0.9239 |     30.586 |     3.2
   54 |   0.6386 |     21.922 |   0.9482 |     30.128 |     3.3
   55 |   0.6271 |     21.214 |   0.9347 |     29.670 |     3.3
Early stopping

Model: Seq2Seq Bi-LSTM
Source index: <Seq2Seq Index with 43 items>
Target index: <Seq2Seq Index with 34 items>
Encoder embedding dimension: 128
Decoder embedding dimension: 64
Encoder hidden units: 64
Encoder layers: 2
Decoder hidden units: 128
Decoder layers: 2
Dropout: 0.1
Trainable parameters: 507,682

Training started
X_train.shape: torch.Size([3057, 702])
Y_train.shape: torch.Size([3057, 7])
X_dev.shape: torch.Size([546, 337])
Y_dev.shape: torch.Size([546, 7])
Epochs: 500
Learning rate: 0.001
Weight decay: 1e-05
Epoch | Train                 | Development           | Minutes
      | Loss     | Error Rate | Loss     | Error Rate |
---------------------------------------------------------------
    1 |   2.0902 |     57.638 |   1.5307 |     46.581 |     0.0
    2 |   1.4195 |     45.998 |   1.3875 |     46.520 |     0.0
    3 |   1.3415 |     45.633 |   1.3336 |     45.665 |     0.1
    4 |   1.2985 |     44.695 |   1.3091 |     45.360 |     0.1
    5 |   1.2710 |     44.248 |   1.2716 |     43.712 |     0.1
    6 |   1.2413 |     43.365 |   1.2461 |     43.498 |     0.1
    7 |   1.2123 |     42.782 |   1.2176 |     42.918 |     0.1
    8 |   1.1834 |     42.335 |   1.1995 |     43.010 |     0.2
    9 |   1.1531 |     41.250 |   1.1626 |     41.117 |     0.2
   10 |   1.1195 |     39.407 |   1.1521 |     41.117 |     0.2
   11 |   1.0825 |     38.044 |   1.1114 |     38.828 |     0.2
   12 |   1.0432 |     36.207 |   1.0878 |     37.515 |     0.2
   13 |   0.9983 |     34.227 |   1.0531 |     36.020 |     0.3
   14 |   0.9597 |     32.597 |   1.0419 |     35.592 |     0.3
   15 |   0.9140 |     30.989 |   1.0094 |     34.615 |     0.3
   16 |   0.8704 |     29.337 |   0.9903 |     34.096 |     0.3
   17 |   0.8306 |     27.881 |   0.9912 |     32.509 |     0.3
   18 |   0.7929 |     26.595 |   0.9676 |     32.509 |     0.4
   19 |   0.7591 |     25.335 |   0.9506 |     31.197 |     0.4
   20 |   0.7233 |     24.207 |   0.9467 |     31.197 |     0.4
   21 |   0.6882 |     22.740 |   0.9585 |     30.220 |     0.4
   22 |   0.6562 |     21.759 |   0.9378 |     29.457 |     0.4
   23 |   0.6271 |     20.750 |   0.9183 |     29.457 |     0.5
   24 |   0.6047 |     19.960 |   0.9222 |     28.938 |     0.5
   25 |   0.5749 |     18.864 |   0.9444 |     29.487 |     0.5
   26 |   0.5510 |     18.062 |   0.9304 |     28.388 |     0.5
   27 |   0.5330 |     17.463 |   0.9209 |     28.022 |     0.5
Early stopping

Model: Seq2Seq Bi-LSTM
Source index: <Seq2Seq Index with 43 items>
Target index: <Seq2Seq Index with 34 items>
Encoder embedding dimension: 128
Decoder embedding dimension: 128
Encoder hidden units: 64
Encoder layers: 4
Decoder hidden units: 64
Decoder layers: 3
Dropout: 0.2
Trainable parameters: 591,138

Training started
X_train.shape: torch.Size([3057, 702])
Y_train.shape: torch.Size([3057, 7])
X_dev.shape: torch.Size([546, 337])
Y_dev.shape: torch.Size([546, 7])
Epochs: 500
Learning rate: 0.001
Weight decay: 1e-05
Epoch | Train                 | Development           | Minutes
      | Loss     | Error Rate | Loss     | Error Rate |
---------------------------------------------------------------
    1 |   2.5597 |     68.618 |   2.0381 |     59.280 |     0.0
    2 |   1.7958 |     51.107 |   1.6219 |     49.420 |     0.1
    3 |   1.5176 |     46.794 |   1.4821 |     47.070 |     0.1
    4 |   1.4348 |     46.249 |   1.4383 |     47.070 |     0.1
    5 |   1.3999 |     46.053 |   1.4139 |     46.459 |     0.2
    6 |   1.3830 |     45.638 |   1.3953 |     46.459 |     0.2
    7 |   1.3694 |     45.660 |   1.3783 |     46.520 |     0.3
    8 |   1.3493 |     45.431 |   1.3538 |     45.971 |     0.3
    9 |   1.3269 |     45.284 |   1.3291 |     46.215 |     0.3
   10 |   1.3050 |     44.913 |   1.3092 |     45.818 |     0.4
   11 |   1.2836 |     44.608 |   1.2904 |     45.024 |     0.4
   12 |   1.2647 |     44.194 |   1.2715 |     44.933 |     0.4
   13 |   1.2455 |     43.970 |   1.2534 |     44.536 |     0.5
   14 |   1.2258 |     43.441 |   1.2323 |     43.223 |     0.5
   15 |   1.2088 |     42.776 |   1.2178 |     42.766 |     0.5
   16 |   1.1934 |     42.253 |   1.2096 |     42.674 |     0.6
   17 |   1.1821 |     41.424 |   1.1932 |     42.338 |     0.6
   18 |   1.1625 |     41.146 |   1.1819 |     42.063 |     0.6
   19 |   1.1439 |     40.405 |   1.1712 |     41.026 |     0.7
   20 |   1.1272 |     39.821 |   1.1537 |     40.934 |     0.7
   21 |   1.1141 |     39.461 |   1.1522 |     39.927 |     0.8
   22 |   1.0986 |     38.682 |   1.1315 |     39.469 |     0.8
   23 |   1.0847 |     38.344 |   1.1224 |     39.713 |     0.8
   24 |   1.0715 |     37.837 |   1.1176 |     39.438 |     0.9
   25 |   1.0579 |     37.482 |   1.1105 |     38.431 |     0.9
   26 |   1.0405 |     36.675 |   1.1001 |     38.217 |     0.9
   27 |   1.0270 |     36.272 |   1.0978 |     38.400 |     1.0
   28 |   1.0238 |     35.950 |   1.0966 |     38.248 |     1.0
   29 |   1.0073 |     35.427 |   1.0842 |     37.973 |     1.0
   30 |   0.9894 |     34.549 |   1.0753 |     38.462 |     1.1
   31 |   0.9751 |     33.939 |   1.0705 |     37.271 |     1.1
   32 |   0.9614 |     33.486 |   1.0651 |     36.996 |     1.1
   33 |   0.9492 |     32.832 |   1.0660 |     37.393 |     1.2
   34 |   0.9315 |     32.063 |   1.0549 |     35.928 |     1.2
   35 |   0.9214 |     31.512 |   1.0387 |     35.226 |     1.3
   36 |   0.9088 |     31.278 |   1.0334 |     34.982 |     1.3
   37 |   0.8930 |     30.318 |   1.0441 |     34.982 |     1.3
   38 |   0.8751 |     29.839 |   1.0340 |     34.127 |     1.4
   39 |   0.8634 |     29.233 |   1.0442 |     34.463 |     1.4
   40 |   0.8472 |     28.672 |   1.0286 |     33.852 |     1.4
   41 |   0.8378 |     28.383 |   1.0444 |     34.005 |     1.5
   42 |   0.8202 |     27.527 |   1.0197 |     33.272 |     1.5
   43 |   0.8090 |     26.796 |   1.0189 |     33.059 |     1.5
   44 |   0.7968 |     26.856 |   1.0349 |     33.669 |     1.6
   45 |   0.7813 |     25.930 |   1.0367 |     33.272 |     1.6
   46 |   0.7667 |     25.335 |   1.0345 |     32.631 |     1.6
   47 |   0.7484 |     24.768 |   1.0317 |     32.753 |     1.7
Early stopping

Model: Seq2Seq Bi-LSTM
Source index: <Seq2Seq Index with 43 items>
Target index: <Seq2Seq Index with 34 items>
Encoder embedding dimension: 128
Decoder embedding dimension: 64
Encoder hidden units: 128
Encoder layers: 2
Decoder hidden units: 64
Decoder layers: 3
Dropout: 0.1
Trainable parameters: 834,722

Training started
X_train.shape: torch.Size([3057, 702])
Y_train.shape: torch.Size([3057, 7])
X_dev.shape: torch.Size([546, 337])
Y_dev.shape: torch.Size([546, 7])
Epochs: 500
Learning rate: 0.001
Weight decay: 0.0001
Epoch | Train                 | Development           | Minutes
      | Loss     | Error Rate | Loss     | Error Rate |
---------------------------------------------------------------
    1 |   2.4553 |     64.033 |   1.9468 |     54.090 |     0.0
    2 |   1.7183 |     48.970 |   1.5701 |     47.070 |     0.1
    3 |   1.4818 |     46.222 |   1.4624 |     46.825 |     0.1
    4 |   1.4185 |     46.276 |   1.4204 |     47.131 |     0.2
    5 |   1.3887 |     46.260 |   1.3973 |     46.825 |     0.2
    6 |   1.3696 |     46.069 |   1.3798 |     46.368 |     0.3
    7 |   1.3519 |     46.189 |   1.3583 |     46.245 |     0.3
    8 |   1.3326 |     45.998 |   1.3398 |     45.971 |     0.3
    9 |   1.3162 |     45.807 |   1.3286 |     46.337 |     0.4
   10 |   1.3021 |     45.464 |   1.3111 |     45.208 |     0.4
   11 |   1.2870 |     44.848 |   1.3059 |     45.238 |     0.5
   12 |   1.2783 |     44.630 |   1.2892 |     45.238 |     0.5
   13 |   1.2650 |     44.063 |   1.2797 |     44.444 |     0.5
   14 |   1.2553 |     43.768 |   1.2687 |     44.170 |     0.6
   15 |   1.2467 |     43.360 |   1.2620 |     44.200 |     0.6
   16 |   1.2378 |     43.141 |   1.2502 |     43.407 |     0.7
   17 |   1.2297 |     42.918 |   1.2468 |     44.078 |     0.7
   18 |   1.2229 |     42.907 |   1.2356 |     43.346 |     0.7
   19 |   1.2176 |     42.733 |   1.2334 |     43.681 |     0.8
   20 |   1.2121 |     42.662 |   1.2255 |     42.613 |     0.8
   21 |   1.2067 |     42.700 |   1.2172 |     42.705 |     0.9
   22 |   1.1990 |     42.253 |   1.2074 |     42.399 |     0.9
   23 |   1.1895 |     42.138 |   1.2026 |     42.735 |     0.9
   24 |   1.1877 |     42.116 |   1.1977 |     42.338 |     1.0
   25 |   1.1766 |     41.724 |   1.1930 |     42.491 |     1.0
   26 |   1.1682 |     41.997 |   1.1898 |     42.033 |     1.1
   27 |   1.1632 |     41.642 |   1.1848 |     42.216 |     1.1
   28 |   1.1568 |     41.468 |   1.1781 |     41.789 |     1.1
   29 |   1.1512 |     41.108 |   1.1690 |     41.941 |     1.2
   30 |   1.1423 |     40.846 |   1.1721 |     41.575 |     1.2
   31 |   1.1371 |     41.037 |   1.1645 |     42.155 |     1.3
   32 |   1.1325 |     40.508 |   1.1620 |     41.758 |     1.3
   33 |   1.1283 |     40.557 |   1.1558 |     41.606 |     1.3
   34 |   1.1213 |     40.465 |   1.1568 |     41.117 |     1.4
   35 |   1.1167 |     40.170 |   1.1531 |     41.392 |     1.4
   36 |   1.1108 |     39.854 |   1.1522 |     41.331 |     1.5
   37 |   1.1076 |     39.881 |   1.1405 |     41.209 |     1.5
   38 |   1.1006 |     39.636 |   1.1471 |     41.056 |     1.5
   39 |   1.0983 |     39.701 |   1.1346 |     40.995 |     1.6
   40 |   1.0914 |     39.374 |   1.1303 |     40.781 |     1.6
   41 |   1.0861 |     38.987 |   1.1402 |     40.904 |     1.7
   42 |   1.0777 |     38.834 |   1.1270 |     40.781 |     1.7
   43 |   1.0717 |     38.589 |   1.1163 |     40.140 |     1.7
   44 |   1.0646 |     38.164 |   1.1112 |     39.713 |     1.8
   45 |   1.0604 |     38.093 |   1.1069 |     39.225 |     1.8
   46 |   1.0526 |     37.739 |   1.1168 |     39.683 |     1.9
   47 |   1.0475 |     37.575 |   1.1036 |     40.110 |     1.9
   48 |   1.0423 |     36.986 |   1.1029 |     39.560 |     1.9
   49 |   1.0347 |     36.997 |   1.0909 |     38.675 |     2.0
   50 |   1.0316 |     37.188 |   1.0961 |     38.736 |     2.0
   51 |   1.0242 |     36.648 |   1.0945 |     39.286 |     2.1
   52 |   1.0173 |     36.430 |   1.0890 |     39.591 |     2.1
   53 |   1.0106 |     35.994 |   1.0823 |     38.523 |     2.2
   54 |   1.0080 |     35.934 |   1.0738 |     38.614 |     2.2
   55 |   1.0009 |     35.449 |   1.0727 |     37.882 |     2.2
   56 |   0.9945 |     35.269 |   1.0837 |     38.492 |     2.3
   57 |   0.9926 |     35.476 |   1.0655 |     37.759 |     2.3
   58 |   0.9782 |     34.811 |   1.0609 |     37.607 |     2.4
   59 |   0.9888 |     34.849 |   1.0591 |     37.668 |     2.4
   60 |   0.9703 |     34.353 |   1.0547 |     37.668 |     2.4
   61 |   0.9655 |     34.097 |   1.0560 |     37.271 |     2.5
   62 |   0.9588 |     33.671 |   1.0462 |     37.057 |     2.5
   63 |   0.9495 |     33.426 |   1.0539 |     36.722 |     2.6
   64 |   0.9418 |     33.077 |   1.0464 |     37.515 |     2.6
   65 |   0.9417 |     33.241 |   1.0403 |     36.050 |     2.6
   66 |   0.9295 |     32.734 |   1.0419 |     36.264 |     2.7
   67 |   0.9237 |     32.586 |   1.0309 |     35.897 |     2.7
   68 |   0.9204 |     32.172 |   1.0331 |     36.477 |     2.8
   69 |   0.9097 |     31.878 |   1.0343 |     36.111 |     2.8
   70 |   0.9036 |     31.632 |   1.0328 |     36.325 |     2.8
   71 |   0.8972 |     31.638 |   1.0234 |     35.073 |     2.9
   72 |   0.8862 |     30.640 |   1.0188 |     35.226 |     2.9
   73 |   0.8805 |     30.722 |   1.0124 |     34.982 |     3.0
   74 |   0.8671 |     30.188 |   1.0094 |     34.799 |     3.0
   75 |   0.8636 |     29.800 |   1.0097 |     35.012 |     3.0
   76 |   0.8559 |     29.691 |   1.0042 |     35.134 |     3.1
   77 |   0.8476 |     29.119 |   1.0142 |     34.158 |     3.1
   78 |   0.8403 |     29.163 |   1.0070 |     34.249 |     3.2
   79 |   0.8375 |     28.912 |   1.0018 |     33.852 |     3.2
   80 |   0.8224 |     28.127 |   1.0097 |     34.493 |     3.2
   81 |   0.8184 |     28.089 |   0.9959 |     34.707 |     3.3
   82 |   0.8134 |     27.805 |   1.0049 |     33.944 |     3.3
   83 |   0.8047 |     27.522 |   1.0047 |     33.791 |     3.4
   84 |   0.7971 |     27.336 |   0.9834 |     33.486 |     3.4
   85 |   0.7886 |     27.140 |   0.9881 |     33.059 |     3.4
   86 |   0.7782 |     26.742 |   0.9882 |     32.692 |     3.5
   87 |   0.7706 |     26.513 |   0.9847 |     33.120 |     3.5
   88 |   0.7638 |     25.750 |   0.9814 |     32.295 |     3.6
   89 |   0.7610 |     26.126 |   0.9903 |     32.540 |     3.6
   90 |   0.7473 |     25.439 |   0.9863 |     32.357 |     3.6
   91 |   0.7407 |     25.439 |   0.9658 |     32.570 |     3.7
   92 |   0.7341 |     25.226 |   0.9841 |     32.540 |     3.7
   93 |   0.7227 |     24.425 |   0.9659 |     31.258 |     3.8
   94 |   0.7137 |     24.092 |   0.9823 |     32.021 |     3.8
   95 |   0.7053 |     23.798 |   0.9955 |     31.838 |     3.9
Early stopping

Model: Seq2Seq Bi-LSTM
Source index: <Seq2Seq Index with 43 items>
Target index: <Seq2Seq Index with 34 items>
Encoder embedding dimension: 32
Decoder embedding dimension: 64
Encoder hidden units: 128
Encoder layers: 4
Decoder hidden units: 64
Decoder layers: 2
Dropout: 0.1
Trainable parameters: 1,555,074

Training started
X_train.shape: torch.Size([3057, 702])
Y_train.shape: torch.Size([3057, 7])
X_dev.shape: torch.Size([546, 337])
Y_dev.shape: torch.Size([546, 7])
Epochs: 500
Learning rate: 0.001
Weight decay: 0.0001
Epoch | Train                 | Development           | Minutes
      | Loss     | Error Rate | Loss     | Error Rate |
---------------------------------------------------------------
    1 |   2.4662 |     65.266 |   1.9280 |     49.786 |     0.1
    2 |   1.6661 |     48.441 |   1.5297 |     47.100 |     0.2
    3 |   1.4570 |     46.178 |   1.4433 |     47.070 |     0.2
    4 |   1.3989 |     46.222 |   1.4026 |     46.551 |     0.3
    5 |   1.3649 |     45.906 |   1.3635 |     46.581 |     0.4
    6 |   1.3340 |     45.857 |   1.3386 |     46.398 |     0.5
    7 |   1.3130 |     45.895 |   1.3167 |     46.429 |     0.6
    8 |   1.2974 |     45.513 |   1.3057 |     46.337 |     0.6
    9 |   1.2821 |     45.088 |   1.2865 |     45.024 |     0.7
   10 |   1.2660 |     44.564 |   1.2738 |     45.147 |     0.8
   11 |   1.2501 |     44.063 |   1.2640 |     44.567 |     0.9
   12 |   1.2356 |     43.518 |   1.2461 |     44.017 |     1.0
   13 |   1.2215 |     43.114 |   1.2372 |     43.681 |     1.0
   14 |   1.2101 |     42.722 |   1.2268 |     43.468 |     1.1
   15 |   1.1987 |     42.656 |   1.2086 |     43.284 |     1.2
   16 |   1.1891 |     42.329 |   1.2049 |     43.590 |     1.3
   17 |   1.1792 |     41.986 |   1.1994 |     42.674 |     1.4
   18 |   1.1703 |     41.713 |   1.1919 |     42.979 |     1.4
   19 |   1.1613 |     41.380 |   1.1706 |     41.209 |     1.5
   20 |   1.1500 |     41.048 |   1.1663 |     41.209 |     1.6
   21 |   1.1387 |     40.345 |   1.1545 |     40.568 |     1.7
   22 |   1.1294 |     40.176 |   1.1439 |     40.629 |     1.7
   23 |   1.1177 |     39.799 |   1.1344 |     40.079 |     1.8
   24 |   1.1097 |     39.527 |   1.1311 |     40.079 |     1.9
   25 |   1.0970 |     38.845 |   1.1222 |     40.232 |     2.0
   26 |   1.0849 |     37.989 |   1.1136 |     39.499 |     2.1
   27 |   1.0756 |     37.766 |   1.1027 |     38.614 |     2.1
   28 |   1.0662 |     37.270 |   1.1077 |     39.225 |     2.2
   29 |   1.0584 |     36.795 |   1.0903 |     38.797 |     2.3
   30 |   1.0429 |     36.076 |   1.0833 |     37.912 |     2.4
   31 |   1.0358 |     36.016 |   1.0794 |     38.370 |     2.5
   32 |   1.0242 |     35.574 |   1.0634 |     38.065 |     2.5
   33 |   1.0140 |     35.220 |   1.0615 |     37.027 |     2.6
   34 |   1.0049 |     34.718 |   1.0614 |     37.821 |     2.7
   35 |   0.9985 |     34.456 |   1.0564 |     37.149 |     2.8
   36 |   0.9856 |     34.064 |   1.0540 |     37.057 |     2.9
   37 |   0.9781 |     33.573 |   1.0403 |     35.775 |     2.9
   38 |   0.9682 |     33.371 |   1.0599 |     36.416 |     3.0
   39 |   0.9595 |     32.897 |   1.0349 |     35.531 |     3.1
   40 |   0.9456 |     32.232 |   1.0266 |     35.775 |     3.2
   41 |   0.9456 |     32.445 |   1.0294 |     35.867 |     3.3
   42 |   0.9336 |     31.703 |   1.0140 |     34.371 |     3.3
   43 |   0.9196 |     31.158 |   0.9998 |     34.219 |     3.4
   44 |   0.9102 |     30.793 |   1.0041 |     34.127 |     3.5
   45 |   0.9002 |     30.613 |   1.0017 |     34.768 |     3.6
   46 |   0.8889 |     30.084 |   0.9992 |     33.425 |     3.7
   47 |   0.8827 |     29.642 |   0.9951 |     33.730 |     3.7
   48 |   0.8738 |     29.446 |   0.9904 |     33.761 |     3.8
   49 |   0.8646 |     29.315 |   0.9933 |     33.242 |     3.9
   50 |   0.8533 |     29.004 |   0.9735 |     32.662 |     4.0
   51 |   0.8529 |     28.912 |   0.9746 |     33.150 |     4.1
   52 |   0.8375 |     28.241 |   0.9668 |     32.051 |     4.1
   53 |   0.8264 |     27.990 |   0.9748 |     32.723 |     4.2
   54 |   0.8174 |     27.582 |   0.9644 |     32.906 |     4.3
   55 |   0.8067 |     27.336 |   0.9570 |     32.051 |     4.4
   56 |   0.7982 |     27.320 |   0.9641 |     31.471 |     4.5
   57 |   0.7938 |     27.189 |   0.9558 |     32.021 |     4.5
   58 |   0.7824 |     26.638 |   0.9606 |     31.746 |     4.6
   59 |   0.7714 |     26.109 |   0.9481 |     30.983 |     4.7
   60 |   0.7630 |     25.908 |   0.9664 |     31.624 |     4.8
   61 |   0.7542 |     25.395 |   0.9577 |     31.532 |     4.9
   62 |   0.7428 |     25.085 |   0.9758 |     31.868 |     4.9
   63 |   0.7329 |     24.697 |   0.9573 |     30.830 |     5.0
Early stopping

Model: Seq2Seq Bi-LSTM
Source index: <Seq2Seq Index with 43 items>
Target index: <Seq2Seq Index with 34 items>
Encoder embedding dimension: 32
Decoder embedding dimension: 64
Encoder hidden units: 128
Encoder layers: 3
Decoder hidden units: 128
Decoder layers: 2
Dropout: 0.2
Trainable parameters: 1,392,386

Training started
X_train.shape: torch.Size([3057, 702])
Y_train.shape: torch.Size([3057, 7])
X_dev.shape: torch.Size([546, 337])
Y_dev.shape: torch.Size([546, 7])
Epochs: 500
Learning rate: 0.001
Weight decay: 0.0001
Epoch | Train                 | Development           | Minutes
      | Loss     | Error Rate | Loss     | Error Rate |
---------------------------------------------------------------
    1 |   2.1522 |     58.352 |   1.6143 |     47.070 |     0.1
    2 |   1.4705 |     46.156 |   1.4292 |     46.642 |     0.1
    3 |   1.3762 |     45.911 |   1.3722 |     46.490 |     0.2
    4 |   1.3321 |     45.431 |   1.3404 |     45.543 |     0.2
    5 |   1.3012 |     44.553 |   1.3042 |     45.696 |     0.3
    6 |   1.2767 |     44.308 |   1.2821 |     46.612 |     0.4
    7 |   1.2505 |     43.927 |   1.2605 |     44.017 |     0.4
    8 |   1.2264 |     43.125 |   1.2324 |     43.193 |     0.5
    9 |   1.2031 |     42.509 |   1.2106 |     42.521 |     0.5
   10 |   1.1825 |     42.149 |   1.1903 |     41.667 |     0.6
   11 |   1.1670 |     41.468 |   1.1832 |     42.674 |     0.7
   12 |   1.1493 |     41.004 |   1.1753 |     41.514 |     0.7
   13 |   1.1308 |     40.285 |   1.1486 |     40.476 |     0.8
   14 |   1.1249 |     40.486 |   1.1458 |     40.842 |     0.8
   15 |   1.1081 |     39.745 |   1.1339 |     40.659 |     0.9
   16 |   1.0920 |     39.211 |   1.1216 |     39.683 |     1.0
   17 |   1.0824 |     38.949 |   1.1126 |     38.919 |     1.0
   18 |   1.0743 |     38.431 |   1.1005 |     38.767 |     1.1
   19 |   1.0652 |     38.017 |   1.0913 |     38.706 |     1.1
   20 |   1.0520 |     37.597 |   1.0849 |     38.278 |     1.2
   21 |   1.0466 |     37.166 |   1.0788 |     38.584 |     1.3
   22 |   1.0327 |     36.779 |   1.0732 |     38.339 |     1.3
   23 |   1.0233 |     36.648 |   1.0562 |     37.149 |     1.4
   24 |   1.0143 |     35.901 |   1.0549 |     37.515 |     1.4
   25 |   1.0025 |     35.607 |   1.0560 |     37.973 |     1.5
   26 |   0.9922 |     35.122 |   1.0387 |     36.752 |     1.6
   27 |   0.9786 |     34.773 |   1.0288 |     36.691 |     1.6
   28 |   0.9718 |     34.620 |   1.0199 |     36.691 |     1.7
   29 |   0.9578 |     34.080 |   1.0136 |     36.081 |     1.7
   30 |   0.9408 |     33.132 |   1.0038 |     35.653 |     1.8
   31 |   0.9313 |     32.870 |   1.0040 |     35.989 |     1.9
   32 |   0.9209 |     32.559 |   1.0001 |     35.592 |     1.9
   33 |   0.9077 |     32.139 |   0.9836 |     34.096 |     2.0
   34 |   0.8944 |     31.272 |   0.9785 |     34.707 |     2.0
   35 |   0.8828 |     30.771 |   0.9920 |     35.073 |     2.1
   36 |   0.8748 |     30.602 |   0.9857 |     34.035 |     2.2
   37 |   0.8591 |     29.997 |   0.9617 |     33.883 |     2.2
   38 |   0.8513 |     29.577 |   0.9609 |     32.906 |     2.3
   39 |   0.8362 |     29.015 |   0.9593 |     32.601 |     2.3
   40 |   0.8240 |     28.792 |   0.9495 |     32.448 |     2.4
   41 |   0.8096 |     28.067 |   0.9364 |     32.234 |     2.5
   42 |   0.8082 |     28.012 |   0.9346 |     31.929 |     2.5
   43 |   0.7853 |     26.676 |   0.9271 |     31.685 |     2.6
   44 |   0.7728 |     26.704 |   0.9324 |     31.532 |     2.6
   45 |   0.7644 |     26.480 |   0.9247 |     30.891 |     2.7
   46 |   0.7475 |     25.908 |   0.9290 |     31.624 |     2.8
   47 |   0.7300 |     25.210 |   0.9209 |     30.891 |     2.8
   48 |   0.7264 |     24.708 |   0.9348 |     30.647 |     2.9
   49 |   0.7126 |     24.130 |   0.9190 |     30.159 |     2.9
   50 |   0.6951 |     23.912 |   0.9098 |     29.579 |     3.0
   51 |   0.6829 |     23.498 |   0.9133 |     30.067 |     3.0
   52 |   0.6618 |     22.457 |   0.9153 |     30.403 |     3.1
   53 |   0.6509 |     22.080 |   0.9392 |     30.006 |     3.2
   54 |   0.6349 |     21.775 |   0.9143 |     30.159 |     3.2
Early stopping

Model: Seq2Seq Bi-LSTM
Source index: <Seq2Seq Index with 43 items>
Target index: <Seq2Seq Index with 34 items>
Encoder embedding dimension: 64
Decoder embedding dimension: 128
Encoder hidden units: 128
Encoder layers: 2
Decoder hidden units: 128
Decoder layers: 2
Dropout: 0.1
Trainable parameters: 1,000,674

Training started
X_train.shape: torch.Size([3057, 702])
Y_train.shape: torch.Size([3057, 7])
X_dev.shape: torch.Size([546, 337])
Y_dev.shape: torch.Size([546, 7])
Epochs: 500
Learning rate: 0.001
Weight decay: 0.0001
Epoch | Train                 | Development           | Minutes
      | Loss     | Error Rate | Loss     | Error Rate |
---------------------------------------------------------------
    1 |   2.0587 |     55.539 |   1.5303 |     46.642 |     0.0
    2 |   1.4122 |     45.944 |   1.3739 |     46.154 |     0.1
    3 |   1.3305 |     45.388 |   1.3358 |     46.734 |     0.1
    4 |   1.2990 |     44.973 |   1.3009 |     44.719 |     0.2
    5 |   1.2652 |     44.019 |   1.2682 |     44.414 |     0.2
    6 |   1.2350 |     43.272 |   1.2451 |     43.193 |     0.2
    7 |   1.2100 |     42.683 |   1.2208 |     42.796 |     0.3
    8 |   1.1841 |     42.264 |   1.1980 |     42.643 |     0.3
    9 |   1.1634 |     41.517 |   1.1875 |     43.132 |     0.4
   10 |   1.1389 |     40.541 |   1.1622 |     41.239 |     0.4
   11 |   1.1189 |     39.750 |   1.1375 |     40.873 |     0.4
   12 |   1.0943 |     38.949 |   1.1335 |     39.652 |     0.5
   13 |   1.0768 |     38.158 |   1.1197 |     40.476 |     0.5
   14 |   1.0604 |     37.662 |   1.0789 |     38.187 |     0.6
   15 |   1.0345 |     36.277 |   1.0792 |     38.034 |     0.6
   16 |   1.0165 |     35.498 |   1.0800 |     37.821 |     0.6
   17 |   0.9932 |     34.527 |   1.0441 |     36.966 |     0.7
   18 |   0.9702 |     33.753 |   1.0303 |     36.752 |     0.7
   19 |   0.9484 |     32.745 |   1.0170 |     36.447 |     0.8
   20 |   0.9271 |     32.183 |   1.0092 |     35.745 |     0.8
   21 |   0.9136 |     31.605 |   0.9844 |     34.432 |     0.8
   22 |   0.8840 |     30.477 |   0.9748 |     32.845 |     0.9
   23 |   0.8619 |     29.621 |   0.9672 |     33.028 |     0.9
   24 |   0.8420 |     28.939 |   0.9716 |     32.631 |     1.0
   25 |   0.8252 |     28.459 |   0.9586 |     32.845 |     1.0
   26 |   0.8086 |     27.860 |   0.9453 |     31.654 |     1.0
   27 |   0.7909 |     27.031 |   0.9502 |     31.716 |     1.1
   28 |   0.7648 |     25.788 |   0.9339 |     31.074 |     1.1
   29 |   0.7496 |     25.275 |   0.9412 |     30.586 |     1.2
   30 |   0.7292 |     24.616 |   0.9222 |     30.311 |     1.2
   31 |   0.7076 |     24.021 |   0.9085 |     29.304 |     1.2
   32 |   0.6822 |     22.975 |   0.9153 |     29.762 |     1.3
   33 |   0.6615 |     22.119 |   0.8934 |     29.029 |     1.3
   34 |   0.6520 |     21.873 |   0.9034 |     29.792 |     1.4
   35 |   0.6225 |     20.854 |   0.9095 |     29.243 |     1.4
   36 |   0.6034 |     20.183 |   0.9075 |     28.663 |     1.4
   37 |   0.5802 |     19.104 |   0.8938 |     28.388 |     1.5
Early stopping

Model: Seq2Seq Bi-LSTM
Source index: <Seq2Seq Index with 43 items>
Target index: <Seq2Seq Index with 34 items>
Encoder embedding dimension: 64
Decoder embedding dimension: 64
Encoder hidden units: 128
Encoder layers: 3
Decoder hidden units: 128
Decoder layers: 3
Dropout: 0.0
Trainable parameters: 1,558,626

Training started
X_train.shape: torch.Size([3057, 702])
Y_train.shape: torch.Size([3057, 7])
X_dev.shape: torch.Size([546, 337])
Y_dev.shape: torch.Size([546, 7])
Epochs: 500
Learning rate: 0.001
Weight decay: 0.0001
Epoch | Train                 | Development           | Minutes
      | Loss     | Error Rate | Loss     | Error Rate |
---------------------------------------------------------------
    1 |   2.2027 |     60.386 |   1.6137 |     47.100 |     0.1
    2 |   1.4751 |     46.233 |   1.4475 |     47.070 |     0.1
    3 |   1.4097 |     46.156 |   1.4150 |     46.825 |     0.2
    4 |   1.3808 |     45.889 |   1.3997 |     46.490 |     0.2
    5 |   1.3505 |     46.107 |   1.3532 |     46.215 |     0.3
    6 |   1.3100 |     45.306 |   1.3072 |     45.085 |     0.3
    7 |   1.2803 |     44.886 |   1.2940 |     45.177 |     0.4
    8 |   1.2590 |     44.630 |   1.2684 |     45.299 |     0.4
    9 |   1.2404 |     44.384 |   1.2521 |     44.414 |     0.5
   10 |   1.2264 |     43.997 |   1.2409 |     44.109 |     0.6
   11 |   1.2159 |     43.463 |   1.2318 |     43.895 |     0.6
   12 |   1.2043 |     42.798 |   1.2171 |     43.956 |     0.7
   13 |   1.1970 |     42.825 |   1.2225 |     43.468 |     0.7
   14 |   1.1875 |     42.454 |   1.2098 |     43.040 |     0.8
   15 |   1.1767 |     42.269 |   1.2000 |     43.590 |     0.8
   16 |   1.1679 |     42.209 |   1.1924 |     42.705 |     0.9
   17 |   1.1568 |     41.740 |   1.1829 |     42.430 |     1.0
   18 |   1.1484 |     41.288 |   1.1690 |     42.033 |     1.0
   19 |   1.1396 |     41.304 |   1.1815 |     42.735 |     1.1
   20 |   1.1316 |     40.939 |   1.1630 |     42.247 |     1.1
   21 |   1.1151 |     40.197 |   1.1496 |     41.270 |     1.2
   22 |   1.1049 |     40.017 |   1.1294 |     40.842 |     1.2
   23 |   1.0883 |     39.271 |   1.1372 |     39.957 |     1.3
   24 |   1.0806 |     38.992 |   1.1120 |     39.408 |     1.3
   25 |   1.0635 |     38.365 |   1.1049 |     39.011 |     1.4
   26 |   1.0517 |     37.989 |   1.0853 |     38.797 |     1.5
   27 |   1.0383 |     37.253 |   1.0886 |     39.652 |     1.5
   28 |   1.0259 |     36.746 |   1.0752 |     38.156 |     1.6
   29 |   1.0200 |     36.381 |   1.0693 |     38.523 |     1.6
   30 |   1.0030 |     35.983 |   1.0515 |     37.027 |     1.7
   31 |   0.9935 |     35.520 |   1.0620 |     38.370 |     1.7
   32 |   0.9793 |     34.691 |   1.0412 |     36.691 |     1.8
   33 |   0.9672 |     34.467 |   1.0264 |     36.081 |     1.8
   34 |   0.9618 |     33.939 |   1.0322 |     36.905 |     1.9
   35 |   0.9510 |     33.693 |   1.0224 |     35.958 |     2.0
   36 |   0.9379 |     33.039 |   1.0194 |     36.111 |     2.0
   37 |   0.9305 |     32.924 |   1.0229 |     35.623 |     2.1
   38 |   0.9173 |     32.505 |   1.0094 |     35.867 |     2.1
   39 |   0.9056 |     32.101 |   1.0067 |     33.883 |     2.2
   40 |   0.8914 |     31.322 |   1.0030 |     35.256 |     2.2
   41 |   0.8825 |     30.956 |   0.9895 |     34.219 |     2.3
   42 |   0.8711 |     30.656 |   0.9798 |     33.852 |     2.4
   43 |   0.8616 |     30.171 |   0.9757 |     33.791 |     2.4
   44 |   0.8508 |     29.855 |   0.9793 |     33.883 |     2.5
   45 |   0.8391 |     29.293 |   0.9749 |     33.486 |     2.5
   46 |   0.8296 |     28.835 |   0.9751 |     33.455 |     2.6
   47 |   0.8185 |     28.268 |   0.9929 |     33.730 |     2.6
   48 |   0.8120 |     28.116 |   0.9702 |     33.730 |     2.7
   49 |   0.8006 |     27.685 |   0.9479 |     32.234 |     2.7
   50 |   0.7902 |     27.522 |   0.9581 |     32.082 |     2.8
   51 |   0.7744 |     26.856 |   0.9526 |     31.929 |     2.9
   52 |   0.7622 |     26.164 |   0.9562 |     31.716 |     2.9
   53 |   0.7469 |     25.951 |   0.9568 |     31.563 |     3.0
Early stopping

Model: Seq2Seq Bi-LSTM
Source index: <Seq2Seq Index with 43 items>
Target index: <Seq2Seq Index with 34 items>
Encoder embedding dimension: 128
Decoder embedding dimension: 128
Encoder hidden units: 128
Encoder layers: 4
Decoder hidden units: 64
Decoder layers: 2
Dropout: 0.2
Trainable parameters: 1,676,066

Training started
X_train.shape: torch.Size([3057, 702])
Y_train.shape: torch.Size([3057, 7])
X_dev.shape: torch.Size([546, 337])
Y_dev.shape: torch.Size([546, 7])
Epochs: 500
Learning rate: 0.001
Weight decay: 0.0001
Epoch | Train                 | Development           | Minutes
      | Loss     | Error Rate | Loss     | Error Rate |
---------------------------------------------------------------
    1 |   2.3724 |     61.956 |   1.8669 |     48.962 |     0.1
    2 |   1.6339 |     48.021 |   1.4974 |     46.886 |     0.2
    3 |   1.4348 |     46.042 |   1.4164 |     46.917 |     0.2
    4 |   1.3740 |     45.813 |   1.3662 |     46.276 |     0.3
    5 |   1.3328 |     45.110 |   1.3343 |     45.604 |     0.4
    6 |   1.3084 |     44.712 |   1.3104 |     45.208 |     0.5
    7 |   1.2824 |     44.439 |   1.2893 |     45.421 |     0.6
    8 |   1.2586 |     43.888 |   1.2590 |     44.231 |     0.6
    9 |   1.2353 |     43.201 |   1.2417 |     43.132 |     0.7
   10 |   1.2139 |     42.852 |   1.2227 |     43.620 |     0.8
   11 |   1.1942 |     42.307 |   1.2021 |     42.888 |     0.9
   12 |   1.1788 |     41.757 |   1.1945 |     42.979 |     1.0
   13 |   1.1612 |     41.064 |   1.1745 |     42.094 |     1.0
   14 |   1.1480 |     40.672 |   1.1678 |     42.521 |     1.1
   15 |   1.1314 |     39.723 |   1.1569 |     41.056 |     1.2
   16 |   1.1176 |     39.200 |   1.1374 |     40.018 |     1.3
   17 |   1.1070 |     38.578 |   1.1242 |     39.286 |     1.4
   18 |   1.0912 |     38.207 |   1.1155 |     39.011 |     1.5
   19 |   1.0747 |     37.406 |   1.1009 |     38.828 |     1.6
   20 |   1.0619 |     36.937 |   1.0980 |     38.492 |     1.6
   21 |   1.0500 |     36.332 |   1.0782 |     37.363 |     1.7
   22 |   1.0309 |     35.263 |   1.0774 |     37.363 |     1.8
   23 |   1.0239 |     34.936 |   1.0665 |     37.485 |     1.9
   24 |   1.0064 |     34.702 |   1.0568 |     37.149 |     1.9
   25 |   0.9903 |     33.808 |   1.0525 |     37.179 |     2.0
   26 |   0.9790 |     33.442 |   1.0516 |     36.233 |     2.1
   27 |   0.9635 |     32.957 |   1.0381 |     36.600 |     2.2
   28 |   0.9510 |     32.009 |   1.0249 |     35.745 |     2.3
   29 |   0.9345 |     31.839 |   1.0236 |     35.409 |     2.3
   30 |   0.9191 |     30.825 |   1.0129 |     35.501 |     2.4
   31 |   0.9045 |     30.700 |   1.0121 |     35.958 |     2.5
   32 |   0.8913 |     30.297 |   0.9999 |     34.615 |     2.6
   33 |   0.8773 |     29.550 |   0.9795 |     33.791 |     2.7
   34 |   0.8598 |     28.868 |   0.9916 |     33.455 |     2.8
   35 |   0.8381 |     28.099 |   0.9768 |     32.998 |     2.8
   36 |   0.8206 |     27.696 |   0.9752 |     33.181 |     2.9
   37 |   0.8065 |     26.813 |   0.9801 |     33.059 |     3.0
   38 |   0.7900 |     26.747 |   0.9614 |     32.295 |     3.1
   39 |   0.7782 |     25.962 |   0.9703 |     32.265 |     3.2
   40 |   0.7632 |     25.537 |   0.9622 |     31.624 |     3.3
   41 |   0.7413 |     24.403 |   0.9614 |     31.654 |     3.3
   42 |   0.7303 |     24.283 |   0.9743 |     32.082 |     3.4
   43 |   0.7106 |     23.569 |   0.9426 |     30.891 |     3.5
   44 |   0.6946 |     22.827 |   0.9324 |     30.037 |     3.6
   45 |   0.6842 |     22.588 |   0.9666 |     30.556 |     3.7
   46 |   0.6760 |     22.086 |   0.9409 |     29.976 |     3.7
   47 |   0.6548 |     21.290 |   0.9504 |     29.548 |     3.8
   48 |   0.6395 |     21.001 |   0.9323 |     29.365 |     3.9
   49 |   0.6232 |     20.129 |   0.9354 |     29.457 |     4.0
   50 |   0.6166 |     20.112 |   0.9390 |     28.846 |     4.1
   51 |   0.6030 |     19.594 |   0.9404 |     28.877 |     4.1
   52 |   0.5821 |     18.640 |   0.9341 |     28.205 |     4.2
Early stopping

Model: Seq2Seq Bi-LSTM
Source index: <Seq2Seq Index with 43 items>
Target index: <Seq2Seq Index with 34 items>
Encoder embedding dimension: 32
Decoder embedding dimension: 64
Encoder hidden units: 64
Encoder layers: 2
Decoder hidden units: 128
Decoder layers: 2
Dropout: 0.0
Trainable parameters: 454,402

Training started
X_train.shape: torch.Size([3057, 702])
Y_train.shape: torch.Size([3057, 7])
X_dev.shape: torch.Size([546, 337])
Y_dev.shape: torch.Size([546, 7])
Epochs: 500
Learning rate: 0.001
Weight decay: 1e-05
Epoch | Train                 | Development           | Minutes
      | Loss     | Error Rate | Loss     | Error Rate |
---------------------------------------------------------------
    1 |   2.0891 |     56.521 |   1.5291 |     47.100 |     0.0
    2 |   1.4125 |     45.867 |   1.3715 |     46.001 |     0.0
    3 |   1.3285 |     45.022 |   1.3245 |     45.299 |     0.0
    4 |   1.2937 |     44.832 |   1.2936 |     43.773 |     0.1
    5 |   1.2553 |     43.638 |   1.2566 |     43.987 |     0.1
    6 |   1.2259 |     42.989 |   1.2385 |     43.468 |     0.1
    7 |   1.1929 |     42.291 |   1.2008 |     42.491 |     0.1
    8 |   1.1648 |     41.255 |   1.1714 |     41.728 |     0.1
    9 |   1.1371 |     40.257 |   1.1545 |     41.422 |     0.1
   10 |   1.1019 |     38.774 |   1.1308 |     39.683 |     0.2
   11 |   1.0761 |     37.488 |   1.1181 |     39.286 |     0.2
   12 |   1.0463 |     36.779 |   1.0816 |     36.844 |     0.2
   13 |   1.0102 |     35.045 |   1.0632 |     36.966 |     0.2
   14 |   0.9808 |     33.879 |   1.0455 |     35.928 |     0.2
   15 |   0.9410 |     32.543 |   1.0369 |     36.233 |     0.2
   16 |   0.9081 |     31.256 |   1.0355 |     35.104 |     0.3
   17 |   0.8768 |     29.975 |   1.0044 |     33.455 |     0.3
   18 |   0.8392 |     28.634 |   1.0073 |     33.333 |     0.3
   19 |   0.8117 |     27.554 |   0.9841 |     32.937 |     0.3
   20 |   0.7744 |     26.191 |   0.9890 |     32.784 |     0.3
   21 |   0.7446 |     25.030 |   0.9722 |     31.960 |     0.3
   22 |   0.7168 |     24.125 |   0.9861 |     31.471 |     0.4
   23 |   0.6810 |     22.991 |   0.9711 |     31.654 |     0.4
   24 |   0.6682 |     22.418 |   0.9646 |     31.288 |     0.4
   25 |   0.6301 |     21.301 |   0.9586 |     30.464 |     0.4
   26 |   0.5986 |     20.031 |   0.9717 |     30.952 |     0.4
   27 |   0.5827 |     19.562 |   0.9534 |     30.281 |     0.4
   28 |   0.5471 |     18.188 |   0.9518 |     30.403 |     0.5
   29 |   0.5180 |     17.174 |   0.9598 |     29.915 |     0.5
   30 |   0.5036 |     16.781 |   0.9542 |     28.694 |     0.5
   31 |   0.4775 |     15.892 |   0.9795 |     29.304 |     0.5
   32 |   0.4608 |     15.287 |   0.9802 |     28.602 |     0.5
Early stopping

Model: Seq2Seq Bi-LSTM
Source index: <Seq2Seq Index with 43 items>
Target index: <Seq2Seq Index with 34 items>
Encoder embedding dimension: 32
Decoder embedding dimension: 64
Encoder hidden units: 64
Encoder layers: 2
Decoder hidden units: 128
Decoder layers: 2
Dropout: 0.0
Trainable parameters: 454,402

Training started
X_train.shape: torch.Size([3057, 702])
Y_train.shape: torch.Size([3057, 7])
X_dev.shape: torch.Size([546, 337])
Y_dev.shape: torch.Size([546, 7])
Epochs: 500
Learning rate: 0.001
Weight decay: 0.0001
Epoch | Train                 | Development           | Minutes
      | Loss     | Error Rate | Loss     | Error Rate |
---------------------------------------------------------------
    1 |   2.1176 |     57.115 |   1.5458 |     46.337 |     0.0
    2 |   1.4273 |     45.998 |   1.3937 |     46.825 |     0.0
    3 |   1.3430 |     45.175 |   1.3501 |     46.581 |     0.0
    4 |   1.3015 |     44.842 |   1.3073 |     45.330 |     0.1
    5 |   1.2709 |     44.215 |   1.2789 |     45.085 |     0.1
    6 |   1.2466 |     43.817 |   1.2570 |     43.864 |     0.1
    7 |   1.2256 |     43.316 |   1.2328 |     44.963 |     0.1
    8 |   1.2055 |     42.934 |   1.2236 |     43.895 |     0.1
    9 |   1.1889 |     42.345 |   1.2156 |     44.048 |     0.1
   10 |   1.1717 |     41.882 |   1.2042 |     42.979 |     0.2
   11 |   1.1541 |     41.500 |   1.1788 |     41.819 |     0.2
   12 |   1.1344 |     40.873 |   1.1551 |     41.331 |     0.2
   13 |   1.1145 |     40.050 |   1.1384 |     41.270 |     0.2
   14 |   1.0976 |     39.756 |   1.1224 |     40.446 |     0.2
   15 |   1.0820 |     38.818 |   1.1090 |     40.049 |     0.2
   16 |   1.0652 |     38.387 |   1.0966 |     39.499 |     0.3
   17 |   1.0554 |     37.597 |   1.0877 |     39.347 |     0.3
   18 |   1.0372 |     37.324 |   1.0749 |     38.034 |     0.3
   19 |   1.0197 |     36.517 |   1.0698 |     38.523 |     0.3
   20 |   1.0082 |     36.076 |   1.0535 |     37.851 |     0.3
   21 |   0.9937 |     35.078 |   1.0299 |     36.508 |     0.3
   22 |   0.9736 |     34.358 |   1.0277 |     36.325 |     0.4
   23 |   0.9561 |     33.404 |   1.0190 |     36.020 |     0.4
   24 |   0.9396 |     32.783 |   1.0097 |     36.172 |     0.4
   25 |   0.9168 |     32.150 |   1.0013 |     35.226 |     0.4
   26 |   0.8990 |     31.196 |   1.0014 |     34.463 |     0.4
   27 |   0.8839 |     30.760 |   0.9859 |     34.249 |     0.4
   28 |   0.8602 |     29.626 |   0.9653 |     33.761 |     0.5
   29 |   0.8405 |     29.163 |   0.9486 |     33.242 |     0.5
   30 |   0.8216 |     28.170 |   0.9485 |     33.303 |     0.5
   31 |   0.8001 |     27.565 |   0.9379 |     32.295 |     0.5
   32 |   0.7821 |     26.829 |   0.9435 |     31.838 |     0.5
   33 |   0.7591 |     26.017 |   0.9257 |     30.983 |     0.5
   34 |   0.7461 |     25.319 |   0.9401 |     31.929 |     0.6
   35 |   0.7256 |     24.408 |   0.9344 |     31.166 |     0.6
   36 |   0.7039 |     23.809 |   0.9261 |     30.861 |     0.6
   37 |   0.6815 |     23.116 |   0.9189 |     30.922 |     0.6
   38 |   0.6625 |     22.097 |   0.9096 |     30.281 |     0.6
   39 |   0.6385 |     21.268 |   0.9153 |     29.762 |     0.6
   40 |   0.6227 |     20.925 |   0.9368 |     29.243 |     0.6
   41 |   0.6050 |     20.210 |   0.9260 |     29.274 |     0.7
   42 |   0.5857 |     19.442 |   0.9161 |     28.968 |     0.7
Early stopping

Model: Seq2Seq Bi-LSTM
Source index: <Seq2Seq Index with 43 items>
Target index: <Seq2Seq Index with 34 items>
Encoder embedding dimension: 128
Decoder embedding dimension: 128
Encoder hidden units: 128
Encoder layers: 2
Decoder hidden units: 64
Decoder layers: 2
Dropout: 0.1
Trainable parameters: 820,002

Training started
X_train.shape: torch.Size([3057, 702])
Y_train.shape: torch.Size([3057, 7])
X_dev.shape: torch.Size([546, 337])
Y_dev.shape: torch.Size([546, 7])
Epochs: 500
Learning rate: 0.001
Weight decay: 0.0001
Epoch | Train                 | Development           | Minutes
      | Loss     | Error Rate | Loss     | Error Rate |
---------------------------------------------------------------
    1 |   2.3623 |     62.512 |   1.8001 |     49.328 |     0.0
    2 |   1.5734 |     47.067 |   1.4750 |     47.039 |     0.1
    3 |   1.4195 |     46.069 |   1.4097 |     46.917 |     0.1
    4 |   1.3728 |     45.747 |   1.3767 |     46.154 |     0.2
    5 |   1.3392 |     45.568 |   1.3421 |     46.459 |     0.2
    6 |   1.3072 |     44.777 |   1.3133 |     45.238 |     0.2
    7 |   1.2792 |     44.319 |   1.2837 |     44.658 |     0.3
    8 |   1.2524 |     43.469 |   1.2664 |     44.292 |     0.3
    9 |   1.2270 |     43.065 |   1.2481 |     43.346 |     0.4
   10 |   1.2031 |     42.384 |   1.2151 |     41.850 |     0.4
   11 |   1.1837 |     41.457 |   1.2048 |     42.796 |     0.4
   12 |   1.1624 |     41.015 |   1.1771 |     41.178 |     0.5
   13 |   1.1430 |     40.001 |   1.1597 |     40.629 |     0.5
   14 |   1.1236 |     39.390 |   1.1487 |     40.629 |     0.6
   15 |   1.1093 |     38.622 |   1.1314 |     39.469 |     0.6
   16 |   1.0919 |     37.940 |   1.1239 |     39.774 |     0.6
   17 |   1.0750 |     37.193 |   1.1082 |     38.217 |     0.7
   18 |   1.0583 |     36.359 |   1.0993 |     38.065 |     0.7
   19 |   1.0431 |     35.803 |   1.0919 |     38.828 |     0.8
   20 |   1.0292 |     35.465 |   1.0749 |     37.698 |     0.8
   21 |   1.0100 |     34.740 |   1.0637 |     37.118 |     0.8
   22 |   0.9959 |     34.298 |   1.0434 |     35.470 |     0.9
   23 |   0.9786 |     33.481 |   1.0521 |     36.203 |     0.9
   24 |   0.9628 |     32.990 |   1.0238 |     35.714 |     1.0
   25 |   0.9463 |     32.559 |   1.0304 |     35.958 |     1.0
   26 |   0.9248 |     31.583 |   1.0123 |     34.615 |     1.0
   27 |   0.9085 |     30.624 |   1.0221 |     34.585 |     1.1
   28 |   0.8870 |     29.882 |   0.9970 |     33.913 |     1.1
   29 |   0.8713 |     29.691 |   1.0028 |     34.127 |     1.2
   30 |   0.8495 |     28.983 |   0.9915 |     34.096 |     1.2
   31 |   0.8291 |     27.947 |   0.9802 |     33.181 |     1.2
   32 |   0.8088 |     27.358 |   0.9911 |     32.601 |     1.3
   33 |   0.7965 |     26.911 |   0.9869 |     32.662 |     1.3
   34 |   0.7744 |     26.017 |   0.9704 |     32.387 |     1.4
   35 |   0.7540 |     25.046 |   0.9773 |     31.838 |     1.4
   36 |   0.7336 |     24.201 |   0.9658 |     31.624 |     1.4
   37 |   0.7171 |     23.994 |   0.9777 |     30.922 |     1.5
   38 |   0.6921 |     22.866 |   0.9878 |     31.532 |     1.5
   39 |   0.6765 |     22.179 |   0.9554 |     31.532 |     1.6
   40 |   0.6545 |     21.688 |   0.9664 |     30.830 |     1.6
   41 |   0.6471 |     21.165 |   0.9760 |     29.884 |     1.6
   42 |   0.6160 |     19.921 |   1.0114 |     30.250 |     1.7
   43 |   0.5964 |     19.447 |   0.9679 |     30.006 |     1.7
Early stopping

Model: Seq2Seq Bi-LSTM
Source index: <Seq2Seq Index with 43 items>
Target index: <Seq2Seq Index with 34 items>
Encoder embedding dimension: 32
Decoder embedding dimension: 64
Encoder hidden units: 64
Encoder layers: 4
Decoder hidden units: 64
Decoder layers: 2
Dropout: 0.1
Trainable parameters: 486,018

Training started
X_train.shape: torch.Size([3057, 702])
Y_train.shape: torch.Size([3057, 7])
X_dev.shape: torch.Size([546, 337])
Y_dev.shape: torch.Size([546, 7])
Epochs: 500
Learning rate: 0.001
Weight decay: 0.0001
Epoch | Train                 | Development           | Minutes
      | Loss     | Error Rate | Loss     | Error Rate |
---------------------------------------------------------------
    1 |   2.4010 |     64.246 |   1.8603 |     49.786 |     0.0
    2 |   1.6426 |     47.852 |   1.5357 |     47.070 |     0.1
    3 |   1.4581 |     46.036 |   1.4400 |     46.581 |     0.1
    4 |   1.3984 |     45.873 |   1.4039 |     46.551 |     0.1
    5 |   1.3635 |     45.540 |   1.3661 |     46.734 |     0.2
    6 |   1.3335 |     45.518 |   1.3391 |     46.337 |     0.2
    7 |   1.3132 |     45.513 |   1.3196 |     45.604 |     0.2
    8 |   1.2954 |     45.061 |   1.3013 |     45.482 |     0.3
    9 |   1.2826 |     44.782 |   1.2992 |     45.024 |     0.3
   10 |   1.2689 |     44.363 |   1.2817 |     45.360 |     0.3
   11 |   1.2492 |     43.594 |   1.2593 |     44.170 |     0.4
   12 |   1.2295 |     43.332 |   1.2388 |     44.109 |     0.4
   13 |   1.2148 |     42.852 |   1.2270 |     43.376 |     0.4
   14 |   1.1975 |     42.531 |   1.2102 |     42.796 |     0.5
   15 |   1.1834 |     41.931 |   1.2002 |     42.155 |     0.5
   16 |   1.1676 |     41.686 |   1.1906 |     41.880 |     0.5
   17 |   1.1536 |     41.320 |   1.1738 |     41.728 |     0.6
   18 |   1.1398 |     40.775 |   1.1613 |     40.720 |     0.6
   19 |   1.1273 |     40.317 |   1.1500 |     41.270 |     0.6
   20 |   1.1148 |     39.810 |   1.1395 |     41.087 |     0.7
   21 |   1.1032 |     39.243 |   1.1298 |     40.568 |     0.7
   22 |   1.0939 |     38.763 |   1.1188 |     40.049 |     0.7
   23 |   1.0837 |     38.851 |   1.1162 |     39.652 |     0.8
   24 |   1.0708 |     38.267 |   1.1038 |     39.164 |     0.8
   25 |   1.0618 |     37.749 |   1.1004 |     38.645 |     0.8
   26 |   1.0533 |     37.439 |   1.0876 |     38.370 |     0.9
   27 |   1.0408 |     36.888 |   1.0785 |     38.797 |     0.9
   28 |   1.0335 |     36.643 |   1.0734 |     37.454 |     0.9
   29 |   1.0237 |     36.010 |   1.0675 |     37.790 |     1.0
   30 |   1.0161 |     35.596 |   1.0706 |     38.462 |     1.0
   31 |   1.0063 |     35.432 |   1.0519 |     37.179 |     1.0
   32 |   0.9971 |     34.974 |   1.0452 |     36.600 |     1.1
   33 |   0.9870 |     34.500 |   1.0441 |     36.966 |     1.1
   34 |   0.9719 |     34.031 |   1.0311 |     36.111 |     1.1
   35 |   0.9606 |     33.404 |   1.0246 |     35.928 |     1.2
   36 |   0.9508 |     32.875 |   1.0225 |     35.317 |     1.2
   37 |   0.9374 |     32.336 |   1.0163 |     35.348 |     1.2
   38 |   0.9253 |     31.681 |   1.0077 |     35.104 |     1.3
   39 |   0.9184 |     31.594 |   1.0016 |     34.310 |     1.3
   40 |   0.9015 |     31.125 |   0.9802 |     32.784 |     1.3
   41 |   0.8893 |     30.313 |   0.9803 |     32.784 |     1.4
   42 |   0.8785 |     29.997 |   0.9749 |     32.692 |     1.4
   43 |   0.8637 |     29.615 |   0.9773 |     33.150 |     1.4
   44 |   0.8499 |     28.835 |   0.9699 |     32.998 |     1.5
   45 |   0.8398 |     28.345 |   0.9693 |     32.662 |     1.5
   46 |   0.8272 |     27.805 |   0.9674 |     32.051 |     1.5
   47 |   0.8101 |     27.156 |   0.9575 |     33.425 |     1.6
   48 |   0.7954 |     26.955 |   0.9531 |     32.234 |     1.6
   49 |   0.7820 |     26.224 |   0.9553 |     32.570 |     1.6
   50 |   0.7757 |     26.257 |   0.9614 |     31.777 |     1.7
   51 |   0.7616 |     25.581 |   0.9564 |     31.777 |     1.7
   52 |   0.7476 |     24.905 |   0.9526 |     32.112 |     1.7
   53 |   0.7373 |     24.479 |   0.9416 |     31.716 |     1.8
   54 |   0.7235 |     24.027 |   0.9414 |     31.471 |     1.8
   55 |   0.7162 |     23.569 |   0.9429 |     31.563 |     1.8
   56 |   0.7012 |     23.236 |   0.9377 |     30.800 |     1.9
   57 |   0.6867 |     22.909 |   0.9417 |     30.708 |     1.9
   58 |   0.6740 |     22.195 |   0.9306 |     30.189 |     1.9
   59 |   0.6656 |     21.841 |   0.9453 |     30.861 |     2.0
   60 |   0.6578 |     21.830 |   0.9393 |     30.128 |     2.0
   61 |   0.6387 |     21.241 |   0.9404 |     29.731 |     2.0
   62 |   0.6254 |     20.685 |   0.9283 |     29.335 |     2.1
   63 |   0.6085 |     19.856 |   0.9296 |     29.151 |     2.1
   64 |   0.6054 |     19.807 |   0.9303 |     29.151 |     2.1
   65 |   0.5897 |     19.245 |   0.9292 |     29.029 |     2.1
   66 |   0.5797 |     19.164 |   0.9422 |     29.151 |     2.2
   67 |   0.5824 |     19.115 |   0.9244 |     29.457 |     2.2
   68 |   0.5532 |     18.335 |   0.9445 |     29.335 |     2.2
   69 |   0.5443 |     17.812 |   0.9503 |     29.182 |     2.3
   70 |   0.5404 |     17.517 |   0.9600 |     29.731 |     2.3
   71 |   0.5234 |     17.043 |   0.9659 |     30.037 |     2.3
Early stopping

Model: Seq2Seq Bi-LSTM
Source index: <Seq2Seq Index with 43 items>
Target index: <Seq2Seq Index with 34 items>
Encoder embedding dimension: 128
Decoder embedding dimension: 128
Encoder hidden units: 128
Encoder layers: 4
Decoder hidden units: 128
Decoder layers: 2
Dropout: 0.0
Trainable parameters: 1,990,562

Training started
X_train.shape: torch.Size([3057, 702])
Y_train.shape: torch.Size([3057, 7])
X_dev.shape: torch.Size([546, 337])
Y_dev.shape: torch.Size([546, 7])
Epochs: 500
Learning rate: 0.001
Weight decay: 0.0001
Epoch | Train                 | Development           | Minutes
      | Loss     | Error Rate | Loss     | Error Rate |
---------------------------------------------------------------
    1 |   1.9862 |     54.961 |   1.4958 |     46.886 |     0.1
    2 |   1.3979 |     45.802 |   1.3640 |     46.612 |     0.1
    3 |   1.3142 |     44.766 |   1.3040 |     45.055 |     0.2
    4 |   1.2701 |     43.937 |   1.2781 |     44.383 |     0.3
    5 |   1.2371 |     43.250 |   1.2480 |     43.346 |     0.4
    6 |   1.2085 |     42.782 |   1.2155 |     42.857 |     0.5
    7 |   1.1777 |     42.225 |   1.1850 |     42.186 |     0.5
    8 |   1.1483 |     41.190 |   1.1672 |     41.575 |     0.6
    9 |   1.1230 |     40.328 |   1.1548 |     41.606 |     0.7
   10 |   1.1006 |     39.581 |   1.1288 |     40.201 |     0.8
   11 |   1.0753 |     38.333 |   1.1097 |     39.499 |     0.8
   12 |   1.0513 |     37.335 |   1.0896 |     39.133 |     0.9
   13 |   1.0280 |     36.147 |   1.0608 |     37.515 |     1.0
   14 |   1.0054 |     35.460 |   1.0537 |     36.691 |     1.1
   15 |   0.9774 |     34.151 |   1.0428 |     36.691 |     1.1
   16 |   0.9485 |     33.028 |   1.0235 |     36.294 |     1.2
   17 |   0.9185 |     31.594 |   1.0171 |     35.501 |     1.3
   18 |   0.8870 |     30.378 |   1.0012 |     34.737 |     1.4
   19 |   0.8618 |     29.719 |   0.9837 |     35.043 |     1.4
   20 |   0.8280 |     28.247 |   0.9579 |     31.471 |     1.5
   21 |   0.7987 |     27.036 |   0.9537 |     32.998 |     1.6
   22 |   0.7665 |     25.799 |   0.9394 |     31.563 |     1.7
   23 |   0.7373 |     24.708 |   0.9351 |     31.319 |     1.7
   24 |   0.7097 |     23.765 |   0.9470 |     31.319 |     1.8
   25 |   0.6877 |     23.013 |   0.9285 |     31.044 |     1.9
   26 |   0.6563 |     22.004 |   0.9311 |     29.915 |     2.0
   27 |   0.6258 |     20.625 |   0.9380 |     30.891 |     2.0
   28 |   0.6045 |     20.210 |   0.9090 |     29.335 |     2.1
   29 |   0.5931 |     19.987 |   0.9042 |     28.938 |     2.2
   30 |   0.5624 |     18.929 |   0.9234 |     28.602 |     2.3
   31 |   0.5323 |     17.697 |   0.9252 |     28.632 |     2.3
   32 |   0.5084 |     16.923 |   0.9280 |     28.663 |     2.4
   33 |   0.4790 |     15.778 |   0.9282 |     28.327 |     2.5
Early stopping

Model: Seq2Seq Bi-LSTM
Source index: <Seq2Seq Index with 43 items>
Target index: <Seq2Seq Index with 34 items>
Encoder embedding dimension: 128
Decoder embedding dimension: 64
Encoder hidden units: 64
Encoder layers: 3
Decoder hidden units: 64
Decoder layers: 3
Dropout: 0.2
Trainable parameters: 456,866

Training started
X_train.shape: torch.Size([3057, 702])
Y_train.shape: torch.Size([3057, 7])
X_dev.shape: torch.Size([546, 337])
Y_dev.shape: torch.Size([546, 7])
Epochs: 500
Learning rate: 0.001
Weight decay: 0.0001
Epoch | Train                 | Development           | Minutes
      | Loss     | Error Rate | Loss     | Error Rate |
---------------------------------------------------------------
    1 |   2.5377 |     66.089 |   1.9747 |     51.862 |     0.0
    2 |   1.7193 |     49.068 |   1.5689 |     47.070 |     0.1
    3 |   1.4850 |     46.151 |   1.4629 |     47.070 |     0.1
    4 |   1.4221 |     46.124 |   1.4242 |     46.825 |     0.1
    5 |   1.3913 |     45.824 |   1.4122 |     47.192 |     0.1
    6 |   1.3701 |     45.633 |   1.3799 |     46.947 |     0.2
    7 |   1.3437 |     45.693 |   1.3528 |     45.971 |     0.2
    8 |   1.3231 |     45.164 |   1.3317 |     46.093 |     0.2
    9 |   1.3047 |     45.224 |   1.3133 |     45.788 |     0.2
   10 |   1.2855 |     45.175 |   1.2930 |     45.940 |     0.3
   11 |   1.2713 |     44.673 |   1.2740 |     44.628 |     0.3
   12 |   1.2529 |     44.330 |   1.2561 |     44.597 |     0.3
   13 |   1.2399 |     43.627 |   1.2430 |     44.292 |     0.4
   14 |   1.2267 |     43.267 |   1.2413 |     43.834 |     0.4
   15 |   1.2152 |     43.141 |   1.2234 |     43.010 |     0.4
   16 |   1.2064 |     42.553 |   1.2174 |     42.430 |     0.4
   17 |   1.1938 |     42.002 |   1.2047 |     43.010 |     0.5
   18 |   1.1847 |     41.882 |   1.2038 |     42.918 |     0.5
   19 |   1.1755 |     41.669 |   1.1909 |     42.918 |     0.5
   20 |   1.1650 |     41.370 |   1.1793 |     42.155 |     0.5
   21 |   1.1588 |     41.391 |   1.1739 |     42.186 |     0.6
   22 |   1.1457 |     40.683 |   1.1685 |     41.575 |     0.6
   23 |   1.1405 |     40.388 |   1.1590 |     41.392 |     0.6
   24 |   1.1343 |     40.524 |   1.1528 |     41.545 |     0.7
   25 |   1.1257 |     40.170 |   1.1456 |     41.087 |     0.7
   26 |   1.1200 |     39.870 |   1.1422 |     41.575 |     0.7
   27 |   1.1169 |     39.952 |   1.1386 |     40.324 |     0.7
   28 |   1.1085 |     39.532 |   1.1386 |     40.720 |     0.8
   29 |   1.1050 |     39.614 |   1.1269 |     40.079 |     0.8
   30 |   1.1010 |     39.145 |   1.1253 |     39.866 |     0.8
   31 |   1.0951 |     38.982 |   1.1222 |     39.927 |     0.8
   32 |   1.0900 |     39.238 |   1.1179 |     40.385 |     0.9
   33 |   1.0822 |     38.796 |   1.1140 |     39.866 |     0.9
   34 |   1.0769 |     38.802 |   1.1035 |     39.347 |     0.9
   35 |   1.0697 |     37.957 |   1.1078 |     39.621 |     1.0
   36 |   1.0685 |     38.256 |   1.1071 |     39.866 |     1.0
   37 |   1.0641 |     37.722 |   1.1032 |     39.591 |     1.0
   38 |   1.0602 |     37.575 |   1.0934 |     38.645 |     1.0
   39 |   1.0550 |     37.313 |   1.1068 |     39.011 |     1.1
   40 |   1.0491 |     37.101 |   1.0822 |     37.943 |     1.1
   41 |   1.0445 |     36.910 |   1.0902 |     38.919 |     1.1
   42 |   1.0387 |     36.714 |   1.0838 |     38.828 |     1.1
   43 |   1.0349 |     36.392 |   1.0828 |     38.278 |     1.2
   44 |   1.0256 |     36.070 |   1.0748 |     38.248 |     1.2
   45 |   1.0250 |     36.048 |   1.0757 |     38.553 |     1.2
   46 |   1.0193 |     35.923 |   1.0642 |     37.546 |     1.3
   47 |   1.0120 |     35.798 |   1.0757 |     37.851 |     1.3
   48 |   1.0057 |     35.323 |   1.0650 |     37.088 |     1.3
   49 |   0.9972 |     34.773 |   1.0505 |     36.996 |     1.3
   50 |   0.9964 |     34.974 |   1.0552 |     37.729 |     1.4
   51 |   0.9865 |     34.734 |   1.0542 |     37.576 |     1.4
   52 |   0.9831 |     34.718 |   1.0531 |     37.118 |     1.4
   53 |   0.9767 |     34.582 |   1.0506 |     36.600 |     1.4
   54 |   0.9722 |     34.287 |   1.0390 |     36.722 |     1.5
   55 |   0.9655 |     33.835 |   1.0269 |     35.928 |     1.5
   56 |   0.9547 |     33.273 |   1.0304 |     36.203 |     1.5
   57 |   0.9473 |     32.930 |   1.0314 |     36.386 |     1.6
   58 |   0.9418 |     32.772 |   1.0231 |     35.256 |     1.6
   59 |   0.9335 |     32.385 |   1.0325 |     36.203 |     1.6
   60 |   0.9285 |     32.548 |   1.0157 |     34.615 |     1.6
   61 |   0.9197 |     31.905 |   1.0110 |     35.043 |     1.7
   62 |   0.9145 |     31.752 |   1.0117 |     34.463 |     1.7
   63 |   0.9083 |     31.223 |   1.0023 |     34.341 |     1.7
   64 |   0.8978 |     30.673 |   1.0084 |     34.432 |     1.7
   65 |   0.8946 |     31.071 |   1.0097 |     34.280 |     1.8
   66 |   0.8896 |     30.684 |   1.0013 |     34.035 |     1.8
   67 |   0.8756 |     30.046 |   0.9889 |     33.700 |     1.8
   68 |   0.8755 |     30.198 |   0.9899 |     33.364 |     1.9
   69 |   0.8678 |     29.664 |   0.9781 |     32.937 |     1.9
   70 |   0.8641 |     29.866 |   0.9842 |     33.852 |     1.9
   71 |   0.8534 |     29.266 |   0.9845 |     33.761 |     1.9
   72 |   0.8480 |     29.321 |   0.9785 |     33.639 |     2.0
   73 |   0.8352 |     28.950 |   0.9772 |     33.516 |     2.0
   74 |   0.8276 |     28.334 |   0.9693 |     33.089 |     2.0
   75 |   0.8280 |     28.427 |   0.9690 |     32.784 |     2.0
   76 |   0.8249 |     28.023 |   0.9638 |     32.937 |     2.1
   77 |   0.8188 |     28.268 |   0.9604 |     32.998 |     2.1
   78 |   0.8050 |     27.494 |   0.9627 |     32.906 |     2.1
   79 |   0.8005 |     27.380 |   0.9749 |     33.272 |     2.2
   80 |   0.8003 |     27.407 |   0.9613 |     31.990 |     2.2
   81 |   0.7862 |     26.813 |   0.9588 |     32.082 |     2.2
   82 |   0.7790 |     26.529 |   0.9447 |     31.593 |     2.2
   83 |   0.7706 |     26.251 |   0.9696 |     32.295 |     2.3
   84 |   0.7748 |     26.415 |   0.9825 |     31.838 |     2.3
   85 |   0.7635 |     26.153 |   0.9702 |     32.021 |     2.3
   86 |   0.7605 |     25.919 |   0.9590 |     30.830 |     2.3
Early stopping

Model: Seq2Seq Bi-LSTM
Source index: <Seq2Seq Index with 43 items>
Target index: <Seq2Seq Index with 34 items>
Encoder embedding dimension: 32
Decoder embedding dimension: 128
Encoder hidden units: 128
Encoder layers: 2
Decoder hidden units: 64
Decoder layers: 3
Dropout: 0.1
Trainable parameters: 750,850

Training started
X_train.shape: torch.Size([3057, 702])
Y_train.shape: torch.Size([3057, 7])
X_dev.shape: torch.Size([546, 337])
Y_dev.shape: torch.Size([546, 7])
Epochs: 500
Learning rate: 0.001
Weight decay: 1e-05
Epoch | Train                 | Development           | Minutes
      | Loss     | Error Rate | Loss     | Error Rate |
---------------------------------------------------------------
    1 |   2.5014 |     66.574 |   1.9741 |     53.968 |     0.0
    2 |   1.7330 |     49.362 |   1.5781 |     47.070 |     0.1
    3 |   1.4859 |     46.167 |   1.4641 |     46.825 |     0.1
    4 |   1.4173 |     46.031 |   1.4220 |     47.070 |     0.2
    5 |   1.3844 |     46.145 |   1.3927 |     46.856 |     0.2
    6 |   1.3647 |     46.102 |   1.3781 |     46.062 |     0.2
    7 |   1.3484 |     45.797 |   1.3585 |     46.459 |     0.3
    8 |   1.3306 |     45.715 |   1.3376 |     46.337 |     0.3
    9 |   1.3140 |     45.568 |   1.3262 |     45.574 |     0.4
   10 |   1.2999 |     45.153 |   1.3136 |     45.299 |     0.4
   11 |   1.2866 |     44.788 |   1.2951 |     45.055 |     0.4
   12 |   1.2703 |     44.553 |   1.2781 |     43.346 |     0.5
   13 |   1.2520 |     43.632 |   1.2697 |     43.498 |     0.5
   14 |   1.2364 |     43.054 |   1.2497 |     43.223 |     0.6
   15 |   1.2200 |     42.760 |   1.2338 |     43.071 |     0.6
   16 |   1.2078 |     42.580 |   1.2199 |     42.643 |     0.6
   17 |   1.1998 |     42.160 |   1.2204 |     43.315 |     0.7
   18 |   1.1866 |     41.931 |   1.2012 |     42.582 |     0.7
   19 |   1.1704 |     41.599 |   1.1883 |     42.216 |     0.8
   20 |   1.1654 |     41.664 |   1.1836 |     42.399 |     0.8
   21 |   1.1509 |     41.255 |   1.1705 |     42.125 |     0.8
   22 |   1.1347 |     40.764 |   1.1555 |     41.758 |     0.9
   23 |   1.1161 |     40.034 |   1.1481 |     41.026 |     0.9
   24 |   1.1037 |     39.538 |   1.1293 |     39.866 |     1.0
   25 |   1.0909 |     39.178 |   1.1181 |     39.805 |     1.0
   26 |   1.0773 |     38.387 |   1.1162 |     39.713 |     1.0
   27 |   1.0687 |     37.918 |   1.0985 |     38.431 |     1.1
   28 |   1.0477 |     37.477 |   1.0918 |     38.614 |     1.1
   29 |   1.0339 |     36.839 |   1.0992 |     38.645 |     1.2
   30 |   1.0196 |     36.207 |   1.0802 |     37.576 |     1.2
   31 |   1.0068 |     35.683 |   1.0679 |     38.156 |     1.2
   32 |   0.9893 |     35.007 |   1.0649 |     37.668 |     1.3
   33 |   0.9754 |     34.762 |   1.0568 |     37.118 |     1.3
   34 |   0.9559 |     33.617 |   1.0487 |     36.813 |     1.4
   35 |   0.9444 |     33.295 |   1.0507 |     36.355 |     1.4
   36 |   0.9260 |     32.428 |   1.0427 |     36.416 |     1.4
