Model: Seq2Seq Bi-LSTM
Source index: <Seq2Seq Index with 46 items>
Target index: <Seq2Seq Index with 34 items>
Encoder embedding dimension: 32
Decoder embedding dimension: 64
Encoder hidden units: 128
Encoder layers: 4
Decoder hidden units: 128
Decoder layers: 2
Dropout: 0.2
Trainable parameters: 1,853,282

Training started
X_train.shape: torch.Size([3057, 702])
Y_train.shape: torch.Size([3057, 7])
X_dev.shape: torch.Size([521, 307])
Y_dev.shape: torch.Size([521, 7])
Epochs: 500
Learning rate: 0.001
Weight decay: 0.0001
Epoch | Train                 | Development           | Minutes
      | Loss     | Error Rate | Loss     | Error Rate |
---------------------------------------------------------------
    1 |   2.1228 |     58.222 |   1.5812 |     46.289 |     0.1
    2 |   1.4579 |     46.189 |   1.4012 |     46.321 |     0.2
    3 |   1.3708 |     45.644 |   1.3583 |     46.225 |     0.2
    4 |   1.3314 |     45.453 |   1.3046 |     45.425 |     0.3
    5 |   1.2986 |     44.657 |   1.2744 |     43.986 |     0.4
    6 |   1.2730 |     43.976 |   1.2538 |     43.858 |     0.5
    7 |   1.2478 |     43.534 |   1.2363 |     42.802 |     0.6
    8 |   1.2290 |     42.956 |   1.2217 |     43.026 |     0.6
    9 |   1.2094 |     42.411 |   1.2183 |     43.090 |     0.7
   10 |   1.1945 |     42.209 |   1.1856 |     43.154 |     0.8
   11 |   1.1751 |     41.849 |   1.1719 |     42.354 |     0.9
   12 |   1.1589 |     41.239 |   1.1606 |     42.035 |     0.9
   13 |   1.1443 |     40.797 |   1.1547 |     41.747 |     1.0
   14 |   1.1259 |     39.974 |   1.1400 |     40.851 |     1.1
   15 |   1.1082 |     39.500 |   1.1209 |     40.147 |     1.2
   16 |   1.0958 |     38.829 |   1.1140 |     40.339 |     1.3
   17 |   1.0806 |     38.077 |   1.1110 |     40.147 |     1.3
   18 |   1.0685 |     38.060 |   1.0819 |     38.996 |     1.4
   19 |   1.0513 |     37.226 |   1.0745 |     38.644 |     1.5
   20 |   1.0434 |     36.926 |   1.0672 |     38.644 |     1.6
   21 |   1.0269 |     36.234 |   1.0590 |     38.388 |     1.7
   22 |   1.0137 |     35.890 |   1.0586 |     38.580 |     1.7
   23 |   1.0034 |     35.361 |   1.0592 |     37.396 |     1.8
   24 |   0.9883 |     35.127 |   1.0399 |     37.268 |     1.9
   25 |   0.9749 |     34.402 |   1.0187 |     36.724 |     2.0
   26 |   0.9577 |     33.753 |   1.0293 |     37.012 |     2.0
   27 |   0.9468 |     33.611 |   1.0189 |     36.468 |     2.1
   28 |   0.9348 |     33.044 |   1.0071 |     35.765 |     2.2
   29 |   0.9169 |     32.123 |   0.9939 |     34.741 |     2.3
   30 |   0.9010 |     31.649 |   1.0016 |     35.445 |     2.4
   31 |   0.8904 |     30.978 |   0.9951 |     35.125 |     2.4
   32 |   0.9005 |     31.589 |   0.9911 |     34.517 |     2.5
   33 |   0.8744 |     30.417 |   0.9793 |     33.557 |     2.6
   34 |   0.8554 |     29.795 |   0.9773 |     33.877 |     2.7
   35 |   0.8350 |     29.054 |   0.9632 |     33.621 |     2.8
   36 |   0.8236 |     28.274 |   0.9630 |     32.949 |     2.8
   37 |   0.8059 |     27.718 |   0.9501 |     32.022 |     2.9
   38 |   0.7952 |     27.205 |   0.9656 |     32.758 |     3.0
   39 |   0.7796 |     26.922 |   0.9545 |     31.990 |     3.1
   40 |   0.7637 |     26.175 |   0.9461 |     31.446 |     3.2
   41 |   0.7564 |     25.968 |   0.9463 |     31.830 |     3.2
   42 |   0.7416 |     25.439 |   0.9381 |     31.574 |     3.3
   43 |   0.7329 |     24.997 |   0.9431 |     31.414 |     3.4
   44 |   0.7091 |     23.869 |   0.9373 |     31.510 |     3.5
   45 |   0.6912 |     23.378 |   0.9316 |     31.350 |     3.5
   46 |   0.6814 |     23.040 |   0.9400 |     30.710 |     3.6
   47 |   0.6680 |     22.778 |   0.9320 |     30.166 |     3.7
   48 |   0.6530 |     21.950 |   0.9247 |     29.559 |     3.8
   49 |   0.6344 |     21.535 |   0.9273 |     29.814 |     3.9
   50 |   0.6224 |     20.897 |   0.9421 |     30.134 |     3.9
   51 |   0.6120 |     20.527 |   0.9405 |     30.038 |     4.0
   52 |   0.6093 |     20.538 |   0.9197 |     29.079 |     4.1
   53 |   0.5832 |     19.545 |   0.9375 |     29.591 |     4.2
   54 |   0.5697 |     19.513 |   0.9282 |     28.791 |     4.3
   55 |   0.5723 |     19.147 |   0.9493 |     29.718 |     4.3
   56 |   0.5596 |     18.902 |   0.9330 |     28.599 |     4.4
Early stopping

Model: Seq2Seq Bi-LSTM
Source index: <Seq2Seq Index with 46 items>
Target index: <Seq2Seq Index with 34 items>
Encoder embedding dimension: 32
Decoder embedding dimension: 128
Encoder hidden units: 128
Encoder layers: 3
Decoder hidden units: 128
Decoder layers: 3
Dropout: 0.0
Trainable parameters: 1,559,522

Training started
X_train.shape: torch.Size([3057, 702])
Y_train.shape: torch.Size([3057, 7])
X_dev.shape: torch.Size([521, 307])
Y_dev.shape: torch.Size([521, 7])
Epochs: 500
Learning rate: 0.001
Weight decay: 1e-05
Epoch | Train                 | Development           | Minutes
      | Loss     | Error Rate | Loss     | Error Rate |
---------------------------------------------------------------
    1 |   2.1971 |     59.890 |   1.6447 |     48.401 |     0.1
    2 |   1.4875 |     46.293 |   1.4380 |     46.321 |     0.1
    3 |   1.4063 |     46.260 |   1.4000 |     46.321 |     0.2
    4 |   1.3735 |     46.091 |   1.3702 |     45.713 |     0.2
    5 |   1.3450 |     45.862 |   1.3287 |     45.617 |     0.3
    6 |   1.3150 |     45.426 |   1.3109 |     45.713 |     0.3
    7 |   1.2966 |     45.017 |   1.2837 |     44.402 |     0.4
    8 |   1.2773 |     44.183 |   1.2695 |     43.986 |     0.5
    9 |   1.2609 |     43.425 |   1.2598 |     43.602 |     0.5
   10 |   1.2474 |     43.169 |   1.2566 |     44.018 |     0.6
   11 |   1.2295 |     43.261 |   1.2229 |     42.770 |     0.6
   12 |   1.2046 |     42.525 |   1.2001 |     42.418 |     0.7
   13 |   1.1820 |     41.675 |   1.1803 |     41.683 |     0.7
   14 |   1.1595 |     40.933 |   1.1538 |     40.947 |     0.8
   15 |   1.1389 |     40.094 |   1.1580 |     41.747 |     0.9
   16 |   1.1202 |     39.347 |   1.1308 |     40.947 |     0.9
   17 |   1.0952 |     38.458 |   1.1295 |     40.531 |     1.0
   18 |   1.0694 |     37.281 |   1.1118 |     39.667 |     1.0
   19 |   1.0442 |     36.397 |   1.0952 |     38.612 |     1.1
   20 |   1.0163 |     35.045 |   1.0896 |     37.908 |     1.1
   21 |   0.9830 |     33.682 |   1.0677 |     37.556 |     1.2
   22 |   0.9637 |     32.766 |   1.0658 |     36.468 |     1.3
   23 |   0.9335 |     31.692 |   1.0335 |     36.276 |     1.3
   24 |   0.8937 |     30.040 |   1.0305 |     36.372 |     1.4
   25 |   0.8654 |     28.939 |   1.0207 |     34.517 |     1.4
   26 |   0.8177 |     27.058 |   0.9986 |     33.973 |     1.5
   27 |   0.7862 |     26.224 |   0.9990 |     32.726 |     1.5
   28 |   0.7509 |     24.823 |   0.9818 |     32.438 |     1.6
   29 |   0.7118 |     23.400 |   0.9960 |     31.478 |     1.7
   30 |   0.6778 |     22.113 |   0.9828 |     31.766 |     1.7
   31 |   0.6424 |     20.946 |   0.9888 |     31.446 |     1.8
   32 |   0.6051 |     19.780 |   1.0036 |     30.518 |     1.8
Early stopping

Model: Seq2Seq Bi-LSTM
Source index: <Seq2Seq Index with 46 items>
Target index: <Seq2Seq Index with 34 items>
Encoder embedding dimension: 128
Decoder embedding dimension: 64
Encoder hidden units: 128
Encoder layers: 3
Decoder hidden units: 64
Decoder layers: 2
Dropout: 0.1
Trainable parameters: 1,229,858

Training started
X_train.shape: torch.Size([3057, 702])
Y_train.shape: torch.Size([3057, 7])
X_dev.shape: torch.Size([521, 307])
Y_dev.shape: torch.Size([521, 7])
Epochs: 500
Learning rate: 0.001
Weight decay: 0.0001
Epoch | Train                 | Development           | Minutes
      | Loss     | Error Rate | Loss     | Error Rate |
---------------------------------------------------------------
    1 |   2.3808 |     63.608 |   1.8814 |     47.825 |     0.1
    2 |   1.6845 |     47.999 |   1.5491 |     46.289 |     0.1
    3 |   1.4773 |     46.113 |   1.4407 |     46.289 |     0.2
    4 |   1.4111 |     45.867 |   1.4033 |     45.713 |     0.2
    5 |   1.3718 |     45.780 |   1.3621 |     45.777 |     0.3
    6 |   1.3422 |     45.529 |   1.3321 |     45.170 |     0.4
    7 |   1.3227 |     45.197 |   1.3209 |     45.266 |     0.4
    8 |   1.3065 |     45.251 |   1.2991 |     44.818 |     0.5
    9 |   1.2892 |     44.853 |   1.2807 |     44.594 |     0.5
   10 |   1.2726 |     44.635 |   1.2667 |     44.178 |     0.6
   11 |   1.2559 |     43.812 |   1.2502 |     43.474 |     0.7
   12 |   1.2403 |     43.643 |   1.2448 |     43.186 |     0.7
   13 |   1.2271 |     43.032 |   1.2279 |     42.834 |     0.8
   14 |   1.2113 |     42.574 |   1.2229 |     42.674 |     0.8
   15 |   1.2001 |     42.220 |   1.2054 |     42.834 |     0.9
   16 |   1.1881 |     42.046 |   1.1946 |     42.354 |     1.0
   17 |   1.1770 |     41.489 |   1.1913 |     42.450 |     1.0
   18 |   1.1654 |     41.468 |   1.1841 |     42.003 |     1.1
   19 |   1.1538 |     40.863 |   1.1754 |     42.163 |     1.1
   20 |   1.1429 |     40.486 |   1.1703 |     41.939 |     1.2
   21 |   1.1323 |     40.225 |   1.1676 |     40.691 |     1.3
   22 |   1.1242 |     39.848 |   1.1543 |     40.819 |     1.3
   23 |   1.1127 |     39.058 |   1.1490 |     40.563 |     1.4
   24 |   1.0979 |     38.676 |   1.1475 |     40.563 |     1.4
   25 |   1.0916 |     37.968 |   1.1387 |     40.403 |     1.5
   26 |   1.0749 |     37.597 |   1.1274 |     40.499 |     1.6
   27 |   1.0612 |     36.697 |   1.1110 |     38.900 |     1.6
   28 |   1.0507 |     36.430 |   1.1119 |     38.804 |     1.7
   29 |   1.0351 |     35.432 |   1.1000 |     37.652 |     1.7
   30 |   1.0187 |     34.751 |   1.1022 |     38.036 |     1.8
   31 |   1.0069 |     34.353 |   1.0875 |     37.460 |     1.9
   32 |   0.9921 |     33.819 |   1.0887 |     38.004 |     1.9
   33 |   0.9888 |     34.058 |   1.0715 |     36.852 |     2.0
   34 |   0.9657 |     32.788 |   1.0740 |     37.396 |     2.0
   35 |   0.9446 |     32.019 |   1.0589 |     36.852 |     2.1
   36 |   0.9295 |     31.501 |   1.0581 |     36.436 |     2.2
   37 |   0.9120 |     30.782 |   1.0372 |     35.413 |     2.2
   38 |   0.8906 |     29.948 |   1.0432 |     36.148 |     2.3
   39 |   0.8727 |     29.195 |   1.0343 |     34.901 |     2.3
   40 |   0.8598 |     28.743 |   1.0360 |     34.805 |     2.4
   41 |   0.8370 |     27.909 |   1.0301 |     34.741 |     2.5
   42 |   0.8159 |     27.042 |   1.0161 |     33.557 |     2.5
   43 |   0.7957 |     26.268 |   1.0191 |     34.005 |     2.6
   44 |   0.7856 |     25.842 |   1.0229 |     33.909 |     2.6
   45 |   0.7934 |     26.131 |   1.0224 |     34.933 |     2.7
   46 |   0.7471 |     24.414 |   1.0085 |     33.237 |     2.8
   47 |   0.7210 |     23.618 |   1.0039 |     32.981 |     2.8
   48 |   0.6964 |     22.729 |   1.0099 |     32.758 |     2.9
   49 |   0.6874 |     22.533 |   1.0117 |     32.694 |     2.9
   50 |   0.6657 |     21.453 |   1.0032 |     32.790 |     3.0
   51 |   0.6437 |     20.717 |   1.0005 |     32.502 |     3.1
   52 |   0.6291 |     20.238 |   1.0005 |     31.126 |     3.1
   53 |   0.6037 |     19.322 |   1.0123 |     31.926 |     3.2
   54 |   0.5962 |     19.240 |   1.0160 |     31.766 |     3.2
   55 |   0.5784 |     18.444 |   0.9902 |     31.030 |     3.3
   56 |   0.5558 |     17.893 |   1.0106 |     31.510 |     3.4
   57 |   0.5385 |     17.539 |   1.0283 |     31.190 |     3.4
   58 |   0.5366 |     17.108 |   1.0326 |     31.414 |     3.5
   59 |   0.5203 |     16.618 |   1.0767 |     32.790 |     3.5
Early stopping

Model: Seq2Seq Bi-LSTM
Source index: <Seq2Seq Index with 46 items>
Target index: <Seq2Seq Index with 34 items>
Encoder embedding dimension: 128
Decoder embedding dimension: 64
Encoder hidden units: 64
Encoder layers: 3
Decoder hidden units: 64
Decoder layers: 3
Dropout: 0.1
Trainable parameters: 457,250

Training started
X_train.shape: torch.Size([3057, 702])
Y_train.shape: torch.Size([3057, 7])
X_dev.shape: torch.Size([521, 307])
Y_dev.shape: torch.Size([521, 7])
Epochs: 500
Learning rate: 0.001
Weight decay: 1e-05
Epoch | Train                 | Development           | Minutes
      | Loss     | Error Rate | Loss     | Error Rate |
---------------------------------------------------------------
    1 |   2.5668 |     68.297 |   1.9596 |     53.839 |     0.0
    2 |   1.7121 |     48.632 |   1.5529 |     46.289 |     0.1
    3 |   1.4843 |     46.244 |   1.4604 |     46.289 |     0.1
    4 |   1.4301 |     46.216 |   1.4236 |     46.321 |     0.1
    5 |   1.4080 |     46.227 |   1.4054 |     46.321 |     0.1
    6 |   1.3919 |     46.020 |   1.3963 |     46.321 |     0.2
    7 |   1.3767 |     45.862 |   1.3784 |     46.289 |     0.2
    8 |   1.3623 |     45.682 |   1.3592 |     45.585 |     0.2
    9 |   1.3422 |     45.246 |   1.3356 |     45.425 |     0.3
   10 |   1.3189 |     45.066 |   1.3069 |     44.754 |     0.3
   11 |   1.2957 |     44.793 |   1.2838 |     44.978 |     0.3
   12 |   1.2742 |     44.483 |   1.2660 |     44.242 |     0.3
   13 |   1.2576 |     43.725 |   1.2628 |     44.306 |     0.4
   14 |   1.2417 |     43.190 |   1.2414 |     43.250 |     0.4
   15 |   1.2259 |     42.722 |   1.2312 |     43.026 |     0.4
   16 |   1.2123 |     41.882 |   1.2206 |     42.802 |     0.4
   17 |   1.1981 |     41.539 |   1.2048 |     42.354 |     0.5
   18 |   1.1830 |     41.026 |   1.1951 |     42.035 |     0.5
   19 |   1.1659 |     40.563 |   1.1909 |     42.163 |     0.5
   20 |   1.1537 |     40.132 |   1.1859 |     41.587 |     0.6
   21 |   1.1347 |     39.701 |   1.1690 |     41.875 |     0.6
   22 |   1.1189 |     39.112 |   1.1598 |     40.083 |     0.6
   23 |   1.1012 |     38.262 |   1.1484 |     40.339 |     0.6
   24 |   1.0843 |     38.022 |   1.1265 |     40.051 |     0.7
   25 |   1.0651 |     37.019 |   1.1305 |     40.115 |     0.7
   26 |   1.0482 |     36.119 |   1.1224 |     39.603 |     0.7
   27 |   1.0287 |     35.525 |   1.1070 |     38.260 |     0.8
   28 |   1.0099 |     35.127 |   1.1166 |     39.731 |     0.8
   29 |   0.9956 |     34.118 |   1.1112 |     38.516 |     0.8
   30 |   0.9770 |     33.475 |   1.0981 |     38.612 |     0.8
   31 |   0.9618 |     32.679 |   1.0893 |     37.268 |     0.9
   32 |   0.9472 |     32.009 |   1.0951 |     37.364 |     0.9
   33 |   0.9209 |     30.978 |   1.0914 |     36.820 |     0.9
   34 |   0.9209 |     30.613 |   1.0789 |     36.564 |     0.9
   35 |   0.8952 |     29.828 |   1.0681 |     36.148 |     1.0
   36 |   0.8713 |     28.879 |   1.0658 |     35.541 |     1.0
   37 |   0.8546 |     28.323 |   1.0597 |     35.285 |     1.0
   38 |   0.8340 |     27.582 |   1.0607 |     34.357 |     1.1
   39 |   0.8145 |     26.567 |   1.0522 |     34.741 |     1.1
   40 |   0.7977 |     26.235 |   1.0490 |     34.485 |     1.1
   41 |   0.7843 |     25.570 |   1.0486 |     34.101 |     1.1
   42 |   0.7566 |     24.839 |   1.0486 |     33.589 |     1.2
   43 |   0.7450 |     24.512 |   1.0513 |     33.173 |     1.2
   44 |   0.7270 |     24.092 |   1.0519 |     33.461 |     1.2
   45 |   0.7095 |     22.964 |   1.0365 |     32.534 |     1.3
   46 |   0.6923 |     22.560 |   1.0613 |     33.333 |     1.3
   47 |   0.6757 |     21.906 |   1.0538 |     32.534 |     1.3
   48 |   0.6654 |     21.732 |   1.0513 |     31.414 |     1.3
   49 |   0.6451 |     21.148 |   1.0636 |     31.926 |     1.4
Early stopping

Model: Seq2Seq Bi-LSTM
Source index: <Seq2Seq Index with 46 items>
Target index: <Seq2Seq Index with 34 items>
Encoder embedding dimension: 128
Decoder embedding dimension: 64
Encoder hidden units: 128
Encoder layers: 2
Decoder hidden units: 64
Decoder layers: 3
Dropout: 0.0
Trainable parameters: 835,106

Training started
X_train.shape: torch.Size([3057, 702])
Y_train.shape: torch.Size([3057, 7])
X_dev.shape: torch.Size([521, 307])
Y_dev.shape: torch.Size([521, 7])
Epochs: 500
Learning rate: 0.001
Weight decay: 0.0001
Epoch | Train                 | Development           | Minutes
      | Loss     | Error Rate | Loss     | Error Rate |
---------------------------------------------------------------
    1 |   2.5128 |     66.836 |   1.9643 |     53.743 |     0.0
    2 |   1.7515 |     49.706 |   1.5938 |     48.401 |     0.1
    3 |   1.5002 |     46.424 |   1.4721 |     46.321 |     0.1
    4 |   1.4316 |     46.085 |   1.4268 |     46.289 |     0.2
    5 |   1.4019 |     46.036 |   1.4145 |     46.257 |     0.2
    6 |   1.3806 |     45.851 |   1.3849 |     45.745 |     0.2
    7 |   1.3629 |     46.200 |   1.3691 |     45.841 |     0.3
    8 |   1.3458 |     45.726 |   1.3398 |     46.065 |     0.3
    9 |   1.3233 |     45.317 |   1.3187 |     45.393 |     0.3
   10 |   1.3068 |     45.066 |   1.3033 |     45.298 |     0.4
   11 |   1.2908 |     44.782 |   1.2830 |     45.074 |     0.4
   12 |   1.2740 |     44.788 |   1.2737 |     44.274 |     0.5
   13 |   1.2607 |     44.254 |   1.2586 |     44.274 |     0.5
   14 |   1.2487 |     43.529 |   1.2438 |     44.370 |     0.5
   15 |   1.2383 |     43.419 |   1.2457 |     44.466 |     0.6
   16 |   1.2294 |     43.316 |   1.2336 |     43.890 |     0.6
   17 |   1.2190 |     43.032 |   1.2209 |     43.442 |     0.7
   18 |   1.2081 |     42.656 |   1.2148 |     44.402 |     0.7
   19 |   1.1975 |     42.645 |   1.2098 |     43.826 |     0.7
   20 |   1.1902 |     42.127 |   1.2003 |     43.538 |     0.8
   21 |   1.1813 |     41.648 |   1.1964 |     43.346 |     0.8
   22 |   1.1744 |     41.997 |   1.2027 |     44.114 |     0.8
   23 |   1.1667 |     41.419 |   1.1884 |     42.770 |     0.9
   24 |   1.1568 |     41.135 |   1.1766 |     42.131 |     0.9
   25 |   1.1484 |     40.770 |   1.1780 |     43.218 |     1.0
   26 |   1.1427 |     40.813 |   1.1653 |     42.962 |     1.0
   27 |   1.1359 |     40.824 |   1.1542 |     42.163 |     1.0
   28 |   1.1305 |     40.568 |   1.1524 |     41.715 |     1.1
   29 |   1.1203 |     40.012 |   1.1600 |     42.866 |     1.1
   30 |   1.1167 |     39.914 |   1.1385 |     41.427 |     1.2
   31 |   1.1121 |     39.701 |   1.1392 |     42.003 |     1.2
   32 |   1.1060 |     39.750 |   1.1334 |     41.491 |     1.2
   33 |   1.0962 |     39.107 |   1.1205 |     41.843 |     1.3
   34 |   1.0907 |     39.178 |   1.1249 |     41.235 |     1.3
   35 |   1.0846 |     38.998 |   1.1167 |     41.395 |     1.3
   36 |   1.0807 |     38.883 |   1.1138 |     40.787 |     1.4
   37 |   1.0732 |     38.415 |   1.1170 |     40.659 |     1.4
   38 |   1.0695 |     38.584 |   1.1130 |     40.467 |     1.5
   39 |   1.0627 |     38.251 |   1.1058 |     41.171 |     1.5
   40 |   1.0541 |     37.766 |   1.0982 |     40.243 |     1.5
   41 |   1.0492 |     37.417 |   1.0914 |     39.987 |     1.6
   42 |   1.0430 |     37.199 |   1.0913 |     39.667 |     1.6
   43 |   1.0375 |     36.866 |   1.0894 |     39.859 |     1.7
   44 |   1.0307 |     36.795 |   1.1099 |     39.827 |     1.7
   45 |   1.0299 |     36.474 |   1.0830 |     39.443 |     1.7
   46 |   1.0224 |     36.283 |   1.0855 |     40.115 |     1.8
   47 |   1.0155 |     36.010 |   1.0839 |     39.475 |     1.8
   48 |   1.0095 |     35.825 |   1.0739 |     39.539 |     1.8
   49 |   1.0035 |     35.525 |   1.0710 |     38.964 |     1.9
   50 |   0.9986 |     35.198 |   1.0736 |     38.708 |     1.9
   51 |   0.9908 |     34.985 |   1.0679 |     38.900 |     2.0
   52 |   0.9865 |     34.887 |   1.0647 |     39.219 |     2.0
   53 |   0.9804 |     34.985 |   1.0630 |     38.452 |     2.0
   54 |   0.9746 |     34.473 |   1.0670 |     38.836 |     2.1
   55 |   0.9660 |     34.069 |   1.0589 |     38.132 |     2.1
   56 |   0.9575 |     33.655 |   1.0541 |     38.260 |     2.2
   57 |   0.9531 |     33.595 |   1.0532 |     37.684 |     2.2
   58 |   0.9402 |     32.990 |   1.0673 |     39.347 |     2.2
   59 |   0.9328 |     32.652 |   1.0496 |     37.364 |     2.3
   60 |   0.9227 |     32.390 |   1.0440 |     37.268 |     2.3
   61 |   0.9212 |     32.237 |   1.0503 |     37.460 |     2.4
   62 |   0.9091 |     31.790 |   1.0311 |     36.308 |     2.4
   63 |   0.8917 |     31.283 |   1.0444 |     36.852 |     2.4
   64 |   0.8846 |     30.667 |   1.0288 |     36.500 |     2.5
   65 |   0.8724 |     30.275 |   1.0232 |     35.189 |     2.5
   66 |   0.8628 |     29.773 |   1.0186 |     34.709 |     2.5
   67 |   0.8481 |     29.135 |   1.0097 |     35.733 |     2.6
   68 |   0.8374 |     28.617 |   1.0030 |     34.293 |     2.6
   69 |   0.8292 |     28.481 |   1.0271 |     35.221 |     2.7
   70 |   0.8147 |     27.816 |   1.0049 |     34.581 |     2.7
   71 |   0.7971 |     26.982 |   1.0025 |     34.005 |     2.7
   72 |   0.7840 |     26.388 |   0.9887 |     33.877 |     2.8
   73 |   0.7745 |     26.246 |   0.9927 |     33.589 |     2.8
   74 |   0.7594 |     25.646 |   0.9996 |     33.109 |     2.9
   75 |   0.7417 |     24.812 |   1.0034 |     33.621 |     2.9
   76 |   0.7324 |     24.381 |   0.9883 |     32.118 |     2.9
   77 |   0.7167 |     23.912 |   0.9857 |     32.182 |     3.0
   78 |   0.7007 |     23.182 |   0.9909 |     32.406 |     3.0
   79 |   0.6831 |     22.473 |   0.9859 |     32.566 |     3.1
   80 |   0.6700 |     22.179 |   0.9843 |     31.830 |     3.1
   81 |   0.6576 |     21.748 |   0.9953 |     31.638 |     3.1
   82 |   0.6454 |     21.257 |   1.0047 |     32.054 |     3.2
   83 |   0.6349 |     21.154 |   1.0016 |     31.830 |     3.2
   84 |   0.6300 |     20.581 |   1.0185 |     31.414 |     3.2
Early stopping

Model: Seq2Seq Bi-LSTM
Source index: <Seq2Seq Index with 46 items>
Target index: <Seq2Seq Index with 34 items>
Encoder embedding dimension: 32
Decoder embedding dimension: 64
Encoder hidden units: 64
Encoder layers: 4
Decoder hidden units: 128
Decoder layers: 2
Dropout: 0.0
Trainable parameters: 718,690

Training started
X_train.shape: torch.Size([3057, 702])
Y_train.shape: torch.Size([3057, 7])
X_dev.shape: torch.Size([521, 307])
Y_dev.shape: torch.Size([521, 7])
Epochs: 500
Learning rate: 0.001
Weight decay: 0.0001
Epoch | Train                 | Development           | Minutes
      | Loss     | Error Rate | Loss     | Error Rate |
---------------------------------------------------------------
    1 |   2.0854 |     57.262 |   1.5228 |     46.321 |     0.0
    2 |   1.4221 |     45.829 |   1.3791 |     45.649 |     0.1
    3 |   1.3374 |     45.311 |   1.3025 |     44.370 |     0.1
    4 |   1.2886 |     44.374 |   1.2681 |     43.858 |     0.1
    5 |   1.2586 |     43.496 |   1.2449 |     43.378 |     0.2
    6 |   1.2309 |     42.689 |   1.2277 |     43.730 |     0.2
    7 |   1.2086 |     42.422 |   1.2038 |     43.026 |     0.2
    8 |   1.1887 |     42.220 |   1.1881 |     42.930 |     0.2
    9 |   1.1679 |     41.648 |   1.1701 |     42.706 |     0.3
   10 |   1.1532 |     41.566 |   1.1459 |     41.299 |     0.3
   11 |   1.1353 |     40.884 |   1.1347 |     41.587 |     0.3
   12 |   1.1167 |     40.121 |   1.1158 |     40.915 |     0.4
   13 |   1.1005 |     39.412 |   1.1081 |     40.691 |     0.4
   14 |   1.0791 |     38.556 |   1.0930 |     39.475 |     0.4
   15 |   1.0626 |     37.417 |   1.0880 |     39.283 |     0.5
   16 |   1.0410 |     36.757 |   1.0766 |     38.228 |     0.5
   17 |   1.0247 |     36.141 |   1.0538 |     37.748 |     0.5
   18 |   1.0076 |     35.694 |   1.0508 |     37.300 |     0.5
   19 |   0.9851 |     34.511 |   1.0403 |     37.268 |     0.6
   20 |   0.9682 |     34.255 |   1.0398 |     37.524 |     0.6
   21 |   0.9510 |     33.279 |   1.0294 |     36.660 |     0.6
   22 |   0.9296 |     32.494 |   1.0192 |     35.925 |     0.7
   23 |   0.9100 |     31.780 |   1.0076 |     35.157 |     0.7
   24 |   0.8885 |     30.956 |   0.9923 |     34.901 |     0.7
   25 |   0.8676 |     30.149 |   0.9995 |     34.549 |     0.8
   26 |   0.8446 |     29.163 |   0.9842 |     34.069 |     0.8
   27 |   0.8243 |     28.203 |   0.9822 |     33.813 |     0.8
   28 |   0.8025 |     27.260 |   0.9696 |     32.278 |     0.8
   29 |   0.7748 |     26.366 |   0.9835 |     33.269 |     0.9
   30 |   0.7534 |     25.728 |   0.9601 |     31.958 |     0.9
   31 |   0.7355 |     25.128 |   0.9559 |     32.246 |     0.9
   32 |   0.7140 |     24.125 |   0.9414 |     31.126 |     1.0
   33 |   0.6954 |     23.340 |   0.9462 |     30.614 |     1.0
   34 |   0.6753 |     22.833 |   0.9261 |     30.038 |     1.0
   35 |   0.6503 |     21.737 |   0.9279 |     30.326 |     1.1
   36 |   0.6276 |     20.903 |   0.9185 |     30.006 |     1.1
   37 |   0.6099 |     20.210 |   0.9556 |     30.198 |     1.1
   38 |   0.5958 |     19.769 |   0.9422 |     29.559 |     1.2
   39 |   0.5694 |     18.913 |   0.9448 |     29.687 |     1.2
   40 |   0.5483 |     18.155 |   0.9376 |     29.303 |     1.2
Early stopping

Model: Seq2Seq Bi-LSTM
Source index: <Seq2Seq Index with 46 items>
Target index: <Seq2Seq Index with 34 items>
Encoder embedding dimension: 64
Decoder embedding dimension: 64
Encoder hidden units: 128
Encoder layers: 4
Decoder hidden units: 128
Decoder layers: 3
Dropout: 0.0
Trainable parameters: 2,019,618

Training started
X_train.shape: torch.Size([3057, 702])
Y_train.shape: torch.Size([3057, 7])
X_dev.shape: torch.Size([521, 307])
Y_dev.shape: torch.Size([521, 7])
Epochs: 500
Learning rate: 0.001
Weight decay: 0.0001
Epoch | Train                 | Development           | Minutes
      | Loss     | Error Rate | Loss     | Error Rate |
---------------------------------------------------------------
    1 |   2.2520 |     60.615 |   1.6829 |     46.289 |     0.1
    2 |   1.5102 |     46.162 |   1.4510 |     46.289 |     0.1
    3 |   1.4207 |     46.036 |   1.4201 |     46.321 |     0.2
    4 |   1.3960 |     46.364 |   1.3980 |     46.289 |     0.3
    5 |   1.3659 |     45.867 |   1.3494 |     46.161 |     0.4
    6 |   1.3288 |     45.884 |   1.3232 |     45.809 |     0.4
    7 |   1.3015 |     45.344 |   1.2802 |     45.393 |     0.5
    8 |   1.2786 |     44.957 |   1.2696 |     44.722 |     0.6
    9 |   1.2624 |     44.390 |   1.2587 |     44.594 |     0.7
   10 |   1.2469 |     43.943 |   1.2413 |     44.434 |     0.7
   11 |   1.2339 |     43.474 |   1.2223 |     43.666 |     0.8
   12 |   1.2213 |     43.321 |   1.2144 |     43.090 |     0.9
   13 |   1.2079 |     42.634 |   1.2024 |     43.730 |     1.0
   14 |   1.1937 |     42.520 |   1.1921 |     42.930 |     1.0
   15 |   1.1816 |     42.013 |   1.1797 |     42.930 |     1.1
   16 |   1.1719 |     41.773 |   1.1670 |     42.322 |     1.2
   17 |   1.1577 |     41.380 |   1.1621 |     41.651 |     1.3
   18 |   1.1518 |     41.097 |   1.1530 |     41.363 |     1.3
   19 |   1.1414 |     41.010 |   1.1405 |     41.011 |     1.4
   20 |   1.1285 |     40.530 |   1.1349 |     41.331 |     1.5
   21 |   1.1213 |     40.328 |   1.1296 |     40.883 |     1.5
   22 |   1.1114 |     39.696 |   1.1224 |     41.171 |     1.6
   23 |   1.0984 |     39.380 |   1.1113 |     40.371 |     1.7
   24 |   1.0906 |     39.440 |   1.1104 |     40.595 |     1.8
   25 |   1.0780 |     38.954 |   1.1014 |     41.235 |     1.8
   26 |   1.0708 |     38.594 |   1.0867 |     39.443 |     1.9
   27 |   1.0605 |     38.169 |   1.0880 |     39.603 |     2.0
   28 |   1.0466 |     37.739 |   1.0767 |     38.932 |     2.1
   29 |   1.0399 |     37.281 |   1.0709 |     39.028 |     2.1
   30 |   1.0281 |     36.883 |   1.0728 |     38.964 |     2.2
   31 |   1.0212 |     36.555 |   1.0511 |     37.876 |     2.3
   32 |   1.0119 |     35.956 |   1.0459 |     37.364 |     2.4
   33 |   1.0024 |     35.896 |   1.0499 |     37.460 |     2.4
   34 |   0.9913 |     35.356 |   1.0322 |     36.724 |     2.5
   35 |   0.9834 |     34.664 |   1.0360 |     37.396 |     2.6
   36 |   0.9718 |     34.315 |   1.0289 |     37.108 |     2.7
   37 |   0.9618 |     34.151 |   1.0192 |     36.084 |     2.7
   38 |   0.9555 |     33.939 |   1.0213 |     36.788 |     2.8
   39 |   0.9429 |     33.197 |   1.0187 |     35.285 |     2.9
   40 |   0.9309 |     33.186 |   1.0156 |     35.701 |     2.9
   41 |   0.9255 |     32.619 |   1.0075 |     35.477 |     3.0
   42 |   0.9172 |     32.570 |   0.9934 |     35.061 |     3.1
   43 |   0.9161 |     32.374 |   0.9988 |     35.349 |     3.2
   44 |   0.9018 |     31.932 |   1.0056 |     34.997 |     3.2
   45 |   0.8898 |     31.501 |   1.0032 |     35.125 |     3.3
   46 |   0.8782 |     30.705 |   0.9865 |     35.061 |     3.4
   47 |   0.8683 |     30.629 |   0.9930 |     34.901 |     3.5
   48 |   0.8575 |     29.980 |   0.9908 |     34.421 |     3.5
   49 |   0.8518 |     29.920 |   0.9903 |     34.197 |     3.6
   50 |   0.8380 |     29.359 |   0.9876 |     34.453 |     3.7
Early stopping

Model: Seq2Seq Bi-LSTM
Source index: <Seq2Seq Index with 46 items>
Target index: <Seq2Seq Index with 34 items>
Encoder embedding dimension: 32
Decoder embedding dimension: 128
Encoder hidden units: 64
Encoder layers: 2
Decoder hidden units: 128
Decoder layers: 3
Dropout: 0.0
Trainable parameters: 621,538

Training started
X_train.shape: torch.Size([3057, 702])
Y_train.shape: torch.Size([3057, 7])
X_dev.shape: torch.Size([521, 307])
Y_dev.shape: torch.Size([521, 7])
Epochs: 500
Learning rate: 0.001
Weight decay: 0.0001
Epoch | Train                 | Development           | Minutes
      | Loss     | Error Rate | Loss     | Error Rate |
---------------------------------------------------------------
    1 |   2.1742 |     59.443 |   1.6007 |     46.289 |     0.0
    2 |   1.4674 |     46.233 |   1.4180 |     46.321 |     0.0
    3 |   1.3809 |     46.020 |   1.3654 |     46.289 |     0.0
    4 |   1.3392 |     45.606 |   1.3177 |     45.457 |     0.1
    5 |   1.3104 |     45.638 |   1.2928 |     44.498 |     0.1
    6 |   1.2868 |     45.033 |   1.2838 |     45.138 |     0.1
    7 |   1.2681 |     44.341 |   1.2577 |     44.946 |     0.1
    8 |   1.2471 |     43.856 |   1.2381 |     43.698 |     0.1
    9 |   1.2312 |     43.469 |   1.2282 |     43.794 |     0.1
   10 |   1.2142 |     42.907 |   1.2146 |     43.058 |     0.2
   11 |   1.2044 |     42.749 |   1.1971 |     42.738 |     0.2
   12 |   1.1818 |     42.340 |   1.1798 |     42.770 |     0.2
   13 |   1.1654 |     41.942 |   1.1761 |     43.154 |     0.2
   14 |   1.1527 |     41.413 |   1.1441 |     40.851 |     0.2
   15 |   1.1337 |     40.574 |   1.1406 |     41.171 |     0.2
   16 |   1.1183 |     40.165 |   1.1359 |     41.075 |     0.3
   17 |   1.1083 |     40.083 |   1.1367 |     41.203 |     0.3
   18 |   1.0960 |     39.581 |   1.1186 |     40.819 |     0.3
   19 |   1.0809 |     39.140 |   1.1092 |     39.891 |     0.3
   20 |   1.0709 |     38.878 |   1.1162 |     40.627 |     0.3
   21 |   1.0623 |     38.338 |   1.0871 |     39.379 |     0.3
   22 |   1.0497 |     38.087 |   1.0798 |     38.708 |     0.4
   23 |   1.0375 |     37.417 |   1.0802 |     38.804 |     0.4
   24 |   1.0259 |     36.724 |   1.0768 |     38.836 |     0.4
   25 |   1.0163 |     36.446 |   1.0697 |     38.772 |     0.4
   26 |   1.0057 |     35.907 |   1.0535 |     37.684 |     0.4
   27 |   0.9904 |     35.252 |   1.0539 |     38.196 |     0.4
   28 |   0.9784 |     34.947 |   1.0645 |     37.428 |     0.5
   29 |   0.9766 |     35.029 |   1.0393 |     36.596 |     0.5
   30 |   0.9606 |     34.478 |   1.0352 |     36.500 |     0.5
   31 |   0.9500 |     33.895 |   1.0453 |     37.588 |     0.5
   32 |   0.9401 |     33.491 |   1.0306 |     36.180 |     0.5
   33 |   0.9311 |     33.170 |   1.0190 |     35.988 |     0.5
   34 |   0.9147 |     32.603 |   1.0114 |     36.052 |     0.6
   35 |   0.9036 |     32.009 |   1.0050 |     35.861 |     0.6
   36 |   0.8949 |     31.681 |   1.0062 |     35.157 |     0.6
   37 |   0.8814 |     31.103 |   1.0010 |     34.517 |     0.6
   38 |   0.8734 |     31.016 |   0.9993 |     34.933 |     0.6
   39 |   0.8570 |     30.068 |   0.9842 |     34.517 |     0.6
   40 |   0.8493 |     30.013 |   0.9821 |     33.877 |     0.7
   41 |   0.8354 |     29.223 |   0.9988 |     34.805 |     0.7
   42 |   0.8169 |     28.666 |   0.9955 |     33.589 |     0.7
   43 |   0.8066 |     28.236 |   0.9735 |     33.109 |     0.7
   44 |   0.7959 |     27.761 |   0.9718 |     33.557 |     0.7
   45 |   0.7889 |     27.478 |   0.9873 |     33.909 |     0.7
   46 |   0.7712 |     26.884 |   0.9712 |     33.205 |     0.8
   47 |   0.7525 |     26.050 |   0.9678 |     32.470 |     0.8
   48 |   0.7560 |     26.235 |   1.0455 |     34.677 |     0.8
   49 |   0.7327 |     25.079 |   0.9708 |     32.726 |     0.8
   50 |   0.7233 |     24.752 |   0.9582 |     31.670 |     0.8
   51 |   0.7030 |     24.092 |   0.9667 |     31.286 |     0.8
   52 |   0.6888 |     23.569 |   0.9655 |     31.830 |     0.9
   53 |   0.6880 |     23.787 |   0.9614 |     31.414 |     0.9
   54 |   0.6698 |     23.051 |   0.9625 |     31.318 |     0.9
   55 |   0.6471 |     22.222 |   0.9557 |     31.126 |     0.9
   56 |   0.6366 |     21.830 |   0.9738 |     31.190 |     0.9
   57 |   0.6276 |     21.617 |   0.9553 |     30.166 |     0.9
   58 |   0.6178 |     21.159 |   0.9684 |     30.422 |     0.9
   59 |   0.6070 |     20.658 |   0.9712 |     30.486 |     1.0
   60 |   0.5960 |     20.287 |   0.9602 |     29.463 |     1.0
   61 |   0.5826 |     19.791 |   0.9778 |     29.910 |     1.0
Early stopping

Model: Seq2Seq Bi-LSTM
Source index: <Seq2Seq Index with 46 items>
Target index: <Seq2Seq Index with 34 items>
Encoder embedding dimension: 32
Decoder embedding dimension: 128
Encoder hidden units: 128
Encoder layers: 4
Decoder hidden units: 64
Decoder layers: 3
Dropout: 0.2
Trainable parameters: 1,607,010

Training started
X_train.shape: torch.Size([3057, 702])
Y_train.shape: torch.Size([3057, 7])
X_dev.shape: torch.Size([521, 307])
Y_dev.shape: torch.Size([521, 7])
Epochs: 500
Learning rate: 0.001
Weight decay: 1e-05
Epoch | Train                 | Development           | Minutes
      | Loss     | Error Rate | Loss     | Error Rate |
---------------------------------------------------------------
    1 |   2.5127 |     66.836 |   1.9497 |     53.743 |     0.1
    2 |   1.7471 |     50.000 |   1.5911 |     48.401 |     0.2
    3 |   1.5041 |     46.336 |   1.4605 |     46.289 |     0.2
    4 |   1.4310 |     46.211 |   1.4246 |     46.289 |     0.3
    5 |   1.4016 |     46.222 |   1.4025 |     46.289 |     0.4
    6 |   1.3820 |     46.080 |   1.3727 |     46.065 |     0.5
    7 |   1.3607 |     45.431 |   1.3514 |     45.809 |     0.6
    8 |   1.3421 |     45.371 |   1.3296 |     45.202 |     0.6
    9 |   1.3213 |     45.306 |   1.3130 |     44.754 |     0.7
   10 |   1.3052 |     44.913 |   1.2892 |     44.498 |     0.8
   11 |   1.2850 |     44.472 |   1.2681 |     43.794 |     0.9
   12 |   1.2651 |     43.976 |   1.2552 |     42.802 |     1.0
   13 |   1.2482 |     43.038 |   1.2389 |     43.090 |     1.0
   14 |   1.2291 |     42.727 |   1.2203 |     43.282 |     1.1
   15 |   1.2127 |     42.504 |   1.2135 |     42.418 |     1.2
   16 |   1.2001 |     41.942 |   1.1959 |     42.226 |     1.3
   17 |   1.1867 |     41.375 |   1.1822 |     41.651 |     1.4
   18 |   1.1742 |     41.315 |   1.1743 |     41.235 |     1.4
   19 |   1.1639 |     41.337 |   1.1636 |     41.715 |     1.5
   20 |   1.1504 |     40.606 |   1.1622 |     41.779 |     1.6
   21 |   1.1378 |     40.323 |   1.1488 |     40.979 |     1.7
   22 |   1.1274 |     39.908 |   1.1433 |     41.075 |     1.7
   23 |   1.1210 |     39.838 |   1.1429 |     40.787 |     1.8
   24 |   1.1103 |     39.538 |   1.1256 |     40.083 |     1.9
   25 |   1.0955 |     38.813 |   1.1248 |     39.987 |     2.0
   26 |   1.0871 |     38.436 |   1.1207 |     39.347 |     2.1
   27 |   1.0709 |     37.749 |   1.1172 |     39.699 |     2.1
   28 |   1.0659 |     37.766 |   1.1181 |     39.635 |     2.2
   29 |   1.0551 |     37.259 |   1.1064 |     39.060 |     2.3
   30 |   1.0413 |     36.446 |   1.1025 |     39.347 |     2.4
   31 |   1.0328 |     36.179 |   1.0960 |     38.740 |     2.5
   32 |   1.0203 |     35.836 |   1.0948 |     39.091 |     2.5
   33 |   1.0124 |     35.525 |   1.0814 |     37.972 |     2.6
   34 |   1.0075 |     35.405 |   1.0846 |     38.516 |     2.7
   35 |   0.9955 |     34.631 |   1.0747 |     37.876 |     2.8
   36 |   0.9764 |     34.129 |   1.0713 |     37.844 |     2.9
   37 |   0.9614 |     33.410 |   1.0698 |     36.724 |     2.9
   38 |   0.9510 |     32.875 |   1.0587 |     36.788 |     3.0
   39 |   0.9380 |     32.695 |   1.0498 |     35.988 |     3.1
   40 |   0.9207 |     31.763 |   1.0413 |     36.500 |     3.2
   41 |   0.9024 |     31.000 |   1.0490 |     36.084 |     3.3
   42 |   0.8920 |     30.444 |   1.0524 |     35.445 |     3.3
   43 |   0.8822 |     29.997 |   1.0507 |     35.125 |     3.4
   44 |   0.8661 |     29.304 |   1.0384 |     34.133 |     3.5
   45 |   0.8445 |     28.530 |   1.0315 |     34.453 |     3.6
   46 |   0.8313 |     28.132 |   1.0452 |     34.485 |     3.7
   47 |   0.8206 |     27.887 |   1.0254 |     33.813 |     3.7
   48 |   0.7973 |     26.775 |   1.0345 |     33.429 |     3.8
   49 |   0.7805 |     25.935 |   1.0316 |     33.845 |     3.9
   50 |   0.7741 |     25.902 |   1.0222 |     32.758 |     4.0
   51 |   0.7613 |     25.624 |   1.0443 |     33.237 |     4.1
   52 |   0.7415 |     24.681 |   1.0172 |     31.574 |     4.1
   53 |   0.7215 |     23.983 |   1.0293 |     31.638 |     4.2
   54 |   0.7134 |     23.727 |   1.0316 |     32.150 |     4.3
   55 |   0.6918 |     22.816 |   1.0227 |     30.742 |     4.4
   56 |   0.6826 |     22.560 |   1.0319 |     31.062 |     4.5
Early stopping

Model: Seq2Seq Bi-LSTM
Source index: <Seq2Seq Index with 46 items>
Target index: <Seq2Seq Index with 34 items>
Encoder embedding dimension: 128
Decoder embedding dimension: 64
Encoder hidden units: 128
Encoder layers: 3
Decoder hidden units: 64
Decoder layers: 3
Dropout: 0.0
Trainable parameters: 1,263,138

Training started
X_train.shape: torch.Size([3057, 702])
Y_train.shape: torch.Size([3057, 7])
X_dev.shape: torch.Size([521, 307])
Y_dev.shape: torch.Size([521, 7])
Epochs: 500
Learning rate: 0.001
Weight decay: 1e-05
Epoch | Train                 | Development           | Minutes
      | Loss     | Error Rate | Loss     | Error Rate |
---------------------------------------------------------------
    1 |   2.4938 |     66.563 |   1.9516 |     53.135 |     0.1
    2 |   1.7148 |     47.956 |   1.5626 |     46.321 |     0.1
    3 |   1.4833 |     46.265 |   1.4601 |     46.321 |     0.2
    4 |   1.4268 |     46.151 |   1.4251 |     46.289 |     0.2
    5 |   1.4015 |     46.140 |   1.4007 |     46.289 |     0.3
    6 |   1.3819 |     46.015 |   1.3793 |     45.969 |     0.3
    7 |   1.3593 |     45.600 |   1.3555 |     45.969 |     0.4
    8 |   1.3378 |     45.110 |   1.3394 |     45.585 |     0.5
    9 |   1.3217 |     45.011 |   1.3253 |     44.850 |     0.5
   10 |   1.2971 |     44.243 |   1.2951 |     44.466 |     0.6
   11 |   1.2722 |     43.768 |   1.2690 |     44.210 |     0.6
   12 |   1.2494 |     43.261 |   1.2440 |     42.802 |     0.7
   13 |   1.2271 |     42.285 |   1.2414 |     42.930 |     0.7
   14 |   1.2078 |     41.806 |   1.2305 |     42.290 |     0.8
   15 |   1.1857 |     41.146 |   1.2007 |     41.811 |     0.9
   16 |   1.1624 |     40.623 |   1.1783 |     41.491 |     0.9
   17 |   1.1364 |     39.543 |   1.1652 |     41.267 |     1.0
   18 |   1.1119 |     38.823 |   1.1598 |     40.627 |     1.0
   19 |   1.0852 |     37.728 |   1.1497 |     39.923 |     1.1
   20 |   1.0607 |     36.648 |   1.1259 |     39.795 |     1.1
   21 |   1.0368 |     35.890 |   1.1256 |     39.060 |     1.2
   22 |   1.0080 |     34.734 |   1.1060 |     38.708 |     1.3
   23 |   0.9772 |     33.328 |   1.0971 |     38.580 |     1.3
   24 |   0.9492 |     32.423 |   1.0911 |     37.300 |     1.4
   25 |   0.9194 |     31.005 |   1.0914 |     37.396 |     1.4
   26 |   0.8933 |     30.389 |   1.0867 |     36.596 |     1.5
   27 |   0.8621 |     28.863 |   1.0712 |     36.276 |     1.5
   28 |   0.8336 |     27.407 |   1.0717 |     35.125 |     1.6
   29 |   0.7951 |     25.711 |   1.0513 |     33.941 |     1.7
   30 |   0.7628 |     24.354 |   1.0695 |     34.325 |     1.7
   31 |   0.7291 |     23.138 |   1.0698 |     33.909 |     1.8
   32 |   0.6898 |     21.541 |   1.0740 |     33.525 |     1.8
   33 |   0.6687 |     21.056 |   1.0813 |     32.821 |     1.9
Early stopping

Model: Seq2Seq Bi-LSTM
Source index: <Seq2Seq Index with 46 items>
Target index: <Seq2Seq Index with 34 items>
Encoder embedding dimension: 128
Decoder embedding dimension: 64
Encoder hidden units: 128
Encoder layers: 4
Decoder hidden units: 128
Decoder layers: 3
Dropout: 0.0
Trainable parameters: 2,088,098

Training started
X_train.shape: torch.Size([3057, 702])
Y_train.shape: torch.Size([3057, 7])
X_dev.shape: torch.Size([521, 307])
Y_dev.shape: torch.Size([521, 7])
Epochs: 500
Learning rate: 0.001
Weight decay: 0.0001
Epoch | Train                 | Development           | Minutes
      | Loss     | Error Rate | Loss     | Error Rate |
---------------------------------------------------------------
    1 |   2.1926 |     59.001 |   1.6579 |     48.401 |     0.1
    2 |   1.4938 |     46.173 |   1.4541 |     46.321 |     0.2
    3 |   1.4163 |     46.227 |   1.4197 |     46.321 |     0.2
    4 |   1.3968 |     46.075 |   1.3972 |     46.321 |     0.3
    5 |   1.3593 |     45.906 |   1.3446 |     45.585 |     0.4
    6 |   1.3266 |     45.529 |   1.3117 |     45.361 |     0.5
    7 |   1.3002 |     44.804 |   1.2849 |     44.210 |     0.5
    8 |   1.2731 |     44.428 |   1.2656 |     44.530 |     0.6
    9 |   1.2470 |     43.523 |   1.2481 |     42.994 |     0.7
   10 |   1.2316 |     42.880 |   1.2301 |     42.866 |     0.8
   11 |   1.2153 |     42.166 |   1.2247 |     42.834 |     0.8
   12 |   1.2021 |     41.882 |   1.2097 |     43.410 |     0.9
   13 |   1.1908 |     41.860 |   1.2040 |     42.450 |     1.0
   14 |   1.1771 |     41.642 |   1.1946 |     42.354 |     1.1
   15 |   1.1635 |     40.950 |   1.1699 |     42.322 |     1.1
   16 |   1.1532 |     41.004 |   1.1624 |     41.843 |     1.2
   17 |   1.1395 |     40.753 |   1.1555 |     41.715 |     1.3
   18 |   1.1256 |     40.061 |   1.1315 |     41.267 |     1.4
   19 |   1.1144 |     39.865 |   1.1487 |     42.131 |     1.4
   20 |   1.1008 |     39.380 |   1.1291 |     40.915 |     1.5
   21 |   1.0861 |     38.742 |   1.1132 |     40.819 |     1.6
   22 |   1.0758 |     38.365 |   1.1087 |     40.627 |     1.6
   23 |   1.0596 |     37.624 |   1.0931 |     38.804 |     1.7
   24 |   1.0443 |     36.975 |   1.0902 |     39.060 |     1.8
   25 |   1.0327 |     36.594 |   1.0840 |     39.187 |     1.9
   26 |   1.0150 |     35.765 |   1.0847 |     38.964 |     1.9
   27 |   1.0077 |     35.536 |   1.0775 |     38.388 |     2.0
   28 |   0.9942 |     35.023 |   1.0590 |     37.876 |     2.1
   29 |   0.9770 |     34.244 |   1.0590 |     37.812 |     2.2
   30 |   0.9653 |     33.862 |   1.0439 |     37.268 |     2.2
   31 |   0.9566 |     33.879 |   1.0408 |     36.180 |     2.3
   32 |   0.9387 |     32.663 |   1.0456 |     36.660 |     2.4
   33 |   0.9271 |     32.167 |   1.0176 |     35.381 |     2.5
   34 |   0.9125 |     31.665 |   1.0149 |     35.669 |     2.5
   35 |   0.8987 |     31.054 |   1.0187 |     35.509 |     2.6
   36 |   0.8851 |     30.629 |   1.0105 |     35.541 |     2.7
   37 |   0.8710 |     29.839 |   0.9992 |     34.069 |     2.8
   38 |   0.8567 |     29.119 |   0.9945 |     34.837 |     2.8
   39 |   0.8404 |     28.852 |   0.9917 |     33.973 |     2.9
   40 |   0.8229 |     28.285 |   0.9843 |     33.877 |     3.0
   41 |   0.8056 |     27.560 |   0.9899 |     34.037 |     3.1
   42 |   0.7907 |     27.064 |   0.9621 |     32.054 |     3.1
   43 |   0.7725 |     26.115 |   0.9756 |     32.758 |     3.2
   44 |   0.7574 |     25.940 |   0.9710 |     31.510 |     3.3
   45 |   0.7360 |     25.155 |   0.9811 |     32.342 |     3.4
   46 |   0.7191 |     24.120 |   0.9648 |     32.374 |     3.4
   47 |   0.7024 |     23.727 |   0.9606 |     31.382 |     3.5
   48 |   0.6851 |     23.056 |   0.9642 |     31.734 |     3.6
   49 |   0.6671 |     22.397 |   0.9724 |     31.414 |     3.7
   50 |   0.6546 |     21.792 |   0.9714 |     30.998 |     3.7
   51 |   0.6399 |     21.361 |   0.9754 |     30.998 |     3.8
Early stopping

Model: Seq2Seq Bi-LSTM
Source index: <Seq2Seq Index with 46 items>
Target index: <Seq2Seq Index with 34 items>
Encoder embedding dimension: 64
Decoder embedding dimension: 128
Encoder hidden units: 64
Encoder layers: 4
Decoder hidden units: 64
Decoder layers: 2
Dropout: 0.2
Trainable parameters: 522,530

Training started
X_train.shape: torch.Size([3057, 702])
Y_train.shape: torch.Size([3057, 7])
X_dev.shape: torch.Size([521, 307])
Y_dev.shape: torch.Size([521, 7])
Epochs: 500
Learning rate: 0.001
Weight decay: 0.0001
Epoch | Train                 | Development           | Minutes
      | Loss     | Error Rate | Loss     | Error Rate |
---------------------------------------------------------------
    1 |   2.3846 |     61.395 |   1.8205 |     47.889 |     0.0
    2 |   1.5960 |     47.023 |   1.4726 |     45.969 |     0.1
    3 |   1.4181 |     45.944 |   1.3815 |     45.713 |     0.1
    4 |   1.3610 |     45.459 |   1.3399 |     45.585 |     0.1
    5 |   1.3277 |     44.913 |   1.3053 |     45.170 |     0.2
    6 |   1.2965 |     44.564 |   1.2802 |     44.242 |     0.2
    7 |   1.2719 |     43.714 |   1.2590 |     44.050 |     0.2
    8 |   1.2476 |     43.103 |   1.2393 |     43.026 |     0.3
    9 |   1.2271 |     42.580 |   1.2180 |     43.026 |     0.3
   10 |   1.2094 |     42.324 |   1.2039 |     42.994 |     0.3
   11 |   1.1931 |     41.931 |   1.1870 |     41.843 |     0.4
   12 |   1.1735 |     41.435 |   1.1729 |     42.258 |     0.4
   13 |   1.1591 |     40.890 |   1.1605 |     41.075 |     0.4
   14 |   1.1459 |     40.595 |   1.1490 |     41.331 |     0.5
   15 |   1.1346 |     40.121 |   1.1425 |     40.819 |     0.5
   16 |   1.1185 |     39.265 |   1.1344 |     40.339 |     0.5
   17 |   1.1090 |     39.363 |   1.1141 |     40.723 |     0.6
   18 |   1.0979 |     38.736 |   1.1114 |     40.435 |     0.6
   19 |   1.0864 |     38.447 |   1.1049 |     39.795 |     0.6
   20 |   1.0755 |     38.038 |   1.0929 |     39.827 |     0.7
   21 |   1.0657 |     37.886 |   1.0822 |     39.091 |     0.7
   22 |   1.0512 |     37.450 |   1.0750 |     39.091 |     0.7
   23 |   1.0434 |     36.637 |   1.0686 |     38.260 |     0.8
   24 |   1.0337 |     36.359 |   1.0627 |     37.844 |     0.8
   25 |   1.0163 |     35.656 |   1.0543 |     38.132 |     0.8
   26 |   1.0151 |     35.427 |   1.0440 |     37.236 |     0.9
   27 |   0.9965 |     34.893 |   1.0387 |     36.564 |     0.9
   28 |   0.9840 |     34.113 |   1.0285 |     36.948 |     0.9
   29 |   0.9696 |     33.671 |   1.0179 |     35.829 |     1.0
   30 |   0.9571 |     33.050 |   1.0132 |     35.637 |     1.0
   31 |   0.9430 |     32.706 |   0.9978 |     35.221 |     1.0
   32 |   0.9403 |     32.619 |   1.0094 |     35.605 |     1.0
   33 |   0.9178 |     31.589 |   0.9857 |     34.901 |     1.1
   34 |   0.9038 |     31.120 |   0.9816 |     34.421 |     1.1
   35 |   0.8984 |     30.776 |   0.9838 |     34.965 |     1.1
   36 |   0.8863 |     30.427 |   0.9830 |     34.389 |     1.2
   37 |   0.8685 |     29.506 |   0.9678 |     33.717 |     1.2
   38 |   0.8579 |     29.190 |   0.9696 |     33.621 |     1.2
   39 |   0.8459 |     29.092 |   0.9670 |     33.333 |     1.3
   40 |   0.8316 |     28.481 |   0.9528 |     33.173 |     1.3
   41 |   0.8220 |     28.001 |   0.9535 |     33.397 |     1.3
   42 |   0.8082 |     27.325 |   0.9428 |     32.885 |     1.4
   43 |   0.7895 |     26.638 |   0.9443 |     32.598 |     1.4
   44 |   0.7862 |     26.802 |   0.9368 |     32.406 |     1.4
   45 |   0.7722 |     26.082 |   0.9387 |     32.598 |     1.5
   46 |   0.7524 |     25.559 |   0.9375 |     31.478 |     1.5
   47 |   0.7483 |     25.466 |   0.9295 |     31.286 |     1.5
   48 |   0.7273 |     24.714 |   0.9313 |     31.478 |     1.6
   49 |   0.7178 |     24.490 |   0.9200 |     31.190 |     1.6
   50 |   0.7084 |     23.722 |   0.9374 |     30.486 |     1.6
   51 |   0.6956 |     23.454 |   0.9209 |     31.190 |     1.7
   52 |   0.6827 |     22.746 |   0.9091 |     30.454 |     1.7
   53 |   0.6801 |     22.947 |   0.9195 |     30.134 |     1.7
   54 |   0.6583 |     21.775 |   0.9245 |     30.038 |     1.8
   55 |   0.6496 |     21.710 |   0.9179 |     30.326 |     1.8
   56 |   0.6478 |     21.464 |   1.1179 |     36.628 |     1.8
Early stopping

Model: Seq2Seq Bi-LSTM
Source index: <Seq2Seq Index with 46 items>
Target index: <Seq2Seq Index with 34 items>
Encoder embedding dimension: 128
Decoder embedding dimension: 64
Encoder hidden units: 64
Encoder layers: 2
Decoder hidden units: 128
Decoder layers: 3
Dropout: 0.2
Trainable parameters: 640,162

Training started
X_train.shape: torch.Size([3057, 702])
Y_train.shape: torch.Size([3057, 7])
X_dev.shape: torch.Size([521, 307])
Y_dev.shape: torch.Size([521, 7])
Epochs: 500
Learning rate: 0.001
Weight decay: 0.0001
Epoch | Train                 | Development           | Minutes
      | Loss     | Error Rate | Loss     | Error Rate |
---------------------------------------------------------------
    1 |   2.2614 |     62.251 |   1.6524 |     46.289 |     0.0
    2 |   1.4941 |     46.162 |   1.4379 |     46.289 |     0.0
    3 |   1.4042 |     46.167 |   1.4012 |     46.321 |     0.1
    4 |   1.3705 |     46.053 |   1.3607 |     46.161 |     0.1
    5 |   1.3398 |     45.742 |   1.3234 |     45.745 |     0.1
    6 |   1.3185 |     45.693 |   1.3042 |     45.298 |     0.1
    7 |   1.3000 |     45.437 |   1.2868 |     45.138 |     0.1
    8 |   1.2812 |     45.011 |   1.2596 |     43.890 |     0.2
    9 |   1.2591 |     44.232 |   1.2525 |     44.818 |     0.2
   10 |   1.2423 |     43.692 |   1.2377 |     44.530 |     0.2
   11 |   1.2238 |     42.978 |   1.2154 |     42.994 |     0.2
   12 |   1.2071 |     42.683 |   1.2083 |     43.730 |     0.2
   13 |   1.1962 |     42.411 |   1.1994 |     43.314 |     0.3
   14 |   1.1822 |     41.762 |   1.1792 |     42.386 |     0.3
   15 |   1.1712 |     41.675 |   1.1686 |     42.578 |     0.3
   16 |   1.1563 |     41.370 |   1.1673 |     42.003 |     0.3
   17 |   1.1454 |     40.922 |   1.1435 |     42.099 |     0.3
   18 |   1.1310 |     40.628 |   1.1463 |     41.587 |     0.4
   19 |   1.1226 |     40.170 |   1.1299 |     41.171 |     0.4
   20 |   1.1133 |     39.957 |   1.1161 |     40.595 |     0.4
   21 |   1.1008 |     39.685 |   1.1135 |     40.659 |     0.4
   22 |   1.0919 |     39.129 |   1.1067 |     40.243 |     0.4
   23 |   1.0822 |     38.851 |   1.1051 |     40.307 |     0.4
   24 |   1.0734 |     38.862 |   1.1002 |     39.539 |     0.5
   25 |   1.0620 |     38.349 |   1.0897 |     40.115 |     0.5
   26 |   1.0565 |     38.333 |   1.1003 |     39.507 |     0.5
   27 |   1.0486 |     37.869 |   1.0818 |     38.836 |     0.5
   28 |   1.0380 |     37.515 |   1.0742 |     39.283 |     0.5
   29 |   1.0286 |     37.248 |   1.0809 |     40.467 |     0.6
   30 |   1.0229 |     36.784 |   1.0666 |     38.964 |     0.6
   31 |   1.0155 |     36.659 |   1.0649 |     38.708 |     0.6
   32 |   1.0070 |     36.283 |   1.0579 |     39.251 |     0.6
   33 |   1.0014 |     36.081 |   1.0714 |     40.051 |     0.6
   34 |   0.9896 |     35.868 |   1.0539 |     38.676 |     0.7
   35 |   0.9872 |     35.749 |   1.0517 |     38.068 |     0.7
   36 |   0.9756 |     35.051 |   1.0446 |     38.132 |     0.7
   37 |   0.9705 |     34.974 |   1.0340 |     37.588 |     0.7
   38 |   0.9587 |     34.004 |   1.0445 |     37.204 |     0.7
   39 |   0.9546 |     34.162 |   1.0269 |     37.140 |     0.8
   40 |   0.9415 |     33.421 |   1.0250 |     36.756 |     0.8
   41 |   0.9329 |     33.284 |   1.0282 |     36.500 |     0.8
   42 |   0.9192 |     32.635 |   1.0138 |     36.148 |     0.8
   43 |   0.9152 |     32.090 |   0.9999 |     35.541 |     0.8
   44 |   0.8966 |     31.670 |   1.0033 |     35.733 |     0.9
   45 |   0.8902 |     31.611 |   0.9878 |     34.421 |     0.9
   46 |   0.8762 |     30.749 |   0.9982 |     35.253 |     0.9
   47 |   0.8658 |     30.269 |   0.9946 |     34.869 |     0.9
   48 |   0.8499 |     29.953 |   0.9831 |     34.165 |     0.9
   49 |   0.8416 |     29.615 |   0.9816 |     34.581 |     1.0
   50 |   0.8347 |     29.359 |   0.9720 |     34.101 |     1.0
   51 |   0.8129 |     28.034 |   0.9709 |     33.269 |     1.0
   52 |   0.8293 |     28.994 |   0.9670 |     33.429 |     1.0
   53 |   0.8000 |     28.154 |   0.9675 |     32.885 |     1.0
   54 |   0.7810 |     27.129 |   0.9746 |     32.694 |     1.1
   55 |   0.7707 |     26.911 |   0.9999 |     33.877 |     1.1
   56 |   0.7649 |     26.382 |   0.9579 |     32.182 |     1.1
   57 |   0.7427 |     25.641 |   0.9518 |     31.542 |     1.1
   58 |   0.7290 |     25.025 |   0.9737 |     32.246 |     1.1
   59 |   0.7194 |     24.823 |   0.9636 |     31.894 |     1.2
   60 |   0.7099 |     24.545 |   0.9551 |     31.190 |     1.2
   61 |   0.7007 |     24.043 |   0.9602 |     31.606 |     1.2
Early stopping

Model: Seq2Seq Bi-LSTM
Source index: <Seq2Seq Index with 46 items>
Target index: <Seq2Seq Index with 34 items>
Encoder embedding dimension: 128
Decoder embedding dimension: 128
Encoder hidden units: 128
Encoder layers: 4
Decoder hidden units: 128
Decoder layers: 2
Dropout: 0.2
Trainable parameters: 1,990,946

Training started
X_train.shape: torch.Size([3057, 702])
Y_train.shape: torch.Size([3057, 7])
X_dev.shape: torch.Size([521, 307])
Y_dev.shape: torch.Size([521, 7])
Epochs: 500
Learning rate: 0.001
Weight decay: 0.0001
Epoch | Train                 | Development           | Minutes
      | Loss     | Error Rate | Loss     | Error Rate |
---------------------------------------------------------------
    1 |   2.0369 |     55.872 |   1.5035 |     45.777 |     0.1
    2 |   1.4068 |     45.617 |   1.3499 |     45.234 |     0.2
    3 |   1.3220 |     45.066 |   1.2905 |     45.042 |     0.2
    4 |   1.2750 |     44.172 |   1.2607 |     44.466 |     0.3
    5 |   1.2389 |     43.534 |   1.2252 |     43.346 |     0.4
    6 |   1.2085 |     42.465 |   1.1964 |     42.354 |     0.5
    7 |   1.1824 |     41.713 |   1.1702 |     42.290 |     0.6
    8 |   1.1587 |     41.228 |   1.1601 |     42.354 |     0.6
    9 |   1.1367 |     40.285 |   1.1466 |     41.331 |     0.7
   10 |   1.1124 |     39.500 |   1.1124 |     39.955 |     0.8
   11 |   1.0879 |     38.513 |   1.0991 |     39.539 |     0.9
   12 |   1.0592 |     36.872 |   1.0789 |     38.644 |     1.0
   13 |   1.0313 |     35.847 |   1.0630 |     38.100 |     1.0
   14 |   1.0127 |     35.132 |   1.0480 |     37.108 |     1.1
   15 |   0.9816 |     33.900 |   1.0401 |     37.044 |     1.2
   16 |   0.9586 |     33.093 |   1.0265 |     36.244 |     1.3
   17 |   0.9284 |     32.036 |   1.0003 |     35.029 |     1.4
   18 |   0.9066 |     31.469 |   0.9946 |     34.997 |     1.4
   19 |   0.8811 |     30.367 |   0.9912 |     34.165 |     1.5
   20 |   0.8547 |     29.092 |   0.9778 |     34.357 |     1.6
   21 |   0.8250 |     28.034 |   0.9628 |     33.397 |     1.7
   22 |   0.8079 |     27.391 |   0.9593 |     32.853 |     1.8
   23 |   0.7760 |     26.268 |   0.9437 |     31.638 |     1.8
   24 |   0.7540 |     25.379 |   0.9389 |     32.278 |     1.9
   25 |   0.7327 |     24.583 |   0.9272 |     31.318 |     2.0
   26 |   0.7005 |     23.176 |   0.9309 |     30.390 |     2.1
   27 |   0.6851 |     22.778 |   0.9298 |     30.294 |     2.2
   28 |   0.6644 |     22.135 |   0.9341 |     30.582 |     2.2
   29 |   0.6413 |     21.225 |   0.9217 |     29.974 |     2.3
   30 |   0.6273 |     20.788 |   0.9179 |     29.974 |     2.4
   31 |   0.6011 |     19.867 |   0.9169 |     28.855 |     2.5
   32 |   0.5820 |     19.202 |   0.9212 |     29.175 |     2.6
   33 |   0.5667 |     18.700 |   0.9243 |     28.791 |     2.6
   34 |   0.5458 |     17.932 |   0.9023 |     28.567 |     2.7
   35 |   0.5281 |     17.544 |   0.9327 |     28.951 |     2.8
   36 |   0.5121 |     17.043 |   0.9086 |     28.343 |     2.9
   37 |   0.4957 |     16.438 |   0.9436 |     28.279 |     3.0
   38 |   0.4796 |     15.876 |   0.9233 |     27.959 |     3.0
Early stopping

Model: Seq2Seq Bi-LSTM
Source index: <Seq2Seq Index with 46 items>
Target index: <Seq2Seq Index with 34 items>
Encoder embedding dimension: 64
Decoder embedding dimension: 64
Encoder hidden units: 128
Encoder layers: 3
Decoder hidden units: 64
Decoder layers: 3
Dropout: 0.0
Trainable parameters: 1,194,658

Training started
X_train.shape: torch.Size([3057, 702])
Y_train.shape: torch.Size([3057, 7])
X_dev.shape: torch.Size([521, 307])
Y_dev.shape: torch.Size([521, 7])
Epochs: 500
Learning rate: 0.001
Weight decay: 1e-05
Epoch | Train                 | Development           | Minutes
      | Loss     | Error Rate | Loss     | Error Rate |
---------------------------------------------------------------
    1 |   2.5155 |     66.367 |   1.9833 |     53.743 |     0.1
    2 |   1.7742 |     49.133 |   1.6206 |     46.289 |     0.1
    3 |   1.5163 |     46.140 |   1.4799 |     46.289 |     0.2
    4 |   1.4417 |     46.189 |   1.4448 |     46.289 |     0.2
    5 |   1.4188 |     46.145 |   1.4293 |     46.321 |     0.3
    6 |   1.4069 |     46.309 |   1.4207 |     46.289 |     0.3
    7 |   1.3939 |     46.167 |   1.3947 |     46.289 |     0.4
    8 |   1.3660 |     46.047 |   1.3538 |     45.713 |     0.4
    9 |   1.3370 |     45.159 |   1.3285 |     44.882 |     0.5
   10 |   1.3114 |     44.603 |   1.3025 |     45.393 |     0.6
   11 |   1.2879 |     44.286 |   1.2826 |     44.946 |     0.6
   12 |   1.2688 |     44.177 |   1.2681 |     44.050 |     0.7
   13 |   1.2478 |     43.305 |   1.2495 |     43.282 |     0.7
   14 |   1.2267 |     42.820 |   1.2299 |     43.282 |     0.8
   15 |   1.2088 |     42.062 |   1.2168 |     42.770 |     0.8
   16 |   1.1885 |     41.626 |   1.2033 |     42.290 |     0.9
   17 |   1.1688 |     41.168 |   1.1837 |     41.651 |     1.0
   18 |   1.1446 |     40.219 |   1.1693 |     41.331 |     1.0
   19 |   1.1232 |     39.745 |   1.1579 |     40.275 |     1.1
   20 |   1.1033 |     38.960 |   1.1539 |     40.467 |     1.1
   21 |   1.0826 |     38.164 |   1.1469 |     40.499 |     1.2
   22 |   1.0627 |     37.150 |   1.1273 |     40.755 |     1.2
   23 |   1.0382 |     36.179 |   1.1378 |     40.563 |     1.3
   24 |   1.0178 |     35.460 |   1.1091 |     39.667 |     1.3
   25 |   0.9896 |     34.320 |   1.1148 |     38.516 |     1.4
   26 |   0.9661 |     33.333 |   1.0989 |     38.132 |     1.5
   27 |   0.9389 |     31.916 |   1.1039 |     38.004 |     1.5
   28 |   0.9121 |     30.874 |   1.0902 |     36.948 |     1.6
   29 |   0.8867 |     29.986 |   1.0992 |     37.268 |     1.6
   30 |   0.8598 |     28.688 |   1.0942 |     36.404 |     1.7
   31 |   0.8316 |     27.440 |   1.1069 |     36.468 |     1.7
   32 |   0.8030 |     26.208 |   1.1033 |     35.829 |     1.8
Early stopping

Model: Seq2Seq Bi-LSTM
Source index: <Seq2Seq Index with 46 items>
Target index: <Seq2Seq Index with 34 items>
Encoder embedding dimension: 32
Decoder embedding dimension: 128
Encoder hidden units: 128
Encoder layers: 2
Decoder hidden units: 64
Decoder layers: 2
Dropout: 0.2
Trainable parameters: 717,666

Training started
X_train.shape: torch.Size([3057, 702])
Y_train.shape: torch.Size([3057, 7])
X_dev.shape: torch.Size([521, 307])
Y_dev.shape: torch.Size([521, 7])
Epochs: 500
Learning rate: 0.001
Weight decay: 0.0001
Epoch | Train                 | Development           | Minutes
      | Loss     | Error Rate | Loss     | Error Rate |
---------------------------------------------------------------
    1 |   2.3754 |     62.142 |   1.8450 |     50.768 |     0.0
    2 |   1.6188 |     47.710 |   1.4845 |     45.745 |     0.1
    3 |   1.4292 |     45.824 |   1.3872 |     45.713 |     0.1
    4 |   1.3656 |     45.846 |   1.3384 |     45.585 |     0.2
    5 |   1.3319 |     45.164 |   1.3169 |     44.946 |     0.2
    6 |   1.3079 |     44.630 |   1.2836 |     44.690 |     0.2
    7 |   1.2801 |     44.205 |   1.2668 |     44.242 |     0.3
    8 |   1.2612 |     43.747 |   1.2504 |     43.634 |     0.3
    9 |   1.2413 |     43.349 |   1.2296 |     43.346 |     0.3
   10 |   1.2241 |     42.972 |   1.2175 |     42.930 |     0.4
   11 |   1.2072 |     42.444 |   1.2072 |     42.994 |     0.4
   12 |   1.1915 |     42.002 |   1.1904 |     43.058 |     0.5
   13 |   1.1749 |     41.511 |   1.1769 |     41.875 |     0.5
   14 |   1.1632 |     41.168 |   1.1647 |     41.043 |     0.5
   15 |   1.1530 |     40.737 |   1.1526 |     41.107 |     0.6
   16 |   1.1412 |     40.263 |   1.1472 |     41.235 |     0.6
   17 |   1.1280 |     39.810 |   1.1334 |     40.339 |     0.7
   18 |   1.1172 |     39.538 |   1.1241 |     40.083 |     0.7
   19 |   1.1024 |     38.900 |   1.1178 |     39.315 |     0.7
   20 |   1.0914 |     38.202 |   1.1160 |     39.763 |     0.8
   21 |   1.0817 |     38.011 |   1.1124 |     40.147 |     0.8
   22 |   1.0697 |     37.395 |   1.0960 |     38.708 |     0.9
   23 |   1.0543 |     36.752 |   1.0845 |     38.292 |     0.9
   24 |   1.0561 |     36.953 |   1.0813 |     38.260 |     0.9
   25 |   1.0386 |     36.277 |   1.0811 |     38.420 |     1.0
   26 |   1.0304 |     36.027 |   1.0695 |     37.620 |     1.0
   27 |   1.0165 |     35.323 |   1.0596 |     37.684 |     1.1
   28 |   1.0077 |     34.887 |   1.0610 |     38.388 |     1.1
   29 |   0.9969 |     34.871 |   1.0454 |     37.908 |     1.1
   30 |   0.9859 |     34.495 |   1.0387 |     37.684 |     1.2
   31 |   0.9757 |     33.873 |   1.0321 |     36.980 |     1.2
   32 |   0.9623 |     33.192 |   1.0271 |     36.532 |     1.2
   33 |   0.9511 |     32.608 |   1.0291 |     36.500 |     1.3
   34 |   0.9372 |     32.150 |   1.0248 |     35.317 |     1.3
   35 |   0.9240 |     31.540 |   1.0237 |     35.381 |     1.4
   36 |   0.9149 |     31.474 |   1.0238 |     34.965 |     1.4
   37 |   0.9012 |     30.962 |   1.0024 |     34.997 |     1.4
   38 |   0.8929 |     30.378 |   1.0024 |     34.293 |     1.5
   39 |   0.8768 |     29.899 |   1.0127 |     35.509 |     1.5
   40 |   0.8631 |     29.610 |   0.9919 |     33.589 |     1.6
   41 |   0.8488 |     29.114 |   0.9857 |     33.333 |     1.6
   42 |   0.8406 |     28.579 |   0.9787 |     33.109 |     1.6
   43 |   0.8170 |     27.701 |   0.9957 |     33.909 |     1.7
   44 |   0.8166 |     27.451 |   0.9810 |     33.045 |     1.7
   45 |   0.7954 |     27.102 |   0.9793 |     33.589 |     1.8
   46 |   0.7779 |     26.120 |   0.9681 |     32.694 |     1.8
   47 |   0.7629 |     25.504 |   0.9605 |     31.798 |     1.8
   48 |   0.7471 |     24.850 |   0.9717 |     32.214 |     1.9
   49 |   0.7305 |     24.289 |   0.9768 |     32.821 |     1.9
   50 |   0.7144 |     23.574 |   0.9605 |     31.990 |     2.0
   51 |   0.7007 |     23.362 |   0.9718 |     32.054 |     2.0
   52 |   0.6899 |     22.827 |   0.9613 |     31.670 |     2.0
   53 |   0.6916 |     22.637 |   0.9694 |     31.990 |     2.1
   54 |   0.6600 |     21.421 |   0.9625 |     31.478 |     2.1
   55 |   0.6477 |     21.404 |   0.9590 |     31.126 |     2.1
   56 |   0.6293 |     20.690 |   0.9696 |     30.870 |     2.2
   57 |   0.6168 |     20.461 |   0.9581 |     30.646 |     2.2
   58 |   0.5893 |     19.453 |   0.9556 |     30.006 |     2.3
   59 |   0.5853 |     19.066 |   0.9547 |     29.814 |     2.3
   60 |   0.5685 |     18.793 |   0.9607 |     29.271 |     2.3
   61 |   0.5551 |     18.270 |   0.9769 |     29.942 |     2.4
   62 |   0.5429 |     17.839 |   0.9793 |     29.399 |     2.4
   63 |   0.5283 |     17.463 |   0.9863 |     29.878 |     2.5
Early stopping

Model: Seq2Seq Bi-LSTM
Source index: <Seq2Seq Index with 46 items>
Target index: <Seq2Seq Index with 34 items>
Encoder embedding dimension: 32
Decoder embedding dimension: 64
Encoder hidden units: 128
Encoder layers: 4
Decoder hidden units: 64
Decoder layers: 3
Dropout: 0.2
Trainable parameters: 1,588,450

Training started
X_train.shape: torch.Size([3057, 702])
Y_train.shape: torch.Size([3057, 7])
X_dev.shape: torch.Size([521, 307])
Y_dev.shape: torch.Size([521, 7])
Epochs: 500
Learning rate: 0.001
Weight decay: 1e-05
Epoch | Train                 | Development           | Minutes
      | Loss     | Error Rate | Loss     | Error Rate |
---------------------------------------------------------------
    1 |   2.5327 |     67.599 |   1.9667 |     58.477 |     0.1
    2 |   1.7368 |     49.733 |   1.5653 |     46.289 |     0.2
    3 |   1.4916 |     46.195 |   1.4624 |     46.321 |     0.2
    4 |   1.4337 |     46.233 |   1.4435 |     46.289 |     0.3
    5 |   1.4146 |     46.233 |   1.4151 |     46.321 |     0.4
    6 |   1.3953 |     46.195 |   1.4056 |     46.289 |     0.5
    7 |   1.3730 |     45.960 |   1.3678 |     45.969 |     0.6
    8 |   1.3532 |     46.075 |   1.3413 |     45.969 |     0.6
    9 |   1.3327 |     45.884 |   1.3243 |     45.713 |     0.7
   10 |   1.3143 |     45.589 |   1.3070 |     45.681 |     0.8
   11 |   1.2988 |     45.317 |   1.2883 |     45.266 |     0.9
   12 |   1.2844 |     45.153 |   1.2708 |     44.402 |     1.0
   13 |   1.2693 |     44.608 |   1.2559 |     44.114 |     1.0
   14 |   1.2561 |     44.008 |   1.2449 |     44.018 |     1.1
   15 |   1.2464 |     43.954 |   1.2394 |     44.466 |     1.2
   16 |   1.2331 |     43.796 |   1.2277 |     43.506 |     1.3
   17 |   1.2215 |     43.332 |   1.2123 |     44.082 |     1.3
   18 |   1.2074 |     42.945 |   1.2015 |     43.538 |     1.4
   19 |   1.1982 |     42.623 |   1.1942 |     42.738 |     1.5
   20 |   1.1867 |     41.833 |   1.1859 |     42.258 |     1.6
   21 |   1.1782 |     41.370 |   1.1731 |     41.491 |     1.7
   22 |   1.1649 |     40.988 |   1.1681 |     41.811 |     1.7
   23 |   1.1567 |     40.732 |   1.1549 |     41.875 |     1.8
   24 |   1.1437 |     40.612 |   1.1487 |     41.587 |     1.9
   25 |   1.1336 |     39.914 |   1.1377 |     40.947 |     2.0
   26 |   1.1237 |     39.848 |   1.1318 |     41.203 |     2.0
   27 |   1.1157 |     39.592 |   1.1218 |     41.107 |     2.1
   28 |   1.1055 |     39.336 |   1.1181 |     39.699 |     2.2
   29 |   1.0983 |     38.927 |   1.1169 |     40.179 |     2.3
   30 |   1.0891 |     38.622 |   1.1156 |     41.011 |     2.4
   31 |   1.0752 |     37.749 |   1.1092 |     40.307 |     2.4
   32 |   1.0685 |     37.673 |   1.1010 |     39.763 |     2.5
   33 |   1.0621 |     37.537 |   1.0961 |     39.443 |     2.6
   34 |   1.0473 |     37.090 |   1.0885 |     38.548 |     2.7
   35 |   1.0406 |     36.479 |   1.0848 |     39.443 |     2.8
   36 |   1.0282 |     36.157 |   1.0806 |     39.315 |     2.8
   37 |   1.0170 |     36.038 |   1.0728 |     38.612 |     2.9
   38 |   1.0060 |     35.329 |   1.0683 |     38.484 |     3.0
   39 |   1.0008 |     35.520 |   1.0673 |     37.780 |     3.1
   40 |   0.9872 |     34.625 |   1.0642 |     38.484 |     3.1
   41 |   0.9743 |     34.724 |   1.0748 |     38.228 |     3.2
   42 |   0.9650 |     33.966 |   1.0682 |     38.068 |     3.3
   43 |   0.9519 |     33.268 |   1.0676 |     37.588 |     3.4
   44 |   0.9419 |     33.132 |   1.0671 |     37.716 |     3.5
   45 |   0.9263 |     32.347 |   1.0560 |     36.628 |     3.5
   46 |   0.9172 |     31.927 |   1.0570 |     37.172 |     3.6
   47 |   0.9097 |     31.567 |   1.0686 |     37.044 |     3.7
   48 |   0.8962 |     30.973 |   1.0647 |     36.756 |     3.8
   49 |   0.8826 |     30.564 |   1.0581 |     35.893 |     3.9
Early stopping

Model: Seq2Seq Bi-LSTM
Source index: <Seq2Seq Index with 46 items>
Target index: <Seq2Seq Index with 34 items>
Encoder embedding dimension: 128
Decoder embedding dimension: 128
Encoder hidden units: 64
Encoder layers: 2
Decoder hidden units: 64
Decoder layers: 3
Dropout: 0.1
Trainable parameters: 360,098

Training started
X_train.shape: torch.Size([3057, 702])
Y_train.shape: torch.Size([3057, 7])
X_dev.shape: torch.Size([521, 307])
Y_dev.shape: torch.Size([521, 7])
Epochs: 500
Learning rate: 0.001
Weight decay: 0.0001
Epoch | Train                 | Development           | Minutes
      | Loss     | Error Rate | Loss     | Error Rate |
---------------------------------------------------------------
    1 |   2.5186 |     65.773 |   1.9778 |     54.127 |     0.0
    2 |   1.7649 |     49.389 |   1.6075 |     46.289 |     0.0
    3 |   1.5131 |     46.124 |   1.4761 |     46.289 |     0.1
    4 |   1.4348 |     46.173 |   1.4141 |     46.321 |     0.1
    5 |   1.3915 |     46.195 |   1.3803 |     46.321 |     0.1
    6 |   1.3578 |     46.080 |   1.3398 |     45.969 |     0.1
    7 |   1.3254 |     45.518 |   1.3124 |     45.713 |     0.1
    8 |   1.2962 |     45.071 |   1.2853 |     44.658 |     0.2
    9 |   1.2714 |     43.943 |   1.2609 |     44.306 |     0.2
   10 |   1.2518 |     43.556 |   1.2483 |     44.178 |     0.2
   11 |   1.2383 |     43.196 |   1.2409 |     43.570 |     0.2
   12 |   1.2229 |     42.907 |   1.2385 |     44.114 |     0.2
   13 |   1.2130 |     42.803 |   1.2135 |     43.346 |     0.2
   14 |   1.2014 |     42.373 |   1.1996 |     42.258 |     0.3
   15 |   1.1924 |     42.138 |   1.1989 |     42.642 |     0.3
   16 |   1.1827 |     41.430 |   1.1854 |     42.322 |     0.3
   17 |   1.1730 |     41.233 |   1.1762 |     42.163 |     0.3
   18 |   1.1661 |     41.326 |   1.1746 |     42.834 |     0.3
   19 |   1.1536 |     40.519 |   1.1568 |     42.418 |     0.4
   20 |   1.1436 |     40.475 |   1.1552 |     41.939 |     0.4
   21 |   1.1356 |     40.601 |   1.1477 |     41.875 |     0.4
   22 |   1.1270 |     40.007 |   1.1432 |     41.811 |     0.4
   23 |   1.1191 |     39.669 |   1.1305 |     41.587 |     0.4
   24 |   1.1065 |     39.619 |   1.1333 |     41.779 |     0.5
   25 |   1.1024 |     39.167 |   1.1235 |     40.915 |     0.5
   26 |   1.0949 |     38.894 |   1.1226 |     40.915 |     0.5
   27 |   1.0851 |     38.491 |   1.1206 |     40.851 |     0.5
   28 |   1.0738 |     38.027 |   1.1130 |     40.435 |     0.5
   29 |   1.0637 |     38.131 |   1.1011 |     40.371 |     0.6
   30 |   1.0589 |     37.215 |   1.0951 |     39.859 |     0.6
   31 |   1.0489 |     36.948 |   1.0832 |     39.443 |     0.6
   32 |   1.0398 |     36.675 |   1.0787 |     39.187 |     0.6
   33 |   1.0330 |     36.708 |   1.0880 |     39.923 |     0.6
   34 |   1.0209 |     35.645 |   1.0682 |     38.996 |     0.7
   35 |   1.0086 |     35.421 |   1.0769 |     39.219 |     0.7
   36 |   1.0032 |     35.100 |   1.0687 |     38.164 |     0.7
   37 |   0.9936 |     34.620 |   1.0569 |     38.260 |     0.7
   38 |   0.9846 |     34.358 |   1.0587 |     37.492 |     0.7
   39 |   0.9746 |     34.058 |   1.0651 |     38.420 |     0.7
   40 |   0.9629 |     33.579 |   1.0441 |     37.556 |     0.8
   41 |   0.9506 |     33.246 |   1.0491 |     36.660 |     0.8
   42 |   0.9424 |     32.957 |   1.0356 |     35.925 |     0.8
   43 |   0.9367 |     32.581 |   1.0288 |     36.084 |     0.8
   44 |   0.9233 |     31.943 |   1.0279 |     36.084 |     0.8
   45 |   0.9176 |     31.643 |   1.0322 |     36.468 |     0.9
   46 |   0.9057 |     31.343 |   1.0317 |     36.276 |     0.9
   47 |   0.9026 |     31.136 |   1.0267 |     35.669 |     0.9
   48 |   0.8830 |     30.389 |   1.0120 |     35.381 |     0.9
   49 |   0.8762 |     30.204 |   1.0188 |     34.805 |     0.9
   50 |   0.8683 |     29.926 |   1.0061 |     34.901 |     1.0
   51 |   0.8575 |     29.332 |   0.9987 |     34.357 |     1.0
   52 |   0.8486 |     29.293 |   0.9916 |     34.421 |     1.0
   53 |   0.8395 |     28.699 |   1.0045 |     34.389 |     1.0
   54 |   0.8266 |     28.007 |   0.9908 |     34.005 |     1.0
   55 |   0.8169 |     27.827 |   0.9791 |     34.005 |     1.1
   56 |   0.8098 |     27.303 |   0.9848 |     33.813 |     1.1
   57 |   0.7956 |     27.091 |   0.9859 |     32.885 |     1.1
   58 |   0.7867 |     26.731 |   0.9817 |     33.301 |     1.1
   59 |   0.7767 |     26.229 |   0.9640 |     33.365 |     1.1
   60 |   0.7637 |     26.044 |   0.9799 |     32.502 |     1.2
   61 |   0.7521 |     25.297 |   0.9733 |     32.502 |     1.2
   62 |   0.7406 |     24.992 |   0.9875 |     32.758 |     1.2
   63 |   0.7378 |     24.768 |   0.9851 |     32.214 |     1.2
Early stopping

Model: Seq2Seq Bi-LSTM
Source index: <Seq2Seq Index with 46 items>
Target index: <Seq2Seq Index with 34 items>
Encoder embedding dimension: 128
Decoder embedding dimension: 64
Encoder hidden units: 128
Encoder layers: 4
Decoder hidden units: 128
Decoder layers: 2
Dropout: 0.1
Trainable parameters: 1,956,002

Training started
X_train.shape: torch.Size([3057, 702])
Y_train.shape: torch.Size([3057, 7])
X_dev.shape: torch.Size([521, 307])
Y_dev.shape: torch.Size([521, 7])
Epochs: 500
Learning rate: 0.001
Weight decay: 1e-05
Epoch | Train                 | Development           | Minutes
      | Loss     | Error Rate | Loss     | Error Rate |
---------------------------------------------------------------
    1 |   2.0830 |     57.055 |   1.5539 |     46.545 |     0.1
    2 |   1.4459 |     46.178 |   1.3907 |     46.289 |     0.2
    3 |   1.3597 |     45.611 |   1.3408 |     46.097 |     0.2
    4 |   1.3177 |     45.115 |   1.3065 |     45.074 |     0.3
    5 |   1.2899 |     44.281 |   1.2733 |     43.858 |     0.4
    6 |   1.2670 |     44.145 |   1.2547 |     43.474 |     0.5
    7 |   1.2373 |     42.934 |   1.2322 |     42.866 |     0.6
    8 |   1.2069 |     42.193 |   1.2279 |     42.898 |     0.7
    9 |   1.1787 |     41.217 |   1.1921 |     41.811 |     0.7
   10 |   1.1413 |     39.494 |   1.1589 |     40.243 |     0.8
   11 |   1.1070 |     38.289 |   1.1441 |     39.411 |     0.9
   12 |   1.0694 |     36.735 |   1.1111 |     38.676 |     1.0
   13 |   1.0279 |     34.996 |   1.0793 |     38.132 |     1.1
   14 |   0.9819 |     33.126 |   1.0681 |     37.268 |     1.1
   15 |   0.9348 |     31.649 |   1.0336 |     35.893 |     1.2
   16 |   0.8829 |     29.435 |   1.0112 |     34.197 |     1.3
   17 |   0.8319 |     27.374 |   0.9943 |     33.525 |     1.4
   18 |   0.7829 |     25.433 |   0.9714 |     31.958 |     1.5
   19 |   0.7275 |     23.340 |   0.9657 |     31.478 |     1.5
   20 |   0.6653 |     21.361 |   0.9500 |     30.838 |     1.6
   21 |   0.6189 |     19.622 |   0.9569 |     29.303 |     1.7
   22 |   0.5788 |     18.542 |   0.9430 |     29.079 |     1.8
   23 |   0.5308 |     17.059 |   0.9551 |     29.750 |     1.9
   24 |   0.4948 |     15.909 |   0.9690 |     29.750 |     2.0
   25 |   0.4594 |     14.851 |   0.9862 |     28.535 |     2.0
   26 |   0.4228 |     13.728 |   0.9738 |     28.311 |     2.1
Early stopping

Model: Seq2Seq Bi-LSTM
Source index: <Seq2Seq Index with 46 items>
Target index: <Seq2Seq Index with 34 items>
Encoder embedding dimension: 64
Decoder embedding dimension: 64
Encoder hidden units: 128
Encoder layers: 3
Decoder hidden units: 128
Decoder layers: 3
Dropout: 0.0
Trainable parameters: 1,558,818

Training started
X_train.shape: torch.Size([3057, 702])
Y_train.shape: torch.Size([3057, 7])
X_dev.shape: torch.Size([521, 307])
Y_dev.shape: torch.Size([521, 7])
Epochs: 500
Learning rate: 0.001
Weight decay: 0.0001
Epoch | Train                 | Development           | Minutes
      | Loss     | Error Rate | Loss     | Error Rate |
---------------------------------------------------------------
    1 |   2.2037 |     59.966 |   1.6127 |     46.289 |     0.1
    2 |   1.4800 |     46.184 |   1.4442 |     46.289 |     0.1
    3 |   1.4093 |     46.091 |   1.4019 |     46.321 |     0.2
    4 |   1.3702 |     46.036 |   1.3519 |     45.745 |     0.2
    5 |   1.3343 |     45.807 |   1.3195 |     45.457 |     0.3
    6 |   1.3093 |     45.698 |   1.2976 |     45.617 |     0.3
    7 |   1.2853 |     44.864 |   1.2674 |     43.794 |     0.4
    8 |   1.2651 |     44.499 |   1.2573 |     43.858 |     0.4
    9 |   1.2463 |     43.948 |   1.2406 |     44.178 |     0.5
   10 |   1.2295 |     43.447 |   1.2243 |     43.666 |     0.6
   11 |   1.2157 |     42.994 |   1.2168 |     43.602 |     0.6
   12 |   1.2057 |     42.771 |   1.2029 |     43.730 |     0.7
   13 |   1.1914 |     42.733 |   1.1980 |     43.250 |     0.7
   14 |   1.1792 |     42.318 |   1.1722 |     42.642 |     0.8
   15 |   1.1666 |     41.947 |   1.1755 |     42.290 |     0.8
   16 |   1.1557 |     41.271 |   1.1685 |     42.163 |     0.9
   17 |   1.1463 |     41.228 |   1.1531 |     42.099 |     0.9
   18 |   1.1377 |     40.732 |   1.1477 |     41.427 |     1.0
   19 |   1.1250 |     40.688 |   1.1378 |     41.203 |     1.1
   20 |   1.1170 |     40.268 |   1.1319 |     41.491 |     1.1
   21 |   1.1071 |     39.974 |   1.1204 |     41.171 |     1.2
   22 |   1.1019 |     39.559 |   1.1168 |     41.011 |     1.2
   23 |   1.0925 |     39.347 |   1.1023 |     41.043 |     1.3
   24 |   1.0770 |     38.922 |   1.1009 |     40.339 |     1.3
   25 |   1.0693 |     38.611 |   1.0852 |     40.147 |     1.4
   26 |   1.0547 |     38.289 |   1.0798 |     39.251 |     1.4
   27 |   1.0401 |     37.477 |   1.0860 |     39.347 |     1.5
   28 |   1.0326 |     37.351 |   1.0689 |     39.475 |     1.5
   29 |   1.0183 |     36.474 |   1.0501 |     39.060 |     1.6
   30 |   1.0103 |     36.070 |   1.0496 |     39.028 |     1.7
   31 |   1.0016 |     35.803 |   1.0397 |     37.908 |     1.7
   32 |   0.9858 |     35.105 |   1.0353 |     37.620 |     1.8
   33 |   0.9804 |     35.013 |   1.0347 |     38.068 |     1.8
   34 |   0.9655 |     34.167 |   1.0182 |     37.108 |     1.9
   35 |   0.9561 |     34.015 |   1.0210 |     37.524 |     1.9
   36 |   0.9439 |     33.590 |   1.0109 |     36.916 |     2.0
   37 |   0.9328 |     32.946 |   1.0061 |     36.212 |     2.0
   38 |   0.9232 |     32.952 |   1.0005 |     36.276 |     2.1
   39 |   0.9074 |     32.019 |   0.9846 |     34.933 |     2.2
   40 |   0.8932 |     31.480 |   0.9918 |     35.669 |     2.2
   41 |   0.8818 |     31.213 |   0.9837 |     34.773 |     2.3
   42 |   0.8608 |     30.586 |   0.9840 |     34.645 |     2.3
   43 |   0.8461 |     29.746 |   0.9746 |     34.549 |     2.4
   44 |   0.8358 |     29.473 |   0.9736 |     34.293 |     2.4
   45 |   0.8203 |     28.759 |   0.9646 |     33.269 |     2.5
   46 |   0.8282 |     28.797 |   0.9916 |     35.317 |     2.6
   47 |   0.8188 |     28.623 |   0.9621 |     33.813 |     2.6
   48 |   0.7892 |     27.489 |   0.9506 |     32.885 |     2.7
   49 |   0.7728 |     26.742 |   0.9528 |     32.885 |     2.7
   50 |   0.7585 |     26.055 |   0.9692 |     32.949 |     2.8
   51 |   0.7422 |     25.466 |   0.9548 |     32.470 |     2.8
   52 |   0.7287 |     24.752 |   0.9588 |     32.630 |     2.9
Early stopping

Model: Seq2Seq Bi-LSTM
Source index: <Seq2Seq Index with 46 items>
Target index: <Seq2Seq Index with 34 items>
Encoder embedding dimension: 128
Decoder embedding dimension: 64
Encoder hidden units: 128
Encoder layers: 4
Decoder hidden units: 128
Decoder layers: 3
Dropout: 0.1
Trainable parameters: 2,088,098

Training started
X_train.shape: torch.Size([3057, 702])
Y_train.shape: torch.Size([3057, 7])
X_dev.shape: torch.Size([521, 307])
Y_dev.shape: torch.Size([521, 7])
Epochs: 500
Learning rate: 0.001
Weight decay: 1e-05
Epoch | Train                 | Development           | Minutes
      | Loss     | Error Rate | Loss     | Error Rate |
---------------------------------------------------------------
    1 |   2.2484 |     61.896 |   1.6812 |     48.401 |     0.1
    2 |   1.5079 |     46.314 |   1.4488 |     46.321 |     0.2
    3 |   1.4181 |     46.173 |   1.4189 |     46.321 |     0.2
    4 |   1.3893 |     46.238 |   1.3801 |     46.001 |     0.3
    5 |   1.3524 |     45.791 |   1.3325 |     45.745 |     0.4
    6 |   1.3218 |     45.737 |   1.3137 |     46.097 |     0.5
    7 |   1.3026 |     45.671 |   1.2929 |     46.129 |     0.6
    8 |   1.2881 |     45.295 |   1.2825 |     44.530 |     0.6
    9 |   1.2730 |     44.788 |   1.2666 |     44.370 |     0.7
   10 |   1.2556 |     43.899 |   1.2541 |     44.210 |     0.8
   11 |   1.2318 |     42.852 |   1.2308 |     43.058 |     0.9
   12 |   1.2107 |     42.062 |   1.2012 |     42.322 |     1.0
   13 |   1.1839 |     41.909 |   1.1877 |     42.354 |     1.1
   14 |   1.1657 |     41.119 |   1.1662 |     40.691 |     1.1
   15 |   1.1404 |     40.028 |   1.1583 |     41.011 |     1.2
   16 |   1.1175 |     39.374 |   1.1439 |     40.499 |     1.3
   17 |   1.0953 |     38.649 |   1.1217 |     39.539 |     1.4
   18 |   1.0697 |     37.668 |   1.1012 |     39.091 |     1.5
   19 |   1.0414 |     36.277 |   1.0910 |     38.292 |     1.5
   20 |   1.0190 |     35.187 |   1.0754 |     37.972 |     1.6
   21 |   0.9922 |     34.091 |   1.0679 |     37.300 |     1.7
   22 |   0.9640 |     33.012 |   1.0465 |     36.500 |     1.8
   23 |   0.9336 |     31.632 |   1.0409 |     36.212 |     1.9
   24 |   0.9047 |     30.536 |   1.0348 |     35.381 |     1.9
   25 |   0.8743 |     29.740 |   1.0375 |     34.997 |     2.0
   26 |   0.8454 |     28.568 |   1.0109 |     33.973 |     2.1
   27 |   0.8170 |     27.576 |   0.9946 |     33.077 |     2.2
   28 |   0.7765 |     25.701 |   0.9937 |     32.406 |     2.3
   29 |   0.7434 |     24.528 |   0.9959 |     31.766 |     2.3
   30 |   0.7167 |     23.727 |   0.9893 |     31.702 |     2.4
   31 |   0.6840 |     22.386 |   1.0018 |     31.862 |     2.5
   32 |   0.6523 |     21.503 |   0.9876 |     30.998 |     2.6
   33 |   0.6268 |     20.570 |   1.0026 |     30.646 |     2.7
   34 |   0.5978 |     19.573 |   1.0076 |     30.934 |     2.7
   35 |   0.5688 |     18.482 |   1.0125 |     30.294 |     2.8
   36 |   0.5413 |     17.452 |   1.0281 |     30.166 |     2.9
Early stopping

Model: Seq2Seq Bi-LSTM
Source index: <Seq2Seq Index with 46 items>
Target index: <Seq2Seq Index with 34 items>
Encoder embedding dimension: 32
Decoder embedding dimension: 64
Encoder hidden units: 64
Encoder layers: 4
Decoder hidden units: 128
Decoder layers: 2
Dropout: 0.0
Trainable parameters: 718,690

Training started
X_train.shape: torch.Size([3057, 702])
Y_train.shape: torch.Size([3057, 7])
X_dev.shape: torch.Size([521, 307])
Y_dev.shape: torch.Size([521, 7])
Epochs: 500
Learning rate: 0.001
Weight decay: 1e-05
Epoch | Train                 | Development           | Minutes
      | Loss     | Error Rate | Loss     | Error Rate |
---------------------------------------------------------------
    1 |   2.0738 |     56.341 |   1.5288 |     46.289 |     0.0
    2 |   1.4230 |     46.064 |   1.3672 |     45.713 |     0.1
    3 |   1.3366 |     45.240 |   1.3094 |     45.202 |     0.1
    4 |   1.2951 |     44.161 |   1.2774 |     43.954 |     0.1
    5 |   1.2607 |     43.605 |   1.2516 |     44.082 |     0.2
    6 |   1.2331 |     42.733 |   1.2395 |     43.890 |     0.2
    7 |   1.2089 |     42.280 |   1.2203 |     43.442 |     0.2
    8 |   1.1835 |     41.904 |   1.1974 |     43.154 |     0.2
    9 |   1.1528 |     40.535 |   1.1640 |     40.691 |     0.3
   10 |   1.1195 |     39.385 |   1.1438 |     40.851 |     0.3
   11 |   1.0949 |     38.398 |   1.1190 |     39.795 |     0.3
   12 |   1.0559 |     36.872 |   1.1001 |     39.731 |     0.4
   13 |   1.0235 |     35.825 |   1.0698 |     38.804 |     0.4
   14 |   0.9886 |     33.797 |   1.0641 |     37.844 |     0.4
   15 |   0.9571 |     32.728 |   1.0437 |     36.788 |     0.5
   16 |   0.9194 |     31.054 |   1.0147 |     36.084 |     0.5
   17 |   0.8774 |     29.730 |   1.0001 |     34.933 |     0.5
   18 |   0.8396 |     28.132 |   0.9880 |     33.141 |     0.6
   19 |   0.8074 |     26.949 |   0.9749 |     33.429 |     0.6
   20 |   0.7697 |     25.324 |   0.9743 |     32.502 |     0.6
   21 |   0.7377 |     24.419 |   0.9607 |     31.958 |     0.7
   22 |   0.7000 |     23.236 |   0.9586 |     31.894 |     0.7
   23 |   0.6610 |     21.623 |   0.9455 |     30.230 |     0.7
   24 |   0.6394 |     21.225 |   1.0107 |     33.493 |     0.7
   25 |   0.6365 |     21.121 |   0.9356 |     30.262 |     0.8
   26 |   0.5746 |     19.049 |   0.9326 |     29.782 |     0.8
   27 |   0.5429 |     17.833 |   0.9531 |     29.623 |     0.8
   28 |   0.5157 |     16.825 |   0.9720 |     29.623 |     0.9
   29 |   0.4939 |     16.100 |   0.9605 |     29.207 |     0.9
   30 |   0.4706 |     15.549 |   0.9760 |     29.367 |     0.9
Early stopping

Model: Seq2Seq Bi-LSTM
Source index: <Seq2Seq Index with 46 items>
Target index: <Seq2Seq Index with 34 items>
Encoder embedding dimension: 32
Decoder embedding dimension: 128
Encoder hidden units: 64
Encoder layers: 3
Decoder hidden units: 64
Decoder layers: 3
Dropout: 0.1
Trainable parameters: 422,242

Training started
X_train.shape: torch.Size([3057, 702])
Y_train.shape: torch.Size([3057, 7])
X_dev.shape: torch.Size([521, 307])
Y_dev.shape: torch.Size([521, 7])
Epochs: 500
Learning rate: 0.001
Weight decay: 0.0001
Epoch | Train                 | Development           | Minutes
      | Loss     | Error Rate | Loss     | Error Rate |
---------------------------------------------------------------
    1 |   2.5488 |     67.915 |   1.9882 |     54.926 |     0.0
    2 |   1.7522 |     49.989 |   1.5740 |     46.321 |     0.0
    3 |   1.4905 |     46.358 |   1.4598 |     46.321 |     0.1
    4 |   1.4240 |     46.391 |   1.4093 |     46.289 |     0.1
    5 |   1.3855 |     46.320 |   1.3730 |     46.417 |     0.1
    6 |   1.3552 |     45.911 |   1.3475 |     46.289 |     0.1
    7 |   1.3361 |     45.573 |   1.3285 |     45.585 |     0.2
    8 |   1.3204 |     45.486 |   1.3144 |     46.065 |     0.2
    9 |   1.3047 |     45.529 |   1.2942 |     45.234 |     0.2
   10 |   1.2902 |     45.219 |   1.2794 |     45.361 |     0.2
   11 |   1.2762 |     45.001 |   1.2632 |     45.585 |     0.3
   12 |   1.2587 |     44.679 |   1.2473 |     44.082 |     0.3
   13 |   1.2435 |     43.812 |   1.2418 |     44.498 |     0.3
   14 |   1.2328 |     43.567 |   1.2355 |     45.010 |     0.3
   15 |   1.2183 |     43.240 |   1.2147 |     43.698 |     0.4
   16 |   1.2093 |     42.896 |   1.2163 |     43.378 |     0.4
   17 |   1.1993 |     42.542 |   1.2083 |     43.314 |     0.4
   18 |   1.1906 |     41.920 |   1.1873 |     43.122 |     0.4
   19 |   1.1824 |     41.893 |   1.1823 |     41.683 |     0.5
   20 |   1.1747 |     41.593 |   1.1718 |     42.003 |     0.5
   21 |   1.1660 |     41.593 |   1.1681 |     42.258 |     0.5
   22 |   1.1604 |     41.304 |   1.1596 |     41.875 |     0.5
   23 |   1.1528 |     41.233 |   1.1518 |     41.715 |     0.6
   24 |   1.1474 |     40.950 |   1.1462 |     41.523 |     0.6
   25 |   1.1412 |     40.813 |   1.1467 |     41.043 |     0.6
   26 |   1.1362 |     40.470 |   1.1388 |     41.363 |     0.6
   27 |   1.1294 |     40.524 |   1.1372 |     41.747 |     0.7
   28 |   1.1248 |     40.159 |   1.1310 |     41.331 |     0.7
   29 |   1.1203 |     40.203 |   1.1273 |     41.235 |     0.7
   30 |   1.1174 |     40.023 |   1.1242 |     41.043 |     0.7
   31 |   1.1120 |     39.865 |   1.1179 |     40.947 |     0.8
   32 |   1.1068 |     39.723 |   1.1167 |     40.979 |     0.8
   33 |   1.1016 |     39.276 |   1.1136 |     40.915 |     0.8
   34 |   1.0987 |     39.510 |   1.1148 |     40.787 |     0.8
   35 |   1.0967 |     39.341 |   1.1096 |     41.075 |     0.9
   36 |   1.0923 |     39.445 |   1.1010 |     40.563 |     0.9
   37 |   1.0894 |     39.320 |   1.1038 |     40.243 |     0.9
   38 |   1.0850 |     39.211 |   1.0993 |     40.147 |     0.9
   39 |   1.0798 |     38.938 |   1.0934 |     39.859 |     0.9
   40 |   1.0796 |     39.189 |   1.0885 |     39.635 |     1.0
   41 |   1.0735 |     38.922 |   1.0879 |     39.443 |     1.0
   42 |   1.0716 |     38.611 |   1.0878 |     39.923 |     1.0
   43 |   1.0686 |     38.594 |   1.0824 |     39.859 |     1.0
   44 |   1.0642 |     38.382 |   1.0906 |     39.539 |     1.1
   45 |   1.0604 |     38.545 |   1.0824 |     39.251 |     1.1
   46 |   1.0564 |     38.060 |   1.0844 |     40.307 |     1.1
   47 |   1.0551 |     38.093 |   1.0926 |     39.891 |     1.1
   48 |   1.0524 |     38.202 |   1.0816 |     39.923 |     1.2
   49 |   1.0500 |     38.022 |   1.0793 |     39.187 |     1.2
   50 |   1.0488 |     37.700 |   1.0723 |     39.091 |     1.2
   51 |   1.0438 |     37.624 |   1.0664 |     38.804 |     1.2
   52 |   1.0385 |     37.624 |   1.0747 |     39.539 |     1.3
   53 |   1.0344 |     37.368 |   1.0695 |     39.187 |     1.3
   54 |   1.0307 |     37.368 |   1.0626 |     38.676 |     1.3
   55 |   1.0263 |     37.144 |   1.0591 |     38.484 |     1.3
   56 |   1.0286 |     37.003 |   1.0601 |     39.028 |     1.4
   57 |   1.0212 |     36.904 |   1.0609 |     38.484 |     1.4
   58 |   1.0202 |     36.621 |   1.0549 |     38.580 |     1.4
   59 |   1.0198 |     36.774 |   1.0547 |     38.452 |     1.4
   60 |   1.0079 |     36.076 |   1.0510 |     38.388 |     1.5
   61 |   1.0043 |     35.950 |   1.0466 |     38.100 |     1.5
   62 |   0.9997 |     35.907 |   1.0438 |     38.292 |     1.5
   63 |   0.9969 |     35.819 |   1.0620 |     39.155 |     1.5
   64 |   0.9956 |     35.492 |   1.0459 |     38.420 |     1.6
   65 |   0.9889 |     35.416 |   1.0440 |     37.364 |     1.6
   66 |   0.9857 |     35.154 |   1.0375 |     37.940 |     1.6
   67 |   0.9823 |     35.138 |   1.0405 |     38.420 |     1.6
   68 |   0.9764 |     34.985 |   1.0379 |     37.332 |     1.7
   69 |   0.9678 |     34.429 |   1.0275 |     37.588 |     1.7
   70 |   0.9652 |     34.849 |   1.0335 |     37.108 |     1.7
   71 |   0.9631 |     34.560 |   1.0312 |     37.300 |     1.7
   72 |   0.9580 |     34.217 |   1.0264 |     37.076 |     1.8
   73 |   0.9489 |     33.737 |   1.0276 |     36.628 |     1.8
   74 |   0.9449 |     33.753 |   1.0249 |     36.340 |     1.8
   75 |   0.9389 |     33.448 |   1.0183 |     35.765 |     1.8
   76 |   0.9341 |     33.208 |   1.0131 |     35.925 |     1.9
   77 |   0.9260 |     33.072 |   1.0059 |     34.997 |     1.9
   78 |   0.9247 |     33.077 |   1.0056 |     35.605 |     1.9
   79 |   0.9167 |     32.330 |   0.9959 |     35.317 |     1.9
   80 |   0.9063 |     32.276 |   0.9961 |     35.573 |     1.9
   81 |   0.9016 |     31.709 |   0.9922 |     34.773 |     2.0
   82 |   0.8978 |     31.382 |   1.0068 |     35.605 |     2.0
   83 |   0.8918 |     31.485 |   0.9838 |     34.965 |     2.0
   84 |   0.8810 |     31.022 |   0.9806 |     34.741 |     2.0
   85 |   0.8805 |     30.907 |   0.9813 |     34.901 |     2.1
   86 |   0.8701 |     30.651 |   0.9782 |     34.453 |     2.1
   87 |   0.8622 |     30.324 |   0.9758 |     34.005 |     2.1
   88 |   0.8553 |     29.904 |   0.9777 |     34.485 |     2.1
   89 |   0.8513 |     29.691 |   0.9946 |     34.517 |     2.2
   90 |   0.8515 |     29.751 |   0.9644 |     33.557 |     2.2
   91 |   0.8385 |     29.070 |   0.9654 |     33.589 |     2.2
   92 |   0.8304 |     28.879 |   0.9723 |     33.141 |     2.2
   93 |   0.8249 |     28.726 |   0.9677 |     33.109 |     2.3
   94 |   0.8216 |     28.241 |   0.9731 |     33.141 |     2.3
Early stopping

Model: Seq2Seq Bi-LSTM
Source index: <Seq2Seq Index with 46 items>
Target index: <Seq2Seq Index with 34 items>
Encoder embedding dimension: 64
Decoder embedding dimension: 128
Encoder hidden units: 128
Encoder layers: 4
Decoder hidden units: 128
Decoder layers: 3
Dropout: 0.1
Trainable parameters: 2,054,562

Training started
X_train.shape: torch.Size([3057, 702])
Y_train.shape: torch.Size([3057, 7])
X_dev.shape: torch.Size([521, 307])
Y_dev.shape: torch.Size([521, 7])
Epochs: 500
Learning rate: 0.001
Weight decay: 0.0001
Epoch | Train                 | Development           | Minutes
      | Loss     | Error Rate | Loss     | Error Rate |
---------------------------------------------------------------
    1 |   2.2122 |     59.688 |   1.6320 |     48.401 |     0.1
    2 |   1.4836 |     46.549 |   1.4373 |     46.321 |     0.2
    3 |   1.3995 |     46.162 |   1.3770 |     45.777 |     0.2
    4 |   1.3506 |     45.628 |   1.3374 |     45.521 |     0.3
    5 |   1.3165 |     45.371 |   1.2978 |     45.010 |     0.4
    6 |   1.2867 |     45.044 |   1.2714 |     44.882 |     0.5
    7 |   1.2595 |     44.243 |   1.2380 |     43.954 |     0.6
    8 |   1.2357 |     43.474 |   1.2254 |     43.378 |     0.6
    9 |   1.2180 |     42.945 |   1.2114 |     42.642 |     0.7
   10 |   1.2010 |     42.389 |   1.1958 |     42.450 |     0.8
   11 |   1.1817 |     41.920 |   1.1842 |     42.610 |     0.9
   12 |   1.1651 |     41.244 |   1.1637 |     42.354 |     0.9
   13 |   1.1471 |     41.113 |   1.1570 |     42.706 |     1.0
   14 |   1.1362 |     40.852 |   1.1375 |     42.003 |     1.1
   15 |   1.1226 |     40.339 |   1.1290 |     40.915 |     1.2
   16 |   1.1114 |     39.854 |   1.1202 |     41.075 |     1.3
   17 |   1.0983 |     39.570 |   1.1091 |     40.627 |     1.3
   18 |   1.0857 |     39.145 |   1.1112 |     40.979 |     1.4
   19 |   1.0793 |     38.960 |   1.0992 |     40.275 |     1.5
   20 |   1.0699 |     38.267 |   1.1054 |     39.827 |     1.6
   21 |   1.0652 |     38.616 |   1.0881 |     40.083 |     1.7
   22 |   1.0529 |     38.000 |   1.0913 |     40.371 |     1.7
   23 |   1.0431 |     37.313 |   1.1118 |     40.403 |     1.8
   24 |   1.0382 |     37.493 |   1.0746 |     39.859 |     1.9
   25 |   1.0254 |     36.828 |   1.0730 |     40.307 |     2.0
   26 |   1.0169 |     36.414 |   1.0643 |     39.379 |     2.1
   27 |   1.0098 |     36.343 |   1.0641 |     39.315 |     2.1
   28 |   1.0025 |     35.863 |   1.0641 |     39.155 |     2.2
   29 |   0.9881 |     35.312 |   1.0610 |     38.036 |     2.3
   30 |   0.9845 |     34.963 |   1.0523 |     38.100 |     2.4
   31 |   0.9717 |     34.511 |   1.0603 |     38.260 |     2.4
   32 |   0.9655 |     34.342 |   1.0436 |     37.940 |     2.5
   33 |   0.9567 |     33.911 |   1.0357 |     37.044 |     2.6
   34 |   0.9497 |     33.557 |   1.0440 |     37.556 |     2.7
   35 |   0.9416 |     33.241 |   1.0224 |     37.076 |     2.8
   36 |   0.9324 |     32.892 |   1.0124 |     37.044 |     2.8
   37 |   0.9176 |     32.565 |   1.0119 |     36.052 |     2.9
   38 |   0.9082 |     31.959 |   1.0098 |     35.925 |     3.0
   39 |   0.9107 |     32.248 |   1.0295 |     37.108 |     3.1
   40 |   0.8954 |     31.638 |   0.9995 |     36.020 |     3.2
   41 |   0.8845 |     31.354 |   0.9910 |     35.733 |     3.2
   42 |   0.8731 |     31.022 |   0.9955 |     36.308 |     3.3
   43 |   0.8612 |     30.248 |   0.9919 |     35.765 |     3.4
   44 |   0.8665 |     30.695 |   0.9879 |     34.677 |     3.5
   45 |   0.8472 |     29.931 |   0.9880 |     34.901 |     3.6
   46 |   0.8475 |     29.795 |   0.9720 |     34.709 |     3.6
   47 |   0.8248 |     28.923 |   0.9645 |     34.069 |     3.7
   48 |   0.8105 |     28.574 |   0.9780 |     34.293 |     3.8
   49 |   0.8040 |     27.930 |   0.9613 |     33.557 |     3.9
   50 |   0.7893 |     27.538 |   0.9481 |     32.758 |     3.9
   51 |   0.7783 |     27.472 |   0.9593 |     33.589 |     4.0
   52 |   0.7908 |     27.652 |   0.9849 |     33.717 |     4.1
   53 |   0.7758 |     27.020 |   0.9512 |     31.894 |     4.2
   54 |   0.7507 |     26.126 |   0.9552 |     31.830 |     4.3
   55 |   0.7437 |     26.028 |   0.9361 |     32.246 |     4.3
   56 |   0.7237 |     25.101 |   0.9419 |     32.310 |     4.4
   57 |   0.7351 |     25.848 |   0.9311 |     32.054 |     4.5
   58 |   0.7118 |     24.910 |   0.9394 |     31.318 |     4.6
   59 |   0.6941 |     23.727 |   0.9491 |     31.638 |     4.7
   60 |   0.6883 |     23.825 |   0.9479 |     31.574 |     4.7
   61 |   0.6717 |     23.476 |   0.9396 |     30.646 |     4.8
Early stopping

Model: Seq2Seq Bi-LSTM
Source index: <Seq2Seq Index with 46 items>
Target index: <Seq2Seq Index with 34 items>
Encoder embedding dimension: 64
Decoder embedding dimension: 128
Encoder hidden units: 128
Encoder layers: 4
Decoder hidden units: 128
Decoder layers: 3
Dropout: 0.0
Trainable parameters: 2,054,562

Training started
X_train.shape: torch.Size([3057, 702])
Y_train.shape: torch.Size([3057, 7])
X_dev.shape: torch.Size([521, 307])
Y_dev.shape: torch.Size([521, 7])
Epochs: 500
Learning rate: 0.001
Weight decay: 1e-05
Epoch | Train                 | Development           | Minutes
      | Loss     | Error Rate | Loss     | Error Rate |
---------------------------------------------------------------
    1 |   2.1704 |     58.652 |   1.6152 |     46.289 |     0.1
    2 |   1.4778 |     46.222 |   1.4441 |     46.289 |     0.1
    3 |   1.4120 |     46.238 |   1.4030 |     46.321 |     0.2
    4 |   1.3849 |     46.129 |   1.3760 |     46.065 |     0.3
    5 |   1.3513 |     45.633 |   1.3467 |     46.033 |     0.4
    6 |   1.3213 |     45.273 |   1.3041 |     45.266 |     0.4
    7 |   1.2969 |     44.935 |   1.2809 |     44.754 |     0.5
    8 |   1.2718 |     44.395 |   1.2495 |     44.050 |     0.6
    9 |   1.2388 |     43.507 |   1.2289 |     43.250 |     0.7
   10 |   1.2100 |     42.569 |   1.2062 |     42.866 |     0.7
   11 |   1.1857 |     41.844 |   1.1759 |     42.194 |     0.8
   12 |   1.1586 |     41.299 |   1.1706 |     42.386 |     0.9
   13 |   1.1331 |     40.186 |   1.1393 |     41.363 |     1.0
   14 |   1.1033 |     39.112 |   1.1240 |     40.947 |     1.0
   15 |   1.0760 |     38.000 |   1.1141 |     40.275 |     1.1
   16 |   1.0455 |     36.932 |   1.0961 |     38.612 |     1.2
   17 |   1.0190 |     35.372 |   1.0774 |     37.588 |     1.3
   18 |   0.9863 |     33.939 |   1.0630 |     37.236 |     1.3
   19 |   0.9497 |     32.347 |   1.0421 |     36.564 |     1.4
   20 |   0.9101 |     30.787 |   1.0336 |     36.436 |     1.5
   21 |   0.8755 |     29.615 |   1.0086 |     34.869 |     1.6
   22 |   0.8394 |     28.034 |   1.0080 |     34.101 |     1.6
   23 |   0.8034 |     26.786 |   1.0251 |     33.717 |     1.7
   24 |   0.7681 |     25.537 |   1.0059 |     33.749 |     1.8
   25 |   0.7281 |     23.956 |   1.0013 |     32.534 |     1.9
   26 |   0.6904 |     22.571 |   1.0140 |     32.278 |     1.9
   27 |   0.6749 |     21.857 |   1.0239 |     32.598 |     2.0
   28 |   0.6524 |     21.503 |   1.0077 |     32.502 |     2.1
   29 |   0.6133 |     19.883 |   1.0194 |     31.286 |     2.2
Early stopping

Model: Seq2Seq Bi-LSTM
Source index: <Seq2Seq Index with 46 items>
Target index: <Seq2Seq Index with 34 items>
Encoder embedding dimension: 64
Decoder embedding dimension: 64
Encoder hidden units: 128
Encoder layers: 3
Decoder hidden units: 64
Decoder layers: 2
Dropout: 0.1
Trainable parameters: 1,161,378

Training started
X_train.shape: torch.Size([3057, 702])
Y_train.shape: torch.Size([3057, 7])
X_dev.shape: torch.Size([521, 307])
Y_dev.shape: torch.Size([521, 7])
Epochs: 500
Learning rate: 0.001
Weight decay: 1e-05
Epoch | Train                 | Development           | Minutes
      | Loss     | Error Rate | Loss     | Error Rate |
---------------------------------------------------------------
    1 |   2.4223 |     64.230 |   1.8654 |     48.145 |     0.1
    2 |   1.6413 |     47.645 |   1.5052 |     46.289 |     0.1
    3 |   1.4513 |     46.026 |   1.4260 |     46.065 |     0.2
    4 |   1.4012 |     46.091 |   1.3858 |     45.809 |     0.2
    5 |   1.3684 |     45.769 |   1.3597 |     45.809 |     0.3
    6 |   1.3426 |     45.284 |   1.3321 |     45.298 |     0.4
    7 |   1.3214 |     44.946 |   1.3115 |     45.074 |     0.4
    8 |   1.3016 |     44.761 |   1.2910 |     44.754 |     0.5
    9 |   1.2834 |     44.286 |   1.2834 |     45.106 |     0.5
   10 |   1.2629 |     44.123 |   1.2506 |     43.922 |     0.6
   11 |   1.2416 |     43.403 |   1.2361 |     43.506 |     0.7
   12 |   1.2180 |     41.986 |   1.2256 |     42.578 |     0.7
   13 |   1.1961 |     41.424 |   1.2018 |     42.418 |     0.8
   14 |   1.1707 |     40.405 |   1.1874 |     41.747 |     0.8
   15 |   1.1454 |     39.412 |   1.1667 |     40.691 |     0.9
   16 |   1.1172 |     38.535 |   1.1466 |     39.923 |     1.0
   17 |   1.0832 |     36.877 |   1.1377 |     40.147 |     1.0
   18 |   1.0589 |     36.054 |   1.1086 |     37.972 |     1.1
   19 |   1.0238 |     34.304 |   1.0897 |     37.364 |     1.1
   20 |   0.9853 |     32.412 |   1.0696 |     36.276 |     1.2
   21 |   0.9582 |     31.518 |   1.0668 |     35.637 |     1.3
   22 |   0.9228 |     30.297 |   1.0543 |     35.349 |     1.3
   23 |   0.8876 |     29.124 |   1.0328 |     34.581 |     1.4
   24 |   0.8539 |     27.740 |   1.0234 |     33.237 |     1.4
   25 |   0.8138 |     26.567 |   1.0223 |     33.621 |     1.5
   26 |   0.7785 |     25.248 |   1.0095 |     32.726 |     1.6
   27 |   0.7430 |     24.321 |   0.9953 |     32.022 |     1.6
   28 |   0.7121 |     22.958 |   1.0018 |     32.246 |     1.7
   29 |   0.6729 |     21.312 |   0.9925 |     31.830 |     1.7
   30 |   0.6579 |     21.056 |   0.9975 |     31.478 |     1.8
   31 |   0.6172 |     19.420 |   0.9983 |     31.478 |     1.9
   32 |   0.5809 |     18.166 |   1.0096 |     30.870 |     1.9
   33 |   0.5620 |     17.441 |   1.0232 |     30.486 |     2.0
Early stopping

Model: Seq2Seq Bi-LSTM
Source index: <Seq2Seq Index with 46 items>
Target index: <Seq2Seq Index with 34 items>
Encoder embedding dimension: 64
Decoder embedding dimension: 64
Encoder hidden units: 64
Encoder layers: 4
Decoder hidden units: 64
Decoder layers: 2
Dropout: 0.0
Trainable parameters: 503,970

Training started
X_train.shape: torch.Size([3057, 702])
Y_train.shape: torch.Size([3057, 7])
X_dev.shape: torch.Size([521, 307])
Y_dev.shape: torch.Size([521, 7])
Epochs: 500
Learning rate: 0.001
Weight decay: 0.0001
Epoch | Train                 | Development           | Minutes
      | Loss     | Error Rate | Loss     | Error Rate |
---------------------------------------------------------------
    1 |   2.3736 |     61.296 |   1.8399 |     48.688 |     0.0
    2 |   1.6332 |     47.579 |   1.5149 |     46.289 |     0.1
    3 |   1.4536 |     46.184 |   1.4323 |     45.937 |     0.1
    4 |   1.4010 |     46.015 |   1.3907 |     45.905 |     0.1
    5 |   1.3696 |     45.873 |   1.3570 |     45.713 |     0.2
    6 |   1.3402 |     45.028 |   1.3319 |     45.329 |     0.2
    7 |   1.3183 |     44.924 |   1.3124 |     45.042 |     0.2
    8 |   1.2983 |     44.673 |   1.2925 |     45.010 |     0.2
    9 |   1.2803 |     44.308 |   1.2754 |     44.050 |     0.3
   10 |   1.2648 |     43.894 |   1.2626 |     43.794 |     0.3
   11 |   1.2468 |     43.131 |   1.2487 |     43.378 |     0.3
   12 |   1.2281 |     42.842 |   1.2260 |     42.770 |     0.4
   13 |   1.2113 |     42.803 |   1.2154 |     42.802 |     0.4
   14 |   1.1951 |     42.111 |   1.2051 |     42.386 |     0.4
   15 |   1.1791 |     41.375 |   1.1921 |     42.418 |     0.5
   16 |   1.1632 |     41.064 |   1.1832 |     42.099 |     0.5
   17 |   1.1505 |     40.584 |   1.1676 |     41.523 |     0.5
   18 |   1.1344 |     39.996 |   1.1603 |     40.659 |     0.5
   19 |   1.1228 |     39.450 |   1.1497 |     40.819 |     0.6
   20 |   1.1078 |     38.714 |   1.1462 |     40.339 |     0.6
   21 |   1.0933 |     38.507 |   1.1326 |     39.859 |     0.6
   22 |   1.0763 |     37.477 |   1.1222 |     39.347 |     0.7
   23 |   1.0640 |     36.915 |   1.1145 |     38.804 |     0.7
   24 |   1.0492 |     36.092 |   1.1006 |     39.123 |     0.7
   25 |   1.0333 |     35.874 |   1.0952 |     38.708 |     0.8
   26 |   1.0186 |     35.367 |   1.0752 |     37.460 |     0.8
   27 |   1.0023 |     35.018 |   1.0740 |     37.908 |     0.8
   28 |   0.9945 |     34.233 |   1.0843 |     38.580 |     0.8
   29 |   0.9912 |     34.195 |   1.0659 |     37.524 |     0.9
   30 |   0.9693 |     33.535 |   1.0563 |     36.244 |     0.9
   31 |   0.9439 |     32.347 |   1.0484 |     35.893 |     0.9
   32 |   0.9318 |     31.632 |   1.0343 |     35.605 |     1.0
   33 |   0.9107 |     30.733 |   1.0262 |     35.573 |     1.0
   34 |   0.8942 |     30.177 |   1.0355 |     36.084 |     1.0
   35 |   0.8752 |     29.522 |   1.0217 |     34.293 |     1.1
   36 |   0.8635 |     28.879 |   1.0099 |     34.773 |     1.1
   37 |   0.8423 |     27.969 |   1.0069 |     33.813 |     1.1
   38 |   0.8233 |     27.167 |   0.9937 |     34.101 |     1.1
   39 |   0.8028 |     26.453 |   0.9944 |     33.685 |     1.2
   40 |   0.7820 |     25.886 |   0.9884 |     33.269 |     1.2
   41 |   0.7601 |     24.986 |   0.9954 |     32.086 |     1.2
   42 |   0.7483 |     24.670 |   0.9857 |     32.790 |     1.3
   43 |   0.7433 |     24.594 |   0.9826 |     32.118 |     1.3
   44 |   0.7191 |     23.563 |   0.9668 |     31.286 |     1.3
   45 |   0.6909 |     22.582 |   0.9785 |     31.222 |     1.4
   46 |   0.6725 |     21.977 |   0.9692 |     31.926 |     1.4
   47 |   0.6568 |     21.268 |   0.9764 |     31.830 |     1.4
   48 |   0.6324 |     20.429 |   0.9775 |     31.926 |     1.5
Early stopping

Model: Seq2Seq Bi-LSTM
Source index: <Seq2Seq Index with 46 items>
Target index: <Seq2Seq Index with 34 items>
Encoder embedding dimension: 64
Decoder embedding dimension: 64
Encoder hidden units: 128
Encoder layers: 2
Decoder hidden units: 128
Decoder layers: 2
Dropout: 0.2
Trainable parameters: 965,922

Training started
X_train.shape: torch.Size([3057, 702])
Y_train.shape: torch.Size([3057, 7])
X_dev.shape: torch.Size([521, 307])
Y_dev.shape: torch.Size([521, 7])
Epochs: 500
Learning rate: 0.001
Weight decay: 0.0001
Epoch | Train                 | Development           | Minutes
      | Loss     | Error Rate | Loss     | Error Rate |
---------------------------------------------------------------
    1 |   2.0808 |     56.286 |   1.5500 |     45.969 |     0.0
    2 |   1.4432 |     46.096 |   1.4023 |     46.321 |     0.1
    3 |   1.3673 |     45.878 |   1.3476 |     45.745 |     0.1
    4 |   1.3251 |     45.191 |   1.3078 |     45.074 |     0.2
    5 |   1.3010 |     44.684 |   1.2869 |     44.626 |     0.2
    6 |   1.2755 |     44.194 |   1.2592 |     44.306 |     0.2
    7 |   1.2502 |     43.414 |   1.2374 |     43.538 |     0.3
    8 |   1.2258 |     43.109 |   1.2175 |     43.666 |     0.3
    9 |   1.2073 |     42.454 |   1.1999 |     43.186 |     0.4
   10 |   1.1862 |     42.242 |   1.1806 |     42.994 |     0.4
   11 |   1.1720 |     41.937 |   1.1696 |     42.163 |     0.4
   12 |   1.1541 |     41.195 |   1.1601 |     41.619 |     0.5
   13 |   1.1393 |     40.852 |   1.1411 |     41.107 |     0.5
   14 |   1.1238 |     40.094 |   1.1250 |     41.491 |     0.5
   15 |   1.1033 |     38.960 |   1.1141 |     39.955 |     0.6
   16 |   1.0799 |     38.218 |   1.1048 |     39.635 |     0.6
   17 |   1.0653 |     37.542 |   1.0835 |     39.028 |     0.7
   18 |   1.0513 |     36.948 |   1.0702 |     38.900 |     0.7
   19 |   1.0307 |     36.256 |   1.0613 |     38.836 |     0.7
   20 |   1.0148 |     35.694 |   1.0432 |     37.428 |     0.8
   21 |   0.9970 |     34.893 |   1.0445 |     37.652 |     0.8
   22 |   0.9829 |     34.516 |   1.0240 |     36.404 |     0.9
   23 |   0.9650 |     33.764 |   1.0354 |     36.788 |     0.9
   24 |   0.9508 |     33.371 |   1.0088 |     35.669 |     0.9
   25 |   0.9325 |     32.308 |   1.0136 |     35.829 |     1.0
   26 |   0.9109 |     31.845 |   0.9987 |     34.741 |     1.0
   27 |   0.8948 |     30.962 |   0.9915 |     35.125 |     1.1
   28 |   0.8803 |     30.558 |   0.9925 |     34.389 |     1.1
   29 |   0.8651 |     29.811 |   0.9791 |     34.357 |     1.1
   30 |   0.8451 |     29.250 |   0.9776 |     34.069 |     1.2
   31 |   0.8278 |     28.394 |   0.9688 |     33.333 |     1.2
   32 |   0.8059 |     27.603 |   0.9644 |     32.342 |     1.3
   33 |   0.7910 |     27.064 |   0.9483 |     32.790 |     1.3
   34 |   0.7723 |     26.578 |   0.9514 |     31.670 |     1.3
   35 |   0.7555 |     25.695 |   0.9477 |     31.894 |     1.4
   36 |   0.7398 |     25.166 |   0.9297 |     31.062 |     1.4
   37 |   0.7194 |     24.452 |   0.9472 |     31.638 |     1.5
   38 |   0.7042 |     24.185 |   0.9442 |     30.454 |     1.5
   39 |   0.6771 |     23.051 |   0.9260 |     30.486 |     1.5
   40 |   0.6657 |     22.588 |   0.9277 |     30.134 |     1.6
   41 |   0.6406 |     21.508 |   0.9436 |     30.422 |     1.6
   42 |   0.6308 |     21.497 |   0.9320 |     29.175 |     1.7
   43 |   0.6091 |     20.347 |   0.9340 |     30.230 |     1.7
   44 |   0.5961 |     20.063 |   0.9195 |     28.695 |     1.7
   45 |   0.5745 |     19.349 |   0.9183 |     28.919 |     1.8
   46 |   0.5572 |     18.755 |   0.9200 |     29.111 |     1.8
   47 |   0.5417 |     17.970 |   0.9236 |     28.791 |     1.8
   48 |   0.5284 |     17.659 |   0.9460 |     29.463 |     1.9
   49 |   0.5089 |     17.245 |   0.9355 |     29.655 |     1.9
Early stopping

Model: Seq2Seq Bi-LSTM
Source index: <Seq2Seq Index with 46 items>
Target index: <Seq2Seq Index with 34 items>
Encoder embedding dimension: 32
Decoder embedding dimension: 64
Encoder hidden units: 128
Encoder layers: 3
Decoder hidden units: 128
Decoder layers: 2
Dropout: 0.2
Trainable parameters: 1,392,482

Training started
X_train.shape: torch.Size([3057, 702])
Y_train.shape: torch.Size([3057, 7])
X_dev.shape: torch.Size([521, 307])
Y_dev.shape: torch.Size([521, 7])
Epochs: 500
Learning rate: 0.001
Weight decay: 1e-05
Epoch | Train                 | Development           | Minutes
      | Loss     | Error Rate | Loss     | Error Rate |
---------------------------------------------------------------
    1 |   2.1536 |     59.099 |   1.5687 |     46.321 |     0.1
    2 |   1.4481 |     46.047 |   1.4028 |     45.713 |     0.1
    3 |   1.3647 |     45.693 |   1.3411 |     44.402 |     0.2
    4 |   1.3208 |     44.941 |   1.3039 |     44.946 |     0.2
    5 |   1.2861 |     44.395 |   1.2646 |     44.946 |     0.3
    6 |   1.2490 |     43.725 |   1.2374 |     43.314 |     0.4
    7 |   1.2233 |     42.662 |   1.2128 |     42.674 |     0.4
    8 |   1.1939 |     42.100 |   1.1910 |     42.482 |     0.5
    9 |   1.1631 |     40.950 |   1.1730 |     42.035 |     0.5
   10 |   1.1351 |     39.788 |   1.1487 |     40.179 |     0.6
   11 |   1.1038 |     38.513 |   1.1284 |     39.507 |     0.7
   12 |   1.0721 |     36.795 |   1.1013 |     38.132 |     0.7
   13 |   1.0400 |     35.754 |   1.0746 |     37.940 |     0.8
   14 |   1.0082 |     34.789 |   1.0505 |     36.308 |     0.8
   15 |   0.9647 |     32.952 |   1.0305 |     35.477 |     0.9
   16 |   0.9218 |     31.409 |   1.0083 |     35.093 |     1.0
   17 |   0.8870 |     30.019 |   0.9829 |     33.749 |     1.0
   18 |   0.8495 |     28.846 |   0.9776 |     33.877 |     1.1
   19 |   0.8136 |     27.434 |   0.9866 |     33.365 |     1.1
   20 |   0.7685 |     25.624 |   0.9449 |     32.086 |     1.2
   21 |   0.7800 |     26.382 |   0.9415 |     30.678 |     1.3
   22 |   0.7062 |     23.231 |   0.9270 |     30.774 |     1.3
   23 |   0.6613 |     21.699 |   0.9385 |     30.518 |     1.4
   24 |   0.6243 |     20.565 |   0.9135 |     29.814 |     1.4
   25 |   0.5957 |     19.703 |   0.9134 |     28.759 |     1.5
   26 |   0.5496 |     18.041 |   0.9260 |     29.910 |     1.6
   27 |   0.5293 |     17.174 |   0.9167 |     28.823 |     1.6
   28 |   0.4940 |     16.138 |   0.9352 |     28.919 |     1.7
   29 |   0.4673 |     15.500 |   0.9418 |     28.599 |     1.7
Early stopping

Model: Seq2Seq Bi-LSTM
Source index: <Seq2Seq Index with 46 items>
Target index: <Seq2Seq Index with 34 items>
Encoder embedding dimension: 32
Decoder embedding dimension: 128
Encoder hidden units: 128
Encoder layers: 3
Decoder hidden units: 128
Decoder layers: 2
Dropout: 0.2
Trainable parameters: 1,427,426

Training started
X_train.shape: torch.Size([3057, 702])
Y_train.shape: torch.Size([3057, 7])
X_dev.shape: torch.Size([521, 307])
Y_dev.shape: torch.Size([521, 7])
Epochs: 500
Learning rate: 0.001
Weight decay: 0.0001
Epoch | Train                 | Development           | Minutes
      | Loss     | Error Rate | Loss     | Error Rate |
---------------------------------------------------------------
    1 |   2.0326 |     55.866 |   1.5059 |     45.745 |     0.1
    2 |   1.4160 |     45.786 |   1.3596 |     45.681 |     0.1
    3 |   1.3342 |     44.995 |   1.3041 |     44.658 |     0.2
    4 |   1.2866 |     44.428 |   1.2667 |     44.082 |     0.2
    5 |   1.2541 |     43.670 |   1.2276 |     43.602 |     0.3
    6 |   1.2224 |     42.929 |   1.2109 |     43.858 |     0.4
    7 |   1.1990 |     42.651 |   1.1912 |     43.154 |     0.4
    8 |   1.1765 |     41.849 |   1.1749 |     42.226 |     0.5
    9 |   1.1529 |     41.271 |   1.1469 |     41.843 |     0.5
   10 |   1.1322 |     40.634 |   1.1297 |     41.107 |     0.6
   11 |   1.1118 |     39.892 |   1.1217 |     40.979 |     0.6
   12 |   1.0983 |     39.183 |   1.1058 |     40.243 |     0.7
   13 |   1.0788 |     38.218 |   1.0988 |     40.147 |     0.8
   14 |   1.0634 |     37.891 |   1.0774 |     39.507 |     0.8
   15 |   1.0451 |     37.379 |   1.0844 |     39.155 |     0.9
   16 |   1.0342 |     36.594 |   1.0762 |     39.507 |     0.9
   17 |   1.0170 |     36.283 |   1.0489 |     38.260 |     1.0
   18 |   1.0041 |     35.868 |   1.0487 |     37.876 |     1.1
   19 |   0.9908 |     35.361 |   1.0472 |     37.460 |     1.1
   20 |   0.9760 |     34.734 |   1.0388 |     36.948 |     1.2
   21 |   0.9606 |     33.971 |   1.0201 |     37.012 |     1.2
   22 |   0.9482 |     33.791 |   1.0242 |     37.268 |     1.3
   23 |   0.9315 |     33.132 |   1.0209 |     35.893 |     1.4
   24 |   0.9149 |     32.456 |   1.0074 |     35.381 |     1.4
   25 |   0.8955 |     31.371 |   0.9913 |     35.509 |     1.5
   26 |   0.8791 |     31.038 |   0.9729 |     34.421 |     1.5
   27 |   0.8657 |     30.351 |   0.9731 |     33.909 |     1.6
   28 |   0.8524 |     29.735 |   0.9755 |     34.709 |     1.7
   29 |   0.8330 |     29.026 |   0.9567 |     33.237 |     1.7
   30 |   0.8172 |     28.634 |   0.9659 |     33.845 |     1.8
   31 |   0.7951 |     27.347 |   0.9698 |     33.781 |     1.8
   32 |   0.7798 |     27.053 |   0.9431 |     32.406 |     1.9
   33 |   0.7712 |     26.622 |   0.9468 |     32.278 |     1.9
   34 |   0.7524 |     25.962 |   0.9476 |     32.342 |     2.0
   35 |   0.7274 |     24.839 |   0.9447 |     31.638 |     2.1
   36 |   0.7154 |     24.419 |   0.9560 |     31.830 |     2.1
   37 |   0.6939 |     23.732 |   0.9362 |     31.158 |     2.2
   38 |   0.6842 |     23.324 |   0.9491 |     31.798 |     2.3
   39 |   0.6660 |     22.757 |   0.9406 |     30.870 |     2.3
   40 |   0.6454 |     22.015 |   0.9350 |     30.422 |     2.4
   41 |   0.6306 |     21.410 |   0.9428 |     30.710 |     2.4
   42 |   0.6140 |     20.663 |   0.9544 |     30.710 |     2.5
   43 |   0.6055 |     20.652 |   0.9531 |     30.166 |     2.6
   44 |   0.5882 |     19.905 |   0.9407 |     30.902 |     2.6
Early stopping

Model: Seq2Seq Bi-LSTM
Source index: <Seq2Seq Index with 46 items>
Target index: <Seq2Seq Index with 34 items>
Encoder embedding dimension: 32
Decoder embedding dimension: 128
Encoder hidden units: 64
Encoder layers: 2
Decoder hidden units: 64
Decoder layers: 3
Dropout: 0.1
Trainable parameters: 306,530

Training started
X_train.shape: torch.Size([3057, 702])
Y_train.shape: torch.Size([3057, 7])
X_dev.shape: torch.Size([521, 307])
Y_dev.shape: torch.Size([521, 7])
Epochs: 500
Learning rate: 0.001
Weight decay: 1e-05
Epoch | Train                 | Development           | Minutes
      | Loss     | Error Rate | Loss     | Error Rate |
---------------------------------------------------------------
    1 |   2.5244 |     68.139 |   1.9715 |     57.774 |     0.0
    2 |   1.7561 |     49.406 |   1.5859 |     46.289 |     0.0
    3 |   1.4979 |     46.156 |   1.4605 |     46.289 |     0.1
    4 |   1.4248 |     46.184 |   1.4163 |     46.289 |     0.1
    5 |   1.3864 |     46.391 |   1.3766 |     46.289 |     0.1
    6 |   1.3631 |     45.933 |   1.3561 |     45.937 |     0.1
    7 |   1.3441 |     45.606 |   1.3389 |     45.713 |     0.1
    8 |   1.3281 |     45.769 |   1.3195 |     45.969 |     0.1
    9 |   1.3135 |     45.638 |   1.3056 |     45.457 |     0.2
   10 |   1.2998 |     45.120 |   1.2922 |     44.754 |     0.2
   11 |   1.2846 |     44.641 |   1.2840 |     44.754 |     0.2
   12 |   1.2710 |     44.275 |   1.2649 |     44.466 |     0.2
   13 |   1.2550 |     43.414 |   1.2461 |     44.082 |     0.2
   14 |   1.2382 |     43.131 |   1.2346 |     43.250 |     0.2
   15 |   1.2217 |     43.076 |   1.2214 |     43.506 |     0.3
   16 |   1.2024 |     42.623 |   1.2016 |     42.866 |     0.3
   17 |   1.1885 |     42.280 |   1.1882 |     42.418 |     0.3
   18 |   1.1704 |     41.451 |   1.1831 |     41.779 |     0.3
   19 |   1.1563 |     40.792 |   1.1647 |     41.651 |     0.3
   20 |   1.1379 |     40.208 |   1.1618 |     41.267 |     0.3
   21 |   1.1231 |     39.434 |   1.1588 |     40.979 |     0.4
   22 |   1.1087 |     38.654 |   1.1382 |     41.043 |     0.4
   23 |   1.0968 |     38.616 |   1.1375 |     40.371 |     0.4
   24 |   1.0785 |     37.608 |   1.1298 |     39.955 |     0.4
   25 |   1.0672 |     37.302 |   1.1220 |     40.083 |     0.4
   26 |   1.0531 |     36.659 |   1.1225 |     39.795 |     0.4
   27 |   1.0397 |     36.321 |   1.1005 |     39.315 |     0.5
   28 |   1.0283 |     35.749 |   1.1032 |     39.411 |     0.5
   29 |   1.0088 |     35.034 |   1.0858 |     38.708 |     0.5
   30 |   0.9944 |     34.227 |   1.0957 |     38.100 |     0.5
   31 |   0.9812 |     33.868 |   1.0825 |     37.716 |     0.5
   32 |   0.9618 |     33.110 |   1.0705 |     37.524 |     0.5
   33 |   0.9439 |     32.025 |   1.0675 |     36.436 |     0.6
   34 |   0.9429 |     31.970 |   1.0615 |     36.980 |     0.6
   35 |   0.9213 |     31.114 |   1.0633 |     37.268 |     0.6
   36 |   0.8985 |     30.433 |   1.0632 |     36.212 |     0.6
   37 |   0.8825 |     29.642 |   1.0458 |     36.500 |     0.6
   38 |   0.8674 |     29.528 |   1.0431 |     35.925 |     0.7
   39 |   0.8484 |     28.754 |   1.0447 |     35.253 |     0.7
   40 |   0.8352 |     27.990 |   1.0359 |     34.901 |     0.7
   41 |   0.8201 |     27.582 |   1.0362 |     35.029 |     0.7
   42 |   0.8069 |     27.211 |   1.0369 |     34.229 |     0.7
   43 |   0.7902 |     26.507 |   1.0600 |     34.773 |     0.7
   44 |   0.7799 |     26.148 |   1.0563 |     34.101 |     0.8
Early stopping

Model: Seq2Seq Bi-LSTM
Source index: <Seq2Seq Index with 46 items>
Target index: <Seq2Seq Index with 34 items>
Encoder embedding dimension: 128
Decoder embedding dimension: 64
Encoder hidden units: 64
Encoder layers: 3
Decoder hidden units: 128
Decoder layers: 3
Dropout: 0.1
Trainable parameters: 772,258

Training started
X_train.shape: torch.Size([3057, 702])
Y_train.shape: torch.Size([3057, 7])
X_dev.shape: torch.Size([521, 307])
Y_dev.shape: torch.Size([521, 7])
Epochs: 500
Learning rate: 0.001
Weight decay: 0.0001
Epoch | Train                 | Development           | Minutes
      | Loss     | Error Rate | Loss     | Error Rate |
---------------------------------------------------------------
    1 |   2.2400 |     61.335 |   1.6526 |     48.401 |     0.0
    2 |   1.4966 |     46.483 |   1.4423 |     46.289 |     0.1
    3 |   1.4114 |     46.064 |   1.3977 |     46.289 |     0.1
    4 |   1.3734 |     45.933 |   1.3552 |     45.713 |     0.1
    5 |   1.3387 |     45.873 |   1.3248 |     46.193 |     0.1
    6 |   1.3164 |     45.791 |   1.3019 |     45.649 |     0.2
    7 |   1.2894 |     45.110 |   1.2692 |     44.658 |     0.2
    8 |   1.2670 |     44.521 |   1.2524 |     44.370 |     0.2
    9 |   1.2448 |     43.834 |   1.2347 |     43.698 |     0.3
   10 |   1.2310 |     43.387 |   1.2271 |     43.218 |     0.3
   11 |   1.2162 |     42.951 |   1.2170 |     43.538 |     0.3
   12 |   1.2010 |     42.640 |   1.2063 |     43.026 |     0.3
   13 |   1.1858 |     42.111 |   1.1923 |     42.770 |     0.4
   14 |   1.1735 |     41.566 |   1.1727 |     41.811 |     0.4
   15 |   1.1576 |     41.288 |   1.1615 |     42.898 |     0.4
   16 |   1.1476 |     40.721 |   1.1695 |     42.962 |     0.4
   17 |   1.1332 |     40.557 |   1.1351 |     41.171 |     0.5
   18 |   1.1229 |     40.137 |   1.1397 |     41.427 |     0.5
   19 |   1.1102 |     39.799 |   1.1332 |     41.171 |     0.5
   20 |   1.0997 |     39.374 |   1.1161 |     40.947 |     0.6
   21 |   1.0868 |     38.927 |   1.1107 |     40.499 |     0.6
   22 |   1.0748 |     38.360 |   1.1048 |     40.307 |     0.6
   23 |   1.0658 |     38.218 |   1.0916 |     39.795 |     0.6
   24 |   1.0518 |     37.313 |   1.0824 |     38.548 |     0.7
   25 |   1.0373 |     36.795 |   1.0720 |     39.091 |     0.7
   26 |   1.0231 |     36.114 |   1.0687 |     38.772 |     0.7
   27 |   1.0143 |     35.868 |   1.0658 |     38.804 |     0.8
   28 |   0.9973 |     35.100 |   1.0488 |     38.196 |     0.8
   29 |   0.9905 |     35.083 |   1.0499 |     37.844 |     0.8
   30 |   0.9773 |     34.462 |   1.0470 |     36.980 |     0.9
   31 |   0.9626 |     33.748 |   1.0262 |     37.460 |     0.9
   32 |   0.9452 |     33.121 |   1.0277 |     36.628 |     0.9
   33 |   0.9328 |     32.854 |   1.0044 |     35.349 |     0.9
   34 |   0.9232 |     32.112 |   1.0101 |     35.509 |     1.0
   35 |   0.9086 |     31.692 |   0.9988 |     34.869 |     1.0
   36 |   0.8906 |     30.782 |   0.9918 |     35.413 |     1.0
   37 |   0.8792 |     30.280 |   0.9966 |     34.357 |     1.1
   38 |   0.8650 |     29.942 |   0.9867 |     34.549 |     1.1
   39 |   0.8522 |     29.577 |   0.9768 |     34.005 |     1.1
   40 |   0.8384 |     29.048 |   0.9801 |     33.365 |     1.1
   41 |   0.8247 |     28.432 |   0.9616 |     32.949 |     1.2
   42 |   0.8106 |     27.996 |   0.9576 |     32.758 |     1.2
   43 |   0.8014 |     27.603 |   0.9500 |     32.022 |     1.2
   44 |   0.7911 |     27.265 |   0.9666 |     33.109 |     1.3
   45 |   0.7699 |     26.360 |   0.9479 |     31.958 |     1.3
   46 |   0.7577 |     25.940 |   0.9474 |     31.062 |     1.3
   47 |   0.7483 |     25.417 |   0.9436 |     30.934 |     1.4
   48 |   0.7355 |     24.921 |   0.9470 |     31.446 |     1.4
   49 |   0.7174 |     24.327 |   0.9484 |     31.126 |     1.4
   50 |   0.7051 |     24.010 |   0.9682 |     31.350 |     1.4
   51 |   0.6908 |     23.427 |   0.9776 |     31.638 |     1.5
Early stopping

Model: Seq2Seq Bi-LSTM
Source index: <Seq2Seq Index with 46 items>
Target index: <Seq2Seq Index with 34 items>
Encoder embedding dimension: 64
Decoder embedding dimension: 128
Encoder hidden units: 128
Encoder layers: 2
Decoder hidden units: 64
Decoder layers: 3
Dropout: 0.1
Trainable parameters: 785,186

Training started
X_train.shape: torch.Size([3057, 702])
Y_train.shape: torch.Size([3057, 7])
X_dev.shape: torch.Size([521, 307])
Y_dev.shape: torch.Size([521, 7])
Epochs: 500
Learning rate: 0.001
Weight decay: 0.0001
Epoch | Train                 | Development           | Minutes
      | Loss     | Error Rate | Loss     | Error Rate |
---------------------------------------------------------------
    1 |   2.5027 |     66.301 |   1.9457 |     49.104 |     0.0
    2 |   1.7183 |     48.686 |   1.5550 |     46.289 |     0.1
    3 |   1.4848 |     46.205 |   1.4611 |     46.289 |     0.1
    4 |   1.4252 |     46.162 |   1.4406 |     46.577 |     0.2
    5 |   1.3902 |     46.156 |   1.3686 |     46.321 |     0.2
    6 |   1.3520 |     46.015 |   1.3417 |     45.873 |     0.2
    7 |   1.3238 |     45.355 |   1.3173 |     45.553 |     0.3
    8 |   1.2978 |     45.191 |   1.2910 |     45.329 |     0.3
    9 |   1.2791 |     44.657 |   1.2633 |     44.146 |     0.4
   10 |   1.2602 |     43.845 |   1.2512 |     44.082 |     0.4
   11 |   1.2447 |     43.937 |   1.2278 |     43.474 |     0.4
   12 |   1.2294 |     43.294 |   1.2136 |     43.122 |     0.5
   13 |   1.2155 |     42.716 |   1.2037 |     43.282 |     0.5
   14 |   1.2024 |     42.400 |   1.1880 |     41.907 |     0.5
   15 |   1.1918 |     42.040 |   1.1829 |     42.610 |     0.6
   16 |   1.1823 |     41.953 |   1.1774 |     42.035 |     0.6
   17 |   1.1728 |     41.588 |   1.1726 |     41.747 |     0.7
   18 |   1.1635 |     41.184 |   1.1648 |     41.235 |     0.7
   19 |   1.1571 |     41.190 |   1.1476 |     40.691 |     0.7
   20 |   1.1480 |     41.042 |   1.1455 |     41.683 |     0.8
   21 |   1.1391 |     40.830 |   1.1437 |     41.331 |     0.8
   22 |   1.1341 |     40.704 |   1.1372 |     41.075 |     0.9
   23 |   1.1272 |     40.508 |   1.1328 |     41.395 |     0.9
   24 |   1.1230 |     40.312 |   1.1224 |     41.075 |     0.9
   25 |   1.1132 |     39.794 |   1.1181 |     40.563 |     1.0
   26 |   1.1082 |     39.908 |   1.1150 |     40.275 |     1.0
   27 |   1.1041 |     39.603 |   1.1124 |     40.115 |     1.1
   28 |   1.0967 |     39.249 |   1.1059 |     39.731 |     1.1
   29 |   1.0915 |     39.167 |   1.1039 |     40.211 |     1.1
   30 |   1.0831 |     38.796 |   1.1033 |     39.507 |     1.2
   31 |   1.0817 |     38.665 |   1.1074 |     39.283 |     1.2
   32 |   1.0736 |     38.355 |   1.0878 |     39.187 |     1.3
   33 |   1.0687 |     38.213 |   1.0937 |     39.955 |     1.3
   34 |   1.0641 |     38.267 |   1.0858 |     39.347 |     1.3
   35 |   1.0566 |     37.657 |   1.0898 |     39.475 |     1.4
   36 |   1.0488 |     37.466 |   1.0751 |     39.251 |     1.4
   37 |   1.0464 |     37.488 |   1.0725 |     38.708 |     1.5
   38 |   1.0433 |     37.417 |   1.0685 |     38.612 |     1.5
   39 |   1.0380 |     37.106 |   1.0701 |     38.164 |     1.5
   40 |   1.0301 |     36.872 |   1.0669 |     39.283 |     1.6
   41 |   1.0266 |     36.637 |   1.0632 |     38.324 |     1.6
   42 |   1.0202 |     36.239 |   1.0577 |     38.676 |     1.6
   43 |   1.0157 |     36.283 |   1.0621 |     38.580 |     1.7
   44 |   1.0086 |     36.212 |   1.0566 |     38.228 |     1.7
   45 |   1.0041 |     35.874 |   1.0481 |     37.812 |     1.8
   46 |   0.9994 |     35.640 |   1.0466 |     37.492 |     1.8
   47 |   0.9934 |     35.552 |   1.0397 |     37.332 |     1.8
   48 |   0.9871 |     35.056 |   1.0449 |     37.524 |     1.9
   49 |   0.9816 |     34.784 |   1.0429 |     37.940 |     1.9
   50 |   0.9796 |     35.018 |   1.0385 |     36.820 |     2.0
   51 |   0.9706 |     34.587 |   1.0334 |     36.948 |     2.0
   52 |   0.9673 |     34.636 |   1.0314 |     37.364 |     2.0
   53 |   0.9603 |     34.653 |   1.0237 |     36.820 |     2.1
   54 |   0.9520 |     34.053 |   1.0244 |     36.788 |     2.1
   55 |   0.9491 |     33.868 |   1.0257 |     36.852 |     2.2
   56 |   0.9439 |     33.769 |   1.0224 |     36.212 |     2.2
   57 |   0.9392 |     33.148 |   1.0084 |     36.020 |     2.2
   58 |   0.9298 |     32.843 |   1.0208 |     35.893 |     2.3
   59 |   0.9277 |     32.914 |   1.0145 |     36.308 |     2.3
   60 |   0.9224 |     32.603 |   1.0304 |     36.340 |     2.4
   61 |   0.9137 |     32.156 |   1.0214 |     36.116 |     2.4
   62 |   0.9060 |     32.009 |   1.0078 |     35.509 |     2.4
   63 |   0.9022 |     31.354 |   1.0229 |     36.212 |     2.5
   64 |   0.8944 |     30.994 |   1.0173 |     35.925 |     2.5
   65 |   0.8865 |     30.945 |   1.0181 |     35.221 |     2.6
   66 |   0.8772 |     30.580 |   1.0081 |     34.869 |     2.6
   67 |   0.8741 |     30.602 |   1.0067 |     34.901 |     2.6
   68 |   0.8601 |     29.991 |   0.9981 |     34.805 |     2.7
   69 |   0.8615 |     29.822 |   1.0074 |     34.901 |     2.7
   70 |   0.8516 |     29.740 |   1.0146 |     34.997 |     2.8
   71 |   0.8416 |     29.114 |   0.9958 |     34.133 |     2.8
   72 |   0.8306 |     28.890 |   0.9942 |     33.749 |     2.8
   73 |   0.8186 |     28.547 |   1.0042 |     33.781 |     2.9
   74 |   0.8200 |     28.399 |   0.9930 |     33.621 |     2.9
   75 |   0.8063 |     28.034 |   1.0010 |     33.749 |     3.0
   76 |   0.7957 |     27.412 |   1.0089 |     33.493 |     3.0
   77 |   0.7963 |     27.260 |   0.9930 |     33.333 |     3.0
   78 |   0.7933 |     27.282 |   0.9869 |     33.141 |     3.1
   79 |   0.7778 |     26.916 |   0.9960 |     33.589 |     3.1
   80 |   0.7651 |     26.169 |   0.9775 |     32.566 |     3.2
   81 |   0.7545 |     25.597 |   0.9864 |     33.333 |     3.2
   82 |   0.7468 |     25.635 |   0.9852 |     32.438 |     3.2
   83 |   0.7315 |     24.676 |   0.9826 |     32.150 |     3.3
   84 |   0.7215 |     24.616 |   0.9971 |     31.766 |     3.3
Early stopping

Model: Seq2Seq Bi-LSTM
Source index: <Seq2Seq Index with 46 items>
Target index: <Seq2Seq Index with 34 items>
Encoder embedding dimension: 64
Decoder embedding dimension: 64
Encoder hidden units: 128
Encoder layers: 3
Decoder hidden units: 128
Decoder layers: 3
Dropout: 0.2
Trainable parameters: 1,558,818

Training started
X_train.shape: torch.Size([3057, 702])
Y_train.shape: torch.Size([3057, 7])
X_dev.shape: torch.Size([521, 307])
Y_dev.shape: torch.Size([521, 7])
Epochs: 500
Learning rate: 0.001
Weight decay: 0.0001
Epoch | Train                 | Development           | Minutes
      | Loss     | Error Rate | Loss     | Error Rate |
---------------------------------------------------------------
    1 |   2.2760 |     62.082 |   1.6712 |     46.801 |     0.1
    2 |   1.5022 |     46.336 |   1.4500 |     46.289 |     0.1
    3 |   1.4185 |     46.113 |   1.4149 |     46.321 |     0.2
    4 |   1.3838 |     46.069 |   1.3703 |     46.321 |     0.2
    5 |   1.3422 |     45.818 |   1.3248 |     46.065 |     0.3
    6 |   1.3158 |     45.802 |   1.3137 |     45.234 |     0.4
    7 |   1.2957 |     45.540 |   1.2903 |     45.106 |     0.4
    8 |   1.2778 |     44.951 |   1.2634 |     44.274 |     0.5
    9 |   1.2547 |     44.215 |   1.2472 |     43.762 |     0.5
   10 |   1.2361 |     44.030 |   1.2291 |     44.882 |     0.6
   11 |   1.2205 |     43.305 |   1.2150 |     43.922 |     0.6
   12 |   1.2070 |     42.852 |   1.2103 |     43.762 |     0.7
   13 |   1.1975 |     42.596 |   1.1902 |     43.122 |     0.8
   14 |   1.1842 |     42.433 |   1.1849 |     43.346 |     0.8
   15 |   1.1748 |     42.187 |   1.1776 |     42.962 |     0.9
   16 |   1.1639 |     41.958 |   1.1646 |     42.642 |     0.9
   17 |   1.1534 |     41.909 |   1.1555 |     42.674 |     1.0
   18 |   1.1442 |     40.961 |   1.1518 |     41.779 |     1.1
   19 |   1.1337 |     41.032 |   1.1410 |     42.258 |     1.1
   20 |   1.1281 |     41.042 |   1.1277 |     41.971 |     1.2
   21 |   1.1220 |     40.514 |   1.1348 |     41.619 |     1.2
   22 |   1.1169 |     40.350 |   1.1199 |     40.563 |     1.3
   23 |   1.1066 |     40.028 |   1.1135 |     40.819 |     1.4
   24 |   1.0958 |     39.538 |   1.1072 |     40.083 |     1.4
   25 |   1.0914 |     39.592 |   1.0939 |     39.955 |     1.5
   26 |   1.0800 |     39.183 |   1.0898 |     40.179 |     1.5
   27 |   1.0712 |     38.763 |   1.0818 |     39.859 |     1.6
   28 |   1.0656 |     38.256 |   1.0855 |     38.804 |     1.7
   29 |   1.0559 |     37.946 |   1.0745 |     39.283 |     1.7
   30 |   1.0488 |     38.033 |   1.0687 |     39.091 |     1.8
   31 |   1.0403 |     37.450 |   1.0677 |     39.571 |     1.8
   32 |   1.0406 |     37.297 |   1.0650 |     39.411 |     1.9
   33 |   1.0303 |     37.013 |   1.0540 |     38.772 |     1.9
   34 |   1.0166 |     36.419 |   1.0519 |     38.676 |     2.0
   35 |   1.0100 |     36.190 |   1.0429 |     38.036 |     2.1
   36 |   1.0057 |     35.825 |   1.0497 |     38.420 |     2.1
   37 |   0.9922 |     35.536 |   1.0413 |     37.396 |     2.2
   38 |   0.9909 |     35.634 |   1.0331 |     37.204 |     2.3
   39 |   0.9754 |     34.773 |   1.0456 |     37.684 |     2.3
   40 |   0.9720 |     34.751 |   1.0237 |     37.396 |     2.4
   41 |   0.9617 |     34.031 |   1.0312 |     37.268 |     2.4
   42 |   0.9571 |     33.824 |   1.0199 |     36.052 |     2.5
   43 |   0.9479 |     33.699 |   1.0158 |     36.276 |     2.6
   44 |   0.9368 |     33.235 |   1.0127 |     35.573 |     2.6
   45 |   0.9293 |     33.072 |   1.0201 |     36.628 |     2.7
   46 |   0.9216 |     32.875 |   1.0130 |     35.861 |     2.7
   47 |   0.9141 |     32.259 |   1.0067 |     35.765 |     2.8
   48 |   0.9049 |     31.899 |   1.0101 |     35.669 |     2.9
   49 |   0.8991 |     31.469 |   0.9978 |     35.988 |     2.9
   50 |   0.8889 |     31.234 |   1.0005 |     35.189 |     3.0
   51 |   0.8786 |     30.940 |   0.9890 |     35.956 |     3.1
   52 |   0.8746 |     30.842 |   0.9898 |     35.125 |     3.1
   53 |   0.8670 |     30.678 |   0.9861 |     34.325 |     3.2
   54 |   0.8519 |     29.779 |   0.9910 |     34.741 |     3.2
   55 |   0.8523 |     30.144 |   0.9815 |     34.325 |     3.3
   56 |   0.8419 |     29.664 |   0.9788 |     34.133 |     3.4
   57 |   0.8295 |     28.983 |   0.9825 |     34.677 |     3.4
   58 |   0.8305 |     28.988 |   0.9796 |     34.069 |     3.5
   59 |   0.8159 |     28.743 |   0.9824 |     34.549 |     3.5
   60 |   0.8848 |     31.038 |   1.0476 |     36.884 |     3.6
Early stopping

Model: Seq2Seq Bi-LSTM
Source index: <Seq2Seq Index with 46 items>
Target index: <Seq2Seq Index with 34 items>
Encoder embedding dimension: 64
Decoder embedding dimension: 64
Encoder hidden units: 128
Encoder layers: 3
Decoder hidden units: 128
Decoder layers: 3
Dropout: 0.0
Trainable parameters: 1,558,818

Training started
X_train.shape: torch.Size([3057, 702])
Y_train.shape: torch.Size([3057, 7])
X_dev.shape: torch.Size([521, 307])
Y_dev.shape: torch.Size([521, 7])
Epochs: 500
Learning rate: 0.001
Weight decay: 1e-05
Epoch | Train                 | Development           | Minutes
      | Loss     | Error Rate | Loss     | Error Rate |
---------------------------------------------------------------
    1 |   2.2311 |     61.073 |   1.6465 |     46.289 |     0.1
    2 |   1.4986 |     46.216 |   1.4522 |     46.321 |     0.1
    3 |   1.4176 |     46.254 |   1.4168 |     46.289 |     0.2
    4 |   1.3865 |     45.987 |   1.3895 |     46.481 |     0.2
    5 |   1.3611 |     46.085 |   1.3648 |     46.449 |     0.3
    6 |   1.3453 |     46.249 |   1.3462 |     46.737 |     0.3
    7 |   1.3251 |     46.216 |   1.3167 |     45.969 |     0.4
    8 |   1.2965 |     45.388 |   1.2891 |     45.457 |     0.5
    9 |   1.2713 |     44.384 |   1.2607 |     44.146 |     0.5
   10 |   1.2505 |     43.714 |   1.2452 |     43.794 |     0.6
   11 |   1.2283 |     43.131 |   1.2284 |     42.802 |     0.6
   12 |   1.2073 |     42.438 |   1.2001 |     42.706 |     0.7
   13 |   1.1837 |     41.926 |   1.1876 |     42.035 |     0.7
   14 |   1.1632 |     41.141 |   1.1701 |     41.523 |     0.8
   15 |   1.1360 |     40.241 |   1.1559 |     40.691 |     0.9
   16 |   1.1151 |     39.363 |   1.1212 |     39.699 |     0.9
   17 |   1.0816 |     38.109 |   1.1134 |     38.836 |     1.0
   18 |   1.0510 |     36.599 |   1.0811 |     37.684 |     1.0
   19 |   1.0263 |     35.514 |   1.0772 |     38.132 |     1.1
   20 |   0.9893 |     34.178 |   1.0452 |     36.180 |     1.1
   21 |   0.9577 |     32.592 |   1.0651 |     37.140 |     1.2
   22 |   0.9210 |     31.360 |   1.0308 |     35.317 |     1.3
   23 |   0.8863 |     29.686 |   1.0158 |     34.613 |     1.3
   24 |   0.8449 |     28.410 |   0.9963 |     33.525 |     1.4
   25 |   0.8023 |     26.786 |   0.9786 |     32.246 |     1.4
   26 |   0.7679 |     25.248 |   0.9701 |     31.542 |     1.5
   27 |   0.7240 |     23.656 |   0.9722 |     31.830 |     1.5
   28 |   0.6855 |     22.446 |   0.9731 |     31.094 |     1.6
   29 |   0.6444 |     20.707 |   0.9694 |     29.974 |     1.7
   30 |   0.6057 |     19.496 |   0.9764 |     30.550 |     1.7
   31 |   0.5645 |     18.117 |   0.9890 |     30.422 |     1.8
   32 |   0.5278 |     16.977 |   1.0077 |     30.422 |     1.8
   33 |   0.5019 |     16.105 |   1.0135 |     29.846 |     1.9
Early stopping

Model: Seq2Seq Bi-LSTM
Source index: <Seq2Seq Index with 46 items>
Target index: <Seq2Seq Index with 34 items>
Encoder embedding dimension: 128
Decoder embedding dimension: 128
Encoder hidden units: 128
Encoder layers: 2
Decoder hidden units: 64
Decoder layers: 2
Dropout: 0.1
Trainable parameters: 820,386

Training started
X_train.shape: torch.Size([3057, 702])
Y_train.shape: torch.Size([3057, 7])
X_dev.shape: torch.Size([521, 307])
Y_dev.shape: torch.Size([521, 7])
Epochs: 500
Learning rate: 0.001
Weight decay: 1e-05
Epoch | Train                 | Development           | Minutes
      | Loss     | Error Rate | Loss     | Error Rate |
---------------------------------------------------------------
    1 |   2.3735 |     63.597 |   1.8228 |     47.889 |     0.0
    2 |   1.6155 |     47.438 |   1.4915 |     46.321 |     0.1
    3 |   1.4281 |     45.818 |   1.3976 |     46.193 |     0.1
    4 |   1.3641 |     45.415 |   1.3382 |     45.681 |     0.2
    5 |   1.3245 |     44.510 |   1.3130 |     44.946 |     0.2
    6 |   1.2943 |     43.708 |   1.2885 |     44.626 |     0.2
    7 |   1.2701 |     43.087 |   1.2646 |     43.506 |     0.3
    8 |   1.2488 |     42.852 |   1.2419 |     42.962 |     0.3
    9 |   1.2306 |     42.585 |   1.2241 |     43.474 |     0.4
   10 |   1.2131 |     42.247 |   1.2222 |     43.442 |     0.4
   11 |   1.1951 |     41.991 |   1.1986 |     42.738 |     0.4
   12 |   1.1762 |     41.201 |   1.1830 |     41.747 |     0.5
   13 |   1.1557 |     40.345 |   1.1736 |     41.043 |     0.5
   14 |   1.1339 |     39.538 |   1.1640 |     41.395 |     0.6
   15 |   1.1159 |     38.845 |   1.1429 |     40.755 |     0.6
   16 |   1.0912 |     37.929 |   1.1226 |     39.251 |     0.6
   17 |   1.0656 |     36.555 |   1.1174 |     39.667 |     0.7
   18 |   1.0426 |     35.978 |   1.1058 |     39.507 |     0.7
   19 |   1.0146 |     35.089 |   1.0856 |     38.324 |     0.8
   20 |   0.9873 |     33.704 |   1.0741 |     38.484 |     0.8
   21 |   0.9553 |     32.461 |   1.0663 |     36.692 |     0.8
   22 |   0.9209 |     30.689 |   1.0411 |     35.861 |     0.9
   23 |   0.8857 |     29.206 |   1.0244 |     34.517 |     0.9
   24 |   0.8470 |     27.892 |   1.0129 |     35.637 |     1.0
   25 |   0.8085 |     26.617 |   1.0025 |     33.813 |     1.0
   26 |   0.7819 |     25.515 |   1.0023 |     33.429 |     1.0
   27 |   0.7488 |     24.441 |   1.0102 |     32.726 |     1.1
   28 |   0.7066 |     22.533 |   1.0012 |     32.406 |     1.1
   29 |   0.6728 |     21.481 |   0.9853 |     31.830 |     1.2
   30 |   0.6447 |     20.249 |   0.9866 |     30.678 |     1.2
   31 |   0.6120 |     19.305 |   0.9818 |     30.806 |     1.2
   32 |   0.5950 |     18.586 |   0.9875 |     30.902 |     1.3
   33 |   0.5622 |     17.795 |   0.9838 |     30.230 |     1.3
   34 |   0.5350 |     16.721 |   1.0162 |     30.006 |     1.4
   35 |   0.5082 |     15.985 |   1.0113 |     29.814 |     1.4
Early stopping

Model: Seq2Seq Bi-LSTM
Source index: <Seq2Seq Index with 46 items>
Target index: <Seq2Seq Index with 34 items>
Encoder embedding dimension: 64
Decoder embedding dimension: 128
Encoder hidden units: 64
Encoder layers: 4
Decoder hidden units: 64
Decoder layers: 3
Dropout: 0.1
Trainable parameters: 555,810

Training started
X_train.shape: torch.Size([3057, 702])
Y_train.shape: torch.Size([3057, 7])
X_dev.shape: torch.Size([521, 307])
Y_dev.shape: torch.Size([521, 7])
Epochs: 500
Learning rate: 0.001
Weight decay: 1e-05
Epoch | Train                 | Development           | Minutes
      | Loss     | Error Rate | Loss     | Error Rate |
---------------------------------------------------------------
    1 |   2.4864 |     66.231 |   1.9106 |     47.921 |     0.0
    2 |   1.6996 |     48.582 |   1.5554 |     46.289 |     0.1
    3 |   1.4816 |     46.260 |   1.4595 |     46.321 |     0.1
    4 |   1.4255 |     46.205 |   1.4201 |     46.289 |     0.1
    5 |   1.3940 |     46.162 |   1.3859 |     45.937 |     0.2
    6 |   1.3633 |     45.671 |   1.3527 |     46.193 |     0.2
    7 |   1.3320 |     45.284 |   1.3190 |     45.681 |     0.2
    8 |   1.3060 |     45.011 |   1.2941 |     44.498 |     0.3
    9 |   1.2842 |     44.205 |   1.2760 |     44.530 |     0.3
   10 |   1.2628 |     43.883 |   1.2580 |     43.826 |     0.3
   11 |   1.2398 |     43.087 |   1.2364 |     43.186 |     0.4
   12 |   1.2204 |     42.525 |   1.2211 |     42.642 |     0.4
   13 |   1.2010 |     41.975 |   1.2015 |     41.907 |     0.4
   14 |   1.1803 |     41.479 |   1.1906 |     41.651 |     0.5
   15 |   1.1628 |     40.863 |   1.1736 |     40.947 |     0.5
   16 |   1.1487 |     40.372 |   1.1662 |     41.075 |     0.5
   17 |   1.1330 |     39.641 |   1.1593 |     40.819 |     0.6
   18 |   1.1168 |     39.014 |   1.1433 |     40.339 |     0.6
   19 |   1.1007 |     38.638 |   1.1314 |     39.571 |     0.6
   20 |   1.0854 |     37.864 |   1.1187 |     39.507 |     0.7
   21 |   1.0694 |     37.008 |   1.1197 |     39.763 |     0.7
   22 |   1.0496 |     36.545 |   1.1147 |     39.028 |     0.7
   23 |   1.0363 |     35.858 |   1.1043 |     38.484 |     0.8
   24 |   1.0170 |     35.127 |   1.0985 |     38.644 |     0.8
   25 |   1.0049 |     34.658 |   1.0838 |     38.068 |     0.8
   26 |   0.9854 |     33.622 |   1.0789 |     37.172 |     0.9
   27 |   0.9721 |     33.202 |   1.0698 |     37.556 |     0.9
   28 |   0.9565 |     32.794 |   1.0622 |     37.044 |     0.9
   29 |   0.9377 |     31.758 |   1.0736 |     37.108 |     1.0
   30 |   0.9166 |     31.125 |   1.0584 |     36.660 |     1.0
   31 |   0.9013 |     30.340 |   1.0700 |     36.180 |     1.0
   32 |   0.8887 |     29.937 |   1.0451 |     36.244 |     1.1
   33 |   0.8667 |     29.026 |   1.0617 |     36.468 |     1.1
   34 |   0.8532 |     28.606 |   1.0530 |     35.317 |     1.1
   35 |   0.8362 |     28.045 |   1.0476 |     34.581 |     1.2
   36 |   0.8159 |     27.118 |   1.0413 |     34.453 |     1.2
   37 |   0.7958 |     26.333 |   1.0677 |     34.517 |     1.2
   38 |   0.7861 |     26.191 |   1.0717 |     34.037 |     1.3
   39 |   0.7625 |     25.570 |   1.0530 |     32.981 |     1.3
   40 |   0.7522 |     24.992 |   1.0624 |     33.109 |     1.3
Early stopping

Model: Seq2Seq Bi-LSTM
Source index: <Seq2Seq Index with 46 items>
Target index: <Seq2Seq Index with 34 items>
Encoder embedding dimension: 32
Decoder embedding dimension: 128
Encoder hidden units: 64
Encoder layers: 2
Decoder hidden units: 128
Decoder layers: 3
Dropout: 0.1
Trainable parameters: 621,538

Training started
X_train.shape: torch.Size([3057, 702])
Y_train.shape: torch.Size([3057, 7])
X_dev.shape: torch.Size([521, 307])
Y_dev.shape: torch.Size([521, 7])
Epochs: 500
Learning rate: 0.001
Weight decay: 0.0001
Epoch | Train                 | Development           | Minutes
      | Loss     | Error Rate | Loss     | Error Rate |
---------------------------------------------------------------
    1 |   2.2143 |     60.550 |   1.5952 |     46.289 |     0.0
    2 |   1.4629 |     46.233 |   1.4158 |     46.289 |     0.0
    3 |   1.3824 |     46.107 |   1.3608 |     46.193 |     0.1
    4 |   1.3360 |     45.698 |   1.3191 |     45.298 |     0.1
    5 |   1.3078 |     45.137 |   1.2927 |     45.170 |     0.1
    6 |   1.2812 |     45.131 |   1.2685 |     44.690 |     0.1
    7 |   1.2546 |     44.428 |   1.2457 |     43.922 |     0.1
    8 |   1.2313 |     43.610 |   1.2209 |     44.178 |     0.1
    9 |   1.2132 |     43.043 |   1.2039 |     43.218 |     0.2
   10 |   1.1964 |     42.678 |   1.1988 |     42.642 |     0.2
   11 |   1.1823 |     42.296 |   1.1812 |     43.474 |     0.2
   12 |   1.1705 |     42.013 |   1.1634 |     41.843 |     0.2
   13 |   1.1573 |     41.211 |   1.1562 |     41.587 |     0.2
   14 |   1.1436 |     40.982 |   1.1450 |     41.619 |     0.2
   15 |   1.1347 |     40.873 |   1.1334 |     41.555 |     0.3
   16 |   1.1257 |     40.634 |   1.1292 |     41.267 |     0.3
   17 |   1.1129 |     39.903 |   1.1195 |     40.915 |     0.3
   18 |   1.1042 |     39.870 |   1.1083 |     40.531 |     0.3
   19 |   1.0934 |     39.385 |   1.1037 |     40.531 |     0.3
   20 |   1.0887 |     39.211 |   1.0945 |     40.691 |     0.3
   21 |   1.0762 |     38.644 |   1.0882 |     39.923 |     0.4
   22 |   1.0679 |     38.338 |   1.0766 |     39.507 |     0.4
   23 |   1.0601 |     38.235 |   1.0854 |     39.603 |     0.4
   24 |   1.0513 |     37.733 |   1.0602 |     39.251 |     0.4
   25 |   1.0378 |     37.270 |   1.0665 |     38.420 |     0.4
   26 |   1.0264 |     36.730 |   1.0600 |     38.644 |     0.4
   27 |   1.0208 |     36.495 |   1.0584 |     39.091 |     0.5
   28 |   1.0108 |     36.474 |   1.0463 |     38.196 |     0.5
   29 |   1.0012 |     35.901 |   1.0358 |     37.332 |     0.5
   30 |   0.9897 |     35.220 |   1.0392 |     37.684 |     0.5
   31 |   0.9844 |     35.067 |   1.0377 |     37.172 |     0.5
   32 |   0.9683 |     34.576 |   1.0239 |     36.628 |     0.6
   33 |   0.9616 |     34.249 |   1.0253 |     37.044 |     0.6
   34 |   0.9468 |     33.682 |   1.0197 |     36.404 |     0.6
   35 |   0.9368 |     32.957 |   1.0012 |     36.340 |     0.6
   36 |   0.9256 |     32.870 |   1.0026 |     35.765 |     0.6
   37 |   0.9171 |     32.516 |   1.0029 |     35.509 |     0.6
   38 |   0.9045 |     32.074 |   0.9939 |     35.125 |     0.7
   39 |   0.8904 |     31.332 |   0.9984 |     35.861 |     0.7
   40 |   0.8846 |     31.289 |   0.9818 |     34.421 |     0.7
   41 |   0.8659 |     30.482 |   0.9779 |     34.421 |     0.7
   42 |   0.8568 |     29.735 |   0.9575 |     33.461 |     0.7
   43 |   0.8453 |     29.631 |   0.9727 |     34.197 |     0.7
   44 |   0.8295 |     28.977 |   0.9531 |     32.598 |     0.8
   45 |   0.8189 |     28.590 |   0.9616 |     33.461 |     0.8
   46 |   0.8082 |     28.170 |   0.9617 |     33.045 |     0.8
   47 |   0.8017 |     28.154 |   0.9530 |     32.182 |     0.8
   48 |   0.7828 |     27.325 |   0.9478 |     32.534 |     0.8
   49 |   0.7710 |     27.020 |   0.9357 |     31.638 |     0.9
   50 |   0.7621 |     26.589 |   0.9369 |     31.382 |     0.9
   51 |   0.7512 |     25.913 |   0.9416 |     31.958 |     0.9
   52 |   0.7381 |     25.635 |   0.9391 |     31.542 |     0.9
   53 |   0.7336 |     25.439 |   0.9415 |     31.990 |     0.9
Early stopping

Model: Seq2Seq Bi-LSTM
Source index: <Seq2Seq Index with 46 items>
Target index: <Seq2Seq Index with 34 items>
Encoder embedding dimension: 128
Decoder embedding dimension: 128
Encoder hidden units: 64
Encoder layers: 3
Decoder hidden units: 128
Decoder layers: 3
Dropout: 0.2
Trainable parameters: 807,202

Training started
X_train.shape: torch.Size([3057, 702])
Y_train.shape: torch.Size([3057, 7])
X_dev.shape: torch.Size([521, 307])
Y_dev.shape: torch.Size([521, 7])
Epochs: 500
Learning rate: 0.001
Weight decay: 0.0001
Epoch | Train                 | Development           | Minutes
      | Loss     | Error Rate | Loss     | Error Rate |
---------------------------------------------------------------
    1 |   2.2550 |     60.560 |   1.6650 |     48.401 |     0.0
    2 |   1.5009 |     46.494 |   1.4379 |     46.321 |     0.1
    3 |   1.3941 |     46.140 |   1.3735 |     46.257 |     0.1
    4 |   1.3501 |     45.998 |   1.3388 |     46.289 |     0.1
    5 |   1.3230 |     45.731 |   1.3086 |     45.361 |     0.1
    6 |   1.2985 |     45.061 |   1.2822 |     44.882 |     0.2
    7 |   1.2740 |     44.384 |   1.2582 |     43.986 |     0.2
    8 |   1.2480 |     44.297 |   1.2309 |     44.274 |     0.2
    9 |   1.2279 |     43.736 |   1.2136 |     43.154 |     0.2
   10 |   1.2061 |     43.278 |   1.2030 |     43.346 |     0.3
   11 |   1.1898 |     42.460 |   1.1833 |     42.354 |     0.3
   12 |   1.1715 |     41.817 |   1.1699 |     41.875 |     0.3
   13 |   1.1569 |     41.462 |   1.1589 |     41.587 |     0.4
   14 |   1.1402 |     40.775 |   1.1454 |     41.555 |     0.4
   15 |   1.1263 |     40.334 |   1.1314 |     40.915 |     0.4
   16 |   1.1103 |     40.105 |   1.1211 |     40.339 |     0.4
   17 |   1.0981 |     39.200 |   1.1131 |     40.627 |     0.5
   18 |   1.0838 |     38.573 |   1.1031 |     39.763 |     0.5
   19 |   1.0689 |     38.213 |   1.0967 |     39.859 |     0.5
   20 |   1.0581 |     37.673 |   1.0840 |     39.411 |     0.5
   21 |   1.0441 |     37.030 |   1.0780 |     39.795 |     0.6
   22 |   1.0313 |     36.817 |   1.0639 |     38.676 |     0.6
   23 |   1.0138 |     36.108 |   1.0493 |     37.588 |     0.6
   24 |   0.9990 |     35.329 |   1.0489 |     37.236 |     0.7
   25 |   0.9828 |     34.522 |   1.0527 |     37.492 |     0.7
   26 |   0.9674 |     33.748 |   1.0243 |     36.660 |     0.7
   27 |   0.9596 |     33.350 |   1.0260 |     36.788 |     0.7
   28 |   0.9444 |     32.979 |   1.0146 |     35.445 |     0.8
   29 |   0.9228 |     32.074 |   1.0043 |     34.869 |     0.8
   30 |   0.9116 |     31.698 |   1.0021 |     35.157 |     0.8
   31 |   0.8970 |     31.142 |   1.0013 |     34.229 |     0.9
   32 |   0.8877 |     30.864 |   0.9905 |     34.197 |     0.9
   33 |   0.8801 |     30.727 |   0.9923 |     33.877 |     0.9
   34 |   0.8560 |     29.942 |   0.9691 |     33.461 |     0.9
   35 |   0.8381 |     28.944 |   0.9718 |     33.077 |     1.0
   36 |   0.8275 |     28.536 |   0.9565 |     33.013 |     1.0
   37 |   0.8152 |     28.225 |   0.9606 |     32.853 |     1.0
   38 |   0.8012 |     27.293 |   0.9603 |     31.510 |     1.0
   39 |   0.7830 |     26.922 |   0.9597 |     32.598 |     1.1
   40 |   0.7707 |     26.360 |   0.9512 |     31.478 |     1.1
   41 |   0.7637 |     26.033 |   0.9510 |     31.382 |     1.1
   42 |   0.7425 |     25.597 |   0.9494 |     31.510 |     1.2
   43 |   0.7354 |     24.703 |   0.9505 |     31.254 |     1.2
   44 |   0.7499 |     25.466 |   1.0715 |     36.724 |     1.2
   45 |   0.8180 |     28.078 |   0.9531 |     31.990 |     1.2
   46 |   0.7375 |     25.085 |   0.9434 |     30.614 |     1.3
   47 |   0.7110 |     24.256 |   0.9242 |     30.166 |     1.3
   48 |   0.6877 |     23.482 |   0.9370 |     30.614 |     1.3
   49 |   0.6754 |     22.964 |   0.9438 |     30.358 |     1.4
   50 |   0.6633 |     22.299 |   0.9374 |     30.262 |     1.4
   51 |   0.6530 |     21.988 |   0.9338 |     30.198 |     1.4
Early stopping

Model: Seq2Seq Bi-LSTM
Source index: <Seq2Seq Index with 46 items>
Target index: <Seq2Seq Index with 34 items>
Encoder embedding dimension: 64
Decoder embedding dimension: 128
Encoder hidden units: 64
Encoder layers: 4
Decoder hidden units: 64
Decoder layers: 3
Dropout: 0.2
Trainable parameters: 555,810

Training started
X_train.shape: torch.Size([3057, 702])
Y_train.shape: torch.Size([3057, 7])
X_dev.shape: torch.Size([521, 307])
Y_dev.shape: torch.Size([521, 7])
Epochs: 500
Learning rate: 0.001
Weight decay: 1e-05
Epoch | Train                 | Development           | Minutes
      | Loss     | Error Rate | Loss     | Error Rate |
---------------------------------------------------------------
    1 |   2.5455 |     67.904 |   1.9985 |     53.743 |     0.0
    2 |   1.7798 |     50.512 |   1.6033 |     46.289 |     0.1
    3 |   1.5197 |     46.080 |   1.4852 |     46.321 |     0.1
    4 |   1.4499 |     46.227 |   1.4458 |     46.321 |     0.1
    5 |   1.4206 |     46.314 |   1.4221 |     46.321 |     0.2
    6 |   1.4036 |     46.189 |   1.4015 |     46.289 |     0.2
    7 |   1.3844 |     46.107 |   1.3781 |     45.841 |     0.2
    8 |   1.3596 |     45.737 |   1.3476 |     45.457 |     0.3
    9 |   1.3293 |     45.235 |   1.3119 |     45.042 |     0.3
   10 |   1.2995 |     45.001 |   1.2837 |     44.882 |     0.3
   11 |   1.2750 |     44.646 |   1.2630 |     44.754 |     0.4
   12 |   1.2581 |     44.150 |   1.2475 |     43.666 |     0.4
   13 |   1.2425 |     43.648 |   1.2335 |     43.698 |     0.4
   14 |   1.2258 |     43.158 |   1.2211 |     43.122 |     0.5
   15 |   1.2107 |     42.792 |   1.2096 |     43.026 |     0.5
   16 |   1.1977 |     42.362 |   1.2006 |     42.994 |     0.5
   17 |   1.1862 |     42.122 |   1.1846 |     42.482 |     0.6
   18 |   1.1707 |     41.484 |   1.1782 |     42.386 |     0.6
   19 |   1.1603 |     41.064 |   1.1640 |     41.875 |     0.6
   20 |   1.1479 |     40.704 |   1.1587 |     42.035 |     0.7
   21 |   1.1371 |     40.323 |   1.1532 |     41.779 |     0.7
   22 |   1.1226 |     39.908 |   1.1391 |     41.139 |     0.7
   23 |   1.1102 |     39.679 |   1.1364 |     40.915 |     0.8
   24 |   1.1029 |     39.271 |   1.1249 |     41.267 |     0.8
   25 |   1.0900 |     38.600 |   1.1237 |     40.723 |     0.8
   26 |   1.0799 |     38.420 |   1.1029 |     39.699 |     0.9
   27 |   1.0700 |     37.706 |   1.1072 |     40.243 |     0.9
   28 |   1.0562 |     37.313 |   1.1086 |     39.923 |     0.9
   29 |   1.0459 |     36.877 |   1.0932 |     38.580 |     1.0
   30 |   1.0328 |     36.348 |   1.0870 |     39.251 |     1.0
   31 |   1.0196 |     36.059 |   1.0863 |     38.772 |     1.0
   32 |   1.0080 |     35.127 |   1.0761 |     38.132 |     1.1
   33 |   0.9937 |     34.582 |   1.0675 |     37.908 |     1.1
   34 |   0.9800 |     34.364 |   1.0598 |     37.812 |     1.1
   35 |   0.9647 |     33.344 |   1.0571 |     37.108 |     1.2
   36 |   0.9495 |     32.870 |   1.0616 |     36.308 |     1.2
   37 |   0.9387 |     32.526 |   1.0561 |     35.893 |     1.2
   38 |   0.9221 |     31.834 |   1.0439 |     36.404 |     1.3
   39 |   0.9087 |     30.984 |   1.0442 |     35.669 |     1.3
   40 |   0.8922 |     30.487 |   1.0405 |     35.445 |     1.3
   41 |   0.8863 |     30.449 |   1.0380 |     34.837 |     1.4
   42 |   0.8683 |     29.402 |   1.0303 |     34.389 |     1.4
   43 |   0.8547 |     28.803 |   1.0273 |     34.741 |     1.4
   44 |   0.8393 |     28.328 |   1.0238 |     34.453 |     1.5
   45 |   0.8235 |     28.056 |   1.0228 |     33.941 |     1.5
   46 |   0.8142 |     27.238 |   1.0134 |     34.101 |     1.5
   47 |   0.7969 |     26.840 |   1.0297 |     33.109 |     1.6
   48 |   0.7852 |     26.235 |   1.0216 |     33.877 |     1.6
   49 |   0.7739 |     25.870 |   1.0222 |     33.621 |     1.6
   50 |   0.7585 |     25.144 |   1.0155 |     33.013 |     1.7
   51 |   0.7442 |     24.654 |   1.0086 |     32.598 |     1.7
   52 |   0.7322 |     24.032 |   1.0200 |     32.662 |     1.7
   53 |   0.7216 |     23.672 |   1.0098 |     32.470 |     1.8
   54 |   0.7075 |     23.558 |   1.0132 |     32.662 |     1.8
   55 |   0.6927 |     23.040 |   1.0258 |     32.662 |     1.8
Early stopping

Model: Seq2Seq Bi-LSTM
Source index: <Seq2Seq Index with 46 items>
Target index: <Seq2Seq Index with 34 items>
Encoder embedding dimension: 32
Decoder embedding dimension: 128
Encoder hidden units: 128
Encoder layers: 4
Decoder hidden units: 64
Decoder layers: 3
Dropout: 0.0
Trainable parameters: 1,607,010

Training started
X_train.shape: torch.Size([3057, 702])
Y_train.shape: torch.Size([3057, 7])
X_dev.shape: torch.Size([521, 307])
Y_dev.shape: torch.Size([521, 7])
Epochs: 500
Learning rate: 0.001
Weight decay: 1e-05
Epoch | Train                 | Development           | Minutes
      | Loss     | Error Rate | Loss     | Error Rate |
---------------------------------------------------------------
    1 |   2.5099 |     66.105 |   1.9682 |     58.477 |     0.1
    2 |   1.7294 |     49.171 |   1.5669 |     46.289 |     0.1
    3 |   1.4822 |     46.167 |   1.4593 |     46.289 |     0.2
    4 |   1.4272 |     46.282 |   1.4282 |     46.321 |     0.3
    5 |   1.4033 |     46.276 |   1.4024 |     46.321 |     0.4
    6 |   1.3862 |     46.009 |   1.3863 |     45.969 |     0.5
    7 |   1.3703 |     45.960 |   1.3708 |     45.553 |     0.5
    8 |   1.3505 |     45.622 |   1.3490 |     45.553 |     0.6
    9 |   1.3350 |     45.071 |   1.3451 |     44.658 |     0.7
   10 |   1.3190 |     44.461 |   1.3205 |     44.690 |     0.8
   11 |   1.3016 |     44.379 |   1.2943 |     44.434 |     0.8
   12 |   1.2808 |     43.785 |   1.2736 |     43.698 |     0.9
   13 |   1.2572 |     43.245 |   1.2495 |     43.314 |     1.0
   14 |   1.2333 |     42.782 |   1.2405 |     43.474 |     1.0
   15 |   1.2120 |     42.116 |   1.2268 |     42.354 |     1.1
   16 |   1.1919 |     41.642 |   1.2139 |     42.578 |     1.2
   17 |   1.1760 |     41.244 |   1.1949 |     42.194 |     1.3
   18 |   1.1595 |     40.546 |   1.1857 |     42.067 |     1.3
   19 |   1.1391 |     39.745 |   1.1738 |     42.194 |     1.4
   20 |   1.1236 |     39.292 |   1.1607 |     41.363 |     1.5
   21 |   1.1024 |     38.693 |   1.1474 |     41.043 |     1.6
   22 |   1.0842 |     37.744 |   1.1425 |     41.011 |     1.6
   23 |   1.0671 |     37.112 |   1.1307 |     40.531 |     1.7
   24 |   1.0456 |     36.294 |   1.1163 |     40.499 |     1.8
   25 |   1.0274 |     35.601 |   1.1105 |     40.115 |     1.9
   26 |   1.0040 |     34.429 |   1.0988 |     39.315 |     1.9
   27 |   0.9878 |     33.889 |   1.1003 |     39.091 |     2.0
   28 |   0.9535 |     32.330 |   1.0810 |     38.260 |     2.1
   29 |   0.9298 |     31.534 |   1.0761 |     38.132 |     2.2
   30 |   0.9012 |     30.313 |   1.0717 |     36.564 |     2.2
   31 |   0.8764 |     29.310 |   1.0504 |     35.893 |     2.3
   32 |   0.8535 |     28.514 |   1.0575 |     36.020 |     2.4
   33 |   0.8283 |     27.402 |   1.0618 |     36.436 |     2.5
   34 |   0.8003 |     26.235 |   1.0426 |     34.741 |     2.5
   35 |   0.7627 |     24.910 |   1.0401 |     33.621 |     2.6
   36 |   0.7397 |     24.212 |   1.0549 |     34.005 |     2.7
   37 |   0.7096 |     23.007 |   1.0507 |     33.365 |     2.8
   38 |   0.6793 |     21.568 |   1.0428 |     33.205 |     2.8
   39 |   0.6627 |     21.126 |   1.0631 |     34.229 |     2.9
   40 |   0.6272 |     19.872 |   1.0369 |     31.958 |     3.0
   41 |   0.5999 |     18.728 |   1.0642 |     32.374 |     3.1
   42 |   0.5901 |     18.553 |   1.0719 |     32.949 |     3.1
   43 |   0.5773 |     18.422 |   1.0802 |     32.917 |     3.2
   44 |   0.5310 |     16.525 |   1.0876 |     31.926 |     3.3
Early stopping

Model: Seq2Seq Bi-LSTM
Source index: <Seq2Seq Index with 46 items>
Target index: <Seq2Seq Index with 34 items>
Encoder embedding dimension: 64
Decoder embedding dimension: 128
Encoder hidden units: 128
Encoder layers: 4
Decoder hidden units: 64
Decoder layers: 3
Dropout: 0.2
Trainable parameters: 1,641,250

Training started
X_train.shape: torch.Size([3057, 702])
Y_train.shape: torch.Size([3057, 7])
X_dev.shape: torch.Size([521, 307])
Y_dev.shape: torch.Size([521, 7])
Epochs: 500
Learning rate: 0.001
Weight decay: 1e-05
Epoch | Train                 | Development           | Minutes
      | Loss     | Error Rate | Loss     | Error Rate |
---------------------------------------------------------------
    1 |   2.5018 |     67.136 |   1.9511 |     57.006 |     0.1
    2 |   1.7382 |     49.602 |   1.5786 |     46.289 |     0.2
    3 |   1.4947 |     46.254 |   1.4607 |     46.321 |     0.2
    4 |   1.4328 |     46.200 |   1.4304 |     46.321 |     0.3
    5 |   1.4072 |     46.053 |   1.4059 |     46.289 |     0.4
    6 |   1.3914 |     46.015 |   1.3913 |     45.617 |     0.5
    7 |   1.3744 |     45.884 |   1.3682 |     45.937 |     0.6
    8 |   1.3507 |     45.513 |   1.3440 |     45.521 |     0.6
    9 |   1.3262 |     45.006 |   1.3165 |     44.626 |     0.7
   10 |   1.3003 |     44.417 |   1.2896 |     44.018 |     0.8
   11 |   1.2764 |     43.578 |   1.2677 |     43.634 |     0.9
   12 |   1.2571 |     43.218 |   1.2559 |     43.410 |     1.0
   13 |   1.2405 |     43.092 |   1.2343 |     43.218 |     1.0
   14 |   1.2250 |     42.749 |   1.2211 |     42.418 |     1.1
   15 |   1.2078 |     42.275 |   1.2051 |     41.651 |     1.2
   16 |   1.1911 |     41.555 |   1.1901 |     41.907 |     1.3
   17 |   1.1792 |     41.277 |   1.1805 |     41.075 |     1.4
   18 |   1.1635 |     41.086 |   1.1702 |     41.075 |     1.4
   19 |   1.1504 |     40.503 |   1.1616 |     40.979 |     1.5
   20 |   1.1380 |     40.290 |   1.1540 |     41.235 |     1.6
   21 |   1.1223 |     39.919 |   1.1395 |     40.563 |     1.7
   22 |   1.1118 |     39.478 |   1.1350 |     40.467 |     1.7
   23 |   1.0991 |     38.720 |   1.1374 |     41.075 |     1.8
   24 |   1.0896 |     38.736 |   1.1131 |     39.987 |     1.9
   25 |   1.0737 |     38.109 |   1.1095 |     39.827 |     2.0
   26 |   1.0590 |     37.270 |   1.1163 |     39.859 |     2.1
   27 |   1.0452 |     36.588 |   1.0981 |     39.635 |     2.1
   28 |   1.0314 |     36.283 |   1.0972 |     39.251 |     2.2
   29 |   1.0177 |     35.427 |   1.0930 |     38.900 |     2.3
   30 |   1.0022 |     35.045 |   1.0812 |     38.772 |     2.4
   31 |   0.9885 |     34.413 |   1.0897 |     38.644 |     2.5
   32 |   0.9718 |     33.802 |   1.0802 |     38.612 |     2.5
   33 |   0.9554 |     33.164 |   1.0754 |     38.292 |     2.6
   34 |   0.9414 |     32.505 |   1.0790 |     37.748 |     2.7
   35 |   0.9251 |     32.139 |   1.0776 |     37.300 |     2.8
   36 |   0.9129 |     31.305 |   1.0880 |     37.556 |     2.9
   37 |   0.8997 |     30.722 |   1.0703 |     36.948 |     2.9
   38 |   0.8820 |     30.089 |   1.0660 |     36.340 |     3.0
   39 |   0.8647 |     29.304 |   1.0600 |     35.829 |     3.1
   40 |   0.8466 |     28.574 |   1.0549 |     35.445 |     3.2
   41 |   0.8295 |     27.740 |   1.0524 |     34.965 |     3.3
   42 |   0.8211 |     27.494 |   1.0529 |     35.637 |     3.3
   43 |   0.7959 |     26.382 |   1.0491 |     34.261 |     3.4
   44 |   0.7813 |     26.191 |   1.0520 |     33.781 |     3.5
   45 |   0.7632 |     25.243 |   1.0465 |     33.781 |     3.6
   46 |   0.7426 |     24.572 |   1.0676 |     34.229 |     3.7
   47 |   0.7415 |     24.572 |   1.0830 |     33.813 |     3.7
   48 |   0.7210 |     23.880 |   1.0568 |     33.621 |     3.8
   49 |   0.6998 |     22.920 |   1.0645 |     33.621 |     3.9
Early stopping

Model: Seq2Seq Bi-LSTM
Source index: <Seq2Seq Index with 46 items>
Target index: <Seq2Seq Index with 34 items>
Encoder embedding dimension: 32
Decoder embedding dimension: 64
Encoder hidden units: 64
Encoder layers: 4
Decoder hidden units: 128
Decoder layers: 3
Dropout: 0.1
Trainable parameters: 850,786

Training started
X_train.shape: torch.Size([3057, 702])
Y_train.shape: torch.Size([3057, 7])
X_dev.shape: torch.Size([521, 307])
Y_dev.shape: torch.Size([521, 7])
Epochs: 500
Learning rate: 0.001
Weight decay: 1e-05
Epoch | Train                 | Development           | Minutes
      | Loss     | Error Rate | Loss     | Error Rate |
---------------------------------------------------------------
    1 |   2.2735 |     61.918 |   1.6731 |     48.401 |     0.0
    2 |   1.5094 |     46.325 |   1.4528 |     46.321 |     0.1
    3 |   1.4175 |     46.298 |   1.4157 |     46.321 |     0.1
    4 |   1.3912 |     46.135 |   1.3891 |     45.809 |     0.1
    5 |   1.3625 |     45.867 |   1.3493 |     45.521 |     0.2
    6 |   1.3376 |     45.758 |   1.3291 |     46.129 |     0.2
    7 |   1.3189 |     45.235 |   1.3068 |     45.266 |     0.2
    8 |   1.3002 |     45.006 |   1.2922 |     44.658 |     0.3
    9 |   1.2827 |     44.663 |   1.2852 |     44.882 |     0.3
   10 |   1.2676 |     44.210 |   1.2617 |     44.306 |     0.3
   11 |   1.2526 |     43.741 |   1.2501 |     44.050 |     0.4
   12 |   1.2399 |     43.534 |   1.2294 |     43.826 |     0.4
   13 |   1.2232 |     43.349 |   1.2165 |     43.890 |     0.4
   14 |   1.2034 |     42.596 |   1.2061 |     43.282 |     0.5
   15 |   1.1832 |     41.969 |   1.1857 |     42.706 |     0.5
   16 |   1.1612 |     41.380 |   1.1745 |     42.962 |     0.5
   17 |   1.1422 |     40.884 |   1.1514 |     41.779 |     0.6
   18 |   1.1178 |     40.067 |   1.1236 |     41.011 |     0.6
   19 |   1.0952 |     39.194 |   1.1159 |     40.467 |     0.6
   20 |   1.0714 |     38.164 |   1.0939 |     38.740 |     0.7
   21 |   1.0439 |     36.741 |   1.0741 |     38.580 |     0.7
   22 |   1.0208 |     35.918 |   1.0849 |     39.123 |     0.7
   23 |   1.0061 |     35.269 |   1.0501 |     37.844 |     0.8
   24 |   0.9877 |     34.506 |   1.0318 |     36.564 |     0.8
   25 |   0.9638 |     33.704 |   1.0423 |     36.756 |     0.9
   26 |   0.9550 |     33.099 |   1.0276 |     36.660 |     0.9
   27 |   0.9179 |     31.954 |   1.0102 |     35.349 |     0.9
   28 |   0.8950 |     30.853 |   1.0068 |     35.765 |     1.0
   29 |   0.8708 |     30.079 |   0.9868 |     34.805 |     1.0
   30 |   0.8358 |     28.470 |   0.9896 |     34.229 |     1.0
   31 |   0.8104 |     27.696 |   0.9806 |     33.973 |     1.1
   32 |   0.7934 |     27.096 |   0.9737 |     33.301 |     1.1
   33 |   0.7656 |     25.913 |   0.9776 |     32.885 |     1.1
   34 |   0.7438 |     25.248 |   0.9699 |     33.429 |     1.2
   35 |   0.7170 |     24.201 |   0.9736 |     32.214 |     1.2
   36 |   0.6912 |     23.313 |   0.9657 |     31.606 |     1.3
   37 |   0.6755 |     22.898 |   0.9840 |     32.150 |     1.3
   38 |   0.6622 |     22.304 |   0.9770 |     31.702 |     1.3
   39 |   0.6360 |     21.492 |   0.9812 |     30.998 |     1.4
   40 |   0.6110 |     20.167 |   0.9780 |     30.486 |     1.4
Early stopping

Model: Seq2Seq Bi-LSTM
Source index: <Seq2Seq Index with 46 items>
Target index: <Seq2Seq Index with 34 items>
Encoder embedding dimension: 128
Decoder embedding dimension: 128
Encoder hidden units: 64
Encoder layers: 2
Decoder hidden units: 64
Decoder layers: 2
Dropout: 0.0
Trainable parameters: 326,818

Training started
X_train.shape: torch.Size([3057, 702])
Y_train.shape: torch.Size([3057, 7])
X_dev.shape: torch.Size([521, 307])
Y_dev.shape: torch.Size([521, 7])
Epochs: 500
Learning rate: 0.001
Weight decay: 1e-05
Epoch | Train                 | Development           | Minutes
      | Loss     | Error Rate | Loss     | Error Rate |
---------------------------------------------------------------
    1 |   2.3237 |     60.522 |   1.7435 |     47.825 |     0.0
    2 |   1.5522 |     47.345 |   1.4428 |     45.873 |     0.0
    3 |   1.3849 |     45.442 |   1.3498 |     45.713 |     0.1
    4 |   1.3259 |     44.902 |   1.3050 |     44.882 |     0.1
    5 |   1.2896 |     44.314 |   1.2792 |     44.530 |     0.1
    6 |   1.2608 |     43.681 |   1.2550 |     44.402 |     0.1
    7 |   1.2341 |     42.460 |   1.2359 |     43.346 |     0.1
    8 |   1.2100 |     42.111 |   1.2085 |     42.131 |     0.2
    9 |   1.1835 |     41.288 |   1.1917 |     41.331 |     0.2
   10 |   1.1638 |     40.475 |   1.1823 |     40.819 |     0.2
   11 |   1.1398 |     39.669 |   1.1588 |     40.723 |     0.2
   12 |   1.1184 |     39.069 |   1.1522 |     40.339 |     0.2
   13 |   1.0978 |     38.284 |   1.1362 |     40.211 |     0.3
   14 |   1.0721 |     37.270 |   1.1326 |     39.699 |     0.3
   15 |   1.0502 |     36.190 |   1.1177 |     38.772 |     0.3
   16 |   1.0246 |     35.383 |   1.1084 |     37.908 |     0.3
   17 |   0.9975 |     33.791 |   1.0854 |     37.396 |     0.3
   18 |   0.9743 |     32.706 |   1.0860 |     37.492 |     0.4
   19 |   0.9499 |     32.139 |   1.0617 |     35.797 |     0.4
   20 |   0.9178 |     30.640 |   1.0582 |     36.180 |     0.4
   21 |   0.8912 |     29.495 |   1.0511 |     34.709 |     0.4
   22 |   0.8625 |     28.645 |   1.0324 |     34.357 |     0.4
   23 |   0.8325 |     27.151 |   1.0357 |     33.973 |     0.4
   24 |   0.8057 |     26.224 |   1.0172 |     33.365 |     0.5
   25 |   0.7757 |     25.101 |   1.0148 |     33.237 |     0.5
   26 |   0.7444 |     23.722 |   1.0029 |     32.182 |     0.5
   27 |   0.7142 |     22.609 |   1.0087 |     32.278 |     0.5
   28 |   0.6897 |     21.851 |   1.0203 |     31.638 |     0.5
   29 |   0.6687 |     21.148 |   1.0029 |     31.446 |     0.6
   30 |   0.6409 |     20.074 |   1.0114 |     30.998 |     0.6
Early stopping

Model: Seq2Seq Bi-LSTM
Source index: <Seq2Seq Index with 46 items>
Target index: <Seq2Seq Index with 34 items>
Encoder embedding dimension: 64
Decoder embedding dimension: 128
Encoder hidden units: 64
Encoder layers: 4
Decoder hidden units: 64
Decoder layers: 2
Dropout: 0.0
Trainable parameters: 522,530

Training started
X_train.shape: torch.Size([3057, 702])
Y_train.shape: torch.Size([3057, 7])
X_dev.shape: torch.Size([521, 307])
Y_dev.shape: torch.Size([521, 7])
Epochs: 500
Learning rate: 0.001
Weight decay: 0.0001
Epoch | Train                 | Development           | Minutes
      | Loss     | Error Rate | Loss     | Error Rate |
---------------------------------------------------------------
    1 |   2.3773 |     63.248 |   1.8251 |     50.128 |     0.0
    2 |   1.6054 |     47.329 |   1.4822 |     45.905 |     0.1
    3 |   1.4195 |     45.747 |   1.3870 |     45.841 |     0.1
    4 |   1.3550 |     45.475 |   1.3410 |     44.594 |     0.1
    5 |   1.3209 |     44.701 |   1.3033 |     44.434 |     0.2
    6 |   1.2927 |     44.221 |   1.2833 |     43.730 |     0.2
    7 |   1.2677 |     43.512 |   1.2597 |     44.210 |     0.2
    8 |   1.2425 |     43.076 |   1.2363 |     43.442 |     0.3
    9 |   1.2205 |     42.591 |   1.2174 |     42.194 |     0.3
   10 |   1.1991 |     42.035 |   1.2044 |     42.770 |     0.3
   11 |   1.1798 |     41.370 |   1.1817 |     42.067 |     0.4
   12 |   1.1632 |     40.972 |   1.1644 |     41.523 |     0.4
   13 |   1.1497 |     40.470 |   1.1530 |     41.235 |     0.4
   14 |   1.1303 |     40.001 |   1.1419 |     40.883 |     0.4
   15 |   1.1142 |     39.587 |   1.1377 |     40.595 |     0.5
   16 |   1.1013 |     38.998 |   1.1314 |     40.371 |     0.5
   17 |   1.0853 |     38.415 |   1.1109 |     39.859 |     0.5
   18 |   1.0683 |     37.368 |   1.1047 |     38.964 |     0.6
   19 |   1.0522 |     36.790 |   1.0999 |     39.667 |     0.6
   20 |   1.0387 |     36.572 |   1.0937 |     39.315 |     0.6
   21 |   1.0247 |     35.738 |   1.0878 |     39.123 |     0.7
   22 |   1.0217 |     35.683 |   1.0804 |     38.484 |     0.7
   23 |   1.0077 |     35.383 |   1.0742 |     38.388 |     0.7
   24 |   0.9868 |     34.756 |   1.0745 |     37.300 |     0.8
   25 |   0.9736 |     33.988 |   1.0629 |     37.780 |     0.8
   26 |   0.9579 |     33.404 |   1.0669 |     37.428 |     0.8
   27 |   0.9463 |     32.766 |   1.0532 |     37.140 |     0.9
   28 |   0.9345 |     32.592 |   1.0494 |     36.564 |     0.9
   29 |   0.9186 |     31.545 |   1.0441 |     36.436 |     0.9
   30 |   0.9020 |     31.103 |   1.0412 |     36.212 |     0.9
   31 |   0.8892 |     30.596 |   1.0307 |     35.061 |     1.0
   32 |   0.8731 |     29.653 |   1.0387 |     35.733 |     1.0
   33 |   0.8546 |     29.048 |   1.0370 |     36.980 |     1.0
   34 |   0.8558 |     28.977 |   1.0241 |     35.445 |     1.1
   35 |   0.8274 |     28.285 |   1.0083 |     35.765 |     1.1
   36 |   0.8016 |     27.091 |   1.0042 |     34.421 |     1.1
   37 |   0.7860 |     26.578 |   0.9950 |     34.741 |     1.2
   38 |   0.7931 |     26.742 |   1.0031 |     33.941 |     1.2
   39 |   0.7529 |     24.975 |   0.9878 |     33.717 |     1.2
   40 |   0.7326 |     24.392 |   1.0015 |     33.141 |     1.3
   41 |   0.7161 |     23.678 |   0.9986 |     33.429 |     1.3
   42 |   0.6998 |     22.816 |   0.9861 |     32.630 |     1.3
   43 |   0.6839 |     22.511 |   0.9789 |     31.798 |     1.4
   44 |   0.6605 |     21.568 |   0.9712 |     32.118 |     1.4
   45 |   0.6397 |     20.756 |   0.9776 |     31.478 |     1.4
   46 |   0.6255 |     20.260 |   0.9696 |     31.446 |     1.5
   47 |   0.6107 |     19.594 |   0.9610 |     31.126 |     1.5
   48 |   0.5945 |     19.213 |   0.9677 |     31.030 |     1.5
   49 |   0.5747 |     18.537 |   0.9727 |     30.550 |     1.6
   50 |   0.5613 |     18.237 |   0.9768 |     30.262 |     1.6
   51 |   0.5447 |     17.572 |   0.9620 |     30.518 |     1.6
Early stopping

Model: Seq2Seq Bi-LSTM
Source index: <Seq2Seq Index with 46 items>
Target index: <Seq2Seq Index with 34 items>
Encoder embedding dimension: 32
Decoder embedding dimension: 128
Encoder hidden units: 128
Encoder layers: 2
Decoder hidden units: 128
Decoder layers: 2
Dropout: 0.2
Trainable parameters: 966,626

Training started
X_train.shape: torch.Size([3057, 702])
Y_train.shape: torch.Size([3057, 7])
X_dev.shape: torch.Size([521, 307])
Y_dev.shape: torch.Size([521, 7])
Epochs: 500
Learning rate: 0.001
Weight decay: 0.0001
Epoch | Train                 | Development           | Minutes
      | Loss     | Error Rate | Loss     | Error Rate |
---------------------------------------------------------------
    1 |   2.0674 |     56.117 |   1.5213 |     45.905 |     0.0
    2 |   1.4255 |     46.004 |   1.3794 |     45.873 |     0.1
    3 |   1.3399 |     45.262 |   1.3078 |     45.138 |     0.1
    4 |   1.2934 |     44.439 |   1.2728 |     44.082 |     0.2
    5 |   1.2607 |     43.588 |   1.2416 |     44.370 |     0.2
    6 |   1.2324 |     43.360 |   1.2214 |     43.826 |     0.2
    7 |   1.2079 |     42.623 |   1.1990 |     43.378 |     0.3
    8 |   1.1847 |     42.187 |   1.1890 |     43.186 |     0.3
    9 |   1.1634 |     41.517 |   1.1572 |     41.779 |     0.4
   10 |   1.1431 |     41.282 |   1.1472 |     41.363 |     0.4
   11 |   1.1241 |     40.372 |   1.1300 |     40.435 |     0.4
   12 |   1.1048 |     39.461 |   1.1156 |     40.947 |     0.5
   13 |   1.0909 |     39.194 |   1.1016 |     39.539 |     0.5
   14 |   1.0738 |     38.158 |   1.0854 |     39.955 |     0.6
   15 |   1.0596 |     37.749 |   1.0628 |     38.964 |     0.6
   16 |   1.0435 |     37.172 |   1.0537 |     38.612 |     0.6
   17 |   1.0302 |     36.735 |   1.0558 |     38.004 |     0.7
   18 |   1.0136 |     36.201 |   1.0387 |     37.556 |     0.7
   19 |   1.0040 |     35.803 |   1.0366 |     37.204 |     0.8
   20 |   0.9861 |     35.018 |   1.0322 |     36.788 |     0.8
   21 |   0.9714 |     34.375 |   1.0132 |     36.244 |     0.9
   22 |   0.9614 |     34.277 |   1.0122 |     36.564 |     0.9
   23 |   0.9454 |     33.404 |   1.0093 |     36.404 |     0.9
   24 |   0.9325 |     32.630 |   0.9974 |     35.893 |     1.0
   25 |   0.9308 |     32.657 |   1.0121 |     35.765 |     1.0
   26 |   0.9090 |     31.927 |   0.9930 |     35.317 |     1.1
   27 |   0.8904 |     31.065 |   0.9777 |     33.909 |     1.1
   28 |   0.8883 |     30.586 |   1.0108 |     35.285 |     1.1
   29 |   0.8786 |     30.613 |   0.9882 |     34.037 |     1.2
   30 |   0.8564 |     29.773 |   0.9603 |     33.781 |     1.2
   31 |   0.8398 |     29.114 |   0.9597 |     33.397 |     1.3
   32 |   0.8253 |     28.394 |   0.9523 |     33.269 |     1.3
   33 |   0.8046 |     27.576 |   0.9494 |     32.278 |     1.3
   34 |   0.7889 |     27.004 |   0.9478 |     32.502 |     1.4
   35 |   0.7713 |     26.622 |   0.9456 |     32.118 |     1.4
   36 |   0.7581 |     26.022 |   0.9336 |     31.190 |     1.5
   37 |   0.7360 |     25.237 |   0.9386 |     31.222 |     1.5
   38 |   0.7192 |     24.567 |   0.9436 |     31.126 |     1.5
   39 |   0.7004 |     23.771 |   0.9190 |     30.422 |     1.6
   40 |   0.6847 |     23.389 |   0.9261 |     30.294 |     1.6
   41 |   0.6717 |     22.964 |   0.9389 |     30.294 |     1.7
   42 |   0.6537 |     22.102 |   0.9252 |     29.782 |     1.7
   43 |   0.6383 |     21.781 |   0.9156 |     29.463 |     1.8
   44 |   0.6149 |     20.674 |   0.9212 |     28.919 |     1.8
   45 |   0.6094 |     20.614 |   0.9292 |     30.230 |     1.8
   46 |   0.5962 |     20.063 |   0.9235 |     28.855 |     1.9
   47 |   0.5736 |     19.344 |   0.9216 |     28.855 |     1.9
Early stopping

Model: Seq2Seq Bi-LSTM
Source index: <Seq2Seq Index with 46 items>
Target index: <Seq2Seq Index with 34 items>
Encoder embedding dimension: 64
Decoder embedding dimension: 64
Encoder hidden units: 64
Encoder layers: 2
Decoder hidden units: 128
Decoder layers: 2
Dropout: 0.2
Trainable parameters: 472,354

Training started
X_train.shape: torch.Size([3057, 702])
Y_train.shape: torch.Size([3057, 7])
X_dev.shape: torch.Size([521, 307])
Y_dev.shape: torch.Size([521, 7])
Epochs: 500
Learning rate: 0.001
Weight decay: 1e-05
Epoch | Train                 | Development           | Minutes
      | Loss     | Error Rate | Loss     | Error Rate |
---------------------------------------------------------------
    1 |   2.0594 |     57.049 |   1.5030 |     46.033 |     0.0
    2 |   1.4197 |     45.927 |   1.3813 |     46.289 |     0.0
    3 |   1.3521 |     45.578 |   1.3332 |     45.170 |     0.1
    4 |   1.3122 |     44.548 |   1.2978 |     44.882 |     0.1
    5 |   1.2790 |     43.916 |   1.2583 |     43.634 |     0.1
    6 |   1.2458 |     42.880 |   1.2373 |     43.570 |     0.1
    7 |   1.2176 |     42.498 |   1.2093 |     43.378 |     0.1
    8 |   1.1876 |     41.566 |   1.1932 |     42.578 |     0.1
    9 |   1.1600 |     40.650 |   1.1617 |     41.971 |     0.2
   10 |   1.1335 |     39.636 |   1.1480 |     41.843 |     0.2
   11 |   1.1029 |     38.616 |   1.1250 |     40.627 |     0.2
   12 |   1.0713 |     37.575 |   1.1040 |     39.827 |     0.2
   13 |   1.0379 |     35.569 |   1.0822 |     38.484 |     0.2
   14 |   1.0018 |     34.544 |   1.0752 |     37.652 |     0.2
   15 |   0.9684 |     33.219 |   1.0412 |     36.468 |     0.3
   16 |   0.9370 |     32.052 |   1.0309 |     35.861 |     0.3
   17 |   0.9027 |     30.711 |   1.0176 |     34.933 |     0.3
   18 |   0.8723 |     29.806 |   0.9951 |     33.749 |     0.3
   19 |   0.8353 |     28.656 |   0.9819 |     33.237 |     0.3
   20 |   0.8088 |     27.500 |   0.9840 |     33.525 |     0.4
   21 |   0.7773 |     26.518 |   0.9687 |     33.013 |     0.4
   22 |   0.7496 |     25.717 |   0.9685 |     32.406 |     0.4
   23 |   0.7153 |     24.087 |   0.9710 |     32.438 |     0.4
   24 |   0.6931 |     23.449 |   0.9518 |     31.446 |     0.4
   25 |   0.6639 |     22.255 |   0.9637 |     30.646 |     0.4
   26 |   0.6339 |     21.252 |   0.9547 |     31.062 |     0.5
   27 |   0.6143 |     20.478 |   0.9659 |     31.030 |     0.5
   28 |   0.5939 |     19.774 |   0.9622 |     30.358 |     0.5
   29 |   0.5704 |     19.142 |   0.9435 |     29.623 |     0.5
   30 |   0.5455 |     18.253 |   0.9744 |     30.070 |     0.5
   31 |   0.5322 |     17.779 |   0.9610 |     29.687 |     0.6
   32 |   0.5134 |     17.315 |   0.9906 |     29.782 |     0.6
   33 |   0.5020 |     16.928 |   0.9919 |     29.335 |     0.6
Early stopping

Model: Seq2Seq Bi-LSTM
Source index: <Seq2Seq Index with 46 items>
Target index: <Seq2Seq Index with 34 items>
Encoder embedding dimension: 128
Decoder embedding dimension: 64
Encoder hidden units: 64
Encoder layers: 4
Decoder hidden units: 128
Decoder layers: 3
Dropout: 0.1
Trainable parameters: 904,354

Training started
X_train.shape: torch.Size([3057, 702])
Y_train.shape: torch.Size([3057, 7])
X_dev.shape: torch.Size([521, 307])
Y_dev.shape: torch.Size([521, 7])
Epochs: 500
Learning rate: 0.001
Weight decay: 1e-05
Epoch | Train                 | Development           | Minutes
      | Loss     | Error Rate | Loss     | Error Rate |
---------------------------------------------------------------
    1 |   2.2098 |     60.337 |   1.6238 |     48.401 |     0.0
    2 |   1.4808 |     46.467 |   1.4234 |     46.289 |     0.1
    3 |   1.3958 |     45.955 |   1.3911 |     46.321 |     0.1
    4 |   1.3590 |     45.993 |   1.3598 |     46.161 |     0.2
    5 |   1.3329 |     45.857 |   1.3192 |     46.065 |     0.2
    6 |   1.3139 |     45.546 |   1.3044 |     45.074 |     0.2
    7 |   1.2986 |     45.486 |   1.2962 |     44.882 |     0.3
    8 |   1.2863 |     45.131 |   1.2867 |     45.010 |     0.3
    9 |   1.2715 |     44.297 |   1.2735 |     44.530 |     0.3
   10 |   1.2534 |     43.905 |   1.2475 |     44.082 |     0.4
   11 |   1.2325 |     43.152 |   1.2326 |     43.090 |     0.4
   12 |   1.2094 |     42.760 |   1.2171 |     43.314 |     0.5
   13 |   1.1908 |     42.405 |   1.1976 |     42.131 |     0.5
   14 |   1.1632 |     41.331 |   1.1723 |     42.674 |     0.5
   15 |   1.1397 |     40.503 |   1.1643 |     41.811 |     0.6
   16 |   1.1107 |     39.298 |   1.1482 |     41.011 |     0.6
   17 |   1.0858 |     38.409 |   1.1416 |     41.075 |     0.6
   18 |   1.0608 |     37.204 |   1.1132 |     39.603 |     0.7
   19 |   1.0310 |     36.043 |   1.0955 |     38.356 |     0.7
   20 |   0.9946 |     34.293 |   1.0788 |     37.620 |     0.7
   21 |   0.9640 |     32.859 |   1.0524 |     37.108 |     0.8
   22 |   0.9299 |     31.730 |   1.0433 |     36.116 |     0.8
   23 |   0.8994 |     30.269 |   1.0261 |     35.637 |     0.8
   24 |   0.8654 |     29.163 |   1.0242 |     34.869 |     0.9
   25 |   0.8311 |     27.472 |   1.0102 |     34.901 |     0.9
   26 |   0.8040 |     26.709 |   1.0025 |     34.101 |     1.0
   27 |   0.7698 |     25.412 |   0.9900 |     32.885 |     1.0
   28 |   0.7500 |     24.708 |   0.9956 |     33.077 |     1.0
   29 |   0.7097 |     23.067 |   1.0048 |     33.237 |     1.1
   30 |   0.6911 |     22.386 |   1.0093 |     32.406 |     1.1
   31 |   0.6656 |     21.530 |   1.0272 |     32.438 |     1.1
Early stopping

Model: Seq2Seq Bi-LSTM
Source index: <Seq2Seq Index with 46 items>
Target index: <Seq2Seq Index with 34 items>
Encoder embedding dimension: 64
Decoder embedding dimension: 64
Encoder hidden units: 64
Encoder layers: 2
Decoder hidden units: 128
Decoder layers: 2
Dropout: 0.0
Trainable parameters: 472,354

Training started
X_train.shape: torch.Size([3057, 702])
Y_train.shape: torch.Size([3057, 7])
X_dev.shape: torch.Size([521, 307])
Y_dev.shape: torch.Size([521, 7])
Epochs: 500
Learning rate: 0.001
Weight decay: 1e-05
Epoch | Train                 | Development           | Minutes
      | Loss     | Error Rate | Loss     | Error Rate |
---------------------------------------------------------------
    1 |   2.0966 |     57.764 |   1.5134 |     46.065 |     0.0
    2 |   1.4123 |     45.769 |   1.3595 |     45.457 |     0.0
    3 |   1.3292 |     45.082 |   1.3037 |     44.882 |     0.0
    4 |   1.2853 |     44.036 |   1.2643 |     43.634 |     0.1
    5 |   1.2496 |     43.278 |   1.2405 |     43.378 |     0.1
    6 |   1.2191 |     42.444 |   1.2140 |     43.314 |     0.1
    7 |   1.1897 |     41.838 |   1.1980 |     42.834 |     0.1
    8 |   1.1604 |     40.950 |   1.1622 |     41.459 |     0.1
    9 |   1.1319 |     39.865 |   1.1503 |     40.723 |     0.1
   10 |   1.1005 |     38.545 |   1.1267 |     40.115 |     0.2
   11 |   1.0648 |     36.883 |   1.0965 |     38.900 |     0.2
   12 |   1.0262 |     35.236 |   1.0986 |     39.155 |     0.2
   13 |   0.9904 |     34.391 |   1.0510 |     36.468 |     0.2
   14 |   0.9462 |     32.139 |   1.0453 |     36.500 |     0.2
   15 |   0.9075 |     30.989 |   1.0181 |     35.093 |     0.2
   16 |   0.8644 |     29.299 |   1.0077 |     34.933 |     0.3
   17 |   0.8248 |     27.805 |   0.9775 |     33.077 |     0.3
   18 |   0.7861 |     26.197 |   0.9717 |     32.278 |     0.3
   19 |   0.7461 |     24.703 |   0.9681 |     32.246 |     0.3
   20 |   0.7081 |     23.165 |   0.9755 |     32.054 |     0.3
   21 |   0.6704 |     21.764 |   0.9427 |     30.102 |     0.3
   22 |   0.6341 |     20.619 |   0.9665 |     30.358 |     0.4
   23 |   0.6082 |     19.883 |   0.9480 |     29.527 |     0.4
   24 |   0.5754 |     18.777 |   0.9517 |     29.207 |     0.4
   25 |   0.5426 |     17.310 |   0.9597 |     29.111 |     0.4
Early stopping

Model: Seq2Seq Bi-LSTM
Source index: <Seq2Seq Index with 46 items>
Target index: <Seq2Seq Index with 34 items>
Encoder embedding dimension: 32
Decoder embedding dimension: 128
Encoder hidden units: 128
Encoder layers: 2
Decoder hidden units: 128
Decoder layers: 2
Dropout: 0.0
Trainable parameters: 966,626

Training started
X_train.shape: torch.Size([3057, 702])
Y_train.shape: torch.Size([3057, 7])
X_dev.shape: torch.Size([521, 307])
Y_dev.shape: torch.Size([521, 7])
Epochs: 500
Learning rate: 0.001
Weight decay: 0.0001
Epoch | Train                 | Development           | Minutes
      | Loss     | Error Rate | Loss     | Error Rate |
---------------------------------------------------------------
    1 |   2.0213 |     54.482 |   1.5165 |     45.905 |     0.0
    2 |   1.4081 |     45.584 |   1.3585 |     45.393 |     0.1
    3 |   1.3256 |     44.673 |   1.2983 |     44.402 |     0.1
    4 |   1.2768 |     43.507 |   1.2579 |     43.698 |     0.1
    5 |   1.2384 |     43.087 |   1.2309 |     43.122 |     0.2
    6 |   1.2084 |     42.449 |   1.1995 |     42.578 |     0.2
    7 |   1.1832 |     41.757 |   1.1800 |     41.939 |     0.3
    8 |   1.1569 |     40.781 |   1.1665 |     42.322 |     0.3
    9 |   1.1381 |     40.634 |   1.1336 |     40.755 |     0.3
   10 |   1.1152 |     39.903 |   1.1192 |     40.563 |     0.4
   11 |   1.0953 |     39.063 |   1.1179 |     41.075 |     0.4
   12 |   1.0781 |     38.289 |   1.0878 |     38.964 |     0.4
   13 |   1.0619 |     37.875 |   1.0858 |     38.964 |     0.5
   14 |   1.0393 |     36.883 |   1.0629 |     38.100 |     0.5
   15 |   1.0253 |     36.277 |   1.0620 |     37.812 |     0.6
   16 |   1.0103 |     35.852 |   1.0549 |     37.716 |     0.6
   17 |   0.9868 |     35.067 |   1.0316 |     36.180 |     0.6
   18 |   0.9687 |     34.118 |   1.0473 |     36.948 |     0.7
   19 |   0.9489 |     33.328 |   1.0187 |     36.596 |     0.7
   20 |   0.9308 |     33.099 |   1.0152 |     36.084 |     0.8
   21 |   0.9078 |     31.856 |   1.0219 |     35.349 |     0.8
   22 |   0.8902 |     31.109 |   0.9958 |     35.541 |     0.8
   23 |   0.8653 |     30.008 |   0.9941 |     34.837 |     0.9
   24 |   0.8483 |     29.359 |   0.9712 |     34.261 |     0.9
   25 |   0.8237 |     28.470 |   0.9618 |     32.694 |     0.9
   26 |   0.8109 |     28.078 |   0.9905 |     33.973 |     1.0
   27 |   0.7999 |     27.685 |   0.9718 |     32.917 |     1.0
   28 |   0.7717 |     26.524 |   0.9643 |     32.821 |     1.1
   29 |   0.7472 |     25.608 |   0.9536 |     32.853 |     1.1
   30 |   0.7195 |     24.381 |   0.9536 |     31.766 |     1.1
   31 |   0.7028 |     23.907 |   0.9639 |     31.542 |     1.2
   32 |   0.6769 |     23.084 |   0.9587 |     31.670 |     1.2
   33 |   0.6485 |     21.786 |   0.9517 |     30.614 |     1.2
   34 |   0.6323 |     21.295 |   0.9472 |     30.998 |     1.3
   35 |   0.6042 |     20.140 |   0.9608 |     31.222 |     1.3
   36 |   0.5885 |     19.894 |   0.9541 |     30.134 |     1.4
   37 |   0.5729 |     19.224 |   0.9674 |     30.230 |     1.4
   38 |   0.5486 |     18.362 |   0.9621 |     30.390 |     1.4
Early stopping

