Model: Seq2Seq Bi-LSTM
Source index: <Seq2Seq Index with 45 items>
Target index: <Seq2Seq Index with 34 items>
Encoder embedding dimension: 64
Decoder embedding dimension: 64
Encoder hidden units: 64
Encoder layers: 2
Decoder hidden units: 64
Decoder layers: 3
Dropout: 0.1
Trainable parameters: 305,762

Training started
X_train.shape: torch.Size([3063, 649])
Y_train.shape: torch.Size([3063, 7])
X_dev.shape: torch.Size([558, 702])
Y_dev.shape: torch.Size([558, 7])
Epochs: 500
Learning rate: 0.001
Weight decay: 1e-05
Epoch | Train                 | Development           | Minutes
      | Loss     | Error Rate | Loss     | Error Rate |
---------------------------------------------------------------
    1 |   2.4628 |     62.444 |   1.8688 |     47.730 |     0.0
    2 |   1.6712 |     48.036 |   1.5000 |     45.012 |     0.0
    3 |   1.4711 |     46.420 |   1.4200 |     45.012 |     0.1
    4 |   1.4201 |     46.458 |   1.3808 |     44.952 |     0.1
    5 |   1.3963 |     46.561 |   1.3705 |     44.952 |     0.1
    6 |   1.3775 |     46.207 |   1.3423 |     44.146 |     0.1
    7 |   1.3592 |     45.876 |   1.3265 |     44.654 |     0.1
    8 |   1.3429 |     45.435 |   1.3113 |     43.339 |     0.1
    9 |   1.3289 |     45.125 |   1.2964 |     43.429 |     0.2
   10 |   1.3159 |     45.125 |   1.2841 |     43.309 |     0.2
   11 |   1.3035 |     44.825 |   1.2729 |     44.355 |     0.2
   12 |   1.2880 |     44.689 |   1.2695 |     43.787 |     0.2
   13 |   1.2721 |     44.047 |   1.2454 |     42.652 |     0.2
   14 |   1.2555 |     43.704 |   1.2292 |     42.085 |     0.2
   15 |   1.2418 |     43.487 |   1.2188 |     41.786 |     0.3
   16 |   1.2225 |     42.714 |   1.2056 |     41.458 |     0.3
   17 |   1.2061 |     42.475 |   1.1951 |     41.637 |     0.3
   18 |   1.1907 |     41.876 |   1.1845 |     41.069 |     0.3
   19 |   1.1718 |     41.550 |   1.1700 |     40.532 |     0.3
   20 |   1.1564 |     40.902 |   1.1608 |     40.054 |     0.3
   21 |   1.1386 |     39.999 |   1.1490 |     39.815 |     0.4
   22 |   1.1279 |     39.732 |   1.1556 |     39.695 |     0.4
   23 |   1.1216 |     39.085 |   1.1405 |     39.456 |     0.4
   24 |   1.0999 |     38.753 |   1.1229 |     39.068 |     0.4
   25 |   1.0833 |     37.708 |   1.1117 |     38.292 |     0.4
   26 |   1.0651 |     36.946 |   1.1068 |     37.754 |     0.4
   27 |   1.0505 |     36.195 |   1.1002 |     37.127 |     0.5
   28 |   1.0323 |     35.662 |   1.0953 |     36.738 |     0.5
   29 |   1.0186 |     34.944 |   1.0901 |     37.216 |     0.5
   30 |   1.0048 |     34.481 |   1.0817 |     36.828 |     0.5
   31 |   0.9799 |     33.377 |   1.0743 |     36.440 |     0.5
   32 |   0.9725 |     33.105 |   1.0761 |     36.022 |     0.5
   33 |   0.9555 |     32.795 |   1.0486 |     34.916 |     0.6
   34 |   0.9353 |     31.696 |   1.0577 |     35.872 |     0.6
   35 |   0.9141 |     31.293 |   1.0643 |     35.155 |     0.6
   36 |   0.8994 |     30.515 |   1.0442 |     35.454 |     0.6
   37 |   0.8822 |     29.905 |   1.0365 |     34.916 |     0.6
   38 |   0.8640 |     29.443 |   1.0411 |     34.558 |     0.6
   39 |   0.8476 |     28.442 |   1.0277 |     33.990 |     0.7
   40 |   0.8253 |     27.794 |   1.0322 |     33.453 |     0.7
   41 |   0.8136 |     27.430 |   1.0359 |     33.662 |     0.7
   42 |   0.7951 |     26.717 |   1.0201 |     33.214 |     0.7
   43 |   0.7784 |     25.901 |   1.0439 |     33.602 |     0.7
   44 |   0.7596 |     25.329 |   1.0367 |     32.975 |     0.7
   45 |   0.7507 |     25.155 |   1.0247 |     32.915 |     0.8
   46 |   0.7324 |     24.475 |   1.0272 |     33.303 |     0.8
Early stopping

Model: Seq2Seq Bi-LSTM
Source index: <Seq2Seq Index with 45 items>
Target index: <Seq2Seq Index with 34 items>
Encoder embedding dimension: 128
Decoder embedding dimension: 64
Encoder hidden units: 128
Encoder layers: 4
Decoder hidden units: 128
Decoder layers: 3
Dropout: 0.1
Trainable parameters: 2,087,970

Training started
X_train.shape: torch.Size([3063, 649])
Y_train.shape: torch.Size([3063, 7])
X_dev.shape: torch.Size([558, 702])
Y_dev.shape: torch.Size([558, 7])
Epochs: 500
Learning rate: 0.001
Weight decay: 0.0001
Epoch | Train                 | Development           | Minutes
      | Loss     | Error Rate | Loss     | Error Rate |
---------------------------------------------------------------
    1 |   2.2066 |     60.328 |   1.5876 |     45.012 |     0.1
    2 |   1.4826 |     46.447 |   1.4067 |     45.579 |     0.2
    3 |   1.4116 |     46.251 |   1.3701 |     45.490 |     0.2
    4 |   1.3815 |     46.251 |   1.3287 |     44.803 |     0.3
    5 |   1.3384 |     46.197 |   1.2990 |     45.131 |     0.4
    6 |   1.3157 |     45.870 |   1.2869 |     44.594 |     0.5
    7 |   1.2953 |     45.576 |   1.2639 |     43.728 |     0.6
    8 |   1.2707 |     44.912 |   1.2445 |     43.280 |     0.6
    9 |   1.2474 |     44.325 |   1.2242 |     42.593 |     0.7
   10 |   1.2325 |     43.710 |   1.2156 |     42.145 |     0.8
   11 |   1.2168 |     43.383 |   1.2027 |     41.935 |     0.9
   12 |   1.1997 |     42.769 |   1.1936 |     42.115 |     0.9
   13 |   1.1889 |     42.377 |   1.1776 |     41.428 |     1.0
   14 |   1.1722 |     41.865 |   1.1685 |     40.890 |     1.1
   15 |   1.1627 |     41.522 |   1.1678 |     41.398 |     1.2
   16 |   1.1460 |     41.142 |   1.1681 |     41.517 |     1.3
   17 |   1.1350 |     40.636 |   1.1446 |     40.771 |     1.4
   18 |   1.1193 |     39.912 |   1.1373 |     39.904 |     1.4
   19 |   1.1055 |     39.667 |   1.1277 |     38.799 |     1.5
   20 |   1.0949 |     39.237 |   1.1140 |     39.277 |     1.6
   21 |   1.0806 |     38.557 |   1.1128 |     38.919 |     1.7
   22 |   1.0672 |     37.877 |   1.0872 |     37.963 |     1.8
   23 |   1.0573 |     37.866 |   1.0858 |     36.947 |     1.8
   24 |   1.0432 |     37.208 |   1.0822 |     37.216 |     1.9
   25 |   1.0314 |     36.636 |   1.0666 |     36.499 |     2.0
   26 |   1.0216 |     36.212 |   1.0641 |     37.366 |     2.1
   27 |   1.0087 |     35.766 |   1.0526 |     36.529 |     2.2
   28 |   0.9971 |     35.096 |   1.0494 |     36.559 |     2.2
   29 |   0.9874 |     35.058 |   1.0465 |     35.932 |     2.3
   30 |   0.9774 |     34.503 |   1.0295 |     36.111 |     2.4
   31 |   0.9613 |     33.731 |   1.0406 |     36.529 |     2.5
   32 |   0.9551 |     33.556 |   1.0402 |     36.619 |     2.6
   33 |   0.9386 |     32.925 |   1.0215 |     35.335 |     2.6
   34 |   0.9313 |     32.653 |   1.0122 |     35.155 |     2.7
   35 |   0.9171 |     32.120 |   1.0057 |     34.289 |     2.8
   36 |   0.9091 |     32.011 |   1.0049 |     34.886 |     2.9
   37 |   0.8997 |     31.625 |   0.9991 |     34.289 |     3.0
   38 |   0.8860 |     31.004 |   1.0064 |     34.498 |     3.0
   39 |   0.8759 |     30.907 |   0.9946 |     34.050 |     3.1
   40 |   0.8650 |     30.460 |   1.0045 |     34.140 |     3.2
   41 |   0.8550 |     29.737 |   0.9827 |     33.124 |     3.3
   42 |   0.8449 |     29.503 |   0.9961 |     34.020 |     3.4
   43 |   0.8343 |     29.046 |   0.9807 |     32.855 |     3.4
   44 |   0.8232 |     28.523 |   0.9747 |     33.214 |     3.5
   45 |   0.8129 |     28.540 |   0.9774 |     32.676 |     3.6
   46 |   0.7991 |     27.761 |   0.9761 |     32.975 |     3.7
   47 |   0.7920 |     27.919 |   0.9677 |     32.915 |     3.8
   48 |   0.7828 |     27.620 |   0.9781 |     32.945 |     3.8
   49 |   0.7700 |     26.651 |   0.9666 |     31.511 |     3.9
   50 |   0.7627 |     26.483 |   0.9677 |     31.870 |     4.0
   51 |   0.7563 |     26.271 |   0.9740 |     32.228 |     4.1
   52 |   0.7403 |     25.786 |   0.9696 |     31.631 |     4.2
   53 |   0.7278 |     25.128 |   0.9592 |     31.302 |     4.2
   54 |   0.7270 |     24.997 |   0.9618 |     31.541 |     4.3
   55 |   0.7151 |     24.883 |   0.9599 |     31.601 |     4.4
   56 |   0.7000 |     23.865 |   0.9575 |     31.302 |     4.5
   57 |   0.6973 |     24.148 |   0.9688 |     31.661 |     4.6
   58 |   0.6823 |     23.474 |   0.9562 |     30.406 |     4.6
   59 |   0.6723 |     23.191 |   0.9615 |     31.183 |     4.7
   60 |   0.6597 |     22.647 |   0.9815 |     31.511 |     4.8
   61 |   0.6500 |     22.124 |   0.9601 |     30.227 |     4.9
   62 |   0.6363 |     21.531 |   0.9675 |     30.795 |     5.0
Early stopping

Model: Seq2Seq Bi-LSTM
Source index: <Seq2Seq Index with 45 items>
Target index: <Seq2Seq Index with 34 items>
Encoder embedding dimension: 128
Decoder embedding dimension: 64
Encoder hidden units: 128
Encoder layers: 4
Decoder hidden units: 128
Decoder layers: 2
Dropout: 0.1
Trainable parameters: 1,955,874

Training started
X_train.shape: torch.Size([3063, 649])
Y_train.shape: torch.Size([3063, 7])
X_dev.shape: torch.Size([558, 702])
Y_dev.shape: torch.Size([558, 7])
Epochs: 500
Learning rate: 0.001
Weight decay: 0.0001
Epoch | Train                 | Development           | Minutes
      | Loss     | Error Rate | Loss     | Error Rate |
---------------------------------------------------------------
    1 |   2.0673 |     57.123 |   1.5102 |     45.012 |     0.1
    2 |   1.4407 |     46.082 |   1.3642 |     44.683 |     0.2
    3 |   1.3593 |     46.028 |   1.3188 |     45.042 |     0.2
    4 |   1.3165 |     45.299 |   1.2790 |     43.907 |     0.3
    5 |   1.2859 |     44.662 |   1.2554 |     42.802 |     0.4
    6 |   1.2563 |     43.688 |   1.2344 |     42.951 |     0.5
    7 |   1.2312 |     43.198 |   1.2139 |     42.174 |     0.5
    8 |   1.2066 |     42.273 |   1.1969 |     42.055 |     0.6
    9 |   1.1813 |     41.729 |   1.1792 |     41.935 |     0.7
   10 |   1.1559 |     40.750 |   1.1513 |     40.233 |     0.8
   11 |   1.1304 |     39.928 |   1.1366 |     39.277 |     0.9
   12 |   1.1006 |     39.123 |   1.1171 |     38.710 |     1.0
   13 |   1.0734 |     37.888 |   1.0971 |     37.903 |     1.0
   14 |   1.0494 |     36.767 |   1.0820 |     36.918 |     1.1
   15 |   1.0221 |     35.728 |   1.0588 |     36.350 |     1.2
   16 |   0.9907 |     34.035 |   1.0493 |     35.992 |     1.3
   17 |   0.9658 |     33.148 |   1.0344 |     35.155 |     1.3
   18 |   0.9326 |     31.989 |   1.0258 |     35.335 |     1.4
   19 |   0.9074 |     31.053 |   1.0061 |     34.229 |     1.5
   20 |   0.8784 |     30.036 |   0.9924 |     33.303 |     1.6
   21 |   0.8494 |     28.670 |   0.9777 |     32.766 |     1.7
   22 |   0.8178 |     27.424 |   0.9548 |     31.422 |     1.7
   23 |   0.7968 |     26.885 |   0.9591 |     31.900 |     1.8
   24 |   0.7739 |     26.075 |   0.9545 |     31.183 |     1.9
   25 |   0.7418 |     24.627 |   0.9393 |     30.526 |     2.0
   26 |   0.7104 |     23.708 |   0.9507 |     30.765 |     2.1
   27 |   0.6906 |     22.706 |   0.9301 |     29.630 |     2.1
   28 |   0.6595 |     21.972 |   0.9369 |     29.898 |     2.2
   29 |   0.6328 |     21.243 |   0.9422 |     29.809 |     2.3
   30 |   0.6144 |     20.394 |   0.9361 |     29.122 |     2.4
   31 |   0.5871 |     19.463 |   0.9406 |     29.331 |     2.5
Early stopping

Model: Seq2Seq Bi-LSTM
Source index: <Seq2Seq Index with 45 items>
Target index: <Seq2Seq Index with 34 items>
Encoder embedding dimension: 64
Decoder embedding dimension: 64
Encoder hidden units: 128
Encoder layers: 3
Decoder hidden units: 64
Decoder layers: 2
Dropout: 0.0
Trainable parameters: 1,161,314

Training started
X_train.shape: torch.Size([3063, 649])
Y_train.shape: torch.Size([3063, 7])
X_dev.shape: torch.Size([558, 702])
Y_dev.shape: torch.Size([558, 7])
Epochs: 500
Learning rate: 0.001
Weight decay: 0.0001
Epoch | Train                 | Development           | Minutes
      | Loss     | Error Rate | Loss     | Error Rate |
---------------------------------------------------------------
    1 |   2.4942 |     66.775 |   1.9943 |     57.616 |     0.1
    2 |   1.7670 |     49.864 |   1.5513 |     45.012 |     0.1
    3 |   1.4961 |     46.202 |   1.4251 |     45.012 |     0.2
    4 |   1.4223 |     46.327 |   1.3779 |     45.012 |     0.2
    5 |   1.3824 |     46.115 |   1.3454 |     44.683 |     0.3
    6 |   1.3485 |     45.516 |   1.3138 |     43.877 |     0.3
    7 |   1.3221 |     45.239 |   1.2947 |     43.369 |     0.4
    8 |   1.3009 |     44.755 |   1.2828 |     44.235 |     0.4
    9 |   1.2821 |     44.303 |   1.2568 |     43.280 |     0.5
   10 |   1.2613 |     43.862 |   1.2411 |     43.041 |     0.6
   11 |   1.2440 |     43.378 |   1.2310 |     43.220 |     0.6
   12 |   1.2275 |     43.133 |   1.2163 |     42.622 |     0.7
   13 |   1.2111 |     42.513 |   1.2014 |     41.935 |     0.7
   14 |   1.1967 |     42.535 |   1.1932 |     42.384 |     0.8
   15 |   1.1815 |     41.724 |   1.1977 |     42.204 |     0.8
   16 |   1.1870 |     42.453 |   1.1779 |     41.577 |     0.9
   17 |   1.1628 |     41.414 |   1.1715 |     41.338 |     0.9
   18 |   1.1447 |     40.728 |   1.1582 |     40.293 |     1.0
   19 |   1.1317 |     40.260 |   1.1550 |     39.994 |     1.1
   20 |   1.1143 |     39.542 |   1.1378 |     40.173 |     1.1
   21 |   1.1013 |     38.786 |   1.1294 |     39.397 |     1.2
   22 |   1.0850 |     38.584 |   1.1170 |     38.919 |     1.2
   23 |   1.0664 |     37.648 |   1.1086 |     38.650 |     1.3
   24 |   1.0542 |     37.093 |   1.0971 |     37.963 |     1.3
   25 |   1.0374 |     36.424 |   1.0861 |     37.306 |     1.4
   26 |   1.0197 |     35.689 |   1.0793 |     36.649 |     1.4
   27 |   1.0015 |     34.617 |   1.0735 |     35.812 |     1.5
   28 |   0.9787 |     33.828 |   1.0455 |     36.231 |     1.6
   29 |   0.9589 |     33.192 |   1.0368 |     34.946 |     1.6
   30 |   0.9384 |     32.370 |   1.0173 |     34.319 |     1.7
   31 |   0.9126 |     31.516 |   1.0138 |     34.827 |     1.7
   32 |   0.8918 |     30.683 |   1.0049 |     34.080 |     1.8
   33 |   0.8761 |     30.079 |   1.0011 |     34.020 |     1.9
   34 |   0.8539 |     28.980 |   1.0003 |     33.542 |     1.9
   35 |   0.8308 |     28.371 |   0.9881 |     33.124 |     2.0
   36 |   0.8131 |     27.114 |   0.9738 |     32.079 |     2.0
   37 |   0.7873 |     26.412 |   0.9648 |     32.139 |     2.1
   38 |   0.7670 |     25.813 |   0.9673 |     31.900 |     2.1
   39 |   0.7487 |     24.937 |   0.9601 |     31.063 |     2.2
   40 |   0.7242 |     23.942 |   0.9551 |     31.153 |     2.3
   41 |   0.7019 |     23.213 |   0.9587 |     31.840 |     2.3
   42 |   0.6775 |     22.135 |   0.9609 |     31.033 |     2.4
   43 |   0.6591 |     21.678 |   0.9403 |     30.436 |     2.4
   44 |   0.6420 |     20.960 |   0.9547 |     30.615 |     2.5
   45 |   0.6187 |     20.225 |   0.9494 |     29.689 |     2.5
   46 |   0.5965 |     19.431 |   0.9715 |     30.376 |     2.6
   47 |   0.5807 |     18.838 |   0.9503 |     29.211 |     2.6
   48 |   0.5599 |     18.321 |   0.9338 |     29.092 |     2.7
   49 |   0.5448 |     17.624 |   0.9431 |     29.361 |     2.8
   50 |   0.5190 |     16.656 |   0.9515 |     29.002 |     2.8
   51 |   0.5061 |     16.362 |   0.9595 |     28.256 |     2.9
   52 |   0.4918 |     15.720 |   0.9703 |     28.315 |     2.9
Early stopping

Model: Seq2Seq Bi-LSTM
Source index: <Seq2Seq Index with 45 items>
Target index: <Seq2Seq Index with 34 items>
Encoder embedding dimension: 128
Decoder embedding dimension: 64
Encoder hidden units: 128
Encoder layers: 3
Decoder hidden units: 128
Decoder layers: 3
Dropout: 0.0
Trainable parameters: 1,627,170

Training started
X_train.shape: torch.Size([3063, 649])
Y_train.shape: torch.Size([3063, 7])
X_dev.shape: torch.Size([558, 702])
Y_dev.shape: torch.Size([558, 7])
Epochs: 500
Learning rate: 0.001
Weight decay: 0.0001
Epoch | Train                 | Development           | Minutes
      | Loss     | Error Rate | Loss     | Error Rate |
---------------------------------------------------------------
    1 |   2.1934 |     60.017 |   1.5854 |     46.446 |     0.1
    2 |   1.4857 |     46.392 |   1.4200 |     46.416 |     0.1
    3 |   1.4138 |     46.360 |   1.3887 |     47.491 |     0.2
    4 |   1.3851 |     46.458 |   1.3576 |     45.550 |     0.2
    5 |   1.3625 |     46.191 |   1.3303 |     45.191 |     0.3
    6 |   1.3387 |     46.365 |   1.3096 |     45.311 |     0.3
    7 |   1.3121 |     45.837 |   1.2765 |     44.056 |     0.4
    8 |   1.2876 |     45.255 |   1.2634 |     44.265 |     0.5
    9 |   1.2641 |     44.918 |   1.2426 |     44.086 |     0.5
   10 |   1.2427 |     44.167 |   1.2407 |     44.504 |     0.6
   11 |   1.2254 |     43.405 |   1.2193 |     42.593 |     0.6
   12 |   1.2131 |     43.405 |   1.1990 |     41.547 |     0.7
   13 |   1.1956 |     42.627 |   1.1879 |     42.891 |     0.7
   14 |   1.1819 |     42.230 |   1.1832 |     42.055 |     0.8
   15 |   1.1691 |     41.990 |   1.1765 |     41.308 |     0.9
   16 |   1.1603 |     41.762 |   1.1642 |     40.920 |     0.9
   17 |   1.1433 |     41.120 |   1.1507 |     41.219 |     1.0
   18 |   1.1345 |     41.261 |   1.1489 |     40.203 |     1.0
   19 |   1.1213 |     40.516 |   1.1400 |     40.800 |     1.1
   20 |   1.1049 |     39.928 |   1.1320 |     40.024 |     1.1
   21 |   1.0964 |     39.667 |   1.1289 |     39.755 |     1.2
   22 |   1.0809 |     38.851 |   1.1146 |     39.845 |     1.3
   23 |   1.0694 |     38.443 |   1.1108 |     40.114 |     1.3
   24 |   1.0583 |     38.258 |   1.1007 |     38.560 |     1.4
   25 |   1.0471 |     37.599 |   1.1096 |     39.247 |     1.4
   26 |   1.0327 |     37.033 |   1.0899 |     38.501 |     1.5
   27 |   1.0200 |     36.500 |   1.0963 |     38.978 |     1.5
   28 |   1.0101 |     36.185 |   1.0892 |     38.381 |     1.6
   29 |   0.9909 |     35.216 |   1.0740 |     37.694 |     1.7
   30 |   0.9809 |     34.955 |   1.0649 |     37.545 |     1.7
   31 |   0.9663 |     34.220 |   1.0485 |     36.231 |     1.8
   32 |   0.9533 |     33.736 |   1.0551 |     37.186 |     1.8
   33 |   0.9376 |     32.969 |   1.0696 |     37.395 |     1.9
   34 |   0.9265 |     32.376 |   1.0361 |     36.679 |     1.9
   35 |   0.9152 |     32.011 |   1.0364 |     36.260 |     2.0
   36 |   0.8989 |     31.396 |   1.0270 |     34.827 |     2.1
   37 |   0.8811 |     30.727 |   1.0229 |     35.096 |     2.1
   38 |   0.8682 |     30.161 |   1.0137 |     33.841 |     2.2
   39 |   0.8527 |     29.633 |   1.0188 |     34.916 |     2.2
   40 |   0.8281 |     28.545 |   1.0119 |     33.632 |     2.3
   41 |   0.8232 |     28.714 |   1.0092 |     34.050 |     2.3
   42 |   0.8058 |     27.642 |   1.0005 |     32.915 |     2.4
   43 |   0.7860 |     26.907 |   0.9896 |     33.154 |     2.5
   44 |   0.7711 |     26.320 |   0.9957 |     33.184 |     2.5
   45 |   0.7517 |     25.737 |   0.9722 |     31.870 |     2.6
   46 |   0.7352 |     24.791 |   0.9781 |     31.780 |     2.6
   47 |   0.7172 |     24.372 |   0.9880 |     32.109 |     2.7
   48 |   0.7050 |     23.974 |   0.9740 |     31.541 |     2.7
   49 |   0.6853 |     23.207 |   0.9659 |     31.332 |     2.8
   50 |   0.6702 |     22.625 |   0.9670 |     30.496 |     2.8
   51 |   0.6585 |     22.103 |   0.9643 |     29.749 |     2.9
   52 |   0.6360 |     21.259 |   0.9677 |     30.287 |     3.0
   53 |   0.6210 |     20.688 |   0.9575 |     30.018 |     3.0
   54 |   0.6009 |     19.926 |   0.9775 |     29.779 |     3.1
   55 |   0.5859 |     19.458 |   0.9718 |     29.689 |     3.1
   56 |   0.5761 |     19.181 |   0.9685 |     29.659 |     3.2
   57 |   0.5583 |     18.435 |   0.9838 |     29.361 |     3.2
Early stopping

Model: Seq2Seq Bi-LSTM
Source index: <Seq2Seq Index with 45 items>
Target index: <Seq2Seq Index with 34 items>
Encoder embedding dimension: 128
Decoder embedding dimension: 128
Encoder hidden units: 128
Encoder layers: 4
Decoder hidden units: 128
Decoder layers: 3
Dropout: 0.0
Trainable parameters: 2,122,914

Training started
X_train.shape: torch.Size([3063, 649])
Y_train.shape: torch.Size([3063, 7])
X_dev.shape: torch.Size([558, 702])
Y_dev.shape: torch.Size([558, 7])
Epochs: 500
Learning rate: 0.001
Weight decay: 0.0001
Epoch | Train                 | Development           | Minutes
      | Loss     | Error Rate | Loss     | Error Rate |
---------------------------------------------------------------
    1 |   2.1516 |     59.212 |   1.5507 |     45.012 |     0.1
    2 |   1.4666 |     46.300 |   1.3978 |     45.012 |     0.1
    3 |   1.3928 |     46.523 |   1.3477 |     44.922 |     0.2
    4 |   1.3514 |     46.153 |   1.3105 |     45.609 |     0.3
    5 |   1.3179 |     45.903 |   1.2872 |     44.982 |     0.4
    6 |   1.2955 |     45.032 |   1.2674 |     44.086 |     0.4
    7 |   1.2751 |     44.483 |   1.2576 |     43.638 |     0.5
    8 |   1.2557 |     44.298 |   1.2314 |     43.638 |     0.6
    9 |   1.2352 |     43.563 |   1.2192 |     42.712 |     0.7
   10 |   1.2135 |     42.943 |   1.1996 |     41.995 |     0.7
   11 |   1.1917 |     42.197 |   1.1829 |     41.278 |     0.8
   12 |   1.1746 |     41.773 |   1.1759 |     41.577 |     0.9
   13 |   1.1529 |     41.223 |   1.1627 |     41.129 |     0.9
   14 |   1.1358 |     40.772 |   1.1359 |     39.994 |     1.0
   15 |   1.1164 |     40.217 |   1.1303 |     39.337 |     1.1
   16 |   1.0975 |     39.689 |   1.1263 |     39.217 |     1.2
   17 |   1.0789 |     38.709 |   1.1012 |     38.530 |     1.2
   18 |   1.0605 |     38.062 |   1.0936 |     37.873 |     1.3
   19 |   1.0474 |     37.643 |   1.0900 |     37.634 |     1.4
   20 |   1.0310 |     36.946 |   1.0664 |     37.395 |     1.4
   21 |   1.0133 |     36.206 |   1.0699 |     37.873 |     1.5
   22 |   0.9979 |     35.401 |   1.0532 |     36.440 |     1.6
   23 |   0.9804 |     34.917 |   1.0479 |     36.201 |     1.7
   24 |   0.9666 |     34.226 |   1.0445 |     36.320 |     1.7
   25 |   0.9472 |     33.404 |   1.0314 |     35.663 |     1.8
   26 |   0.9367 |     32.795 |   1.0322 |     35.394 |     1.9
   27 |   0.9174 |     31.929 |   1.0221 |     35.723 |     2.0
   28 |   0.9012 |     31.113 |   1.0229 |     34.200 |     2.0
   29 |   0.8836 |     30.542 |   1.0014 |     34.558 |     2.1
   30 |   0.8676 |     29.922 |   0.9962 |     32.736 |     2.2
   31 |   0.8460 |     28.893 |   0.9897 |     32.826 |     2.2
   32 |   0.8235 |     28.110 |   0.9909 |     32.975 |     2.3
   33 |   0.8157 |     27.783 |   0.9723 |     32.855 |     2.4
   34 |   0.7921 |     26.864 |   0.9719 |     32.168 |     2.5
   35 |   0.7717 |     26.243 |   0.9699 |     31.989 |     2.5
   36 |   0.7575 |     25.846 |   0.9579 |     31.392 |     2.6
   37 |   0.7400 |     25.155 |   0.9594 |     31.452 |     2.7
   38 |   0.7201 |     24.148 |   0.9674 |     31.422 |     2.8
   39 |   0.7003 |     23.436 |   0.9619 |     30.585 |     2.8
   40 |   0.6910 |     23.256 |   0.9684 |     31.004 |     2.9
Early stopping

Model: Seq2Seq Bi-LSTM
Source index: <Seq2Seq Index with 45 items>
Target index: <Seq2Seq Index with 34 items>
Encoder embedding dimension: 64
Decoder embedding dimension: 64
Encoder hidden units: 128
Encoder layers: 3
Decoder hidden units: 128
Decoder layers: 3
Dropout: 0.2
Trainable parameters: 1,558,754

Training started
X_train.shape: torch.Size([3063, 649])
Y_train.shape: torch.Size([3063, 7])
X_dev.shape: torch.Size([558, 702])
Y_dev.shape: torch.Size([558, 7])
Epochs: 500
Learning rate: 0.001
Weight decay: 0.0001
Epoch | Train                 | Development           | Minutes
      | Loss     | Error Rate | Loss     | Error Rate |
---------------------------------------------------------------
    1 |   2.1912 |     59.936 |   1.6143 |     47.790 |     0.1
    2 |   1.4979 |     46.621 |   1.4104 |     45.579 |     0.1
    3 |   1.4143 |     46.599 |   1.3754 |     45.579 |     0.2
    4 |   1.3801 |     46.300 |   1.3436 |     46.685 |     0.2
    5 |   1.3375 |     46.120 |   1.2970 |     44.713 |     0.3
    6 |   1.3111 |     45.865 |   1.2874 |     45.490 |     0.3
    7 |   1.2956 |     45.941 |   1.2719 |     44.654 |     0.4
    8 |   1.2770 |     45.631 |   1.2552 |     44.504 |     0.5
    9 |   1.2550 |     44.782 |   1.2439 |     45.072 |     0.5
   10 |   1.2435 |     44.635 |   1.2257 |     43.757 |     0.6
   11 |   1.2285 |     44.064 |   1.2171 |     43.100 |     0.6
   12 |   1.2137 |     43.645 |   1.2057 |     43.070 |     0.7
   13 |   1.2020 |     43.373 |   1.1969 |     43.459 |     0.7
   14 |   1.1909 |     42.926 |   1.1932 |     43.130 |     0.8
   15 |   1.1780 |     42.311 |   1.1694 |     41.368 |     0.9
   16 |   1.1651 |     41.762 |   1.1821 |     42.085 |     0.9
   17 |   1.1543 |     41.588 |   1.1573 |     40.651 |     1.0
   18 |   1.1449 |     41.065 |   1.1515 |     41.756 |     1.0
   19 |   1.1347 |     40.859 |   1.1443 |     40.323 |     1.1
   20 |   1.1218 |     40.641 |   1.1418 |     40.621 |     1.1
   21 |   1.1123 |     40.086 |   1.1238 |     39.994 |     1.2
   22 |   1.1023 |     39.950 |   1.1181 |     39.725 |     1.3
   23 |   1.0917 |     39.308 |   1.1087 |     39.367 |     1.3
   24 |   1.0831 |     39.036 |   1.1071 |     39.367 |     1.4
   25 |   1.0751 |     38.682 |   1.0896 |     39.217 |     1.4
   26 |   1.0634 |     38.301 |   1.0894 |     38.441 |     1.5
   27 |   1.0560 |     38.165 |   1.0870 |     38.799 |     1.5
   28 |   1.0446 |     37.621 |   1.0787 |     39.188 |     1.6
   29 |   1.0347 |     37.469 |   1.0780 |     37.993 |     1.7
   30 |   1.0287 |     37.115 |   1.0623 |     38.053 |     1.7
   31 |   1.0176 |     36.750 |   1.0647 |     37.754 |     1.8
   32 |   1.0111 |     36.446 |   1.0639 |     37.366 |     1.8
   33 |   1.0048 |     36.473 |   1.0498 |     38.053 |     1.9
   34 |   0.9936 |     36.092 |   1.0458 |     37.336 |     1.9
   35 |   0.9891 |     35.591 |   1.0446 |     37.127 |     2.0
   36 |   0.9794 |     35.314 |   1.0508 |     37.395 |     2.1
   37 |   0.9696 |     35.145 |   1.0344 |     36.499 |     2.1
   38 |   0.9640 |     34.400 |   1.0476 |     36.888 |     2.2
   39 |   0.9577 |     34.329 |   1.0387 |     36.768 |     2.2
   40 |   0.9490 |     33.959 |   1.0577 |     37.336 |     2.3
   41 |   0.9404 |     33.894 |   1.0288 |     35.783 |     2.3
   42 |   0.9306 |     33.426 |   1.0264 |     36.231 |     2.4
   43 |   0.9263 |     32.974 |   1.0190 |     36.022 |     2.5
   44 |   0.9130 |     32.207 |   1.0130 |     35.783 |     2.5
   45 |   0.9053 |     32.049 |   1.0083 |     35.125 |     2.6
   46 |   0.8957 |     31.690 |   1.0187 |     35.364 |     2.6
   47 |   0.8815 |     31.353 |   0.9966 |     34.170 |     2.7
   48 |   0.8814 |     31.500 |   0.9991 |     33.961 |     2.7
   49 |   0.8665 |     31.026 |   1.0157 |     34.528 |     2.8
   50 |   0.8624 |     30.836 |   1.0054 |     34.050 |     2.9
   51 |   0.8507 |     29.976 |   0.9945 |     33.333 |     2.9
   52 |   0.8466 |     30.156 |   0.9793 |     33.154 |     3.0
   53 |   0.8333 |     29.432 |   0.9840 |     33.751 |     3.0
   54 |   0.8219 |     29.105 |   0.9781 |     33.154 |     3.1
   55 |   0.8148 |     28.910 |   0.9833 |     33.722 |     3.1
   56 |   0.8079 |     28.534 |   0.9752 |     33.184 |     3.2
   57 |   0.7990 |     28.436 |   0.9739 |     32.616 |     3.3
   58 |   0.7899 |     28.006 |   0.9841 |     33.094 |     3.3
   59 |   0.7782 |     27.609 |   0.9757 |     32.587 |     3.4
   60 |   0.7708 |     27.440 |   0.9896 |     32.855 |     3.4
   61 |   0.7630 |     26.945 |   0.9832 |     32.885 |     3.5
Early stopping

Model: Seq2Seq Bi-LSTM
Source index: <Seq2Seq Index with 45 items>
Target index: <Seq2Seq Index with 34 items>
Encoder embedding dimension: 64
Decoder embedding dimension: 64
Encoder hidden units: 64
Encoder layers: 3
Decoder hidden units: 128
Decoder layers: 2
Dropout: 0.0
Trainable parameters: 604,386

Training started
X_train.shape: torch.Size([3063, 649])
Y_train.shape: torch.Size([3063, 7])
X_dev.shape: torch.Size([558, 702])
Y_dev.shape: torch.Size([558, 7])
Epochs: 500
Learning rate: 0.001
Weight decay: 1e-05
Epoch | Train                 | Development           | Minutes
      | Loss     | Error Rate | Loss     | Error Rate |
---------------------------------------------------------------
    1 |   2.0902 |     57.101 |   1.5041 |     45.012 |     0.0
    2 |   1.4341 |     46.186 |   1.3568 |     44.444 |     0.0
    3 |   1.3473 |     45.489 |   1.3017 |     44.534 |     0.1
    4 |   1.3091 |     45.043 |   1.2788 |     42.981 |     0.1
    5 |   1.2793 |     44.238 |   1.2482 |     42.533 |     0.1
    6 |   1.2443 |     43.008 |   1.2197 |     42.174 |     0.1
    7 |   1.2108 |     42.360 |   1.2036 |     41.846 |     0.2
    8 |   1.1817 |     41.735 |   1.1728 |     41.517 |     0.2
    9 |   1.1481 |     40.712 |   1.1492 |     40.532 |     0.2
   10 |   1.1177 |     39.335 |   1.1224 |     39.546 |     0.2
   11 |   1.0796 |     37.866 |   1.0979 |     37.545 |     0.3
   12 |   1.0444 |     36.429 |   1.0666 |     36.679 |     0.3
   13 |   1.0021 |     35.042 |   1.0459 |     36.231 |     0.3
   14 |   0.9616 |     33.448 |   1.0181 |     34.857 |     0.3
   15 |   0.9226 |     31.647 |   1.0074 |     34.677 |     0.3
   16 |   0.8805 |     29.905 |   0.9890 |     32.855 |     0.4
   17 |   0.8568 |     28.980 |   0.9891 |     32.945 |     0.4
   18 |   0.8174 |     27.587 |   0.9512 |     31.153 |     0.4
   19 |   0.7629 |     25.101 |   0.9531 |     30.884 |     0.4
   20 |   0.7261 |     24.421 |   0.9421 |     30.705 |     0.5
   21 |   0.6877 |     22.690 |   0.9279 |     29.689 |     0.5
   22 |   0.6507 |     21.896 |   0.9261 |     29.241 |     0.5
   23 |   0.6135 |     20.133 |   0.9190 |     29.510 |     0.5
   24 |   0.5858 |     19.355 |   0.9302 |     29.570 |     0.6
   25 |   0.5492 |     18.163 |   0.9405 |     28.584 |     0.6
   26 |   0.5177 |     17.276 |   0.9229 |     28.256 |     0.6
   27 |   0.4882 |     16.079 |   0.9434 |     28.166 |     0.6
Early stopping

Model: Seq2Seq Bi-LSTM
Source index: <Seq2Seq Index with 45 items>
Target index: <Seq2Seq Index with 34 items>
Encoder embedding dimension: 64
Decoder embedding dimension: 128
Encoder hidden units: 64
Encoder layers: 2
Decoder hidden units: 128
Decoder layers: 3
Dropout: 0.1
Trainable parameters: 639,330

Training started
X_train.shape: torch.Size([3063, 649])
Y_train.shape: torch.Size([3063, 7])
X_dev.shape: torch.Size([558, 702])
Y_dev.shape: torch.Size([558, 7])
Epochs: 500
Learning rate: 0.001
Weight decay: 1e-05
Epoch | Train                 | Development           | Minutes
      | Loss     | Error Rate | Loss     | Error Rate |
---------------------------------------------------------------
    1 |   2.2385 |     60.594 |   1.6216 |     47.790 |     0.0
    2 |   1.4894 |     46.697 |   1.3994 |     45.579 |     0.0
    3 |   1.3928 |     46.327 |   1.3431 |     44.624 |     0.1
    4 |   1.3536 |     46.175 |   1.3072 |     45.430 |     0.1
    5 |   1.3282 |     45.952 |   1.2886 |     45.072 |     0.1
    6 |   1.3065 |     45.794 |   1.2760 |     44.265 |     0.1
    7 |   1.2877 |     45.244 |   1.2688 |     44.205 |     0.1
    8 |   1.2644 |     44.722 |   1.2367 |     42.861 |     0.1
    9 |   1.2385 |     43.846 |   1.2125 |     42.264 |     0.2
   10 |   1.2111 |     43.019 |   1.1881 |     42.264 |     0.2
   11 |   1.1888 |     42.496 |   1.1739 |     42.294 |     0.2
   12 |   1.1607 |     41.207 |   1.1599 |     41.935 |     0.2
   13 |   1.1398 |     41.016 |   1.1371 |     40.323 |     0.2
   14 |   1.1097 |     39.863 |   1.1229 |     40.382 |     0.2
   15 |   1.0874 |     38.971 |   1.1127 |     39.755 |     0.3
   16 |   1.0624 |     37.948 |   1.0944 |     39.367 |     0.3
   17 |   1.0372 |     36.930 |   1.0797 |     37.873 |     0.3
   18 |   1.0058 |     35.831 |   1.0474 |     37.306 |     0.3
   19 |   0.9736 |     34.128 |   1.0368 |     36.559 |     0.3
   20 |   0.9501 |     33.208 |   1.0245 |     35.364 |     0.3
   21 |   0.9197 |     31.902 |   1.0329 |     35.066 |     0.4
   22 |   0.8898 |     30.683 |   1.0154 |     34.349 |     0.4
   23 |   0.8689 |     29.791 |   1.0156 |     32.975 |     0.4
   24 |   0.8360 |     28.540 |   1.0153 |     33.961 |     0.4
   25 |   0.8207 |     28.050 |   0.9813 |     31.989 |     0.4
   26 |   0.7909 |     26.940 |   0.9943 |     32.437 |     0.4
   27 |   0.7695 |     26.189 |   0.9841 |     32.079 |     0.5
   28 |   0.7447 |     25.242 |   0.9663 |     30.974 |     0.5
   29 |   0.7269 |     24.584 |   0.9743 |     30.735 |     0.5
   30 |   0.7037 |     23.642 |   0.9762 |     30.376 |     0.5
   31 |   0.6804 |     22.717 |   0.9685 |     30.048 |     0.5
   32 |   0.6619 |     22.320 |   0.9608 |     29.869 |     0.5
   33 |   0.6440 |     21.765 |   0.9764 |     30.197 |     0.6
   34 |   0.6260 |     20.590 |   0.9780 |     29.361 |     0.6
   35 |   0.6032 |     20.035 |   0.9715 |     29.839 |     0.6
   36 |   0.5856 |     19.648 |   0.9802 |     28.943 |     0.6
Early stopping

Model: Seq2Seq Bi-LSTM
Source index: <Seq2Seq Index with 45 items>
Target index: <Seq2Seq Index with 34 items>
Encoder embedding dimension: 128
Decoder embedding dimension: 128
Encoder hidden units: 64
Encoder layers: 3
Decoder hidden units: 128
Decoder layers: 2
Dropout: 0.0
Trainable parameters: 674,978

Training started
X_train.shape: torch.Size([3063, 649])
Y_train.shape: torch.Size([3063, 7])
X_dev.shape: torch.Size([558, 702])
Y_dev.shape: torch.Size([558, 7])
Epochs: 500
Learning rate: 0.001
Weight decay: 1e-05
Epoch | Train                 | Development           | Minutes
      | Loss     | Error Rate | Loss     | Error Rate |
---------------------------------------------------------------
    1 |   2.0389 |     55.692 |   1.4669 |     45.251 |     0.0
    2 |   1.3973 |     45.924 |   1.3166 |     45.042 |     0.0
    3 |   1.3105 |     44.483 |   1.2778 |     43.489 |     0.1
    4 |   1.2647 |     43.525 |   1.2316 |     42.533 |     0.1
    5 |   1.2285 |     42.866 |   1.2074 |     42.294 |     0.1
    6 |   1.1910 |     41.642 |   1.2020 |     42.802 |     0.2
    7 |   1.1522 |     40.799 |   1.1440 |     40.621 |     0.2
    8 |   1.1104 |     38.786 |   1.1075 |     38.620 |     0.2
    9 |   1.0670 |     37.099 |   1.0925 |     37.784 |     0.2
   10 |   1.0247 |     35.510 |   1.0592 |     36.141 |     0.3
   11 |   0.9765 |     33.284 |   1.0385 |     35.454 |     0.3
   12 |   0.9296 |     31.897 |   1.0069 |     33.333 |     0.3
   13 |   0.8841 |     29.933 |   0.9815 |     32.139 |     0.3
   14 |   0.8367 |     28.131 |   0.9624 |     32.079 |     0.4
   15 |   0.7830 |     26.004 |   0.9558 |     32.168 |     0.4
   16 |   0.7487 |     24.807 |   0.9553 |     31.571 |     0.4
   17 |   0.6973 |     22.995 |   0.9379 |     30.645 |     0.4
   18 |   0.6652 |     21.798 |   0.9449 |     30.167 |     0.5
   19 |   0.6227 |     20.399 |   0.9227 |     29.570 |     0.5
   20 |   0.5814 |     18.870 |   0.9369 |     28.973 |     0.5
   21 |   0.5445 |     17.673 |   0.9285 |     29.182 |     0.5
   22 |   0.5146 |     16.672 |   0.9226 |     27.927 |     0.6
   23 |   0.4783 |     15.649 |   0.9110 |     27.121 |     0.6
   24 |   0.4476 |     14.735 |   0.9130 |     27.061 |     0.6
   25 |   0.4290 |     14.283 |   0.9341 |     27.688 |     0.6
   26 |   0.4038 |     13.511 |   0.9318 |     27.001 |     0.7
   27 |   0.3800 |     12.575 |   0.9437 |     27.300 |     0.7
Early stopping

Model: Seq2Seq Bi-LSTM
Source index: <Seq2Seq Index with 45 items>
Target index: <Seq2Seq Index with 34 items>
Encoder embedding dimension: 32
Decoder embedding dimension: 128
Encoder hidden units: 64
Encoder layers: 2
Decoder hidden units: 64
Decoder layers: 2
Dropout: 0.2
Trainable parameters: 273,218

Training started
X_train.shape: torch.Size([3063, 649])
Y_train.shape: torch.Size([3063, 7])
X_dev.shape: torch.Size([558, 702])
Y_dev.shape: torch.Size([558, 7])
Epochs: 500
Learning rate: 0.001
Weight decay: 1e-05
Epoch | Train                 | Development           | Minutes
      | Loss     | Error Rate | Loss     | Error Rate |
---------------------------------------------------------------
    1 |   2.4066 |     64.169 |   1.7655 |     47.431 |     0.0
    2 |   1.5985 |     47.432 |   1.4420 |     45.012 |     0.0
    3 |   1.4234 |     46.033 |   1.3579 |     44.922 |     0.0
    4 |   1.3581 |     45.647 |   1.3070 |     44.922 |     0.1
    5 |   1.3218 |     45.103 |   1.2845 |     43.757 |     0.1
    6 |   1.2969 |     44.885 |   1.2642 |     43.399 |     0.1
    7 |   1.2774 |     44.412 |   1.2507 |     43.967 |     0.1
    8 |   1.2589 |     44.303 |   1.2317 |     42.981 |     0.1
    9 |   1.2407 |     44.113 |   1.2138 |     43.668 |     0.1
   10 |   1.2220 |     43.541 |   1.2083 |     43.519 |     0.2
   11 |   1.2041 |     42.594 |   1.1856 |     43.100 |     0.2
   12 |   1.1864 |     41.980 |   1.1821 |     42.324 |     0.2
   13 |   1.1699 |     41.713 |   1.1682 |     42.025 |     0.2
   14 |   1.1508 |     40.842 |   1.1554 |     41.249 |     0.2
   15 |   1.1372 |     40.674 |   1.1488 |     41.398 |     0.2
   16 |   1.1175 |     39.564 |   1.1324 |     39.785 |     0.3
   17 |   1.1006 |     39.085 |   1.1220 |     39.785 |     0.3
   18 |   1.0831 |     38.241 |   1.1110 |     39.456 |     0.3
   19 |   1.0642 |     37.463 |   1.0973 |     38.351 |     0.3
   20 |   1.0476 |     36.718 |   1.0876 |     37.843 |     0.3
   21 |   1.0244 |     35.711 |   1.0726 |     36.768 |     0.3
   22 |   1.0087 |     34.868 |   1.0619 |     36.768 |     0.4
   23 |   0.9876 |     33.780 |   1.0624 |     36.559 |     0.4
   24 |   0.9729 |     33.404 |   1.0525 |     35.753 |     0.4
   25 |   0.9535 |     32.414 |   1.0325 |     34.468 |     0.4
   26 |   0.9324 |     31.723 |   1.0214 |     33.931 |     0.4
   27 |   0.9143 |     30.836 |   1.0124 |     33.572 |     0.4
   28 |   0.8976 |     30.237 |   1.0120 |     33.214 |     0.5
   29 |   0.8739 |     29.182 |   1.0025 |     32.855 |     0.5
   30 |   0.8627 |     28.855 |   1.0126 |     33.662 |     0.5
   31 |   0.8491 |     28.474 |   0.9838 |     32.706 |     0.5
   32 |   0.8290 |     27.859 |   0.9913 |     32.915 |     0.5
   33 |   0.8102 |     27.098 |   0.9841 |     32.139 |     0.5
   34 |   0.7884 |     26.439 |   0.9646 |     31.870 |     0.6
   35 |   0.7751 |     25.775 |   0.9642 |     31.810 |     0.6
   36 |   0.7668 |     25.721 |   0.9621 |     30.944 |     0.6
   37 |   0.7501 |     25.090 |   0.9536 |     30.705 |     0.6
   38 |   0.7359 |     24.682 |   0.9476 |     31.063 |     0.6
   39 |   0.7199 |     23.768 |   0.9517 |     30.914 |     0.6
   40 |   0.7012 |     23.398 |   0.9613 |     30.556 |     0.7
   41 |   0.6934 |     23.066 |   0.9623 |     30.585 |     0.7
   42 |   0.6771 |     22.380 |   0.9469 |     29.689 |     0.7
   43 |   0.6674 |     21.934 |   0.9471 |     29.510 |     0.7
   44 |   0.6583 |     21.890 |   0.9497 |     30.108 |     0.7
   45 |   0.6467 |     21.466 |   0.9403 |     29.361 |     0.7
   46 |   0.6336 |     20.889 |   0.9559 |     29.331 |     0.7
   47 |   0.6227 |     20.775 |   0.9577 |     29.480 |     0.8
   48 |   0.6100 |     20.078 |   0.9410 |     29.241 |     0.8
   49 |   0.6045 |     20.122 |   0.9397 |     28.495 |     0.8
   50 |   0.6064 |     20.340 |   0.9543 |     29.002 |     0.8
   51 |   0.5847 |     19.572 |   0.9533 |     29.032 |     0.8
   52 |   0.5689 |     18.957 |   0.9546 |     29.361 |     0.8
   53 |   0.5580 |     18.778 |   0.9565 |     28.823 |     0.9
Early stopping

Model: Seq2Seq Bi-LSTM
Source index: <Seq2Seq Index with 45 items>
Target index: <Seq2Seq Index with 34 items>
Encoder embedding dimension: 64
Decoder embedding dimension: 128
Encoder hidden units: 128
Encoder layers: 2
Decoder hidden units: 128
Decoder layers: 2
Dropout: 0.2
Trainable parameters: 1,000,802

Training started
X_train.shape: torch.Size([3063, 649])
Y_train.shape: torch.Size([3063, 7])
X_dev.shape: torch.Size([558, 702])
Y_dev.shape: torch.Size([558, 7])
Epochs: 500
Learning rate: 0.001
Weight decay: 1e-05
Epoch | Train                 | Development           | Minutes
      | Loss     | Error Rate | Loss     | Error Rate |
---------------------------------------------------------------
    1 |   2.0609 |     56.758 |   1.4775 |     44.594 |     0.0
    2 |   1.4170 |     46.207 |   1.3375 |     44.594 |     0.1
    3 |   1.3345 |     45.810 |   1.2895 |     44.504 |     0.1
    4 |   1.2931 |     44.793 |   1.2589 |     43.698 |     0.2
    5 |   1.2619 |     44.249 |   1.2244 |     43.369 |     0.2
    6 |   1.2286 |     43.166 |   1.1973 |     41.458 |     0.2
    7 |   1.1981 |     42.409 |   1.1753 |     40.830 |     0.3
    8 |   1.1708 |     41.642 |   1.1560 |     39.725 |     0.3
    9 |   1.1412 |     40.630 |   1.1353 |     39.636 |     0.3
   10 |   1.1064 |     39.210 |   1.1081 |     38.262 |     0.4
   11 |   1.0739 |     37.904 |   1.0843 |     37.873 |     0.4
   12 |   1.0385 |     36.136 |   1.0593 |     36.828 |     0.5
   13 |   1.0021 |     35.031 |   1.0374 |     34.946 |     0.5
   14 |   0.9638 |     33.322 |   1.0200 |     34.827 |     0.5
   15 |   0.9225 |     31.832 |   0.9821 |     33.333 |     0.6
   16 |   0.8877 |     30.542 |   0.9872 |     33.901 |     0.6
   17 |   0.8446 |     28.643 |   0.9580 |     32.109 |     0.7
   18 |   0.8018 |     27.136 |   0.9371 |     31.362 |     0.7
   19 |   0.7644 |     25.705 |   0.9289 |     30.735 |     0.7
   20 |   0.7266 |     24.339 |   0.8997 |     29.271 |     0.8
   21 |   0.6870 |     22.750 |   0.9011 |     29.659 |     0.8
   22 |   0.6621 |     21.629 |   0.8973 |     28.256 |     0.8
   23 |   0.6236 |     20.617 |   0.9114 |     28.883 |     0.9
   24 |   0.5845 |     19.083 |   0.8966 |     28.166 |     0.9
   25 |   0.5561 |     18.566 |   0.9001 |     28.315 |     1.0
   26 |   0.5254 |     17.254 |   0.9056 |     27.927 |     1.0
   27 |   0.4958 |     16.378 |   0.8962 |     27.419 |     1.0
   28 |   0.4722 |     15.568 |   0.9254 |     27.360 |     1.1
   29 |   0.4525 |     15.219 |   0.9160 |     27.569 |     1.1
   30 |   0.4261 |     14.158 |   0.9249 |     26.882 |     1.2
   31 |   0.4047 |     13.494 |   0.9259 |     27.001 |     1.2
Early stopping

Model: Seq2Seq Bi-LSTM
Source index: <Seq2Seq Index with 45 items>
Target index: <Seq2Seq Index with 34 items>
Encoder embedding dimension: 128
Decoder embedding dimension: 128
Encoder hidden units: 128
Encoder layers: 4
Decoder hidden units: 64
Decoder layers: 3
Dropout: 0.2
Trainable parameters: 1,709,602

Training started
X_train.shape: torch.Size([3063, 649])
Y_train.shape: torch.Size([3063, 7])
X_dev.shape: torch.Size([558, 702])
Y_dev.shape: torch.Size([558, 7])
Epochs: 500
Learning rate: 0.001
Weight decay: 1e-05
Epoch | Train                 | Development           | Minutes
      | Loss     | Error Rate | Loss     | Error Rate |
---------------------------------------------------------------
    1 |   2.5388 |     68.125 |   1.9890 |     58.632 |     0.1
    2 |   1.7941 |     50.620 |   1.5726 |     45.012 |     0.2
    3 |   1.5219 |     46.371 |   1.4455 |     45.012 |     0.2
    4 |   1.4468 |     46.354 |   1.4081 |     45.012 |     0.3
    5 |   1.4157 |     46.338 |   1.3795 |     45.012 |     0.4
    6 |   1.3876 |     46.273 |   1.3493 |     45.012 |     0.5
    7 |   1.3581 |     46.322 |   1.3216 |     45.072 |     0.5
    8 |   1.3340 |     45.973 |   1.2999 |     45.311 |     0.6
    9 |   1.3154 |     45.750 |   1.2875 |     44.444 |     0.7
   10 |   1.2977 |     45.386 |   1.2720 |     43.996 |     0.8
   11 |   1.2761 |     44.722 |   1.2546 |     43.369 |     0.9
   12 |   1.2550 |     44.004 |   1.2341 |     41.995 |     0.9
   13 |   1.2329 |     43.030 |   1.2229 |     42.951 |     1.0
   14 |   1.2126 |     42.415 |   1.2039 |     41.219 |     1.1
   15 |   1.1918 |     41.849 |   1.1890 |     41.099 |     1.2
   16 |   1.1747 |     41.147 |   1.1873 |     40.591 |     1.2
   17 |   1.1596 |     40.772 |   1.1708 |     39.785 |     1.3
   18 |   1.1415 |     40.004 |   1.1685 |     40.621 |     1.4
   19 |   1.1238 |     39.591 |   1.1584 |     39.636 |     1.5
   20 |   1.1076 |     38.824 |   1.1512 |     39.576 |     1.6
   21 |   1.0884 |     38.056 |   1.1354 |     38.471 |     1.6
   22 |   1.0730 |     37.387 |   1.1313 |     38.112 |     1.7
   23 |   1.0601 |     36.935 |   1.1344 |     37.485 |     1.8
   24 |   1.0384 |     35.951 |   1.1173 |     37.157 |     1.9
   25 |   1.0200 |     35.096 |   1.1248 |     37.784 |     1.9
   26 |   1.0049 |     34.487 |   1.1093 |     36.798 |     2.0
   27 |   0.9903 |     34.101 |   1.1191 |     36.708 |     2.1
   28 |   0.9780 |     33.252 |   1.0954 |     36.350 |     2.2
   29 |   0.9519 |     32.299 |   1.0886 |     35.305 |     2.3
   30 |   0.9381 |     31.848 |   1.0855 |     35.096 |     2.3
   31 |   0.9173 |     30.879 |   1.0878 |     34.468 |     2.4
   32 |   0.8984 |     30.341 |   1.0855 |     35.245 |     2.5
   33 |   0.8829 |     29.813 |   1.0788 |     34.080 |     2.6
   34 |   0.8648 |     29.062 |   1.0617 |     34.080 |     2.6
   35 |   0.8428 |     28.082 |   1.0582 |     33.453 |     2.7
   36 |   0.8227 |     27.457 |   1.0546 |     33.393 |     2.8
   37 |   0.8013 |     26.679 |   1.0778 |     33.333 |     2.9
   38 |   0.7893 |     26.428 |   1.0641 |     32.826 |     3.0
   39 |   0.7709 |     25.536 |   1.0585 |     32.885 |     3.0
   40 |   0.7564 |     25.046 |   1.0471 |     32.258 |     3.1
   41 |   0.7434 |     24.997 |   1.0725 |     32.407 |     3.2
   42 |   0.7248 |     24.061 |   1.0790 |     32.437 |     3.3
   43 |   0.7130 |     23.615 |   1.0846 |     33.513 |     3.3
   44 |   0.6946 |     23.038 |   1.0857 |     32.079 |     3.4
Early stopping

Model: Seq2Seq Bi-LSTM
Source index: <Seq2Seq Index with 45 items>
Target index: <Seq2Seq Index with 34 items>
Encoder embedding dimension: 128
Decoder embedding dimension: 64
Encoder hidden units: 128
Encoder layers: 3
Decoder hidden units: 128
Decoder layers: 2
Dropout: 0.2
Trainable parameters: 1,495,074

Training started
X_train.shape: torch.Size([3063, 649])
Y_train.shape: torch.Size([3063, 7])
X_dev.shape: torch.Size([558, 702])
Y_dev.shape: torch.Size([558, 7])
Epochs: 500
Learning rate: 0.001
Weight decay: 1e-05
Epoch | Train                 | Development           | Minutes
      | Loss     | Error Rate | Loss     | Error Rate |
---------------------------------------------------------------
    1 |   2.1497 |     59.103 |   1.5537 |     45.012 |     0.1
    2 |   1.4582 |     46.371 |   1.3739 |     45.579 |     0.1
    3 |   1.3633 |     45.881 |   1.3081 |     44.833 |     0.2
    4 |   1.3216 |     45.233 |   1.2839 |     43.459 |     0.3
    5 |   1.2954 |     44.896 |   1.2770 |     43.847 |     0.3
    6 |   1.2707 |     43.835 |   1.2396 |     42.384 |     0.4
    7 |   1.2395 |     42.964 |   1.2250 |     43.100 |     0.4
    8 |   1.2083 |     42.344 |   1.1897 |     41.607 |     0.5
    9 |   1.1754 |     41.261 |   1.1674 |     39.397 |     0.6
   10 |   1.1464 |     39.999 |   1.1458 |     38.620 |     0.6
   11 |   1.1093 |     38.753 |   1.1237 |     38.232 |     0.7
   12 |   1.0717 |     37.066 |   1.1029 |     37.336 |     0.7
   13 |   1.0337 |     35.570 |   1.0703 |     36.410 |     0.8
   14 |   0.9917 |     33.997 |   1.0486 |     34.498 |     0.9
   15 |   0.9389 |     31.881 |   1.0350 |     34.737 |     0.9
   16 |   0.8936 |     29.911 |   0.9869 |     32.945 |     1.0
   17 |   0.8418 |     28.235 |   0.9787 |     32.318 |     1.1
   18 |   0.7909 |     26.216 |   0.9480 |     31.123 |     1.1
   19 |   0.7444 |     24.562 |   0.9468 |     31.452 |     1.2
   20 |   0.7060 |     23.213 |   0.9358 |     30.854 |     1.2
   21 |   0.6597 |     21.499 |   0.9320 |     30.376 |     1.3
   22 |   0.6194 |     20.176 |   0.9185 |     29.809 |     1.4
   23 |   0.5801 |     18.908 |   0.9150 |     28.973 |     1.4
   24 |   0.5463 |     17.837 |   0.9258 |     28.943 |     1.5
   25 |   0.5060 |     16.476 |   0.9082 |     27.569 |     1.5
   26 |   0.4761 |     15.676 |   0.9286 |     27.628 |     1.6
   27 |   0.4554 |     15.078 |   0.9294 |     27.479 |     1.7
   28 |   0.4213 |     13.995 |   0.9218 |     26.613 |     1.7
   29 |   0.3982 |     13.260 |   0.9407 |     25.956 |     1.8
Early stopping

Model: Seq2Seq Bi-LSTM
Source index: <Seq2Seq Index with 45 items>
Target index: <Seq2Seq Index with 34 items>
Encoder embedding dimension: 128
Decoder embedding dimension: 128
Encoder hidden units: 128
Encoder layers: 3
Decoder hidden units: 64
Decoder layers: 3
Dropout: 0.2
Trainable parameters: 1,281,570

Training started
X_train.shape: torch.Size([3063, 649])
Y_train.shape: torch.Size([3063, 7])
X_dev.shape: torch.Size([558, 702])
Y_dev.shape: torch.Size([558, 7])
Epochs: 500
Learning rate: 0.001
Weight decay: 0.0001
Epoch | Train                 | Development           | Minutes
      | Loss     | Error Rate | Loss     | Error Rate |
---------------------------------------------------------------
    1 |   2.4815 |     66.498 |   1.8979 |     53.136 |     0.1
    2 |   1.7284 |     49.195 |   1.5409 |     47.790 |     0.1
    3 |   1.4954 |     46.512 |   1.4283 |     45.012 |     0.2
    4 |   1.4271 |     46.360 |   1.3852 |     45.012 |     0.2
    5 |   1.3945 |     46.284 |   1.3565 |     45.012 |     0.3
    6 |   1.3631 |     46.213 |   1.3247 |     45.579 |     0.4
    7 |   1.3335 |     45.876 |   1.2928 |     45.131 |     0.4
    8 |   1.3106 |     45.402 |   1.2750 |     43.220 |     0.5
    9 |   1.2960 |     44.934 |   1.2680 |     44.235 |     0.5
   10 |   1.2783 |     44.619 |   1.2423 |     42.981 |     0.6
   11 |   1.2630 |     44.510 |   1.2349 |     43.698 |     0.7
   12 |   1.2448 |     43.976 |   1.2125 |     43.280 |     0.7
   13 |   1.2300 |     43.579 |   1.2045 |     43.070 |     0.8
   14 |   1.2172 |     43.193 |   1.1889 |     42.204 |     0.8
   15 |   1.2084 |     42.872 |   1.1829 |     41.338 |     0.9
   16 |   1.1949 |     42.437 |   1.1713 |     40.591 |     1.0
   17 |   1.1840 |     42.388 |   1.1685 |     41.308 |     1.0
   18 |   1.1723 |     41.980 |   1.1578 |     40.890 |     1.1
   19 |   1.1639 |     41.582 |   1.1502 |     40.352 |     1.1
   20 |   1.1543 |     41.604 |   1.1427 |     40.591 |     1.2
   21 |   1.1470 |     40.821 |   1.1393 |     39.785 |     1.3
   22 |   1.1387 |     40.935 |   1.1400 |     40.830 |     1.3
   23 |   1.1310 |     40.353 |   1.1380 |     40.233 |     1.4
   24 |   1.1276 |     40.516 |   1.1219 |     39.606 |     1.4
   25 |   1.1149 |     39.885 |   1.1191 |     39.755 |     1.5
   26 |   1.1086 |     39.770 |   1.1125 |     39.934 |     1.6
   27 |   1.1032 |     39.836 |   1.1045 |     38.799 |     1.6
   28 |   1.0917 |     39.215 |   1.1046 |     38.978 |     1.7
   29 |   1.0895 |     39.384 |   1.1001 |     38.710 |     1.7
   30 |   1.0840 |     39.030 |   1.1035 |     38.769 |     1.8
   31 |   1.0784 |     38.541 |   1.0926 |     39.247 |     1.9
   32 |   1.0712 |     38.432 |   1.0907 |     38.501 |     1.9
   33 |   1.0603 |     37.958 |   1.0798 |     38.082 |     2.0
   34 |   1.0566 |     37.703 |   1.0846 |     38.142 |     2.0
   35 |   1.0465 |     37.463 |   1.0875 |     37.933 |     2.1
   36 |   1.0460 |     37.409 |   1.0763 |     37.903 |     2.1
   37 |   1.0353 |     36.783 |   1.0776 |     37.694 |     2.2
   38 |   1.0334 |     37.033 |   1.0726 |     36.798 |     2.3
   39 |   1.0221 |     36.424 |   1.0647 |     37.366 |     2.3
   40 |   1.0185 |     36.326 |   1.0729 |     37.425 |     2.4
   41 |   1.0105 |     36.021 |   1.0587 |     37.515 |     2.4
   42 |   1.0081 |     35.967 |   1.0591 |     37.336 |     2.5
   43 |   0.9958 |     35.679 |   1.0596 |     36.589 |     2.6
   44 |   0.9923 |     35.249 |   1.0500 |     36.051 |     2.6
   45 |   0.9838 |     34.895 |   1.0540 |     35.962 |     2.7
   46 |   0.9828 |     34.851 |   1.0481 |     35.812 |     2.7
   47 |   0.9736 |     34.569 |   1.0428 |     36.201 |     2.8
   48 |   0.9662 |     34.133 |   1.0433 |     36.290 |     2.9
   49 |   0.9642 |     33.834 |   1.0341 |     34.827 |     2.9
   50 |   0.9563 |     33.605 |   1.0308 |     35.544 |     3.0
   51 |   0.9454 |     33.301 |   1.0209 |     34.797 |     3.0
   52 |   0.9372 |     33.045 |   1.0195 |     35.245 |     3.1
   53 |   0.9277 |     32.523 |   1.0295 |     35.125 |     3.2
   54 |   0.9214 |     32.381 |   1.0164 |     34.767 |     3.2
   55 |   0.9145 |     32.049 |   1.0148 |     34.737 |     3.3
   56 |   0.9046 |     31.647 |   1.0096 |     34.379 |     3.3
   57 |   0.8955 |     31.440 |   1.0097 |     34.946 |     3.4
   58 |   0.8908 |     31.391 |   0.9947 |     34.468 |     3.5
   59 |   0.8835 |     30.890 |   0.9971 |     33.751 |     3.5
   60 |   0.8777 |     30.504 |   0.9894 |     33.662 |     3.6
   61 |   0.8606 |     30.025 |   0.9868 |     33.094 |     3.6
   62 |   0.8592 |     29.954 |   0.9801 |     33.274 |     3.7
   63 |   0.8482 |     29.214 |   0.9862 |     33.542 |     3.8
   64 |   0.8459 |     29.421 |   0.9717 |     32.079 |     3.8
   65 |   0.8309 |     28.861 |   0.9726 |     32.198 |     3.9
   66 |   0.8275 |     28.730 |   0.9782 |     32.318 |     3.9
   67 |   0.8161 |     28.267 |   0.9780 |     32.168 |     4.0
   68 |   0.8037 |     27.876 |   0.9802 |     32.079 |     4.1
Early stopping

Model: Seq2Seq Bi-LSTM
Source index: <Seq2Seq Index with 45 items>
Target index: <Seq2Seq Index with 34 items>
Encoder embedding dimension: 128
Decoder embedding dimension: 128
Encoder hidden units: 128
Encoder layers: 2
Decoder hidden units: 128
Decoder layers: 2
Dropout: 0.0
Trainable parameters: 1,069,218

Training started
X_train.shape: torch.Size([3063, 649])
Y_train.shape: torch.Size([3063, 7])
X_dev.shape: torch.Size([558, 702])
Y_dev.shape: torch.Size([558, 7])
Epochs: 500
Learning rate: 0.001
Weight decay: 0.0001
Epoch | Train                 | Development           | Minutes
      | Loss     | Error Rate | Loss     | Error Rate |
---------------------------------------------------------------
    1 |   2.0686 |     56.644 |   1.4856 |     45.370 |     0.0
    2 |   1.4218 |     46.148 |   1.3445 |     44.564 |     0.1
    3 |   1.3279 |     45.827 |   1.2834 |     43.937 |     0.1
    4 |   1.2830 |     44.357 |   1.2581 |     43.847 |     0.2
    5 |   1.2405 |     43.519 |   1.2321 |     42.891 |     0.2
    6 |   1.2057 |     42.513 |   1.1937 |     41.816 |     0.2
    7 |   1.1741 |     41.615 |   1.1741 |     40.980 |     0.3
    8 |   1.1434 |     40.625 |   1.1465 |     40.382 |     0.3
    9 |   1.1148 |     39.526 |   1.1317 |     40.323 |     0.4
   10 |   1.0904 |     38.236 |   1.1059 |     37.724 |     0.4
   11 |   1.0607 |     37.153 |   1.0850 |     38.262 |     0.4
   12 |   1.0341 |     36.114 |   1.0651 |     36.828 |     0.5
   13 |   1.0064 |     35.232 |   1.0598 |     36.649 |     0.5
   14 |   0.9770 |     33.763 |   1.0486 |     35.902 |     0.5
   15 |   0.9523 |     33.056 |   1.0147 |     33.961 |     0.6
   16 |   0.9186 |     31.641 |   1.0079 |     34.797 |     0.6
   17 |   0.8840 |     30.232 |   1.0022 |     33.931 |     0.7
   18 |   0.8558 |     29.437 |   0.9914 |     33.393 |     0.7
   19 |   0.8240 |     28.001 |   0.9627 |     32.557 |     0.7
   20 |   0.7962 |     27.136 |   0.9491 |     32.079 |     0.8
   21 |   0.7688 |     25.950 |   0.9581 |     31.750 |     0.8
   22 |   0.7333 |     24.687 |   0.9385 |     30.795 |     0.8
   23 |   0.7072 |     23.528 |   0.9494 |     30.884 |     0.9
   24 |   0.6753 |     22.619 |   0.9279 |     29.450 |     0.9
   25 |   0.6569 |     21.809 |   0.9240 |     29.450 |     1.0
   26 |   0.6168 |     20.383 |   0.9309 |     29.659 |     1.0
   27 |   0.5926 |     19.670 |   0.9252 |     29.600 |     1.0
   28 |   0.5621 |     18.500 |   0.9203 |     29.839 |     1.1
   29 |   0.5388 |     17.771 |   0.9122 |     28.136 |     1.1
   30 |   0.5068 |     16.732 |   0.9243 |     28.286 |     1.2
   31 |   0.4829 |     15.687 |   0.9206 |     28.345 |     1.2
   32 |   0.4568 |     14.936 |   0.9240 |     27.300 |     1.2
   33 |   0.4334 |     14.066 |   0.9499 |     27.628 |     1.3
Early stopping

Model: Seq2Seq Bi-LSTM
Source index: <Seq2Seq Index with 45 items>
Target index: <Seq2Seq Index with 34 items>
Encoder embedding dimension: 32
Decoder embedding dimension: 64
Encoder hidden units: 128
Encoder layers: 2
Decoder hidden units: 64
Decoder layers: 2
Dropout: 0.1
Trainable parameters: 699,074

Training started
X_train.shape: torch.Size([3063, 649])
Y_train.shape: torch.Size([3063, 7])
X_dev.shape: torch.Size([558, 702])
Y_dev.shape: torch.Size([558, 7])
Epochs: 500
Learning rate: 0.001
Weight decay: 1e-05
Epoch | Train                 | Development           | Minutes
      | Loss     | Error Rate | Loss     | Error Rate |
---------------------------------------------------------------
    1 |   2.3949 |     63.157 |   1.8115 |     47.431 |     0.0
    2 |   1.6239 |     47.883 |   1.4571 |     45.012 |     0.1
    3 |   1.4434 |     46.169 |   1.3906 |     45.520 |     0.1
    4 |   1.3902 |     46.120 |   1.3469 |     45.400 |     0.2
    5 |   1.3476 |     45.473 |   1.3094 |     44.116 |     0.2
    6 |   1.3194 |     45.250 |   1.2892 |     44.713 |     0.2
    7 |   1.3039 |     45.212 |   1.2721 |     44.833 |     0.3
    8 |   1.2861 |     44.749 |   1.2633 |     43.698 |     0.3
    9 |   1.2671 |     44.461 |   1.2436 |     43.280 |     0.3
   10 |   1.2512 |     43.824 |   1.2359 |     43.996 |     0.4
   11 |   1.2334 |     43.579 |   1.2200 |     43.339 |     0.4
   12 |   1.2157 |     43.177 |   1.2060 |     42.772 |     0.5
   13 |   1.1965 |     42.415 |   1.1936 |     42.503 |     0.5
   14 |   1.1777 |     41.751 |   1.1817 |     41.010 |     0.5
   15 |   1.1607 |     41.000 |   1.1728 |     41.667 |     0.6
   16 |   1.1424 |     40.331 |   1.1645 |     40.173 |     0.6
   17 |   1.1247 |     39.623 |   1.1528 |     39.546 |     0.7
   18 |   1.1012 |     38.726 |   1.1404 |     38.889 |     0.7
   19 |   1.0855 |     37.980 |   1.1287 |     38.680 |     0.7
   20 |   1.0647 |     37.305 |   1.1197 |     37.963 |     0.8
   21 |   1.0422 |     36.293 |   1.1096 |     37.246 |     0.8
   22 |   1.0190 |     35.227 |   1.0914 |     37.097 |     0.8
   23 |   0.9886 |     34.177 |   1.0808 |     36.260 |     0.9
   24 |   0.9621 |     32.827 |   1.0589 |     35.932 |     0.9
   25 |   0.9306 |     31.505 |   1.0483 |     35.215 |     1.0
   26 |   0.9003 |     30.455 |   1.0368 |     34.319 |     1.0
   27 |   0.8729 |     29.236 |   1.0357 |     35.305 |     1.0
   28 |   0.8383 |     28.251 |   1.0278 |     34.498 |     1.1
   29 |   0.8035 |     26.864 |   1.0300 |     33.841 |     1.1
   30 |   0.7787 |     25.879 |   1.0218 |     33.303 |     1.2
   31 |   0.7528 |     24.845 |   1.0044 |     33.065 |     1.2
   32 |   0.7115 |     22.979 |   1.0098 |     31.959 |     1.2
   33 |   0.6768 |     22.239 |   1.0085 |     31.661 |     1.3
   34 |   0.6549 |     20.933 |   1.0120 |     31.511 |     1.3
   35 |   0.6223 |     20.051 |   1.0276 |     32.049 |     1.3
Early stopping

Model: Seq2Seq Bi-LSTM
Source index: <Seq2Seq Index with 45 items>
Target index: <Seq2Seq Index with 34 items>
Encoder embedding dimension: 64
Decoder embedding dimension: 64
Encoder hidden units: 128
Encoder layers: 2
Decoder hidden units: 128
Decoder layers: 3
Dropout: 0.0
Trainable parameters: 1,097,954

Training started
X_train.shape: torch.Size([3063, 649])
Y_train.shape: torch.Size([3063, 7])
X_dev.shape: torch.Size([558, 702])
Y_dev.shape: torch.Size([558, 7])
Epochs: 500
Learning rate: 0.001
Weight decay: 0.0001
Epoch | Train                 | Development           | Minutes
      | Loss     | Error Rate | Loss     | Error Rate |
---------------------------------------------------------------
    1 |   2.1668 |     59.408 |   1.5661 |     45.012 |     0.0
    2 |   1.4751 |     46.349 |   1.4051 |     45.579 |     0.1
    3 |   1.4116 |     46.343 |   1.3856 |     45.579 |     0.1
    4 |   1.3804 |     46.142 |   1.3515 |     44.504 |     0.1
    5 |   1.3505 |     45.984 |   1.3151 |     45.102 |     0.2
    6 |   1.3204 |     45.593 |   1.2893 |     44.683 |     0.2
    7 |   1.2935 |     45.201 |   1.2760 |     44.892 |     0.3
    8 |   1.2700 |     45.168 |   1.2468 |     44.265 |     0.3
    9 |   1.2459 |     44.640 |   1.2336 |     43.339 |     0.3
   10 |   1.2285 |     43.966 |   1.2115 |     42.025 |     0.4
   11 |   1.2154 |     43.791 |   1.2081 |     43.459 |     0.4
   12 |   1.2056 |     43.247 |   1.1997 |     42.622 |     0.4
   13 |   1.1966 |     42.839 |   1.1893 |     42.503 |     0.5
   14 |   1.1863 |     42.866 |   1.1872 |     42.324 |     0.5
   15 |   1.1746 |     42.257 |   1.1707 |     41.487 |     0.6
   16 |   1.1648 |     42.061 |   1.1622 |     41.756 |     0.6
   17 |   1.1550 |     41.854 |   1.1554 |     41.637 |     0.6
   18 |   1.1475 |     41.484 |   1.1533 |     42.234 |     0.7
   19 |   1.1373 |     41.528 |   1.1442 |     41.308 |     0.7
   20 |   1.1315 |     41.229 |   1.1394 |     41.398 |     0.7
   21 |   1.1264 |     41.294 |   1.1378 |     41.846 |     0.8
   22 |   1.1220 |     41.055 |   1.1338 |     41.249 |     0.8
   23 |   1.1163 |     41.305 |   1.1293 |     40.711 |     0.9
   24 |   1.1076 |     40.962 |   1.1317 |     41.637 |     0.9
   25 |   1.1052 |     40.913 |   1.1237 |     41.637 |     0.9
   26 |   1.1017 |     40.603 |   1.1225 |     41.667 |     1.0
   27 |   1.0981 |     40.674 |   1.1120 |     42.264 |     1.0
   28 |   1.0940 |     40.581 |   1.1145 |     40.920 |     1.0
   29 |   1.0907 |     40.570 |   1.1144 |     41.159 |     1.1
   30 |   1.0883 |     40.325 |   1.1138 |     41.458 |     1.1
   31 |   1.0875 |     40.391 |   1.1083 |     40.741 |     1.2
   32 |   1.0868 |     40.603 |   1.1141 |     41.308 |     1.2
   33 |   1.0814 |     40.538 |   1.1099 |     40.860 |     1.2
   34 |   1.0774 |     40.157 |   1.1001 |     41.846 |     1.3
   35 |   1.0743 |     39.906 |   1.1074 |     41.010 |     1.3
   36 |   1.0730 |     39.781 |   1.0929 |     40.502 |     1.3
   37 |   1.0677 |     39.498 |   1.0965 |     40.233 |     1.4
   38 |   1.0657 |     39.705 |   1.0926 |     40.741 |     1.4
   39 |   1.0598 |     39.221 |   1.0857 |     39.546 |     1.5
   40 |   1.0565 |     39.183 |   1.0835 |     39.904 |     1.5
   41 |   1.0493 |     38.916 |   1.0804 |     38.949 |     1.5
   42 |   1.0437 |     38.829 |   1.0766 |     40.233 |     1.6
   43 |   1.0386 |     38.513 |   1.0862 |     39.934 |     1.6
   44 |   1.0339 |     38.361 |   1.0700 |     39.725 |     1.6
   45 |   1.0249 |     38.094 |   1.0644 |     39.217 |     1.7
   46 |   1.0218 |     37.730 |   1.0619 |     38.740 |     1.7
   47 |   1.0168 |     37.790 |   1.0622 |     38.262 |     1.7
   48 |   1.0120 |     37.550 |   1.0596 |     39.158 |     1.8
   49 |   1.0114 |     37.512 |   1.0599 |     38.978 |     1.8
   50 |   1.0042 |     37.213 |   1.0541 |     38.710 |     1.9
   51 |   0.9991 |     37.218 |   1.0553 |     39.516 |     1.9
   52 |   0.9980 |     37.295 |   1.0580 |     39.068 |     1.9
   53 |   0.9947 |     36.859 |   1.0405 |     38.082 |     2.0
   54 |   0.9885 |     36.761 |   1.0391 |     37.993 |     2.0
   55 |   0.9888 |     36.876 |   1.0458 |     38.202 |     2.0
   56 |   0.9854 |     36.511 |   1.0535 |     38.829 |     2.1
   57 |   0.9813 |     36.560 |   1.0454 |     39.008 |     2.1
   58 |   0.9781 |     36.310 |   1.0312 |     37.873 |     2.2
   59 |   0.9751 |     36.304 |   1.0407 |     38.202 |     2.2
   60 |   0.9726 |     36.070 |   1.0330 |     38.501 |     2.2
   61 |   0.9731 |     36.125 |   1.0310 |     37.814 |     2.3
   62 |   0.9664 |     35.673 |   1.0308 |     37.873 |     2.3
   63 |   0.9657 |     35.695 |   1.0323 |     37.903 |     2.3
   64 |   0.9593 |     35.651 |   1.0269 |     37.545 |     2.4
   65 |   0.9609 |     35.630 |   1.0276 |     37.963 |     2.4
   66 |   0.9569 |     35.309 |   1.0318 |     38.232 |     2.5
   67 |   0.9574 |     35.635 |   1.0392 |     38.411 |     2.5
   68 |   0.9639 |     35.994 |   1.0417 |     38.262 |     2.5
Early stopping

Model: Seq2Seq Bi-LSTM
Source index: <Seq2Seq Index with 45 items>
Target index: <Seq2Seq Index with 34 items>
Encoder embedding dimension: 128
Decoder embedding dimension: 64
Encoder hidden units: 128
Encoder layers: 2
Decoder hidden units: 64
Decoder layers: 2
Dropout: 0.2
Trainable parameters: 801,698

Training started
X_train.shape: torch.Size([3063, 649])
Y_train.shape: torch.Size([3063, 7])
X_dev.shape: torch.Size([558, 702])
Y_dev.shape: torch.Size([558, 7])
Epochs: 500
Learning rate: 0.001
Weight decay: 0.0001
Epoch | Train                 | Development           | Minutes
      | Loss     | Error Rate | Loss     | Error Rate |
---------------------------------------------------------------
    1 |   2.3613 |     62.836 |   1.7773 |     49.373 |     0.0
    2 |   1.6071 |     47.976 |   1.4534 |     45.012 |     0.1
    3 |   1.4374 |     46.207 |   1.3797 |     45.341 |     0.1
    4 |   1.3838 |     45.903 |   1.3358 |     44.265 |     0.2
    5 |   1.3430 |     45.375 |   1.3093 |     45.191 |     0.2
    6 |   1.3151 |     45.179 |   1.2821 |     43.220 |     0.2
    7 |   1.2943 |     44.336 |   1.2619 |     43.190 |     0.3
    8 |   1.2730 |     43.579 |   1.2560 |     43.728 |     0.3
    9 |   1.2568 |     43.356 |   1.2334 |     42.712 |     0.3
   10 |   1.2363 |     42.834 |   1.2205 |     42.145 |     0.4
   11 |   1.2202 |     42.524 |   1.2086 |     42.234 |     0.4
   12 |   1.2058 |     42.246 |   1.1924 |     41.667 |     0.5
   13 |   1.1861 |     41.642 |   1.1741 |     40.800 |     0.5
   14 |   1.1711 |     41.022 |   1.1851 |     42.055 |     0.5
   15 |   1.1662 |     41.446 |   1.1575 |     40.830 |     0.6
   16 |   1.1428 |     40.200 |   1.1537 |     40.591 |     0.6
   17 |   1.1248 |     39.482 |   1.1385 |     39.815 |     0.7
   18 |   1.1118 |     39.139 |   1.1191 |     38.501 |     0.7
   19 |   1.0904 |     38.252 |   1.1079 |     37.395 |     0.7
   20 |   1.0773 |     37.697 |   1.1040 |     38.292 |     0.8
   21 |   1.0635 |     37.262 |   1.0844 |     36.828 |     0.8
   22 |   1.0446 |     36.212 |   1.0722 |     37.097 |     0.9
   23 |   1.0287 |     35.406 |   1.0619 |     35.812 |     0.9
   24 |   1.0090 |     34.623 |   1.0501 |     35.603 |     0.9
   25 |   0.9959 |     34.024 |   1.0365 |     35.245 |     1.0
   26 |   0.9744 |     33.312 |   1.0230 |     34.707 |     1.0
   27 |   0.9596 |     32.604 |   1.0240 |     34.677 |     1.0
   28 |   0.9396 |     31.777 |   1.0235 |     34.618 |     1.1
   29 |   0.9225 |     31.369 |   1.0039 |     33.931 |     1.1
   30 |   0.9010 |     30.422 |   0.9982 |     34.110 |     1.2
   31 |   0.8840 |     29.704 |   0.9987 |     33.692 |     1.2
   32 |   0.8675 |     28.899 |   0.9852 |     32.915 |     1.2
   33 |   0.8457 |     28.583 |   0.9796 |     32.885 |     1.3
   34 |   0.8250 |     27.527 |   0.9646 |     32.258 |     1.3
   35 |   0.8107 |     27.076 |   0.9747 |     32.736 |     1.4
   36 |   0.7846 |     26.129 |   0.9607 |     31.720 |     1.4
   37 |   0.7670 |     25.677 |   0.9625 |     31.392 |     1.4
   38 |   0.7534 |     25.117 |   0.9518 |     31.362 |     1.5
   39 |   0.7254 |     24.045 |   0.9622 |     31.183 |     1.5
   40 |   0.7122 |     23.354 |   0.9514 |     30.376 |     1.6
   41 |   0.6861 |     22.609 |   0.9445 |     30.854 |     1.6
   42 |   0.6689 |     22.239 |   0.9557 |     30.705 |     1.6
   43 |   0.6512 |     21.548 |   0.9563 |     29.600 |     1.7
   44 |   0.6371 |     20.927 |   0.9514 |     29.869 |     1.7
   45 |   0.6286 |     20.780 |   0.9617 |     30.854 |     1.7
Early stopping

Model: Seq2Seq Bi-LSTM
Source index: <Seq2Seq Index with 45 items>
Target index: <Seq2Seq Index with 34 items>
Encoder embedding dimension: 64
Decoder embedding dimension: 64
Encoder hidden units: 128
Encoder layers: 3
Decoder hidden units: 128
Decoder layers: 3
Dropout: 0.0
Trainable parameters: 1,558,754

Training started
X_train.shape: torch.Size([3063, 649])
Y_train.shape: torch.Size([3063, 7])
X_dev.shape: torch.Size([558, 702])
Y_dev.shape: torch.Size([558, 7])
Epochs: 500
Learning rate: 0.001
Weight decay: 0.0001
Epoch | Train                 | Development           | Minutes
      | Loss     | Error Rate | Loss     | Error Rate |
---------------------------------------------------------------
    1 |   2.1603 |     58.467 |   1.5536 |     46.505 |     0.1
    2 |   1.4649 |     46.501 |   1.3932 |     45.550 |     0.1
    3 |   1.3974 |     46.278 |   1.3548 |     45.579 |     0.2
    4 |   1.3642 |     46.316 |   1.3293 |     45.490 |     0.2
    5 |   1.3349 |     46.131 |   1.3016 |     44.922 |     0.3
    6 |   1.3094 |     45.739 |   1.2800 |     44.295 |     0.3
    7 |   1.2865 |     45.135 |   1.2635 |     43.489 |     0.4
    8 |   1.2657 |     44.738 |   1.2445 |     43.369 |     0.4
    9 |   1.2477 |     44.249 |   1.2321 |     43.728 |     0.5
   10 |   1.2361 |     43.786 |   1.2236 |     42.593 |     0.5
   11 |   1.2220 |     43.558 |   1.2141 |     43.011 |     0.6
   12 |   1.2076 |     43.590 |   1.1990 |     43.190 |     0.7
   13 |   1.1953 |     42.817 |   1.1807 |     42.593 |     0.7
   14 |   1.1807 |     42.578 |   1.1737 |     42.264 |     0.8
   15 |   1.1652 |     41.980 |   1.1720 |     42.264 |     0.8
   16 |   1.1545 |     41.680 |   1.1511 |     40.920 |     0.9
   17 |   1.1398 |     40.826 |   1.1407 |     41.069 |     0.9
   18 |   1.1297 |     40.837 |   1.1274 |     40.741 |     1.0
   19 |   1.1162 |     40.347 |   1.1171 |     39.934 |     1.0
   20 |   1.1032 |     39.678 |   1.1191 |     39.904 |     1.1
   21 |   1.0948 |     39.400 |   1.1046 |     38.978 |     1.1
   22 |   1.0806 |     38.900 |   1.1019 |     39.188 |     1.2
   23 |   1.0740 |     38.786 |   1.0989 |     39.397 |     1.2
   24 |   1.0590 |     38.089 |   1.0890 |     38.710 |     1.3
   25 |   1.0461 |     38.062 |   1.0805 |     39.038 |     1.4
   26 |   1.0369 |     37.518 |   1.0767 |     38.053 |     1.4
   27 |   1.0248 |     37.175 |   1.0712 |     37.634 |     1.5
   28 |   1.0152 |     36.865 |   1.0648 |     38.082 |     1.5
   29 |   0.9997 |     36.136 |   1.0553 |     37.664 |     1.6
   30 |   0.9884 |     35.651 |   1.0484 |     37.425 |     1.6
   31 |   0.9773 |     35.352 |   1.0372 |     36.440 |     1.7
   32 |   0.9618 |     34.253 |   1.0357 |     36.470 |     1.7
   33 |   0.9503 |     33.774 |   1.0179 |     36.619 |     1.8
   34 |   0.9396 |     33.638 |   1.0023 |     34.827 |     1.8
   35 |   0.9211 |     32.729 |   1.0138 |     35.155 |     1.9
   36 |   0.9337 |     33.105 |   1.0028 |     35.335 |     1.9
   37 |   0.9056 |     32.261 |   0.9824 |     34.558 |     2.0
   38 |   0.8913 |     31.668 |   0.9842 |     35.066 |     2.1
   39 |   0.8829 |     31.168 |   0.9752 |     34.468 |     2.1
   40 |   0.8666 |     30.667 |   0.9655 |     33.602 |     2.2
   41 |   0.8507 |     29.938 |   0.9705 |     34.050 |     2.2
   42 |   0.8469 |     29.644 |   0.9607 |     34.438 |     2.3
   43 |   0.8341 |     29.481 |   0.9636 |     33.692 |     2.3
   44 |   0.8180 |     28.681 |   0.9410 |     32.378 |     2.4
   45 |   0.8391 |     29.595 |   0.9426 |     32.139 |     2.4
   46 |   0.8001 |     27.805 |   0.9311 |     31.810 |     2.5
   47 |   0.7861 |     27.299 |   0.9327 |     31.810 |     2.5
   48 |   0.7724 |     26.842 |   0.9388 |     32.019 |     2.6
   49 |   0.7587 |     26.194 |   0.9293 |     31.780 |     2.7
   50 |   0.7512 |     26.026 |   0.9175 |     30.137 |     2.7
   51 |   0.7343 |     25.237 |   0.9099 |     30.167 |     2.8
   52 |   0.7210 |     25.041 |   0.9216 |     30.436 |     2.8
   53 |   0.7191 |     24.888 |   0.9188 |     29.928 |     2.9
   54 |   0.7046 |     24.203 |   0.9126 |     29.839 |     2.9
   55 |   0.6944 |     23.806 |   0.9139 |     29.600 |     3.0
Early stopping

Model: Seq2Seq Bi-LSTM
Source index: <Seq2Seq Index with 45 items>
Target index: <Seq2Seq Index with 34 items>
Encoder embedding dimension: 32
Decoder embedding dimension: 128
Encoder hidden units: 64
Encoder layers: 3
Decoder hidden units: 128
Decoder layers: 3
Dropout: 0.2
Trainable parameters: 753,602

Training started
X_train.shape: torch.Size([3063, 649])
Y_train.shape: torch.Size([3063, 7])
X_dev.shape: torch.Size([558, 702])
Y_dev.shape: torch.Size([558, 7])
Epochs: 500
Learning rate: 0.001
Weight decay: 1e-05
Epoch | Train                 | Development           | Minutes
      | Loss     | Error Rate | Loss     | Error Rate |
---------------------------------------------------------------
    1 |   2.1866 |     59.239 |   1.5501 |     45.012 |     0.0
    2 |   1.4724 |     46.507 |   1.4068 |     45.579 |     0.0
    3 |   1.4011 |     46.333 |   1.3614 |     45.281 |     0.1
    4 |   1.3692 |     46.028 |   1.3283 |     44.564 |     0.1
    5 |   1.3339 |     45.827 |   1.2937 |     44.803 |     0.1
    6 |   1.3101 |     45.767 |   1.2765 |     44.026 |     0.1
    7 |   1.2942 |     45.397 |   1.2738 |     44.654 |     0.2
    8 |   1.2854 |     45.788 |   1.2583 |     44.355 |     0.2
    9 |   1.2647 |     44.461 |   1.2389 |     43.160 |     0.2
   10 |   1.2432 |     44.194 |   1.2148 |     43.070 |     0.2
   11 |   1.2192 |     43.596 |   1.2029 |     42.354 |     0.3
   12 |   1.1929 |     42.632 |   1.1869 |     42.861 |     0.3
   13 |   1.1744 |     42.366 |   1.1655 |     41.458 |     0.3
   14 |   1.1556 |     41.648 |   1.1499 |     41.935 |     0.3
   15 |   1.1353 |     41.212 |   1.1342 |     41.338 |     0.4
   16 |   1.1172 |     40.222 |   1.1157 |     39.307 |     0.4
   17 |   1.0988 |     39.667 |   1.1093 |     39.516 |     0.4
   18 |   1.0860 |     39.526 |   1.0927 |     39.546 |     0.4
   19 |   1.0692 |     38.742 |   1.0857 |     38.799 |     0.5
   20 |   1.0543 |     38.111 |   1.0787 |     38.919 |     0.5
   21 |   1.0411 |     37.588 |   1.0705 |     37.784 |     0.5
   22 |   1.0236 |     36.832 |   1.0514 |     37.336 |     0.5
   23 |   1.0065 |     36.212 |   1.0563 |     36.947 |     0.6
   24 |   0.9912 |     35.379 |   1.0357 |     35.753 |     0.6
   25 |   0.9701 |     34.743 |   1.0183 |     36.022 |     0.6
   26 |   0.9565 |     34.035 |   1.0161 |     35.783 |     0.6
   27 |   0.9424 |     33.671 |   1.0049 |     35.125 |     0.7
   28 |   0.9222 |     32.735 |   0.9962 |     34.498 |     0.7
   29 |   0.9102 |     32.049 |   0.9820 |     34.140 |     0.7
   30 |   0.8896 |     31.364 |   0.9785 |     33.871 |     0.8
   31 |   0.8647 |     30.118 |   0.9625 |     32.915 |     0.8
   32 |   0.8425 |     29.203 |   0.9668 |     32.168 |     0.8
   33 |   0.8329 |     28.828 |   0.9512 |     31.810 |     0.8
   34 |   0.8044 |     27.740 |   0.9469 |     31.661 |     0.9
   35 |   0.7857 |     27.272 |   0.9533 |     31.601 |     0.9
   36 |   0.7701 |     26.695 |   0.9219 |     31.004 |     0.9
   37 |   0.7470 |     25.781 |   0.9259 |     31.183 |     0.9
   38 |   0.7309 |     25.084 |   0.9285 |     29.689 |     1.0
   39 |   0.7121 |     24.306 |   0.9420 |     30.287 |     1.0
   40 |   0.6973 |     23.849 |   0.9341 |     29.719 |     1.0
Early stopping

Model: Seq2Seq Bi-LSTM
Source index: <Seq2Seq Index with 45 items>
Target index: <Seq2Seq Index with 34 items>
Encoder embedding dimension: 32
Decoder embedding dimension: 128
Encoder hidden units: 128
Encoder layers: 2
Decoder hidden units: 128
Decoder layers: 2
Dropout: 0.2
Trainable parameters: 966,594

Training started
X_train.shape: torch.Size([3063, 649])
Y_train.shape: torch.Size([3063, 7])
X_dev.shape: torch.Size([558, 702])
Y_dev.shape: torch.Size([558, 7])
Epochs: 500
Learning rate: 0.001
Weight decay: 1e-05
Epoch | Train                 | Development           | Minutes
      | Loss     | Error Rate | Loss     | Error Rate |
---------------------------------------------------------------
    1 |   2.0336 |     56.078 |   1.4692 |     45.221 |     0.0
    2 |   1.4135 |     45.897 |   1.3406 |     44.504 |     0.1
    3 |   1.3271 |     45.097 |   1.2765 |     43.130 |     0.1
    4 |   1.2799 |     43.955 |   1.2414 |     42.772 |     0.2
    5 |   1.2407 |     43.100 |   1.2129 |     42.204 |     0.2
    6 |   1.2116 |     42.573 |   1.2005 |     42.473 |     0.2
    7 |   1.1861 |     42.050 |   1.1755 |     41.428 |     0.3
    8 |   1.1512 |     41.027 |   1.1522 |     40.084 |     0.3
    9 |   1.1216 |     39.847 |   1.1203 |     39.367 |     0.3
   10 |   1.0961 |     38.981 |   1.1030 |     38.053 |     0.4
   11 |   1.0651 |     37.828 |   1.0818 |     37.395 |     0.4
   12 |   1.0366 |     36.609 |   1.0750 |     36.947 |     0.5
   13 |   1.0087 |     35.254 |   1.0538 |     36.260 |     0.5
   14 |   0.9754 |     33.965 |   1.0336 |     35.962 |     0.5
   15 |   0.9435 |     32.577 |   1.0186 |     34.737 |     0.6
   16 |   0.9093 |     31.434 |   0.9987 |     33.781 |     0.6
   17 |   0.8806 |     30.433 |   0.9868 |     33.393 |     0.7
   18 |   0.8475 |     29.035 |   0.9670 |     32.198 |     0.7
   19 |   0.8144 |     27.761 |   0.9537 |     31.452 |     0.7
   20 |   0.7746 |     25.960 |   0.9551 |     31.840 |     0.8
   21 |   0.7444 |     25.182 |   0.9409 |     30.108 |     0.8
   22 |   0.7114 |     23.817 |   0.9350 |     30.048 |     0.8
   23 |   0.6826 |     22.434 |   0.9241 |     29.002 |     0.9
   24 |   0.6530 |     21.825 |   0.9285 |     29.331 |     0.9
   25 |   0.6182 |     20.399 |   0.9222 |     28.584 |     1.0
   26 |   0.6027 |     20.160 |   0.9333 |     28.674 |     1.0
   27 |   0.5628 |     18.566 |   0.9276 |     28.256 |     1.0
   28 |   0.5373 |     17.864 |   0.9463 |     28.853 |     1.1
   29 |   0.5115 |     17.009 |   0.9263 |     27.838 |     1.1
Early stopping

Model: Seq2Seq Bi-LSTM
Source index: <Seq2Seq Index with 45 items>
Target index: <Seq2Seq Index with 34 items>
Encoder embedding dimension: 64
Decoder embedding dimension: 128
Encoder hidden units: 64
Encoder layers: 2
Decoder hidden units: 64
Decoder layers: 2
Dropout: 0.2
Trainable parameters: 291,042

Training started
X_train.shape: torch.Size([3063, 649])
Y_train.shape: torch.Size([3063, 7])
X_dev.shape: torch.Size([558, 702])
Y_dev.shape: torch.Size([558, 7])
Epochs: 500
Learning rate: 0.001
Weight decay: 1e-05
Epoch | Train                 | Development           | Minutes
      | Loss     | Error Rate | Loss     | Error Rate |
---------------------------------------------------------------
    1 |   2.3729 |     62.923 |   1.7604 |     47.640 |     0.0
    2 |   1.5924 |     47.541 |   1.4377 |     44.683 |     0.0
    3 |   1.4092 |     45.930 |   1.3419 |     44.355 |     0.0
    4 |   1.3466 |     45.462 |   1.2991 |     44.683 |     0.1
    5 |   1.3126 |     44.673 |   1.2775 |     43.877 |     0.1
    6 |   1.2881 |     43.971 |   1.2617 |     43.548 |     0.1
    7 |   1.2647 |     43.710 |   1.2369 |     43.309 |     0.1
    8 |   1.2401 |     43.367 |   1.2182 |     42.294 |     0.1
    9 |   1.2168 |     42.306 |   1.2096 |     42.115 |     0.1
   10 |   1.1911 |     41.702 |   1.1839 |     41.069 |     0.2
   11 |   1.1665 |     40.641 |   1.1746 |     40.830 |     0.2
   12 |   1.1409 |     39.754 |   1.1549 |     39.337 |     0.2
   13 |   1.1170 |     39.096 |   1.1383 |     39.098 |     0.2
   14 |   1.0947 |     37.915 |   1.1277 |     39.038 |     0.2
   15 |   1.0723 |     37.186 |   1.1223 |     38.411 |     0.2
   16 |   1.0473 |     36.495 |   1.1196 |     38.112 |     0.3
   17 |   1.0261 |     35.265 |   1.1012 |     36.888 |     0.3
   18 |   1.0039 |     34.373 |   1.0861 |     35.663 |     0.3
   19 |   0.9823 |     33.507 |   1.0793 |     35.723 |     0.3
   20 |   0.9605 |     33.050 |   1.0646 |     35.484 |     0.3
   21 |   0.9354 |     32.055 |   1.0623 |     35.633 |     0.3
   22 |   0.9161 |     31.228 |   1.0492 |     34.409 |     0.4
   23 |   0.9021 |     30.732 |   1.0385 |     34.827 |     0.4
   24 |   0.8829 |     29.922 |   1.0339 |     33.871 |     0.4
   25 |   0.8607 |     29.263 |   1.0275 |     34.767 |     0.4
   26 |   0.8403 |     28.583 |   1.0277 |     33.961 |     0.4
   27 |   0.8193 |     27.636 |   1.0222 |     33.662 |     0.4
   28 |   0.8014 |     26.630 |   1.0094 |     33.513 |     0.5
   29 |   0.7773 |     25.971 |   1.0048 |     32.497 |     0.5
   30 |   0.7627 |     25.362 |   1.0178 |     33.244 |     0.5
   31 |   0.7448 |     24.850 |   1.0135 |     32.736 |     0.5
   32 |   0.7277 |     24.295 |   1.0038 |     32.706 |     0.5
   33 |   0.7135 |     23.735 |   1.0223 |     32.288 |     0.5
   34 |   0.6982 |     23.310 |   0.9985 |     31.930 |     0.6
   35 |   0.6807 |     22.103 |   0.9885 |     31.601 |     0.6
   36 |   0.6742 |     22.021 |   0.9953 |     31.362 |     0.6
   37 |   0.6548 |     21.520 |   1.0182 |     32.198 |     0.6
   38 |   0.6528 |     21.520 |   0.9977 |     31.422 |     0.6
   39 |   0.6283 |     20.661 |   0.9898 |     30.795 |     0.6
Early stopping

Model: Seq2Seq Bi-LSTM
Source index: <Seq2Seq Index with 45 items>
Target index: <Seq2Seq Index with 34 items>
Encoder embedding dimension: 64
Decoder embedding dimension: 128
Encoder hidden units: 128
Encoder layers: 4
Decoder hidden units: 128
Decoder layers: 3
Dropout: 0.0
Trainable parameters: 2,054,498

Training started
X_train.shape: torch.Size([3063, 649])
Y_train.shape: torch.Size([3063, 7])
X_dev.shape: torch.Size([558, 702])
Y_dev.shape: torch.Size([558, 7])
Epochs: 500
Learning rate: 0.001
Weight decay: 0.0001
Epoch | Train                 | Development           | Minutes
      | Loss     | Error Rate | Loss     | Error Rate |
---------------------------------------------------------------
    1 |   2.1977 |     58.935 |   1.5978 |     47.790 |     0.1
    2 |   1.4817 |     46.485 |   1.4099 |     45.579 |     0.1
    3 |   1.4071 |     46.382 |   1.3673 |     45.012 |     0.2
    4 |   1.3673 |     46.246 |   1.3157 |     44.624 |     0.3
    5 |   1.3254 |     45.745 |   1.2907 |     44.803 |     0.4
    6 |   1.2928 |     44.989 |   1.2660 |     43.429 |     0.4
    7 |   1.2654 |     44.640 |   1.2381 |     43.130 |     0.5
    8 |   1.2401 |     43.987 |   1.2284 |     42.981 |     0.6
    9 |   1.2186 |     43.383 |   1.2142 |     43.489 |     0.7
   10 |   1.1990 |     42.861 |   1.1945 |     42.443 |     0.7
   11 |   1.1824 |     42.175 |   1.1793 |     41.876 |     0.8
   12 |   1.1618 |     41.425 |   1.1677 |     41.278 |     0.9
   13 |   1.1463 |     40.908 |   1.1510 |     40.591 |     1.0
   14 |   1.1305 |     40.565 |   1.1541 |     40.860 |     1.0
   15 |   1.1183 |     40.113 |   1.1378 |     41.099 |     1.1
   16 |   1.1070 |     40.042 |   1.1347 |     39.934 |     1.2
   17 |   1.0942 |     39.792 |   1.1226 |     40.830 |     1.2
   18 |   1.0799 |     38.965 |   1.1171 |     39.397 |     1.3
   19 |   1.0670 |     38.367 |   1.1032 |     38.919 |     1.4
   20 |   1.0601 |     38.296 |   1.0936 |     38.680 |     1.5
   21 |   1.0445 |     37.735 |   1.0914 |     39.307 |     1.5
   22 |   1.0347 |     37.322 |   1.0820 |     37.843 |     1.6
   23 |   1.0220 |     36.598 |   1.0756 |     38.053 |     1.7
   24 |   1.0105 |     36.185 |   1.0704 |     37.963 |     1.8
   25 |   0.9990 |     36.010 |   1.0756 |     37.933 |     1.8
   26 |   0.9926 |     35.466 |   1.0635 |     36.858 |     1.9
   27 |   0.9774 |     35.200 |   1.0565 |     36.738 |     2.0
   28 |   0.9705 |     34.933 |   1.0659 |     37.366 |     2.0
   29 |   0.9577 |     34.204 |   1.0492 |     35.454 |     2.1
   30 |   0.9474 |     33.997 |   1.0437 |     37.127 |     2.2
   31 |   0.9311 |     33.263 |   1.0500 |     36.111 |     2.3
   32 |   0.9215 |     32.610 |   1.0326 |     35.753 |     2.3
   33 |   0.9117 |     32.343 |   1.0342 |     35.066 |     2.4
   34 |   0.8979 |     31.701 |   1.0362 |     36.499 |     2.5
   35 |   0.8853 |     31.260 |   1.0291 |     35.484 |     2.5
   36 |   0.8705 |     30.743 |   1.0293 |     35.275 |     2.6
   37 |   0.8574 |     30.134 |   1.0107 |     34.140 |     2.7
   38 |   0.8434 |     29.557 |   1.0331 |     34.558 |     2.8
   39 |   0.8233 |     28.757 |   1.0074 |     33.602 |     2.8
   40 |   0.8141 |     28.501 |   1.0128 |     33.722 |     2.9
   41 |   0.7970 |     28.257 |   0.9938 |     33.244 |     3.0
   42 |   0.7802 |     27.729 |   1.0042 |     32.557 |     3.1
   43 |   0.7654 |     26.738 |   1.0058 |     33.094 |     3.1
   44 |   0.7483 |     26.292 |   0.9993 |     32.318 |     3.2
   45 |   0.7345 |     25.770 |   0.9785 |     31.930 |     3.3
   46 |   0.7197 |     25.008 |   0.9960 |     31.392 |     3.3
   47 |   0.7042 |     24.339 |   0.9793 |     31.213 |     3.4
   48 |   0.6917 |     23.697 |   0.9771 |     30.466 |     3.5
   49 |   0.6767 |     23.359 |   0.9935 |     31.511 |     3.6
   50 |   0.6574 |     22.717 |   0.9790 |     30.615 |     3.6
   51 |   0.6408 |     22.092 |   0.9786 |     30.376 |     3.7
   52 |   0.6356 |     21.869 |   0.9813 |     30.287 |     3.8
Early stopping

Model: Seq2Seq Bi-LSTM
Source index: <Seq2Seq Index with 45 items>
Target index: <Seq2Seq Index with 34 items>
Encoder embedding dimension: 64
Decoder embedding dimension: 128
Encoder hidden units: 128
Encoder layers: 4
Decoder hidden units: 128
Decoder layers: 3
Dropout: 0.0
Trainable parameters: 2,054,498

Training started
X_train.shape: torch.Size([3063, 649])
Y_train.shape: torch.Size([3063, 7])
X_dev.shape: torch.Size([558, 702])
Y_dev.shape: torch.Size([558, 7])
Epochs: 500
Learning rate: 0.001
Weight decay: 1e-05
Epoch | Train                 | Development           | Minutes
      | Loss     | Error Rate | Loss     | Error Rate |
---------------------------------------------------------------
    1 |   2.2012 |     59.473 |   1.6102 |     47.790 |     0.1
    2 |   1.4908 |     46.458 |   1.4133 |     45.579 |     0.1
    3 |   1.4126 |     46.349 |   1.3763 |     45.579 |     0.2
    4 |   1.3746 |     45.995 |   1.3419 |     44.743 |     0.3
    5 |   1.3493 |     46.126 |   1.3132 |     44.594 |     0.4
    6 |   1.3324 |     45.848 |   1.3043 |     45.370 |     0.4
    7 |   1.3147 |     45.348 |   1.2945 |     44.803 |     0.5
    8 |   1.2996 |     44.994 |   1.2794 |     44.295 |     0.6
    9 |   1.2822 |     44.722 |   1.2598 |     43.907 |     0.7
   10 |   1.2614 |     43.971 |   1.2468 |     43.399 |     0.7
   11 |   1.2393 |     43.378 |   1.2179 |     41.816 |     0.8
   12 |   1.2126 |     42.681 |   1.1995 |     42.234 |     0.9
   13 |   1.1842 |     41.664 |   1.1790 |     40.711 |     1.0
   14 |   1.1582 |     40.543 |   1.1526 |     40.950 |     1.0
   15 |   1.1227 |     39.629 |   1.1293 |     40.233 |     1.1
   16 |   1.0896 |     38.192 |   1.1177 |     38.650 |     1.2
   17 |   1.0585 |     36.848 |   1.0919 |     37.903 |     1.2
   18 |   1.0304 |     35.961 |   1.0761 |     36.977 |     1.3
   19 |   0.9962 |     34.607 |   1.0592 |     36.350 |     1.4
   20 |   0.9646 |     32.958 |   1.0371 |     35.544 |     1.5
   21 |   0.9330 |     31.804 |   1.0168 |     34.259 |     1.5
   22 |   0.8987 |     30.139 |   1.0164 |     34.289 |     1.6
   23 |   0.8645 |     29.078 |   1.0019 |     33.483 |     1.7
   24 |   0.8295 |     28.017 |   0.9876 |     32.378 |     1.8
   25 |   0.7985 |     26.684 |   0.9742 |     32.407 |     1.8
   26 |   0.7540 |     25.095 |   0.9705 |     32.288 |     1.9
   27 |   0.7231 |     23.778 |   0.9833 |     31.870 |     2.0
   28 |   0.6850 |     22.516 |   0.9657 |     30.795 |     2.1
   29 |   0.6492 |     20.960 |   0.9621 |     30.137 |     2.1
   30 |   0.6144 |     19.420 |   0.9550 |     29.719 |     2.2
   31 |   0.5845 |     18.653 |   0.9869 |     30.167 |     2.3
   32 |   0.5587 |     17.837 |   0.9638 |     29.211 |     2.4
   33 |   0.5284 |     16.895 |   0.9876 |     29.391 |     2.4
   34 |   0.4978 |     15.589 |   0.9794 |     28.674 |     2.5
Early stopping

Model: Seq2Seq Bi-LSTM
Source index: <Seq2Seq Index with 45 items>
Target index: <Seq2Seq Index with 34 items>
Encoder embedding dimension: 128
Decoder embedding dimension: 64
Encoder hidden units: 64
Encoder layers: 4
Decoder hidden units: 64
Decoder layers: 3
Dropout: 0.1
Trainable parameters: 572,834

Training started
X_train.shape: torch.Size([3063, 649])
Y_train.shape: torch.Size([3063, 7])
X_dev.shape: torch.Size([558, 702])
Y_dev.shape: torch.Size([558, 7])
Epochs: 500
Learning rate: 0.001
Weight decay: 0.0001
Epoch | Train                 | Development           | Minutes
      | Loss     | Error Rate | Loss     | Error Rate |
---------------------------------------------------------------
    1 |   2.5284 |     67.962 |   1.9727 |     58.363 |     0.0
    2 |   1.7496 |     49.929 |   1.5400 |     45.012 |     0.1
    3 |   1.4986 |     46.479 |   1.4334 |     45.012 |     0.1
    4 |   1.4310 |     46.398 |   1.3927 |     45.579 |     0.1
    5 |   1.4003 |     46.392 |   1.3637 |     45.012 |     0.2
    6 |   1.3759 |     46.403 |   1.3432 |     45.579 |     0.2
    7 |   1.3534 |     46.012 |   1.3178 |     45.430 |     0.2
    8 |   1.3371 |     45.821 |   1.3036 |     45.400 |     0.3
    9 |   1.3194 |     45.680 |   1.2944 |     45.311 |     0.3
   10 |   1.3043 |     45.636 |   1.2759 |     44.504 |     0.3
   11 |   1.2932 |     45.114 |   1.2676 |     43.787 |     0.4
   12 |   1.2796 |     44.608 |   1.2594 |     43.877 |     0.4
   13 |   1.2688 |     44.417 |   1.2491 |     42.772 |     0.4
   14 |   1.2567 |     44.325 |   1.2395 |     43.309 |     0.5
   15 |   1.2426 |     43.960 |   1.2276 |     42.742 |     0.5
   16 |   1.2310 |     43.525 |   1.2190 |     43.041 |     0.5
   17 |   1.2165 |     43.003 |   1.2043 |     41.547 |     0.6
   18 |   1.2053 |     42.415 |   1.1947 |     41.995 |     0.6
   19 |   1.1938 |     42.018 |   1.1918 |     41.726 |     0.7
   20 |   1.1829 |     41.577 |   1.1802 |     41.428 |     0.7
   21 |   1.1741 |     41.506 |   1.1699 |     41.189 |     0.7
   22 |   1.1631 |     41.267 |   1.1687 |     41.219 |     0.8
   23 |   1.1552 |     41.000 |   1.1519 |     40.382 |     0.8
   24 |   1.1444 |     40.559 |   1.1498 |     40.084 |     0.8
   25 |   1.1354 |     40.331 |   1.1417 |     39.964 |     0.9
   26 |   1.1258 |     39.868 |   1.1301 |     39.008 |     0.9
   27 |   1.1179 |     39.896 |   1.1373 |     40.293 |     0.9
   28 |   1.1087 |     39.449 |   1.1310 |     40.472 |     1.0
   29 |   1.0980 |     38.894 |   1.1248 |     39.188 |     1.0
   30 |   1.0909 |     38.965 |   1.1127 |     39.098 |     1.0
   31 |   1.0848 |     38.737 |   1.1174 |     38.799 |     1.1
   32 |   1.0760 |     38.383 |   1.1087 |     38.082 |     1.1
   33 |   1.0682 |     37.997 |   1.0934 |     38.023 |     1.1
   34 |   1.0573 |     37.518 |   1.0930 |     38.023 |     1.2
   35 |   1.0517 |     36.968 |   1.0948 |     38.471 |     1.2
   36 |   1.0408 |     36.974 |   1.0865 |     38.411 |     1.2
   37 |   1.0374 |     37.061 |   1.0890 |     38.142 |     1.3
   38 |   1.0293 |     36.478 |   1.0815 |     38.351 |     1.3
   39 |   1.0188 |     36.141 |   1.0941 |     37.903 |     1.3
   40 |   1.0178 |     36.250 |   1.0663 |     37.395 |     1.4
   41 |   1.0087 |     36.168 |   1.0662 |     37.186 |     1.4
   42 |   1.0003 |     35.298 |   1.0618 |     36.679 |     1.4
   43 |   0.9945 |     35.368 |   1.0708 |     37.425 |     1.5
   44 |   0.9867 |     35.009 |   1.0682 |     36.529 |     1.5
   45 |   0.9819 |     34.775 |   1.0613 |     37.605 |     1.5
   46 |   0.9736 |     34.596 |   1.0645 |     37.067 |     1.6
   47 |   0.9671 |     34.008 |   1.0595 |     36.977 |     1.6
   48 |   0.9568 |     33.850 |   1.0538 |     36.350 |     1.6
   49 |   0.9477 |     33.513 |   1.0508 |     36.559 |     1.7
   50 |   0.9416 |     32.974 |   1.0432 |     37.246 |     1.7
   51 |   0.9298 |     32.615 |   1.0396 |     35.783 |     1.7
   52 |   0.9199 |     32.131 |   1.0441 |     36.918 |     1.8
   53 |   0.9176 |     32.033 |   1.0273 |     35.693 |     1.8
   54 |   0.9050 |     31.478 |   1.0329 |     35.514 |     1.8
   55 |   0.8937 |     31.298 |   1.0212 |     35.066 |     1.9
   56 |   0.8853 |     30.803 |   1.0449 |     35.962 |     1.9
   57 |   0.8809 |     30.618 |   1.0306 |     36.589 |     1.9
   58 |   0.8686 |     30.069 |   1.0133 |     34.648 |     2.0
   59 |   0.8655 |     30.107 |   1.0144 |     35.454 |     2.0
   60 |   0.8505 |     29.426 |   1.0077 |     34.200 |     2.0
   61 |   0.8442 |     29.154 |   1.0158 |     34.677 |     2.1
   62 |   0.8355 |     28.681 |   1.0091 |     33.363 |     2.1
   63 |   0.8275 |     28.436 |   1.0044 |     34.080 |     2.2
   64 |   0.8185 |     27.979 |   1.0029 |     33.453 |     2.2
   65 |   0.8042 |     27.397 |   1.0050 |     33.662 |     2.2
   66 |   0.8018 |     27.615 |   1.0074 |     32.557 |     2.3
   67 |   0.7905 |     27.157 |   1.0141 |     33.035 |     2.3
   68 |   0.7793 |     26.646 |   1.0168 |     33.184 |     2.3
Early stopping

Model: Seq2Seq Bi-LSTM
Source index: <Seq2Seq Index with 45 items>
Target index: <Seq2Seq Index with 34 items>
Encoder embedding dimension: 128
Decoder embedding dimension: 64
Encoder hidden units: 64
Encoder layers: 4
Decoder hidden units: 128
Decoder layers: 3
Dropout: 0.2
Trainable parameters: 904,226

Training started
X_train.shape: torch.Size([3063, 649])
Y_train.shape: torch.Size([3063, 7])
X_dev.shape: torch.Size([558, 702])
Y_dev.shape: torch.Size([558, 7])
Epochs: 500
Learning rate: 0.001
Weight decay: 0.0001
Epoch | Train                 | Development           | Minutes
      | Loss     | Error Rate | Loss     | Error Rate |
---------------------------------------------------------------
    1 |   2.2388 |     60.562 |   1.6216 |     47.790 |     0.0
    2 |   1.5047 |     46.801 |   1.4087 |     45.012 |     0.1
    3 |   1.4151 |     46.376 |   1.3826 |     45.908 |     0.1
    4 |   1.3887 |     46.218 |   1.3543 |     44.952 |     0.1
    5 |   1.3649 |     46.131 |   1.3139 |     45.042 |     0.2
    6 |   1.3320 |     45.897 |   1.2988 |     45.639 |     0.2
    7 |   1.3116 |     45.696 |   1.2799 |     44.564 |     0.2
    8 |   1.2950 |     45.674 |   1.2587 |     44.863 |     0.3
    9 |   1.2663 |     44.923 |   1.2368 |     43.937 |     0.3
   10 |   1.2473 |     44.591 |   1.2201 |     42.742 |     0.3
   11 |   1.2279 |     43.770 |   1.2123 |     42.473 |     0.4
   12 |   1.2116 |     43.443 |   1.2032 |     43.638 |     0.4
   13 |   1.2014 |     43.160 |   1.1918 |     41.726 |     0.4
   14 |   1.1859 |     42.785 |   1.1738 |     42.772 |     0.5
   15 |   1.1749 |     42.399 |   1.1645 |     40.532 |     0.5
   16 |   1.1610 |     41.909 |   1.1555 |     41.637 |     0.6
   17 |   1.1512 |     41.212 |   1.1607 |     41.756 |     0.6
   18 |   1.1394 |     40.804 |   1.1496 |     41.069 |     0.6
   19 |   1.1313 |     40.978 |   1.1350 |     41.189 |     0.7
   20 |   1.1201 |     40.255 |   1.1316 |     40.651 |     0.7
   21 |   1.1110 |     40.168 |   1.1268 |     40.323 |     0.7
   22 |   1.1009 |     39.357 |   1.1124 |     40.293 |     0.8
   23 |   1.0876 |     38.818 |   1.1008 |     39.456 |     0.8
   24 |   1.0818 |     38.916 |   1.1003 |     39.158 |     0.8
   25 |   1.0706 |     38.377 |   1.1001 |     38.799 |     0.9
   26 |   1.0594 |     38.100 |   1.0928 |     40.233 |     0.9
   27 |   1.0504 |     37.322 |   1.0823 |     38.321 |     0.9
   28 |   1.0395 |     37.257 |   1.0755 |     38.082 |     1.0
   29 |   1.0328 |     37.137 |   1.0693 |     37.306 |     1.0
   30 |   1.0196 |     36.838 |   1.0661 |     37.605 |     1.0
   31 |   1.0120 |     36.386 |   1.0549 |     37.395 |     1.1
   32 |   0.9992 |     35.597 |   1.0589 |     37.425 |     1.1
   33 |   0.9876 |     35.260 |   1.0514 |     36.858 |     1.1
   34 |   0.9864 |     35.336 |   1.0399 |     36.231 |     1.2
   35 |   0.9745 |     34.900 |   1.0362 |     36.022 |     1.2
   36 |   0.9652 |     34.220 |   1.0426 |     36.679 |     1.2
   37 |   0.9557 |     34.046 |   1.0268 |     35.693 |     1.3
   38 |   0.9419 |     33.573 |   1.0258 |     35.633 |     1.3
   39 |   0.9322 |     32.871 |   1.0323 |     35.573 |     1.3
   40 |   0.9254 |     32.321 |   1.0185 |     34.767 |     1.4
   41 |   0.9163 |     32.408 |   1.0166 |     34.677 |     1.4
   42 |   0.9024 |     31.739 |   1.0180 |     35.096 |     1.4
   43 |   0.8942 |     31.772 |   1.0164 |     35.424 |     1.5
   44 |   0.8894 |     31.336 |   1.0160 |     34.588 |     1.5
   45 |   0.8731 |     30.885 |   1.0043 |     33.871 |     1.5
   46 |   0.8657 |     30.547 |   1.0161 |     34.319 |     1.6
   47 |   0.8619 |     30.520 |   1.0146 |     34.289 |     1.6
   48 |   0.8472 |     30.074 |   0.9893 |     33.483 |     1.7
   49 |   0.8330 |     29.122 |   0.9812 |     33.035 |     1.7
   50 |   0.8259 |     28.904 |   0.9993 |     33.811 |     1.7
   51 |   0.8129 |     28.725 |   0.9929 |     33.781 |     1.8
   52 |   0.8078 |     28.202 |   0.9959 |     33.901 |     1.8
   53 |   0.8140 |     28.322 |   0.9840 |     32.885 |     1.8
Early stopping

Model: Seq2Seq Bi-LSTM
Source index: <Seq2Seq Index with 45 items>
Target index: <Seq2Seq Index with 34 items>
Encoder embedding dimension: 64
Decoder embedding dimension: 128
Encoder hidden units: 128
Encoder layers: 2
Decoder hidden units: 64
Decoder layers: 2
Dropout: 0.1
Trainable parameters: 751,842

Training started
X_train.shape: torch.Size([3063, 649])
Y_train.shape: torch.Size([3063, 7])
X_dev.shape: torch.Size([558, 702])
Y_dev.shape: torch.Size([558, 7])
Epochs: 500
Learning rate: 0.001
Weight decay: 0.0001
Epoch | Train                 | Development           | Minutes
      | Loss     | Error Rate | Loss     | Error Rate |
---------------------------------------------------------------
    1 |   2.3713 |     61.410 |   1.7885 |     47.700 |     0.0
    2 |   1.6178 |     47.492 |   1.4716 |     45.072 |     0.1
    3 |   1.4422 |     46.082 |   1.3820 |     45.251 |     0.1
    4 |   1.3821 |     46.055 |   1.3361 |     44.683 |     0.1
    5 |   1.3431 |     45.538 |   1.3063 |     45.012 |     0.2
    6 |   1.3117 |     44.880 |   1.2742 |     43.399 |     0.2
    7 |   1.2838 |     44.357 |   1.2559 |     43.399 |     0.3
    8 |   1.2618 |     43.699 |   1.2320 |     42.085 |     0.3
    9 |   1.2407 |     43.117 |   1.2180 |     42.832 |     0.3
   10 |   1.2223 |     42.856 |   1.2020 |     42.742 |     0.4
   11 |   1.2051 |     42.409 |   1.1927 |     41.816 |     0.4
   12 |   1.1849 |     41.512 |   1.1791 |     41.278 |     0.5
   13 |   1.1687 |     41.343 |   1.1707 |     39.904 |     0.5
   14 |   1.1542 |     40.614 |   1.1533 |     40.024 |     0.5
   15 |   1.1346 |     39.836 |   1.1294 |     38.620 |     0.6
   16 |   1.1196 |     39.128 |   1.1326 |     39.038 |     0.6
   17 |   1.1034 |     38.595 |   1.1168 |     38.889 |     0.6
   18 |   1.0884 |     38.454 |   1.1088 |     38.441 |     0.7
   19 |   1.0766 |     37.806 |   1.0991 |     38.471 |     0.7
   20 |   1.0585 |     37.012 |   1.0856 |     36.977 |     0.8
   21 |   1.0460 |     36.707 |   1.0756 |     36.977 |     0.8
   22 |   1.0325 |     36.092 |   1.0648 |     37.605 |     0.8
   23 |   1.0215 |     35.684 |   1.0665 |     36.470 |     0.9
   24 |   1.0022 |     34.743 |   1.0452 |     36.141 |     0.9
   25 |   0.9882 |     34.351 |   1.0436 |     36.171 |     1.0
   26 |   0.9727 |     33.687 |   1.0388 |     35.245 |     1.0
   27 |   0.9582 |     32.898 |   1.0428 |     36.022 |     1.0
   28 |   0.9488 |     32.604 |   1.0234 |     35.305 |     1.1
   29 |   0.9274 |     31.870 |   1.0252 |     35.484 |     1.1
   30 |   0.9160 |     31.217 |   1.0080 |     34.170 |     1.1
   31 |   0.8984 |     30.896 |   1.0128 |     34.468 |     1.2
   32 |   0.8840 |     30.014 |   1.0130 |     34.528 |     1.2
   33 |   0.8712 |     29.900 |   0.9922 |     33.811 |     1.3
   34 |   0.8524 |     29.084 |   0.9923 |     33.333 |     1.3
   35 |   0.8358 |     28.741 |   0.9882 |     32.706 |     1.3
   36 |   0.8192 |     27.642 |   0.9756 |     32.826 |     1.4
   37 |   0.7990 |     26.902 |   0.9614 |     32.109 |     1.4
   38 |   0.8010 |     26.875 |   0.9716 |     32.676 |     1.5
   39 |   0.7754 |     26.058 |   0.9775 |     33.094 |     1.5
   40 |   0.7591 |     25.579 |   0.9738 |     32.437 |     1.5
   41 |   0.7655 |     25.911 |   0.9683 |     32.198 |     1.6
Early stopping

Model: Seq2Seq Bi-LSTM
Source index: <Seq2Seq Index with 45 items>
Target index: <Seq2Seq Index with 34 items>
Encoder embedding dimension: 32
Decoder embedding dimension: 64
Encoder hidden units: 64
Encoder layers: 3
Decoder hidden units: 64
Decoder layers: 3
Dropout: 0.0
Trainable parameters: 403,650

Training started
X_train.shape: torch.Size([3063, 649])
Y_train.shape: torch.Size([3063, 7])
X_dev.shape: torch.Size([558, 702])
Y_dev.shape: torch.Size([558, 7])
Epochs: 500
Learning rate: 0.001
Weight decay: 0.0001
Epoch | Train                 | Development           | Minutes
      | Loss     | Error Rate | Loss     | Error Rate |
---------------------------------------------------------------
    1 |   2.4646 |     65.731 |   1.8602 |     47.790 |     0.0
    2 |   1.6708 |     48.150 |   1.4905 |     45.012 |     0.0
    3 |   1.4631 |     46.202 |   1.4093 |     45.579 |     0.1
    4 |   1.4139 |     46.354 |   1.3824 |     45.579 |     0.1
    5 |   1.3848 |     46.365 |   1.3448 |     44.892 |     0.1
    6 |   1.3530 |     46.104 |   1.3155 |     44.474 |     0.1
    7 |   1.3284 |     46.055 |   1.3017 |     44.295 |     0.2
    8 |   1.3132 |     45.788 |   1.2900 |     44.773 |     0.2
    9 |   1.3008 |     45.462 |   1.2763 |     44.713 |     0.2
   10 |   1.2874 |     45.380 |   1.2688 |     44.056 |     0.2
   11 |   1.2792 |     45.016 |   1.2605 |     43.847 |     0.2
   12 |   1.2688 |     44.711 |   1.2549 |     43.668 |     0.3
   13 |   1.2562 |     44.085 |   1.2352 |     42.921 |     0.3
   14 |   1.2463 |     43.911 |   1.2285 |     42.682 |     0.3
   15 |   1.2355 |     43.786 |   1.2271 |     43.817 |     0.3
   16 |   1.2225 |     43.519 |   1.2061 |     42.652 |     0.4
   17 |   1.2122 |     43.068 |   1.2005 |     42.861 |     0.4
   18 |   1.2050 |     42.845 |   1.1914 |     43.041 |     0.4
   19 |   1.1920 |     42.072 |   1.1812 |     41.906 |     0.4
   20 |   1.1833 |     42.029 |   1.1778 |     42.413 |     0.4
   21 |   1.1754 |     42.001 |   1.1710 |     41.995 |     0.5
   22 |   1.1661 |     41.648 |   1.1625 |     40.950 |     0.5
   23 |   1.1581 |     41.370 |   1.1608 |     42.533 |     0.5
   24 |   1.1518 |     41.131 |   1.1529 |     40.920 |     0.5
   25 |   1.1414 |     41.082 |   1.1442 |     40.800 |     0.6
   26 |   1.1365 |     40.880 |   1.1388 |     40.711 |     0.6
   27 |   1.1277 |     40.701 |   1.1346 |     40.532 |     0.6
   28 |   1.1202 |     40.336 |   1.1384 |     41.906 |     0.6
   29 |   1.1151 |     39.966 |   1.1322 |     40.591 |     0.7
   30 |   1.1028 |     39.422 |   1.1206 |     40.203 |     0.7
   31 |   1.0961 |     39.351 |   1.1168 |     40.054 |     0.7
   32 |   1.0888 |     39.025 |   1.1175 |     40.382 |     0.7
   33 |   1.0815 |     38.720 |   1.1142 |     39.247 |     0.7
   34 |   1.0740 |     38.513 |   1.1161 |     40.143 |     0.8
   35 |   1.0670 |     38.138 |   1.1027 |     39.576 |     0.8
   36 |   1.0631 |     37.942 |   1.1047 |     39.486 |     0.8
   37 |   1.0535 |     37.376 |   1.0961 |     39.247 |     0.8
   38 |   1.0510 |     37.578 |   1.0953 |     39.785 |     0.9
   39 |   1.0420 |     36.914 |   1.0947 |     38.859 |     0.9
   40 |   1.0338 |     36.685 |   1.0917 |     39.008 |     0.9
   41 |   1.0268 |     36.462 |   1.0860 |     38.411 |     0.9
   42 |   1.0191 |     35.913 |   1.0800 |     38.560 |     0.9
   43 |   1.0167 |     36.119 |   1.0744 |     37.903 |     1.0
   44 |   1.0041 |     35.390 |   1.0683 |     37.724 |     1.0
   45 |   0.9971 |     35.015 |   1.0598 |     37.873 |     1.0
   46 |   0.9895 |     34.677 |   1.0584 |     36.977 |     1.0
   47 |   0.9794 |     34.068 |   1.0625 |     38.381 |     1.1
   48 |   0.9766 |     34.579 |   1.0538 |     37.037 |     1.1
   49 |   0.9706 |     34.106 |   1.0472 |     37.425 |     1.1
   50 |   0.9586 |     33.518 |   1.0324 |     35.753 |     1.1
   51 |   0.9510 |     33.268 |   1.0434 |     36.470 |     1.1
   52 |   0.9395 |     32.789 |   1.0335 |     36.320 |     1.2
   53 |   0.9338 |     32.310 |   1.0302 |     35.753 |     1.2
   54 |   0.9262 |     32.202 |   1.0263 |     35.305 |     1.2
   55 |   0.9195 |     31.842 |   1.0180 |     35.125 |     1.2
   56 |   0.9079 |     31.358 |   1.0215 |     35.663 |     1.3
   57 |   0.8999 |     30.874 |   1.0226 |     35.872 |     1.3
   58 |   0.8914 |     30.711 |   1.0125 |     34.857 |     1.3
   59 |   0.8842 |     30.422 |   1.0088 |     34.886 |     1.3
   60 |   0.8750 |     30.150 |   1.0212 |     34.498 |     1.3
   61 |   0.8656 |     29.824 |   1.0084 |     34.857 |     1.4
   62 |   0.8587 |     29.584 |   1.0038 |     34.379 |     1.4
   63 |   0.8505 |     29.361 |   0.9979 |     34.050 |     1.4
   64 |   0.8397 |     28.920 |   0.9955 |     33.662 |     1.4
   65 |   0.8337 |     28.594 |   0.9968 |     34.020 |     1.5
   66 |   0.8204 |     28.153 |   1.0047 |     33.423 |     1.5
   67 |   0.8122 |     27.838 |   0.9878 |     33.423 |     1.5
   68 |   0.8024 |     27.321 |   0.9821 |     32.616 |     1.5
   69 |   0.7967 |     27.185 |   0.9725 |     32.467 |     1.5
   70 |   0.7854 |     26.728 |   0.9890 |     33.005 |     1.6
   71 |   0.7746 |     26.336 |   0.9846 |     32.318 |     1.6
   72 |   0.7717 |     26.412 |   0.9731 |     32.139 |     1.6
   73 |   0.7574 |     25.830 |   0.9784 |     32.228 |     1.6
Early stopping

Model: Seq2Seq Bi-LSTM
Source index: <Seq2Seq Index with 45 items>
Target index: <Seq2Seq Index with 34 items>
Encoder embedding dimension: 128
Decoder embedding dimension: 128
Encoder hidden units: 128
Encoder layers: 2
Decoder hidden units: 128
Decoder layers: 3
Dropout: 0.2
Trainable parameters: 1,201,314

Training started
X_train.shape: torch.Size([3063, 649])
Y_train.shape: torch.Size([3063, 7])
X_dev.shape: torch.Size([558, 702])
Y_dev.shape: torch.Size([558, 7])
Epochs: 500
Learning rate: 0.001
Weight decay: 0.0001
Epoch | Train                 | Development           | Minutes
      | Loss     | Error Rate | Loss     | Error Rate |
---------------------------------------------------------------
    1 |   2.1647 |     59.707 |   1.5555 |     45.012 |     0.0
    2 |   1.4647 |     46.338 |   1.3872 |     45.579 |     0.1
    3 |   1.3865 |     46.186 |   1.3437 |     45.370 |     0.1
    4 |   1.3433 |     46.066 |   1.3042 |     44.683 |     0.2
    5 |   1.3159 |     45.511 |   1.2897 |     43.817 |     0.2
    6 |   1.2964 |     45.680 |   1.2620 |     43.369 |     0.2
    7 |   1.2719 |     44.684 |   1.2450 |     43.907 |     0.3
    8 |   1.2475 |     44.249 |   1.2241 |     42.443 |     0.3
    9 |   1.2282 |     43.585 |   1.2176 |     43.429 |     0.4
   10 |   1.2052 |     42.872 |   1.1851 |     41.786 |     0.4
   11 |   1.1880 |     42.306 |   1.1802 |     41.458 |     0.4
   12 |   1.1722 |     42.045 |   1.1640 |     40.860 |     0.5
   13 |   1.1560 |     41.283 |   1.1485 |     40.980 |     0.5
   14 |   1.1426 |     40.717 |   1.1322 |     40.323 |     0.5
   15 |   1.1314 |     40.423 |   1.1277 |     39.994 |     0.6
   16 |   1.1125 |     39.798 |   1.1220 |     39.307 |     0.6
   17 |   1.0973 |     39.243 |   1.1018 |     38.799 |     0.7
   18 |   1.0837 |     38.720 |   1.1029 |     38.650 |     0.7
   19 |   1.0712 |     38.405 |   1.0852 |     37.545 |     0.7
   20 |   1.0611 |     38.002 |   1.0809 |     37.993 |     0.8
   21 |   1.0512 |     37.708 |   1.0760 |     37.336 |     0.8
   22 |   1.0348 |     37.077 |   1.0666 |     37.873 |     0.9
   23 |   1.0273 |     36.729 |   1.0593 |     38.082 |     0.9
   24 |   1.0140 |     36.076 |   1.0551 |     36.888 |     0.9
   25 |   1.0010 |     36.005 |   1.0463 |     37.455 |     1.0
   26 |   0.9898 |     35.537 |   1.0406 |     36.798 |     1.0
   27 |   0.9770 |     34.987 |   1.0416 |     36.828 |     1.1
   28 |   0.9668 |     34.296 |   1.0333 |     36.231 |     1.1
   29 |   0.9514 |     33.856 |   1.0274 |     35.723 |     1.1
   30 |   0.9472 |     33.736 |   1.0197 |     36.141 |     1.2
   31 |   0.9333 |     33.072 |   1.0133 |     35.096 |     1.2
   32 |   0.9226 |     32.408 |   1.0053 |     35.185 |     1.3
   33 |   0.9048 |     31.864 |   1.0041 |     34.797 |     1.3
   34 |   0.8954 |     31.516 |   0.9891 |     34.259 |     1.3
   35 |   0.8833 |     31.266 |   0.9838 |     33.841 |     1.4
   36 |   0.8718 |     30.515 |   0.9834 |     34.110 |     1.4
   37 |   0.8609 |     30.428 |   0.9771 |     33.363 |     1.5
   38 |   0.8446 |     29.470 |   0.9729 |     32.348 |     1.5
   39 |   0.8335 |     29.383 |   0.9706 |     32.766 |     1.5
   40 |   0.8229 |     28.844 |   0.9640 |     33.572 |     1.6
   41 |   0.8049 |     28.110 |   0.9520 |     31.452 |     1.6
   42 |   0.7938 |     27.620 |   0.9558 |     31.661 |     1.7
   43 |   0.7861 |     27.375 |   0.9563 |     31.631 |     1.7
   44 |   0.7691 |     26.777 |   0.9483 |     31.093 |     1.7
   45 |   0.7646 |     26.564 |   0.9329 |     31.422 |     1.8
   46 |   0.7435 |     25.868 |   0.9359 |     30.436 |     1.8
   47 |   0.7352 |     25.514 |   0.9464 |     31.213 |     1.9
   48 |   0.7237 |     24.959 |   0.9423 |     30.317 |     1.9
   49 |   0.7109 |     24.328 |   0.9319 |     29.450 |     1.9
   50 |   0.6986 |     23.876 |   0.9417 |     29.271 |     2.0
   51 |   0.6867 |     23.680 |   0.9443 |     29.779 |     2.0
   52 |   0.6776 |     23.185 |   0.9203 |     29.361 |     2.1
   53 |   0.6589 |     22.532 |   0.9421 |     29.928 |     2.1
   54 |   0.6534 |     22.326 |   0.9404 |     29.689 |     2.1
   55 |   0.6451 |     22.195 |   0.9314 |     29.391 |     2.2
   56 |   0.6312 |     21.624 |   0.9301 |     28.554 |     2.2
Early stopping

Model: Seq2Seq Bi-LSTM
Source index: <Seq2Seq Index with 45 items>
Target index: <Seq2Seq Index with 34 items>
Encoder embedding dimension: 128
Decoder embedding dimension: 128
Encoder hidden units: 64
Encoder layers: 3
Decoder hidden units: 64
Decoder layers: 3
Dropout: 0.2
Trainable parameters: 475,682

Training started
X_train.shape: torch.Size([3063, 649])
Y_train.shape: torch.Size([3063, 7])
X_dev.shape: torch.Size([558, 702])
Y_dev.shape: torch.Size([558, 7])
Epochs: 500
Learning rate: 0.001
Weight decay: 0.0001
Epoch | Train                 | Development           | Minutes
      | Loss     | Error Rate | Loss     | Error Rate |
---------------------------------------------------------------
    1 |   2.5715 |     68.304 |   1.9947 |     58.632 |     0.0
    2 |   1.7811 |     51.028 |   1.5575 |     45.012 |     0.1
    3 |   1.5050 |     46.441 |   1.4299 |     45.012 |     0.1
    4 |   1.4298 |     46.365 |   1.3789 |     45.012 |     0.1
    5 |   1.3879 |     46.169 |   1.3437 |     45.251 |     0.1
    6 |   1.3548 |     46.213 |   1.3162 |     44.773 |     0.2
    7 |   1.3299 |     45.489 |   1.2931 |     44.564 |     0.2
    8 |   1.3074 |     45.250 |   1.2749 |     43.638 |     0.2
    9 |   1.2869 |     44.700 |   1.2546 |     43.399 |     0.2
   10 |   1.2622 |     44.047 |   1.2385 |     44.026 |     0.3
   11 |   1.2424 |     43.209 |   1.2192 |     43.280 |     0.3
   12 |   1.2209 |     42.883 |   1.2004 |     42.294 |     0.3
   13 |   1.2027 |     42.121 |   1.1942 |     41.308 |     0.3
   14 |   1.1897 |     41.522 |   1.1798 |     40.920 |     0.4
   15 |   1.1764 |     41.294 |   1.1716 |     40.562 |     0.4
   16 |   1.1634 |     40.750 |   1.1631 |     41.069 |     0.4
   17 |   1.1558 |     40.527 |   1.1610 |     41.487 |     0.4
   18 |   1.1435 |     40.461 |   1.1455 |     40.263 |     0.5
   19 |   1.1324 |     40.102 |   1.1340 |     39.785 |     0.5
   20 |   1.1269 |     40.195 |   1.1333 |     39.576 |     0.5
   21 |   1.1198 |     39.912 |   1.1274 |     39.456 |     0.6
   22 |   1.1079 |     39.504 |   1.1259 |     38.829 |     0.6
   23 |   1.1029 |     39.362 |   1.1166 |     39.068 |     0.6
   24 |   1.0928 |     38.922 |   1.1085 |     39.247 |     0.6
   25 |   1.0870 |     38.856 |   1.1078 |     39.128 |     0.7
   26 |   1.0796 |     38.524 |   1.1019 |     38.620 |     0.7
   27 |   1.0708 |     38.214 |   1.1004 |     39.247 |     0.7
   28 |   1.0672 |     38.094 |   1.0945 |     38.351 |     0.7
   29 |   1.0556 |     37.817 |   1.0999 |     38.351 |     0.8
   30 |   1.0505 |     37.436 |   1.0850 |     38.232 |     0.8
   31 |   1.0452 |     37.284 |   1.0817 |     37.724 |     0.8
   32 |   1.0363 |     36.794 |   1.0911 |     38.799 |     0.8
   33 |   1.0309 |     36.718 |   1.0689 |     38.172 |     0.9
   34 |   1.0172 |     36.413 |   1.0743 |     36.888 |     0.9
   35 |   1.0121 |     36.141 |   1.0653 |     37.037 |     0.9
   36 |   1.0104 |     36.049 |   1.0761 |     37.455 |     0.9
   37 |   1.0035 |     35.722 |   1.0527 |     36.410 |     1.0
   38 |   0.9927 |     35.521 |   1.0520 |     37.007 |     1.0
   39 |   0.9823 |     34.617 |   1.0479 |     36.947 |     1.0
   40 |   0.9783 |     34.460 |   1.0502 |     36.708 |     1.1
   41 |   0.9679 |     34.389 |   1.0536 |     36.589 |     1.1
   42 |   0.9634 |     34.111 |   1.0492 |     36.529 |     1.1
   43 |   0.9572 |     33.714 |   1.0398 |     36.231 |     1.1
   44 |   0.9474 |     33.056 |   1.0272 |     35.633 |     1.2
   45 |   0.9423 |     32.865 |   1.0315 |     35.514 |     1.2
   46 |   0.9272 |     32.474 |   1.0361 |     35.394 |     1.2
   47 |   0.9268 |     32.501 |   1.0315 |     35.842 |     1.2
   48 |   0.9146 |     32.098 |   1.0154 |     35.036 |     1.3
   49 |   0.9092 |     31.636 |   1.0241 |     35.036 |     1.3
   50 |   0.9008 |     31.086 |   1.0224 |     35.245 |     1.3
   51 |   0.8939 |     30.836 |   1.0148 |     34.468 |     1.3
   52 |   0.8862 |     30.384 |   1.0194 |     34.468 |     1.4
   53 |   0.8810 |     30.765 |   1.0203 |     34.200 |     1.4
   54 |   0.8732 |     30.221 |   1.0093 |     34.020 |     1.4
   55 |   0.8639 |     29.682 |   1.0084 |     33.572 |     1.4
   56 |   0.8591 |     29.622 |   1.0291 |     33.961 |     1.5
   57 |   0.8493 |     29.231 |   1.0103 |     33.393 |     1.5
   58 |   0.8421 |     28.790 |   1.0059 |     33.214 |     1.5
   59 |   0.8340 |     28.251 |   1.0140 |     33.005 |     1.6
   60 |   0.8266 |     28.496 |   0.9994 |     32.139 |     1.6
   61 |   0.8187 |     28.039 |   0.9960 |     32.736 |     1.6
   62 |   0.8034 |     27.381 |   0.9887 |     32.258 |     1.6
   63 |   0.7960 |     27.125 |   0.9950 |     32.467 |     1.7
   64 |   0.7896 |     27.114 |   1.0012 |     32.437 |     1.7
   65 |   0.7828 |     26.434 |   0.9931 |     32.109 |     1.7
   66 |   0.7732 |     26.320 |   0.9916 |     31.691 |     1.7
   67 |   0.7654 |     26.004 |   0.9833 |     31.661 |     1.8
   68 |   0.7605 |     25.754 |   0.9949 |     31.511 |     1.8
   69 |   0.7549 |     25.509 |   0.9874 |     31.661 |     1.8
   70 |   0.7397 |     25.177 |   1.0004 |     31.392 |     1.8
   71 |   0.7344 |     24.981 |   0.9956 |     31.840 |     1.9
Early stopping

Model: Seq2Seq Bi-LSTM
Source index: <Seq2Seq Index with 45 items>
Target index: <Seq2Seq Index with 34 items>
Encoder embedding dimension: 128
Decoder embedding dimension: 64
Encoder hidden units: 64
Encoder layers: 2
Decoder hidden units: 64
Decoder layers: 3
Dropout: 0.0
Trainable parameters: 341,410

Training started
X_train.shape: torch.Size([3063, 649])
Y_train.shape: torch.Size([3063, 7])
X_dev.shape: torch.Size([558, 702])
Y_dev.shape: torch.Size([558, 7])
Epochs: 500
Learning rate: 0.001
Weight decay: 1e-05
Epoch | Train                 | Development           | Minutes
      | Loss     | Error Rate | Loss     | Error Rate |
---------------------------------------------------------------
    1 |   2.5684 |     68.397 |   2.0060 |     58.632 |     0.0
    2 |   1.7896 |     50.245 |   1.5845 |     47.790 |     0.0
    3 |   1.5172 |     46.561 |   1.4386 |     45.012 |     0.1
    4 |   1.4403 |     46.403 |   1.4091 |     44.952 |     0.1
    5 |   1.4109 |     46.403 |   1.3813 |     44.952 |     0.1
    6 |   1.3912 |     45.973 |   1.3603 |     44.683 |     0.1
    7 |   1.3758 |     45.821 |   1.3488 |     45.251 |     0.1
    8 |   1.3626 |     45.582 |   1.3373 |     44.863 |     0.1
    9 |   1.3416 |     45.320 |   1.3099 |     44.295 |     0.2
   10 |   1.3182 |     44.771 |   1.2913 |     44.654 |     0.2
   11 |   1.2983 |     44.395 |   1.2790 |     44.265 |     0.2
   12 |   1.2770 |     44.161 |   1.2569 |     43.578 |     0.2
   13 |   1.2566 |     43.770 |   1.2429 |     42.443 |     0.2
   14 |   1.2411 |     43.487 |   1.2273 |     42.354 |     0.3
   15 |   1.2190 |     42.915 |   1.2152 |     41.726 |     0.3
   16 |   1.1999 |     42.175 |   1.2031 |     42.294 |     0.3
   17 |   1.1818 |     41.615 |   1.1941 |     41.487 |     0.3
   18 |   1.1584 |     40.826 |   1.1849 |     41.607 |     0.3
   19 |   1.1384 |     40.266 |   1.1785 |     41.547 |     0.3
   20 |   1.1162 |     39.585 |   1.1605 |     40.323 |     0.4
   21 |   1.0945 |     38.519 |   1.1604 |     40.562 |     0.4
   22 |   1.0768 |     37.828 |   1.1440 |     39.546 |     0.4
   23 |   1.0507 |     36.745 |   1.1369 |     39.158 |     0.4
   24 |   1.0280 |     35.967 |   1.1217 |     38.620 |     0.4
   25 |   1.0051 |     35.058 |   1.1186 |     38.202 |     0.5
   26 |   0.9797 |     33.801 |   1.0962 |     37.007 |     0.5
   27 |   0.9565 |     32.762 |   1.1015 |     36.738 |     0.5
   28 |   0.9338 |     31.685 |   1.0767 |     35.424 |     0.5
   29 |   0.9096 |     30.515 |   1.0842 |     34.827 |     0.5
   30 |   0.8875 |     29.339 |   1.0728 |     33.990 |     0.5
   31 |   0.8619 |     28.322 |   1.0672 |     34.050 |     0.6
   32 |   0.8395 |     27.381 |   1.0721 |     34.140 |     0.6
   33 |   0.8154 |     26.733 |   1.0516 |     33.781 |     0.6
   34 |   0.7949 |     26.091 |   1.0435 |     32.975 |     0.6
   35 |   0.7659 |     24.823 |   1.0596 |     33.094 |     0.6
   36 |   0.7435 |     24.361 |   1.0475 |     32.885 |     0.7
   37 |   0.7250 |     23.245 |   1.0496 |     32.348 |     0.7
   38 |   0.7062 |     22.826 |   1.0522 |     32.497 |     0.7
   39 |   0.6821 |     21.923 |   1.0414 |     31.631 |     0.7
   40 |   0.6716 |     21.738 |   1.0543 |     31.422 |     0.7
   41 |   0.6548 |     20.944 |   1.0388 |     31.183 |     0.7
   42 |   0.6315 |     20.291 |   1.0459 |     31.153 |     0.8
   43 |   0.6076 |     19.197 |   1.0352 |     30.466 |     0.8
   44 |   0.5889 |     18.696 |   1.0587 |     30.108 |     0.8
   45 |   0.5759 |     18.424 |   1.0481 |     30.227 |     0.8
   46 |   0.5585 |     17.690 |   1.0579 |     29.391 |     0.8
   47 |   0.5469 |     17.374 |   1.0651 |     30.287 |     0.9
Early stopping

Model: Seq2Seq Bi-LSTM
Source index: <Seq2Seq Index with 45 items>
Target index: <Seq2Seq Index with 34 items>
Encoder embedding dimension: 32
Decoder embedding dimension: 128
Encoder hidden units: 128
Encoder layers: 2
Decoder hidden units: 64
Decoder layers: 2
Dropout: 0.0
Trainable parameters: 717,634

Training started
X_train.shape: torch.Size([3063, 649])
Y_train.shape: torch.Size([3063, 7])
X_dev.shape: torch.Size([558, 702])
Y_dev.shape: torch.Size([558, 7])
Epochs: 500
Learning rate: 0.001
Weight decay: 1e-05
Epoch | Train                 | Development           | Minutes
      | Loss     | Error Rate | Loss     | Error Rate |
---------------------------------------------------------------
    1 |   2.4057 |     63.701 |   1.8432 |     47.431 |     0.0
    2 |   1.6463 |     47.992 |   1.4841 |     45.012 |     0.1
    3 |   1.4488 |     46.327 |   1.3915 |     45.341 |     0.1
    4 |   1.3922 |     45.946 |   1.3512 |     44.982 |     0.1
    5 |   1.3586 |     45.919 |   1.3183 |     44.683 |     0.2
    6 |   1.3289 |     45.440 |   1.2930 |     44.116 |     0.2
    7 |   1.3065 |     44.907 |   1.2752 |     43.250 |     0.3
    8 |   1.2901 |     44.515 |   1.2670 |     43.967 |     0.3
    9 |   1.2700 |     43.987 |   1.2441 |     42.981 |     0.3
   10 |   1.2595 |     43.879 |   1.2343 |     43.339 |     0.4
   11 |   1.2410 |     43.351 |   1.2206 |     43.011 |     0.4
   12 |   1.2253 |     42.437 |   1.2176 |     42.443 |     0.4
   13 |   1.2095 |     42.290 |   1.1990 |     41.906 |     0.5
   14 |   1.1885 |     41.746 |   1.1910 |     41.039 |     0.5
   15 |   1.1683 |     40.848 |   1.1682 |     40.681 |     0.6
   16 |   1.1460 |     40.140 |   1.1531 |     39.516 |     0.6
   17 |   1.1251 |     39.428 |   1.1474 |     39.636 |     0.6
   18 |   1.1046 |     38.334 |   1.1281 |     39.456 |     0.7
   19 |   1.0822 |     37.431 |   1.1138 |     38.112 |     0.7
   20 |   1.0615 |     36.925 |   1.1028 |     38.142 |     0.7
   21 |   1.0383 |     35.858 |   1.0815 |     37.097 |     0.8
   22 |   1.0173 |     35.118 |   1.0761 |     37.067 |     0.8
   23 |   0.9940 |     34.052 |   1.0735 |     36.440 |     0.9
   24 |   0.9676 |     32.898 |   1.0529 |     35.992 |     0.9
   25 |   0.9436 |     31.891 |   1.0255 |     35.394 |     0.9
   26 |   0.9167 |     30.656 |   1.0227 |     34.707 |     1.0
   27 |   0.8847 |     29.236 |   1.0125 |     33.662 |     1.0
   28 |   0.8579 |     28.278 |   0.9952 |     32.885 |     1.0
   29 |   0.8295 |     27.043 |   0.9787 |     31.511 |     1.1
   30 |   0.7933 |     25.694 |   0.9770 |     31.810 |     1.1
   31 |   0.7639 |     24.736 |   0.9694 |     31.093 |     1.1
   32 |   0.7330 |     23.637 |   0.9582 |     30.675 |     1.2
   33 |   0.7004 |     22.326 |   0.9634 |     30.705 |     1.2
   34 |   0.6704 |     21.422 |   0.9683 |     30.346 |     1.3
   35 |   0.6334 |     19.893 |   0.9458 |     29.331 |     1.3
   36 |   0.6042 |     19.017 |   0.9646 |     30.227 |     1.3
   37 |   0.5768 |     18.076 |   0.9482 |     29.122 |     1.4
   38 |   0.5509 |     17.194 |   0.9778 |     29.928 |     1.4
   39 |   0.5262 |     16.335 |   0.9864 |     29.809 |     1.4
Early stopping

Model: Seq2Seq Bi-LSTM
Source index: <Seq2Seq Index with 45 items>
Target index: <Seq2Seq Index with 34 items>
Encoder embedding dimension: 64
Decoder embedding dimension: 128
Encoder hidden units: 64
Encoder layers: 3
Decoder hidden units: 128
Decoder layers: 2
Dropout: 0.1
Trainable parameters: 639,330

Training started
X_train.shape: torch.Size([3063, 649])
Y_train.shape: torch.Size([3063, 7])
X_dev.shape: torch.Size([558, 702])
Y_dev.shape: torch.Size([558, 7])
Epochs: 500
Learning rate: 0.001
Weight decay: 0.0001
Epoch | Train                 | Development           | Minutes
      | Loss     | Error Rate | Loss     | Error Rate |
---------------------------------------------------------------
    1 |   2.0306 |     55.833 |   1.4442 |     45.221 |     0.0
    2 |   1.3937 |     45.837 |   1.3254 |     44.205 |     0.0
    3 |   1.3219 |     45.048 |   1.2937 |     43.757 |     0.1
    4 |   1.2796 |     44.004 |   1.2494 |     43.280 |     0.1
    5 |   1.2430 |     43.133 |   1.2138 |     42.503 |     0.1
    6 |   1.2116 |     42.714 |   1.1937 |     42.443 |     0.1
    7 |   1.1841 |     42.344 |   1.1680 |     41.697 |     0.2
    8 |   1.1597 |     41.414 |   1.1538 |     41.039 |     0.2
    9 |   1.1341 |     40.663 |   1.1266 |     39.964 |     0.2
   10 |   1.1092 |     39.836 |   1.1143 |     39.038 |     0.2
   11 |   1.0840 |     38.660 |   1.1061 |     39.008 |     0.3
   12 |   1.0642 |     37.980 |   1.0840 |     38.530 |     0.3
   13 |   1.0399 |     36.963 |   1.0684 |     38.053 |     0.3
   14 |   1.0208 |     36.544 |   1.0696 |     38.112 |     0.3
   15 |   1.0035 |     35.831 |   1.0547 |     36.679 |     0.4
   16 |   0.9835 |     34.993 |   1.0454 |     37.097 |     0.4
   17 |   0.9611 |     33.845 |   1.0347 |     36.051 |     0.4
   18 |   0.9410 |     32.931 |   1.0162 |     35.125 |     0.4
   19 |   0.9243 |     32.240 |   1.0166 |     35.514 |     0.5
   20 |   0.8969 |     31.467 |   0.9966 |     33.841 |     0.5
   21 |   0.8768 |     30.308 |   0.9973 |     33.572 |     0.5
   22 |   0.8539 |     29.508 |   0.9806 |     32.915 |     0.5
   23 |   0.8310 |     28.790 |   0.9821 |     33.363 |     0.6
   24 |   0.8131 |     27.800 |   0.9652 |     32.557 |     0.6
   25 |   0.7932 |     27.283 |   0.9612 |     32.348 |     0.6
   26 |   0.7775 |     26.613 |   0.9482 |     31.691 |     0.6
   27 |   0.7452 |     25.378 |   0.9414 |     30.884 |     0.7
   28 |   0.7254 |     24.595 |   0.9359 |     30.795 |     0.7
   29 |   0.6995 |     23.626 |   0.9215 |     29.958 |     0.7
   30 |   0.6841 |     23.120 |   0.9137 |     29.540 |     0.7
   31 |   0.6615 |     22.494 |   0.9211 |     29.241 |     0.8
   32 |   0.6640 |     22.456 |   0.9345 |     29.958 |     0.8
   33 |   0.6361 |     21.716 |   0.9186 |     28.853 |     0.8
   34 |   0.6117 |     20.579 |   0.9038 |     28.286 |     0.8
   35 |   0.5884 |     19.790 |   0.9200 |     28.584 |     0.9
   36 |   0.6478 |     22.391 |   0.9307 |     29.480 |     0.9
   37 |   0.5795 |     19.714 |   0.9182 |     28.196 |     0.9
   38 |   0.5582 |     18.772 |   0.9343 |     29.241 |     0.9
Early stopping

Model: Seq2Seq Bi-LSTM
Source index: <Seq2Seq Index with 45 items>
Target index: <Seq2Seq Index with 34 items>
Encoder embedding dimension: 128
Decoder embedding dimension: 128
Encoder hidden units: 64
Encoder layers: 3
Decoder hidden units: 128
Decoder layers: 3
Dropout: 0.2
Trainable parameters: 807,074

Training started
X_train.shape: torch.Size([3063, 649])
Y_train.shape: torch.Size([3063, 7])
X_dev.shape: torch.Size([558, 702])
Y_dev.shape: torch.Size([558, 7])
Epochs: 500
Learning rate: 0.001
Weight decay: 0.0001
Epoch | Train                 | Development           | Minutes
      | Loss     | Error Rate | Loss     | Error Rate |
---------------------------------------------------------------
    1 |   2.2235 |     59.337 |   1.6149 |     47.790 |     0.0
    2 |   1.4919 |     46.403 |   1.3952 |     45.012 |     0.1
    3 |   1.4017 |     46.213 |   1.3581 |     45.520 |     0.1
    4 |   1.3582 |     46.082 |   1.3109 |     45.191 |     0.1
    5 |   1.3216 |     45.446 |   1.2824 |     43.967 |     0.1
    6 |   1.2933 |     45.223 |   1.2499 |     44.444 |     0.2
    7 |   1.2680 |     45.059 |   1.2276 |     43.787 |     0.2
    8 |   1.2393 |     44.069 |   1.2109 |     42.951 |     0.2
    9 |   1.2230 |     43.900 |   1.1922 |     42.204 |     0.2
   10 |   1.2008 |     43.144 |   1.1929 |     43.220 |     0.3
   11 |   1.1844 |     42.284 |   1.1674 |     40.741 |     0.3
   12 |   1.1708 |     41.626 |   1.1694 |     41.726 |     0.3
   13 |   1.1538 |     41.359 |   1.1438 |     41.069 |     0.4
   14 |   1.1402 |     40.989 |   1.1374 |     39.904 |     0.4
   15 |   1.1252 |     40.293 |   1.1228 |     40.442 |     0.4
   16 |   1.1157 |     39.983 |   1.1194 |     39.785 |     0.4
   17 |   1.1042 |     39.711 |   1.1040 |     39.636 |     0.5
   18 |   1.0916 |     39.564 |   1.1066 |     39.486 |     0.5
   19 |   1.0811 |     38.911 |   1.0989 |     39.038 |     0.5
   20 |   1.0730 |     38.649 |   1.0995 |     38.530 |     0.5
   21 |   1.0590 |     38.187 |   1.0980 |     39.964 |     0.6
   22 |   1.0521 |     37.784 |   1.0914 |     39.486 |     0.6
   23 |   1.0407 |     37.371 |   1.0731 |     37.425 |     0.6
   24 |   1.0278 |     36.859 |   1.0571 |     37.664 |     0.6
   25 |   1.0222 |     36.707 |   1.0588 |     36.798 |     0.7
   26 |   1.0091 |     36.000 |   1.0448 |     36.679 |     0.7
   27 |   0.9985 |     35.428 |   1.0378 |     36.022 |     0.7
   28 |   0.9864 |     34.906 |   1.0357 |     36.529 |     0.8
   29 |   0.9704 |     34.389 |   1.0233 |     35.394 |     0.8
   30 |   0.9575 |     33.780 |   1.0096 |     35.932 |     0.8
   31 |   0.9484 |     33.633 |   1.0108 |     34.976 |     0.8
   32 |   0.9339 |     33.078 |   0.9998 |     34.618 |     0.9
   33 |   0.9227 |     32.751 |   0.9991 |     34.946 |     0.9
   34 |   0.9017 |     31.608 |   0.9905 |     34.110 |     0.9
   35 |   0.8928 |     31.418 |   0.9755 |     33.841 |     0.9
   36 |   0.8822 |     31.113 |   0.9882 |     33.094 |     1.0
   37 |   0.8686 |     30.411 |   0.9929 |     32.885 |     1.0
   38 |   0.8576 |     29.971 |   0.9777 |     33.453 |     1.0
   39 |   0.8432 |     29.361 |   0.9706 |     33.393 |     1.0
   40 |   0.8309 |     29.193 |   0.9565 |     31.661 |     1.1
   41 |   0.8189 |     28.278 |   0.9605 |     32.706 |     1.1
   42 |   0.8055 |     28.180 |   0.9591 |     32.497 |     1.1
   43 |   0.7977 |     27.751 |   0.9718 |     32.557 |     1.2
   44 |   0.7839 |     26.934 |   0.9460 |     31.302 |     1.2
   45 |   0.7777 |     26.972 |   0.9587 |     32.198 |     1.2
   46 |   0.7684 |     26.232 |   0.9406 |     31.959 |     1.2
   47 |   0.7559 |     26.107 |   0.9372 |     31.362 |     1.3
   48 |   0.7476 |     25.911 |   0.9450 |     30.466 |     1.3
   49 |   0.7366 |     25.503 |   0.9460 |     31.093 |     1.3
   50 |   0.7252 |     24.921 |   0.9307 |     30.496 |     1.3
   51 |   0.7150 |     24.627 |   0.9460 |     31.123 |     1.4
   52 |   0.7077 |     24.366 |   0.9330 |     30.675 |     1.4
   53 |   0.6944 |     23.566 |   0.9272 |     30.108 |     1.4
   54 |   0.6810 |     23.403 |   0.9256 |     30.048 |     1.5
   55 |   0.6784 |     23.267 |   0.9374 |     30.496 |     1.5
   56 |   0.6633 |     22.587 |   0.9240 |     29.391 |     1.5
   57 |   0.6589 |     22.734 |   0.9151 |     29.002 |     1.5
   58 |   0.6490 |     21.945 |   0.9117 |     29.301 |     1.6
   59 |   0.6379 |     21.591 |   0.9032 |     28.524 |     1.6
   60 |   0.6236 |     21.145 |   0.9313 |     29.421 |     1.6
   61 |   0.6241 |     21.199 |   0.9243 |     29.331 |     1.6
   62 |   0.6079 |     20.568 |   0.9152 |     28.763 |     1.7
   63 |   0.5999 |     20.405 |   0.9277 |     28.524 |     1.7
Early stopping

Model: Seq2Seq Bi-LSTM
Source index: <Seq2Seq Index with 45 items>
Target index: <Seq2Seq Index with 34 items>
Encoder embedding dimension: 32
Decoder embedding dimension: 128
Encoder hidden units: 64
Encoder layers: 2
Decoder hidden units: 64
Decoder layers: 3
Dropout: 0.0
Trainable parameters: 306,498

Training started
X_train.shape: torch.Size([3063, 649])
Y_train.shape: torch.Size([3063, 7])
X_dev.shape: torch.Size([558, 702])
Y_dev.shape: torch.Size([558, 7])
Epochs: 500
Learning rate: 0.001
Weight decay: 0.0001
Epoch | Train                 | Development           | Minutes
      | Loss     | Error Rate | Loss     | Error Rate |
---------------------------------------------------------------
    1 |   2.5412 |     67.216 |   1.9686 |     57.407 |     0.0
    2 |   1.7648 |     49.527 |   1.5663 |     45.012 |     0.0
    3 |   1.5075 |     46.420 |   1.4375 |     45.579 |     0.0
    4 |   1.4309 |     46.186 |   1.3912 |     45.012 |     0.1
    5 |   1.3965 |     46.033 |   1.3641 |     45.012 |     0.1
    6 |   1.3712 |     45.914 |   1.3379 |     45.131 |     0.1
    7 |   1.3456 |     45.723 |   1.3199 |     45.042 |     0.1
    8 |   1.3253 |     45.979 |   1.2992 |     44.863 |     0.1
    9 |   1.3062 |     45.739 |   1.2875 |     44.415 |     0.1
   10 |   1.2903 |     45.255 |   1.2717 |     44.056 |     0.2
   11 |   1.2773 |     44.902 |   1.2527 |     43.489 |     0.2
   12 |   1.2597 |     44.352 |   1.2449 |     42.832 |     0.2
   13 |   1.2415 |     43.732 |   1.2283 |     43.280 |     0.2
   14 |   1.2253 |     43.068 |   1.2148 |     41.906 |     0.2
   15 |   1.2102 |     42.350 |   1.2047 |     41.846 |     0.2
   16 |   1.1950 |     41.735 |   1.1928 |     41.846 |     0.2
   17 |   1.1829 |     41.849 |   1.1905 |     41.786 |     0.3
   18 |   1.1690 |     41.767 |   1.1777 |     41.458 |     0.3
   19 |   1.1569 |     41.065 |   1.1825 |     41.726 |     0.3
   20 |   1.1465 |     40.636 |   1.1546 |     40.800 |     0.3
   21 |   1.1324 |     40.293 |   1.1602 |     41.876 |     0.3
   22 |   1.1215 |     39.917 |   1.1458 |     40.203 |     0.3
   23 |   1.1097 |     39.683 |   1.1302 |     39.636 |     0.4
   24 |   1.0967 |     39.194 |   1.1270 |     39.247 |     0.4
   25 |   1.0937 |     38.938 |   1.1190 |     40.502 |     0.4
   26 |   1.0766 |     38.677 |   1.1245 |     39.636 |     0.4
   27 |   1.0696 |     38.002 |   1.1061 |     38.232 |     0.4
   28 |   1.0597 |     37.975 |   1.0925 |     38.381 |     0.4
   29 |   1.0492 |     37.632 |   1.0896 |     38.172 |     0.4
   30 |   1.0388 |     37.186 |   1.0854 |     37.724 |     0.5
   31 |   1.0302 |     36.516 |   1.0830 |     37.605 |     0.5
   32 |   1.0223 |     35.951 |   1.0730 |     36.918 |     0.5
   33 |   1.0136 |     35.994 |   1.0701 |     37.007 |     0.5
   34 |   1.0058 |     35.657 |   1.0754 |     37.425 |     0.5
   35 |   0.9986 |     35.336 |   1.0673 |     36.529 |     0.5
   36 |   0.9883 |     34.797 |   1.0599 |     36.619 |     0.6
   37 |   0.9855 |     34.949 |   1.0524 |     36.320 |     0.6
   38 |   0.9746 |     34.340 |   1.0480 |     35.544 |     0.6
   39 |   0.9680 |     34.084 |   1.0446 |     35.783 |     0.6
   40 |   0.9578 |     33.540 |   1.0410 |     35.484 |     0.6
   41 |   0.9490 |     33.273 |   1.0306 |     35.544 |     0.6
   42 |   0.9448 |     32.969 |   1.0368 |     35.783 |     0.7
   43 |   0.9324 |     32.588 |   1.0365 |     35.544 |     0.7
   44 |   0.9278 |     32.642 |   1.0298 |     35.633 |     0.7
   45 |   0.9165 |     32.055 |   1.0301 |     35.006 |     0.7
   46 |   0.9143 |     31.804 |   1.0272 |     34.797 |     0.7
   47 |   0.9005 |     31.298 |   1.0181 |     34.886 |     0.7
   48 |   0.8865 |     30.830 |   1.0206 |     34.618 |     0.7
   49 |   0.8765 |     30.433 |   1.0188 |     34.468 |     0.8
   50 |   0.8651 |     30.025 |   1.0268 |     34.946 |     0.8
   51 |   0.8562 |     29.666 |   1.0210 |     34.468 |     0.8
   52 |   0.8421 |     28.670 |   1.0007 |     33.065 |     0.8
   53 |   0.8295 |     28.501 |   1.0089 |     33.662 |     0.8
   54 |   0.8218 |     28.170 |   1.0017 |     33.692 |     0.8
   55 |   0.8060 |     27.495 |   1.0094 |     33.542 |     0.9
   56 |   0.7985 |     27.152 |   0.9995 |     32.855 |     0.9
   57 |   0.7824 |     26.320 |   0.9849 |     31.959 |     0.9
   58 |   0.7759 |     26.314 |   1.0056 |     32.497 |     0.9
   59 |   0.7634 |     25.585 |   0.9913 |     32.318 |     0.9
   60 |   0.7506 |     25.514 |   1.0017 |     32.467 |     0.9
   61 |   0.7458 |     25.329 |   0.9779 |     31.661 |     0.9
   62 |   0.7313 |     24.633 |   0.9929 |     31.631 |     1.0
   63 |   0.7134 |     23.735 |   0.9849 |     31.691 |     1.0
   64 |   0.7011 |     23.523 |   0.9833 |     31.332 |     1.0
   65 |   0.6924 |     23.077 |   0.9893 |     30.974 |     1.0
Early stopping

Model: Seq2Seq Bi-LSTM
Source index: <Seq2Seq Index with 45 items>
Target index: <Seq2Seq Index with 34 items>
Encoder embedding dimension: 64
Decoder embedding dimension: 128
Encoder hidden units: 128
Encoder layers: 3
Decoder hidden units: 128
Decoder layers: 3
Dropout: 0.1
Trainable parameters: 1,593,698

Training started
X_train.shape: torch.Size([3063, 649])
Y_train.shape: torch.Size([3063, 7])
X_dev.shape: torch.Size([558, 702])
Y_dev.shape: torch.Size([558, 7])
Epochs: 500
Learning rate: 0.001
Weight decay: 0.0001
Epoch | Train                 | Development           | Minutes
      | Loss     | Error Rate | Loss     | Error Rate |
---------------------------------------------------------------
    1 |   2.2136 |     60.099 |   1.6127 |     47.790 |     0.1
    2 |   1.4956 |     46.523 |   1.4026 |     45.012 |     0.1
    3 |   1.4033 |     46.322 |   1.3513 |     45.042 |     0.2
    4 |   1.3562 |     46.218 |   1.3157 |     45.400 |     0.2
    5 |   1.3251 |     46.044 |   1.2930 |     44.654 |     0.3
    6 |   1.3015 |     45.642 |   1.2711 |     44.056 |     0.3
    7 |   1.2783 |     45.331 |   1.2568 |     44.056 |     0.4
    8 |   1.2562 |     44.542 |   1.2377 |     43.578 |     0.5
    9 |   1.2375 |     44.085 |   1.2164 |     42.951 |     0.5
   10 |   1.2153 |     43.100 |   1.2027 |     40.651 |     0.6
   11 |   1.1970 |     42.469 |   1.1746 |     41.607 |     0.6
   12 |   1.1788 |     42.012 |   1.1681 |     40.950 |     0.7
   13 |   1.1665 |     41.441 |   1.1661 |     42.234 |     0.8
   14 |   1.1525 |     41.582 |   1.1446 |     40.890 |     0.8
   15 |   1.1415 |     40.782 |   1.1350 |     40.143 |     0.9
   16 |   1.1354 |     40.815 |   1.1375 |     40.562 |     0.9
   17 |   1.1248 |     40.728 |   1.1185 |     40.323 |     1.0
   18 |   1.1150 |     40.358 |   1.1184 |     40.741 |     1.0
   19 |   1.1090 |     39.754 |   1.1152 |     40.024 |     1.1
   20 |   1.0947 |     39.428 |   1.1101 |     40.114 |     1.2
   21 |   1.0868 |     39.090 |   1.1027 |     39.665 |     1.2
   22 |   1.0759 |     38.943 |   1.0972 |     39.486 |     1.3
   23 |   1.0673 |     38.345 |   1.0976 |     39.158 |     1.3
   24 |   1.0586 |     38.334 |   1.0956 |     39.695 |     1.4
   25 |   1.0473 |     37.768 |   1.0877 |     38.501 |     1.4
   26 |   1.0405 |     37.371 |   1.0781 |     38.560 |     1.5
   27 |   1.0326 |     37.164 |   1.0656 |     37.575 |     1.6
   28 |   1.0188 |     36.500 |   1.0639 |     37.485 |     1.6
   29 |   1.0110 |     36.146 |   1.0614 |     37.216 |     1.7
   30 |   1.0000 |     35.787 |   1.0537 |     38.590 |     1.7
   31 |   0.9847 |     35.183 |   1.0532 |     37.157 |     1.8
   32 |   0.9757 |     34.743 |   1.0460 |     37.485 |     1.9
   33 |   0.9634 |     34.503 |   1.0245 |     36.171 |     1.9
   34 |   0.9552 |     33.905 |   1.0259 |     35.753 |     2.0
   35 |   0.9398 |     33.486 |   1.0198 |     35.573 |     2.0
   36 |   0.9320 |     32.893 |   1.0167 |     35.424 |     2.1
   37 |   0.9172 |     32.490 |   1.0194 |     35.454 |     2.1
   38 |   0.9108 |     32.403 |   1.0090 |     35.603 |     2.2
   39 |   0.9027 |     32.387 |   0.9941 |     34.767 |     2.3
   40 |   0.8888 |     31.619 |   0.9941 |     34.438 |     2.3
   41 |   0.8763 |     31.162 |   1.0017 |     34.349 |     2.4
   42 |   0.8676 |     31.081 |   0.9771 |     33.751 |     2.4
   43 |   0.8583 |     30.319 |   0.9865 |     34.050 |     2.5
   44 |   0.8468 |     30.275 |   0.9672 |     33.124 |     2.5
   45 |   0.8312 |     29.601 |   0.9782 |     33.513 |     2.6
   46 |   0.8238 |     29.372 |   0.9846 |     33.274 |     2.7
   47 |   0.8117 |     28.790 |   0.9586 |     32.646 |     2.7
   48 |   0.8020 |     28.376 |   0.9552 |     32.497 |     2.8
   49 |   0.7930 |     28.034 |   0.9616 |     31.959 |     2.8
   50 |   0.7780 |     27.636 |   0.9506 |     31.989 |     2.9
   51 |   0.7649 |     26.679 |   0.9488 |     31.840 |     3.0
   52 |   0.7534 |     26.494 |   0.9509 |     31.332 |     3.0
   53 |   0.7429 |     25.917 |   0.9316 |     30.854 |     3.1
   54 |   0.7290 |     25.073 |   0.9510 |     30.048 |     3.1
   55 |   0.7136 |     24.573 |   0.9410 |     30.645 |     3.2
   56 |   0.7070 |     24.562 |   0.9475 |     30.675 |     3.2
   57 |   0.6992 |     24.219 |   0.9532 |     30.526 |     3.3
Early stopping

Model: Seq2Seq Bi-LSTM
Source index: <Seq2Seq Index with 45 items>
Target index: <Seq2Seq Index with 34 items>
Encoder embedding dimension: 128
Decoder embedding dimension: 128
Encoder hidden units: 128
Encoder layers: 3
Decoder hidden units: 128
Decoder layers: 3
Dropout: 0.2
Trainable parameters: 1,662,114

Training started
X_train.shape: torch.Size([3063, 649])
Y_train.shape: torch.Size([3063, 7])
X_dev.shape: torch.Size([558, 702])
Y_dev.shape: torch.Size([558, 7])
Epochs: 500
Learning rate: 0.001
Weight decay: 1e-05
Epoch | Train                 | Development           | Minutes
      | Loss     | Error Rate | Loss     | Error Rate |
---------------------------------------------------------------
    1 |   2.1662 |     59.087 |   1.5705 |     45.012 |     0.1
    2 |   1.4816 |     46.436 |   1.4094 |     45.579 |     0.1
    3 |   1.4080 |     46.278 |   1.3608 |     45.012 |     0.2
    4 |   1.3768 |     46.120 |   1.3416 |     45.520 |     0.2
    5 |   1.3405 |     46.186 |   1.2980 |     44.385 |     0.3
    6 |   1.3089 |     45.723 |   1.2748 |     44.146 |     0.4
    7 |   1.2914 |     45.195 |   1.2656 |     44.444 |     0.4
    8 |   1.2728 |     44.967 |   1.2510 |     43.668 |     0.5
    9 |   1.2477 |     44.314 |   1.2221 |     42.652 |     0.5
   10 |   1.2205 |     43.204 |   1.2015 |     42.622 |     0.6
   11 |   1.1928 |     42.344 |   1.1777 |     41.667 |     0.7
   12 |   1.1683 |     41.370 |   1.1706 |     41.637 |     0.7
   13 |   1.1427 |     40.674 |   1.1438 |     40.352 |     0.8
   14 |   1.1233 |     40.010 |   1.1343 |     39.904 |     0.8
   15 |   1.0980 |     39.194 |   1.1220 |     39.247 |     0.9
   16 |   1.0782 |     38.443 |   1.1033 |     39.217 |     1.0
   17 |   1.0509 |     37.382 |   1.0935 |     38.441 |     1.0
   18 |   1.0301 |     36.582 |   1.0849 |     37.097 |     1.1
   19 |   1.0109 |     35.798 |   1.0809 |     36.798 |     1.1
   20 |   0.9833 |     34.601 |   1.0591 |     35.633 |     1.2
   21 |   0.9555 |     33.420 |   1.0502 |     34.110 |     1.3
   22 |   0.9313 |     32.463 |   1.0338 |     35.006 |     1.3
   23 |   0.9120 |     31.755 |   1.0213 |     33.513 |     1.4
   24 |   0.8858 |     30.716 |   1.0332 |     34.319 |     1.4
   25 |   0.8597 |     29.503 |   1.0082 |     32.497 |     1.5
   26 |   0.8295 |     28.452 |   1.0143 |     33.154 |     1.6
   27 |   0.7964 |     27.272 |   1.0113 |     32.228 |     1.6
   28 |   0.7794 |     26.515 |   1.0170 |     32.616 |     1.7
   29 |   0.7514 |     25.699 |   1.0163 |     32.079 |     1.7
   30 |   0.7247 |     24.660 |   0.9986 |     30.795 |     1.8
   31 |   0.6955 |     23.310 |   1.0011 |     31.272 |     1.9
   32 |   0.6729 |     22.473 |   1.0000 |     30.376 |     1.9
   33 |   0.6425 |     21.281 |   1.0039 |     29.719 |     2.0
   34 |   0.6192 |     20.432 |   1.0081 |     30.078 |     2.0
Early stopping

Model: Seq2Seq Bi-LSTM
Source index: <Seq2Seq Index with 45 items>
Target index: <Seq2Seq Index with 34 items>
Encoder embedding dimension: 64
Decoder embedding dimension: 64
Encoder hidden units: 128
Encoder layers: 2
Decoder hidden units: 128
Decoder layers: 2
Dropout: 0.2
Trainable parameters: 965,858

Training started
X_train.shape: torch.Size([3063, 649])
Y_train.shape: torch.Size([3063, 7])
X_dev.shape: torch.Size([558, 702])
Y_dev.shape: torch.Size([558, 7])
Epochs: 500
Learning rate: 0.001
Weight decay: 0.0001
Epoch | Train                 | Development           | Minutes
      | Loss     | Error Rate | Loss     | Error Rate |
---------------------------------------------------------------
    1 |   2.0347 |     56.002 |   1.4699 |     45.012 |     0.0
    2 |   1.4261 |     46.039 |   1.3507 |     44.504 |     0.1
    3 |   1.3533 |     45.865 |   1.3047 |     44.176 |     0.1
    4 |   1.3183 |     45.174 |   1.2799 |     43.728 |     0.2
    5 |   1.2898 |     44.580 |   1.2496 |     43.011 |     0.2
    6 |   1.2611 |     43.846 |   1.2480 |     43.250 |     0.2
    7 |   1.2367 |     43.492 |   1.2117 |     42.085 |     0.3
    8 |   1.2126 |     42.943 |   1.1935 |     42.055 |     0.3
    9 |   1.1933 |     42.676 |   1.1932 |     42.443 |     0.3
   10 |   1.1752 |     41.898 |   1.1625 |     41.338 |     0.4
   11 |   1.1538 |     40.962 |   1.1521 |     40.532 |     0.4
   12 |   1.1332 |     39.896 |   1.1413 |     39.098 |     0.5
   13 |   1.1125 |     39.477 |   1.1141 |     39.337 |     0.5
   14 |   1.0993 |     38.764 |   1.1174 |     39.188 |     0.5
   15 |   1.0756 |     37.855 |   1.0879 |     38.381 |     0.6
   16 |   1.0541 |     37.137 |   1.0664 |     36.918 |     0.6
   17 |   1.0294 |     36.179 |   1.0712 |     37.186 |     0.7
   18 |   1.0125 |     35.559 |   1.0560 |     36.141 |     0.7
   19 |   0.9895 |     34.340 |   1.0462 |     36.051 |     0.7
   20 |   0.9724 |     34.052 |   1.0313 |     35.603 |     0.8
   21 |   0.9513 |     33.333 |   1.0081 |     34.677 |     0.8
   22 |   0.9276 |     32.191 |   1.0091 |     34.677 |     0.8
   23 |   0.9083 |     31.521 |   0.9896 |     32.915 |     0.9
   24 |   0.8829 |     30.526 |   0.9754 |     33.931 |     0.9
   25 |   0.8595 |     29.851 |   0.9715 |     32.407 |     1.0
   26 |   0.8400 |     28.795 |   0.9670 |     32.557 |     1.0
   27 |   0.8194 |     28.028 |   0.9602 |     32.318 |     1.0
   28 |   0.7985 |     26.956 |   0.9424 |     31.601 |     1.1
   29 |   0.7747 |     26.336 |   0.9430 |     31.989 |     1.1
   30 |   0.7537 |     25.661 |   0.9290 |     30.137 |     1.2
   31 |   0.7407 |     25.014 |   0.9175 |     30.645 |     1.2
   32 |   0.7136 |     24.317 |   0.9209 |     30.436 |     1.2
   33 |   0.6940 |     23.463 |   0.9201 |     30.167 |     1.3
   34 |   0.6761 |     22.843 |   0.9309 |     29.898 |     1.3
   35 |   0.6539 |     22.168 |   0.9040 |     28.853 |     1.3
   36 |   0.6302 |     20.965 |   0.9169 |     28.853 |     1.4
   37 |   0.6112 |     20.568 |   0.9326 |     29.898 |     1.4
   38 |   0.5996 |     20.225 |   0.9066 |     28.644 |     1.5
   39 |   0.5770 |     19.442 |   0.9260 |     29.152 |     1.5
Early stopping

Model: Seq2Seq Bi-LSTM
Source index: <Seq2Seq Index with 45 items>
Target index: <Seq2Seq Index with 34 items>
Encoder embedding dimension: 128
Decoder embedding dimension: 64
Encoder hidden units: 64
Encoder layers: 4
Decoder hidden units: 128
Decoder layers: 2
Dropout: 0.0
Trainable parameters: 772,130

Training started
X_train.shape: torch.Size([3063, 649])
Y_train.shape: torch.Size([3063, 7])
X_dev.shape: torch.Size([558, 702])
Y_dev.shape: torch.Size([558, 7])
Epochs: 500
Learning rate: 0.001
Weight decay: 0.0001
Epoch | Train                 | Development           | Minutes
      | Loss     | Error Rate | Loss     | Error Rate |
---------------------------------------------------------------
    1 |   2.0973 |     57.019 |   1.4969 |     44.683 |     0.0
    2 |   1.4215 |     46.055 |   1.3437 |     45.072 |     0.1
    3 |   1.3400 |     45.761 |   1.2970 |     43.638 |     0.1
    4 |   1.2986 |     44.983 |   1.2579 |     43.339 |     0.1
    5 |   1.2649 |     43.612 |   1.2425 |     42.921 |     0.2
    6 |   1.2389 |     42.948 |   1.2244 |     42.145 |     0.2
    7 |   1.2087 |     42.513 |   1.2047 |     42.682 |     0.2
    8 |   1.1800 |     41.550 |   1.1779 |     40.800 |     0.3
    9 |   1.1509 |     40.739 |   1.1533 |     39.636 |     0.3
   10 |   1.1210 |     39.618 |   1.1289 |     39.098 |     0.3
   11 |   1.0879 |     37.980 |   1.1178 |     38.321 |     0.4
   12 |   1.0569 |     36.527 |   1.0736 |     37.157 |     0.4
   13 |   1.0248 |     35.532 |   1.0543 |     35.842 |     0.4
   14 |   0.9911 |     34.030 |   1.0484 |     35.753 |     0.4
   15 |   0.9603 |     32.909 |   1.0286 |     35.544 |     0.5
   16 |   0.9308 |     31.919 |   1.0079 |     34.558 |     0.5
   17 |   0.8955 |     30.444 |   0.9887 |     33.901 |     0.5
   18 |   0.8645 |     29.454 |   0.9889 |     32.557 |     0.6
   19 |   0.8400 |     28.518 |   0.9693 |     32.557 |     0.6
   20 |   0.8084 |     27.337 |   0.9582 |     31.601 |     0.6
   21 |   0.7750 |     26.020 |   0.9703 |     31.840 |     0.7
   22 |   0.7469 |     24.965 |   0.9499 |     31.004 |     0.7
   23 |   0.7203 |     24.099 |   0.9415 |     30.436 |     0.7
   24 |   0.6936 |     23.174 |   0.9270 |     30.735 |     0.8
   25 |   0.6672 |     22.135 |   0.9254 |     29.152 |     0.8
   26 |   0.6328 |     20.704 |   0.9213 |     30.167 |     0.8
   27 |   0.6094 |     19.980 |   0.9240 |     28.823 |     0.9
   28 |   0.5765 |     19.050 |   0.9466 |     29.510 |     0.9
   29 |   0.5567 |     18.397 |   0.9353 |     28.524 |     0.9
   30 |   0.5324 |     17.597 |   0.9358 |     28.704 |     1.0
Early stopping

Model: Seq2Seq Bi-LSTM
Source index: <Seq2Seq Index with 45 items>
Target index: <Seq2Seq Index with 34 items>
Encoder embedding dimension: 128
Decoder embedding dimension: 128
Encoder hidden units: 64
Encoder layers: 2
Decoder hidden units: 128
Decoder layers: 3
Dropout: 0.1
Trainable parameters: 674,978

Training started
X_train.shape: torch.Size([3063, 649])
Y_train.shape: torch.Size([3063, 7])
X_dev.shape: torch.Size([558, 702])
Y_dev.shape: torch.Size([558, 7])
Epochs: 500
Learning rate: 0.001
Weight decay: 1e-05
Epoch | Train                 | Development           | Minutes
      | Loss     | Error Rate | Loss     | Error Rate |
---------------------------------------------------------------
    1 |   2.1791 |     59.049 |   1.5657 |     45.012 |     0.0
    2 |   1.4663 |     46.507 |   1.3945 |     45.579 |     0.0
    3 |   1.3852 |     46.235 |   1.3475 |     45.400 |     0.1
    4 |   1.3442 |     45.903 |   1.3079 |     44.325 |     0.1
    5 |   1.3160 |     45.375 |   1.2880 |     44.683 |     0.1
    6 |   1.2902 |     45.141 |   1.2598 |     43.787 |     0.1
    7 |   1.2696 |     44.657 |   1.2508 |     43.100 |     0.1
    8 |   1.2457 |     44.221 |   1.2154 |     42.652 |     0.2
    9 |   1.2186 |     43.226 |   1.2045 |     42.772 |     0.2
   10 |   1.1908 |     42.426 |   1.1841 |     41.816 |     0.2
   11 |   1.1637 |     41.517 |   1.1711 |     40.591 |     0.2
   12 |   1.1366 |     40.799 |   1.1530 |     41.189 |     0.2
   13 |   1.1083 |     39.504 |   1.1319 |     39.337 |     0.3
   14 |   1.0854 |     38.660 |   1.1154 |     39.845 |     0.3
   15 |   1.0574 |     37.648 |   1.1119 |     38.411 |     0.3
   16 |   1.0301 |     36.391 |   1.1113 |     38.501 |     0.3
   17 |   1.0030 |     35.145 |   1.0927 |     38.232 |     0.3
   18 |   0.9771 |     34.052 |   1.0758 |     37.007 |     0.3
   19 |   0.9468 |     32.686 |   1.0512 |     35.693 |     0.4
   20 |   0.9175 |     31.559 |   1.0489 |     36.410 |     0.4
   21 |   0.8927 |     30.727 |   1.0286 |     34.528 |     0.4
   22 |   0.8616 |     29.639 |   1.0212 |     34.229 |     0.4
   23 |   0.8332 |     28.311 |   1.0375 |     34.289 |     0.4
   24 |   0.8116 |     27.538 |   1.0178 |     33.363 |     0.5
   25 |   0.7826 |     26.303 |   1.0159 |     32.557 |     0.5
   26 |   0.7665 |     25.716 |   1.0041 |     31.780 |     0.5
   27 |   0.7366 |     24.562 |   1.0002 |     31.123 |     0.5
   28 |   0.7167 |     23.860 |   1.0023 |     31.780 |     0.5
   29 |   0.6968 |     23.115 |   0.9988 |     31.123 |     0.6
   30 |   0.6712 |     22.375 |   0.9915 |     29.301 |     0.6
   31 |   0.6508 |     21.460 |   0.9999 |     30.078 |     0.6
   32 |   0.6251 |     20.476 |   0.9994 |     29.839 |     0.6
   33 |   0.6085 |     20.078 |   0.9981 |     29.600 |     0.6
   34 |   0.5895 |     19.485 |   0.9929 |     29.152 |     0.7
   35 |   0.5718 |     18.947 |   0.9899 |     28.943 |     0.7
   36 |   0.5525 |     18.217 |   1.0174 |     29.241 |     0.7
   37 |   0.5428 |     18.071 |   1.0283 |     29.211 |     0.7
   38 |   0.5248 |     17.434 |   1.0158 |     29.331 |     0.7
   39 |   0.5080 |     16.754 |   1.0140 |     29.062 |     0.8
Early stopping

Model: Seq2Seq Bi-LSTM
Source index: <Seq2Seq Index with 45 items>
Target index: <Seq2Seq Index with 34 items>
Encoder embedding dimension: 128
Decoder embedding dimension: 128
Encoder hidden units: 128
Encoder layers: 2
Decoder hidden units: 64
Decoder layers: 3
Dropout: 0.1
Trainable parameters: 853,538

Training started
X_train.shape: torch.Size([3063, 649])
Y_train.shape: torch.Size([3063, 7])
X_dev.shape: torch.Size([558, 702])
Y_dev.shape: torch.Size([558, 7])
Epochs: 500
Learning rate: 0.001
Weight decay: 0.0001
Epoch | Train                 | Development           | Minutes
      | Loss     | Error Rate | Loss     | Error Rate |
---------------------------------------------------------------
    1 |   2.4917 |     66.199 |   1.8897 |     49.970 |     0.0
    2 |   1.6915 |     48.335 |   1.5050 |     45.012 |     0.1
    3 |   1.4698 |     46.322 |   1.4096 |     45.579 |     0.1
    4 |   1.4106 |     46.333 |   1.3647 |     45.579 |     0.2
    5 |   1.3706 |     46.229 |   1.3323 |     45.311 |     0.2
    6 |   1.3352 |     45.827 |   1.3022 |     45.102 |     0.2
    7 |   1.3066 |     45.397 |   1.2756 |     45.221 |     0.3
    8 |   1.2841 |     44.635 |   1.2658 |     43.519 |     0.3
    9 |   1.2669 |     44.189 |   1.2433 |     43.996 |     0.3
   10 |   1.2531 |     43.955 |   1.2415 |     44.146 |     0.4
   11 |   1.2390 |     43.775 |   1.2238 |     42.622 |     0.4
   12 |   1.2222 |     42.856 |   1.2122 |     42.234 |     0.5
   13 |   1.2115 |     42.513 |   1.2046 |     42.772 |     0.5
   14 |   1.1993 |     42.480 |   1.1907 |     41.069 |     0.5
   15 |   1.1877 |     41.969 |   1.1954 |     42.234 |     0.6
   16 |   1.1771 |     41.718 |   1.1822 |     41.607 |     0.6
   17 |   1.1667 |     41.484 |   1.1682 |     40.920 |     0.7
   18 |   1.1548 |     40.978 |   1.1599 |     40.771 |     0.7
   19 |   1.1479 |     40.799 |   1.1609 |     40.621 |     0.7
   20 |   1.1378 |     40.461 |   1.1568 |     40.980 |     0.8
   21 |   1.1292 |     40.412 |   1.1397 |     39.994 |     0.8
   22 |   1.1196 |     39.961 |   1.1346 |     39.397 |     0.9
   23 |   1.1129 |     39.509 |   1.1302 |     40.143 |     0.9
   24 |   1.1063 |     39.531 |   1.1254 |     40.143 |     0.9
   25 |   1.0987 |     39.259 |   1.1238 |     39.606 |     1.0
   26 |   1.0879 |     39.188 |   1.1159 |     39.456 |     1.0
   27 |   1.0796 |     38.709 |   1.1124 |     38.650 |     1.0
   28 |   1.0688 |     38.383 |   1.1121 |     39.367 |     1.1
   29 |   1.0661 |     37.986 |   1.1012 |     38.501 |     1.1
   30 |   1.0561 |     37.632 |   1.0954 |     38.023 |     1.2
   31 |   1.0450 |     37.120 |   1.0883 |     38.082 |     1.2
   32 |   1.0379 |     36.848 |   1.0852 |     37.933 |     1.2
   33 |   1.0282 |     36.239 |   1.0820 |     37.903 |     1.3
   34 |   1.0220 |     36.239 |   1.0716 |     37.366 |     1.3
   35 |   1.0133 |     35.760 |   1.0766 |     37.605 |     1.4
   36 |   1.0049 |     35.102 |   1.0738 |     37.067 |     1.4
   37 |   0.9938 |     34.585 |   1.0627 |     36.649 |     1.4
   38 |   0.9849 |     34.405 |   1.0552 |     36.320 |     1.5
   39 |   0.9763 |     34.171 |   1.0546 |     36.171 |     1.5
   40 |   0.9714 |     33.807 |   1.0613 |     36.290 |     1.6
   41 |   0.9583 |     33.665 |   1.0428 |     35.544 |     1.6
   42 |   0.9524 |     33.225 |   1.0430 |     34.886 |     1.6
   43 |   0.9404 |     32.577 |   1.0378 |     35.753 |     1.7
   44 |   0.9324 |     32.555 |   1.0302 |     35.155 |     1.7
   45 |   0.9176 |     31.744 |   1.0324 |     34.976 |     1.8
   46 |   0.9093 |     31.451 |   1.0226 |     34.229 |     1.8
   47 |   0.8992 |     31.059 |   1.0154 |     34.259 |     1.8
   48 |   0.8866 |     30.036 |   1.0185 |     34.229 |     1.9
   49 |   0.8785 |     29.943 |   1.0121 |     34.648 |     1.9
   50 |   0.8649 |     29.693 |   1.0022 |     33.692 |     1.9
   51 |   0.8505 |     29.116 |   1.0059 |     33.214 |     2.0
   52 |   0.8343 |     28.458 |   1.0056 |     33.065 |     2.0
   53 |   0.8285 |     28.055 |   0.9952 |     32.855 |     2.1
   54 |   0.8201 |     27.887 |   0.9920 |     33.094 |     2.1
   55 |   0.8087 |     27.691 |   1.0030 |     33.094 |     2.1
   56 |   0.7984 |     27.011 |   0.9808 |     32.079 |     2.2
   57 |   0.7787 |     26.330 |   0.9910 |     32.139 |     2.2
   58 |   0.7718 |     26.352 |   0.9813 |     32.139 |     2.3
   59 |   0.7642 |     25.628 |   1.0036 |     32.646 |     2.3
   60 |   0.7437 |     25.182 |   0.9834 |     30.705 |     2.3
Early stopping

Model: Seq2Seq Bi-LSTM
Source index: <Seq2Seq Index with 45 items>
Target index: <Seq2Seq Index with 34 items>
Encoder embedding dimension: 32
Decoder embedding dimension: 64
Encoder hidden units: 64
Encoder layers: 3
Decoder hidden units: 128
Decoder layers: 2
Dropout: 0.2
Trainable parameters: 586,562

Training started
X_train.shape: torch.Size([3063, 649])
Y_train.shape: torch.Size([3063, 7])
X_dev.shape: torch.Size([558, 702])
Y_dev.shape: torch.Size([558, 7])
Epochs: 500
Learning rate: 0.001
Weight decay: 1e-05
Epoch | Train                 | Development           | Minutes
      | Loss     | Error Rate | Loss     | Error Rate |
---------------------------------------------------------------
    1 |   2.0491 |     56.530 |   1.4715 |     45.012 |     0.0
    2 |   1.4185 |     46.229 |   1.3357 |     45.311 |     0.0
    3 |   1.3394 |     45.402 |   1.2902 |     45.012 |     0.1
    4 |   1.2991 |     44.210 |   1.2613 |     43.250 |     0.1
    5 |   1.2701 |     43.612 |   1.2337 |     41.935 |     0.1
    6 |   1.2413 |     42.970 |   1.2166 |     42.443 |     0.1
    7 |   1.2160 |     42.409 |   1.1914 |     42.055 |     0.2
    8 |   1.1905 |     42.001 |   1.1749 |     41.308 |     0.2
    9 |   1.1624 |     41.207 |   1.1554 |     40.532 |     0.2
   10 |   1.1392 |     40.478 |   1.1312 |     39.337 |     0.2
   11 |   1.1064 |     39.003 |   1.1048 |     38.471 |     0.3
   12 |   1.0813 |     38.073 |   1.0830 |     37.694 |     0.3
   13 |   1.0529 |     37.137 |   1.0710 |     36.559 |     0.3
   14 |   1.0225 |     35.945 |   1.0566 |     36.977 |     0.3
   15 |   0.9964 |     35.124 |   1.0269 |     35.663 |     0.4
   16 |   0.9720 |     33.975 |   1.0130 |     35.305 |     0.4
   17 |   0.9418 |     32.833 |   1.0019 |     35.454 |     0.4
   18 |   0.9155 |     31.968 |   0.9941 |     34.140 |     0.4
   19 |   0.9002 |     31.200 |   0.9844 |     33.841 |     0.5
   20 |   0.8766 |     30.738 |   0.9790 |     33.722 |     0.5
   21 |   0.8369 |     28.893 |   0.9694 |     32.198 |     0.5
   22 |   0.8129 |     28.202 |   0.9519 |     31.930 |     0.5
   23 |   0.7888 |     26.945 |   0.9434 |     31.033 |     0.6
   24 |   0.7556 |     25.884 |   0.9378 |     30.436 |     0.6
   25 |   0.7274 |     24.861 |   0.9399 |     30.824 |     0.6
   26 |   0.7017 |     23.610 |   0.9218 |     29.779 |     0.6
   27 |   0.6814 |     22.946 |   0.9254 |     29.570 |     0.7
   28 |   0.6538 |     22.032 |   0.9088 |     28.584 |     0.7
   29 |   0.6323 |     21.297 |   0.9053 |     28.435 |     0.7
   30 |   0.6060 |     20.394 |   0.9145 |     29.182 |     0.7
   31 |   0.5819 |     19.491 |   0.9138 |     28.883 |     0.8
   32 |   0.5639 |     19.012 |   0.9004 |     27.808 |     0.8
   33 |   0.5442 |     18.642 |   0.9147 |     27.927 |     0.8
   34 |   0.5258 |     17.733 |   0.9130 |     27.479 |     0.8
   35 |   0.5144 |     17.450 |   0.9256 |     27.778 |     0.9
   36 |   0.4899 |     16.618 |   0.9323 |     27.419 |     0.9
Early stopping

Model: Seq2Seq Bi-LSTM
Source index: <Seq2Seq Index with 45 items>
Target index: <Seq2Seq Index with 34 items>
Encoder embedding dimension: 128
Decoder embedding dimension: 64
Encoder hidden units: 64
Encoder layers: 4
Decoder hidden units: 128
Decoder layers: 2
Dropout: 0.2
Trainable parameters: 772,130

Training started
X_train.shape: torch.Size([3063, 649])
Y_train.shape: torch.Size([3063, 7])
X_dev.shape: torch.Size([558, 702])
Y_dev.shape: torch.Size([558, 7])
Epochs: 500
Learning rate: 0.001
Weight decay: 1e-05
Epoch | Train                 | Development           | Minutes
      | Loss     | Error Rate | Loss     | Error Rate |
---------------------------------------------------------------
    1 |   2.0821 |     57.008 |   1.4990 |     45.579 |     0.0
    2 |   1.4393 |     46.338 |   1.3635 |     45.251 |     0.1
    3 |   1.3613 |     45.816 |   1.3165 |     44.892 |     0.1
    4 |   1.3187 |     45.065 |   1.2749 |     43.907 |     0.1
    5 |   1.2838 |     44.194 |   1.2570 |     43.250 |     0.2
    6 |   1.2555 |     43.443 |   1.2356 |     42.891 |     0.2
    7 |   1.2263 |     42.622 |   1.2022 |     41.995 |     0.2
    8 |   1.1924 |     42.181 |   1.1786 |     41.906 |     0.3
    9 |   1.1594 |     41.180 |   1.1559 |     39.964 |     0.3
   10 |   1.1239 |     39.368 |   1.1306 |     40.293 |     0.4
   11 |   1.0881 |     38.062 |   1.1039 |     37.903 |     0.4
   12 |   1.0504 |     36.419 |   1.0758 |     37.455 |     0.4
   13 |   1.0119 |     35.075 |   1.0519 |     36.290 |     0.5
   14 |   0.9702 |     32.849 |   1.0160 |     33.901 |     0.5
   15 |   0.9299 |     31.668 |   1.0097 |     34.140 |     0.5
   16 |   0.8830 |     29.568 |   0.9783 |     32.139 |     0.6
   17 |   0.8443 |     28.278 |   0.9724 |     32.348 |     0.6
   18 |   0.8050 |     26.885 |   0.9469 |     31.362 |     0.6
   19 |   0.7684 |     25.405 |   0.9510 |     31.571 |     0.7
   20 |   0.7331 |     24.214 |   0.9259 |     30.645 |     0.7
   21 |   0.6946 |     23.011 |   0.9071 |     29.869 |     0.7
   22 |   0.6587 |     21.624 |   0.9233 |     30.167 |     0.8
   23 |   0.6279 |     20.748 |   0.9064 |     29.122 |     0.8
   24 |   0.5982 |     19.746 |   0.9144 |     28.166 |     0.8
   25 |   0.5742 |     18.783 |   0.9059 |     28.554 |     0.9
   26 |   0.5492 |     17.826 |   0.9145 |     28.166 |     0.9
   27 |   0.5203 |     16.993 |   0.9238 |     27.897 |     0.9
   28 |   0.4999 |     16.188 |   0.9133 |     27.151 |     1.0
   29 |   0.4836 |     15.899 |   0.9281 |     27.479 |     1.0
Early stopping

Model: Seq2Seq Bi-LSTM
Source index: <Seq2Seq Index with 45 items>
Target index: <Seq2Seq Index with 34 items>
Encoder embedding dimension: 64
Decoder embedding dimension: 128
Encoder hidden units: 64
Encoder layers: 3
Decoder hidden units: 128
Decoder layers: 2
Dropout: 0.2
Trainable parameters: 639,330

Training started
X_train.shape: torch.Size([3063, 649])
Y_train.shape: torch.Size([3063, 7])
X_dev.shape: torch.Size([558, 702])
Y_dev.shape: torch.Size([558, 7])
Epochs: 500
Learning rate: 0.001
Weight decay: 0.0001
Epoch | Train                 | Development           | Minutes
      | Loss     | Error Rate | Loss     | Error Rate |
---------------------------------------------------------------
    1 |   2.0067 |     54.903 |   1.4329 |     44.683 |     0.0
    2 |   1.3965 |     45.832 |   1.3230 |     44.833 |     0.0
    3 |   1.3245 |     45.174 |   1.2820 |     43.698 |     0.1
    4 |   1.2803 |     44.542 |   1.2435 |     43.130 |     0.1
    5 |   1.2466 |     43.606 |   1.2224 |     43.220 |     0.1
    6 |   1.2168 |     42.997 |   1.1961 |     41.607 |     0.1
    7 |   1.1891 |     42.290 |   1.1803 |     41.935 |     0.2
    8 |   1.1618 |     41.571 |   1.1622 |     41.249 |     0.2
    9 |   1.1418 |     40.706 |   1.1295 |     39.725 |     0.2
   10 |   1.1134 |     39.515 |   1.1135 |     38.889 |     0.2
   11 |   1.0930 |     38.742 |   1.1131 |     39.337 |     0.3
   12 |   1.0717 |     38.225 |   1.0873 |     38.411 |     0.3
   13 |   1.0520 |     37.169 |   1.0810 |     37.634 |     0.3
   14 |   1.0328 |     36.429 |   1.0639 |     37.246 |     0.3
   15 |   1.0155 |     35.722 |   1.0437 |     36.828 |     0.4
   16 |   0.9940 |     35.053 |   1.0604 |     36.858 |     0.4
   17 |   0.9761 |     34.280 |   1.0271 |     35.603 |     0.4
   18 |   0.9604 |     33.600 |   1.0196 |     35.394 |     0.4
   19 |   0.9402 |     33.176 |   1.0163 |     35.544 |     0.5
   20 |   0.9298 |     32.631 |   1.0038 |     34.677 |     0.5
   21 |   0.9072 |     31.652 |   0.9965 |     34.558 |     0.5
   22 |   0.8896 |     31.113 |   0.9748 |     33.065 |     0.5
   23 |   0.8745 |     30.498 |   1.0048 |     33.781 |     0.6
   24 |   0.8576 |     29.802 |   0.9619 |     33.333 |     0.6
   25 |   0.8414 |     28.926 |   0.9690 |     33.035 |     0.6
   26 |   0.8265 |     28.621 |   0.9593 |     32.855 |     0.6
   27 |   0.8080 |     28.104 |   0.9527 |     32.378 |     0.7
   28 |   0.7901 |     27.125 |   0.9573 |     31.989 |     0.7
   29 |   0.7683 |     26.494 |   0.9333 |     31.004 |     0.7
   30 |   0.7568 |     26.314 |   0.9462 |     32.079 |     0.7
   31 |   0.7441 |     25.694 |   0.9205 |     30.556 |     0.8
   32 |   0.7222 |     24.937 |   0.9215 |     31.661 |     0.8
   33 |   0.7044 |     24.029 |   0.9357 |     31.272 |     0.8
   34 |   0.6823 |     23.109 |   0.9148 |     30.526 |     0.8
   35 |   0.6675 |     22.968 |   0.9412 |     30.675 |     0.9
   36 |   0.6589 |     22.260 |   0.9215 |     30.167 |     0.9
   37 |   0.6434 |     21.787 |   0.9184 |     30.645 |     0.9
   38 |   0.6198 |     20.960 |   0.9491 |     30.227 |     0.9
   39 |   0.6361 |     21.537 |   0.9107 |     30.078 |     1.0
   40 |   0.5941 |     20.345 |   0.9177 |     29.898 |     1.0
   41 |   0.5807 |     19.333 |   0.9317 |     29.958 |     1.0
   42 |   0.5699 |     19.387 |   0.9127 |     29.211 |     1.0
   43 |   0.5538 |     18.729 |   0.9278 |     29.659 |     1.1
Early stopping

Model: Seq2Seq Bi-LSTM
Source index: <Seq2Seq Index with 45 items>
Target index: <Seq2Seq Index with 34 items>
Encoder embedding dimension: 64
Decoder embedding dimension: 64
Encoder hidden units: 128
Encoder layers: 2
Decoder hidden units: 64
Decoder layers: 2
Dropout: 0.2
Trainable parameters: 733,282

Training started
X_train.shape: torch.Size([3063, 649])
Y_train.shape: torch.Size([3063, 7])
X_dev.shape: torch.Size([558, 702])
Y_dev.shape: torch.Size([558, 7])
Epochs: 500
Learning rate: 0.001
Weight decay: 0.0001
Epoch | Train                 | Development           | Minutes
      | Loss     | Error Rate | Loss     | Error Rate |
---------------------------------------------------------------
    1 |   2.3910 |     63.315 |   1.8458 |     51.344 |     0.0
    2 |   1.6508 |     48.253 |   1.4705 |     45.012 |     0.1
    3 |   1.4475 |     46.262 |   1.3824 |     45.579 |     0.1
    4 |   1.3925 |     46.197 |   1.3445 |     45.251 |     0.2
    5 |   1.3574 |     45.620 |   1.3178 |     44.683 |     0.2
    6 |   1.3321 |     45.516 |   1.2962 |     43.967 |     0.2
    7 |   1.3122 |     45.228 |   1.2821 |     44.205 |     0.3
    8 |   1.2951 |     44.923 |   1.2693 |     43.489 |     0.3
    9 |   1.2783 |     44.265 |   1.2541 |     43.070 |     0.3
   10 |   1.2653 |     43.819 |   1.2389 |     42.174 |     0.4
   11 |   1.2514 |     43.421 |   1.2362 |     42.652 |     0.4
   12 |   1.2377 |     43.275 |   1.2163 |     42.384 |     0.5
   13 |   1.2258 |     42.932 |   1.2060 |     42.294 |     0.5
   14 |   1.2137 |     42.545 |   1.2007 |     41.458 |     0.5
   15 |   1.2030 |     42.252 |   1.1889 |     41.577 |     0.6
   16 |   1.1878 |     41.686 |   1.1797 |     41.637 |     0.6
   17 |   1.1775 |     41.610 |   1.1799 |     40.830 |     0.6
   18 |   1.1666 |     41.539 |   1.1657 |     41.726 |     0.7
   19 |   1.1542 |     40.984 |   1.1576 |     41.069 |     0.7
   20 |   1.1459 |     40.837 |   1.1507 |     40.233 |     0.8
   21 |   1.1312 |     39.814 |   1.1388 |     39.904 |     0.8
   22 |   1.1239 |     39.640 |   1.1367 |     39.576 |     0.8
   23 |   1.1142 |     39.482 |   1.1290 |     39.516 |     0.9
   24 |   1.1039 |     38.954 |   1.1208 |     38.949 |     0.9
   25 |   1.0951 |     38.622 |   1.1166 |     38.471 |     1.0
   26 |   1.0846 |     38.437 |   1.1146 |     38.919 |     1.0
   27 |   1.0733 |     37.752 |   1.1059 |     38.292 |     1.0
   28 |   1.0648 |     37.686 |   1.1060 |     38.262 |     1.1
   29 |   1.0571 |     37.490 |   1.0965 |     38.142 |     1.1
   30 |   1.0446 |     37.033 |   1.0918 |     37.963 |     1.1
   31 |   1.0387 |     36.609 |   1.0758 |     37.007 |     1.2
   32 |   1.0253 |     36.054 |   1.0785 |     37.366 |     1.2
   33 |   1.0269 |     36.201 |   1.0731 |     37.306 |     1.3
   34 |   1.0054 |     34.998 |   1.0644 |     36.619 |     1.3
   35 |   0.9911 |     34.715 |   1.0523 |     36.171 |     1.3
   36 |   0.9824 |     34.122 |   1.0484 |     36.529 |     1.4
   37 |   0.9699 |     34.024 |   1.0468 |     36.141 |     1.4
   38 |   0.9603 |     33.208 |   1.0278 |     35.125 |     1.4
   39 |   0.9463 |     32.778 |   1.0398 |     35.335 |     1.5
   40 |   0.9311 |     32.436 |   1.0311 |     35.185 |     1.5
   41 |   0.9177 |     31.750 |   1.0262 |     35.454 |     1.6
   42 |   0.9117 |     31.505 |   1.0314 |     35.185 |     1.6
   43 |   0.8951 |     30.700 |   1.0143 |     34.259 |     1.6
   44 |   0.8890 |     30.547 |   1.0158 |     34.618 |     1.7
   45 |   0.8690 |     30.139 |   1.0010 |     34.379 |     1.7
   46 |   0.8525 |     29.274 |   0.9983 |     34.200 |     1.8
   47 |   0.8439 |     29.073 |   0.9980 |     33.244 |     1.8
   48 |   0.8248 |     28.012 |   1.0013 |     33.393 |     1.8
   49 |   0.8209 |     27.903 |   0.9828 |     33.005 |     1.9
   50 |   0.8003 |     27.021 |   0.9966 |     33.632 |     1.9
   51 |   0.8013 |     27.299 |   0.9720 |     32.855 |     1.9
   52 |   0.7730 |     26.053 |   0.9876 |     32.706 |     2.0
   53 |   0.7611 |     25.781 |   0.9756 |     32.198 |     2.0
   54 |   0.7436 |     25.237 |   0.9695 |     32.019 |     2.1
   55 |   0.7205 |     24.116 |   0.9814 |     32.139 |     2.1
   56 |   0.7130 |     23.773 |   0.9585 |     30.675 |     2.1
   57 |   0.7088 |     23.920 |   0.9648 |     30.974 |     2.2
   58 |   0.6840 |     22.696 |   0.9798 |     31.780 |     2.2
   59 |   0.6759 |     22.434 |   0.9686 |     31.004 |     2.3
   60 |   0.6587 |     21.852 |   0.9672 |     30.735 |     2.3
Early stopping

Model: Seq2Seq Bi-LSTM
Source index: <Seq2Seq Index with 45 items>
Target index: <Seq2Seq Index with 34 items>
Encoder embedding dimension: 128
Decoder embedding dimension: 128
Encoder hidden units: 64
Encoder layers: 2
Decoder hidden units: 64
Decoder layers: 3
Dropout: 0.1
Trainable parameters: 359,970

Training started
X_train.shape: torch.Size([3063, 649])
Y_train.shape: torch.Size([3063, 7])
X_dev.shape: torch.Size([558, 702])
Y_dev.shape: torch.Size([558, 7])
Epochs: 500
Learning rate: 0.001
Weight decay: 1e-05
Epoch | Train                 | Development           | Minutes
      | Loss     | Error Rate | Loss     | Error Rate |
---------------------------------------------------------------
    1 |   2.4921 |     66.422 |   1.9154 |     55.944 |     0.0
    2 |   1.7176 |     49.576 |   1.5331 |     45.579 |     0.0
    3 |   1.4889 |     46.349 |   1.4160 |     45.579 |     0.1
    4 |   1.4191 |     46.186 |   1.3669 |     45.012 |     0.1
    5 |   1.3782 |     46.240 |   1.3373 |     45.161 |     0.1
    6 |   1.3492 |     45.897 |   1.3162 |     44.892 |     0.1
    7 |   1.3262 |     45.429 |   1.2937 |     44.713 |     0.1
    8 |   1.3065 |     45.397 |   1.2767 |     44.713 |     0.2
    9 |   1.2914 |     45.092 |   1.2634 |     43.937 |     0.2
   10 |   1.2701 |     44.613 |   1.2416 |     43.548 |     0.2
   11 |   1.2495 |     43.683 |   1.2238 |     43.728 |     0.2
   12 |   1.2248 |     43.215 |   1.2098 |     43.070 |     0.2
   13 |   1.2065 |     42.431 |   1.1946 |     41.726 |     0.2
   14 |   1.1810 |     41.419 |   1.1855 |     41.368 |     0.3
   15 |   1.1594 |     40.782 |   1.1659 |     40.054 |     0.3
   16 |   1.1372 |     39.868 |   1.1493 |     40.352 |     0.3
   17 |   1.1163 |     39.156 |   1.1413 |     39.665 |     0.3
   18 |   1.0979 |     38.796 |   1.1383 |     39.665 |     0.3
   19 |   1.0776 |     38.073 |   1.1224 |     39.307 |     0.4
   20 |   1.0598 |     37.425 |   1.1117 |     37.873 |     0.4
   21 |   1.0367 |     36.544 |   1.1001 |     38.172 |     0.4
   22 |   1.0247 |     36.108 |   1.1073 |     38.232 |     0.4
   23 |   1.0063 |     35.042 |   1.0959 |     36.559 |     0.4
   24 |   0.9865 |     34.617 |   1.0888 |     37.276 |     0.5
   25 |   0.9733 |     33.731 |   1.0894 |     37.007 |     0.5
   26 |   0.9551 |     33.252 |   1.0807 |     36.141 |     0.5
   27 |   0.9348 |     32.278 |   1.0816 |     35.335 |     0.5
   28 |   0.9212 |     31.636 |   1.0689 |     35.066 |     0.5
   29 |   0.9038 |     30.673 |   1.0706 |     35.155 |     0.6
   30 |   0.8829 |     29.791 |   1.0849 |     35.275 |     0.6
   31 |   0.8731 |     29.421 |   1.0730 |     34.797 |     0.6
   32 |   0.8552 |     28.686 |   1.0568 |     34.677 |     0.6
   33 |   0.8390 |     28.180 |   1.0645 |     34.618 |     0.6
   34 |   0.8221 |     27.196 |   1.0656 |     33.692 |     0.6
   35 |   0.8073 |     26.423 |   1.0624 |     33.542 |     0.7
   36 |   0.7916 |     26.020 |   1.0574 |     33.453 |     0.7
   37 |   0.7758 |     25.563 |   1.0559 |     33.124 |     0.7
   38 |   0.7577 |     24.714 |   1.0503 |     33.065 |     0.7
   39 |   0.7490 |     24.829 |   1.0277 |     32.228 |     0.7
   40 |   0.7396 |     24.350 |   1.0414 |     32.736 |     0.8
   41 |   0.7189 |     23.365 |   1.0611 |     32.587 |     0.8
   42 |   0.7076 |     23.327 |   1.0554 |     33.005 |     0.8
   43 |   0.6921 |     22.543 |   1.0607 |     32.378 |     0.8
Early stopping

Model: Seq2Seq Bi-LSTM
Source index: <Seq2Seq Index with 45 items>
Target index: <Seq2Seq Index with 34 items>
Encoder embedding dimension: 32
Decoder embedding dimension: 128
Encoder hidden units: 128
Encoder layers: 2
Decoder hidden units: 64
Decoder layers: 2
Dropout: 0.1
Trainable parameters: 717,634

Training started
X_train.shape: torch.Size([3063, 649])
Y_train.shape: torch.Size([3063, 7])
X_dev.shape: torch.Size([558, 702])
Y_dev.shape: torch.Size([558, 7])
Epochs: 500
Learning rate: 0.001
Weight decay: 0.0001
Epoch | Train                 | Development           | Minutes
      | Loss     | Error Rate | Loss     | Error Rate |
---------------------------------------------------------------
    1 |   2.3298 |     60.496 |   1.7456 |     47.461 |     0.0
    2 |   1.5853 |     47.649 |   1.4378 |     44.683 |     0.1
    3 |   1.4187 |     46.197 |   1.3543 |     44.564 |     0.1
    4 |   1.3634 |     46.022 |   1.3286 |     44.176 |     0.2
    5 |   1.3312 |     45.690 |   1.2999 |     43.459 |     0.2
    6 |   1.3081 |     44.749 |   1.2746 |     43.011 |     0.2
    7 |   1.2813 |     43.955 |   1.2533 |     42.593 |     0.3
    8 |   1.2531 |     42.948 |   1.2258 |     42.413 |     0.3
    9 |   1.2245 |     42.611 |   1.2065 |     42.174 |     0.3
   10 |   1.2028 |     42.077 |   1.1890 |     41.637 |     0.4
   11 |   1.1821 |     41.577 |   1.1739 |     41.189 |     0.4
   12 |   1.1626 |     41.087 |   1.1620 |     40.980 |     0.5
   13 |   1.1478 |     40.374 |   1.1494 |     40.681 |     0.5
   14 |   1.1318 |     40.108 |   1.1343 |     40.084 |     0.5
   15 |   1.1193 |     39.727 |   1.1225 |     39.158 |     0.6
   16 |   1.1029 |     39.215 |   1.1124 |     38.769 |     0.6
   17 |   1.0902 |     38.660 |   1.1073 |     38.710 |     0.6
   18 |   1.0786 |     38.149 |   1.1111 |     38.351 |     0.7
   19 |   1.0685 |     37.648 |   1.0897 |     37.963 |     0.7
   20 |   1.0561 |     37.284 |   1.0856 |     38.262 |     0.8
   21 |   1.0442 |     37.012 |   1.0714 |     37.724 |     0.8
   22 |   1.0325 |     36.397 |   1.0658 |     37.425 |     0.8
   23 |   1.0210 |     35.961 |   1.0506 |     37.127 |     0.9
   24 |   1.0101 |     35.526 |   1.0590 |     37.306 |     0.9
   25 |   0.9985 |     35.053 |   1.0475 |     36.529 |     1.0
   26 |   0.9799 |     34.046 |   1.0392 |     36.768 |     1.0
   27 |   0.9729 |     34.090 |   1.0219 |     35.245 |     1.0
   28 |   0.9609 |     33.535 |   1.0209 |     35.036 |     1.1
   29 |   0.9469 |     33.241 |   1.0164 |     35.842 |     1.1
   30 |   0.9290 |     32.060 |   1.0093 |     34.498 |     1.1
   31 |   0.9194 |     31.940 |   1.0029 |     34.020 |     1.2
   32 |   0.9029 |     31.119 |   1.0062 |     33.811 |     1.2
   33 |   0.8868 |     30.553 |   0.9901 |     33.781 |     1.3
   34 |   0.8724 |     29.933 |   0.9794 |     32.945 |     1.3
   35 |   0.8577 |     29.410 |   0.9758 |     33.154 |     1.3
   36 |   0.8450 |     29.035 |   0.9741 |     32.826 |     1.4
   37 |   0.8261 |     28.093 |   0.9852 |     32.915 |     1.4
   38 |   0.8126 |     27.658 |   0.9783 |     32.975 |     1.5
   39 |   0.8132 |     27.821 |   0.9642 |     31.691 |     1.5
   40 |   0.7908 |     26.662 |   0.9618 |     32.049 |     1.5
   41 |   0.7674 |     25.797 |   0.9698 |     32.378 |     1.6
   42 |   0.7528 |     25.411 |   0.9617 |     31.959 |     1.6
   43 |   0.7349 |     24.742 |   0.9486 |     31.691 |     1.6
   44 |   0.7282 |     24.524 |   0.9583 |     31.780 |     1.7
   45 |   0.7109 |     24.099 |   0.9467 |     31.033 |     1.7
   46 |   0.6893 |     23.256 |   0.9504 |     30.854 |     1.8
   47 |   0.6713 |     22.679 |   0.9514 |     31.571 |     1.8
   48 |   0.6701 |     22.336 |   0.9503 |     31.571 |     1.8
   49 |   0.6562 |     21.983 |   0.9544 |     30.108 |     1.9
   50 |   0.6418 |     21.645 |   0.9373 |     30.018 |     1.9
   51 |   0.6111 |     20.182 |   0.9383 |     29.869 |     2.0
   52 |   0.5968 |     19.844 |   0.9293 |     29.211 |     2.0
   53 |   0.5838 |     19.600 |   0.9258 |     28.973 |     2.0
   54 |   0.5688 |     18.941 |   0.9415 |     29.510 |     2.1
   55 |   0.5609 |     18.723 |   0.9475 |     28.943 |     2.1
   56 |   0.5437 |     17.978 |   0.9466 |     28.315 |     2.2
   57 |   0.5283 |     17.608 |   0.9638 |     29.211 |     2.2
Early stopping

Model: Seq2Seq Bi-LSTM
Source index: <Seq2Seq Index with 45 items>
Target index: <Seq2Seq Index with 34 items>
Encoder embedding dimension: 32
Decoder embedding dimension: 128
Encoder hidden units: 64
Encoder layers: 3
Decoder hidden units: 64
Decoder layers: 2
Dropout: 0.2
Trainable parameters: 388,930

Training started
X_train.shape: torch.Size([3063, 649])
Y_train.shape: torch.Size([3063, 7])
X_dev.shape: torch.Size([558, 702])
Y_dev.shape: torch.Size([558, 7])
Epochs: 500
Learning rate: 0.001
Weight decay: 0.0001
Epoch | Train                 | Development           | Minutes
      | Loss     | Error Rate | Loss     | Error Rate |
---------------------------------------------------------------
    1 |   2.3546 |     60.300 |   1.7523 |     47.820 |     0.0
    2 |   1.5874 |     47.796 |   1.4285 |     45.012 |     0.1
    3 |   1.4171 |     46.148 |   1.3540 |     44.683 |     0.1
    4 |   1.3569 |     45.603 |   1.3133 |     44.713 |     0.1
    5 |   1.3257 |     45.397 |   1.2949 |     44.205 |     0.1
    6 |   1.3036 |     45.065 |   1.2731 |     44.743 |     0.2
    7 |   1.2826 |     44.793 |   1.2538 |     42.563 |     0.2
    8 |   1.2642 |     44.298 |   1.2405 |     43.489 |     0.2
    9 |   1.2454 |     43.764 |   1.2171 |     43.399 |     0.2
   10 |   1.2241 |     43.155 |   1.2038 |     42.443 |     0.3
   11 |   1.2091 |     42.491 |   1.1978 |     42.503 |     0.3
   12 |   1.1950 |     42.290 |   1.1846 |     41.428 |     0.3
   13 |   1.1795 |     41.740 |   1.1754 |     40.800 |     0.3
   14 |   1.1662 |     41.288 |   1.1647 |     41.458 |     0.4
   15 |   1.1512 |     40.864 |   1.1533 |     40.681 |     0.4
   16 |   1.1383 |     40.505 |   1.1403 |     40.621 |     0.4
   17 |   1.1253 |     40.222 |   1.1358 |     39.785 |     0.4
   18 |   1.1101 |     39.487 |   1.1226 |     40.352 |     0.5
   19 |   1.1016 |     38.998 |   1.1221 |     38.978 |     0.5
   20 |   1.0902 |     38.720 |   1.1083 |     38.680 |     0.5
   21 |   1.0805 |     38.220 |   1.0956 |     38.501 |     0.5
   22 |   1.0694 |     37.675 |   1.0921 |     37.993 |     0.6
   23 |   1.0612 |     37.436 |   1.0828 |     38.142 |     0.6
   24 |   1.0469 |     36.957 |   1.0722 |     38.053 |     0.6
   25 |   1.0385 |     36.691 |   1.0645 |     37.694 |     0.7
   26 |   1.0284 |     36.326 |   1.0732 |     37.993 |     0.7
   27 |   1.0209 |     35.711 |   1.0593 |     37.186 |     0.7
   28 |   1.0093 |     35.385 |   1.0496 |     36.231 |     0.7
   29 |   1.0050 |     35.292 |   1.0493 |     37.067 |     0.8
   30 |   0.9899 |     34.813 |   1.0357 |     36.410 |     0.8
   31 |   0.9859 |     34.770 |   1.0363 |     36.529 |     0.8
   32 |   0.9723 |     34.133 |   1.0222 |     34.946 |     0.8
   33 |   0.9598 |     33.785 |   1.0220 |     35.783 |     0.9
   34 |   0.9496 |     33.208 |   1.0283 |     35.544 |     0.9
   35 |   0.9367 |     32.903 |   1.0100 |     34.946 |     0.9
   36 |   0.9313 |     32.343 |   1.0094 |     34.946 |     1.0
   37 |   0.9214 |     32.076 |   1.0056 |     34.707 |     1.0
   38 |   0.9065 |     31.456 |   1.0002 |     33.781 |     1.0
   39 |   0.8967 |     31.266 |   0.9975 |     33.871 |     1.0
   40 |   0.8894 |     30.727 |   0.9968 |     34.110 |     1.1
   41 |   0.8784 |     30.406 |   0.9886 |     33.781 |     1.1
   42 |   0.8657 |     30.232 |   0.9908 |     33.871 |     1.1
   43 |   0.8546 |     29.644 |   0.9834 |     33.274 |     1.1
   44 |   0.8429 |     29.323 |   0.9767 |     32.826 |     1.2
   45 |   0.8312 |     28.463 |   0.9755 |     32.915 |     1.2
   46 |   0.8230 |     28.121 |   0.9835 |     33.692 |     1.2
   47 |   0.8097 |     27.653 |   0.9703 |     32.139 |     1.3
   48 |   0.7996 |     27.397 |   0.9663 |     32.228 |     1.3
   49 |   0.7883 |     26.956 |   0.9675 |     31.541 |     1.3
   50 |   0.7776 |     26.597 |   0.9752 |     32.168 |     1.3
   51 |   0.7634 |     25.797 |   0.9619 |     31.720 |     1.4
   52 |   0.7533 |     25.378 |   0.9624 |     30.974 |     1.4
   53 |   0.7505 |     25.590 |   0.9682 |     32.049 |     1.4
   54 |   0.7318 |     24.627 |   0.9610 |     31.661 |     1.4
   55 |   0.7192 |     24.497 |   0.9659 |     31.332 |     1.5
   56 |   0.7034 |     23.795 |   0.9574 |     30.765 |     1.5
   57 |   0.7023 |     23.713 |   0.9561 |     31.213 |     1.5
   58 |   0.6865 |     23.104 |   0.9602 |     31.183 |     1.5
   59 |   0.6767 |     22.647 |   0.9672 |     30.645 |     1.6
   60 |   0.6669 |     22.331 |   0.9487 |     30.346 |     1.6
   61 |   0.6625 |     22.086 |   0.9621 |     30.705 |     1.6
   62 |   0.6440 |     21.564 |   0.9545 |     30.705 |     1.6
   63 |   0.6361 |     21.390 |   0.9709 |     30.526 |     1.7
   64 |   0.6224 |     20.835 |   0.9635 |     30.108 |     1.7
Early stopping

Model: Seq2Seq Bi-LSTM
Source index: <Seq2Seq Index with 45 items>
Target index: <Seq2Seq Index with 34 items>
Encoder embedding dimension: 32
Decoder embedding dimension: 64
Encoder hidden units: 128
Encoder layers: 4
Decoder hidden units: 64
Decoder layers: 3
Dropout: 0.1
Trainable parameters: 1,588,418

Training started
X_train.shape: torch.Size([3063, 649])
Y_train.shape: torch.Size([3063, 7])
X_dev.shape: torch.Size([558, 702])
Y_dev.shape: torch.Size([558, 7])
Epochs: 500
Learning rate: 0.001
Weight decay: 0.0001
Epoch | Train                 | Development           | Minutes
      | Loss     | Error Rate | Loss     | Error Rate |
---------------------------------------------------------------
    1 |   2.5188 |     67.097 |   1.9849 |     58.632 |     0.1
    2 |   1.7647 |     50.218 |   1.5519 |     45.012 |     0.2
    3 |   1.5046 |     46.474 |   1.4388 |     45.579 |     0.2
    4 |   1.4349 |     46.387 |   1.3963 |     45.012 |     0.3
    5 |   1.4064 |     46.327 |   1.3670 |     45.550 |     0.4
    6 |   1.3828 |     46.349 |   1.3378 |     44.892 |     0.5
    7 |   1.3539 |     46.099 |   1.3194 |     45.460 |     0.6
    8 |   1.3326 |     45.843 |   1.3033 |     45.221 |     0.6
    9 |   1.3175 |     45.663 |   1.2862 |     44.982 |     0.7
   10 |   1.3021 |     45.701 |   1.2769 |     44.713 |     0.8
   11 |   1.2855 |     45.418 |   1.2639 |     44.205 |     0.9
   12 |   1.2725 |     45.190 |   1.2501 |     44.205 |     0.9
   13 |   1.2589 |     44.668 |   1.2468 |     44.564 |     1.0
   14 |   1.2487 |     44.352 |   1.2328 |     42.682 |     1.1
   15 |   1.2398 |     43.906 |   1.2259 |     42.413 |     1.2
   16 |   1.2325 |     43.797 |   1.2198 |     43.041 |     1.3
   17 |   1.2243 |     43.432 |   1.2208 |     42.921 |     1.3
   18 |   1.2174 |     43.389 |   1.2068 |     42.802 |     1.4
   19 |   1.2098 |     43.177 |   1.2010 |     41.935 |     1.5
   20 |   1.2055 |     43.041 |   1.1980 |     42.115 |     1.6
   21 |   1.2014 |     43.013 |   1.1964 |     41.935 |     1.7
   22 |   1.1934 |     42.790 |   1.1902 |     42.264 |     1.7
   23 |   1.1936 |     43.111 |   1.1909 |     42.712 |     1.8
   24 |   1.1862 |     42.774 |   1.1867 |     42.384 |     1.9
   25 |   1.1803 |     42.545 |   1.1759 |     41.487 |     2.0
   26 |   1.1755 |     42.382 |   1.1780 |     42.145 |     2.1
   27 |   1.1704 |     42.328 |   1.1649 |     41.458 |     2.2
   28 |   1.1661 |     42.306 |   1.1677 |     41.189 |     2.2
   29 |   1.1624 |     42.012 |   1.1618 |     41.458 |     2.3
   30 |   1.1564 |     41.974 |   1.1602 |     41.816 |     2.4
   31 |   1.1517 |     41.969 |   1.1552 |     41.577 |     2.5
   32 |   1.1474 |     41.582 |   1.1502 |     41.756 |     2.6
   33 |   1.1428 |     41.615 |   1.1459 |     40.472 |     2.6
   34 |   1.1394 |     41.299 |   1.1438 |     40.800 |     2.7
   35 |   1.1362 |     41.142 |   1.1468 |     41.428 |     2.8
   36 |   1.1333 |     41.288 |   1.1383 |     41.249 |     2.9
   37 |   1.1287 |     40.973 |   1.1431 |     40.741 |     3.0
   38 |   1.1239 |     40.723 |   1.1343 |     40.203 |     3.0
   39 |   1.1210 |     40.641 |   1.1345 |     41.159 |     3.1
   40 |   1.1173 |     40.418 |   1.1317 |     40.711 |     3.2
   41 |   1.1135 |     40.412 |   1.1319 |     40.502 |     3.3
   42 |   1.1107 |     40.271 |   1.1284 |     40.741 |     3.4
   43 |   1.1061 |     40.064 |   1.1304 |     40.771 |     3.5
   44 |   1.1042 |     40.091 |   1.1216 |     40.352 |     3.5
   45 |   1.1001 |     39.863 |   1.1214 |     39.815 |     3.6
   46 |   1.0991 |     39.983 |   1.1157 |     40.681 |     3.7
   47 |   1.0959 |     39.819 |   1.1170 |     39.725 |     3.8
   48 |   1.0964 |     39.683 |   1.1125 |     40.651 |     3.9
   49 |   1.0885 |     39.536 |   1.1174 |     40.890 |     4.0
   50 |   1.0870 |     39.645 |   1.1083 |     40.472 |     4.0
   51 |   1.0872 |     39.591 |   1.1065 |     39.755 |     4.1
   52 |   1.0803 |     39.373 |   1.1058 |     40.621 |     4.2
   53 |   1.0781 |     39.324 |   1.0992 |     40.143 |     4.3
   54 |   1.0750 |     39.074 |   1.0943 |     39.277 |     4.4
   55 |   1.0758 |     38.987 |   1.0971 |     40.114 |     4.4
   56 |   1.0712 |     39.156 |   1.0957 |     39.845 |     4.5
   57 |   1.0703 |     39.215 |   1.0980 |     39.964 |     4.6
   58 |   1.0727 |     39.466 |   1.1054 |     40.054 |     4.7
   59 |   1.0751 |     39.003 |   1.0935 |     39.158 |     4.8
   60 |   1.0653 |     39.112 |   1.0896 |     39.815 |     4.8
   61 |   1.0620 |     38.731 |   1.0913 |     39.188 |     4.9
   62 |   1.0720 |     39.411 |   1.0865 |     40.323 |     5.0
   63 |   1.0592 |     38.818 |   1.0813 |     39.606 |     5.1
   64 |   1.0586 |     38.737 |   1.0882 |     39.337 |     5.2
   65 |   1.0544 |     38.562 |   1.0938 |     40.532 |     5.2
   66 |   1.0543 |     38.666 |   1.0829 |     39.934 |     5.3
   67 |   1.0494 |     38.682 |   1.0856 |     39.755 |     5.4
   68 |   1.0451 |     38.367 |   1.0809 |     40.293 |     5.5
   69 |   1.0420 |     38.405 |   1.0821 |     39.456 |     5.6
   70 |   1.0404 |     38.203 |   1.0748 |     39.188 |     5.6
   71 |   1.0382 |     38.182 |   1.0801 |     39.337 |     5.7
   72 |   1.0355 |     38.116 |   1.0793 |     39.636 |     5.8
   73 |   1.0341 |     37.986 |   1.0813 |     39.486 |     5.9
   74 |   1.0306 |     37.708 |   1.0770 |     39.427 |     6.0
Early stopping

